Tiempo (s),Monitoreo_X_CH1 (V),Scattering_CH2 (V)
0.04578876495361328,0.18619,0.011461
0.09913325309753418,0.18627,0.011299
0.14688968658447266,0.18615,0.011228
0.20003080368041992,0.18601,0.01157
0.25019288063049316,0.18627,0.011437
0.3008744716644287,0.1862,0.011535
0.3486213684082031,0.18617,0.011414
0.40162086486816406,0.18627,0.011582
0.4510517120361328,0.18615,0.011233
0.5028433799743652,0.18608,0.0113
0.5513999462127686,0.18608,0.011471
0.6005017757415771,0.18628,0.011027
0.6500155925750732,0.18605,0.011409
0.7023758888244629,0.18615,0.011324
0.7568075656890869,0.18624,0.011392
0.8083491325378418,0.18616,0.011642
0.8563892841339111,0.18617,0.011287
0.9056823253631592,0.18609,0.011415
0.9560961723327637,0.18601,0.011427
1.0064411163330078,0.18623,0.011546
1.061272382736206,0.18627,0.011206
1.1095468997955322,0.18637,0.011209
1.1652090549468994,0.051427,0.011429
1.2151823043823242,0.050307,0.011519
1.2637505531311035,0.050093,0.011459
1.314608097076416,0.04988,0.011263
1.3631341457366943,0.04976,0.011341
1.4110355377197266,0.049853,0.011334
1.4631941318511963,0.049773,0.011481
1.5172111988067627,0.049907,0.011381
1.5643489360809326,0.049853,0.011369
1.6176741123199463,0.049907,0.011446
1.6643190383911133,0.049867,0.011721
1.7180216312408447,0.04988,0.011675
1.765718936920166,0.049893,0.011648
1.8189043998718262,0.049947,0.011612
1.8681931495666504,0.04988,0.011582
1.9187171459197998,0.049733,0.011739
1.9690241813659668,0.049933,0.011381
2.014796257019043,0.04984,0.011764
2.071066379547119,0.04984,0.011584
2.1203343868255615,0.049653,0.011753
2.172430992126465,0.049747,0.011677
2.219881057739258,0.04976,0.011681
2.2742021083831787,0.04984,0.011506
2.3298938274383545,0.04984,0.011521
2.375621795654297,0.049867,0.011932
2.427443027496338,0.04972,0.012003
2.477895736694336,0.049747,0.012034
2.529574155807495,0.049933,0.011901
2.5810625553131104,0.049693,0.011823
2.629948377609253,0.0498,0.011966
2.68172550201416,0.049773,0.011833
2.728626251220703,0.049907,0.011783
2.781721353530884,0.049693,0.011756
2.830873489379883,0.04992,0.01196
2.884031057357788,0.049853,0.012047
2.9286913871765137,0.049933,0.011911
2.984917163848877,0.049707,0.012024
3.0338661670684814,0.049947,0.011686
3.08107328414917,0.049933,0.01218
3.14217472076416,0.050053,0.01185
3.1912648677825928,0.055507,0.011523
3.2434134483337402,0.0614,0.011534
3.292839527130127,0.07252,0.011495
3.3492815494537354,0.078093,0.011394
3.4025161266326904,0.07804,0.011343
3.4488348960876465,0.083667,0.011405
3.5016822814941406,0.088853,0.011529
3.560137987136841,0.099627,0.01154
3.6056675910949707,0.10303,0.01153
3.6585805416107178,0.10305,0.011479
3.7144861221313477,0.10808,0.01154
3.761199474334717,0.11063,0.011506
3.8152520656585693,0.11341,0.011435
3.8631794452667236,0.11567,0.01144
3.912125587463379,0.11815,0.011487
3.9645302295684814,0.11844,0.011466
4.014089107513428,0.12071,0.011549
4.064146280288696,0.12301,0.011493
4.114736318588257,0.12539,0.011466
4.168378829956055,0.13024,0.011554
4.215865612030029,0.13048,0.011523
4.268664598464966,0.13253,0.01147
4.315056800842285,0.13717,0.011154
4.36410927772522,0.13745,0.011202
4.415900468826294,0.13959,0.011493
4.473912239074707,0.14188,0.01169
4.527215957641602,0.1442,0.011862
4.572882890701294,0.14656,0.011088
4.625970125198364,0.14868,0.011147
4.676173448562622,0.15348,0.01094
4.727069139480591,0.15549,0.011077
4.774768829345703,0.15571,0.011224
4.832795858383179,0.15988,0.011467
4.879238843917847,0.15984,0.011496
4.93040657043457,0.162,0.011477
4.980101823806763,0.16439,0.011534
5.03224515914917,0.16847,0.011524
5.081535339355469,0.16873,0.011547
5.132378101348877,0.17088,0.011502
5.181333303451538,0.17292,0.011504
5.232105731964111,0.175,0.011535
5.284210681915283,0.17925,0.011543
5.335743188858032,0.18143,0.011492
5.387440204620361,0.18349,0.011541
5.438111305236816,0.18348,0.011513
5.486261606216431,0.18569,0.011426
5.537715673446655,0.18765,0.011429
5.590185880661011,0.19189,0.011449
5.639743089675903,0.19188,0.011487
5.690151929855347,0.19407,0.011474
5.739051342010498,0.19797,0.011393
5.793313503265381,0.19815,0.011098
5.84021520614624,0.2002,0.01104
5.894022226333618,0.20236,0.011061
5.944672107696533,0.20428,0.011224
5.993890285491943,0.20452,0.011177
6.041638135910034,0.20852,0.010963
6.0923144817352295,0.21273,0.010737
6.144019842147827,0.21259,0.010658
6.1938605308532715,0.21448,0.010666
6.24774432182312,0.21661,0.011571
6.294266939163208,0.21872,0.011583
6.347320318222046,0.22088,0.011614
6.39551043510437,0.22261,0.011601
6.445834159851074,0.22676,0.011514
6.496967792510986,0.22683,0.011491
6.544537544250488,0.22889,0.011555
6.601076126098633,0.23069,0.011594
6.6488401889801025,0.23292,0.01147
6.698791742324829,0.23481,0.011571
6.750154972076416,0.23695,0.011548
6.799504518508911,0.23693,0.011493
6.848801136016846,0.2388,0.01153
6.900810718536377,0.24291,0.011458
6.951751947402954,0.24485,0.011447
7.005007028579712,0.24685,0.011515
7.058407783508301,0.24888,0.011534
7.104524374008179,0.2508,0.011297
7.15415620803833,0.25289,0.010925
7.206578493118286,0.2548,0.011122
7.257855176925659,0.25693,0.011007
7.3096888065338135,0.25881,0.011367
7.36160135269165,0.26077,0.011387
7.410936594009399,0.26276,0.011189
7.457550764083862,0.26473,0.01119
7.510960102081299,0.26679,0.011266
7.5610716342926025,0.26879,0.011366
7.610972881317139,0.2708,0.011743
7.659777641296387,0.27283,0.011611
7.71142840385437,0.27485,0.01162
7.76361083984375,0.27673,0.011556
7.814709901809692,0.27868,0.01153
7.86309552192688,0.2788,0.011576
7.914837121963501,0.28272,0.0116
7.962418794631958,0.28477,0.011583
8.017913579940796,0.28681,0.011581
8.065414905548096,0.28876,0.011569
8.122670650482178,0.2888,0.011595
8.171874284744263,0.2928,0.011569
8.227274656295776,0.29468,0.011451
8.275039434432983,0.29677,0.011499
8.325627326965332,0.29683,0.011594
8.37589693069458,0.29876,0.01142
8.427186489105225,0.30067,0.011362
8.478302955627441,0.30263,0.011169
8.526392936706543,0.30653,0.01161
8.582444906234741,0.30845,0.012023
8.628597497940063,0.31049,0.012812
8.681079149246216,0.31057,0.013111
8.729706764221191,0.31676,0.012394
8.781904220581055,0.31679,0.012199
8.832749366760254,0.054013,0.011286
8.880182981491089,0.05184,0.011296
8.939961433410645,0.061173,0.011425
8.987425088882446,0.0666,0.011557
9.040440320968628,0.066413,0.011501
9.091909885406494,0.077573,0.01149
9.139937162399292,0.077627,0.011553
9.189364671707153,0.083133,0.011533
9.241068124771118,0.088373,0.011513
9.29457139968872,0.099173,0.011538
9.344647884368896,0.10265,0.011482
9.392834424972534,0.1054,0.011486
9.443615436553955,0.10541,0.011419
9.494983911514282,0.10801,0.011446
9.545976400375366,0.11063,0.011461
9.5934898853302,0.11293,0.011556
9.652047872543335,0.11541,0.011515
9.70081639289856,0.11815,0.011426
9.752896308898926,0.12057,0.011369
9.80233645439148,0.12517,0.011427
9.865731239318848,0.12515,0.011246
9.914686441421509,0.12765,0.011257
9.962286710739136,0.13216,0.011578
10.022885084152222,0.13457,0.011343
10.070984840393066,0.13704,0.011151
10.120696306228638,0.13925,0.010909
10.17016053199768,0.14183,0.01099
10.223201990127563,0.14173,0.011292
10.268407821655273,0.14633,0.01137
10.324312210083008,0.14841,0.011471
10.373564004898071,0.15057,0.011461
10.42405652999878,0.15079,0.01151
10.472278356552124,0.15304,0.011542
10.526326417922974,0.15527,0.011544
10.574910402297974,0.15964,0.01152
10.625705242156982,0.16191,0.011522
10.675906419754028,0.16401,0.011531
10.725178480148315,0.16427,0.011487
10.774766445159912,0.16623,0.011508
10.829149961471558,0.16823,0.01153
10.878668308258057,0.17064,0.011549
10.92733645439148,0.17475,0.011497
10.984057903289795,0.17691,0.011506
11.030632972717285,0.17884,0.011521
11.082154989242554,0.17913,0.011488
11.132080793380737,0.18123,0.011526
11.184494972229004,0.18329,0.011507
11.237591743469238,0.18744,0.011377
11.287369012832642,0.1896,0.011254
11.338749170303345,0.18977,0.011095
11.387542724609375,0.19181,0.010965
11.435425758361816,0.19584,0.011021
11.48643684387207,0.19805,0.010827
11.539009809494019,0.19817,0.010994
11.590728044509888,0.20009,0.010725
11.639274597167969,0.20225,0.010763
11.689451932907104,0.20421,0.010971
11.744281768798828,0.20625,0.011556
11.79202914237976,0.20827,0.011608
11.84223484992981,0.21027,0.011587
11.893355369567871,0.21237,0.011595
11.947375774383545,0.21464,0.011574
11.996827363967896,0.21652,0.011579
12.04629898071289,0.21852,0.011573
12.096720695495605,0.22033,0.011538
12.145058155059814,0.22253,0.011527
12.196477890014648,0.22471,0.011517
12.244786500930786,0.22656,0.011513
12.297333478927612,0.2286,0.011562
12.347529172897339,0.23057,0.0116
12.394605159759521,0.23253,0.011544
12.450080394744873,0.23464,0.011528
12.49833369255066,0.23667,0.011511
12.549078941345215,0.23867,0.011507
12.604603290557861,0.24067,0.011519
12.656763076782227,0.24263,0.011463
12.703479766845703,0.24468,0.011434
12.756533145904541,0.2468,0.01131
12.808120489120483,0.24868,0.011273
12.855659484863281,0.25072,0.011029
12.90575122833252,0.25269,0.011003
12.95724630355835,0.25468,0.011131
13.004043102264404,0.25655,0.010989
13.05874252319336,0.25849,0.011025
13.108840703964233,0.26073,0.011152
13.15880799293518,0.2628,0.011339
13.207699298858643,0.26257,0.011643
13.258567810058594,0.26656,0.011744
13.308952808380127,0.26868,0.011624
13.359456300735474,0.27071,0.01167
13.412607908248901,0.27272,0.011606
13.459468364715576,0.27468,0.01161
13.509971618652344,0.2766,0.011626
13.561238765716553,0.2768,0.011636
13.617642164230347,0.27865,0.011577
13.668308973312378,0.28264,0.011548
13.718756437301636,0.28453,0.011555
13.768405675888062,0.28661,0.011556
13.822328567504883,0.28868,0.01157
13.867632627487183,0.29043,0.011536
13.920254707336426,0.29045,0.01156
13.970503330230713,0.29251,0.011552
14.021074533462524,0.29656,0.011516
14.070650815963745,0.29845,0.011437
14.12587571144104,0.3004,0.011359
14.172513484954834,0.30248,0.011419
14.222664594650269,0.3024,0.011159
14.274088382720947,0.30445,0.011354
14.32507610321045,0.3066,0.011375
14.374969482421875,0.30833,0.011447
14.42451548576355,0.31221,0.012037
14.47759222984314,0.31647,0.011796
14.530718326568604,0.32048,0.011527
14.581128120422363,0.05268,0.010782
14.630255222320557,0.055587,0.011375
14.67964792251587,0.060987,0.011547
14.732072114944458,0.066133,0.011514
14.780138969421387,0.06892,0.011463
14.83661437034607,0.077173,0.011475
14.88792109489441,0.082587,0.011563
14.936081409454346,0.088187,0.011537
14.989891529083252,0.0936,0.011512
15.037346124649048,0.09888,0.011494
15.085649251937866,0.10267,0.011486
15.139774799346924,0.10272,0.011518
15.188175916671753,0.10527,0.011496
15.238266706466675,0.10783,0.011534
15.2894766330719,0.11277,0.011461
15.340564489364624,0.11535,0.011541
15.39484691619873,0.11773,0.011489
15.443334579467773,0.11779,0.011374
15.492006540298462,0.12029,0.011265
15.546895027160645,0.12277,0.011253
15.59676742553711,0.12499,0.01118
15.650449275970459,0.12993,0.011169
15.698595762252808,0.13227,0.011018
15.752098798751831,0.13452,0.011105
15.799746036529541,0.13457,0.010999
15.848475694656372,0.13692,0.011025
15.902004957199097,0.13931,0.011211
15.950185775756836,0.14163,0.011361
16.00503373146057,0.14603,0.011362
16.051170349121094,0.14825,0.011459
16.10335874557495,0.14849,0.011508
16.15652847290039,0.15044,0.011507
16.20716142654419,0.15279,0.011549
16.253503561019897,0.15499,0.011519
16.30461311340332,0.15728,0.011573
16.356362104415894,0.15944,0.011505
16.405224561691284,0.16399,0.01158
16.4551522731781,0.16612,0.011501
16.505544185638428,0.16812,0.011477
16.5592782497406,0.16804,0.011483
16.60792326927185,0.17041,0.011545
16.65939474105835,0.17464,0.011548
16.708060264587402,0.17685,0.011484
16.759323120117188,0.17673,0.011531
16.81113076210022,0.17907,0.01151
16.86005973815918,0.18111,0.01149
16.91067361831665,0.1832,0.011533
16.96177864074707,0.18527,0.011495
17.00964069366455,0.18947,0.011287
17.061490297317505,0.18972,0.011412
17.111058235168457,0.19152,0.011258
17.161627292633057,0.19397,0.010981
17.210094213485718,0.19561,0.010775
17.26753067970276,0.19573,0.010966
17.316577911376953,0.19988,0.011097
17.363648414611816,0.20407,0.011002
17.4172101020813,0.20412,0.011204
17.46456241607666,0.20597,0.011374
17.5166654586792,0.206,0.011573
17.573265314102173,0.21027,0.011564
17.622469425201416,0.21239,0.011592
17.674124002456665,0.21445,0.011568
17.724000692367554,0.21632,0.011574
17.779708862304688,0.21831,0.011576
17.8314266204834,0.22049,0.011562
17.890617847442627,0.22253,0.011506
17.9406521320343,0.22463,0.011537
17.991384506225586,0.22647,0.011566
18.039133071899414,0.22849,0.011509
18.091368913650513,0.23059,0.01161
18.14232039451599,0.23271,0.011514
18.196478605270386,0.23456,0.011491
18.246907234191895,0.23668,0.011615
18.2982439994812,0.23859,0.011615
18.34830117225647,0.24047,0.011498
18.40120244026184,0.24269,0.011537
18.448076248168945,0.24464,0.011466
18.50157642364502,0.24661,0.011483
18.552704334259033,0.24839,0.011434
18.605954885482788,0.25053,0.01127
18.653563022613525,0.25256,0.011132
18.705700874328613,0.25465,0.011095
18.7523934841156,0.25653,0.011099
18.80576753616333,0.25856,0.011288
18.854161262512207,0.26065,0.011328
18.90432381629944,0.26267,0.011456
18.95633578300476,0.26463,0.011517
19.00788426399231,0.26648,0.011644
19.06459879875183,0.26859,0.011601
19.111191034317017,0.27047,0.01157
19.16109013557434,0.27261,0.011589
19.2111873626709,0.27457,0.01159
19.26331329345703,0.27651,0.011601
19.312514781951904,0.27864,0.011607
19.363014936447144,0.28053,0.01152
19.413906574249268,0.28231,0.011554
19.463424682617188,0.28441,0.011541
19.515089511871338,0.28829,0.011603
19.56528091430664,0.2884,0.011557
19.61863422393799,0.2904,0.011548
19.667505502700806,0.29232,0.011561
19.71672534942627,0.29453,0.011549
19.766205310821533,0.29637,0.011531
19.81847858428955,0.29839,0.011466
19.865514516830444,0.30027,0.011505
19.922658681869507,0.30219,0.011439
19.97511601448059,0.30248,0.011217
20.02250337600708,0.30632,0.011275
20.07200860977173,0.30623,0.011301
20.123047828674316,0.31023,0.011366
20.17431354522705,0.3122,0.011302
20.23052668571472,0.31603,0.011515
20.280038595199585,0.32016,0.011529
20.33004665374756,0.056213,0.011505
20.38255786895752,0.0556,0.011423
20.42884349822998,0.060107,0.011523
20.479378700256348,0.065827,0.011429
20.53504753112793,0.071307,0.011501
20.58693528175354,0.07656,0.011509
20.634010076522827,0.08216,0.011412
20.688190698623657,0.082307,0.011485
20.738504886627197,0.092907,0.011466
20.785866498947144,0.09848,0.011481
20.834189891815186,0.10236,0.011455
20.888903617858887,0.10504,0.011446
20.938501834869385,0.10752,0.0115
20.988975524902344,0.10987,0.011496
21.035719394683838,0.11253,0.01149
21.094664812088013,0.11253,0.01147
21.144092798233032,0.11488,0.011444
21.191858530044556,0.12004,0.011469
21.243566036224365,0.1224,0.011462
21.292048692703247,0.12475,0.011285
21.343871116638184,0.12515,0.01121
21.39533305168152,0.12732,0.011165
21.44493317604065,0.12961,0.011095
21.49545645713806,0.13181,0.011143
21.545189142227173,0.13676,0.011187
21.59436559677124,0.13893,0.011313
21.647744178771973,0.14117,0.01134
21.697664499282837,0.14347,0.011427
21.750065088272095,0.14569,0.011425
21.801134824752808,0.14597,0.011474
21.84967613220215,0.15037,0.011576
21.902656078338623,0.15248,0.011549
21.949392318725586,0.15476,0.011519
22.002723217010498,0.15715,0.011533
22.052956342697144,0.1572,0.011542
22.10119605064392,0.15935,0.011554
22.151594161987305,0.16388,0.011517
22.206635236740112,0.1658,0.011558
22.254429578781128,0.16603,0.011579
22.307206392288208,0.16787,0.011494
22.357256412506104,0.17019,0.011529
22.403602123260498,0.17232,0.011509
22.455732345581055,0.17437,0.011559
22.513716459274292,0.17868,0.011539
22.562665224075317,0.18091,0.011496
22.612328052520752,0.18112,0.011539
22.666916608810425,0.18307,0.011533
22.719246864318848,0.18515,0.011567
22.772753715515137,0.18932,0.011518
22.825287342071533,0.18949,0.011439
22.871771574020386,0.19347,0.011398
22.92516851425171,0.19557,0.011362
22.97611141204834,0.19552,0.011324
23.032296419143677,0.19765,0.011235
23.080690622329712,0.20183,0.011267
23.131149530410767,0.20385,0.011422
23.179641485214233,0.20597,0.011507
23.232436656951904,0.20575,0.011534
23.285056829452515,0.20803,0.011553
23.331902742385864,0.20999,0.011652
23.38364863395691,0.21403,0.011539
23.434569835662842,0.21617,0.011528
23.482340574264526,0.21624,0.011571
23.53522825241089,0.21821,0.011585
23.58932399749756,0.22009,0.011503
23.641234159469604,0.22229,0.011557
23.688879251480103,0.22619,0.011576
23.73677897453308,0.22821,0.011574
23.79969882965088,0.22829,0.011529
23.856799125671387,0.23045,0.01159
23.903701305389404,0.23233,0.01159
23.95402479171753,0.2364,0.011563
24.00499415397644,0.23643,0.011529
24.057698726654053,0.24019,0.011469
24.106879234313965,0.24048,0.011524
24.154786109924316,0.24244,0.011487
24.208535194396973,0.24633,0.01151
24.25829267501831,0.24837,0.011438
24.308378219604492,0.24847,0.011521
24.359310150146484,0.25039,0.011322
24.40871572494507,0.2524,0.011303
24.458888292312622,0.25421,0.011353
24.51083493232727,0.25833,0.011396
24.565064430236816,0.25852,0.011311
24.615392446517944,0.26051,0.011533
24.66776204109192,0.26235,0.011566
24.717591047286987,0.2644,0.01157
24.766648769378662,0.26624,0.01161
24.81617784500122,0.27028,0.011568
24.86897587776184,0.27037,0.011577
24.915848970413208,0.27416,0.011571
24.96923518180847,0.2744,0.011527
25.020513772964478,0.27647,0.01158
25.06545639038086,0.27831,0.011556
25.124857902526855,0.28009,0.011534
25.17379117012024,0.28423,0.011538
25.224562644958496,0.2842,0.011525
25.27397346496582,0.28629,0.011568
25.32295298576355,0.28828,0.01156
25.376521587371826,0.29036,0.011579
25.427541971206665,0.29228,0.011513
25.47655153274536,0.29424,0.011555
25.524287939071655,0.29627,0.011526
25.576708555221558,0.29813,0.011546
25.627723217010498,0.30001,0.011472
25.67703866958618,0.30217,0.011465
25.727964639663696,0.30401,0.011355
25.778074502944946,0.30607,0.01137
25.831013679504395,0.30981,0.01133
25.8824622631073,0.31003,0.011337
25.93146800994873,0.31185,0.011423
25.982356309890747,0.3156,0.011436
26.032216548919678,0.31984,0.011504
26.0862979888916,0.050933,0.011561
26.13626480102539,0.05504,0.011545
26.185884475708008,0.0652,0.011524
26.235112190246582,0.06528,0.011442
26.286962032318115,0.07076,0.011476
26.337528705596924,0.076093,0.011489
26.383981227874756,0.081693,0.011482
26.437787771224976,0.08712,0.011485
26.486480474472046,0.09248,0.011531
26.534154415130615,0.098053,0.011498
26.584108114242554,0.10212,0.011503
26.63955068588257,0.10485,0.011535
26.683605670928955,0.10725,0.011526
26.739996671676636,0.10989,0.011416
26.789360761642456,0.11229,0.011597
26.839253902435303,0.115,0.011509
26.891658306121826,0.11497,0.011518
26.94313645362854,0.11972,0.011493
26.99614691734314,0.12219,0.011512
27.045284748077393,0.12465,0.011414
27.094178676605225,0.12691,0.011434
27.14404559135437,0.12933,0.011401
27.196099996566772,0.13184,0.011331
27.24388289451599,0.13415,0.011369
27.296348810195923,0.13445,0.011415
27.352324962615967,0.13888,0.011351
27.404923915863037,0.14116,0.011462
27.45273995399475,0.14355,0.011415
27.50188636779785,0.14571,0.011487
27.556820392608643,0.14807,0.011501
27.605002880096436,0.14804,0.011543
27.655014276504517,0.15249,0.011517
27.706964015960693,0.15468,0.011511
27.757655143737793,0.15699,0.011523
27.80655527114868,0.15911,0.011531
27.861392974853516,0.16144,0.011522
27.914815187454224,0.16359,0.011551
27.962750911712646,0.16592,0.011544
28.01432204246521,0.16585,0.011533
28.068740844726562,0.17007,0.011533
28.119686603546143,0.17212,0.011537
28.17400097846985,0.17439,0.011549
28.222062826156616,0.17668,0.011552
28.282853364944458,0.17867,0.011501
28.3323917388916,0.18069,0.011519
28.380449533462524,0.1828,0.011517
28.431476593017578,0.18507,0.011557
28.481812238693237,0.18713,0.011527
28.537065744400024,0.18923,0.011536
28.58512043952942,0.19131,0.011468
28.636999368667603,0.19324,0.011526
28.688331127166748,0.19553,0.01146
28.740172624588013,0.1976,0.011506
28.79137134552002,0.1976,0.011488
28.841094732284546,0.2016,0.011465
28.893424034118652,0.20372,0.011506
28.945281744003296,0.20575,0.011575
28.999186515808105,0.20779,0.011604
29.048152208328247,0.2078,0.011568
29.09941601753235,0.20991,0.011512
29.146732568740845,0.21408,0.011549
29.195939540863037,0.21603,0.011573
29.24884343147278,0.21819,0.011539
29.295231103897095,0.21997,0.011535
29.34995198249817,0.22215,0.011524
29.400523900985718,0.22409,0.011556
29.451676845550537,0.22433,0.011528
29.49966025352478,0.22809,0.011508
29.551899194717407,0.23011,0.011513
29.60396718978882,0.23224,0.01155
29.655787706375122,0.23405,0.011522
29.70605731010437,0.23611,0.011547
29.754647731781006,0.23821,0.011575
29.809093713760376,0.23835,0.011541
29.856861114501953,0.24035,0.011564
29.908535957336426,0.2442,0.011526
29.958917140960693,0.24611,0.011518
30.008776664733887,0.24823,0.011546
30.058759689331055,0.2502,0.011509
30.10745120048523,0.25215,0.011427
30.159372806549072,0.25223,0.011491
30.209603548049927,0.25416,0.011374
30.25976037979126,0.2582,0.011519
30.313409328460693,0.26012,0.011457
30.360830545425415,0.26217,0.011503
30.410600423812866,0.26207,0.011574
30.460563898086548,0.26412,0.01152
30.5130398273468,0.26603,0.011537
30.562798738479614,0.27015,0.011555
30.61166024208069,0.27207,0.011576
30.661036252975464,0.27397,0.011535
30.71535897254944,0.2744,0.011582
30.76508092880249,0.27609,0.011527
30.81560444831848,0.27811,0.011534
30.863715887069702,0.28005,0.011438
30.91433072090149,0.28391,0.011499
30.966593742370605,0.28611,0.011531
31.016831398010254,0.28616,0.011541
31.064550399780273,0.28817,0.011533
31.11816716194153,0.28997,0.011557
31.170575857162476,0.29193,0.011534
31.21961784362793,0.29591,0.011564
31.26835584640503,0.29617,0.011547
31.317169904708862,0.29808,0.011523
31.369972467422485,0.29993,0.011546
31.419082403182983,0.30207,0.011511
31.468738317489624,0.30587,0.01144
31.523128271102905,0.30787,0.011496
31.57005214691162,0.30789,0.011433
31.61988639831543,0.30977,0.011442
31.671128034591675,0.31181,0.011493
31.723041534423828,0.31539,0.011516
31.77129864692688,0.31955,0.011476
31.82412028312683,0.049493,0.011487
31.871508359909058,0.05432,0.011499
31.92901039123535,0.059213,0.011478
31.975218534469604,0.064707,0.011553
32.02524971961975,0.070253,0.011513
32.07745981216431,0.07584,0.011561
32.13103771209717,0.0812,0.011514
32.1795871257782,0.081187,0.011531
32.23076128959656,0.092053,0.011527
32.28756880760193,0.097533,0.011514
32.33503723144531,0.10199,0.011494
32.39234709739685,0.1046,0.011528
32.44203996658325,0.10713,0.011494
32.49569034576416,0.10981,0.011509
32.54242825508118,0.11241,0.011537
32.60449242591858,0.11479,0.011492
32.65060591697693,0.1172,0.011518
32.70448184013367,0.1196,0.011499
32.7545382976532,0.12219,0.011511
32.80309343338013,0.12467,0.011485
32.85542106628418,0.12704,0.011447
32.90404415130615,0.12941,0.011494
32.953404664993286,0.13156,0.011419
33.006930351257324,0.13401,0.011494
33.054038524627686,0.1364,0.011487
33.109317779541016,0.13888,0.011453
33.15900659561157,0.14131,0.011463
33.21051812171936,0.14347,0.011487
33.260536909103394,0.14559,0.011494
33.31577801704407,0.14796,0.01148
33.36744785308838,0.15019,0.011497
33.42017674446106,0.15231,0.011496
33.4691379070282,0.15677,0.011513
33.522332429885864,0.15905,0.011536
33.57157754898071,0.159,0.011528
33.621697664260864,0.16132,0.011549
33.67183780670166,0.16337,0.011521
33.73042559623718,0.16561,0.011469
33.78211855888367,0.16776,0.011559
33.83177947998047,0.16985,0.011548
33.88456058502197,0.17221,0.011532
33.93664193153381,0.17436,0.011581
33.98421835899353,0.17632,0.011496
34.04095673561096,0.1806,0.011479
34.09475350379944,0.18081,0.01151
34.14640164375305,0.18269,0.011506
34.19600558280945,0.18492,0.011546
34.25032353401184,0.18905,0.011531
34.298450231552124,0.19103,0.011481
34.348896741867065,0.19113,0.011539
34.401127099990845,0.19328,0.011489
34.453184843063354,0.19524,0.01155
34.50091505050659,0.19744,0.011447
34.549556732177734,0.19749,0.011539
34.60257363319397,0.20352,0.011531
34.650731325149536,0.20563,0.011524
34.70285654067993,0.20544,0.011496
34.76036357879639,0.20765,0.011602
34.80979871749878,0.20969,0.011556
34.8602728843689,0.21169,0.011535
34.91126203536987,0.2158,0.011513
34.970033168792725,0.21776,0.011569
35.017823457717896,0.21785,0.011529
35.07310366630554,0.21993,0.011539
35.12629294395447,0.22404,0.011509
35.17500376701355,0.22612,0.011531
35.2258083820343,0.22612,0.011541
35.283661127090454,0.22801,0.011531
35.330816984176636,0.23189,0.011509
35.38522553443909,0.23393,0.011528
35.434964656829834,0.23416,0.011531
35.48111581802368,0.23625,0.011553
35.53529357910156,0.24005,0.011567
35.58936953544617,0.24,0.011522
35.638073682785034,0.24204,0.011543
35.69155764579773,0.24599,0.011551
35.741634368896484,0.24808,0.011517
35.79126858711243,0.25037,0.011574
35.843021869659424,0.25013,0.011538
35.892369747161865,0.25211,0.011525
35.94286060333252,0.25404,0.011497
35.991151094436646,0.25803,0.011464
36.042397260665894,0.25819,0.011529
36.096599817276,0.25999,0.011432
36.1439094543457,0.26413,0.011505
36.201937198638916,0.26609,0.011569
36.25308132171631,0.268,0.011601
36.302687883377075,0.27001,0.011558
36.35281229019165,0.2718,0.011541
36.40497064590454,0.27205,0.011513
36.45568776130676,0.27409,0.011542
36.50438475608826,0.27603,0.011591
36.551766872406006,0.27781,0.011518
36.603797912597656,0.28189,0.011588
36.65221834182739,0.28384,0.011565
36.70267152786255,0.28585,0.011536
36.755505323410034,0.28583,0.011472
36.806869983673096,0.2878,0.011449
36.85570192337036,0.28975,0.011563
36.90914463996887,0.29187,0.011575
36.95684742927551,0.29384,0.011571
37.00686192512512,0.29593,0.011551
37.05924034118652,0.29968,0.011503
37.11333894729614,0.29984,0.011515
37.1630642414093,0.30181,0.011567
37.2147421836853,0.30368,0.011565
37.268243074417114,0.30571,0.01151
37.32586431503296,0.30964,0.011458
37.37603187561035,0.31147,0.011483
37.43587017059326,0.31168,0.011611
37.48728346824646,0.315,0.01155
37.535107135772705,0.05104,0.011563
37.59038162231445,0.0492,0.011504
37.63802480697632,0.058867,0.011481
37.6858115196228,0.058867,0.011491
37.738417625427246,0.064293,0.011523
37.790290117263794,0.06988,0.011528
37.83909058570862,0.075333,0.011487
37.887314796447754,0.086147,0.011504
37.939712047576904,0.09164,0.011518
37.98696517944336,0.091907,0.011519
38.03995966911316,0.097187,0.011505
38.09120154380798,0.10171,0.011487
38.13915824890137,0.10437,0.011516
38.19544959068298,0.10684,0.011495
38.247336864471436,0.10696,0.01153
38.29371929168701,0.1144,0.011569
38.346965074539185,0.1168,0.011561
38.39750409126282,0.11693,0.011543
38.448423862457275,0.11951,0.011519
38.49781274795532,0.12184,0.01151
38.551701068878174,0.12429,0.011568
38.601160526275635,0.12893,0.011534
38.65819978713989,0.13137,0.011478
38.706695556640625,0.13383,0.011493
38.76072645187378,0.13375,0.011544
38.810975790023804,0.13631,0.011526
38.85908651351929,0.13851,0.011554
38.91124892234802,0.14064,0.011516
38.95923113822937,0.14515,0.011503
39.01019597053528,0.14551,0.011549
39.06253242492676,0.14744,0.011475
39.11135745048523,0.14977,0.011563
39.1612012386322,0.15209,0.011501
39.21075367927551,0.15425,0.011506
39.27165722846985,0.15671,0.011536
39.319915533065796,0.15904,0.011487
39.37549138069153,0.16107,0.011537
39.42455434799194,0.16316,0.011509
39.486916303634644,0.16537,0.011508
39.53614807128906,0.16972,0.011475
39.58686804771423,0.17196,0.01157
39.63863229751587,0.17395,0.011549
39.6888325214386,0.17412,0.011509
39.73675465583801,0.17605,0.011503
39.787214279174805,0.17815,0.011548
39.836029052734375,0.18055,0.011549
39.88828253746033,0.18253,0.011531
39.93861627578735,0.18456,0.011526
39.98863482475281,0.18875,0.01151
40.036965131759644,0.19084,0.011532
40.090160608291626,0.19103,0.011495
40.141650438308716,0.19293,0.011479
40.19089365005493,0.19511,0.011541
40.24279713630676,0.19707,0.011512
40.293288469314575,0.19919,0.011536
40.345701932907104,0.20343,0.011525
40.393890380859375,0.20541,0.011513
40.444828510284424,0.20549,0.011532
40.49504637718201,0.20765,0.011578
40.545313119888306,0.20956,0.011481
40.59785604476929,0.21169,0.011517
40.648908615112305,0.21365,0.011545
40.69726920127869,0.21563,0.011597
40.74875473976135,0.21775,0.011545
40.80117630958557,0.21979,0.011552
40.854166984558105,0.22172,0.011496
40.9016227722168,0.2236,0.011527
40.95619583129883,0.22587,0.011552
41.00470495223999,0.22773,0.011506
41.055046796798706,0.23195,0.011533
41.1031231880188,0.23199,0.01154
41.15548515319824,0.23392,0.011552
41.205936908721924,0.23575,0.011539
41.25716519355774,0.23791,0.011575
41.305136919021606,0.23981,0.011544
41.355247020721436,0.24,0.011529
41.40362310409546,0.24387,0.011581
41.45991802215576,0.24595,0.011578
41.50707006454468,0.24784,0.011553
41.56102252006531,0.25,0.011504
41.60905456542969,0.25195,0.011514
41.65997934341431,0.25381,0.011593
41.70849108695984,0.25575,0.011533
41.75855469703674,0.25777,0.011536
41.810484647750854,0.25991,0.011574
41.861374616622925,0.26191,0.011576
41.91383361816406,0.26384,0.011566
41.961403608322144,0.26583,0.011549
42.01184296607971,0.26804,0.011503
42.062504529953,0.26985,0.011555
42.113872051239014,0.26981,0.011546
42.16527986526489,0.27191,0.011576
42.21236705780029,0.27577,0.011563
42.26485586166382,0.27779,0.011495
42.31124210357666,0.2798,0.011556
42.36441612243652,0.28165,0.011589
42.41409254074097,0.2836,0.011522
42.468974590301514,0.28376,0.011557
42.51756930351257,0.28585,0.011522
42.56656813621521,0.28979,0.011528
42.618338108062744,0.29155,0.011494
42.669750690460205,0.29352,0.011562
42.72189950942993,0.2956,0.011597
42.76893973350525,0.29569,0.011551
42.82532525062561,0.29765,0.011541
42.87432050704956,0.30163,0.011582
42.927639961242676,0.30349,0.011586
42.978139877319336,0.30345,0.011528
43.032859325408936,0.30739,0.011553
43.08131241798401,0.30744,0.011561
43.13394236564636,0.30955,0.011533
43.18692326545715,0.31469,0.01153
43.23540639877319,0.31871,0.011543
43.28370380401611,0.052253,0.011563
43.33356428146362,0.053987,0.01157
43.38557243347168,0.05828,0.011504
43.43513011932373,0.058267,0.011519
43.49009370803833,0.0636,0.011539
43.536139488220215,0.074813,0.011515
43.58621168136597,0.0804,0.011504
43.639915466308594,0.085733,0.011547
43.68804049491882,0.08604,0.011506
43.73645067214966,0.096547,0.011528
43.78899598121643,0.09656,0.011538
43.83914566040039,0.10157,0.011486
43.89008569717407,0.10412,0.011491
43.9417998790741,0.10913,0.011492
43.993290424346924,0.11188,0.011557
44.04351091384888,0.11424,0.011524
44.09560179710388,0.11427,0.011538
44.14474010467529,0.11931,0.011518
44.19436812400818,0.11923,0.011564
44.2437584400177,0.12176,0.011494
44.2947096824646,0.12413,0.011526
44.3444983959198,0.12643,0.011493
44.39949607849121,0.12893,0.011533
44.450674533843994,0.13364,0.01154
44.49833631515503,0.13576,0.011512
44.54843592643738,0.13644,0.011502
44.598705768585205,0.13844,0.011517
44.6508572101593,0.14028,0.011506
44.70256447792053,0.14285,0.011492
44.75185036659241,0.14523,0.011506
44.80220627784729,0.14748,0.011531
44.851595640182495,0.14963,0.01151
44.90068745613098,0.15184,0.011508
44.95680475234985,0.15415,0.01149
45.00463104248047,0.15625,0.011603
45.05405402183533,0.15869,0.011523
45.10401892662048,0.16092,0.011525
45.157527685165405,0.16287,0.011531
45.208181381225586,0.16507,0.011561
45.25629806518555,0.16732,0.01151
45.30443620681763,0.16949,0.01154
45.35595083236694,0.17161,0.011503
45.40310335159302,0.17357,0.011574
45.45613670349121,0.17575,0.011608
45.508585691452026,0.17816,0.011537
45.564793825149536,0.18017,0.011487
45.61022067070007,0.18223,0.011545
45.66556668281555,0.18433,0.011506
45.71558451652527,0.18857,0.011499
45.765704870224,0.18861,0.011498
45.81460738182068,0.19085,0.011526
45.86269211769104,0.1928,0.011474
45.91516041755676,0.19495,0.011547
45.965285539627075,0.19708,0.011532
46.01739454269409,0.19889,0.011539
46.065433740615845,0.19913,0.011555
46.11625933647156,0.20325,0.01152
46.16617465019226,0.20521,0.011522
46.21354103088379,0.20736,0.011546
46.2675359249115,0.20937,0.011584
46.320507287979126,0.20944,0.011505
46.36997747421265,0.21349,0.011582
46.42069602012634,0.21537,0.011573
46.47449612617493,0.21737,0.011546
46.52456974983215,0.21943,0.011576
46.57206654548645,0.2214,0.0116
46.621060848236084,0.22352,0.011519
46.67371201515198,0.22556,0.011542
46.721099853515625,0.22565,0.011544
46.77424454689026,0.22961,0.011577
46.82226753234863,0.23156,0.011538
46.8747501373291,0.23363,0.011551
46.92737674713135,0.23565,0.011511
46.97660255432129,0.23759,0.011474
47.02640700340271,0.23973,0.011563
47.0747230052948,0.24165,0.01149
47.13468837738037,0.24163,0.011529
47.186230182647705,0.24563,0.011508
47.235422134399414,0.24755,0.011517
47.28495907783508,0.24961,0.011539
47.33626127243042,0.25157,0.011537
47.38590955734253,0.25172,0.011523
47.434064865112305,0.25353,0.011575
47.48612308502197,0.25757,0.011556
47.5357027053833,0.25957,0.011492
47.58816123008728,0.25969,0.01154
47.63930368423462,0.26367,0.011566
47.68824005126953,0.26361,0.011539
47.73739981651306,0.26757,0.011531
47.7914834022522,0.26965,0.011594
47.83918261528015,0.2716,0.011546
47.89029335975647,0.27156,0.011477
47.94661235809326,0.2756,0.011545
48.002707719802856,0.27564,0.01155
48.054075956344604,0.27953,0.01157
48.10251259803772,0.28141,0.011536
48.15107297897339,0.28345,0.011479
48.20285892486572,0.28355,0.01151
48.25598502159119,0.28739,0.011552
48.30120277404785,0.28937,0.011525
48.35330891609192,0.29141,0.011552
48.405245780944824,0.29173,0.011564
48.451847076416016,0.29536,0.011595
48.50217247009277,0.29553,0.011533
48.56346821784973,0.29956,0.011618
48.61221504211426,0.30137,0.011563
48.66106057167053,0.3034,0.011521
48.71281599998474,0.30355,0.011571
48.76239991188049,0.30547,0.01156
48.81584143638611,0.30929,0.011458
48.86464166641235,0.31143,0.011532
48.91404724121094,0.31128,0.011531
48.96552014350891,0.31841,0.011536
49.01530456542969,0.31852,0.011577
49.0720055103302,0.048373,0.011511
49.12170910835266,0.057947,0.011549
49.17452311515808,0.06336,0.011477
49.2265145778656,0.06884,0.011489
49.27697157859802,0.07448,0.011507
49.32687044143677,0.074613,0.011523
49.375853300094604,0.07992,0.011533
49.42568111419678,0.08528,0.011525
49.47921967506409,0.096053,0.011499
49.52621293067932,0.10136,0.011545
49.577587604522705,0.10381,0.011477
49.630285024642944,0.10384,0.011484
49.67708969116211,0.1066,0.011479
49.72901773452759,0.10893,0.011513
49.77760100364685,0.11153,0.011525
49.82761263847351,0.11412,0.011546
49.88070821762085,0.11897,0.011455
49.93104648590088,0.11888,0.011501
49.97783589363098,0.1214,0.011502
50.03557085990906,0.12397,0.011511
50.0831253528595,0.12636,0.011549
50.13176131248474,0.12872,0.011492
50.18372058868408,0.13344,0.011527
50.24080419540405,0.13568,0.011527
50.292046308517456,0.13791,0.011439
50.343679904937744,0.13795,0.011464
50.39172649383545,0.14029,0.011458
50.441162109375,0.14253,0.011503
50.49203276634216,0.1472,0.011493
50.54225254058838,0.14736,0.01153
50.59554147720337,0.14945,0.011522
50.64304232597351,0.15172,0.011482
50.692569732666016,0.15407,0.011545
50.74220561981201,0.15631,0.011494
50.799047231674194,0.16063,0.011501
50.850964069366455,0.16073,0.011515
50.902745962142944,0.16284,0.011563
50.95196318626404,0.16491,0.011532
51.002211570739746,0.16909,0.011475
51.05053639411926,0.16939,0.011569
51.101174116134644,0.17156,0.01156
51.156092166900635,0.17359,0.011523
51.20730423927307,0.17564,0.011549
51.25174570083618,0.17789,0.011499
51.30759024620056,0.18209,0.011489
51.35642743110657,0.18217,0.011479
51.40769338607788,0.18424,0.011477
51.46408987045288,0.18641,0.011463
51.51137948036194,0.18839,0.011503
51.561856746673584,0.19052,0.011516
51.61338520050049,0.19263,0.011514
51.66551375389099,0.19692,0.011577
51.714155197143555,0.19679,0.011504
51.762747049331665,0.19891,0.011544
51.814404010772705,0.20112,0.011532
51.864240646362305,0.20297,0.011542
51.91555333137512,0.20503,0.011518
51.96621084213257,0.20732,0.011557
52.0147500038147,0.20917,0.011501
52.069380044937134,0.21132,0.011471
52.11388969421387,0.21321,0.011475
52.16751194000244,0.21535,0.011559
52.21814489364624,0.21741,0.011534
52.26942420005798,0.21923,0.011547
52.321009159088135,0.22132,0.01156
52.369792461395264,0.2236,0.011565
52.41840744018555,0.22541,0.011549
52.46860885620117,0.22759,0.011543
52.52263402938843,0.2276,0.011471
52.57041883468628,0.23151,0.011599
52.623724699020386,0.23168,0.011533
52.67383646965027,0.23364,0.011612
52.72369909286499,0.23744,0.011567
52.78252601623535,0.23964,0.011563
52.83400893211365,0.24149,0.011527
52.88504910469055,0.24343,0.011561
52.93188762664795,0.24563,0.01159
52.98631405830383,0.24563,0.011513
53.03634786605835,0.24948,0.011507
53.08377242088318,0.25168,0.011511
53.13337779045105,0.2534,0.011521
53.183844804763794,0.25551,0.011539
53.23798894882202,0.25744,0.011526
53.283865451812744,0.25959,0.011479
53.33384132385254,0.25947,0.011512
53.384538650512695,0.26152,0.011528
53.43736147880554,0.26548,0.011508
53.484798192977905,0.26751,0.01149
53.53901267051697,0.26941,0.011554
53.59105968475342,0.27144,0.011571
53.63901209831238,0.27331,0.011438
53.68950319290161,0.27345,0.011553
53.74061441421509,0.27539,0.011594
53.7889506816864,0.27949,0.011574
53.84116840362549,0.28141,0.011547
53.89239430427551,0.28341,0.011503
53.94208526611328,0.28528,0.011543
53.99293398857117,0.28741,0.011549
54.045538902282715,0.28731,0.01154
54.09567451477051,0.29128,0.011575
54.14453959465027,0.29325,0.011542
54.201454162597656,0.29351,0.011563
54.25600075721741,0.29543,0.011563
54.30395317077637,0.29921,0.011539
54.35571789741516,0.29925,0.011548
54.405227184295654,0.30121,0.011552
54.45546507835388,0.30327,0.011522
54.50592064857483,0.30715,0.011567
54.55728316307068,0.30719,0.011558
54.61425280570984,0.31128,0.011513
54.66151404380798,0.31115,0.011618
54.71509671211243,0.31408,0.011568
54.76420021057129,0.31804,0.01158
54.819430112838745,0.05232,0.011544
54.86931777000427,0.055,0.011509
54.9205207824707,0.062773,0.011478
54.97156834602356,0.06844,0.011449
55.028982400894165,0.07416,0.011539
55.078948974609375,0.07956,0.01151
55.12831687927246,0.085067,0.011574
55.17990493774414,0.09028,0.011582
55.23789882659912,0.095693,0.011536
55.285762548446655,0.10107,0.011525
55.33791518211365,0.10384,0.011492
55.388882637023926,0.10389,0.011555
55.4473717212677,0.10891,0.011568
55.494816303253174,0.11153,0.011503
55.54576325416565,0.11392,0.011547
55.594271421432495,0.11631,0.011553
55.65508460998535,0.11877,0.011545
55.70424842834473,0.1214,0.011561
55.7553813457489,0.12367,0.011484
55.80891966819763,0.12601,0.011559
55.85843110084534,0.12832,0.011549
55.90671706199646,0.13075,0.011551
55.95745611190796,0.13301,0.011486
56.00716948509216,0.13339,0.011543
56.05826139450073,0.13777,0.011488
56.10869383811951,0.14007,0.011528
56.158870458602905,0.14244,0.011541
56.20677947998047,0.14469,0.011531
56.25807523727417,0.14489,0.011509
56.30693292617798,0.14695,0.011552
56.3606698513031,0.14921,0.011501
56.41216039657593,0.15367,0.011559
56.460898637771606,0.15596,0.011547
56.51269745826721,0.15812,0.011501
56.56046986579895,0.16032,0.011509
56.61243939399719,0.16036,0.011524
56.664772272109985,0.1646,0.011523
56.71358346939087,0.16704,0.011513
56.76664066314697,0.16903,0.011547
56.81434488296509,0.17131,0.011522
56.86576247215271,0.1734,0.01149
56.91565203666687,0.17551,0.011537
56.965601444244385,0.17545,0.011553
57.014976501464844,0.17971,0.011591
57.06470489501953,0.18179,0.011505
57.11613845825195,0.18219,0.011509
57.16813349723816,0.18612,0.011507
57.21866178512573,0.18605,0.011491
57.26955556869507,0.18811,0.011467
57.32157492637634,0.19024,0.011547
57.36803579330444,0.19245,0.011632
57.42005443572998,0.19653,0.011511
57.47040581703186,0.19675,0.01153
57.51915740966797,0.2008,0.011534
57.57048463821411,0.20085,0.011553
57.621052503585815,0.20283,0.011508
57.673418045043945,0.20485,0.01153
57.72213172912598,0.20895,0.011522
57.76880216598511,0.20931,0.011559
57.824241399765015,0.21104,0.011538
57.87640571594238,0.21312,0.011543
57.9244601726532,0.21525,0.011568
57.979114294052124,0.21716,0.011558
58.027364015579224,0.22135,0.011555
58.078731060028076,0.22136,0.011554
58.12542152404785,0.22335,0.011578
58.17608022689819,0.22531,0.011592
58.22739815711975,0.22743,0.011514
58.278743505477905,0.22925,0.011549
58.330718994140625,0.23132,0.011582
58.3814651966095,0.23336,0.011522
58.42951440811157,0.23531,0.011518
58.48511266708374,0.23736,0.011588
58.53340721130371,0.23945,0.011538
58.58325529098511,0.24136,0.011555
58.63230085372925,0.24321,0.011555
58.68390226364136,0.24543,0.011499
58.73554182052612,0.24731,0.01152
58.786065101623535,0.24935,0.011558
58.8351948261261,0.25136,0.011612
58.88496375083923,0.25344,0.011549
58.93578100204468,0.2554,0.011568
58.98612308502197,0.25743,0.011557
59.03589224815369,0.25944,0.011569
59.10103487968445,0.26128,0.011546
59.15049886703491,0.26536,0.011562
59.19854378700256,0.26559,0.011557
59.2495641708374,0.26736,0.011511
59.30300331115723,0.26948,0.011571
59.352097511291504,0.27119,0.011556
59.401004791259766,0.27343,0.011548
59.44977855682373,0.27531,0.011576
59.508668422698975,0.2772,0.011574
59.55910778045654,0.28115,0.011552
59.60856652259827,0.28321,0.011552
59.65995264053345,0.28315,0.011586
59.71120595932007,0.28523,0.011547
59.76116061210632,0.28708,0.011535
59.81200456619263,0.2892,0.01154
59.861302852630615,0.29112,0.011558
59.913020849227905,0.29308,0.011533
59.96188688278198,0.29509,0.011542
60.01345109939575,0.29703,0.011558
60.06503629684448,0.29911,0.011502
60.11284017562866,0.30121,0.011546
60.16057252883911,0.30303,0.011603
60.216413497924805,0.30499,0.011511
60.26587700843811,0.30531,0.011507
60.322359800338745,0.30903,0.011547
60.36693620681763,0.31093,0.011472
60.42105412483215,0.31383,0.011528
60.472503900527954,0.31793,0.011514
60.5221312046051,0.048387,0.011531
60.57508325576782,0.05148,0.01149
60.628589391708374,0.056893,0.01149
60.67771053314209,0.06248,0.011557
60.725613832473755,0.067987,0.011538
60.780879735946655,0.068093,0.011547
60.83298206329346,0.084373,0.011551
60.88140320777893,0.0846,0.011554
60.9315299987793,0.089773,0.011481
60.983240604400635,0.09532,0.011485
61.034310817718506,0.10043,0.011468
61.083722829818726,0.10363,0.011481
61.13213562965393,0.10615,0.01154
61.181737184524536,0.10631,0.011542
61.231693744659424,0.11109,0.01146
61.28639578819275,0.11352,0.011467
61.33552122116089,0.11601,0.011518
61.386287212371826,0.11868,0.01149
61.43266820907593,0.12107,0.011529
61.48418068885803,0.12344,0.011519
61.541043519973755,0.12347,0.011473
61.589613914489746,0.12843,0.011512
61.64124274253845,0.13069,0.011551
61.69200682640076,0.13293,0.01152
61.74390959739685,0.13524,0.011519
61.78879714012146,0.13747,0.011502
61.84688639640808,0.1376,0.011501
61.896631717681885,0.14005,0.011515
61.9440484046936,0.14228,0.011546
61.9961051940918,0.14668,0.01153
62.04386043548584,0.14913,0.011525
62.096399784088135,0.14915,0.011518
62.147098779678345,0.15348,0.011518
62.19926619529724,0.15553,0.011517
62.244826316833496,0.15591,0.011563
62.29726791381836,0.15785,0.0115
62.34906554222107,0.16247,0.011548
62.393855810165405,0.16465,0.011579
62.44632124900818,0.16485,0.011537
62.49925708770752,0.16685,0.011522
62.54995846748352,0.16897,0.01155
62.59992718696594,0.17116,0.01153
62.64802813529968,0.17543,0.011558
62.699559450149536,0.17547,0.01153
62.750927448272705,0.17775,0.011502
62.80309796333313,0.18165,0.011516
62.8499710559845,0.18183,0.011602
62.90350794792175,0.18404,0.01155
62.95592927932739,0.1882,0.011516
63.00477194786072,0.19027,0.01155
63.05414271354675,0.19229,0.01151
63.104100465774536,0.19228,0.011606
63.16177177429199,0.19449,0.011536
63.21409463882446,0.19856,0.011568
63.261982440948486,0.20057,0.011543
63.31183862686157,0.20272,0.011568
63.36337423324585,0.20464,0.011582
63.41697120666504,0.20477,0.011565
63.465153217315674,0.2068,0.011509
63.51491165161133,0.20879,0.011523
63.57111430168152,0.21297,0.011598
63.62168049812317,0.21304,0.011573
63.67435884475708,0.21493,0.011581
63.72379541397095,0.21708,0.011576
63.78257775306702,0.21905,0.011583
63.83077645301819,0.22104,0.011522
63.87942719459534,0.22508,0.01158
63.932745695114136,0.22723,0.011562
63.98435926437378,0.22728,0.011588
64.04091382026672,0.22913,0.011558
64.08803582191467,0.23116,0.011541
64.13863372802734,0.23517,0.011563
64.19599199295044,0.23547,0.011494
64.24602007865906,0.23731,0.011572
64.2985417842865,0.23923,0.011554
64.34779286384583,0.24111,0.011575
64.40403771400452,0.24319,0.011535
64.4529869556427,0.2472,0.011555
64.50473189353943,0.24923,0.01152
64.55249691009521,0.25113,0.011558
64.60763478279114,0.25309,0.011564
64.65656971931458,0.25336,0.011579
64.71239876747131,0.25715,0.011631
64.76625847816467,0.25735,0.011523
64.81420755386353,0.25943,0.011563
64.86799907684326,0.26321,0.011617
64.91703820228577,0.26511,0.011567
64.96787095069885,0.26707,0.01155
65.01891803741455,0.26933,0.011506
65.06804013252258,0.26936,0.011561
65.12038540840149,0.27328,0.011556
65.17101526260376,0.27323,0.01156
65.21696901321411,0.27713,0.011466
65.26834297180176,0.27895,0.011602
65.31882667541504,0.2812,0.011492
65.36758661270142,0.28113,0.011501
65.42104411125183,0.2832,0.011522
65.47399878501892,0.28495,0.011628
65.52275037765503,0.28693,0.011565
65.57188963890076,0.29092,0.011605
65.62332320213318,0.29303,0.011539
65.67105960845947,0.29508,0.011543
65.72432065010071,0.29692,0.011539
65.77581858634949,0.29693,0.011583
65.82676148414612,0.29903,0.011509
65.87403106689453,0.30089,0.011526
65.92349076271057,0.30484,0.011556
65.97814583778381,0.30484,0.011567
66.02445220947266,0.30703,0.011554
66.07808661460876,0.30893,0.011549
66.12672209739685,0.31072,0.011517
66.17735958099365,0.31315,0.011581
66.22618913650513,0.31737,0.011591
66.27838611602783,0.0504,0.011515
66.327401638031,0.056547,0.011471
66.37793779373169,0.061907,0.011558
66.42850160598755,0.0618,0.011499
66.47949600219727,0.0676,0.011534
66.52830648422241,0.073053,0.011514
66.57985734939575,0.0786,0.011527
66.62810730934143,0.083987,0.011521
66.67778134346008,0.08944,0.011559
66.73105216026306,0.09468,0.011522
66.78048491477966,0.10001,0.011491
66.83179664611816,0.10329,0.011488
66.88153719902039,0.10569,0.011466
66.93118524551392,0.1084,0.011559
66.98292255401611,0.11099,0.011525
67.02958011627197,0.11356,0.011505
67.08182215690613,0.11599,0.011517
67.13155698776245,0.11844,0.011513
67.1874406337738,0.12084,0.011538
67.23609137535095,0.12331,0.011519
67.28392910957336,0.12568,0.011555
67.33793210983276,0.12579,0.011463
67.38621544837952,0.12803,0.011507
67.43645429611206,0.13293,0.011549
67.48629927635193,0.13511,0.0115
67.53564405441284,0.13747,0.011562
67.58683061599731,0.13984,0.011494
67.63648009300232,0.14223,0.011574
67.68870973587036,0.14217,0.011502
67.73750877380371,0.14461,0.011549
67.79320549964905,0.14904,0.011547
67.84149694442749,0.15128,0.011551
67.89058542251587,0.15341,0.011536
67.94253039360046,0.15333,0.011569
67.9932816028595,0.15571,0.011539
68.04296898841858,0.15785,0.011513
68.09446668624878,0.16021,0.011479
68.14135026931763,0.16452,0.011552
68.19284796714783,0.16669,0.011566
68.24464535713196,0.16883,0.011578
68.29346632957458,0.17104,0.011552
68.34615540504456,0.173,0.011519
68.39386177062988,0.17323,0.011505
68.44799852371216,0.17759,0.01154
68.496253490448,0.17959,0.011515
68.54963183403015,0.17979,0.011536
68.59895586967468,0.18156,0.011509
68.64750909805298,0.18384,0.011521
68.70469975471497,0.18592,0.011551
68.75678253173828,0.19012,0.011499
68.80412888526917,0.19217,0.011562
68.8541967868805,0.19423,0.011567
68.90500402450562,0.19628,0.011529
68.95562553405762,0.19637,0.011553
69.00962328910828,0.19827,0.01153
69.05740070343018,0.20248,0.011528
69.10737681388855,0.20457,0.011531
69.15793037414551,0.20472,0.011528
69.21098208427429,0.2064,0.011497
69.25965476036072,0.20884,0.011498
69.31189918518066,0.21284,0.011543
69.3623034954071,0.2148,0.011509
69.41316556930542,0.21479,0.011504
69.46602392196655,0.21692,0.011464
69.51387524604797,0.21895,0.011492
69.56822776794434,0.221,0.011523
69.61911082267761,0.22288,0.011526
69.6670937538147,0.22492,0.011482
69.72044134140015,0.22877,0.011476
69.76944279670715,0.23093,0.011562
69.82534861564636,0.23104,0.011548
69.8731849193573,0.23308,0.011573
69.92137098312378,0.23503,0.011511
69.97158741950989,0.23689,0.011556
70.02633953094482,0.23912,0.011523
70.07520866394043,0.24299,0.011541
70.13297200202942,0.24497,0.011582
70.1820240020752,0.24509,0.011495
70.2328667640686,0.24704,0.011585
70.28150963783264,0.24917,0.011574
70.33362245559692,0.251,0.011573
70.38265776634216,0.25308,0.011566
70.43542551994324,0.25497,0.011582
70.48568773269653,0.25904,0.01155
70.53728723526001,0.26091,0.011531
70.58977675437927,0.26105,0.011536
70.63691234588623,0.26319,0.011613
70.68438982963562,0.26507,0.011617
70.74106240272522,0.26703,0.011576
70.78626799583435,0.26911,0.01154
70.83884191513062,0.27297,0.01155
70.8909912109375,0.27496,0.011605
70.94318342208862,0.27508,0.011548
70.98702764511108,0.27697,0.011579
71.04088544845581,0.27881,0.011573
71.09176087379456,0.28087,0.01155
71.14034485816956,0.28292,0.011602
71.19027757644653,0.28487,0.011547
71.24981617927551,0.28692,0.011526
71.29940629005432,0.28887,0.011544
71.34747004508972,0.29095,0.011518
71.39893102645874,0.29285,0.01155
71.44940996170044,0.29471,0.011523
71.49606227874756,0.29677,0.011559
71.55554747581482,0.2988,0.011604
71.60789370536804,0.29891,0.011518
71.6574194431305,0.30439,0.011526
71.70602440834045,0.30473,0.011551
71.76243805885315,0.30664,0.011562
71.81057929992676,0.30856,0.011554
71.86234879493713,0.31064,0.011552
71.91324377059937,0.31276,0.01153
71.96930932998657,0.048653,0.011541
72.01735544204712,0.051493,0.01153
72.06576132774353,0.050693,0.011526
72.11564588546753,0.056133,0.011538
72.16797590255737,0.06152,0.011501
72.21874618530273,0.067107,0.011507
72.26966667175293,0.072733,0.011456
72.31915068626404,0.078147,0.011533
72.36890983581543,0.083667,0.011557
72.42443871498108,0.089107,0.011542
72.47053098678589,0.094373,0.011521
72.52301979064941,0.09988,0.011477
72.57511806488037,0.10563,0.011551
72.62350988388062,0.10568,0.011559
72.67652368545532,0.10833,0.011534
72.7239260673523,0.11075,0.01153
72.7784104347229,0.11319,0.011535
72.82749128341675,0.11583,0.011542
72.87681722640991,0.11821,0.011509
72.93009924888611,0.12069,0.011464
72.98144102096558,0.12308,0.011492
73.0312249660492,0.12549,0.011521
73.07925534248352,0.1278,0.01151
73.13160133361816,0.13029,0.011553
73.1811854839325,0.13275,0.011537
73.23037815093994,0.13496,0.011495
73.2788507938385,0.13732,0.011523
73.33048415184021,0.13951,0.011521
73.38543581962585,0.13965,0.011341
73.43689584732056,0.14201,0.011364
73.48733401298523,0.14644,0.011561
73.53417158126831,0.14884,0.011496
73.58689427375793,0.15105,0.011521
73.63622188568115,0.15313,0.011541
73.68669414520264,0.15545,0.011492
73.73781156539917,0.15561,0.011494
73.78922390937805,0.15765,0.011526
73.83514714241028,0.15975,0.011583
73.88752889633179,0.16427,0.011573
73.94224619865417,0.16648,0.011555
73.99318861961365,0.16845,0.011508
74.04046392440796,0.16855,0.011551
74.09240317344666,0.17295,0.01153
74.142502784729,0.17292,0.011525
74.20010805130005,0.17737,0.01153
74.25353360176086,0.17943,0.011547
74.30370736122131,0.18149,0.011542
74.35509634017944,0.18135,0.011516
74.39886045455933,0.18576,0.011537
74.45797753334045,0.18569,0.011528
74.50635433197021,0.18969,0.011514
74.55690288543701,0.19201,0.011513
74.60941576957703,0.19415,0.01153
74.6556396484375,0.19599,0.011539
74.71290469169617,0.19812,0.011539
74.76369261741638,0.19828,0.011518
74.81568479537964,0.2024,0.011518
74.8592278957367,0.20435,0.011548
74.91500067710876,0.20643,0.011469
74.96801853179932,0.20641,0.011602
75.01811480522156,0.20867,0.011563
75.06718254089355,0.2126,0.011488
75.11846446990967,0.21468,0.01153
75.16831588745117,0.21656,0.011555
75.2201316356659,0.21857,0.011512
75.27033805847168,0.21895,0.011554
75.3189799785614,0.22087,0.011556
75.37001180648804,0.22272,0.01155
75.420166015625,0.22681,0.011514
75.47123551368713,0.22881,0.011505
75.51901412010193,0.23085,0.011527
75.57167959213257,0.23281,0.011542
75.62132096290588,0.23319,0.011543
75.67247724533081,0.23663,0.011521
75.7259750366211,0.23693,0.011493
75.77293539047241,0.23888,0.011517
75.82565903663635,0.24297,0.011576
75.87629461288452,0.24487,0.011584
75.93359279632568,0.24503,0.011579
75.98414182662964,0.24885,0.011541
76.03361701965332,0.24889,0.011579
76.08337068557739,0.25081,0.011549
76.13284230232239,0.25493,0.011554
76.1841127872467,0.25516,0.011544
76.24297213554382,0.25895,0.011595
76.29319667816162,0.25907,0.011565
76.34231185913086,0.26108,0.011556
76.39115953445435,0.26269,0.011558
76.44115614891052,0.26683,0.011568
76.493079662323,0.26869,0.011513
76.5450394153595,0.27068,0.011536
76.59628772735596,0.27093,0.011527
76.64503622055054,0.27269,0.011535
76.69627928733826,0.27472,0.01157
76.74629616737366,0.27672,0.011535
76.80052089691162,0.27873,0.011529
76.8462266921997,0.28268,0.01156
76.89885473251343,0.28456,0.011587
76.94803023338318,0.28485,0.011525
76.9999520778656,0.28687,0.011565
77.04853987693787,0.28864,0.011546
77.0990879535675,0.29271,0.011567
77.1560549736023,0.2926,0.011563
77.20221090316772,0.29469,0.011591
77.2555000782013,0.29676,0.011611
77.30209946632385,0.29871,0.01156
77.35787606239319,0.3026,0.011529
77.40598487854004,0.3046,0.011579
77.45661425590515,0.30457,0.011532
77.50694465637207,0.30651,0.011554
77.55497026443481,0.30857,0.011539
77.60922265052795,0.31059,0.011543
77.66063237190247,0.31281,0.011538
77.70787286758423,0.31283,0.011531
77.76159143447876,0.045493,0.011494
77.80859017372131,0.050267,0.01147
77.85976433753967,0.055653,0.011482
77.9080536365509,0.061093,0.011481
77.96117734909058,0.066627,0.011523
78.0091347694397,0.0722,0.011555
78.06523251533508,0.080693,0.01154
78.11319780349731,0.0834,0.011541
78.16136026382446,0.08868,0.011552
78.21224594116211,0.094013,0.011499
78.26440715789795,0.09932,0.011545
78.32556557655334,0.10288,0.011502
78.37453317642212,0.10572,0.01155
78.42242860794067,0.10819,0.011503
78.47817850112915,0.11063,0.011501
78.52664256095886,0.11304,0.011539
78.57673287391663,0.11556,0.011544
78.62711358070374,0.11799,0.011529
78.68064165115356,0.12055,0.011539
78.73214983940125,0.12277,0.011564
78.78191328048706,0.12545,0.011561
78.83524751663208,0.12764,0.011555
78.88186120986938,0.13013,0.011607
78.93817019462585,0.13004,0.011569
78.98650074005127,0.13469,0.011481
79.03682017326355,0.13931,0.011525
79.09474515914917,0.13944,0.011523
79.14273643493652,0.14173,0.0115
79.19797372817993,0.14408,0.011539
79.25007748603821,0.14629,0.011593
79.29835247993469,0.15088,0.011501
79.35090374946594,0.153,0.011558
79.39961123466492,0.15313,0.011578
79.44901752471924,0.15527,0.011533
79.49948263168335,0.15757,0.011574
79.54967498779297,0.16192,0.011574
79.59990930557251,0.16193,0.011567
79.65188241004944,0.16419,0.011526
79.6980094909668,0.16621,0.01154
79.74855303764343,0.16833,0.011541
79.80070042610168,0.17073,0.011574
79.84992933273315,0.17289,0.011557
79.89947772026062,0.17493,0.011561
79.95317602157593,0.17705,0.011529
79.9995653629303,0.17908,0.011533
80.05485248565674,0.17909,0.011556
80.10306549072266,0.1834,0.011537
80.15350770950317,0.18536,0.011541
80.20478868484497,0.18769,0.011473
80.25540733337402,0.18972,0.011564
80.3035180568695,0.18976,0.011529
80.35087513923645,0.19376,0.011501
80.40460348129272,0.19391,0.011541
80.45477676391602,0.19604,0.011548
80.50579142570496,0.20016,0.011579
80.5568277835846,0.20224,0.011554
80.60990071296692,0.20209,0.011554
80.65848159790039,0.20435,0.011517
80.7087779045105,0.20664,0.011583
80.7592785358429,0.20835,0.011507
80.80660104751587,0.21235,0.011491
80.86002087593079,0.21252,0.011549
80.91258645057678,0.21635,0.01151
80.9603385925293,0.21657,0.011516
81.01243042945862,0.21855,0.011545
81.06920266151428,0.22248,0.011554
81.11822700500488,0.22459,0.01157
81.16806650161743,0.22649,0.011581
81.2174940109253,0.22869,0.01155
81.27003073692322,0.22875,0.011567
81.32120251655579,0.2326,0.011496
81.37230610847473,0.23472,0.011562
81.4190731048584,0.23481,0.011553
81.4711606502533,0.23869,0.01156
81.52067184448242,0.23876,0.011567
81.57113814353943,0.24063,0.011509
81.62089967727661,0.24265,0.011557
81.67396092414856,0.24481,0.011567
81.72630882263184,0.24887,0.011519
81.77337050437927,0.25093,0.011567
81.82744836807251,0.25265,0.011559
81.87647342681885,0.25295,0.011612
81.92545223236084,0.25473,0.011594
81.9754090309143,0.25669,0.011513
82.029043674469,0.25876,0.011603
82.07793760299683,0.26267,0.011564
82.1321611404419,0.26473,0.011635
82.18040728569031,0.26485,0.011572
82.2304105758667,0.26667,0.011614
82.28065299987793,0.26848,0.011547
82.3318452835083,0.27281,0.011574
82.38252329826355,0.27459,0.011583
82.42737555503845,0.27471,0.011537
82.48185229301453,0.27869,0.011562
82.53199243545532,0.27873,0.011491
82.58320784568787,0.28061,0.011613
82.63345503807068,0.28445,0.011511
82.68583989143372,0.28456,0.011546
82.734459400177,0.28651,0.011566
82.78406620025635,0.28849,0.011547
82.8350841999054,0.29048,0.011515
82.88490319252014,0.2924,0.011494
82.93401765823364,0.29445,0.011558
82.9838502407074,0.29671,0.011536
83.03645658493042,0.29844,0.011548
83.0895893573761,0.30045,0.011581
83.1371762752533,0.30248,0.011536
83.19211792945862,0.30432,0.011564
83.24030017852783,0.30639,0.011551
83.29457235336304,0.30827,0.011544
83.34068584442139,0.31237,0.011606
83.39191722869873,0.31225,0.011569
83.44431042671204,0.31652,0.011483
83.4940140247345,0.045747,0.011532
83.54238104820251,0.050387,0.011555
83.59490776062012,0.0552,0.011502
83.64697360992432,0.060507,0.011512
83.69813799858093,0.066187,0.011466
83.74953174591064,0.071693,0.01153
83.80340838432312,0.077213,0.011582
83.85781025886536,0.082707,0.011559
83.90340423583984,0.088493,0.011499
83.95745038986206,0.093333,0.011498
84.00312542915344,0.099067,0.011522
84.05768871307373,0.10273,0.011528
84.10642957687378,0.10521,0.011521
84.15868043899536,0.10796,0.011446
84.20895314216614,0.1104,0.011472
84.25961565971375,0.11289,0.011485
84.31219291687012,0.11516,0.011454
84.36112833023071,0.11768,0.011505
84.41090703010559,0.12012,0.011489
84.46150207519531,0.12269,0.011506
84.51315975189209,0.12515,0.011533
84.56600427627563,0.12748,0.011518
84.61550259590149,0.12976,0.011507
84.66764569282532,0.12985,0.011505
84.72164702415466,0.13229,0.011495
84.77014398574829,0.13679,0.011583
84.82103085517883,0.13929,0.011468
84.86979675292969,0.14157,0.011466
84.92219686508179,0.14384,0.011481
84.97157859802246,0.14587,0.011464
85.02227234840393,0.14832,0.011519
85.07239580154419,0.14857,0.011526
85.12099242210388,0.15085,0.011526
85.17106199264526,0.15507,0.011488
85.22483348846436,0.15723,0.011469
85.27374172210693,0.15943,0.011431
85.32717633247375,0.16169,0.011543
85.37473273277283,0.16388,0.01158
85.42770290374756,0.16379,0.011537
85.47639226913452,0.16839,0.011548
85.53092312812805,0.17044,0.011545
85.57927322387695,0.17253,0.011558
85.62754106521606,0.17456,0.011472
85.67981886863708,0.17469,0.011517
85.73272609710693,0.17691,0.0115
85.7810525894165,0.18096,0.011529
85.8291335105896,0.18109,0.011536
85.88397192955017,0.1854,0.011502
85.93468928337097,0.18551,0.011541
85.9828724861145,0.18756,0.011545
86.03319835662842,0.18956,0.01152
86.08172583580017,0.19171,0.011536
86.13344693183899,0.19384,0.011537
86.18665933609009,0.19776,0.011519
86.23320293426514,0.19997,0.011501
86.28730893135071,0.20192,0.01152
86.3348445892334,0.20395,0.011545
86.38617277145386,0.20429,0.0115
86.43523001670837,0.20608,0.011548
86.48598790168762,0.20813,0.011544
86.53602075576782,0.21012,0.011564
86.5885841846466,0.21437,0.01155
86.6380124092102,0.21625,0.011561
86.69022965431213,0.21812,0.011552
86.74114084243774,0.21831,0.011507
86.78903079032898,0.22048,0.011556
86.84105634689331,0.22233,0.011525
86.88740682601929,0.22451,0.011544
86.93801736831665,0.22656,0.011574
86.9997136592865,0.22867,0.011582
87.04557204246521,0.23056,0.011545
87.09774231910706,0.23249,0.011563
87.14971423149109,0.23451,0.01158
87.1983253955841,0.23649,0.011548
87.2505521774292,0.24064,0.011555
87.29896855354309,0.24259,0.011582
87.35107111930847,0.24267,0.011564
87.40045237541199,0.24445,0.011521
87.45264291763306,0.24657,0.011485
87.50114369392395,0.2486,0.011535
87.55157566070557,0.25265,0.011547
87.6027045249939,0.25252,0.01153
87.65146446228027,0.25455,0.011561
87.70361042022705,0.25635,0.011463
87.75338077545166,0.25836,0.011496
87.80525994300842,0.26055,0.011546
87.85481190681458,0.26233,0.0116
87.90508365631104,0.26652,0.01155
87.95150399208069,0.2664,0.011496
88.00830721855164,0.26851,0.011564
88.05631709098816,0.27033,0.011544
88.10834121704102,0.27259,0.011554
88.15632891654968,0.27431,0.011248
88.20613527297974,0.27457,0.011596
88.25519227981567,0.27671,0.011567
88.3069257736206,0.28047,0.011602
88.35820460319519,0.28252,0.011558
88.40483522415161,0.28444,0.011554
88.45788311958313,0.28656,0.011547
88.50882482528687,0.28841,0.011577
88.5598394870758,0.29048,0.011517
88.60907220840454,0.29253,0.011594
88.66035199165344,0.29436,0.011569
88.70781302452087,0.29635,0.011561
88.75867986679077,0.29833,0.011558
88.80873847007751,0.3002,0.011539
88.86113786697388,0.30216,0.011574
88.91245436668396,0.30435,0.011549
88.9621992111206,0.30619,0.011539
89.01193952560425,0.30813,0.01151
89.06376242637634,0.31013,0.011538
89.11420893669128,0.31215,0.011547
89.16281986236572,0.316,0.011582
89.21910119056702,0.04604,0.011558
89.26810026168823,0.04956,0.011549
89.31733202934265,0.054747,0.011485
89.36736726760864,0.06016,0.011563
89.4232246875763,0.060387,0.011585
89.47240328788757,0.065707,0.011574
89.51998376846313,0.07132,0.011533
89.57177090644836,0.07688,0.011504
89.6277277469635,0.0876,0.011522
89.67527389526367,0.09304,0.011538
89.72612142562866,0.098347,0.011583
89.77804160118103,0.10248,0.011536
89.82681107521057,0.10251,0.011545
89.87929081916809,0.10504,0.011512
89.92524552345276,0.10997,0.011514
89.9787757396698,0.11263,0.011586
90.03311395645142,0.11261,0.011507
90.08681201934814,0.11525,0.011508
90.1383912563324,0.11751,0.01153
90.18637537956238,0.1226,0.011552
90.24360513687134,0.12513,0.011517
90.29248571395874,0.12721,0.011534
90.34536576271057,0.12988,0.01153
90.3966736793518,0.13196,0.011568
90.44661664962769,0.13199,0.011522
90.49515342712402,0.13664,0.01157
90.5475971698761,0.13672,0.011547
90.59715533256531,0.13905,0.011499
90.6510682106018,0.14357,0.011499
90.70148992538452,0.14595,0.011551
90.74887561798096,0.14812,0.011549
90.80346989631653,0.14844,0.011523
90.85566473007202,0.15259,0.01155
90.90271806716919,0.15483,0.011511
90.95586919784546,0.15485,0.011506
91.00432181358337,0.15739,0.011537
91.05459141731262,0.15917,0.011529
91.1095871925354,0.16371,0.011574
91.1598391532898,0.16588,0.011527
91.21191906929016,0.16811,0.011508
91.26030778884888,0.16808,0.011591
91.31188225746155,0.17024,0.011565
91.36921715736389,0.17453,0.011586
91.42052578926086,0.17657,0.011546
91.47791123390198,0.17888,0.011553
91.53281021118164,0.18099,0.011539
91.58113861083984,0.18115,0.011567
91.62907862663269,0.18319,0.011501
91.6810712814331,0.18736,0.01159
91.73065376281738,0.18944,0.011567
91.782705783844,0.19131,0.011486
91.8332188129425,0.19145,0.011519
91.88500809669495,0.19361,0.011543
91.93749856948853,0.19571,0.011509
91.98562693595886,0.19761,0.011526
92.04002785682678,0.1998,0.011507
92.08747982978821,0.20389,0.011524
92.14159774780273,0.20599,0.011542
92.19115447998047,0.20608,0.011542
92.23933577537537,0.21,0.011552
92.28926587104797,0.21013,0.011562
92.33636832237244,0.21211,0.011526
92.39426946640015,0.21617,0.011496
92.44222092628479,0.21827,0.011476
92.49279403686523,0.22025,0.011524
92.54287815093994,0.2222,0.011527
92.5918140411377,0.22427,0.011511
92.64313769340515,0.22423,0.011522
92.6931848526001,0.22645,0.011548
92.74467301368713,0.22835,0.01157
92.7992057800293,0.23229,0.011555
92.84610080718994,0.23423,0.011561
92.89864921569824,0.2342,0.011525
92.94620656967163,0.2364,0.011554
92.99898409843445,0.23825,0.011524
93.04632043838501,0.24035,0.011533
93.09671258926392,0.24233,0.011587
93.14805388450623,0.24445,0.011487
93.1974687576294,0.24831,0.011537
93.25114274024963,0.24855,0.011479
93.29870796203613,0.25025,0.011531
93.35142421722412,0.25248,0.011565
93.40284562110901,0.25427,0.011579
93.45392322540283,0.25632,0.011558
93.51016974449158,0.25847,0.011564
93.55830335617065,0.26053,0.011559
93.61116456985474,0.26237,0.011495
93.65975284576416,0.26436,0.011547
93.71726846694946,0.26629,0.011629
93.7677743434906,0.26827,0.011579
93.82480478286743,0.27217,0.011582
93.87395167350769,0.27411,0.011474
93.92590522766113,0.27615,0.011528
93.97630286216736,0.27649,0.011542
94.03510308265686,0.27823,0.011509
94.0824921131134,0.28237,0.011463
94.13652873039246,0.28413,0.011576
94.18516230583191,0.28608,0.01149
94.24170017242432,0.28815,0.01153
94.29390931129456,0.29004,0.011544
94.34336733818054,0.29031,0.011552
94.39390921592712,0.29212,0.011554
94.45170187950134,0.296,0.011479
94.50181341171265,0.29805,0.011523
94.55600428581238,0.30003,0.011511
94.6043529510498,0.30029,0.01155
94.66040802001953,0.30399,0.011553
94.71104288101196,0.306,0.011496
94.75818586349487,0.30803,0.011535
94.80830097198486,0.30991,0.011566
94.86905026435852,0.31,0.011565
94.91735291481018,0.31576,0.011518
94.9629979133606,0.04476,0.011525
95.01954460144043,0.049453,0.011533
95.07264399528503,0.054067,0.011516
95.12289929389954,0.059533,0.011531
95.1710467338562,0.065227,0.011531
95.22177195549011,0.065307,0.011509
95.2742805480957,0.07644,0.011481
95.32730436325073,0.081747,0.011484
95.37888312339783,0.087293,0.011463
95.42698812484741,0.0926,0.011519
95.48719811439514,0.098,0.011509
95.53702998161316,0.10215,0.011503
95.58739185333252,0.10508,0.011523
95.64017605781555,0.10745,0.011519
95.68632173538208,0.10983,0.011526
95.73849034309387,0.1124,0.011516
95.78933525085449,0.11259,0.011451
95.83838224411011,0.11753,0.011484
95.89685034751892,0.11997,0.011505
95.94506311416626,0.12216,0.01154
95.99691033363342,0.12472,0.011509
96.04786777496338,0.12712,0.011499
96.09917759895325,0.1272,0.011516
96.14961194992065,0.13191,0.011517
96.20673990249634,0.13425,0.011539
96.25331139564514,0.13661,0.011555
96.3095474243164,0.13896,0.011579
96.36272406578064,0.14339,0.011515
96.40939283370972,0.14339,0.011518
96.4594144821167,0.14568,0.011471
96.51686120033264,0.14795,0.011535
96.56884527206421,0.15252,0.011508
96.62374258041382,0.15244,0.011537
96.67272710800171,0.15456,0.011521
96.73054933547974,0.15696,0.011525
96.7837324142456,0.15916,0.011537
96.83418226242065,0.16128,0.011545
96.88129997253418,0.16361,0.011519
96.9321825504303,0.16573,0.011516
96.98382306098938,0.16792,0.011507
97.03235602378845,0.17015,0.011487
97.08612418174744,0.1722,0.011568
97.1373553276062,0.1744,0.011583
97.18938970565796,0.17644,0.011613
97.24336814880371,0.18077,0.011565
97.29369473457336,0.18085,0.011521
97.34240651130676,0.18297,0.011555
97.39152574539185,0.18501,0.011573
97.44197058677673,0.18715,0.011501
97.49263858795166,0.18921,0.011523
97.54295301437378,0.19125,0.011485
97.59249830245972,0.19327,0.01153
97.6436197757721,0.19536,0.011512
97.69517350196838,0.19769,0.011532
97.74680662155151,0.19949,0.011541
97.79332518577576,0.20153,0.011574
97.84664940834045,0.20365,0.011515
97.89536333084106,0.20584,0.011554
97.94692516326904,0.20785,0.011485
97.99457836151123,0.20984,0.011564
98.04802966117859,0.20999,0.011534
98.09893560409546,0.21193,0.011572
98.14818620681763,0.21603,0.011561
98.1972427368164,0.2182,0.011591
98.24580883979797,0.22011,0.011513
98.29375076293945,0.22223,0.011571
98.35093474388123,0.22229,0.011558
98.40202379226685,0.22623,0.011501
98.45424175262451,0.22809,0.011508
98.50451111793518,0.2284,0.011532
98.55255150794983,0.2322,0.011553
98.60178303718567,0.23416,0.011571
98.65037250518799,0.23617,0.011578
98.7040274143219,0.23817,0.011535
98.7533586025238,0.24017,0.011531
98.81065440177917,0.24028,0.011469
98.8590681552887,0.24421,0.011253
98.90751051902771,0.24633,0.011504
98.96102619171143,0.24633,0.011539
99.00848245620728,0.25013,0.011557
99.05816531181335,0.25025,0.011505
99.11100149154663,0.25432,0.011561
99.16133952140808,0.25423,0.011527
99.21264481544495,0.25823,0.011551
99.26007390022278,0.26029,0.011587
99.31451630592346,0.26213,0.011578
99.3632128238678,0.26409,0.011588
99.41227579116821,0.26607,0.011562
99.46997904777527,0.26813,0.011511
99.52164697647095,0.26825,0.011515
99.57072186470032,0.27221,0.011568
99.62177324295044,0.27404,0.011527
99.67775106430054,0.27608,0.011551
99.73096251487732,0.27624,0.011547
99.77954316139221,0.28012,0.01152
99.82881569862366,0.28209,0.011529
99.88724708557129,0.28415,0.011558
99.93612766265869,0.28411,0.011556
99.99752712249756,0.288,0.01149
100.04513621330261,0.28999,0.01153
100.10509157180786,0.29199,0.011554
100.15940594673157,0.29388,0.011517
100.20724868774414,0.29601,0.011541
100.25792002677917,0.29791,0.011549
100.30873489379883,0.30003,0.011519
100.35829520225525,0.30173,0.011517
100.40883183479309,0.30395,0.011516
100.46019291877747,0.30596,0.01151
100.51419377326965,0.30776,0.011492
100.56105732917786,0.30989,0.011527
100.61291456222534,0.31179,0.011516
100.66165614128113,0.31544,0.011534
100.71825671195984,0.04612,0.011588
100.76734066009521,0.048773,0.011592
100.8184597492218,0.053893,0.011513
100.86454653739929,0.059267,0.011569
100.91933488845825,0.064947,0.01149
100.97010970115662,0.070453,0.011518
101.01577711105347,0.07608,0.011434
101.07179808616638,0.081387,0.011486
101.1225688457489,0.08688,0.011514
101.17404556274414,0.09216,0.011543
101.22182273864746,0.09764,0.01154
101.27191424369812,0.10216,0.01151
101.32125616073608,0.10477,0.011547
101.37279343605042,0.10716,0.011469
101.42170739173889,0.10965,0.011504
101.4744131565094,0.11231,0.011563
101.51923513412476,0.11235,0.011506
101.57303071022034,0.11729,0.011528
101.6240782737732,0.11968,0.011501
101.6730387210846,0.12217,0.011465
101.72436285018921,0.12459,0.011513
101.775310754776,0.12449,0.011495
101.82452154159546,0.12712,0.011495
101.87474322319031,0.13171,0.011506
101.92754817008972,0.13405,0.011516
101.97785711288452,0.13636,0.011482
102.03412008285522,0.13869,0.011469
102.08151268959045,0.141,0.011502
102.1322283744812,0.14328,0.011543
102.18386507034302,0.14333,0.011503
102.2332067489624,0.14561,0.011527
102.28138041496277,0.14997,0.01155
102.33420205116272,0.15221,0.011517
102.3854513168335,0.15457,0.01153
102.43366694450378,0.15669,0.011443
102.48591113090515,0.15693,0.011511
102.53238892555237,0.15915,0.011527
102.58673310279846,0.16109,0.011538
102.63653516769409,0.16568,0.011494
102.69076538085938,0.16747,0.011518
102.73899030685425,0.16748,0.011555
102.78906440734863,0.16991,0.01154
102.84092140197754,0.17201,0.011507
102.89112305641174,0.17423,0.011556
102.94478130340576,0.1762,0.011534
102.99397397041321,0.18057,0.011498
103.04428911209106,0.18273,0.011506
103.09219002723694,0.18481,0.011529
103.143639087677,0.18479,0.011545
103.19501090049744,0.18696,0.011532
103.24734020233154,0.18915,0.011554
103.30357122421265,0.19116,0.011521
103.35001420974731,0.19531,0.011554
103.40305948257446,0.19735,0.011553
103.45230054855347,0.19735,0.01155
103.50443863868713,0.19947,0.011518
103.55042815208435,0.20165,0.011581
103.60252237319946,0.20339,0.011545
103.65170788764954,0.20565,0.011526
103.70483922958374,0.20759,0.011512
103.7577748298645,0.21173,0.011512
103.81121587753296,0.21179,0.011535
103.85694169998169,0.21381,0.011521
103.91176867485046,0.21585,0.011548
103.95843839645386,0.21787,0.011539
104.00914287567139,0.21996,0.011445
104.06027865409851,0.21989,0.011494
104.11154079437256,0.22405,0.011486
104.17015933990479,0.22615,0.011465
104.22100853919983,0.22807,0.011542
104.27102494239807,0.23001,0.011547
104.32150888442993,0.232,0.011562
104.37211513519287,0.2342,0.011594
104.42297315597534,0.23604,0.011551
104.46753168106079,0.24,0.011526
104.52466130256653,0.23997,0.011492
104.57176303863525,0.24223,0.011236
104.62454128265381,0.24397,0.011155
104.67442321777344,0.24601,0.011166
104.72184538841248,0.24807,0.011541
104.77155995368958,0.25016,0.011599
104.82481122016907,0.25208,0.011465
104.87364625930786,0.25401,0.011539
104.92496657371521,0.25596,0.011542
104.97457551956177,0.25804,0.011542
105.02986478805542,0.25991,0.011596
105.07738614082336,0.26217,0.011667
105.12717342376709,0.26411,0.011591
105.17915320396423,0.26611,0.011539
105.23507642745972,0.26795,0.011545
105.28280806541443,0.26985,0.011587
105.33692479133606,0.27195,0.011554
105.38463115692139,0.27404,0.011603
105.43584275245667,0.27601,0.011472
105.48586916923523,0.27797,0.011614
105.53836297988892,0.27993,0.011502
105.5855438709259,0.28192,0.011523
105.64113306999207,0.28375,0.011559
105.68921494483948,0.28589,0.011585
105.73965811729431,0.28587,0.011561
105.79366612434387,0.29,0.011531
105.84285974502563,0.29196,0.011548
105.89450359344482,0.29387,0.011531
105.94256615638733,0.29592,0.011552
105.99859142303467,0.29773,0.01155
106.04989957809448,0.29972,0.011505
106.09934711456299,0.30359,0.011568
106.14945888519287,0.30383,0.011558
106.19921731948853,0.30572,0.011539
106.25383710861206,0.30768,0.011553
106.30103135108948,0.30952,0.011544
106.35287928581238,0.31156,0.011533
106.4028811454773,0.31507,0.011446
106.4530861377716,0.048573,0.011539
106.5018539428711,0.04796,0.011558
106.55611085891724,0.05316,0.011552
106.60509514808655,0.058747,0.011531
106.65480399131775,0.05884,0.011519
106.70715093612671,0.070053,0.011496
106.75635147094727,0.070093,0.011478
106.80779671669006,0.080827,0.011519
106.85996294021606,0.08644,0.011443
106.91197419166565,0.09172,0.011511
106.95922231674194,0.096933,0.011502
107.00743842124939,0.097133,0.01143
107.06054997444153,0.10193,0.011528
107.11089491844177,0.10691,0.01152
107.1665186882019,0.10959,0.011489
107.21409273147583,0.11201,0.011543
107.26305341720581,0.11455,0.011521
107.31637573242188,0.11701,0.011518
107.36616468429565,0.11692,0.011532
107.4161868095398,0.11933,0.011548
107.46920537948608,0.12439,0.01149
107.5180344581604,0.12655,0.011458
107.57091808319092,0.12909,0.011508
107.61900019645691,0.13129,0.011524
107.67556285858154,0.13389,0.011493
107.72303462028503,0.13603,0.011474
107.77851486206055,0.13856,0.011448
107.82471179962158,0.13859,0.011505
107.87594795227051,0.14095,0.011502
107.92977166175842,0.14549,0.011529
107.9809923171997,0.14776,0.01154
108.02697420120239,0.14995,0.01155
108.0783257484436,0.15201,0.011522
108.13037896156311,0.15423,0.011425
108.17687439918518,0.15656,0.011526
108.22875618934631,0.15677,0.011556
108.27861380577087,0.15888,0.011517
108.33264493942261,0.16327,0.011529
108.37883734703064,0.16312,0.011497
108.43484306335449,0.16756,0.011539
108.48449492454529,0.1696,0.011548
108.53311538696289,0.16985,0.011574
108.5830557346344,0.17197,0.011549
108.63223004341125,0.17409,0.011547
108.68288969993591,0.17816,0.011511
108.73737740516663,0.18041,0.01147
108.78833055496216,0.18252,0.011459
108.83489942550659,0.18261,0.011464
108.88579654693604,0.18471,0.011476
108.93673872947693,0.18876,0.011537
108.99272036552429,0.19109,0.011528
109.04341745376587,0.19309,0.011536
109.09103918075562,0.19311,0.011529
109.14175057411194,0.19517,0.011499
109.19310927391052,0.19731,0.011544
109.24019289016724,0.19923,0.011536
109.29302740097046,0.20147,0.011484
109.34321427345276,0.20552,0.011503
109.39401197433472,0.20551,0.011527
109.4446108341217,0.20776,0.011517
109.49187064170837,0.20964,0.011518
109.55505657196045,0.21152,0.011538
109.60249304771423,0.21576,0.011549
109.65341544151306,0.21589,0.011545
109.70425724983215,0.21976,0.011601
109.75418996810913,0.21989,0.011546
109.80536651611328,0.22181,0.011478
109.85940980911255,0.22584,0.011455
109.91177558898926,0.22765,0.011474
109.96009612083435,0.22795,0.011517
110.00994729995728,0.23005,0.011615
110.05850291252136,0.23183,0.011542
110.10887122154236,0.23377,0.01154
110.15931844711304,0.23588,0.011523
110.21194791793823,0.24003,0.011376
110.26559114456177,0.24183,0.011069
110.31294965744019,0.24385,0.01103
110.36874914169312,0.24384,0.011055
110.42048048973083,0.246,0.011533
110.47010254859924,0.24805,0.01152
110.52227687835693,0.24995,0.011489
110.57099437713623,0.25195,0.011505
110.62465381622314,0.25407,0.011515
110.67126226425171,0.25608,0.011533
110.7237229347229,0.25777,0.011561
110.77216172218323,0.26001,0.011447
110.82434248924255,0.2638,0.011514
110.87723469734192,0.26397,0.01153
110.92809438705444,0.26572,0.011543
110.97887682914734,0.26787,0.011581
111.02817845344543,0.26976,0.011576
111.07830262184143,0.27185,0.011535
111.12809133529663,0.27389,0.011578
111.1773726940155,0.27576,0.011478
111.2255437374115,0.27776,0.011506
111.27999663352966,0.27976,0.01157
111.33041834831238,0.28169,0.011497
111.3785994052887,0.28364,0.011545
111.43134260177612,0.28577,0.011533
111.47893476486206,0.28759,0.011553
111.52897882461548,0.28975,0.011539
111.58281087875366,0.29167,0.011583
111.63034892082214,0.29347,0.01154
111.68388986587524,0.29387,0.011541
111.73143601417542,0.29783,0.011534
111.78426051139832,0.29975,0.011554
111.83205652236938,0.30163,0.011513
111.88092184066772,0.30355,0.011551
111.93856239318848,0.3056,0.01153
111.98811101913452,0.30763,0.011533
112.03869581222534,0.30943,0.011497
112.08628106117249,0.31152,0.011537
112.14042663574219,0.31477,0.011526
112.18648719787598,0.31479,0.011532
112.23867750167847,0.048107,0.011481
112.28746223449707,0.04744,0.011547
112.33844113349915,0.058253,0.011499
112.39186906814575,0.063973,0.011452
112.44217658042908,0.0696,0.011522
112.49149751663208,0.072387,0.011519
112.54741311073303,0.078133,0.011506
112.5971508026123,0.0806,0.01149
112.64285206794739,0.091253,0.011533
112.69627094268799,0.096693,0.011508
112.74719548225403,0.10153,0.011455
112.80120325088501,0.10411,0.011507
112.84900903701782,0.10436,0.011498
112.90723252296448,0.10681,0.011482
112.95442509651184,0.11188,0.011476
113.00625777244568,0.11429,0.011505
113.06049633026123,0.11673,0.011501
113.10611534118652,0.11913,0.011499
113.1575722694397,0.12171,0.011496
113.20673441886902,0.12409,0.01149
113.2595591545105,0.12664,0.011456
113.30863332748413,0.12893,0.01153
113.35937118530273,0.13121,0.011499
113.41144561767578,0.1336,0.011507
113.462069272995,0.13587,0.011475
113.5101969242096,0.13613,0.011489
113.5610294342041,0.13845,0.011494
113.60950446128845,0.14064,0.011474
113.65980243682861,0.14509,0.011485
113.71478724479675,0.14749,0.011487
113.76226043701172,0.14975,0.01146
113.81546330451965,0.15187,0.011488
113.86452460289001,0.15229,0.011514
113.92010378837585,0.15432,0.011558
113.96813249588013,0.15647,0.011555
114.01833462715149,0.16095,0.011542
114.06873774528503,0.16301,0.011579
114.12172389030457,0.16519,0.011498
114.16808867454529,0.16523,0.01153
114.21834588050842,0.16745,0.011503
114.27110123634338,0.16948,0.011577
114.32128262519836,0.17179,0.011579
114.37603282928467,0.17395,0.011495
114.42313051223755,0.17803,0.011548
114.47571754455566,0.18017,0.011565
114.52629113197327,0.18236,0.011488
114.57584428787231,0.18249,0.01151
114.6292016506195,0.18449,0.011553
114.67780447006226,0.1866,0.011505
114.72916293144226,0.18867,0.011567
114.77686262130737,0.19089,0.011523
114.83269596099854,0.19497,0.011563
114.88246393203735,0.19523,0.011534
114.93211889266968,0.19713,0.01151
114.98498272895813,0.19917,0.011501
115.03709197044373,0.20131,0.011542
115.0879418849945,0.20335,0.011564
115.13817596435547,0.20531,0.011551
115.18367147445679,0.20945,0.011549
115.23506259918213,0.20961,0.011541
115.28878879547119,0.21151,0.011564
115.33753609657288,0.21355,0.01154
115.38806509971619,0.21559,0.011475
115.43718266487122,0.21752,0.011497
115.49279308319092,0.21949,0.011537
115.54634165763855,0.22171,0.011363
115.59737181663513,0.22576,0.011541
115.64261102676392,0.22572,0.011519
115.69572234153748,0.22793,0.011517
115.74587821960449,0.22977,0.011539
115.79575443267822,0.2318,0.011527
115.84759736061096,0.23387,0.011491
115.89543008804321,0.23588,0.011515
115.94924449920654,0.23772,0.01151
115.99889397621155,0.23973,0.011286
116.04985809326172,0.24176,0.011121
116.09915661811829,0.2436,0.011261
116.14875864982605,0.24556,0.011371
116.20016360282898,0.24571,0.011501
116.24882245063782,0.24973,0.011477
116.30422353744507,0.25173,0.011535
116.35301446914673,0.25373,0.011538
116.40341138839722,0.25564,0.01157
116.45140647888184,0.25779,0.011573
116.5042359828949,0.25797,0.011518
116.55991125106812,0.26167,0.011561
116.61033868789673,0.2638,0.011561
116.66110301017761,0.26567,0.011521
116.71103739738464,0.26756,0.011533
116.76341915130615,0.26953,0.011521
116.81132674217224,0.27151,0.011523
116.8625020980835,0.27337,0.011526
116.91544675827026,0.27545,0.011543
116.96190047264099,0.27752,0.011489
117.01371145248413,0.27956,0.011489
117.06617641448975,0.28153,0.011559
117.11787223815918,0.28339,0.011517
117.16698408126831,0.28541,0.011519
117.21616792678833,0.28744,0.011502
117.26758980751038,0.28953,0.011542
117.31688094139099,0.29151,0.011548
117.36824584007263,0.29159,0.011526
117.41819381713867,0.29348,0.011512
117.4676284790039,0.2974,0.011523
117.52210545539856,0.29935,0.011527
117.57611799240112,0.30141,0.011569
117.62611150741577,0.30148,0.011552
117.68065047264099,0.30552,0.011577
117.72899961471558,0.30552,0.011531
117.78105974197388,0.30748,0.011479
117.82727432250977,0.31135,0.011541
117.8814377784729,0.31424,0.011564
117.93102741241455,0.043573,0.011493
117.97679162025452,0.047413,0.011498
118.02990436553955,0.052387,0.011506
118.08561158180237,0.052173,0.011502
118.13109707832336,0.057893,0.011558
118.18321084976196,0.06336,0.011508
118.23535656929016,0.074587,0.01151
118.28631830215454,0.080027,0.011565
118.33598971366882,0.085693,0.011541
118.38752245903015,0.090733,0.01148
118.43721437454224,0.096147,0.011512
118.48699426651001,0.10136,0.011504
118.54870986938477,0.10393,0.01153
118.60010838508606,0.10665,0.011524
118.6466612815857,0.10911,0.011541
118.70001101493835,0.11161,0.011464
118.75044059753418,0.11415,0.01151
118.8034815788269,0.11653,0.011523
118.85421299934387,0.11904,0.011531
118.90276908874512,0.12147,0.01156
118.95985674858093,0.12396,0.011513
119.01271438598633,0.12635,0.011444
119.06506037712097,0.12881,0.011496
119.11103177070618,0.13117,0.011466
119.16685581207275,0.13135,0.011483
119.22524833679199,0.13599,0.011507
119.27204704284668,0.1382,0.011463
119.32026553153992,0.14069,0.011476
119.37321758270264,0.14288,0.011546
119.42277693748474,0.14496,0.011501
119.47449207305908,0.14719,0.011532
119.52651786804199,0.14965,0.011468
119.57844638824463,0.1518,0.011559
119.62446761131287,0.15413,0.011541
119.68755078315735,0.15627,0.011512
119.73804211616516,0.15627,0.011518
119.78423237800598,0.16069,0.011511
119.83763885498047,0.16311,0.011514
119.88690233230591,0.16508,0.011479
119.93921756744385,0.16731,0.011495
119.98602151870728,0.16943,0.011482
120.03709053993225,0.17171,0.011498
120.08703446388245,0.17369,0.011525
120.13949608802795,0.17597,0.011484
120.18979954719543,0.17789,0.011484
120.24185919761658,0.18009,0.011491
120.28971290588379,0.18007,0.011487
120.34393429756165,0.18435,0.011517
120.38987994194031,0.18628,0.011525
120.44151949882507,0.18861,0.011542
120.49206590652466,0.19063,0.011569
120.54072999954224,0.19261,0.011537
120.59004378318787,0.19484,0.011499
120.64344501495361,0.19695,0.011543
120.69785499572754,0.19911,0.011501
120.74846625328064,0.201,0.011569
120.79444742202759,0.2014,0.011492
120.8476915359497,0.20501,0.011474
120.89838886260986,0.20727,0.011541
120.94910478591919,0.20924,0.011471
120.99948072433472,0.21123,0.011506
121.05200052261353,0.21327,0.011525
121.10248136520386,0.21517,0.011534
121.15089678764343,0.21749,0.011537
121.19880771636963,0.21944,0.011522
121.25055718421936,0.22149,0.011532
121.3003282546997,0.22349,0.011543
121.35593938827515,0.22555,0.011502
121.41103863716125,0.22556,0.011553
121.4639482498169,0.2276,0.011628
121.51196670532227,0.2316,0.011547
121.56344199180603,0.23355,0.011535
121.61293268203735,0.23571,0.011531
121.6623945236206,0.23773,0.011353
121.71104741096497,0.23775,0.011346
121.76313018798828,0.23956,0.011386
121.81327366828918,0.24363,0.011326
121.86351084709167,0.24375,0.011421
121.91485548019409,0.24752,0.011429
121.97073149681091,0.24777,0.011499
122.0200424194336,0.24975,0.011527
122.0710678100586,0.25369,0.011501
122.12049341201782,0.25547,0.011532
122.1806902885437,0.2576,0.011518
122.23221135139465,0.25947,0.011558
122.2804000377655,0.26149,0.011502
122.33558917045593,0.26149,0.011503
122.38324666023254,0.26353,0.011569
122.43446207046509,0.26753,0.011552
122.48356127738953,0.26952,0.011542
122.53321051597595,0.27153,0.011483
122.5886607170105,0.2734,0.011519
122.64131879806519,0.27557,0.011582
122.69412565231323,0.27567,0.011565
122.74374437332153,0.27939,0.011541
122.79351854324341,0.2814,0.01155
122.84236264228821,0.28344,0.011515
122.8938775062561,0.28545,0.011574
122.94276142120361,0.2874,0.011571
122.99283862113953,0.28729,0.011563
123.04646730422974,0.28947,0.011569
123.09501147270203,0.29135,0.011541
123.14646482467651,0.29348,0.011571
123.20187211036682,0.29737,0.011533
123.25012373924255,0.29929,0.011539
123.30015683174133,0.29952,0.011546
123.35308527946472,0.30117,0.011573
123.39791297912598,0.30519,0.011465
123.45399308204651,0.30725,0.011524
123.50316190719604,0.30729,0.011548
123.54998779296875,0.30947,0.011502
123.60405135154724,0.31124,0.011503
123.65247869491577,0.31437,0.011489
123.70351099967957,0.04288,0.011528
123.75389051437378,0.046707,0.011528
123.80515694618225,0.057307,0.011494
123.85662817955017,0.057547,0.011573
123.90594053268433,0.06296,0.011518
123.95784735679626,0.074067,0.011516
124.00575947761536,0.07448,0.011535
124.05685567855835,0.07964,0.011526
124.10795402526855,0.085,0.011502
124.15559816360474,0.09052,0.011546
124.21141767501831,0.0958,0.011501
124.26080894470215,0.10373,0.011574
124.30881452560425,0.10392,0.01155
124.35992670059204,0.10649,0.011527
124.41299366950989,0.10912,0.011554
124.4616174697876,0.11148,0.011541
124.51181864738464,0.11649,0.011492
124.56213521957397,0.11663,0.011493
124.61663126945496,0.11905,0.011529
124.66978168487549,0.12157,0.011545
124.72027468681335,0.12377,0.011504
124.76700615882874,0.12881,0.011533
124.81841826438904,0.12869,0.011534
124.87020802497864,0.13103,0.011497
124.92394399642944,0.13327,0.011487
124.97375559806824,0.13561,0.011534
125.01983904838562,0.1402,0.011563
125.07720518112183,0.14245,0.011522
125.12542939186096,0.14253,0.011512
125.1741304397583,0.14488,0.011488
125.22523736953735,0.14713,0.011498
125.27498698234558,0.14731,0.011487
125.3283007144928,0.15375,0.011512
125.37693166732788,0.15379,0.01148
125.42641830444336,0.15616,0.011491
125.47583079338074,0.15837,0.011406
125.5303840637207,0.15829,0.011566
125.5799241065979,0.16264,0.01153
125.62788367271423,0.16483,0.011577
125.67930793762207,0.16709,0.011493
125.73002219200134,0.16923,0.011528
125.77614665031433,0.17143,0.011505
125.82973766326904,0.17355,0.011531
125.88351035118103,0.17572,0.011533
125.93247890472412,0.17768,0.011534
125.98272109031677,0.17776,0.011492
126.0310447216034,0.18191,0.011515
126.08500599861145,0.18425,0.011556
126.13587641716003,0.18617,0.01151
126.18377304077148,0.18839,0.011512
126.23397588729858,0.19057,0.011527
126.28384184837341,0.19269,0.011538
126.33909296989441,0.19268,0.011498
126.39233636856079,0.19656,0.011537
126.43999409675598,0.19883,0.011554
126.49063372612,0.20099,0.011539
126.54100823402405,0.203,0.011525
126.58929514884949,0.20491,0.011456
126.64125180244446,0.20692,0.011534
126.68975448608398,0.20908,0.011493
126.74192571640015,0.20935,0.01147
126.79583406448364,0.21309,0.01152
126.85130834579468,0.21515,0.011498
126.90007829666138,0.21737,0.011505
126.95270156860352,0.21917,0.011521
127.00543761253357,0.22116,0.011488
127.05446243286133,0.22337,0.011483
127.10423231124878,0.22539,0.01151
127.15451240539551,0.22739,0.011495
127.20527410507202,0.22935,0.011506
127.25571870803833,0.22943,0.011433
127.30501627922058,0.2332,0.01146
127.355628490448,0.23333,0.011501
127.40409874916077,0.23732,0.011577
127.455157995224,0.23928,0.01153
127.5076892375946,0.23947,0.011478
127.55860757827759,0.24325,0.01149
127.60827708244324,0.24372,0.011535
127.65711331367493,0.24548,0.011519
127.71220779418945,0.24967,0.011543
127.76279282569885,0.25139,0.011513
127.81462717056274,0.25339,0.011585
127.86510276794434,0.25557,0.011517
127.91228652000427,0.25541,0.011497
127.96631789207458,0.25941,0.01143
128.01321625709534,0.2596,0.011538
128.0686376094818,0.26147,0.011478
128.11885857582092,0.26531,0.011475
128.16915011405945,0.26729,0.011466
128.2145335674286,0.2692,0.011511
128.2655735015869,0.27133,0.011496
128.32324934005737,0.27343,0.01152
128.37293243408203,0.27343,0.011547
128.4213445186615,0.27535,0.011529
128.4704144001007,0.27723,0.011544
128.5212881565094,0.27935,0.011584
128.57310891151428,0.28335,0.011456
128.62369537353516,0.28515,0.011494
128.67242407798767,0.28725,0.011583
128.7231891155243,0.28725,0.011527
128.781902551651,0.28951,0.011524
128.83002519607544,0.29319,0.011503
128.88070273399353,0.29504,0.011413
128.9315242767334,0.29543,0.011505
128.97989773750305,0.29735,0.011459
129.03449606895447,0.29921,0.011445
129.08212280273438,0.30132,0.011476
129.1308891773224,0.30324,0.011472
129.18513345718384,0.30511,0.011482
129.23259091377258,0.30713,0.011437
129.28434824943542,0.31107,0.011404
129.335458278656,0.31105,0.011464
129.38607716560364,0.3138,0.011497
129.43890738487244,0.042507,0.011539
129.48851537704468,0.046027,0.011478
129.5382263660431,0.051387,0.011531
129.59529876708984,0.062613,0.011547
129.6428985595703,0.062573,0.011497
129.69465327262878,0.07096,0.011539
129.7457823753357,0.07912,0.011569
129.7964379787445,0.079267,0.011557
129.84870290756226,0.084547,0.011537
129.9004623889923,0.090053,0.011536
129.94827604293823,0.095533,0.011513
129.99775171279907,0.10345,0.011531
130.05427861213684,0.10623,0.011514
130.10680294036865,0.10632,0.01151
130.1540069580078,0.10901,0.011488
130.20492100715637,0.11123,0.011475
130.25187873840332,0.11395,0.011514
130.30725955963135,0.1164,0.011505
130.35685110092163,0.12107,0.011476
130.40474128723145,0.12345,0.01155
130.45704865455627,0.12364,0.011464
130.51363468170166,0.12595,0.011471
130.56237244606018,0.12845,0.011517
130.61174702644348,0.13072,0.011485
130.65906739234924,0.1332,0.011561
130.71235537528992,0.13325,0.011522
130.76658463478088,0.13771,0.011512
130.81711602210999,0.14025,0.011513
130.8673026561737,0.1422,0.011528
130.91498041152954,0.14453,0.011538
130.96759152412415,0.14703,0.011486
131.02022171020508,0.14916,0.011477
131.06725597381592,0.15135,0.01146
131.11751747131348,0.15363,0.011455
131.1702058315277,0.15588,0.011559
131.22428441047668,0.15801,0.011527
131.2728340625763,0.16024,0.011551
131.334974527359,0.16468,0.011375
131.38103890419006,0.16673,0.011544
131.43145489692688,0.16683,0.011584
131.48692345619202,0.16892,0.011505
131.53382396697998,0.1712,0.011515
131.58529233932495,0.17336,0.011537
131.63321733474731,0.17537,0.01154
131.6865108013153,0.17761,0.011503
131.7354576587677,0.17969,0.011502
131.78600573539734,0.184,0.011452
131.83491277694702,0.18399,0.011495
131.8880364894867,0.18597,0.011529
131.93842005729675,0.18825,0.011493
131.98605966567993,0.19016,0.011542
132.0419294834137,0.19041,0.011541
132.08869910240173,0.19465,0.011519
132.13834643363953,0.19655,0.01155
132.18967175483704,0.19855,0.011538
132.2423074245453,0.20067,0.011513
132.29249024391174,0.20069,0.011553
132.34287118911743,0.20477,0.011491
132.3956596851349,0.20688,0.011493
132.44387578964233,0.20915,0.011525
132.49399757385254,0.21108,0.011579
132.5440022945404,0.21301,0.011546
132.59611201286316,0.215,0.011585
132.64852905273438,0.21703,0.011542
132.69712209701538,0.21913,0.011582
132.75231647491455,0.22104,0.011592
132.801509141922,0.22313,0.011579
132.85198664665222,0.22511,0.011582
132.90350580215454,0.22705,0.011569
132.95371460914612,0.22932,0.011565
133.00506281852722,0.23101,0.011569
133.05471396446228,0.23325,0.011496
133.10379886627197,0.23324,0.011453
133.15497636795044,0.23728,0.011518
133.2017388343811,0.23939,0.011485
133.25177764892578,0.24137,0.011499
133.30732655525208,0.24343,0.011529
133.35584807395935,0.24508,0.011559
133.4094533920288,0.24735,0.011474
133.45981454849243,0.24928,0.011569
133.5082824230194,0.25115,0.011391
133.5575075149536,0.25132,0.011511
133.6081051826477,0.25335,0.011597
133.6589708328247,0.25525,0.011555
133.7087709903717,0.25721,0.011539
133.76108980178833,0.26135,0.011497
133.8152093887329,0.26335,0.011527
133.86377048492432,0.26513,0.011497
133.91856503486633,0.2672,0.011519
133.96633625030518,0.2692,0.011555
134.01933693885803,0.26924,0.011535
134.06823134422302,0.27316,0.011454
134.11287593841553,0.27515,0.011501
134.1719310283661,0.2752,0.011513
134.21836495399475,0.27916,0.011514
134.27266597747803,0.27923,0.011507
134.31994104385376,0.28123,0.011411
134.37328267097473,0.28313,0.011479
134.42047262191772,0.28515,0.011494
134.4742295742035,0.28904,0.011486
134.52238130569458,0.29099,0.011465
134.57954573631287,0.2932,0.01149
134.6285457611084,0.29325,0.011542
134.6805703639984,0.29517,0.011463
134.72807264328003,0.29697,0.011523
134.7770345211029,0.29907,0.011539
134.83170533180237,0.30292,0.011547
134.87954545021057,0.30484,0.01151
134.92873549461365,0.30693,0.011578
134.9812400341034,0.30685,0.011515
135.03254675865173,0.30885,0.011591
135.07998299598694,0.31295,0.011489
135.1308250427246,0.044333,0.011535
135.18379282951355,0.040867,0.011556
135.23439359664917,0.045547,0.011486
135.28433632850647,0.0508,0.011557
135.33754205703735,0.056427,0.011515
135.38335967063904,0.06756,0.011576
135.43601870536804,0.0732,0.01153
135.4882276058197,0.07868,0.011463
135.53505110740662,0.078587,0.011535
135.5883378982544,0.084187,0.011526
135.63848161697388,0.08972,0.011474
135.6880166530609,0.10015,0.011499
135.74008178710938,0.10024,0.01155
135.79121088981628,0.10348,0.011545
135.84363889694214,0.10597,0.011559
135.8904733657837,0.10849,0.011521
135.94778847694397,0.11107,0.011502
136.0015606880188,0.11349,0.01156
136.0464198589325,0.11597,0.011527
136.10012459754944,0.1186,0.011511
136.15228843688965,0.121,0.011521
136.2034466266632,0.12571,0.011467
136.25072479248047,0.12577,0.011515
136.3029797077179,0.12805,0.011498
136.3545744419098,0.13048,0.011528
136.40326595306396,0.13284,0.011522
136.4542260169983,0.13509,0.011542
136.507488489151,0.13752,0.01151
136.559814453125,0.14001,0.0116
136.61327052116394,0.14212,0.011531
136.66473698616028,0.14428,0.011468
136.72191166877747,0.14669,0.011532
136.7685215473175,0.14887,0.011486
136.81954312324524,0.15343,0.011486
136.87169075012207,0.15572,0.011506
136.92148065567017,0.15777,0.011555
136.97047924995422,0.15805,0.01152
137.02393317222595,0.16025,0.01149
137.07197666168213,0.16236,0.011477
137.12269020080566,0.16447,0.011547
137.17470717430115,0.16668,0.011476
137.2247440814972,0.17097,0.011489
137.27420377731323,0.17319,0.011501
137.32395792007446,0.17325,0.011515
137.37507319450378,0.17527,0.011512
137.4318723678589,0.1774,0.011406
137.48132419586182,0.17971,0.011513
137.53266859054565,0.17959,0.011481
137.5841360092163,0.18404,0.011516
137.64378786087036,0.186,0.01146
137.69458556175232,0.18801,0.01149
137.74188876152039,0.19004,0.011485
137.79437160491943,0.1922,0.011553
137.84463763237,0.19633,0.011521
137.89196276664734,0.19833,0.011565
137.94328331947327,0.19847,0.011526
137.9944348335266,0.20049,0.011521
138.04734754562378,0.20249,0.01159
138.09756302833557,0.20459,0.011589
138.143869638443,0.20468,0.011597
138.19568800926208,0.20891,0.011593
138.24620628356934,0.21081,0.011593
138.29689359664917,0.21284,0.011606
138.34683966636658,0.21484,0.011523
138.39730834960938,0.21695,0.011446
138.44739866256714,0.21896,0.011427
138.49658370018005,0.21901,0.011523
138.5487756729126,0.22289,0.011577
138.6002070903778,0.22492,0.011491
138.64909625053406,0.22713,0.011595
138.69729161262512,0.22916,0.011629
138.75440645217896,0.23112,0.011652
138.8025507926941,0.233,0.011663
138.86102437973022,0.23509,0.011582
138.91085147857666,0.23719,0.011585
138.95971155166626,0.23917,0.011474
139.01066780090332,0.24113,0.011511
139.061110496521,0.24308,0.011526
139.11146140098572,0.24504,0.011524
139.16088318824768,0.24705,0.011549
139.2117199897766,0.24717,0.011522
139.26345539093018,0.25105,0.011515
139.31752824783325,0.25312,0.011568
139.36488699913025,0.25501,0.011519
139.41665077209473,0.25715,0.011517
139.46847200393677,0.25909,0.011486
139.51696729660034,0.26084,0.011474
139.5663697719574,0.26312,0.0115
139.61665153503418,0.26503,0.011532
139.665696144104,0.26712,0.011538
139.7164182662964,0.26904,0.011551
139.76834630966187,0.27088,0.011508
139.8191692829132,0.27289,0.011508
139.86631679534912,0.27492,0.011507
139.91828989982605,0.27507,0.011522
139.9687294960022,0.27695,0.011515
140.01917719841003,0.28079,0.01155
140.06875467300415,0.28283,0.011529
140.1188178062439,0.28491,0.011508
140.17810130119324,0.28496,0.011546
140.22924375534058,0.28883,0.01154
140.2833354473114,0.29073,0.011517
140.33104944229126,0.29279,0.011519
140.38128900527954,0.29284,0.011552
140.43434381484985,0.29473,0.011578
140.48403191566467,0.29696,0.011549
140.53642749786377,0.30076,0.011569
140.58592128753662,0.30276,0.01158
140.63339376449585,0.30475,0.011562
140.68662929534912,0.30471,0.01166
140.73808908462524,0.30675,0.011626
140.7870397567749,0.31057,0.011581
140.83910584449768,0.31285,0.011539
140.88654470443726,0.041853,0.011522
140.94434547424316,0.0458,0.011475
140.99310398101807,0.050627,0.011506
141.0445032119751,0.056067,0.011537
141.094224691391,0.0562,0.011533
141.14317774772644,0.067347,0.011509
141.19899940490723,0.07296,0.011487
141.24801445007324,0.078413,0.01154
141.29938292503357,0.078227,0.011478
141.3511462211609,0.08372,0.011535
141.40104413032532,0.08916,0.011517
141.44803833961487,0.099813,0.011483
141.50299310684204,0.10324,0.011519
141.55307126045227,0.10335,0.011504
141.60096502304077,0.10815,0.011492
141.65487027168274,0.10832,0.011518
141.70577192306519,0.11079,0.01151
141.752849817276,0.11335,0.011577
141.8037612438202,0.11585,0.011514
141.85389471054077,0.12079,0.011501
141.90596461296082,0.12313,0.011515
141.95922422409058,0.12552,0.011527
142.0085165500641,0.12577,0.011321
142.0584020614624,0.12796,0.011446
142.1087110042572,0.13029,0.011322
142.16256642341614,0.13483,0.011341
142.21197056770325,0.13724,0.011297
142.26345992088318,0.13749,0.011443
142.3139455318451,0.13968,0.011516
142.36331510543823,0.14215,0.011533
142.41630125045776,0.14655,0.011618
142.4671652317047,0.14679,0.011473
142.51928043365479,0.14883,0.011576
142.56540250778198,0.15324,0.011511
142.61881804466248,0.15339,0.011501
142.6690673828125,0.15553,0.011537
142.72418189048767,0.15771,0.011496
142.77125000953674,0.16005,0.011495
142.82417607307434,0.16444,0.011507
142.87009191513062,0.16435,0.01151
142.92219519615173,0.16881,0.011547
142.97327160835266,0.16884,0.011564
143.03351020812988,0.17092,0.011537
143.0841248035431,0.17304,0.011387
143.13338446617126,0.17533,0.011285
143.18479895591736,0.17944,0.011115
143.23574805259705,0.18147,0.011114
143.28388857841492,0.18351,0.011406
143.3372519016266,0.18567,0.011497
143.38900566101074,0.18571,0.011507
143.43693566322327,0.18983,0.011416
143.48832082748413,0.19187,0.011454
143.53715658187866,0.19211,0.011485
143.58771800994873,0.19411,0.011488
143.6366777420044,0.19808,0.0115
143.68917679786682,0.19816,0.011523
143.74149680137634,0.20219,0.011594
143.79131960868835,0.20235,0.01159
143.84013867378235,0.20445,0.011526
143.889821767807,0.20647,0.011544
143.9384765625,0.2104,0.011354
143.98880624771118,0.21057,0.011355
144.04119491577148,0.21264,0.01107
144.0914409160614,0.2146,0.011091
144.14027857780457,0.21668,0.010923
144.1926670074463,0.21863,0.010938
144.25195336341858,0.22088,0.011051
144.3024070262909,0.2228,0.010934
144.35647988319397,0.22489,0.010956
144.41271138191223,0.22681,0.01108
144.45843744277954,0.23083,0.010974
144.51085424423218,0.23088,0.011464
144.5592920780182,0.23297,0.011467
144.61153197288513,0.23503,0.011467
144.6601140499115,0.23679,0.011676
144.71364545822144,0.23885,0.011613
144.76382756233215,0.24092,0.011573
144.81339359283447,0.24292,0.011502
144.86371159553528,0.24476,0.01153
144.91516613960266,0.24695,0.011522
144.96795272827148,0.2488,0.011528
145.01571393013,0.25093,0.011521
145.06607174873352,0.25281,0.011547
145.11783814430237,0.25496,0.011345
145.1668655872345,0.25684,0.01126
145.21747040748596,0.25877,0.011118
145.26889991760254,0.26091,0.011185
145.318421125412,0.26287,0.0115
145.3685462474823,0.2648,0.011375
145.41997742652893,0.26696,0.011562
145.46889972686768,0.26876,0.011658
145.51572728157043,0.27075,0.011531
145.56982970237732,0.27284,0.011562
145.62858724594116,0.27487,0.01157
145.67532396316528,0.27669,0.011552
145.72747802734375,0.28067,0.011452
145.77823734283447,0.28087,0.011483
145.83473944664001,0.28279,0.011613
145.88305401802063,0.28469,0.011503
145.92910981178284,0.2868,0.011502
145.98426342010498,0.28871,0.011423
146.0364203453064,0.29077,0.011412
146.08516120910645,0.29269,0.011466
146.1369593143463,0.29468,0.011439
146.18694853782654,0.29653,0.011272
146.23506498336792,0.29872,0.011323
146.28521823883057,0.30056,0.01132
146.33664321899414,0.30252,0.011346
146.3923282623291,0.30464,0.011332
146.44264268875122,0.30649,0.011472
146.5034818649292,0.30848,0.011291
146.55400896072388,0.31048,0.011333
146.6016881465912,0.31261,0.011431
146.6527190208435,0.040493,0.010982
146.7040777206421,0.044787,0.011403
146.75307202339172,0.049987,0.011506
146.80709505081177,0.05544,0.011559
146.86063647270203,0.061093,0.011508
146.9081528186798,0.066667,0.011483
146.95796632766724,0.072227,0.011501
147.0064091682434,0.077747,0.011531
147.0587031841278,0.08328,0.011622
147.1101291179657,0.088627,0.011591
147.1589605808258,0.093947,0.011555
147.20947575569153,0.099427,0.011578
147.26134419441223,0.10307,0.011539
147.31115198135376,0.10305,0.011602
147.35866475105286,0.10804,0.011596
147.41104221343994,0.11051,0.011545
147.46344423294067,0.11313,0.011508
147.5131402015686,0.11584,0.011481
147.56214141845703,0.11805,0.011473
147.61337041854858,0.12048,0.011551
147.6632261276245,0.12287,0.011545
147.71076488494873,0.12291,0.011511
147.76341724395752,0.12772,0.011271
147.81510162353516,0.13028,0.011194
147.86439108848572,0.13248,0.011017
147.9215977191925,0.13481,0.011277
147.97109985351562,0.13713,0.011188
148.02009320259094,0.13721,0.011165
148.07038712501526,0.14173,0.011134
148.1213731765747,0.14401,0.011601
148.1771047115326,0.14633,0.011573
148.22651290893555,0.14856,0.011451
148.27755284309387,0.15091,0.011543
148.32700991630554,0.15307,0.011559
148.37886810302734,0.15321,0.011492
148.42515969276428,0.1554,0.011445
148.47665739059448,0.15755,0.011483
148.5289146900177,0.16187,0.011538
148.5779402256012,0.16423,0.011505
148.6315357685089,0.16405,0.011509
148.67641687393188,0.16848,0.011535
148.7327539920807,0.1686,0.011533
148.78272199630737,0.17068,0.011394
148.82781457901,0.17267,0.011103
148.88125920295715,0.17707,0.010833
148.93125653266907,0.17931,0.010813
148.98332238197327,0.17916,0.010824
149.03298330307007,0.18337,0.010886
149.0853214263916,0.18353,0.011313
149.1311821937561,0.18561,0.011466
149.18533897399902,0.18772,0.011368
149.23631811141968,0.19183,0.011428
149.28445982933044,0.19399,0.011511
149.33567118644714,0.19385,0.011535
149.38475918769836,0.19804,0.011521
149.43619990348816,0.198,0.011596
149.4864890575409,0.20015,0.011587
149.5420205593109,0.20228,0.011365
149.59110021591187,0.20635,0.011569
149.64903259277344,0.20835,0.010976
149.70428276062012,0.20844,0.011002
149.7570481300354,0.21069,0.011045
149.80505418777466,0.21449,0.011398
149.86101031303406,0.2166,0.011401
149.90690636634827,0.21844,0.0112
149.9632978439331,0.21875,0.012545
150.01430821418762,0.22079,0.012454
150.0659556388855,0.22263,0.010861
150.11605167388916,0.22665,0.012038
150.16186594963074,0.22879,0.011072
150.21651315689087,0.22889,0.010945
150.27118611335754,0.23092,0.010822
150.32841062545776,0.23481,0.011054
150.38006901741028,0.23677,0.011053
150.4293394088745,0.23876,0.011545
150.47829151153564,0.2408,0.011723
150.5290720462799,0.24083,0.011613
150.5799744129181,0.24279,0.011585
150.63778138160706,0.24676,0.011507
150.6859929561615,0.24872,0.011526
150.73472356796265,0.25085,0.011472
150.78782200813293,0.25083,0.01153
150.83706378936768,0.25472,0.011552
150.89495182037354,0.2566,0.01128
150.9436058998108,0.25851,0.010836
150.996173620224,0.26077,0.01092
151.05053639411926,0.26089,0.010843
151.096750497818,0.26268,0.011049
151.1554560661316,0.26663,0.011478
151.2035617828369,0.2686,0.011618
151.2532856464386,0.27067,0.011518
151.3053457736969,0.27257,0.01153
151.35736274719238,0.27263,0.011555
151.40998721122742,0.27656,0.011507
151.46038436889648,0.27651,0.01152
151.5103302001953,0.28061,0.01153
151.55894255638123,0.28244,0.011526
151.61093044281006,0.28253,0.01132
151.65896129608154,0.28652,0.011331
151.7106204032898,0.28853,0.011077
151.75910997390747,0.29059,0.011238
151.80771684646606,0.29237,0.011287
151.8604338169098,0.29447,0.011181
151.91743874549866,0.29463,0.011299
151.96725606918335,0.29847,0.011263
152.0253028869629,0.30052,0.011597
152.07710242271423,0.30239,0.011543
152.12596917152405,0.30432,0.011657
152.1748867034912,0.30625,0.011512
152.22594785690308,0.30851,0.011167
152.2781045436859,0.31023,0.011191
152.32911658287048,0.31233,0.011106
152.37837195396423,0.042387,0.011015
152.4274823665619,0.044893,0.011499
152.47853207588196,0.049693,0.011495
152.53177094459534,0.04944,0.011543
152.58021759986877,0.060413,0.011538
152.6293568611145,0.066213,0.011522
152.67813754081726,0.071747,0.011578
152.7341959476471,0.077187,0.011474
152.78202104568481,0.082707,0.011499
152.8321521282196,0.082933,0.011554
152.888338804245,0.08836,0.011505
152.93566060066223,0.0938,0.01148
152.9845860004425,0.098907,0.011504
153.0372018814087,0.10537,0.011511
153.0881540775299,0.10781,0.011472
153.14167976379395,0.11043,0.011535
153.19534015655518,0.11032,0.011558
153.2429130077362,0.11308,0.011509
153.29296565055847,0.11545,0.011489
153.342933177948,0.12031,0.011527
153.3952088356018,0.12255,0.011526
153.4512917995453,0.12499,0.011485
153.49777603149414,0.12744,0.011403
153.5533299446106,0.12993,0.010977
153.60388851165771,0.12984,0.010929
153.6510784626007,0.13217,0.011064
153.70380425453186,0.13456,0.011381
153.7511510848999,0.13929,0.011659
153.80052876472473,0.13932,0.011738
153.85599565505981,0.14387,0.011023
153.90218043327332,0.14613,0.011657
153.95533227920532,0.14604,0.011625
154.00706601142883,0.14833,0.011525
154.05600476264954,0.15064,0.011529
154.10458874702454,0.15277,0.011511
154.16022086143494,0.15739,0.011506
154.211989402771,0.15745,0.011464
154.26336073875427,0.16171,0.011571
154.3120255470276,0.16201,0.011493
154.36297011375427,0.16395,0.011546
154.4109344482422,0.16632,0.011595
154.46114444732666,0.16837,0.011448
154.5119891166687,0.17255,0.011461
154.5643494129181,0.17487,0.011225
154.61611032485962,0.17692,0.011739
154.66193413734436,0.177,0.011609
154.72110271453857,0.17909,0.012178
154.77005457878113,0.18336,0.01113
154.82481908798218,0.18545,0.010975
154.8739960193634,0.18737,0.0115
154.92806553840637,0.1896,0.011518
154.9782042503357,0.18973,0.011485
155.02589201927185,0.19181,0.011546
155.0764136314392,0.19605,0.011593
155.12952780723572,0.198,0.011598
155.18067026138306,0.19997,0.011575
155.22819232940674,0.19997,0.01154
155.2790093421936,0.20228,0.011207
155.33220076560974,0.20412,0.011447
155.38128447532654,0.20621,0.011112
155.43007063865662,0.20833,0.012651
155.48156428337097,0.21037,0.011695
155.5316526889801,0.21451,0.013311
155.58828830718994,0.21441,0.01309
155.63468623161316,0.21647,0.013505
155.6868119239807,0.21853,0.013863
155.7362082004547,0.22047,0.014132
155.79087281227112,0.22245,0.012827
155.84001469612122,0.22449,0.013967
155.8925712108612,0.22657,0.013014
155.9447796344757,0.22859,0.013422
155.9955554008484,0.23263,0.011958
156.043927192688,0.23265,0.011523
156.09342503547668,0.23457,0.010934
156.1463463306427,0.23653,0.011044
156.2008867263794,0.23853,0.011103
156.24918270111084,0.24255,0.011655
156.30593132972717,0.24451,0.011691
156.3559021949768,0.24464,0.011567
156.40516066551208,0.24653,0.011536
156.45484709739685,0.24847,0.011623
156.50776290893555,0.25048,0.011556
156.56194353103638,0.25256,0.011478
156.6167755126953,0.25456,0.010959
156.66463232040405,0.25669,0.011221
156.7198281288147,0.25859,0.011921
156.77051973342896,0.26235,0.011107
156.8294713497162,0.26273,0.010949
156.87894248962402,0.26657,0.01164
156.9290325641632,0.26655,0.011655
156.97946453094482,0.26855,0.011602
157.03700160980225,0.2706,0.011607
157.08446097373962,0.27437,0.01159
157.13551092147827,0.27647,0.011554
157.1890516281128,0.27839,0.011551
157.23976302146912,0.28036,0.011526
157.2866928577423,0.28039,0.01146
157.34153389930725,0.28237,0.011238
157.38819074630737,0.28444,0.01111
157.44461297988892,0.28837,0.011485
157.4948127269745,0.29039,0.012505
157.55219912528992,0.29235,0.013047
157.60536122322083,0.29444,0.012427
157.65331649780273,0.29623,0.01236
157.7045772075653,0.29833,0.012716
157.7632668018341,0.30017,0.012803
157.80989575386047,0.30229,0.012391
157.87017059326172,0.30432,0.012778
157.9174735546112,0.30619,0.012417
157.9716339111328,0.30808,0.012576
158.0250997543335,0.30828,0.011792
158.07286500930786,0.31192,0.011021
158.1223542690277,0.03924,0.014262
158.17120718955994,0.043773,0.011498
158.22131204605103,0.04912,0.011494
158.27620029449463,0.054413,0.011577
158.3302104473114,0.05456,0.011515
158.37858152389526,0.06016,0.011518
158.42811179161072,0.071507,0.011566
158.48149013519287,0.076827,0.011548
158.5317723751068,0.08236,0.011535
158.5810947418213,0.087747,0.011563
158.63310980796814,0.088173,0.011509
158.68171000480652,0.096053,0.01155
158.73436212539673,0.09852,0.01149
158.7824637889862,0.10517,0.011526
158.83293056488037,0.10759,0.011556
158.8825385570526,0.11009,0.01158
158.93464827537537,0.11251,0.011524
158.98374199867249,0.11508,0.011506
159.0327010154724,0.11768,0.011494
159.08763718605042,0.12012,0.011497
159.1386399269104,0.12257,0.011581
159.18731594085693,0.12255,0.011429
159.23565697669983,0.12511,0.011091
159.28542494773865,0.12724,0.011048
159.34126472473145,0.1298,0.010978
159.39087581634521,0.13205,0.011726
159.44086980819702,0.13437,0.012579
159.48883891105652,0.13909,0.012988
159.54282927513123,0.1414,0.011852
159.59570002555847,0.14364,0.011045
159.6442494392395,0.14573,0.011406
159.69635772705078,0.14605,0.011395
159.74459099769592,0.14836,0.011518
159.80054831504822,0.15279,0.011495
159.85227060317993,0.15505,0.011557
159.90331101417542,0.15716,0.011535
159.9522886276245,0.15929,0.011564
160.00288200378418,0.15941,0.011507
160.05236840248108,0.16157,0.011592
160.10946679115295,0.16377,0.011582
160.15899634361267,0.16812,0.011538
160.20908117294312,0.17031,0.011517
160.2611382007599,0.17012,0.011375
160.3100128173828,0.17447,0.011338
160.36363410949707,0.17448,0.013246
160.40897798538208,0.17677,0.013255
160.46375727653503,0.179,0.011528
160.5124785900116,0.18095,0.011489
160.56587624549866,0.18525,0.01105
160.61758875846863,0.18724,0.011348
160.66496992111206,0.18929,0.011586
160.71799302101135,0.18944,0.011518
160.7642240524292,0.19161,0.011583
160.81899762153625,0.19369,0.011622
160.87101984024048,0.19577,0.011607
160.92297863960266,0.2,0.01127
160.97069478034973,0.20197,0.011173
161.0212745666504,0.20197,0.011436
161.0758147239685,0.20391,0.012939
161.12312531471252,0.20612,0.012397
161.1755883693695,0.20797,0.014011
161.23302626609802,0.21004,0.014339
161.28251147270203,0.21219,0.014844
161.33453512191772,0.21427,0.01467
161.38160133361816,0.21819,0.014442
161.43213868141174,0.21844,0.014623
161.4834930896759,0.22049,0.014259
161.5322391986847,0.22247,0.014057
161.5849187374115,0.22453,0.013602
161.63886666297913,0.22836,0.014399
161.6847629547119,0.23045,0.014264
161.7363109588623,0.23057,0.013987
161.78674626350403,0.23241,0.013635
161.83672952651978,0.23431,0.012851
161.8848340511322,0.23652,0.012129
161.94008326530457,0.23836,0.01093
161.9876058101654,0.24041,0.010957
162.04012370109558,0.24449,0.011541
162.09016156196594,0.24644,0.011689
162.13859629631042,0.24643,0.011683
162.19156050682068,0.24833,0.011515
162.24099135398865,0.25041,0.011432
162.29222083091736,0.25032,0.011407
162.3425989151001,0.2544,0.011024
162.39398622512817,0.25631,0.011973
162.4450924396515,0.25864,0.013318
162.49272894859314,0.26044,0.012232
162.54485392570496,0.26241,0.011999
162.6006417274475,0.26444,0.011384
162.64843821525574,0.26633,0.011716
162.70020627975464,0.26845,0.011685
162.7512924671173,0.27039,0.011643
162.800856590271,0.27269,0.011586
162.84835004806519,0.27439,0.011598
162.90203332901,0.27619,0.011591
162.95225048065186,0.27839,0.011602
163.00102376937866,0.28016,0.011274
163.05265307426453,0.28219,0.011158
163.1017873287201,0.28615,0.01179
163.15166091918945,0.28621,0.01289
163.2029254436493,0.28821,0.012605
163.2545189857483,0.29004,0.013863
163.30135917663574,0.29212,0.013118
163.35475206375122,0.29215,0.013136
163.40423321723938,0.29607,0.013546
163.45440864562988,0.2982,0.013386
163.50560188293457,0.30012,0.013149
163.55583024024963,0.30196,0.013189
163.60515022277832,0.30405,0.012917
163.6550350189209,0.30591,0.013108
163.70765900611877,0.30797,0.012751
163.7585093975067,0.31003,0.012186
163.80713081359863,0.30989,0.011698
163.8582808971405,0.03968,0.012822
163.90835118293762,0.0432,0.011064
163.95720314979553,0.048547,0.011571
164.0088574886322,0.053947,0.011496
164.05883884429932,0.054027,0.011496
164.11142492294312,0.059707,0.011511
164.16109466552734,0.065413,0.011478
164.2086935043335,0.07632,0.011502
164.26262784004211,0.08196,0.011541
164.30863857269287,0.081973,0.011476
164.36043214797974,0.092573,0.011485
164.41537046432495,0.09264,0.011561
164.46325516700745,0.098147,0.011485
164.51809000968933,0.10492,0.011494
164.57028341293335,0.10737,0.011469
164.6219084262848,0.11011,0.011515
164.66886734962463,0.11001,0.011515
164.72321033477783,0.11505,0.011527
164.76991510391235,0.11752,0.011454
164.82346868515015,0.11753,0.011546
164.87343430519104,0.12007,0.011537
164.93260192871094,0.12475,0.011508
164.98142504692078,0.12709,0.011241
165.03073382377625,0.1274,0.011178
165.08012890815735,0.12943,0.011385
165.13192653656006,0.13197,0.011653
165.18459057807922,0.13671,0.012535
165.23692107200623,0.13893,0.013438
165.29121160507202,0.14123,0.011455
165.336927652359,0.14357,0.011319
165.38991141319275,0.14353,0.010971
165.4432520866394,0.14576,0.011501
165.49263644218445,0.15035,0.011568
165.54228901863098,0.15247,0.0116
165.59240674972534,0.15491,0.011565
165.64719891548157,0.15699,0.011579
165.6926407814026,0.15923,0.011553
165.74945902824402,0.15909,0.011443
165.79809617996216,0.16345,0.011495
165.84652280807495,0.16587,0.011544
165.9007179737091,0.16801,0.011586
165.94928765296936,0.16813,0.011502
166.00336408615112,0.17011,0.011681
166.05160880088806,0.17233,0.011772
166.10630655288696,0.17443,0.012432
166.1546881198883,0.17868,0.014541
166.20473718643188,0.17881,0.014183
166.25397562980652,0.18091,0.013233
166.3038513660431,0.18293,0.01111
166.35819911956787,0.18697,0.011695
166.41411232948303,0.18731,0.011597
166.46478939056396,0.19125,0.011535
166.51386213302612,0.19333,0.011589
166.56638479232788,0.19537,0.011579
166.6236629486084,0.19553,0.011425
166.6717746257782,0.1976,0.011467
166.72489881515503,0.19969,0.011616
166.7727928161621,0.20376,0.013418
166.82400488853455,0.20397,0.013694
166.87428379058838,0.20788,0.015353
166.9249987602234,0.20996,0.014991
166.9763219356537,0.21009,0.014267
167.02425837516785,0.21203,0.012661
167.0810284614563,0.21608,0.013369
167.13290739059448,0.21823,0.012694
167.18488240242004,0.22,0.012133
167.23154425621033,0.22227,0.012479
167.2855305671692,0.22228,0.01221
167.33440923690796,0.22405,0.012434
167.38513088226318,0.22632,0.01323
167.43685626983643,0.23025,0.013736
167.4853322505951,0.23219,0.014423
167.53765177726746,0.23444,0.01407
167.58861804008484,0.23632,0.013337
167.63510513305664,0.23624,0.013375
167.68631982803345,0.23837,0.012555
167.74104404449463,0.24232,0.011092
167.79587960243225,0.24227,0.011282
167.84989047050476,0.24631,0.011727
167.898264169693,0.24631,0.011626
167.94621562957764,0.24843,0.01157
167.99779057502747,0.25239,0.011494
168.04723119735718,0.2542,0.011445
168.09977650642395,0.25639,0.01105
168.15200209617615,0.25625,0.011904
168.1992223262787,0.2582,0.014055
168.25372076034546,0.26025,0.011708
168.3028678894043,0.26423,0.011194
168.35366439819336,0.26605,0.011355
168.4025218486786,0.26616,0.011654
168.45342564582825,0.27003,0.011863
168.50444889068604,0.27024,0.011628
168.5549762248993,0.27212,0.011631
168.60577964782715,0.27412,0.011662
168.65625882148743,0.27811,0.011577
168.70904517173767,0.28019,0.011401
168.7597897052765,0.28204,0.011223
168.80724811553955,0.28221,0.011781
168.8584384918213,0.28407,0.012305
168.91139602661133,0.28611,0.014999
168.95748925209045,0.28801,0.014182
169.01042246818542,0.29012,0.013818
169.05978178977966,0.29204,0.013486
169.1102147102356,0.29415,0.013335
169.1599748134613,0.29607,0.01249
169.21181726455688,0.29789,0.01246
169.25591588020325,0.29997,0.012438
169.31204295158386,0.302,0.012951
169.36017227172852,0.30399,0.012553
169.41142678260803,0.30592,0.012295
169.46029996871948,0.30797,0.012358
169.50972437858582,0.31177,0.011795
169.56236147880554,0.31183,0.01148
169.61468648910522,0.039467,0.012337
169.66704893112183,0.042933,0.011527
169.7135968208313,0.048067,0.011551
169.7668421268463,0.05372,0.011486
169.81678295135498,0.059307,0.011457
169.87164545059204,0.0652,0.011518
169.91887044906616,0.07052,0.011512
169.97301125526428,0.075973,0.01151
170.01909494400024,0.081467,0.011521
170.0704915523529,0.087,0.011527
170.12180733680725,0.09236,0.01151
170.17696404457092,0.097853,0.011545
170.22498297691345,0.10207,0.011468
170.27571964263916,0.10472,0.011583
170.32116746902466,0.10484,0.011561
170.3757631778717,0.11005,0.011498
170.42744326591492,0.11227,0.011486
170.48549056053162,0.11488,0.011392
170.53356766700745,0.11745,0.011455
170.58604049682617,0.11965,0.011494
170.63372015953064,0.12216,0.011546
170.68396043777466,0.12441,0.011449
170.73702311515808,0.12701,0.011343
170.78636479377747,0.12945,0.011319
170.83575892448425,0.13188,0.011386
170.88787531852722,0.13396,0.011476
170.93433356285095,0.1364,0.012055
170.99273657798767,0.13655,0.013363
171.04337406158447,0.14119,0.013481
171.0896360874176,0.14337,0.013338
171.1437304019928,0.14552,0.011165
171.19231033325195,0.14785,0.011052
171.2433831691742,0.15029,0.01113
171.29240083694458,0.15232,0.011581
171.35649394989014,0.15456,0.01165
171.4017050266266,0.15695,0.011564
171.454274892807,0.15896,0.01157
171.50465774536133,0.16144,0.011589
171.5562174320221,0.16352,0.011513
171.60538506507874,0.16572,0.011592
171.65607023239136,0.16555,0.011641
171.70850658416748,0.16981,0.011521
171.75896906852722,0.17217,0.011485
171.81317472457886,0.17429,0.012215
171.8617172241211,0.17635,0.013724
171.91174221038818,0.17848,0.014451
171.97093844413757,0.18059,0.013492
172.01898193359375,0.18271,0.011365
172.06680727005005,0.18479,0.010921
172.11737203598022,0.18699,0.011644
172.16704297065735,0.18712,0.011595
172.21905732154846,0.19115,0.011652
172.26904439926147,0.1932,0.011655
172.32003211975098,0.19524,0.011607
172.36898279190063,0.19747,0.011437
172.41891860961914,0.19955,0.011572
172.475989818573,0.19956,0.013644
172.52530431747437,0.20145,0.015502
172.57536935806274,0.20376,0.015743
172.62457704544067,0.20773,0.015185
172.6734049320221,0.20964,0.012977
172.72625017166138,0.21177,0.011956
172.77988982200623,0.21377,0.011272
172.83335661888123,0.21384,0.011127
172.8818941116333,0.21784,0.011079
172.93244671821594,0.21991,0.011062
172.98237538337708,0.22195,0.011057
173.03478169441223,0.22192,0.011075
173.0823791027069,0.22599,0.011137
173.13125491142273,0.22792,0.01115
173.18375182151794,0.22795,0.011718
173.23637437820435,0.22995,0.012708
173.28376531600952,0.23404,0.012902
173.33342599868774,0.23619,0.014476
173.38510036468506,0.23803,0.012879
173.4358832836151,0.24004,0.01296
173.48588347434998,0.24017,0.011363
173.53556489944458,0.242,0.010899
173.5902009010315,0.24415,0.011561
173.6391110420227,0.24817,0.011622
173.68652296066284,0.25025,0.011629
173.74029970169067,0.25204,0.011518
173.78858351707458,0.25396,0.011332
173.8416976928711,0.25416,0.011403
173.89007234573364,0.25612,0.012837
173.93872451782227,0.25813,0.0144
173.9904899597168,0.25987,0.014102
174.04363179206848,0.262,0.012002
174.09869170188904,0.26611,0.011346
174.1465015411377,0.26801,0.011693
174.20064759254456,0.26985,0.011688
174.2503364086151,0.27008,0.011692
174.30101823806763,0.27192,0.011711
174.3500680923462,0.27392,0.011646
174.39694452285767,0.27596,0.01155
174.4473958015442,0.27807,0.011466
174.49840474128723,0.27993,0.011248
174.55248045921326,0.28195,0.015043
174.59715747833252,0.28388,0.015392
174.65128803253174,0.28597,0.015272
174.70294332504272,0.2878,0.013615
174.7514636516571,0.29193,0.013102
174.80478596687317,0.29388,0.012156
174.85271382331848,0.29384,0.012118
174.9040026664734,0.29588,0.011919
174.95293307304382,0.29791,0.011935
175.00868678092957,0.29991,0.012135
175.0565140247345,0.3038,0.011799
175.10608053207397,0.304,0.011927
175.16051840782166,0.30561,0.011811
175.21087336540222,0.30784,0.01205
175.26204109191895,0.30957,0.011584
175.30923414230347,0.31156,0.012876
175.36013436317444,0.31156,0.011859
175.41121077537537,0.047613,0.011517
175.46334147453308,0.0476,0.011538
175.51405572891235,0.052893,0.011538
175.56239247322083,0.058787,0.011456
175.61529111862183,0.064253,0.011459
175.66731929779053,0.070093,0.011518
175.7130901813507,0.07552,0.011499
175.7673375606537,0.081013,0.011493
175.81473445892334,0.08656,0.011559
175.86861109733582,0.091907,0.011549
175.9210319519043,0.097253,0.011568
175.97053837776184,0.10185,0.011492
176.02213788032532,0.10459,0.011521
176.07016611099243,0.10701,0.011552
176.12443375587463,0.10975,0.011527
176.1764199733734,0.11197,0.011504
176.22440481185913,0.11448,0.01159
176.27637934684753,0.11703,0.011545
176.32655477523804,0.11949,0.011495
176.37455248832703,0.12192,0.011556
176.431499004364,0.12443,0.011552
176.48102807998657,0.12657,0.011394
176.5307183265686,0.12911,0.011397
176.57981657981873,0.13152,0.011499
176.62939643859863,0.13376,0.011493
176.68015050888062,0.13623,0.012064
176.73058199882507,0.13865,0.012546
176.77867364883423,0.14081,0.013623
176.83267998695374,0.14084,0.011613
176.88127994537354,0.14545,0.011798
176.9358775615692,0.14769,0.01151
176.9826135635376,0.15003,0.011391
177.04197335243225,0.15213,0.010836
177.0904004573822,0.15455,0.011048
177.13877391815186,0.15636,0.011647
177.18911385536194,0.15875,0.011556
177.2410111427307,0.16104,0.011564
177.29141926765442,0.16325,0.011527
177.34264993667603,0.16532,0.01156
177.39373350143433,0.16527,0.011525
177.4417486190796,0.16769,0.011572
177.4969027042389,0.17195,0.011522
177.54412961006165,0.17385,0.011525
177.59678173065186,0.17628,0.014809
177.64559149742126,0.17637,0.014192
177.6988809108734,0.18044,0.014638
177.74658393859863,0.1806,0.011338
177.80067491531372,0.18267,0.011132
177.85138726234436,0.18685,0.011687
177.90102624893188,0.18887,0.011598
177.95612215995789,0.19116,0.011634
178.00445795059204,0.19308,0.011579
178.06043696403503,0.19521,0.011564
178.11554312705994,0.19725,0.011395
178.16153478622437,0.19943,0.012845
178.21620988845825,0.20141,0.012857
178.26211643218994,0.20333,0.015972
178.31354546546936,0.20555,0.012918
178.37112998962402,0.20559,0.01254
178.41804885864258,0.20963,0.011075
178.47126078605652,0.20951,0.011017
178.52124571800232,0.21171,0.010974
178.57002353668213,0.21583,0.011252
178.62130784988403,0.21763,0.011193
178.67414617538452,0.21979,0.01124
178.72259521484375,0.22197,0.01129
178.77267956733704,0.22184,0.011175
178.82184100151062,0.22581,0.01143
178.87204957008362,0.22593,0.011202
178.92469263076782,0.22988,0.011117
178.97505259513855,0.23183,0.011145
179.0230622291565,0.23385,0.011174
179.078298330307,0.23595,0.012977
179.12477111816406,0.23583,0.013691
179.17655968666077,0.238,0.014668
179.2241895198822,0.23999,0.013332
179.27471613883972,0.24401,0.010941
179.32679390907288,0.24611,0.011373
179.38030910491943,0.24591,0.011618
179.42532920837402,0.24815,0.011658
179.47778391838074,0.24997,0.011271
179.526784658432,0.25189,0.011244
179.58043909072876,0.254,0.011156
179.63027691841125,0.256,0.011534
179.68178701400757,0.25993,0.013531
179.73053169250488,0.25991,0.013643
179.7866609096527,0.26204,0.012053
179.83914709091187,0.26387,0.011402
179.88712525367737,0.26583,0.011933
179.93972635269165,0.26984,0.011821
179.9981598854065,0.27188,0.011693
180.0475823879242,0.27385,0.011681
180.10425662994385,0.27389,0.011539
180.15143251419067,0.27607,0.011315
180.2122905254364,0.27979,0.011313
180.26211190223694,0.28189,0.013321
180.31341814994812,0.28388,0.015107
180.36317586898804,0.28572,0.014775
180.42373991012573,0.28772,0.013239
180.47598147392273,0.28979,0.012438
180.52499628067017,0.29179,0.011972
180.5720202922821,0.29377,0.011833
180.62576580047607,0.29565,0.011679
180.67546200752258,0.29777,0.011543
180.72561311721802,0.29757,0.01162
180.77673411369324,0.29968,0.011565
180.82669591903687,0.3018,0.011609
180.8770546913147,0.30544,0.011613
180.9286015033722,0.30755,0.011515
180.97631549835205,0.30953,0.011486
181.02621221542358,0.30961,0.011412
181.07683396339417,0.038747,0.011126
181.12874031066895,0.04228,0.014161
181.17896175384521,0.04728,0.011275
181.22871661186218,0.052707,0.011275
181.2779450416565,0.05272,0.011351
181.32755398750305,0.058413,0.011295
181.3811535835266,0.069707,0.011309
181.42994284629822,0.075133,0.011307
181.47754383087158,0.0754,0.011351
181.53379583358765,0.08628,0.011314
181.58392786979675,0.091387,0.011323
181.63284707069397,0.09184,0.011305
181.6859154701233,0.09696,0.011357
181.73274874687195,0.10171,0.011355
181.7867226600647,0.10423,0.011339
181.83406162261963,0.10935,0.011359
181.8852469921112,0.10949,0.01137
181.93580532073975,0.11443,0.011352
181.9927978515625,0.11451,0.01139
182.04278230667114,0.11681,0.011323
182.0883276462555,0.11928,0.011368
182.14270663261414,0.12415,0.011329
182.19226050376892,0.12677,0.011364
182.2422378063202,0.12904,0.011359
182.29657220840454,0.1292,0.011305
182.3466215133667,0.13141,0.01124
182.39334869384766,0.13367,0.011225
182.4450273513794,0.13612,0.011188
182.49551486968994,0.14067,0.012025
182.55291366577148,0.14285,0.012743
182.6007604598999,0.14312,0.013538
182.65179133415222,0.14541,0.013428
182.70164704322815,0.14751,0.012918
182.75300645828247,0.14965,0.010746
182.80419373512268,0.15419,0.010949
182.85335278511047,0.15635,0.011406
182.90464162826538,0.15652,0.011284
182.95327496528625,0.15879,0.011455
183.0136477947235,0.16101,0.011346
183.06282496452332,0.16299,0.011335
183.11383032798767,0.16521,0.011388
183.16532564163208,0.16948,0.011431
183.2132077217102,0.16969,0.011382
183.2636365890503,0.17171,0.011478
183.31545853614807,0.17405,0.012468
183.36880683898926,0.17609,0.014417
183.4188780784607,0.17819,0.0144
183.46592020988464,0.18024,0.011867
183.51544761657715,0.18237,0.011329
183.56808471679688,0.18481,0.010713
183.61421251296997,0.18679,0.011476
183.6667938232422,0.18873,0.011528
183.71946573257446,0.1908,0.011516
183.772607088089,0.19295,0.011318
183.8211030960083,0.19489,0.011273
183.87022066116333,0.19741,0.011325
183.91817021369934,0.19936,0.011997
183.97162437438965,0.20127,0.015448
184.02245259284973,0.20347,0.013693
184.06953310966492,0.20535,0.012603
184.12379360198975,0.20727,0.010907
184.17230820655823,0.20947,0.010915
184.22344636917114,0.2116,0.011151
184.27405452728271,0.21369,0.011429
184.32336735725403,0.21555,0.011477
184.37243747711182,0.21759,0.011351
184.4260334968567,0.21967,0.01135
184.4764049053192,0.22159,0.011335
184.52234292030334,0.22367,0.01125
184.57336044311523,0.22571,0.011354
184.623779296875,0.22775,0.011308
184.67672276496887,0.22977,0.011158
184.72691249847412,0.23183,0.011055
184.77749013900757,0.23369,0.010887
184.82615399360657,0.23573,0.011722
184.882426738739,0.2376,0.011758
184.93014764785767,0.23973,0.014534
184.98276114463806,0.24185,0.012217
185.0316219329834,0.24369,0.010837
185.08216762542725,0.24577,0.010968
185.1348638534546,0.24571,0.011522
185.185378074646,0.24971,0.011412
185.23409414291382,0.25171,0.011368
185.28441309928894,0.25187,0.010966
185.34422278404236,0.25559,0.011064
185.39220309257507,0.25777,0.012925
185.44411897659302,0.2598,0.014569
185.4928319454193,0.2618,0.01226
185.55699253082275,0.26379,0.011274
185.60688400268555,0.26609,0.011218
185.65549683570862,0.2678,0.011673
185.70342993736267,0.26977,0.011524
185.7601990699768,0.27175,0.011518
185.8164119720459,0.27384,0.011255
185.86453771591187,0.27769,0.011346
185.91601252555847,0.27776,0.011078
185.96789169311523,0.2798,0.011939
186.01662182807922,0.28175,0.014613
186.0743865966797,0.28368,0.015231
186.12364315986633,0.28575,0.014333
186.17323279380798,0.2896,0.011909
186.22795605659485,0.28956,0.012068
186.27591490745544,0.29161,0.011934
186.32720971107483,0.29359,0.011966
186.37704992294312,0.29563,0.011592
186.4272015094757,0.29736,0.011512
186.485200881958,0.29955,0.011453
186.53416228294373,0.30137,0.011515
186.5920615196228,0.30352,0.011506
186.64413690567017,0.30727,0.011446
186.70060205459595,0.30739,0.011338
186.748948097229,0.30968,0.011381
186.7987449169159,0.31144,0.011042
186.84787821769714,0.037333,0.012241
186.90106630325317,0.036493,0.011345
186.95232820510864,0.046467,0.011354
186.9998824596405,0.057747,0.011304
187.05127215385437,0.057893,0.011327
187.10001063346863,0.063533,0.01134
187.1532027721405,0.069133,0.011351
187.20029544830322,0.07464,0.011347
187.2522668838501,0.08548,0.011337
187.31185054779053,0.085773,0.011345
187.36104035377502,0.091,0.011335
187.4123773574829,0.09636,0.01139
187.45955872535706,0.10161,0.011369
187.51878666877747,0.10413,0.011322
187.56876277923584,0.10669,0.011392
187.62666058540344,0.10941,0.011354
187.6792290210724,0.11179,0.01132
187.73318481445312,0.11431,0.011349
187.78489232063293,0.11676,0.011331
187.84049081802368,0.12169,0.011304
187.89056825637817,0.12184,0.011355
187.94993448257446,0.12636,0.011389
188.00084018707275,0.12637,0.011391
188.05923056602478,0.13103,0.01134
188.10810947418213,0.13356,0.011273
188.1610450744629,0.13572,0.011249
188.20603489875793,0.13569,0.011338
188.2625813484192,0.13835,0.011394
188.31035923957825,0.14264,0.011875
188.36295771598816,0.14511,0.012893
188.41228437423706,0.14513,0.013159
188.46828365325928,0.14749,0.013231
188.51494216918945,0.14959,0.012763
188.56730723381042,0.15197,0.010914
188.61651611328125,0.15617,0.010938
188.66690850257874,0.15851,0.011201
188.72700023651123,0.15863,0.011467
188.77230787277222,0.16297,0.0114
188.82715272903442,0.16504,0.011472
188.87736988067627,0.16723,0.01143
188.9261953830719,0.16941,0.011335
188.97596311569214,0.17156,0.011265
189.025803565979,0.17365,0.01131
189.07912492752075,0.17575,0.012958
189.12673950195312,0.17809,0.014453
189.1805408000946,0.17795,0.014508
189.22562313079834,0.18209,0.012549
189.2795147895813,0.18239,0.010762
189.33167672157288,0.18432,0.011023
189.37972831726074,0.18872,0.011532
189.42708802223206,0.19053,0.011524
189.4799792766571,0.19273,0.011436
189.53143644332886,0.19472,0.011414
189.58103394508362,0.19681,0.011519
189.6313443183899,0.19687,0.012443
189.68167781829834,0.19892,0.014631
189.7338309288025,0.201,0.015439
189.78318238258362,0.203,0.014375
189.83559942245483,0.20724,0.012086
189.88452529907227,0.20728,0.010957
189.9360191822052,0.21139,0.011536
189.9846692085266,0.21139,0.011504
190.03506660461426,0.21339,0.011516
190.08710074424744,0.2154,0.011455
190.13372564315796,0.21741,0.011452
190.18502497673035,0.22147,0.011486
190.2396116256714,0.22148,0.011295
190.28782892227173,0.2254,0.011346
190.3361144065857,0.22551,0.01137
190.38891220092773,0.22775,0.011332
190.43973517417908,0.22948,0.011266
190.48934125900269,0.23141,0.011413
190.5406789779663,0.23355,0.014059
190.58942580223083,0.2356,0.012218
190.64120292663574,0.23769,0.012061
190.6910216808319,0.23984,0.014672
190.74107265472412,0.24143,0.014016
190.7939007282257,0.24348,0.010966
190.8433244228363,0.24567,0.011281
190.8922417163849,0.24757,0.011538
190.9383909702301,0.24948,0.011554
190.99568843841553,0.25175,0.01136
191.04104804992676,0.25352,0.01132
191.1013376712799,0.25564,0.011547
191.1511778831482,0.25745,0.013813
191.20263481140137,0.25965,0.013465
191.25131249427795,0.26161,0.014261
191.30068731307983,0.26343,0.011029
191.35704278945923,0.26568,0.011261
191.40667462348938,0.26769,0.0117
191.45442700386047,0.26948,0.01156
191.5096457004547,0.27148,0.011537
191.55804228782654,0.27343,0.011254
191.61099553108215,0.27555,0.011167
191.66086077690125,0.27729,0.011092
191.70918560028076,0.27949,0.013259
191.76054692268372,0.28125,0.015113
191.8091917037964,0.28159,0.015145
191.86105036735535,0.28544,0.012623
191.91882801055908,0.28731,0.011949
191.97126817703247,0.28941,0.011966
192.02088499069214,0.29128,0.011823
192.07425546646118,0.29332,0.011646
192.12098002433777,0.29524,0.011643
192.17075896263123,0.29737,0.011535
192.22180008888245,0.2994,0.011484
192.2718403339386,0.30136,0.011451
192.32362747192383,0.30332,0.011429
192.371728181839,0.30536,0.011435
192.426992893219,0.30737,0.011367
192.47792959213257,0.30924,0.011369
192.52726197242737,0.3112,0.011334
192.57633876800537,0.041493,0.011249
192.62722897529602,0.041013,0.01201
192.67931246757507,0.046373,0.011327
192.73063397407532,0.051667,0.011297
192.7798044681549,0.057493,0.011263
192.8329427242279,0.063027,0.011243
192.88272404670715,0.063333,0.011262
192.93173909187317,0.068747,0.011332
192.98335242271423,0.079853,0.011348
193.0412917137146,0.085027,0.011357
193.09447121620178,0.090627,0.011362
193.14057636260986,0.09612,0.011362
193.19094443321228,0.09592,0.011357
193.24433064460754,0.10149,0.011358
193.29260563850403,0.10664,0.011302
193.34431529045105,0.10917,0.01135
193.39781665802002,0.11152,0.01135
193.44562697410583,0.11419,0.011346
193.49491930007935,0.11651,0.011356
193.54486322402954,0.11647,0.011363
193.59560704231262,0.12128,0.011332
193.64882349967957,0.12159,0.011318
193.69434690475464,0.12643,0.011372
193.74690580368042,0.12855,0.011337
193.79977536201477,0.13087,0.011353
193.85255432128906,0.13324,0.011279
193.9016890525818,0.13352,0.011174
193.95487880706787,0.13585,0.01121
194.00597167015076,0.13811,0.011455
194.05209183692932,0.14029,0.01215
194.10312509536743,0.14495,0.011606
194.15924954414368,0.14513,0.012639
194.2071509361267,0.14933,0.013675
194.2575352191925,0.14956,0.011934
194.3101282119751,0.15399,0.011745
194.3595221042633,0.15624,0.010862
194.41044187545776,0.15636,0.01095
194.45939707756042,0.16047,0.011311
194.50889539718628,0.16065,0.011357
194.55914998054504,0.16288,0.011478
194.6099498271942,0.16707,0.011466
194.66091918945312,0.16928,0.011419
194.7121865749359,0.17139,0.011318
194.75877451896667,0.17344,0.011403
194.81424379348755,0.1738,0.013684
194.8618197441101,0.17567,0.014811
194.91165256500244,0.17771,0.015005
194.96271872520447,0.18204,0.012576
195.0135235786438,0.18407,0.01174
195.06451034545898,0.18628,0.011004
195.11217260360718,0.18624,0.011523
195.16541481018066,0.18835,0.011563
195.21755146980286,0.19052,0.011394
195.2680902481079,0.19457,0.011362
195.3150384426117,0.19673,0.011302
195.36440634727478,0.19672,0.011881
195.41818809509277,0.19903,0.014449
195.4661431312561,0.20105,0.015343
195.51716256141663,0.20304,0.012788
195.56806230545044,0.20511,0.010927
195.61823391914368,0.20701,0.011325
195.66552543640137,0.20921,0.01165
195.7178385257721,0.21333,0.011631
195.7710313796997,0.21307,0.011488
195.8214089870453,0.21536,0.011526
195.8728437423706,0.21737,0.011446
195.92250227928162,0.21944,0.011433
195.97121906280518,0.22133,0.011404
196.02311778068542,0.22139,0.011441
196.07232189178467,0.22532,0.01143
196.1269404888153,0.22763,0.011477
196.17756485939026,0.22939,0.011422
196.22422862052917,0.23172,0.011337
196.28163719177246,0.23333,0.011058
196.3270082473755,0.23548,0.011758
196.38006854057312,0.23737,0.013823
196.4361696243286,0.23951,0.014463
196.48547649383545,0.24341,0.01263
196.53347420692444,0.24369,0.011214
196.5870680809021,0.24555,0.01108
196.63528084754944,0.24736,0.011525
196.6872057914734,0.24953,0.011459
196.73458552360535,0.25148,0.011427
196.78990077972412,0.25357,0.011141
196.8384473323822,0.25537,0.011258
196.89023756980896,0.25759,0.014516
196.94253253936768,0.25945,0.013758
196.9938485622406,0.25972,0.013747
197.0462362766266,0.26352,0.011488
197.0947675704956,0.26365,0.011557
197.14534258842468,0.26751,0.011622
197.1993978023529,0.26932,0.011527
197.2490873336792,0.27129,0.011511
197.29969906806946,0.27341,0.011315
197.35226488113403,0.2754,0.01109
197.4028022289276,0.27719,0.011223
197.45341396331787,0.27921,0.011618
197.5043704509735,0.27936,0.014629
197.55499243736267,0.28317,0.014692
197.6091718673706,0.28516,0.012625
197.65796184539795,0.28727,0.011838
197.7052845954895,0.28927,0.011879
197.75993132591248,0.2912,0.011626
197.8070592880249,0.29132,0.011525
197.86130166053772,0.29516,0.01161
197.9055302143097,0.29712,0.011532
197.95878648757935,0.29717,0.011414
198.0138339996338,0.30117,0.011432
198.06361198425293,0.30307,0.011373
198.11413979530334,0.30507,0.011335
198.16317343711853,0.30701,0.011421
198.22178840637207,0.30908,0.011372
198.27048921585083,0.3112,0.011415
198.31990313529968,0.035427,0.014927
198.37008666992188,0.0404,0.011379
198.42992544174194,0.0456,0.01129
198.48125982284546,0.051267,0.011261
198.5334553718567,0.057133,0.011293
198.58448815345764,0.062467,0.011298
198.63318061828613,0.06832,0.011303
198.68430423736572,0.073693,0.011347
198.73573398590088,0.079173,0.011357
198.78611850738525,0.084667,0.011354
198.83601927757263,0.09024,0.011279
198.88706946372986,0.09556,0.011322
198.93572282791138,0.10075,0.011386
198.98426961898804,0.10357,0.011331
199.04245519638062,0.10605,0.011335
199.09258770942688,0.10876,0.011381
199.14976978302002,0.11384,0.011363
199.2062849998474,0.11368,0.011315
199.25675225257874,0.11616,0.011357
199.30632257461548,0.11876,0.011312
199.35443878173828,0.12116,0.011331
199.40379905700684,0.12372,0.011275
199.45798254013062,0.12603,0.011429
199.50571656227112,0.12609,0.011392
199.55839705467224,0.13073,0.011376
199.60339975357056,0.13309,0.011363
199.65642523765564,0.13551,0.011381
199.7131702899933,0.13789,0.01117
199.76121139526367,0.13992,0.011229
199.81147956848145,0.14253,0.01118
199.86179566383362,0.1448,0.012297
199.91283774375916,0.14701,0.013872
199.96121430397034,0.14927,0.013395
200.01344060897827,0.15145,0.01368
200.06070852279663,0.15365,0.014121
200.11606764793396,0.15596,0.010989
200.16363835334778,0.15812,0.010851
200.21545124053955,0.15831,0.010808
200.26468753814697,0.16036,0.011531
200.31770968437195,0.16504,0.011478
200.36376690864563,0.16685,0.011559
200.41390705108643,0.16931,0.011461
200.46664452552795,0.17115,0.011345
200.5191195011139,0.17352,0.011713
200.56714630126953,0.17557,0.012086
200.61728501319885,0.17772,0.013484
200.66801381111145,0.17996,0.014209
200.7162148952484,0.18011,0.011043
200.76586651802063,0.18405,0.010797
200.8217475414276,0.18412,0.01131
200.87135076522827,0.1862,0.011513
200.9195065498352,0.19032,0.011544
200.9703767299652,0.19241,0.011426
201.01999402046204,0.19441,0.011362
201.07127213478088,0.19649,0.01162
201.12045860290527,0.19873,0.012669
201.17421054840088,0.19873,0.014631
201.22163224220276,0.20076,0.015101
201.27345824241638,0.20496,0.014049
201.32490706443787,0.20501,0.011118
201.3742504119873,0.20896,0.011045
201.42508244514465,0.21103,0.011656
201.47249960899353,0.21105,0.011541
201.52487707138062,0.21303,0.01153
201.57624745368958,0.21504,0.011445
201.627046585083,0.2172,0.011442
201.67470121383667,0.2214,0.01135
201.7248764038086,0.22129,0.011389
201.77736043930054,0.22344,0.011444
201.82581067085266,0.22524,0.011379
201.87732315063477,0.2272,0.011392
201.93209600448608,0.22925,0.011429
201.97956538200378,0.23335,0.011365
202.02985405921936,0.23333,0.011056
202.08201050758362,0.23741,0.01193
202.13388967514038,0.23741,0.014316
202.18222165107727,0.23948,0.014489
202.23461604118347,0.24145,0.013264
202.28891110420227,0.24351,0.011253
202.3364179134369,0.24543,0.011068
202.38767433166504,0.24732,0.011404
202.44551491737366,0.24927,0.011388
202.49642276763916,0.25337,0.011251
202.54312086105347,0.25532,0.010964
202.59563422203064,0.25521,0.011048
202.6471312046051,0.25717,0.012582
202.69631218910217,0.25933,0.014467
202.74737095832825,0.26125,0.013843
202.79460382461548,0.2632,0.011236
202.8474886417389,0.26531,0.011509
202.8961021900177,0.26744,0.011613
202.94569993019104,0.26923,0.01154
203.00023794174194,0.27144,0.011461
203.047532081604,0.27344,0.011419
203.10249733924866,0.27537,0.011075
203.15361332893372,0.27929,0.011528
203.20371747016907,0.28117,0.012707
203.25046610832214,0.28105,0.013289
203.3064250946045,0.28309,0.014064
203.35371255874634,0.28523,0.011653
203.40774202346802,0.2872,0.011765
203.4567198753357,0.29108,0.011825
203.50674962997437,0.29129,0.011687
203.55550718307495,0.29313,0.011596
203.60881185531616,0.29511,0.011576
203.6581757068634,0.29703,0.01151
203.7066216468811,0.29712,0.011496
203.75781512260437,0.30111,0.011427
203.80520677566528,0.30299,0.011423
203.86198925971985,0.30499,0.011412
203.90859842300415,0.30699,0.011368
203.95749759674072,0.30877,0.01136
204.01088500022888,0.31091,0.011328
204.0604658126831,0.3108,0.011456
204.10945010185242,0.037493,0.011336
204.15975260734558,0.044867,0.011328
204.21572136878967,0.050893,0.011287
204.26424765586853,0.056293,0.011319
204.3130156993866,0.061987,0.011334
204.36350321769714,0.067733,0.011303
204.4161570072174,0.067947,0.01135
204.4639961719513,0.078893,0.011319
204.51568269729614,0.08428,0.011341
204.566335439682,0.08972,0.01135
204.61629676818848,0.095107,0.011297
204.6652443408966,0.10037,0.011344
204.71608877182007,0.10349,0.011308
204.77049469947815,0.10605,0.011345
204.82050776481628,0.10856,0.011362
204.86942100524902,0.11115,0.011331
204.920734167099,0.11371,0.011328
204.96998643875122,0.11391,0.011347
205.01791143417358,0.11848,0.011353
205.06773781776428,0.11875,0.011371
205.11861181259155,0.1212,0.011332
205.17089581489563,0.12581,0.011342
205.22103905677795,0.12831,0.011338
205.2679419517517,0.13061,0.011363
205.32147073745728,0.13067,0.01139
205.36956524848938,0.13291,0.011368
205.42459225654602,0.13532,0.011295
205.4708924293518,0.13983,0.011215
205.52975344657898,0.14225,0.011171
205.57984018325806,0.14444,0.011649
205.62916469573975,0.14469,0.012307
205.67911195755005,0.14683,0.012912
205.73543906211853,0.14911,0.013148
205.7796106338501,0.15133,0.014035
205.8331437110901,0.15569,0.012715
205.88553881645203,0.15587,0.013867
205.93635487556458,0.16005,0.010856
205.98519563674927,0.16035,0.011027
206.03454971313477,0.16247,0.011485
206.08709716796875,0.16475,0.011611
206.13835310935974,0.16691,0.011523
206.18585324287415,0.17105,0.011626
206.23908281326294,0.17313,0.011544
206.28823447227478,0.17535,0.011413
206.33678889274597,0.17757,0.013928
206.3858048915863,0.1776,0.014499
206.4383192062378,0.1796,0.012101
206.49437284469604,0.18172,0.01104
206.54314398765564,0.18376,0.010886
206.59366059303284,0.18811,0.01157
206.64412641525269,0.18805,0.01154
206.6964612007141,0.1922,0.01145
206.74591946601868,0.19224,0.011312
206.79878640174866,0.19431,0.011218
206.85099577903748,0.19628,0.012784
206.90092754364014,0.2006,0.013039
206.95588397979736,0.20263,0.014873
207.00444889068604,0.20456,0.013905
207.0545654296875,0.20479,0.012385
207.10371208190918,0.20671,0.010881
207.15788054466248,0.20868,0.011617
207.20500230789185,0.21092,0.011647
207.25422883033752,0.21475,0.011639
207.30861616134644,0.21693,0.011473
207.3557300567627,0.21899,0.011417
207.40949249267578,0.21909,0.011425
207.45792984962463,0.22095,0.011454
207.50971674919128,0.22307,0.011401
207.56052494049072,0.22505,0.011328
207.61230945587158,0.22505,0.011359
207.66162276268005,0.22903,0.011405
207.70829391479492,0.23103,0.011339
207.76583552360535,0.23312,0.011247
207.81872272491455,0.23507,0.011647
207.86702060699463,0.23701,0.012858
207.91551613807678,0.23915,0.013484
207.96540236473083,0.24115,0.01209
208.01913809776306,0.24324,0.010757
208.06827807426453,0.24523,0.011067
208.12261819839478,0.24717,0.011079
208.17263960838318,0.24912,0.011487
208.2213912010193,0.25107,0.011132
208.27195286750793,0.25308,0.010941
208.3298213481903,0.25519,0.011152
208.37957215309143,0.25721,0.012415
208.43281435966492,0.25921,0.014466
208.47986268997192,0.26104,0.014539
208.5296766757965,0.26295,0.011403
208.58305716514587,0.26507,0.011249
208.6337993144989,0.26709,0.011541
208.68191289901733,0.27093,0.011506
208.74403285980225,0.27104,0.011529
208.79092502593994,0.27293,0.011298
208.8433301448822,0.27487,0.011111
208.89260721206665,0.27699,0.011946
208.94079995155334,0.27896,0.012912
208.99332880973816,0.28293,0.014914
209.04438996315002,0.283,0.014619
209.09302949905396,0.28309,0.012162
209.14649653434753,0.28719,0.011763
209.19570422172546,0.291,0.011682
209.2468671798706,0.29104,0.011843
209.29445147514343,0.29296,0.0116
209.34397792816162,0.29483,0.011559
209.39402079582214,0.29683,0.011502
209.44631576538086,0.29888,0.011486
209.49447417259216,0.30091,0.011448
209.5451147556305,0.30312,0.011336
209.59688258171082,0.30481,0.011367
209.6491298675537,0.30685,0.011341
209.7005307674408,0.30869,0.011385
209.75144791603088,0.31076,0.014424
209.80187392234802,0.27629,0.014578
209.85671877861023,0.039187,0.011312
209.90582060813904,0.044667,0.011353
209.95325422286987,0.050373,0.011324
210.00097823143005,0.05592,0.011329
210.0527310371399,0.067227,0.011298
210.1080892086029,0.06724,0.011315
210.155823469162,0.072667,0.011334
210.21299743652344,0.078307,0.011379
210.2590160369873,0.08388,0.011355
210.31378388404846,0.083987,0.011293
210.36103057861328,0.094613,0.011349
210.41757249832153,0.10032,0.011308
210.46467065811157,0.10319,0.011368
210.51789593696594,0.10584,0.011341
210.56565499305725,0.10843,0.011319
210.61738419532776,0.11095,0.011379
210.67037105560303,0.1134,0.011315
210.7196912765503,0.11584,0.011312
210.77593159675598,0.11836,0.011347
210.8232560157776,0.12095,0.011331
210.87965941429138,0.12329,0.011377
210.93482875823975,0.12564,0.011368
210.98178696632385,0.128,0.011323
211.03742933273315,0.13032,0.011323
211.08816266059875,0.1326,0.011312
211.13606572151184,0.13524,0.011346
211.18609762191772,0.13745,0.011371
211.23814034461975,0.13977,0.011378
211.29044818878174,0.14207,0.011274
211.34056949615479,0.14432,0.011141
211.38676524162292,0.14665,0.011751
211.43594980239868,0.14877,0.011388
211.4921932220459,0.15324,0.012752
211.54319596290588,0.15331,0.013527
211.58857131004333,0.1556,0.014357
211.64285945892334,0.15776,0.012223
211.6967875957489,0.15796,0.011019
211.74250388145447,0.16009,0.010937
211.79722714424133,0.16471,0.010836
211.8506817817688,0.16661,0.01142
211.89710807800293,0.16887,0.011551
211.95167016983032,0.17105,0.011434
212.00262093544006,0.17307,0.012557
212.0544352531433,0.17525,0.014092
212.09900498390198,0.17744,0.014469
212.1510307788849,0.17737,0.014369
212.20269918441772,0.1816,0.012816
212.25622725486755,0.18352,0.011171
212.3089988231659,0.18587,0.011095
212.35733342170715,0.18779,0.011586
212.40722584724426,0.19004,0.011468
212.45701265335083,0.19009,0.011429
212.50907492637634,0.19416,0.011401
212.55778908729553,0.19633,0.011241
212.6075894832611,0.19843,0.013807
212.6556785106659,0.20033,0.014397
212.708722114563,0.20033,0.015155
212.76497983932495,0.20459,0.01378
212.81277537345886,0.20648,0.011037
212.86263346672058,0.20853,0.011196
212.91352939605713,0.21072,0.011485
212.96385860443115,0.21079,0.011493
213.01496171951294,0.21303,0.011427
213.07177543640137,0.21689,0.011471
213.12625670433044,0.21881,0.011418
213.17312145233154,0.22104,0.011376
213.2248351573944,0.22288,0.011492
213.27870178222656,0.22484,0.011364
213.3299436569214,0.22499,0.011419
213.3822569847107,0.22705,0.011396
213.42991638183594,0.22901,0.011407
213.4903495311737,0.23285,0.011374
213.53746557235718,0.23499,0.01092
213.5896017551422,0.23684,0.011112
213.63988518714905,0.23916,0.011161
213.692476272583,0.24081,0.011077
213.7404375076294,0.24291,0.01076
213.79477858543396,0.243,0.010805
213.84413957595825,0.24695,0.011374
213.89123153686523,0.2488,0.011425
213.94108939170837,0.25093,0.011334
213.99595499038696,0.25299,0.011317
214.0411581993103,0.25491,0.011192
214.09704184532166,0.25495,0.014262
214.14315557479858,0.25897,0.014468
214.1991536617279,0.26092,0.014146
214.25183296203613,0.26284,0.012092
214.29769802093506,0.26493,0.011179
214.35049176216125,0.26489,0.011626
214.40105652809143,0.26705,0.011674
214.45213317871094,0.26905,0.011554
214.5013782978058,0.27079,0.011473
214.55197429656982,0.27472,0.011461
214.60138607025146,0.27676,0.011225
214.651211977005,0.27873,0.011246
214.70264983177185,0.28093,0.014163
214.75295400619507,0.28109,0.014579
214.79881405830383,0.28281,0.012691
214.85383129119873,0.28508,0.013401
214.9030680656433,0.28887,0.011536
214.9560968875885,0.28891,0.011823
215.00716757774353,0.29277,0.011693
215.05337285995483,0.29253,0.011547
215.10588884353638,0.29472,0.011433
215.1530156135559,0.29661,0.011489
215.20348644256592,0.29855,0.011409
215.25397443771362,0.3006,0.011199
215.31103444099426,0.30468,0.011243
215.36160969734192,0.30655,0.01124
215.4108967781067,0.30864,0.011319
215.46029496192932,0.30869,0.011306
215.52165603637695,0.31065,0.014436
215.57221126556396,0.035173,0.011321
215.6203808784485,0.03884,0.011378
215.66838264465332,0.049773,0.011327
215.72545099258423,0.055453,0.011352
215.78049325942993,0.05556,0.011335
215.82842421531677,0.061307,0.011353
215.87643313407898,0.066787,0.01138
215.9320318698883,0.072467,0.011327
215.98220014572144,0.08364,0.011272
216.03396654129028,0.083507,0.011361
216.08684492111206,0.094307,0.011408
216.1362247467041,0.09944,0.01135
216.1842999458313,0.099533,0.011378
216.24408984184265,0.10296,0.011418
216.2901270389557,0.10807,0.011356
216.3440544605255,0.11073,0.011323
216.39305543899536,0.11079,0.011372
216.44103360176086,0.11575,0.011348
216.4933099746704,0.11576,0.01135
216.54476070404053,0.11823,0.011227
216.5961730480194,0.12295,0.011388
216.64269971847534,0.12529,0.011483
216.69441151618958,0.12553,0.011357
216.75171566009521,0.1278,0.011294
216.8038558959961,0.13028,0.011352
216.86069202423096,0.13492,0.011419
216.91205549240112,0.13481,0.011312
216.96100234985352,0.13952,0.011393
217.01050853729248,0.13961,0.01124
217.06953120231628,0.14415,0.011245
217.12337684631348,0.14641,0.011234
217.17996978759766,0.14867,0.011136
217.230890750885,0.15089,0.011775
217.28729438781738,0.15315,0.012279
217.33914852142334,0.15532,0.013977
217.38779640197754,0.15987,0.014431
217.4387664794922,0.15992,0.013645
217.4965682029724,0.16201,0.011049
217.55111479759216,0.16423,0.010896
217.59602427482605,0.16635,0.011062
217.6476273536682,0.16641,0.011211
217.69996309280396,0.17076,0.011563
217.7504687309265,0.17284,0.011679
217.7993586063385,0.17496,0.011525
217.8514747619629,0.17711,0.015329
217.9019079208374,0.17908,0.014522
217.95411014556885,0.18132,0.012755
218.00193452835083,0.18149,0.010857
218.05357432365417,0.18576,0.011028
218.10386109352112,0.18768,0.011541
218.15309286117554,0.18981,0.01151
218.20401668548584,0.19193,0.011467
218.25272631645203,0.19404,0.011265
218.30448722839355,0.19611,0.011363
218.35737895965576,0.19804,0.01373
218.40400385856628,0.20023,0.014772
218.45860290527344,0.20231,0.014742
218.50382542610168,0.20232,0.012405
218.55426740646362,0.20439,0.010883
218.60609650611877,0.20653,0.011147
218.6579349040985,0.21049,0.011664
218.7081217765808,0.21253,0.011691
218.75896525382996,0.21256,0.011595
218.8126072883606,0.21661,0.011431
218.8625888824463,0.21864,0.011459
218.91340374946594,0.21879,0.011425
218.96251726150513,0.22273,0.0114
219.024023771286,0.22475,0.011354
219.07304286956787,0.22672,0.011377
219.11854243278503,0.22869,0.011385
219.1709496974945,0.23079,0.011377
219.22891283035278,0.23271,0.011324
219.27504324913025,0.23463,0.011159
219.32853770256042,0.23683,0.010818
219.37935948371887,0.23888,0.010797
219.42965269088745,0.23899,0.010666
219.4792184829712,0.24297,0.010875
219.52862691879272,0.24485,0.011324
219.58047342300415,0.24481,0.011335
219.63030552864075,0.24693,0.011396
219.68263697624207,0.25061,0.011441
219.73419952392578,0.25268,0.010932
219.7823977470398,0.25465,0.010944
219.830317735672,0.25477,0.012463
219.88132572174072,0.25681,0.014339
219.9360911846161,0.25871,0.014143
219.98142457008362,0.26275,0.012704
220.03392481803894,0.26469,0.011245
220.08355069160461,0.26683,0.011353
220.1365041732788,0.26688,0.011622
220.18451261520386,0.27067,0.011526
220.23579454421997,0.27089,0.011514
220.28576827049255,0.27464,0.011411
220.33944749832153,0.27464,0.011376
220.38711023330688,0.27849,0.011743
220.43738913536072,0.27867,0.012973
220.4909052848816,0.28061,0.014469
220.53855347633362,0.28265,0.013703
220.59134125709534,0.28453,0.013218
220.63471341133118,0.28843,0.011618
220.68609023094177,0.29065,0.011706
220.7421898841858,0.2926,0.011772
220.7893102169037,0.29269,0.011574
220.84447956085205,0.29456,0.011446
220.89490723609924,0.29864,0.011402
220.94975566864014,0.29873,0.011462
220.99585556983948,0.30064,0.011204
221.05368542671204,0.30261,0.010916
221.10718154907227,0.30449,0.011045
221.15541625022888,0.30653,0.011201
221.20475578308105,0.30852,0.011219
221.26651334762573,0.03652,0.011363
221.31714463233948,0.038853,0.011076
221.3612449169159,0.043987,0.011297
221.41359758377075,0.043547,0.011323
221.471914768219,0.049253,0.01135
221.51834774017334,0.054973,0.011327
221.57392859458923,0.066387,0.011344
221.6198239326477,0.071973,0.011318
221.67288255691528,0.072133,0.011358
221.7235143184662,0.083013,0.011399
221.77284216880798,0.083253,0.011295
221.8293867111206,0.08844,0.01137
221.87770557403564,0.098947,0.011338
221.92903566360474,0.10267,0.01133
221.98239064216614,0.10531,0.011296
222.03002047538757,0.10531,0.011323
222.08234977722168,0.10791,0.011327
222.13266253471375,0.11279,0.011319
222.18160367012024,0.11305,0.011322
222.23209285736084,0.11553,0.011326
222.28094816207886,0.11792,0.011345
222.3342800140381,0.12039,0.01132
222.38166618347168,0.12517,0.011339
222.43317675590515,0.12551,0.011349
222.4847228527069,0.13007,0.011334
222.53347420692444,0.12999,0.011327
222.5923764705658,0.13251,0.011311
222.64490723609924,0.13481,0.011358
222.693354845047,0.13705,0.01137
222.74330472946167,0.14155,0.0114
222.79785323143005,0.14171,0.01124
222.85167360305786,0.14408,0.011206
222.90335273742676,0.14616,0.011281
222.95352125167847,0.14859,0.011248
223.00237798690796,0.15291,0.011734
223.05046391487122,0.15508,0.012896
223.10222578048706,0.15732,0.01313
223.15259528160095,0.15747,0.014133
223.2074248790741,0.15952,0.013532
223.26227140426636,0.16169,0.013618
223.31048727035522,0.16616,0.011504
223.35660004615784,0.16629,0.011001
223.41229462623596,0.16829,0.011418
223.46428799629211,0.17059,0.011641
223.51276779174805,0.17251,0.012326
223.56017446517944,0.1746,0.012715
223.61279487609863,0.17681,0.015638
223.6658809185028,0.18119,0.015446
223.71681690216064,0.18131,0.012061
223.76687240600586,0.18331,0.011343
223.8148968219757,0.18525,0.010869
223.86402106285095,0.18757,0.011502
223.91430687904358,0.18941,0.011404
223.9688892364502,0.19159,0.011338
224.0190405845642,0.19371,0.01122
224.06508493423462,0.19795,0.012255
224.11955523490906,0.20001,0.012246
224.1678535938263,0.20005,0.015653
224.21955609321594,0.2022,0.013791
224.27052307128906,0.20424,0.012704
224.31618070602417,0.2062,0.010856
224.3703281879425,0.20851,0.010849
224.41914224624634,0.21216,0.011497
224.47048926353455,0.21235,0.011649
224.52032256126404,0.21437,0.011602
224.5724973678589,0.21647,0.01141
224.62103748321533,0.21853,0.01143
224.66846632957458,0.22064,0.01132
224.72484803199768,0.22256,0.011444
224.7723205089569,0.22447,0.011421
224.82504177093506,0.22655,0.011383
224.87651658058167,0.2284,0.011369
224.92249655723572,0.22879,0.011404
224.9748809337616,0.23249,0.01139
225.0226023197174,0.23667,0.011255
225.0766258239746,0.23668,0.011128
225.12577152252197,0.23863,0.011061
225.17700052261353,0.24057,0.010975
225.22706842422485,0.24257,0.011206
225.277188539505,0.24459,0.011254
225.3278305530548,0.24659,0.01135
225.37714958190918,0.24665,0.011459
225.4302065372467,0.25063,0.011369
225.4779450893402,0.25257,0.011377
225.52980089187622,0.25463,0.010995
225.57643055915833,0.25667,0.012333
225.62917160987854,0.2566,0.014566
225.68079447746277,0.26065,0.01455
225.7301378250122,0.26055,0.013319
225.77791810035706,0.26451,0.011298
225.83192014694214,0.26653,0.011743
225.88046669960022,0.26855,0.011553
225.93166589736938,0.27047,0.011556
225.98728847503662,0.2724,0.011434
226.03319215774536,0.2724,0.011456
226.0852324962616,0.2744,0.011161
226.13741493225098,0.2784,0.011333
226.1868281364441,0.28053,0.012122
226.23969197273254,0.28061,0.015171
226.2875919342041,0.28452,0.01192
226.33856391906738,0.28456,0.012745
226.39189505577087,0.28667,0.011808
226.4372444152832,0.28847,0.011798
226.4915726184845,0.29233,0.011751
226.5498926639557,0.29441,0.011614
226.6013503074646,0.29624,0.011473
226.64827251434326,0.29825,0.011388
226.702565908432,0.30036,0.011307
226.75544500350952,0.30039,0.010985
226.80451464653015,0.30235,0.011128
226.8533616065979,0.3042,0.011073
226.9030520915985,0.30821,0.011168
226.95825171470642,0.31017,0.011234
227.00462436676025,0.035987,0.011393
227.0558693408966,0.038533,0.011353
227.106707572937,0.03768,0.011342
227.161367893219,0.043,0.011349
227.21244049072266,0.054507,0.011309
227.26554822921753,0.060173,0.01131
227.3145546913147,0.065827,0.011311
227.3637568950653,0.0714,0.011337
227.41690230369568,0.076947,0.011362
227.4645140171051,0.082467,0.011354
227.5155086517334,0.087907,0.011356
227.5687870979309,0.087973,0.011381
227.6162531375885,0.093267,0.011327
227.66776371002197,0.098547,0.011341
227.7231080532074,0.10261,0.011313
227.77097415924072,0.10767,0.011354
227.82570481300354,0.11024,0.011371
227.87259197235107,0.11267,0.011333
227.9234426021576,0.11275,0.011341
227.97640252113342,0.11525,0.011341
228.02498316764832,0.12012,0.011338
228.07381296157837,0.12023,0.011352
228.12441992759705,0.125,0.011351
228.17836928367615,0.12505,0.011357
228.2258324623108,0.12735,0.011345
228.27648329734802,0.12979,0.011325
228.32863783836365,0.13205,0.011357
228.37647485733032,0.13473,0.011348
228.42718029022217,0.13684,0.011341
228.47872614860535,0.13943,0.011327
228.53221464157104,0.14368,0.011373
228.58038973808289,0.14363,0.011227
228.63094902038574,0.14588,0.011273
228.6798393726349,0.14832,0.011175
228.73147583007812,0.15065,0.011216
228.78178906440735,0.15289,0.011309
228.8338885307312,0.15492,0.012207
228.88437628746033,0.1572,0.012356
228.93404483795166,0.15955,0.014361
228.985671043396,0.16165,0.013999
229.0343701839447,0.16376,0.01457
229.08380889892578,0.16591,0.012393
229.13730764389038,0.16819,0.011226
229.1975326538086,0.17028,0.011063
229.2449722290039,0.17237,0.012319
229.29858136177063,0.17432,0.015407
229.34686827659607,0.17676,0.013771
229.3985641002655,0.18091,0.015474
229.45156240463257,0.18113,0.011397
229.49854612350464,0.18325,0.010888
229.54680156707764,0.18525,0.010997
229.59900283813477,0.18745,0.011495
229.65353631973267,0.18951,0.011456
229.70435571670532,0.19149,0.011367
229.75491619110107,0.19373,0.011094
229.80185055732727,0.19569,0.011452
229.85431551933289,0.19767,0.011702
229.90316200256348,0.19989,0.014534
229.95671963691711,0.20188,0.015771
230.00489830970764,0.20607,0.015518
230.05515670776367,0.20612,0.013255
230.11310505867004,0.20813,0.011
230.16123485565186,0.21008,0.011016
230.21180963516235,0.21225,0.011228
230.25800800323486,0.21417,0.011559
230.31321907043457,0.21621,0.011543
230.36096215248108,0.21831,0.011406
230.41090059280396,0.22025,0.011371
230.4615077972412,0.22237,0.011378
230.5136697292328,0.22444,0.011301
230.56323742866516,0.22644,0.011413
230.6145942211151,0.22839,0.01133
230.6619644165039,0.23036,0.011395
230.71707272529602,0.23235,0.011378
230.76435494422913,0.23443,0.011359
230.81851029396057,0.23647,0.011325
230.86517691612244,0.23851,0.011225
230.916410446167,0.24041,0.011178
230.9673466682434,0.2426,0.011267
231.01722598075867,0.2444,0.011296
231.0694329738617,0.24461,0.011295
231.12234163284302,0.24848,0.011363
231.1694939136505,0.24864,0.011386
231.22042679786682,0.25251,0.011336
231.2724211215973,0.25439,0.011049
231.32353591918945,0.2564,0.01218
231.37506675720215,0.25833,0.014845
231.42309617996216,0.26055,0.014254
231.47261786460876,0.26233,0.012593
231.52469897270203,0.26244,0.011945
231.57231545448303,0.26451,0.011535
231.62453937530518,0.26837,0.011529
231.6706600189209,0.27051,0.011474
231.72541737556458,0.27261,0.011501
231.77488613128662,0.27443,0.011406
231.82607579231262,0.27624,0.011402
231.8791801929474,0.27643,0.01146
231.92627692222595,0.27833,0.014179
231.9798140525818,0.28075,0.014901
232.02889800071716,0.28443,0.014184
232.07990765571594,0.28636,0.01189
232.1350975036621,0.28816,0.011567
232.1802248954773,0.29023,0.011782
232.24163174629211,0.29215,0.011654
232.2898805141449,0.29215,0.011491
232.34567761421204,0.29627,0.011496
232.39557909965515,0.2982,0.011512
232.45638227462769,0.30019,0.011331
232.5023283958435,0.30217,0.011281
232.55255889892578,0.30237,0.011228
232.60291051864624,0.30423,0.011236
232.6558072566986,0.30613,0.011218
232.7052755355835,0.30977,0.011258
232.7587070465088,0.033267,0.011285
232.80739307403564,0.037827,0.011222
232.85919404029846,0.04276,0.011331
232.91009736061096,0.042453,0.011354
232.96419548988342,0.053947,0.011348
233.01290011405945,0.059773,0.011347
233.0604646205902,0.06536,0.011322
233.114901304245,0.071,0.011283
233.1709976196289,0.07128,0.011348
233.21908283233643,0.08216,0.011369
233.27164435386658,0.087507,0.011347
233.319988489151,0.092827,0.011379
233.369619846344,0.098227,0.01133
233.4221966266632,0.10224,0.011341
233.4719045162201,0.10489,0.011341
233.5258767604828,0.10756,0.011333
233.57517433166504,0.11004,0.01129
233.62206721305847,0.11023,0.011342
233.67453694343567,0.11252,0.011289
233.7247931957245,0.11761,0.011372
233.77878141403198,0.12,0.01126
233.82837843894958,0.12245,0.011377
233.87629914283752,0.12499,0.01137
233.92821264266968,0.12724,0.011342
233.97797966003418,0.12728,0.011371
234.03100728988647,0.1298,0.011325
234.07519936561584,0.13185,0.011307
234.12666773796082,0.13433,0.011343
234.17871570587158,0.13905,0.011325
234.2265329360962,0.14127,0.011365
234.2812213897705,0.14351,0.011332
234.33052563667297,0.14581,0.011346
234.37987065315247,0.14591,0.011345
234.42933464050293,0.14813,0.011265
234.48166346549988,0.15043,0.011247
234.53456044197083,0.15469,0.011253
234.58376336097717,0.15493,0.011261
234.63892817497253,0.15727,0.011654
234.6893150806427,0.15928,0.013672
234.74082159996033,0.16139,0.014778
234.788104057312,0.16372,0.014505
234.8432879447937,0.16588,0.013459
234.89384603500366,0.17016,0.013603
234.94130539894104,0.17015,0.011651
234.99323558807373,0.17236,0.013611
235.04952955245972,0.17439,0.014591
235.09645247459412,0.17653,0.015909
235.1480929851532,0.17867,0.013736
235.19682502746582,0.18288,0.011833
235.2502956390381,0.18495,0.011464
235.29826951026917,0.185,0.011422
235.34900498390198,0.18724,0.011407
235.40044856071472,0.1892,0.011359
235.4527072906494,0.19129,0.011415
235.50031042099,0.19533,0.011147
235.55412411689758,0.19556,0.011102
235.60108876228333,0.19773,0.011223
235.65231490135193,0.19964,0.013191
235.70444917678833,0.20172,0.015334
235.75262188911438,0.206,0.015478
235.80445551872253,0.20599,0.013497
235.85101652145386,0.20799,0.014768
235.9029176235199,0.21,0.011644
235.9529094696045,0.21221,0.010885
236.0049831867218,0.21407,0.011106
236.05462670326233,0.21603,0.010956
236.10468792915344,0.22012,0.011549
236.1538324356079,0.22015,0.011601
236.20579886436462,0.22232,0.011618
236.25683426856995,0.22427,0.011486
236.30472826957703,0.22616,0.011479
236.35506081581116,0.22635,0.011452
236.4040343761444,0.23029,0.01132
236.4523012638092,0.23025,0.011366
236.5079333782196,0.23448,0.011287
236.55960035324097,0.23647,0.011333
236.6156575679779,0.23848,0.011345
236.66595888137817,0.24049,0.011288
236.7205786705017,0.24231,0.011313
236.77480697631836,0.24443,0.011363
236.82497453689575,0.24639,0.011353
236.87319159507751,0.24831,0.011335
236.93161129951477,0.25039,0.011179
236.98299098014832,0.25404,0.011064
237.03133535385132,0.2544,0.010922
237.08245158195496,0.25613,0.012272
237.13441824913025,0.25836,0.014518
237.18861985206604,0.26037,0.012031
237.23616456985474,0.26217,0.011917
237.28762102127075,0.26617,0.011157
237.33487248420715,0.26635,0.011615
237.38714003562927,0.26816,0.011651
237.43646454811096,0.27017,0.011397
237.49208045005798,0.27225,0.011511
237.5378782749176,0.27437,0.011289
237.58820390701294,0.27621,0.011358
237.64842176437378,0.27825,0.011179
237.69435048103333,0.28017,0.014205
237.7457776069641,0.28216,0.014876
237.7967541217804,0.28416,0.011879
237.85198307037354,0.28607,0.01154
237.90268206596375,0.28808,0.011859
237.95413851737976,0.29216,0.011701
238.00564050674438,0.29213,0.011657
238.05351066589355,0.29413,0.011595
238.10418319702148,0.29604,0.011569
238.15415835380554,0.298,0.011481
238.20646572113037,0.30001,0.011481
238.25433993339539,0.30208,0.011392
238.30930161476135,0.30391,0.011402
238.35679483413696,0.30601,0.011438
238.4089493751526,0.30797,0.011358
238.4621443748474,0.30995,0.011289
238.51136255264282,0.032667,0.011419
238.56314826011658,0.036773,0.011309
238.61058259010315,0.042333,0.011342
238.66471362113953,0.047907,0.011331
238.71337580680847,0.053693,0.011351
238.7695870399475,0.065373,0.011356
238.81896710395813,0.06512,0.01135
238.8721239566803,0.07076,0.011335
238.91805863380432,0.0762,0.011328
238.97484350204468,0.081693,0.011361
239.02466249465942,0.08708,0.011367
239.07729363441467,0.09244,0.01132
239.13011860847473,0.09784,0.011354
239.18019723892212,0.10203,0.011354
239.22700357437134,0.10469,0.011371
239.27617049217224,0.10743,0.011341
239.33137965202332,0.10975,0.011293
239.3776500225067,0.10979,0.011302
239.42918753623962,0.11497,0.011358
239.48561906814575,0.1174,0.011365
239.53390169143677,0.11963,0.011323
239.58393812179565,0.12203,0.011377
239.63611602783203,0.1246,0.01134
239.68465185165405,0.12697,0.011348
239.74245715141296,0.12964,0.011337
239.7918519973755,0.13167,0.011361
239.83933973312378,0.13412,0.011407
239.8893792629242,0.13673,0.01136
239.94088625907898,0.13889,0.011336
239.98897695541382,0.14095,0.011346
240.0418405532837,0.14124,0.011342
240.09269165992737,0.14568,0.01139
240.14208698272705,0.1478,0.011335
240.19259452819824,0.15021,0.011362
240.2410228252411,0.15235,0.011264
240.29343676567078,0.15479,0.011245
240.34545922279358,0.15492,0.01142
240.39512181282043,0.15697,0.011463
240.44598507881165,0.15899,0.012333
240.49423956871033,0.16361,0.013223
240.54599905014038,0.16595,0.013276
240.59625101089478,0.16796,0.015321
240.64576840400696,0.16799,0.013211
240.69909501075745,0.17012,0.012733
240.7477526664734,0.1742,0.014146
240.79707741737366,0.17637,0.01333
240.84788060188293,0.17847,0.015398
240.90025353431702,0.1788,0.015536
240.94943809509277,0.18083,0.01093
240.99952626228333,0.18501,0.01071
241.04711890220642,0.18713,0.011297
241.1022491455078,0.18917,0.011379
241.149662733078,0.19129,0.011389
241.2078423500061,0.19123,0.011444
241.25924706459045,0.19555,0.011236
241.30624794960022,0.19747,0.011244
241.3614981174469,0.19955,0.01214
241.41144728660583,0.20145,0.011312
241.45944666862488,0.20155,0.015113
241.51653742790222,0.20328,0.015566
241.56466603279114,0.20556,0.014928
241.62086844444275,0.20957,0.01308
241.67480945587158,0.21179,0.014584
241.72438836097717,0.21384,0.011838
241.77565789222717,0.21581,0.01107
241.82415795326233,0.21563,0.010993
241.8727457523346,0.22,0.011322
241.92425632476807,0.22013,0.011272
241.9748296737671,0.22431,0.010963
242.02472615242004,0.2262,0.011415
242.07683444023132,0.22824,0.011511
242.12550854682922,0.2282,0.011461
242.1723449230194,0.23209,0.011551
242.22584629058838,0.23208,0.011395
242.2760751247406,0.23415,0.01133
242.32668590545654,0.23637,0.011343
242.37818002700806,0.23825,0.011366
242.42855715751648,0.24029,0.011345
242.47772669792175,0.24416,0.011351
242.52727484703064,0.24623,0.011356
242.5787477493286,0.24644,0.011382
242.62793064117432,0.24832,0.011347
242.67762231826782,0.25017,0.011109
242.7312526702881,0.25224,0.011015
242.77991247177124,0.25407,0.011295
242.82761096954346,0.25649,0.012861
242.87815642356873,0.26001,0.014658
242.9292676448822,0.26025,0.014572
242.98316526412964,0.26248,0.011817
243.0293791294098,0.26429,0.01112
243.07998251914978,0.26629,0.011609
243.13164639472961,0.26819,0.011542
243.1831557750702,0.27021,0.011514
243.2341606616974,0.27199,0.011461
243.28002977371216,0.27411,0.011357
243.33586597442627,0.27613,0.011229
243.3853735923767,0.2782,0.011886
243.43401050567627,0.28024,0.012586
243.48751592636108,0.28208,0.014842
243.54004526138306,0.28409,0.012915
243.58833408355713,0.28627,0.011967
243.64061784744263,0.28801,0.011641
243.68832778930664,0.29001,0.01186
243.73875164985657,0.29199,0.011633
243.78977727890015,0.29411,0.011547
243.83840322494507,0.29611,0.011574
243.8909420967102,0.29793,0.011553
243.94333577156067,0.29807,0.011448
243.9940640926361,0.30193,0.011439
244.04466199874878,0.30397,0.011454
244.09215307235718,0.30573,0.01137
244.14328908920288,0.30775,0.011426
244.19407558441162,0.30983,0.013202
244.24321579933167,0.03364,0.015118
244.304673910141,0.03624,0.011309
244.3522322177887,0.041667,0.011362
244.40573716163635,0.047427,0.011351
244.45336842536926,0.05328,0.011336
244.5110960006714,0.05872,0.011363
244.55923056602478,0.0646,0.011325
244.61209082603455,0.07008,0.01132
244.66175413131714,0.075693,0.011324
244.7172532081604,0.08112,0.011359
244.76871967315674,0.08668,0.011358
244.81940937042236,0.09208,0.011328
244.8703920841217,0.091947,0.011354
244.92699527740479,0.10448,0.011371
244.97950315475464,0.10465,0.011385
245.02878069877625,0.10719,0.01133
245.07865190505981,0.10964,0.011299
245.13035416603088,0.11196,0.01136
245.1793510913849,0.11701,0.011339
245.2293291091919,0.11705,0.01133
245.27984189987183,0.11953,0.011347
245.32913088798523,0.12204,0.011332
245.37810039520264,0.12428,0.011339
245.42854714393616,0.12687,0.011336
245.48289275169373,0.12919,0.01133
245.53098011016846,0.13165,0.011315
245.58403611183167,0.13376,0.011318
245.63041138648987,0.1364,0.011359
245.6824083328247,0.13849,0.011315
245.73151659965515,0.14101,0.011366
245.78163647651672,0.14315,0.011302
245.83246421813965,0.14321,0.011346
245.88338923454285,0.14541,0.011381
245.93951416015625,0.14991,0.011348
245.9835638999939,0.15236,0.011352
246.04230546951294,0.15443,0.01125
246.09681224822998,0.15657,0.011191
246.14454102516174,0.15885,0.011365
246.19222831726074,0.16107,0.012703
246.24258017539978,0.16325,0.013363
246.29442524909973,0.16557,0.014916
246.35303449630737,0.16757,0.015906
246.40202713012695,0.16977,0.016298
246.45209550857544,0.17195,0.014964
246.5015833377838,0.17212,0.016557
246.56052350997925,0.17827,0.017071
246.61216735839844,0.17848,0.015952
246.66243982315063,0.18052,0.013906
246.7134883403778,0.18253,0.010927
246.7610170841217,0.18473,0.011002
246.8135859966278,0.18475,0.011483
246.86604404449463,0.19097,0.011479
246.91243052482605,0.19097,0.011449
246.9735746383667,0.19313,0.011395
247.02283024787903,0.19524,0.011403
247.07513618469238,0.19723,0.011257
247.1254301071167,0.19937,0.011056
247.1739993095398,0.19957,0.011687
247.22262263298035,0.20344,0.012525
247.2784767150879,0.20571,0.012021
247.33220410346985,0.20769,0.014241
247.38007497787476,0.20961,0.015419
247.431006193161,0.21169,0.0148
247.4893982410431,0.21561,0.014754
247.54093742370605,0.21579,0.013159
247.5880274772644,0.21768,0.014449
247.64216303825378,0.21989,0.011094
247.69092988967896,0.22181,0.011055
247.74470496177673,0.22592,0.01079
247.79103899002075,0.226,0.01086
247.85041403770447,0.22793,0.011423
247.9035816192627,0.22995,0.011102
247.9517765045166,0.22996,0.011326
248.00107979774475,0.23601,0.011466
248.05709624290466,0.23804,0.011555
248.1074035167694,0.23804,0.011353
248.1614327430725,0.24001,0.011306
248.21042609214783,0.24189,0.011406
248.26054072380066,0.24592,0.011444
248.3078751564026,0.246,0.011404
248.36310982704163,0.24801,0.011385
248.41304516792297,0.25004,0.011213
248.46265721321106,0.25199,0.010947
248.51262307167053,0.25396,0.011421
248.56290817260742,0.25785,0.012311
248.61715388298035,0.25991,0.013081
248.66803860664368,0.26007,0.013722
248.72322034835815,0.26183,0.011144
248.77423119544983,0.264,0.011106
248.82473134994507,0.26601,0.01123
248.8765857219696,0.26804,0.011529
248.92569637298584,0.27001,0.011498
248.97432017326355,0.27196,0.011447
249.0256552696228,0.27397,0.011455
249.07653522491455,0.27804,0.011239
249.13117671012878,0.27781,0.012671
249.18285536766052,0.28001,0.014702
249.23286318778992,0.28188,0.014604
249.2826976776123,0.28388,0.013091
249.33472561836243,0.28784,0.011595
249.3855540752411,0.28785,0.011611
249.43486738204956,0.2898,0.01189
249.48475742340088,0.29172,0.011624
249.5361726284027,0.29384,0.011514
249.59152841567993,0.2958,0.011487
249.6412055492401,0.2978,0.011519
249.68740439414978,0.30163,0.011548
249.74005007743835,0.30176,0.011499
249.79000997543335,0.30368,0.011473
249.84726667404175,0.30556,0.011471
249.8950264453888,0.30748,0.011381
249.9525809288025,0.30953,0.011662
249.9993612766266,0.03376,0.010895
250.04782342910767,0.035907,0.011366
250.1023886203766,0.041267,0.011355
250.15533638000488,0.046973,0.011378
250.2038938999176,0.052733,0.011359
250.25042390823364,0.058427,0.011351
250.30650210380554,0.063893,0.011342
250.35394072532654,0.069587,0.011384
250.40522623062134,0.080533,0.011345
250.45521187782288,0.08064,0.011355
250.50531578063965,0.08604,0.011364
250.5588743686676,0.091693,0.011369
250.60753417015076,0.096813,0.011386
250.66022777557373,0.10168,0.011326
250.70970463752747,0.10427,0.011345
250.75844860076904,0.10703,0.011404
250.8083209991455,0.11177,0.011336
250.8574206829071,0.11184,0.011346
250.91054153442383,0.11212,0.011332
250.95891618728638,0.11699,0.011331
251.01173496246338,0.11929,0.011351
251.0594425201416,0.11944,0.011274
251.11196899414062,0.12183,0.011294
251.1601061820984,0.12672,0.011353
251.21024012565613,0.12903,0.011356
251.26349210739136,0.13136,0.011321
251.31645107269287,0.13375,0.011311
251.3656804561615,0.13392,0.01133
251.41353750228882,0.13828,0.011324
251.46409368515015,0.14061,0.011343
251.5139651298523,0.14305,0.01134
251.56597924232483,0.14307,0.011375
251.615975856781,0.14544,0.011343
251.66283512115479,0.14976,0.011317
251.71682381629944,0.14975,0.011387
251.7703561782837,0.15441,0.011359
251.82357048988342,0.15671,0.011361
251.87056589126587,0.15853,0.01145
251.92027044296265,0.1608,0.011419
251.97015953063965,0.16093,0.011941
252.02358961105347,0.16531,0.013374
252.0817370414734,0.16748,0.01574
252.1307499408722,0.16968,0.016761
252.17928075790405,0.17173,0.016401
252.2300181388855,0.17172,0.016585
252.27931571006775,0.17388,0.016136
252.33274483680725,0.1782,0.016766
252.3831126689911,0.18033,0.015522
252.43438291549683,0.18251,0.010865
252.49397611618042,0.18444,0.010796
252.54121851921082,0.18453,0.011301
252.59253931045532,0.18679,0.01149
252.6436207294464,0.19103,0.011399
252.7093801498413,0.19288,0.011478
252.75782179832458,0.19499,0.011385
252.80874109268188,0.197,0.011371
252.86125087738037,0.19921,0.011296
252.90731763839722,0.20127,0.010984
252.96198391914368,0.20353,0.011022
253.0118396282196,0.20539,0.010936
253.0582618713379,0.20748,0.011077
253.10892510414124,0.20961,0.013505
253.16237473487854,0.21155,0.013697
253.21229124069214,0.21145,0.01367
253.26179957389832,0.21361,0.015177
253.31415009498596,0.21775,0.014901
253.36593198776245,0.21973,0.014841
253.41278100013733,0.22171,0.014353
253.46404004096985,0.22389,0.014241
253.51402378082275,0.22573,0.012276
253.56450414657593,0.22785,0.010837
253.61862325668335,0.22969,0.010999
253.66758012771606,0.23175,0.010763
253.71965098381042,0.23191,0.010864
253.76592087745667,0.23376,0.011159
253.8218560218811,0.23769,0.011401
253.8732430934906,0.23975,0.011488
253.92375206947327,0.24187,0.011471
253.97149968147278,0.24188,0.01138
254.0233383178711,0.24387,0.011349
254.07658100128174,0.24565,0.01141
254.12695050239563,0.24781,0.011431
254.17437720298767,0.25175,0.011367
254.23045754432678,0.25384,0.01099
254.28755474090576,0.25571,0.011844
254.33165526390076,0.25605,0.013637
254.3863866329193,0.25783,0.013986
254.4349024295807,0.26159,0.013871
254.4947967529297,0.26368,0.011636
254.54471111297607,0.26585,0.011644
254.59140539169312,0.26585,0.011644
254.64360332489014,0.26789,0.011524
254.69478511810303,0.27169,0.011432
254.75352787971497,0.27375,0.01145
254.8058319091797,0.27576,0.011192
254.8533172607422,0.27759,0.011529
254.90267729759216,0.27771,0.013366
254.95598363876343,0.28161,0.014778
255.01091647148132,0.28168,0.014116
255.06087136268616,0.28577,0.011665
255.11499309539795,0.28767,0.01184
255.1640055179596,0.2896,0.011816
255.21331119537354,0.29164,0.011717
255.26384019851685,0.29371,0.011685
255.31357884407043,0.29559,0.011557
255.36361360549927,0.29748,0.01154
255.4165198802948,0.29947,0.011506
255.4657588005066,0.30156,0.011509
255.5144820213318,0.30163,0.011463
255.56748223304749,0.30551,0.01148
255.61643266677856,0.30743,0.011466
255.66724705696106,0.30941,0.011394
255.71736407279968,0.0348,0.011373
255.7653510570526,0.03044,0.011358
255.81591391563416,0.03524,0.011326
255.8713583946228,0.046493,0.011329
255.9195830821991,0.05228,0.011357
255.97119092941284,0.058027,0.011332
256.0210247039795,0.06372,0.011328
256.0760352611542,0.063987,0.011368
256.1243281364441,0.069307,0.011331
256.17236280441284,0.07468,0.011362
256.22479462623596,0.085747,0.011356
256.27347230911255,0.09108,0.011333
256.3235733509064,0.096547,0.011362
256.37443590164185,0.096307,0.011371
256.42985463142395,0.10156,0.011362
256.47492480278015,0.10403,0.011325
256.52878069877625,0.10664,0.011343
256.5796248912811,0.11177,0.011357
256.6286599636078,0.11413,0.011351
256.6802604198456,0.11432,0.011323
256.72789096832275,0.11912,0.011338
256.77787017822266,0.12168,0.011308
256.8277118206024,0.12408,0.011387
256.8792781829834,0.12667,0.011342
256.9305622577667,0.12651,0.011356
256.98194313049316,0.12892,0.011351
257.0314664840698,0.13129,0.01131
257.0893244743347,0.13588,0.011374
257.13521242141724,0.13832,0.011375
257.1844837665558,0.13832,0.011315
257.2421953678131,0.14056,0.011337
257.29099106788635,0.14284,0.011357
257.340402841568,0.14504,0.011317
257.3903818130493,0.14965,0.01132
257.445467710495,0.15183,0.011417
257.49420404434204,0.15409,0.011416
257.5464470386505,0.15404,0.01148
257.5942063331604,0.15653,0.011406
257.6420593261719,0.15856,0.011653
257.69592666625977,0.16075,0.011457
257.7448740005493,0.16301,0.012283
257.80308866500854,0.16516,0.016043
257.8506193161011,0.16729,0.016047
257.9010078907013,0.16932,0.015035
257.9538371562958,0.17369,0.014331
258.0011441707611,0.17405,0.014263
258.0496702194214,0.17596,0.015953
258.1019968986511,0.17809,0.01555
258.1585714817047,0.18233,0.012487
258.20456862449646,0.18227,0.010806
258.26137804985046,0.18437,0.010954
258.3095862865448,0.18653,0.011582
258.3615710735321,0.18845,0.011446
258.41271448135376,0.19276,0.011455
258.458158493042,0.19272,0.011501
258.50995564460754,0.19489,0.01146
258.5609977245331,0.19691,0.011405
258.6268527507782,0.20097,0.011364
258.6756856441498,0.20305,0.011289
258.7228000164032,0.20524,0.011
258.7760417461395,0.20533,0.010933
258.83032059669495,0.2074,0.010927
258.875479221344,0.20927,0.011207
258.92895221710205,0.21343,0.011101
258.98008489608765,0.21351,0.01309
259.03109765052795,0.21736,0.012852
259.07867336273193,0.21748,0.014309
259.12861490249634,0.21941,0.015355
259.1811406612396,0.22155,0.015164
259.23646330833435,0.22353,0.015328
259.28608989715576,0.22565,0.015077
259.33292961120605,0.22761,0.014048
259.3847620487213,0.22967,0.013977
259.4379925727844,0.2316,0.011698
259.48568654060364,0.2334,0.010774
259.5340418815613,0.23557,0.010839
259.5864531993866,0.23771,0.011228
259.6374592781067,0.23951,0.011335
259.68728137016296,0.24357,0.011643
259.73770785331726,0.24552,0.011539
259.7885992527008,0.2456,0.011408
259.838680267334,0.2476,0.011399
259.8901529312134,0.24948,0.011383
259.93760228157043,0.25153,0.011355
259.98859786987305,0.25157,0.010963
260.0425317287445,0.25552,0.011547
260.08919382095337,0.25749,0.01338
260.14000391960144,0.25967,0.01473
260.19169759750366,0.26156,0.011414
260.2492563724518,0.26359,0.011431
260.299028635025,0.26559,0.01143
260.3513422012329,0.26751,0.011655
260.403035402298,0.26959,0.011503
260.4533896446228,0.27139,0.011452
260.50262808799744,0.27348,0.011069
260.553836107254,0.27537,0.013149
260.60146498680115,0.27744,0.011622
260.653431892395,0.27763,0.014129
260.70281171798706,0.28148,0.013959
260.75658106803894,0.28353,0.013276
260.8031311035156,0.28537,0.011891
260.85334038734436,0.28731,0.011791
260.90385270118713,0.28945,0.011829
260.9559998512268,0.2914,0.011653
261.0065743923187,0.29331,0.011573
261.05773186683655,0.29532,0.011539
261.10831570625305,0.29729,0.011526
261.15472173690796,0.29917,0.011467
261.20916223526,0.30121,0.011451
261.25431394577026,0.30313,0.011274
261.30816078186035,0.30523,0.011389
261.36092591285706,0.30523,0.011331
261.41014528274536,0.30711,0.011323
261.4547505378723,0.031773,0.013625
261.51624178886414,0.034707,0.01132
261.5648834705353,0.04036,0.011321
261.615353345871,0.04588,0.011301
261.6641161441803,0.045947,0.011366
261.72267961502075,0.057347,0.011361
261.77326583862305,0.063027,0.011352
261.826771736145,0.06848,0.011335
261.87745332717896,0.07424,0.011381
261.9301509857178,0.074573,0.011313
261.98113441467285,0.085267,0.011385
262.0334458351135,0.090827,0.011315
262.0814735889435,0.09596,0.011387
262.1353566646576,0.10112,0.011361
262.1917304992676,0.10159,0.011338
262.23914790153503,0.1064,0.011309
262.29257249832153,0.10895,0.011304
262.3400835990906,0.11148,0.01136
262.3907928466797,0.11153,0.011386
262.4412965774536,0.11653,0.011387
262.4924850463867,0.11889,0.011355
262.5425703525543,0.12136,0.011317
262.5926020145416,0.12377,0.011354
262.6412389278412,0.12381,0.011352
262.6977963447571,0.12636,0.01135
262.7542984485626,0.13099,0.011311
262.80274200439453,0.1332,0.01133
262.84997391700745,0.13563,0.011322
262.9041304588318,0.13795,0.011313
262.95416045188904,0.14031,0.011372
263.00563502311707,0.14259,0.01134
263.05906653404236,0.14505,0.011383
263.10919070243835,0.14723,0.011316
263.1580240726471,0.14936,0.011422
263.2106091976166,0.15161,0.011461
263.2571291923523,0.15384,0.011534
263.3103458881378,0.15405,0.011584
263.35994029045105,0.15636,0.011637
263.4087059497833,0.16045,0.011929
263.4574851989746,0.16268,0.014055
263.51615381240845,0.16495,0.014319
263.5657527446747,0.16724,0.014663
263.6164400577545,0.16929,0.014215
263.6660256385803,0.16937,0.011951
263.7131085395813,0.17352,0.012681
263.76420855522156,0.17567,0.012767
263.82092905044556,0.17771,0.016077
263.8696439266205,0.17997,0.015431
263.9208765029907,0.18225,0.011186
263.97319173812866,0.18224,0.010815
264.0215468406677,0.18432,0.011577
264.0697183609009,0.18637,0.011502
264.12482213974,0.18849,0.011539
264.1726117134094,0.19283,0.011504
264.2259624004364,0.19285,0.011457
264.27424335479736,0.19469,0.011515
264.32254362106323,0.19677,0.011431
264.3781518936157,0.19883,0.011415
264.4274482727051,0.20297,0.011211
264.4836003780365,0.20505,0.011155
264.532568693161,0.20701,0.011024
264.59232807159424,0.20705,0.010782
264.64915323257446,0.21116,0.010778
264.69732570648193,0.21105,0.011033
264.7441816329956,0.21323,0.011243
264.7955062389374,0.21739,0.011509
264.85156059265137,0.2194,0.011615
264.8993434906006,0.22129,0.013364
264.94897747039795,0.22132,0.013368
265.00141620635986,0.22537,0.015864
265.0509777069092,0.22736,0.015994
265.101243019104,0.22936,0.016131
265.1494252681732,0.22944,0.014854
265.20339941978455,0.23339,0.014662
265.25473380088806,0.23547,0.012098
265.3075542449951,0.23756,0.011019
265.3571331501007,0.23927,0.011121
265.40628719329834,0.24137,0.011585
265.45777463912964,0.24148,0.011611
265.5073735713959,0.24349,0.01155
265.55953216552734,0.24552,0.011417
265.6097044944763,0.24955,0.01144
265.6569685935974,0.2514,0.01147
265.7097043991089,0.25337,0.010978
265.7593491077423,0.25551,0.011319
265.805703163147,0.25736,0.012535
265.85810804367065,0.25745,0.014589
265.9099223613739,0.25948,0.012378
265.9612624645233,0.26151,0.011813
266.01119351387024,0.26344,0.01149
266.05871319770813,0.26736,0.01167
266.11016941070557,0.26931,0.011669
266.1601650714874,0.27123,0.01154
266.2104413509369,0.27125,0.011406
266.26094150543213,0.27328,0.011057
266.31799125671387,0.27516,0.011311
266.36977791786194,0.27932,0.012904
266.41775846481323,0.28124,0.013555
266.47050380706787,0.28324,0.014784
266.5181679725647,0.28336,0.012626
266.57095098495483,0.28521,0.01175
266.62250113487244,0.2872,0.01191
266.6706426143646,0.28924,0.011785
266.7252240180969,0.29111,0.011625
266.77138686180115,0.29303,0.011582
266.8217487335205,0.29711,0.011531
266.8749957084656,0.29728,0.01144
266.9226038455963,0.29907,0.011491
266.9740135669708,0.30112,0.011488
267.02388286590576,0.30316,0.011457
267.07171988487244,0.30507,0.011383
267.12429666519165,0.30707,0.011357
267.1796691417694,0.03208,0.011595
267.23057675361633,0.029227,0.011517
267.2828586101532,0.034307,0.011311
267.3289556503296,0.039533,0.011351
267.3825612068176,0.04544,0.011306
267.43230509757996,0.051347,0.011338
267.4777047634125,0.056933,0.011345
267.53276920318604,0.062773,0.011343
267.5842423439026,0.06836,0.011299
267.6395618915558,0.07396,0.01133
267.6879014968872,0.079467,0.011335
267.74919295310974,0.09024,0.01132
267.8006865978241,0.095613,0.011312
267.850022315979,0.095347,0.011383
267.899126291275,0.10092,0.01135
267.948602437973,0.10373,0.01136
268.00119066238403,0.10624,0.011335
268.0482897758484,0.10865,0.011291
268.09729862213135,0.11132,0.011307
268.15165400505066,0.11361,0.011421
268.1976339817047,0.11633,0.01137
268.25668692588806,0.11873,0.011346
268.3072097301483,0.12121,0.011293
268.3542833328247,0.12375,0.011319
268.40525007247925,0.12592,0.011348
268.4608974456787,0.12848,0.011393
268.5176899433136,0.13317,0.011336
268.5633387565613,0.13317,0.011383
268.6124119758606,0.13544,0.011371
268.6702997684479,0.13787,0.011371
268.7193338871002,0.14012,0.011345
268.7687211036682,0.14249,0.011318
268.8239367008209,0.14483,0.011339
268.870977640152,0.14711,0.011394
268.91973090171814,0.14909,0.011408
268.9732186794281,0.1516,0.011555
269.0235414505005,0.15371,0.011531
269.07216334342957,0.15581,0.011703
269.12578558921814,0.16031,0.012494
269.175550699234,0.16057,0.013865
269.2214391231537,0.16261,0.014079
269.2741777896881,0.16465,0.01452
269.3247513771057,0.16684,0.012175
269.37311267852783,0.169,0.01135
269.42530727386475,0.17125,0.011046
269.47420954704285,0.17336,0.012061
269.5261027812958,0.17563,0.014749
269.58186435699463,0.1776,0.014998
269.63034749031067,0.17995,0.014228
269.6792268753052,0.18204,0.011863
269.72966027259827,0.18413,0.010791
269.7852637767792,0.18623,0.011483
269.83375000953674,0.18819,0.011653
269.88459610939026,0.19044,0.011473
269.93460035324097,0.19245,0.011414
269.98781847953796,0.19436,0.011499
270.0386438369751,0.19677,0.011444
270.0875470638275,0.19856,0.011388
270.14067578315735,0.20268,0.01138
270.190003156662,0.20303,0.01136
270.24059557914734,0.20501,0.011273
270.2910933494568,0.2068,0.011011
270.34102845191956,0.20895,0.010875
270.3938066959381,0.21091,0.011082
270.44310688972473,0.21296,0.010905
270.4931755065918,0.21501,0.010887
270.5472512245178,0.217,0.010879
270.59739923477173,0.21891,0.010918
270.6480257511139,0.22115,0.011654
270.696848154068,0.22305,0.011351
270.74546670913696,0.22525,0.012918
270.7976098060608,0.2274,0.013118
270.8484923839569,0.22928,0.014982
270.8984622955322,0.23124,0.016193
270.9510667324066,0.23331,0.016158
270.99941182136536,0.23527,0.01322
271.0509943962097,0.23521,0.01381
271.1002492904663,0.23923,0.011123
271.15053844451904,0.24132,0.010991
271.2013192176819,0.24335,0.01144
271.250118970871,0.24531,0.011504
271.3038351535797,0.24543,0.011408
271.3523802757263,0.24771,0.011324
271.398854970932,0.25143,0.011253
271.45391368865967,0.25327,0.011061
271.5052180290222,0.25519,0.010978
271.55849528312683,0.25741,0.013161
271.60891795158386,0.25728,0.014787
271.6586403846741,0.25939,0.013317
271.71171140670776,0.26124,0.011325
271.7610981464386,0.26327,0.011483
271.81053018569946,0.26532,0.011697
271.8611750602722,0.26727,0.011534
271.9103264808655,0.27135,0.011475
271.9640772342682,0.27328,0.011479
272.0119330883026,0.2752,0.011391
272.06274151802063,0.27725,0.011995
272.11410331726074,0.27715,0.013481
272.1655821800232,0.27912,0.01479
272.215802192688,0.28107,0.014149
272.264351606369,0.28505,0.011778
272.3152177333832,0.28723,0.011647
272.3633873462677,0.28731,0.0116
272.4151759147644,0.29093,0.011797
272.46254777908325,0.29117,0.011631
272.516478061676,0.29315,0.011487
272.5660216808319,0.29507,0.011505
272.61907505989075,0.29896,0.011459
272.6688799858093,0.29925,0.011518
272.7212538719177,0.30113,0.011437
272.7700607776642,0.30307,0.011445
272.8229274749756,0.30511,0.011377
272.87455677986145,0.30695,0.01136
272.9308445453644,0.031693,0.011277
272.98174238204956,0.029293,0.011518
273.0320472717285,0.039467,0.011345
273.0849585533142,0.039333,0.011339
273.1296319961548,0.04516,0.011357
273.1849865913391,0.05092,0.011349
273.23461508750916,0.062107,0.011345
273.28459668159485,0.062293,0.011375
273.33958554267883,0.073373,0.011325
273.38763880729675,0.07324,0.011295
273.4484508037567,0.079027,0.011326
273.4929823875427,0.084493,0.011357
273.5522632598877,0.095227,0.011373
273.60254430770874,0.10052,0.011285
273.65573954582214,0.10072,0.011351
273.70343947410583,0.10349,0.011341
273.7644863128662,0.10607,0.011348
273.8154032230377,0.10873,0.01136
273.8654646873474,0.1136,0.011329
273.91597294807434,0.11616,0.011315
273.9617156982422,0.1186,0.011323
274.0163064002991,0.11843,0.011323
274.06529355049133,0.12097,0.011289
274.1146318912506,0.1234,0.011353
274.16533875465393,0.12835,0.011336
274.2155623435974,0.13059,0.011326
274.26857686042786,0.13299,0.011359
274.3175411224365,0.13299,0.011288
274.36965012550354,0.13555,0.011323
274.4208312034607,0.13755,0.011297
274.4741921424866,0.14224,0.011291
274.5273594856262,0.14464,0.011377
274.57907581329346,0.14677,0.01141
274.629266500473,0.14909,0.011514
274.6751823425293,0.15128,0.011609
274.72706294059753,0.15131,0.011633
274.7796974182129,0.15579,0.011492
274.8305802345276,0.15789,0.012155
274.88109254837036,0.16011,0.014165
274.9305171966553,0.16236,0.014739
274.98301792144775,0.16233,0.014469
275.03319239616394,0.16669,0.011714
275.08456683158875,0.16888,0.011054
275.1356177330017,0.17109,0.010746
275.1841812133789,0.17117,0.011303
275.2355272769928,0.17539,0.013583
275.2834038734436,0.17756,0.015383
275.3385999202728,0.17767,0.015387
275.38533091545105,0.17968,0.011258
275.4351010322571,0.18169,0.011074
275.48740577697754,0.18599,0.011166
275.53949451446533,0.18591,0.011596
275.5895302295685,0.19019,0.011506
275.64142990112305,0.19229,0.011426
275.6898293495178,0.19435,0.011468
275.73802638053894,0.19452,0.011451
275.7887761592865,0.19659,0.011441
275.8410179615021,0.19855,0.011421
275.8911190032959,0.20056,0.011363
275.9413380622864,0.20252,0.011409
275.99259972572327,0.20696,0.011339
276.04442954063416,0.20697,0.011176
276.0922157764435,0.20889,0.011114
276.1422665119171,0.21079,0.011162
276.19138264656067,0.21291,0.011306
276.24820017814636,0.21471,0.011234
276.29471945762634,0.21684,0.011249
276.3447825908661,0.21908,0.010991
276.3953893184662,0.22107,0.010939
276.4489984512329,0.22305,0.01085
276.50498962402344,0.22492,0.011775
276.5515966415405,0.22709,0.011225
276.60245847702026,0.22911,0.012378
276.65163230895996,0.23323,0.012345
276.70891404151917,0.23308,0.015883
276.7581117153168,0.23523,0.015533
276.8060564994812,0.23708,0.013956
276.8644642829895,0.23916,0.01149
276.91645646095276,0.24107,0.011011
276.96426796913147,0.24513,0.011503
277.01504373550415,0.24508,0.011382
277.066810131073,0.24713,0.011407
277.1216461658478,0.2492,0.011322
277.1725356578827,0.25129,0.010931
277.22693061828613,0.25307,0.011043
277.2747132778168,0.25511,0.011578
277.3263010978699,0.25901,0.014737
277.37612748146057,0.25928,0.014382
277.4283092021942,0.261,0.013385
277.4796853065491,0.26327,0.011331
277.5267035961151,0.26508,0.011522
277.58532190322876,0.26709,0.011566
277.6316616535187,0.26905,0.011478
277.6849834918976,0.27315,0.011473
277.7350687980652,0.27499,0.011309
277.78898096084595,0.27703,0.011136
277.8386309146881,0.27713,0.011169
277.8862113952637,0.27897,0.014633
277.9372832775116,0.28091,0.014825
277.9898226261139,0.28292,0.013425
278.03721261024475,0.285,0.011698
278.08755922317505,0.28704,0.011784
278.14170694351196,0.28901,0.01187
278.18873739242554,0.29108,0.011638
278.2355418205261,0.29301,0.011626
278.2899420261383,0.29501,0.01148
278.3379740715027,0.29699,0.011446
278.39223289489746,0.29709,0.011452
278.4413025379181,0.29907,0.011436
278.4880006313324,0.30292,0.011413
278.5423994064331,0.30487,0.011367
278.59370851516724,0.30679,0.011363
278.64298248291016,0.30892,0.011324
278.69205260276794,0.30899,0.011471
278.7490162849426,0.033347,0.01137
278.79958629608154,0.038693,0.011365
278.8488013744354,0.04448,0.011351
278.90000224113464,0.05008,0.011356
278.95166540145874,0.05612,0.011359
279.0004813671112,0.056213,0.011378
279.0499756336212,0.067507,0.011337
279.10170555114746,0.072907,0.011358
279.15165877342224,0.0786,0.011298
279.20547246932983,0.078613,0.011332
279.2564969062805,0.089293,0.011316
279.3051791191101,0.094627,0.011307
279.354749917984,0.09476,0.011363
279.4053795337677,0.10348,0.01135
279.4551067352295,0.10581,0.011294
279.50614166259766,0.10616,0.011347
279.55626821517944,0.11083,0.01134
279.60560274124146,0.11104,0.011348
279.66505670547485,0.11592,0.011337
279.7109897136688,0.11856,0.011321
279.7613320350647,0.12083,0.011352
279.8135311603546,0.12095,0.011366
279.86864829063416,0.12569,0.011338
279.91802310943604,0.12816,0.011361
279.9678955078125,0.13049,0.011359
280.0182635784149,0.13276,0.011349
280.0704143047333,0.13296,0.011334
280.11937856674194,0.13743,0.011381
280.1718170642853,0.13743,0.011465
280.2219202518463,0.14209,0.011313
280.27210450172424,0.14435,0.011441
280.32215905189514,0.14685,0.011429
280.3781576156616,0.14899,0.011507
280.4305465221405,0.14901,0.011554
280.47895193099976,0.15137,0.012033
280.5310001373291,0.15575,0.012953
280.58280658721924,0.15788,0.013585
280.6333532333374,0.15993,0.014885
280.68071579933167,0.16215,0.012992
280.7300989627838,0.16439,0.0109
280.7827579975128,0.16432,0.011048
280.82977271080017,0.16664,0.010741
280.8856370449066,0.17091,0.011235
280.9332330226898,0.17299,0.011609
280.9842150211334,0.17516,0.013642
281.03198170661926,0.17543,0.012637
281.0830159187317,0.17739,0.015799
281.1338746547699,0.17935,0.013561
281.1867485046387,0.18157,0.011354
281.23475670814514,0.18369,0.011159
281.28567457199097,0.188,0.011606
281.3369424343109,0.19009,0.011511
281.3867087364197,0.19195,0.011449
281.43728017807007,0.19219,0.011538
281.48603796958923,0.19431,0.011409
281.5364372730255,0.19648,0.011233
281.58791065216064,0.19833,0.011138
281.6384162902832,0.20051,0.01095
281.68870854377747,0.20241,0.011155
281.7404594421387,0.20464,0.011181
281.7899341583252,0.20861,0.011297
281.8404140472412,0.21063,0.011317
281.88861989974976,0.2108,0.011337
281.9422879219055,0.21268,0.011339
281.99090814590454,0.21485,0.011267
282.04097080230713,0.21683,0.011291
282.08991289138794,0.21875,0.011357
282.1415264606476,0.22081,0.011131
282.1940815448761,0.22289,0.01116
282.24253249168396,0.22501,0.011192
282.2935674190521,0.22707,0.010932
282.34622049331665,0.22911,0.011035
282.3921711444855,0.23103,0.01185
282.4432923793793,0.23297,0.012849
282.4933876991272,0.23504,0.015258
282.5456328392029,0.23693,0.01457
282.6031217575073,0.23897,0.011451
282.6522126197815,0.241,0.010993
282.70451402664185,0.24297,0.011434
282.7547674179077,0.24296,0.01151
282.8069763183594,0.247,0.011467
282.85636281967163,0.24904,0.011271
282.90647435188293,0.25089,0.01115
282.95679783821106,0.25493,0.010923
283.00609135627747,0.25479,0.010955
283.05590772628784,0.25699,0.013116
283.1064672470093,0.25896,0.014154
283.1582865715027,0.26085,0.012444
283.2095503807068,0.26308,0.011458
283.2610321044922,0.26496,0.011279
283.3110182285309,0.26679,0.011691
283.35910058021545,0.26909,0.01152
283.40991473197937,0.27096,0.011475
283.45938086509705,0.27293,0.011488
283.5182490348816,0.27487,0.011145
283.567312002182,0.27684,0.011579
283.6209075450897,0.27876,0.012838
283.66799092292786,0.28091,0.014623
283.72302198410034,0.28292,0.013903
283.770708322525,0.28491,0.011813
283.8254084587097,0.28679,0.01164
283.8781223297119,0.289,0.011826
283.92410254478455,0.29076,0.011701
283.97569012641907,0.2928,0.011567
284.02512383461,0.29471,0.011494
284.07892203330994,0.29681,0.011455
284.12909054756165,0.29867,0.011434
284.17558193206787,0.30064,0.011369
284.22803020477295,0.30269,0.011417
284.2798545360565,0.30472,0.011407
284.32890915870667,0.30669,0.011397
284.37758922576904,0.30875,0.011368
284.4291446208954,0.30876,0.012571
284.47866797447205,0.033267,0.012321
284.53324484825134,0.038653,0.011337
284.58220076560974,0.04384,0.011363
284.6338150501251,0.04392,0.011356
284.68184781074524,0.055573,0.011406
284.7308909893036,0.061293,0.011412
284.7804970741272,0.06688,0.011347
284.83134174346924,0.072533,0.011337
284.8853919506073,0.078093,0.011355
284.93380522727966,0.078213,0.011326
284.9874265193939,0.088947,0.011409
285.0366892814636,0.094307,0.011304
285.08554673194885,0.099613,0.011381
285.1363685131073,0.1032,0.0114
285.18549847602844,0.10551,0.011266
285.2405607700348,0.10593,0.011293
285.29035091400146,0.10807,0.011356
285.3396828174591,0.11072,0.011288
285.3946576118469,0.1156,0.011208
285.44591641426086,0.11812,0.011342
285.49107122421265,0.12064,0.011354
285.54597449302673,0.12061,0.011361
285.5980317592621,0.12319,0.011349
285.64692902565,0.12559,0.011404
285.69974184036255,0.12792,0.011395
285.7576549053192,0.13267,0.011383
285.8093247413635,0.13497,0.011366
285.8602967262268,0.13495,0.011329
285.9109127521515,0.13747,0.011353
285.96183824539185,0.14189,0.011397
286.01102900505066,0.14207,0.011469
286.0610890388489,0.14421,0.011652
286.11017537117004,0.14865,0.011619
286.1613063812256,0.15088,0.011681
286.2110347747803,0.15092,0.012109
286.2611620426178,0.15545,0.013899
286.31443428993225,0.15555,0.014722
286.3631417751312,0.15769,0.014292
286.41424679756165,0.15993,0.012782
286.46289801597595,0.16217,0.011657
286.5193521976471,0.16633,0.010721
286.5690550804138,0.16868,0.010985
286.61512541770935,0.16885,0.011325
286.6672828197479,0.17097,0.012366
286.71900606155396,0.17292,0.012402
286.7730267047882,0.17521,0.014625
286.8197329044342,0.17948,0.01575
286.871808052063,0.18148,0.013262
286.92118859291077,0.18351,0.011582
286.96756529808044,0.18364,0.01141
287.02207040786743,0.18565,0.011607
287.07066321372986,0.18769,0.011449
287.12568163871765,0.18989,0.011497
287.17344069480896,0.192,0.011501
287.22119307518005,0.19424,0.01147
287.27284002304077,0.19825,0.011243
287.3233642578125,0.19815,0.011085
287.37462544441223,0.20031,0.01077
287.4282076358795,0.20233,0.010846
287.4773428440094,0.20452,0.010783
287.528258562088,0.20649,0.011362
287.57685804367065,0.21057,0.011403
287.62651467323303,0.21068,0.011326
287.67774987220764,0.21271,0.011386
287.7281951904297,0.21468,0.011395
287.77814626693726,0.21659,0.011352
287.82836985588074,0.21856,0.011332
287.879022359848,0.22064,0.011317
287.9298143386841,0.22271,0.011365
287.98145818710327,0.22488,0.011235
288.0290915966034,0.22697,0.011323
288.08017683029175,0.22887,0.011108
288.1287794113159,0.23089,0.011019
288.17876076698303,0.23276,0.01133
288.22711515426636,0.23488,0.012661
288.2817597389221,0.23692,0.014697
288.33514404296875,0.23887,0.014689
288.3835549354553,0.23901,0.010965
288.4339323043823,0.2428,0.011058
288.4830975532532,0.24489,0.011648
288.5331881046295,0.24667,0.011619
288.5871469974518,0.24888,0.011448
288.6337859630585,0.25088,0.010971
288.68519592285156,0.25088,0.010961
288.7356913089752,0.25288,0.011965
288.78681778907776,0.25484,0.013871
288.83469462394714,0.25887,0.015172
288.88980889320374,0.26079,0.014282
288.9380567073822,0.26283,0.011555
288.98845076560974,0.2648,0.011566
289.03806495666504,0.26483,0.011712
289.0948872566223,0.26691,0.011619
289.1471462249756,0.27081,0.011538
289.1972975730896,0.27271,0.011496
289.24762415885925,0.27479,0.011377
289.3026547431946,0.27679,0.011469
289.35347509384155,0.27869,0.013327
289.40340757369995,0.27883,0.014954
289.45416021347046,0.28279,0.014617
289.5043623447418,0.28471,0.011561
289.55524802207947,0.28663,0.011761
289.61109042167664,0.28664,0.011772
289.66403365135193,0.29063,0.011645
289.7108907699585,0.29276,0.011599
289.7633421421051,0.2946,0.01146
289.8202431201935,0.29668,0.011442
289.86941862106323,0.29664,0.011498
289.919864654541,0.30061,0.011514
289.9707872867584,0.30263,0.011463
290.0287365913391,0.30465,0.011444
290.0781569480896,0.30645,0.011356
290.12908148765564,0.30855,0.011467
290.18373441696167,0.03248,0.014345
290.23479175567627,0.032147,0.011369
290.2852039337158,0.037733,0.01133
290.3338158130646,0.04356,0.011389
290.3834812641144,0.049373,0.011346
290.433776140213,0.055,0.011324
290.48473358154297,0.060907,0.011353
290.53310561180115,0.066373,0.01135
290.58466362953186,0.06652,0.011339
290.6385748386383,0.07764,0.011327
290.68640398979187,0.083093,0.011355
290.73862648010254,0.088613,0.011314
290.78738260269165,0.093787,0.011309
290.8381006717682,0.09388,0.011315
290.88768672943115,0.10309,0.011349
290.93809175491333,0.10537,0.011338
290.98946142196655,0.10801,0.011316
291.03893089294434,0.10812,0.011366
291.0881042480469,0.11313,0.011294
291.1403434276581,0.1154,0.0113
291.19058418273926,0.11804,0.011347
291.23894000053406,0.11815,0.011294
291.29352927207947,0.1206,0.011326
291.34329080581665,0.12307,0.011382
291.3904836177826,0.1254,0.011345
291.4448173046112,0.13012,0.011337
291.49575781822205,0.13233,0.011336
291.54994010925293,0.13467,0.0113
291.59501671791077,0.13699,0.011335
291.64815044403076,0.13713,0.011443
291.69820284843445,0.13955,0.011503
291.7512321472168,0.14169,0.01161
291.79950761795044,0.14625,0.011673
291.84603786468506,0.14615,0.011696
291.9044301509857,0.15088,0.011981
291.95612812042236,0.15061,0.014554
292.0067479610443,0.15515,0.014123
292.0564978122711,0.15533,0.014216
292.1032211780548,0.15743,0.012211
292.15415835380554,0.15959,0.011068
292.2081632614136,0.16184,0.010775
292.253714799881,0.16621,0.011166
292.3067331314087,0.16645,0.01142
292.35742259025574,0.16841,0.011337
292.40766191482544,0.17064,0.011438
292.46256828308105,0.17275,0.012639
292.51142168045044,0.17484,0.013987
292.5624330043793,0.17912,0.015205
292.6156232357025,0.17904,0.014964
292.6642873287201,0.1812,0.011646
292.710364818573,0.18335,0.01118
292.7638475894928,0.18543,0.011418
292.81224155426025,0.18777,0.011474
292.8655045032501,0.19177,0.011484
292.9161579608917,0.19183,0.011344
292.9680049419403,0.19601,0.011091
293.0169539451599,0.19788,0.010915
293.07190561294556,0.19807,0.011006
293.12082076072693,0.20031,0.011795
293.170063495636,0.20205,0.011347
293.2191581726074,0.20419,0.010798
293.2725462913513,0.20632,0.011302
293.32113671302795,0.2082,0.011413
293.36881852149963,0.21251,0.011493
293.4224696159363,0.21261,0.011379
293.47171092033386,0.21452,0.011399
293.5219089984894,0.21656,0.011359
293.5774943828583,0.21851,0.011334
293.62821316719055,0.22268,0.011395
293.67884063720703,0.22268,0.011407
293.7314364910126,0.22659,0.011396
293.7922406196594,0.22657,0.011327
293.84469294548035,0.22868,0.010957
293.8918299674988,0.23253,0.011204
293.9441874027252,0.23468,0.011257
293.989901304245,0.23657,0.013689
294.0447669029236,0.23867,0.01493
294.0946800708771,0.23887,0.014999
294.1446099281311,0.24083,0.011536
294.1954333782196,0.2426,0.011412
294.24504566192627,0.24664,0.011387
294.30033445358276,0.24667,0.011433
294.3522357940674,0.24864,0.011401
294.40264081954956,0.25085,0.011327
294.45243191719055,0.25269,0.011035
294.5042004585266,0.25664,0.011658
294.5593521595001,0.25684,0.014958
294.611102104187,0.25873,0.014039
294.66107201576233,0.26076,0.011974
294.7173936367035,0.26453,0.011476
294.76785111427307,0.26663,0.011813
294.8206822872162,0.26668,0.011749
294.86970615386963,0.26861,0.011551
294.92208790779114,0.2726,0.011527
294.97160816192627,0.27267,0.011449
295.0226535797119,0.27477,0.011144
295.0727889537811,0.27667,0.012323
295.1264388561249,0.27869,0.013776
295.17432594299316,0.28245,0.015045
295.2259428501129,0.28451,0.013249
295.27446031570435,0.28649,0.011949
295.3249566555023,0.28657,0.011754
295.376412153244,0.28856,0.011745
295.42933201789856,0.29045,0.011579
295.4773542881012,0.29449,0.011653
295.52591705322266,0.29459,0.01151
295.58006143569946,0.2964,0.011373
295.6270387172699,0.29847,0.011425
295.67902541160583,0.30035,0.011443
295.7278242111206,0.30239,0.011456
295.77890825271606,0.30245,0.011442
295.83242630958557,0.30835,0.011328
295.88105392456055,0.30839,0.011342
295.9303605556488,0.027707,0.011342
295.9788520336151,0.03192,0.011345
296.0366258621216,0.03172,0.011323
296.08504939079285,0.043093,0.011331
296.1361107826233,0.05464,0.011346
296.1855080127716,0.060387,0.011313
296.2375588417053,0.06024,0.01135
296.28569316864014,0.06604,0.011311
296.33715081214905,0.071347,0.011312
296.3900878429413,0.0772,0.011289
296.43652057647705,0.082533,0.01132
296.48419094085693,0.0828,0.011306
296.535835981369,0.093293,0.011339
296.5905063152313,0.09908,0.011294
296.641930103302,0.10261,0.0113
296.6891601085663,0.10531,0.011354
296.74051880836487,0.10776,0.011353
296.79298400878906,0.11292,0.011304
296.8410105705261,0.11283,0.011315
296.89284801483154,0.11521,0.011316
296.9448254108429,0.11781,0.011325
296.9927628040314,0.11781,0.011311
297.04234409332275,0.12253,0.011345
297.0962312221527,0.12276,0.011337
297.1511433124542,0.12748,0.011339
297.20814847946167,0.13001,0.011302
297.2572855949402,0.13224,0.01132
297.30678963661194,0.13467,0.01132
297.35794854164124,0.137,0.01147
297.40803122520447,0.13925,0.011507
297.45824813842773,0.14153,0.011661
297.50608944892883,0.14163,0.011858
297.55680298805237,0.14605,0.011952
297.61170959472656,0.1484,0.012545
297.6600103378296,0.15053,0.013161
297.70956206321716,0.15299,0.014863
297.7614595890045,0.15515,0.013745
297.8113558292389,0.15731,0.011841
297.86055994033813,0.15949,0.010669
297.914785861969,0.16164,0.010878
297.9638328552246,0.16396,0.011019
298.01179909706116,0.16599,0.011415
298.0643584728241,0.16821,0.011318
298.11365151405334,0.16835,0.011417
298.16624188423157,0.17036,0.011841
298.21552896499634,0.17269,0.012929
298.26950216293335,0.17683,0.013946
298.3205735683441,0.17905,0.015564
298.3727946281433,0.18105,0.013693
298.4209704399109,0.18305,0.01161
298.47069692611694,0.18533,0.011363
298.5230989456177,0.18533,0.01151
298.57429218292236,0.18948,0.01145
298.6241958141327,0.19168,0.011475
298.6743640899658,0.19385,0.011457
298.7222626209259,0.19595,0.011093
298.784725189209,0.19777,0.012028
298.8346862792969,0.19983,0.013783
298.88384461402893,0.20212,0.013471
298.9348747730255,0.20396,0.012419
298.9893567562103,0.20611,0.011168
299.03898572921753,0.20619,0.011328
299.08574295043945,0.21005,0.011501
299.138995885849,0.21232,0.011513
299.19989013671875,0.21427,0.011409
299.24818658828735,0.21629,0.011337
299.29856061935425,0.21655,0.011327
299.34693026542664,0.21833,0.011324
299.40408635139465,0.2226,0.011302
299.4530782699585,0.22441,0.011331
299.50613045692444,0.22651,0.01138
299.55374097824097,0.22843,0.011392
299.6134684085846,0.23043,0.011187
299.6671805381775,0.23252,0.010966
299.71750116348267,0.2346,0.010954
299.7661917209625,0.23683,0.013949
299.8209421634674,0.23859,0.014525
299.87998819351196,0.24251,0.013533
299.93094754219055,0.24273,0.011258
299.98342204093933,0.24461,0.011172
300.0291976928711,0.24644,0.011634
300.0912871360779,0.24848,0.011383
300.1394238471985,0.25048,0.010988
300.19664216041565,0.2526,0.011052
300.24464654922485,0.25451,0.011306
300.29662895202637,0.25849,0.013519
300.34839630126953,0.25848,0.01504
300.39921617507935,0.26047,0.013624
300.452534198761,0.26248,0.011585
300.4997618198395,0.26441,0.011797
300.5509912967682,0.26659,0.01175
300.6027674674988,0.27049,0.011626
300.65091609954834,0.2724,0.011575
300.70445108413696,0.27255,0.011266
300.7531762123108,0.27436,0.011282
300.80430817604065,0.27631,0.011679
300.8578271865845,0.27841,0.01374
300.905868768692,0.28051,0.015024
300.9611129760742,0.28439,0.013711
301.0111472606659,0.28437,0.012583
301.06853103637695,0.28633,0.011782
301.1174783706665,0.28828,0.011743
301.1674733161926,0.29027,0.011577
301.2179057598114,0.29227,0.011577
301.26414132118225,0.29619,0.011573
301.3221879005432,0.29641,0.01143
301.37239265441895,0.2982,0.011427
301.4203984737396,0.30025,0.011426
301.46925592422485,0.30219,0.011449
301.51971650123596,0.30412,0.011366
301.56999158859253,0.30607,0.011346
301.6213665008545,0.30813,0.011453
301.6802999973297,0.032067,0.011736
301.7270095348358,0.031427,0.011298
301.7786285877228,0.037133,0.011366
301.8272190093994,0.042653,0.011281
301.8800847530365,0.04828,0.011342
301.9296269416809,0.05404,0.011322
301.98074674606323,0.05988,0.011341
302.0324869155884,0.065587,0.011327
302.08024168014526,0.073947,0.011399
302.1309175491333,0.076693,0.011354
302.1825213432312,0.082253,0.011336
302.2329261302948,0.087667,0.011313
302.2848346233368,0.092987,0.011318
302.3341784477234,0.098453,0.011348
302.3868980407715,0.10241,0.011294
302.43504762649536,0.10257,0.011333
302.48523211479187,0.10765,0.011359
302.5340905189514,0.11015,0.011319
302.58588433265686,0.11255,0.011285
302.64115619659424,0.11512,0.011341
302.6951310634613,0.11765,0.011296
302.7461197376251,0.12012,0.01134
302.7922296524048,0.12493,0.011382
302.8455903530121,0.12488,0.011334
302.8999969959259,0.12739,0.011334
302.95005655288696,0.12976,0.011341
302.99850034713745,0.13213,0.011426
303.048556804657,0.13444,0.011444
303.0993330478668,0.13683,0.011542
303.1496720314026,0.13699,0.011667
303.203120470047,0.14144,0.011853
303.2549979686737,0.14368,0.011809
303.311585187912,0.14592,0.012803
303.3610553741455,0.14832,0.013428
303.4133071899414,0.14828,0.014791
303.46586322784424,0.15303,0.0147
303.5127809047699,0.15485,0.013517
303.5608649253845,0.15708,0.011277
303.6198344230652,0.15949,0.011022
303.6676948070526,0.16141,0.011388
303.71545934677124,0.16384,0.011402
303.76933765411377,0.16605,0.011433
303.8218970298767,0.16809,0.011431
303.8711094856262,0.17259,0.011472
303.9247317314148,0.17257,0.011758
303.97304821014404,0.1746,0.012478
304.03044986724854,0.17669,0.015074
304.07614278793335,0.17892,0.013409
304.12868094444275,0.18091,0.011464
304.1782531738281,0.18325,0.010781
304.2374472618103,0.18544,0.011117
304.2859265804291,0.18737,0.011375
304.3389689922333,0.18959,0.011458
304.3858013153076,0.19152,0.011419
304.4430196285248,0.19375,0.011272
304.4922227859497,0.19551,0.011353
304.5446858406067,0.19984,0.013658
304.5965085029602,0.20197,0.015198
304.6463041305542,0.20204,0.014996
304.6949634552002,0.20391,0.012805
304.7457904815674,0.20612,0.01125
304.7940378189087,0.20812,0.011594
304.84611201286316,0.20997,0.01146
304.8938219547272,0.21201,0.011569
304.94353222846985,0.21223,0.011461
304.99564480781555,0.21612,0.011464
305.04708552360535,0.21824,0.011403
305.1005234718323,0.22012,0.011399
305.14936423301697,0.22228,0.011405
305.2023940086365,0.22448,0.011345
305.2548384666443,0.22636,0.011353
305.30237650871277,0.23021,0.011382
305.3537223339081,0.2304,0.011317
305.4046742916107,0.23233,0.01104
305.45454359054565,0.23445,0.013577
305.509516954422,0.23649,0.013494
305.5580360889435,0.23839,0.014954
305.60712218284607,0.24048,0.013965
305.65948152542114,0.24243,0.01157
305.71096324920654,0.24452,0.011519
305.7597496509552,0.24627,0.011637
305.8112313747406,0.24824,0.011423
305.8620834350586,0.25033,0.011263
305.91237473487854,0.25028,0.011069
305.962295293808,0.25256,0.011151
306.01195454597473,0.25631,0.013256
306.0663073062897,0.25836,0.012949
306.11431217193604,0.26044,0.014647
306.1641538143158,0.26216,0.011274
306.21590209007263,0.26432,0.011372
306.2674949169159,0.26444,0.011781
306.3132598400116,0.26644,0.011606
306.36359310150146,0.26833,0.011542
306.4217858314514,0.27232,0.011503
306.4693241119385,0.27423,0.011328
306.5210859775543,0.27427,0.011406
306.569207906723,0.27827,0.011743
306.6193609237671,0.28021,0.014919
306.6725444793701,0.28217,0.015115
306.72205567359924,0.28416,0.013328
306.7731177806854,0.28616,0.011499
306.82277178764343,0.28816,0.011959
306.8738718032837,0.29019,0.011961
306.92476773262024,0.2922,0.011681
306.9764106273651,0.29419,0.011582
307.02409052848816,0.29595,0.011446
307.0767307281494,0.29611,0.011406
307.12417244911194,0.29807,0.011436
307.179842710495,0.3022,0.011407
307.2279999256134,0.30395,0.011353
307.2801208496094,0.30591,0.01137
307.32951498031616,0.30783,0.011334
307.377991437912,0.30813,0.014794
307.428834438324,0.02604,0.011345
307.4789855480194,0.030707,0.01134
307.5322780609131,0.04196,0.01132
307.58141016960144,0.047867,0.01135
307.63043308258057,0.053693,0.011329
307.6786208152771,0.053573,0.011346
307.73053336143494,0.065093,0.01128
307.7807490825653,0.07068,0.011287
307.8288447856903,0.076267,0.011331
307.8832743167877,0.081653,0.011347
307.9344916343689,0.08204,0.011339
307.98373889923096,0.08724,0.011323
308.03311562538147,0.092693,0.011346
308.0828824043274,0.09784,0.011318
308.136412858963,0.10477,0.01135
308.1828022003174,0.10477,0.011294
308.23402738571167,0.10984,0.011319
308.28666615486145,0.10992,0.011364
308.3411486148834,0.11241,0.011319
308.39114689826965,0.11505,0.011359
308.4393856525421,0.11744,0.011356
308.4898991584778,0.11969,0.011319
308.5409097671509,0.12225,0.011357
308.58843541145325,0.1248,0.011318
308.6392562389374,0.12716,0.011387
308.6904535293579,0.12964,0.011383
308.7408752441406,0.13185,0.011494
308.7926833629608,0.13417,0.011603
308.8449773788452,0.13636,0.011618
308.8936004638672,0.13667,0.01163
308.94296622276306,0.13893,0.012011
309.00505352020264,0.14347,0.012232
309.0528781414032,0.14591,0.012699
309.10145139694214,0.14805,0.014829
309.151490688324,0.15025,0.014509
309.2048740386963,0.15256,0.013451
309.254802942276,0.15469,0.010831
309.30396699905396,0.15701,0.010687
309.35193848609924,0.1592,0.010922
309.40410470962524,0.16153,0.011416
309.4558780193329,0.16357,0.011414
309.50546503067017,0.16561,0.011489
309.5572488307953,0.16593,0.011503
309.6102981567383,0.17021,0.011438
309.66160130500793,0.17233,0.01189
309.7125337123871,0.17443,0.012243
309.76273822784424,0.17669,0.015049
309.80906105041504,0.17879,0.01513
309.8644073009491,0.18088,0.011724
309.91198897361755,0.18291,0.01102
309.9652543067932,0.18508,0.010834
310.01402759552,0.18515,0.011601
310.063556432724,0.18929,0.011486
310.1099588871002,0.19143,0.011453
310.1669192314148,0.19347,0.011293
310.2209918498993,0.19544,0.01125
310.26910066604614,0.19757,0.011386
310.31762504577637,0.19973,0.012284
310.37210416793823,0.20171,0.013943
310.42097210884094,0.20375,0.013128
310.47100162506104,0.20383,0.011296
310.52218890190125,0.208,0.01158
310.5682203769684,0.20799,0.011502
310.6222138404846,0.212,0.011715
310.67315888404846,0.21399,0.011554
310.723445892334,0.21601,0.011427
310.7696855068207,0.21813,0.011433
310.8234169483185,0.22008,0.011387
310.87269926071167,0.22025,0.011394
310.92280864715576,0.22404,0.011316
310.9739022254944,0.22621,0.011343
311.02460622787476,0.22808,0.011404
311.0758104324341,0.23024,0.011392
311.1263897418976,0.23019,0.011056
311.18161368370056,0.23225,0.011607
311.2300772666931,0.23449,0.014787
311.2817692756653,0.23616,0.014928
311.33039450645447,0.2384,0.013644
311.3815894126892,0.24232,0.011094
311.4305386543274,0.2442,0.011323
311.48417711257935,0.24413,0.01107
311.53236293792725,0.24809,0.011513
311.5837604999542,0.24824,0.011385
311.6319971084595,0.25224,0.011295
311.6806411743164,0.25428,0.011013
311.7334372997284,0.25625,0.011559
311.7814886569977,0.25819,0.014729
311.83597707748413,0.25832,0.013136
311.88525199890137,0.26231,0.014877
311.9343330860138,0.26423,0.011512
311.9865348339081,0.26405,0.011751
312.0339391231537,0.26795,0.011777
312.08723878860474,0.27013,0.011569
312.1337378025055,0.27205,0.011531
312.18706464767456,0.27221,0.011225
312.2361023426056,0.27408,0.011138
312.28839230537415,0.27619,0.012071
312.3379464149475,0.27817,0.013918
312.3882737159729,0.28016,0.014806
312.44020891189575,0.28212,0.014086
312.4910943508148,0.28411,0.012007
312.538955450058,0.286,0.0116
312.59001898765564,0.28795,0.011609
312.6409032344818,0.29209,0.011993
312.69594645500183,0.29207,0.011694
312.7460722923279,0.29597,0.011882
312.79413056373596,0.29609,0.011701
312.84505558013916,0.29795,0.011662
312.89443016052246,0.30009,0.01162
312.94648146629333,0.30196,0.011492
313.00104570388794,0.30405,0.011545
313.05230808258057,0.30609,0.011529
313.10519218444824,0.30784,0.011715
313.15422677993774,0.027133,0.012599
313.2109670639038,0.030587,0.011326
313.2594702243805,0.036,0.01133
313.3216528892517,0.0474,0.011335
313.3708736896515,0.047627,0.01133
313.4225478172302,0.053453,0.011288
313.47144508361816,0.05896,0.011302
313.52253127098083,0.064707,0.011351
313.5739583969116,0.075907,0.011343
313.6265630722046,0.07604,0.01131
313.67820954322815,0.081347,0.011362
313.7299168109894,0.086707,0.011381
313.78064918518066,0.092213,0.011327
313.83462142944336,0.0974,0.011342
313.8825888633728,0.10201,0.01131
313.9341356754303,0.10717,0.011309
313.98395013809204,0.10969,0.011369
314.03500843048096,0.11215,0.011356
314.0838153362274,0.11247,0.011373
314.1358332633972,0.11469,0.01145
314.184552192688,0.11713,0.011371
314.246844291687,0.12217,0.011346
314.29496359825134,0.12445,0.011385
314.3524980545044,0.12471,0.011375
314.40245747566223,0.12695,0.011417
314.45910716056824,0.13175,0.011531
314.51014494895935,0.13396,0.01164
314.56038999557495,0.13627,0.011709
314.61246514320374,0.13873,0.011806
314.6645860671997,0.14083,0.012083
314.71309900283813,0.14107,0.012954
314.76427125930786,0.14313,0.014798
314.8138723373413,0.14557,0.014822
314.8642592430115,0.14767,0.012998
314.91222167015076,0.15223,0.012003
314.9661822319031,0.15225,0.011964
315.0142652988434,0.15672,0.010674
315.06684374809265,0.15891,0.011329
315.11447763442993,0.15904,0.011355
315.164279460907,0.16095,0.011318
315.21859407424927,0.16337,0.011375
315.2705225944519,0.16753,0.011488
315.3184370994568,0.16785,0.011458
315.37098598480225,0.16987,0.011508
315.41952323913574,0.17207,0.011878
315.47498536109924,0.17637,0.012296
315.5209586620331,0.17844,0.014565
315.5771849155426,0.17847,0.013153
315.6301338672638,0.18049,0.010999
315.6817593574524,0.18264,0.010852
315.73134899139404,0.18685,0.011591
315.78119468688965,0.18883,0.011507
315.83192586898804,0.18901,0.01149
315.8829789161682,0.19108,0.011381
315.9336998462677,0.19328,0.011275
315.98173785209656,0.19743,0.011243
316.03359818458557,0.19743,0.013133
316.0886580944061,0.19941,0.013373
316.13602232933044,0.20351,0.01535
316.19266963005066,0.20561,0.013271
316.24113059043884,0.20557,0.010778
316.29261541366577,0.20756,0.011016
316.34081292152405,0.20963,0.011699
316.40005350112915,0.21383,0.011687
316.4514355659485,0.21583,0.011675
316.4968452453613,0.21596,0.011579
316.5480031967163,0.21797,0.011506
316.59802746772766,0.21981,0.01149
316.6492671966553,0.22192,0.011525
316.69801664352417,0.22397,0.011517
316.75218319892883,0.22789,0.011305
316.80183839797974,0.22992,0.011072
316.8522002696991,0.23212,0.011079
316.90348839759827,0.23208,0.014101
316.9574980735779,0.23397,0.012744
317.00252079963684,0.23611,0.014104
317.0583493709564,0.23823,0.01449
317.10694336891174,0.24196,0.01277
317.15716528892517,0.24209,0.011508
317.20746541023254,0.24405,0.011556
317.2566294670105,0.246,0.0115
317.3099534511566,0.24803,0.011439
317.3588237762451,0.252,0.011252
317.4097390174866,0.25195,0.011056
317.4610183238983,0.25388,0.011043
317.507426738739,0.25605,0.014299
317.560227394104,0.25789,0.015125
317.6138069629669,0.25997,0.012074
317.6621346473694,0.26203,0.011412
317.71199131011963,0.26403,0.011468
317.76615500450134,0.26608,0.011778
317.81164836883545,0.26811,0.011658
317.86436581611633,0.27008,0.011517
317.91498827934265,0.27204,0.011423
317.9638891220093,0.272,0.011153
318.01484775543213,0.27401,0.011094
318.06389689445496,0.27793,0.011601
318.11612153053284,0.27991,0.013291
318.1670980453491,0.28201,0.014234
318.22250175476074,0.28395,0.013347
318.27209734916687,0.28573,0.012016
318.33040952682495,0.28803,0.011399
318.382803440094,0.28988,0.011509
318.43485498428345,0.29184,0.011715
318.4829728603363,0.2938,0.011777
318.53337121009827,0.29592,0.011638
318.5841109752655,0.29783,0.011693
318.6377773284912,0.29793,0.011608
318.68856048583984,0.30345,0.011585
318.7387342453003,0.30383,0.011565
318.7885055541992,0.30563,0.01151
318.84714460372925,0.30779,0.014476
318.8970944881439,0.026933,0.012811
318.954069852829,0.029733,0.01133
319.00230884552,0.035347,0.011343
319.0495946407318,0.04712,0.011313
319.1048674583435,0.04704,0.011336
319.1548306941986,0.052787,0.01133
319.2090711593628,0.064253,0.011312
319.2595520019531,0.064253,0.011325
319.3100712299347,0.07008,0.01133
319.36019134521484,0.07532,0.011292
319.41092109680176,0.080853,0.011342
319.46201252937317,0.08616,0.011341
319.5114607810974,0.091747,0.011298
319.5693562030792,0.1018,0.011317
319.6237723827362,0.10175,0.011326
319.6743562221527,0.10451,0.011346
319.72288513183594,0.10683,0.011324
319.77835845947266,0.11201,0.01132
319.82448959350586,0.11197,0.011335
319.88206219673157,0.11472,0.011302
319.93278527259827,0.11691,0.011272
319.98543429374695,0.11944,0.011321
320.03489995002747,0.12191,0.011353
320.0811595916748,0.12669,0.011341
320.1330463886261,0.12897,0.011375
320.18464946746826,0.1292,0.011459
320.23638129234314,0.13152,0.011676
320.2856168746948,0.13377,0.01182
320.33944725990295,0.1362,0.01209
320.38772654533386,0.13845,0.012355
320.43726778030396,0.143,0.013817
320.493239402771,0.14529,0.014955
320.544851064682,0.14548,0.014092
320.59196305274963,0.14776,0.012507
320.6411235332489,0.14995,0.010639
320.6968832015991,0.15419,0.010725
320.74766063690186,0.15653,0.010992
320.7995226383209,0.15665,0.01139
320.8487055301666,0.15899,0.01136
320.89828300476074,0.16096,0.011405
320.9525966644287,0.16319,0.011424
320.99757838249207,0.16541,0.011436
321.0502073764801,0.16747,0.011418
321.0994966030121,0.16972,0.011461
321.15469765663147,0.17177,0.012333
321.2026982307434,0.17395,0.011791
321.25082302093506,0.17831,0.013405
321.3023326396942,0.17839,0.014126
321.35191679000854,0.18041,0.013134
321.41087794303894,0.18252,0.010817
321.465074300766,0.18669,0.011561
321.51409697532654,0.18677,0.011488
321.5660123825073,0.18887,0.011484
321.6159179210663,0.19095,0.011426
321.66714239120483,0.19505,0.011449
321.717741727829,0.19711,0.011279
321.76549434661865,0.19728,0.011698
321.8161060810089,0.19917,0.011492
321.866929769516,0.20125,0.015184
321.9163718223572,0.20336,0.014327
321.96979236602783,0.20541,0.01123
322.0161371231079,0.2074,0.010881
322.070663690567,0.20939,0.011402
322.118346452713,0.21357,0.010953
322.17140889167786,0.21348,0.011097
322.21760416030884,0.21564,0.011413
322.27026414871216,0.21775,0.011207
322.32270431518555,0.21961,0.011332
322.3724582195282,0.22165,0.011275
322.4210877418518,0.22363,0.011032
322.4729266166687,0.22577,0.01092
322.52320170402527,0.22783,0.010971
322.5748336315155,0.22993,0.011836
322.6234006881714,0.23185,0.012247
322.67309522628784,0.23385,0.013873
322.72237157821655,0.23592,0.015134
322.77450585365295,0.23783,0.012796
322.8252203464508,0.23995,0.011227
322.8735992908478,0.24185,0.01094
322.9255893230438,0.24399,0.011478
322.98023438453674,0.24607,0.011396
323.03331112861633,0.24792,0.011451
323.08596324920654,0.24985,0.011423
323.13591027259827,0.25189,0.011236
323.18560671806335,0.25192,0.011923
323.23844623565674,0.25381,0.012584
323.2855966091156,0.25788,0.014301
323.34505677223206,0.2598,0.014784
323.39393877983093,0.26184,0.011581
323.4441270828247,0.26385,0.011788
323.4976100921631,0.26556,0.011741
323.5451910495758,0.26779,0.011663
323.6009247303009,0.26976,0.011592
323.64573860168457,0.27185,0.011488
323.7000639438629,0.27367,0.011198
323.7505702972412,0.27587,0.011188
323.79908299446106,0.27608,0.011107
323.84854316711426,0.28001,0.011448
323.9001386165619,0.28168,0.013171
323.94714426994324,0.28175,0.014075
324.0009694099426,0.2858,0.013842
324.0509819984436,0.28581,0.013722
324.10397028923035,0.28975,0.011578
324.1587839126587,0.2918,0.011587
324.20684123039246,0.29365,0.011605
324.25626730918884,0.29563,0.011212
324.3066523075104,0.29775,0.011345
324.35797095298767,0.29971,0.011236
324.4072639942169,0.29968,0.01137
324.4630787372589,0.30369,0.011331
324.51079750061035,0.30551,0.011282
324.5628411769867,0.3058,0.011269
324.61365604400635,0.02672,0.011442
324.66820549964905,0.024493,0.011325
324.72226428985596,0.032133,0.011306
324.7740502357483,0.035027,0.011347
324.8235640525818,0.046667,0.011322
324.87601828575134,0.052267,0.011283
324.9280107021332,0.058213,0.011331
324.97660422325134,0.063827,0.011326
325.02539682388306,0.0696,0.011336
325.07732820510864,0.074987,0.011365
325.1285617351532,0.075093,0.011338
325.17939472198486,0.086027,0.011363
325.23009490966797,0.091307,0.011331
325.28193187713623,0.096733,0.011282
325.3284978866577,0.10168,0.011337
325.38134598731995,0.10425,0.011318
325.4318377971649,0.10701,0.011312
325.4857130050659,0.10948,0.011334
325.53366351127625,0.10955,0.011332
325.5860962867737,0.11427,0.011299
325.6340425014496,0.11435,0.011348
325.69107151031494,0.11913,0.011363
325.7350904941559,0.12171,0.011337
325.7912633419037,0.12412,0.011353
325.83711552619934,0.12661,0.011378
325.8904049396515,0.1266,0.011522
325.94009160995483,0.1292,0.011523
325.98933935165405,0.13367,0.011557
326.04317450523376,0.13588,0.011959
326.09141063690186,0.13617,0.012764
326.14163184165955,0.13851,0.013524
326.1954548358917,0.14077,0.014321
326.24213671684265,0.14529,0.014031
326.3005545139313,0.14753,0.012426
326.3497316837311,0.14989,0.010648
326.4028639793396,0.14979,0.011149
326.449520111084,0.15232,0.011284
326.50803327560425,0.15651,0.011414
326.55613684654236,0.15861,0.011375
326.61123180389404,0.16087,0.011367
326.6576316356659,0.16116,0.011404
326.707866191864,0.16516,0.01142
326.7609724998474,0.16531,0.011446
326.8110365867615,0.16751,0.011429
326.86138224601746,0.16971,0.011485
326.9114148616791,0.17379,0.012178
326.95937275886536,0.17603,0.012453
327.0162937641144,0.17619,0.014094
327.0656807422638,0.18041,0.013138
327.11310935020447,0.18029,0.011096
327.1701571941376,0.1824,0.010651
327.2182776927948,0.18659,0.011264
327.2703287601471,0.18875,0.011582
327.3202075958252,0.19075,0.011424
327.37079215049744,0.19288,0.011472
327.42430210113525,0.19489,0.011227
327.4722456932068,0.19691,0.01129
327.52257204055786,0.19913,0.011768
327.5751099586487,0.19905,0.012012
327.6243906021118,0.20121,0.014701
327.67229175567627,0.20333,0.015257
327.7258651256561,0.20745,0.014586
327.77662920951843,0.20944,0.014672
327.8247995376587,0.20963,0.012263
327.87727308273315,0.21176,0.012872
327.92758893966675,0.21357,0.011047
327.97662234306335,0.2156,0.011115
328.0284581184387,0.21753,0.011531
328.0794126987457,0.21984,0.01118
328.1239769458771,0.22359,0.011424
328.1794784069061,0.22369,0.011463
328.2279555797577,0.22585,0.012882
328.27585530281067,0.22773,0.013034
328.33114767074585,0.22977,0.015299
328.38015246391296,0.23368,0.016005
328.4284839630127,0.23379,0.016007
328.4795904159546,0.23568,0.015962
328.5299115180969,0.23768,0.01165
328.5806624889374,0.23967,0.011127
328.6309304237366,0.24179,0.01124
328.6809892654419,0.24379,0.011314
328.72990465164185,0.24579,0.011461
328.78269052505493,0.2478,0.011479
328.83600401878357,0.24984,0.011289
328.8834581375122,0.25181,0.011104
328.93748021125793,0.25363,0.011231
328.98843812942505,0.25563,0.012837
329.0439782142639,0.25801,0.014918
329.09090662002563,0.25988,0.014393
329.14534640312195,0.26172,0.011292
329.1952624320984,0.26371,0.011354
329.24647331237793,0.26581,0.011663
329.2952649593353,0.26772,0.011548
329.3457462787628,0.27147,0.011495
329.39742827415466,0.27168,0.011495
329.44702196121216,0.27372,0.011377
329.4974715709686,0.27568,0.011016
329.5504319667816,0.27765,0.011036
329.6004159450531,0.27952,0.011475
329.64707350730896,0.2816,0.013207
329.69887256622314,0.28173,0.013478
329.7494194507599,0.28565,0.013547
329.80121517181396,0.28744,0.013812
329.852255821228,0.28969,0.0134
329.90098118782043,0.29149,0.013468
329.95556449890137,0.29161,0.01256
330.01021027565,0.29555,0.011707
330.05591654777527,0.29752,0.012437
330.1069128513336,0.29947,0.011848
330.1611270904541,0.30148,0.011694
330.2120077610016,0.30347,0.012058
330.25980257987976,0.30547,0.012441
330.311895608902,0.30565,0.011936
330.36496472358704,0.0276,0.010706
330.41347002983093,0.026867,0.011355
330.4637804031372,0.034453,0.011324
330.51125407218933,0.040293,0.011318
330.5615801811218,0.046173,0.011321
330.6128170490265,0.051933,0.01132
330.6696445941925,0.057773,0.011307
330.71697092056274,0.0634,0.011364
330.7679376602173,0.06352,0.011313
330.81825733184814,0.074493,0.011296
330.8689308166504,0.08012,0.011337
330.9210879802704,0.08564,0.011381
330.96726179122925,0.090813,0.011334
331.02168822288513,0.096307,0.011329
331.0711359977722,0.1014,0.011369
331.1217062473297,0.10136,0.011328
331.1751985549927,0.10419,0.011329
331.2235276699066,0.10907,0.011342
331.2747266292572,0.11171,0.01133
331.32964158058167,0.11417,0.011332
331.377991437912,0.11673,0.01135
331.4278345108032,0.11907,0.0113
331.4774286746979,0.11932,0.011357
331.5289077758789,0.12164,0.011376
331.5782308578491,0.12399,0.011349
331.6275703907013,0.12881,0.011419
331.6785204410553,0.13105,0.011396
331.72994351387024,0.13117,0.011375
331.7785987854004,0.13576,0.012492
331.82714009284973,0.13583,0.013317
331.8792564868927,0.13817,0.014613
331.9313745498657,0.14043,0.014914
331.98205399513245,0.14264,0.013913
332.0297167301178,0.1472,0.01134
332.0800623893738,0.14731,0.010831
332.1305468082428,0.14951,0.010993
332.1796281337738,0.15169,0.011341
332.2329134941101,0.15392,0.011348
332.2842605113983,0.15835,0.011362
332.33063101768494,0.16064,0.011398
332.3807384967804,0.1628,0.011384
332.4385607242584,0.16277,0.011426
332.48619985580444,0.16505,0.011439
332.53546690940857,0.16701,0.011406
332.5859067440033,0.16939,0.011376
332.6377635002136,0.17149,0.011504
332.69153213500977,0.17383,0.012594
332.74242091178894,0.17799,0.014243
332.7908453941345,0.17799,0.014686
332.8434567451477,0.18012,0.011126
332.8904287815094,0.18225,0.010761
332.9416434764862,0.18435,0.011363
332.9898753166199,0.18855,0.01147
333.0415561199188,0.18856,0.011459
333.09299969673157,0.19072,0.011351
333.14125394821167,0.19271,0.011433
333.1953184604645,0.19495,0.011162
333.24527382850647,0.19685,0.011468
333.2972719669342,0.19881,0.011117
333.3454518318176,0.20299,0.012443
333.39172410964966,0.20317,0.012258
333.4442980289459,0.20519,0.013347
333.4983477592468,0.20704,0.015325
333.54705262184143,0.20919,0.015436
333.59834146499634,0.20932,0.014841
333.6501476764679,0.21337,0.01518
333.70000672340393,0.21531,0.014095
333.7498948574066,0.21724,0.013302
333.7986023426056,0.21948,0.013117
333.8491518497467,0.22137,0.014944
333.9051628112793,0.22157,0.014709
333.9543266296387,0.22553,0.014647
334.0040581226349,0.22749,0.01534
334.0538213253021,0.22955,0.01572
334.1040577888489,0.23141,0.016204
334.157906293869,0.23359,0.014435
334.2084050178528,0.23541,0.012355
334.255713224411,0.23756,0.011691
334.3097186088562,0.23948,0.011002
334.35914301872253,0.24155,0.011341
334.40614223480225,0.24356,0.011413
334.46083068847656,0.24552,0.011285
334.51044821739197,0.24559,0.011317
334.55967712402344,0.2494,0.011387
334.61281728744507,0.25159,0.011347
334.6701509952545,0.25355,0.011165
334.72724199295044,0.25552,0.01424
334.77482414245605,0.25752,0.013849
334.8249969482422,0.25947,0.013168
334.8811058998108,0.26151,0.011139
334.9323637485504,0.26347,0.011145
334.9809651374817,0.26548,0.011594
335.0309467315674,0.2676,0.011569
335.0831620693207,0.26961,0.011487
335.13272857666016,0.27145,0.01143
335.18828773498535,0.27337,0.011379
335.23724842071533,0.27548,0.01115
335.28639912605286,0.2774,0.011234
335.3374469280243,0.27928,0.011123
335.3928201198578,0.28127,0.011707
335.4487545490265,0.28335,0.011791
335.4988079071045,0.28535,0.012914
335.5486009120941,0.28741,0.013345
335.6031765937805,0.28925,0.013628
335.65097761154175,0.29144,0.013802
335.6995894908905,0.29144,0.013776
335.75032329559326,0.29511,0.013331
335.8011932373047,0.29532,0.013423
335.85461044311523,0.29925,0.013267
335.90573620796204,0.30127,0.013293
335.95591378211975,0.30315,0.013347
336.0079252719879,0.30512,0.013288
336.05424785614014,0.30736,0.013009
336.11310386657715,0.02372,0.01267
336.1657118797302,0.028747,0.011093
336.2230370044708,0.033867,0.01132
336.27243876457214,0.039787,0.01135
336.3233211040497,0.045547,0.011419
336.3752143383026,0.057133,0.011354
336.4257173538208,0.057227,0.011311
336.478661775589,0.062827,0.011294
336.5301585197449,0.068533,0.011362
336.5772409439087,0.073947,0.011316
336.62763118743896,0.07968,0.011363
336.67723536491394,0.084773,0.011355
336.72831320762634,0.090493,0.011369
336.77906799316406,0.098587,0.011359
336.83141565322876,0.10128,0.011341
336.882276058197,0.10368,0.011367
336.93080258369446,0.1064,0.011331
336.98036646842957,0.10881,0.011352
337.0271694660187,0.11139,0.011325
337.08092737197876,0.11155,0.011367
337.13370156288147,0.11644,0.011371
337.18083691596985,0.11899,0.011326
337.23266792297363,0.12145,0.011332
337.2821297645569,0.12377,0.011365
337.33607625961304,0.12392,0.011392
337.38714838027954,0.12611,0.011347
337.43870091438293,0.13097,0.011281
337.4860770702362,0.13333,0.01138
337.5377895832062,0.13567,0.011554
337.58988332748413,0.13571,0.013875
337.6394052505493,0.13819,0.013549
337.68588042259216,0.14027,0.012143
337.74011850357056,0.14488,0.011329
337.7881736755371,0.14723,0.010569
337.8403379917145,0.14925,0.010715
337.8893687725067,0.15184,0.011345
337.9407322406769,0.15396,0.011374
337.9902620315552,0.15389,0.011501
338.03971910476685,0.15608,0.011432
338.09147930145264,0.16047,0.011445
338.1406660079956,0.16249,0.011362
338.1940095424652,0.16483,0.01139
338.2460412979126,0.16716,0.011361
338.2933554649353,0.16921,0.011381
338.3498990535736,0.17141,0.011644
338.39849829673767,0.17133,0.011454
338.446240901947,0.1758,0.012301
338.49700832366943,0.17581,0.012895
338.5499894618988,0.17984,0.012584
338.5994462966919,0.18185,0.010789
338.6488335132599,0.18212,0.010657
338.70126247406006,0.18433,0.011318
338.7525169849396,0.18823,0.011467
338.8024024963379,0.18843,0.011398
338.8545582294464,0.1906,0.011379
338.90149211883545,0.19251,0.011402
338.95123958587646,0.19464,0.011364
339.0041432380676,0.19673,0.011124
339.05165219306946,0.19891,0.011057
339.1008143424988,0.20289,0.011009
339.16186928749084,0.205,0.010933
339.211599111557,0.20707,0.013493
339.26774883270264,0.20719,0.01302
339.31490778923035,0.20915,0.014231
339.3679299354553,0.21129,0.014325
339.4146897792816,0.21524,0.014942
339.46811532974243,0.21536,0.014505
339.5133590698242,0.21717,0.014874
339.56915521621704,0.21925,0.015062
339.6191294193268,0.22124,0.014727
339.6801826953888,0.22539,0.015117
339.7272744178772,0.22741,0.014663
339.77893924713135,0.22939,0.015261
339.83025312423706,0.23136,0.014169
339.87872886657715,0.23132,0.012753
339.9296841621399,0.23345,0.011731
339.9801251888275,0.23541,0.01097
340.03366565704346,0.2394,0.011185
340.0833330154419,0.24129,0.011213
340.13009428977966,0.2434,0.01146
340.18144392967224,0.24544,0.011235
340.2369911670685,0.24732,0.011335
340.2854163646698,0.24749,0.011322
340.33236050605774,0.24943,0.011356
340.3897969722748,0.25337,0.011224
340.44338750839233,0.2554,0.011065
340.49008870124817,0.25735,0.011685
340.5383059978485,0.25757,0.01255
340.59533405303955,0.25941,0.011097
340.65026092529297,0.26144,0.011177
340.7036466598511,0.26335,0.01127
340.7495515346527,0.26741,0.011503
340.8018846511841,0.26752,0.011444
340.8542492389679,0.26951,0.011454
340.90125155448914,0.27327,0.011398
340.9527225494385,0.27331,0.011338
341.0085883140564,0.27521,0.011363
341.05533051490784,0.27723,0.011206
341.10538053512573,0.27945,0.011193
341.1557877063751,0.28316,0.011211
341.20559763908386,0.28513,0.011198
341.25839281082153,0.28725,0.011635
341.3089990615845,0.28912,0.011755
341.3600289821625,0.29111,0.012563
341.407603263855,0.29111,0.012602
341.46055912971497,0.2932,0.012323
341.5084662437439,0.29512,0.012325
341.55826354026794,0.29715,0.012869
341.6127824783325,0.30116,0.012991
341.66105461120605,0.30125,0.013028
341.7109978199005,0.30304,0.012801
341.7620792388916,0.30507,0.012546
341.81123900413513,0.30696,0.01413
341.86092615127563,0.026267,0.012111
341.91174602508545,0.033547,0.011303
341.95879316329956,0.033587,0.011326
342.0113401412964,0.03932,0.011362
342.06423139572144,0.050933,0.011341
342.11575722694397,0.051227,0.01132
342.1634464263916,0.056587,0.01134
342.21510195732117,0.062573,0.011318
342.2640206813812,0.068093,0.011295
342.3158321380615,0.07344,0.011277
342.3676495552063,0.079067,0.011318
342.42121171951294,0.084787,0.011323
342.46995973587036,0.08996,0.011315
342.5214252471924,0.09524,0.011337
342.57143926620483,0.10077,0.011356
342.62411189079285,0.10355,0.011325
342.6708860397339,0.10599,0.01136
342.7247703075409,0.10881,0.011314
342.77575397491455,0.11108,0.011342
342.8229033946991,0.11385,0.011335
342.8745801448822,0.11615,0.011353
342.9267942905426,0.11864,0.011349
342.97771644592285,0.12119,0.011283
343.0241823196411,0.12341,0.011342
343.0771436691284,0.12585,0.011403
343.12762689590454,0.12841,0.01132
343.1785378456116,0.1308,0.011182
343.2259237766266,0.13319,0.011065
343.27769351005554,0.13541,0.011653
343.32840967178345,0.13572,0.01187
343.37743973731995,0.14227,0.011363
343.4324221611023,0.14225,0.010798
343.4824695587158,0.14475,0.010604
343.53049325942993,0.14677,0.010929
343.58944869041443,0.14907,0.011295
343.6372456550598,0.15145,0.011316
343.69269132614136,0.15369,0.011266
343.74095726013184,0.15577,0.011363
343.7899935245514,0.15813,0.011328
343.8388841152191,0.16032,0.011345
343.8922543525696,0.16249,0.011343
343.94672679901123,0.16683,0.011312
343.9988543987274,0.16685,0.011401
344.05515480041504,0.16899,0.011335
344.10828852653503,0.17109,0.011084
344.15785932540894,0.17337,0.011095
344.2080731391907,0.17543,0.011031
344.2553548812866,0.17763,0.011072
344.3040654659271,0.17983,0.010859
344.3577506542206,0.18189,0.010537
344.40646266937256,0.18397,0.010639
344.4592914581299,0.18613,0.011161
344.50830364227295,0.18827,0.011374
344.5598728656769,0.18835,0.01137
344.6112813949585,0.19225,0.011383
344.6614532470703,0.19237,0.011366
344.71071577072144,0.19665,0.011382
344.75990867614746,0.19869,0.011316
344.80832529067993,0.20072,0.011145
344.86099004745483,0.20263,0.011019
344.91894364356995,0.20484,0.010881
344.96731972694397,0.20689,0.011069
345.0186448097229,0.20897,0.011209
345.0664381980896,0.20903,0.011726
345.1147861480713,0.21119,0.011175
345.1698441505432,0.21504,0.011557
345.2184970378876,0.2172,0.011604
345.2729461193085,0.217,0.012779
345.32549381256104,0.22112,0.012438
345.37618041038513,0.22319,0.012207
345.42859053611755,0.22509,0.01156
345.4843237400055,0.22731,0.012121
345.53553438186646,0.22933,0.011865
345.5852348804474,0.23117,0.011097
345.63534665107727,0.23317,0.010902
345.69320797920227,0.2334,0.011281
345.741970539093,0.23735,0.01115
345.7978951931,0.23925,0.011303
345.8462162017822,0.24136,0.011423
345.8949234485626,0.24329,0.011415
345.94695496559143,0.24537,0.011348
345.99978590011597,0.24732,0.011366
346.0489282608032,0.24727,0.011367
346.09991669654846,0.25137,0.011317
346.1496686935425,0.25323,0.011256
346.20163440704346,0.25529,0.01101
346.256804227829,0.25731,0.01099
346.3024318218231,0.25913,0.010893
346.355628490448,0.26128,0.010876
346.4047884941101,0.26317,0.011137
346.45643424987793,0.26333,0.011383
346.5065906047821,0.26724,0.011408
346.55520486831665,0.26923,0.011385
346.60545778274536,0.27104,0.011373
346.6557810306549,0.27117,0.011348
346.7072720527649,0.27527,0.011362
346.76081013679504,0.27705,0.011384
346.8094503879547,0.27907,0.011319
346.85856556892395,0.28109,0.011279
346.9106254577637,0.28315,0.01122
346.95882201194763,0.28497,0.011138
347.01277327537537,0.28516,0.011115
347.0614297389984,0.28703,0.011215
347.1137671470642,0.29085,0.011229
347.163006067276,0.29305,0.011458
347.21049666404724,0.29485,0.01156
347.2633173465729,0.29695,0.011617
347.3121819496155,0.29903,0.011593
347.36044669151306,0.29909,0.011617
347.41251373291016,0.30109,0.011735
347.4627437591553,0.30309,0.011799
347.51174092292786,0.30492,0.011658
347.5612645149231,0.30692,0.011254
347.61422395706177,0.027587,0.011254
347.6641933917999,0.027293,0.011327
347.7153232097626,0.03908,0.011314
347.76737356185913,0.038733,0.011311
347.81705379486084,0.04472,0.011334
347.86597990989685,0.05036,0.011337
347.91813015937805,0.056227,0.011308
347.96661496162415,0.067693,0.011319
348.01642513275146,0.06776,0.01125
348.06698775291443,0.078707,0.011315
348.12167024612427,0.07868,0.011366
348.1692433357239,0.08416,0.011283
348.21819376945496,0.08948,0.011347
348.2731308937073,0.095093,0.01134
348.32166957855225,0.10033,0.01135
348.37094950675964,0.10353,0.011356
348.43144130706787,0.10853,0.011329
348.47991943359375,0.11104,0.011328
348.5291600227356,0.11125,0.011317
348.5803129673004,0.11343,0.011307
348.63264322280884,0.11617,0.011385
348.6819591522217,0.12101,0.011326
348.73074746131897,0.1234,0.011325
348.78341484069824,0.1256,0.011327
348.83203744888306,0.12603,0.011291
348.8828077316284,0.12824,0.011233
348.93318128585815,0.13059,0.011147
348.9854235649109,0.13073,0.01094
349.03228092193604,0.13751,0.011033
349.0865070819855,0.13749,0.010857
349.1395390033722,0.14001,0.010769
349.18649554252625,0.14205,0.010818
349.2394378185272,0.14463,0.011053
349.28823947906494,0.14905,0.011137
349.3397479057312,0.14899,0.011277
349.39510107040405,0.15133,0.011428
349.4430465698242,0.15355,0.011378
349.4933989048004,0.15568,0.011374
349.54101514816284,0.15592,0.011341
349.59504795074463,0.16016,0.011402
349.64483976364136,0.16237,0.011345
349.69924545288086,0.16455,0.011386
349.7467746734619,0.16664,0.011376
349.79746770858765,0.16889,0.011229
349.8501617908478,0.17104,0.011139
349.89963555336,0.17325,0.01109
349.95156383514404,0.17528,0.010891
350.0023293495178,0.17539,0.01097
350.0509502887726,0.17964,0.010721
350.102520942688,0.18165,0.010793
350.1626660823822,0.18393,0.011355
350.21000957489014,0.18597,0.011439
350.2669253349304,0.18631,0.011387
350.3142719268799,0.19033,0.011385
350.36536955833435,0.19437,0.011386
350.41545605659485,0.19432,0.011348
350.4640622138977,0.19639,0.011397
350.5169277191162,0.19856,0.011381
350.5675513744354,0.20065,0.011277
350.6195640563965,0.20269,0.011185
350.67085576057434,0.20475,0.010985
350.71775484085083,0.20679,0.01105
350.76825881004333,0.20868,0.01087
350.8215618133545,0.21096,0.010834
350.86952924728394,0.21295,0.010787
350.92006850242615,0.21301,0.010794
350.96977615356445,0.21697,0.010841
351.02312874794006,0.21905,0.010872
351.07169342041016,0.22099,0.010809
351.124794960022,0.22299,0.010885
351.17107105255127,0.22509,0.010886
351.22423934936523,0.22709,0.010869
351.2823178768158,0.22908,0.010929
351.32840490341187,0.231,0.011106
351.379061460495,0.23123,0.011093
351.43076825141907,0.23517,0.011352
351.49005460739136,0.23728,0.011394
351.53840017318726,0.23915,0.011407
351.58853578567505,0.24127,0.011436
351.643492937088,0.24311,0.011415
351.69175481796265,0.2452,0.011323
351.74138045310974,0.24711,0.011368
351.7920699119568,0.24909,0.011393
351.84534549713135,0.25117,0.011343
351.89385294914246,0.25317,0.011165
351.94413328170776,0.25703,0.011217
351.99358892440796,0.2572,0.011091
352.05470538139343,0.25925,0.01105
352.10201144218445,0.26107,0.011283
352.15099024772644,0.26319,0.011333
352.20313596725464,0.26523,0.011365
352.2523217201233,0.26499,0.011414
352.3046636581421,0.26903,0.011387
352.35174584388733,0.2712,0.011389
352.40651750564575,0.27316,0.011419
352.4550998210907,0.27499,0.011338
352.50494623184204,0.27715,0.011388
352.5564546585083,0.27905,0.011322
352.6081907749176,0.28099,0.011379
352.6560139656067,0.28303,0.011354
352.7079679965973,0.28504,0.011213
352.76157784461975,0.28692,0.011197
352.81145572662354,0.28888,0.011235
352.86141419410706,0.29083,0.011205
352.91029596328735,0.29085,0.011231
352.95805859565735,0.29484,0.011226
353.0106632709503,0.29685,0.011287
353.0655686855316,0.29904,0.011335
353.11473655700684,0.30089,0.011379
353.16633701324463,0.30268,0.011393
353.21059346199036,0.30285,0.011459
353.2648310661316,0.30477,0.011423
353.31596970558167,0.023627,0.011263
353.36400866508484,0.027027,0.011005
353.4139087200165,0.03244,0.01135
353.4666635990143,0.038267,0.011289
353.51730370521545,0.0384,0.011354
353.56601452827454,0.044187,0.01132
353.61775970458984,0.049947,0.011369
353.6690077781677,0.055693,0.011343
353.7186191082001,0.06708,0.011321
353.7701470851898,0.072547,0.011341
353.82282757759094,0.078053,0.011371
353.8719172477722,0.078307,0.011321
353.918696641922,0.083733,0.011341
353.9687833786011,0.08904,0.011311
354.02126908302307,0.099973,0.011334
354.0709419250488,0.10319,0.011261
354.1243987083435,0.10324,0.011361
354.17105531692505,0.10585,0.011307
354.22154450416565,0.10837,0.01141
354.2734706401825,0.11096,0.011345
354.3226943016052,0.11585,0.011344
354.37794399261475,0.11599,0.011328
354.42578887939453,0.11835,0.011301
354.4775855541229,0.12084,0.01133
354.52735328674316,0.12316,0.011354
354.57844281196594,0.12556,0.011345
354.6296157836914,0.12792,0.011339
354.6803901195526,0.13267,0.011218
354.72668838500977,0.13497,0.01111
354.77677154541016,0.13512,0.011053
354.8295135498047,0.13753,0.010864
354.8797826766968,0.13985,0.011062
354.93622159957886,0.14203,0.011062
354.9812681674957,0.14655,0.01111
355.03660559654236,0.1466,0.011131
355.0894615650177,0.14867,0.011293
355.13749861717224,0.15101,0.011389
355.19256234169006,0.15335,0.011357
355.2394280433655,0.15549,0.011345
355.28946900367737,0.15777,0.011374
355.3410017490387,0.16031,0.011369
355.3927297592163,0.16209,0.011361
355.44217467308044,0.16452,0.011351
355.4926960468292,0.16669,0.011385
355.54274725914,0.1688,0.011323
355.5926864147186,0.17088,0.011288
355.643513917923,0.17081,0.011148
355.6945676803589,0.17512,0.011211
355.7450933456421,0.17725,0.011085
355.79658222198486,0.17943,0.011157
355.8490297794342,0.18153,0.011335
355.8978388309479,0.18359,0.011337
355.95271039009094,0.18573,0.011372
355.9992938041687,0.18793,0.011409
356.0612416267395,0.19009,0.011387
356.1099181175232,0.19201,0.011366
356.1600720882416,0.19417,0.011362
356.20750546455383,0.19639,0.01135
356.26697754859924,0.19828,0.011367
356.31819200515747,0.20248,0.011351
356.36688232421875,0.20261,0.011474
356.42419958114624,0.20464,0.011271
356.47228360176086,0.20679,0.011309
356.52302861213684,0.20837,0.011217
356.57619762420654,0.21055,0.010969
356.62497782707214,0.21257,0.011101
356.6751515865326,0.21463,0.011105
356.72412276268005,0.21671,0.011074
356.77939200401306,0.22079,0.011215
356.82801389694214,0.22085,0.011087
356.88420152664185,0.22285,0.011072
356.9326355457306,0.22484,0.011208
356.9912054538727,0.22691,0.011088
357.04098320007324,0.22893,0.011277
357.09877824783325,0.23097,0.011318
357.1461980342865,0.23476,0.011377
357.1951344013214,0.23497,0.011375
357.24962306022644,0.23711,0.011371
357.2969365119934,0.23896,0.011411
357.3475031852722,0.24092,0.011411
357.401038646698,0.24291,0.011376
357.45341300964355,0.24496,0.011345
357.5024206638336,0.24703,0.011371
357.54810523986816,0.2488,0.011393
357.60024070739746,0.25273,0.011405
357.6515805721283,0.25289,0.011339
357.70144176483154,0.25493,0.011285
357.75268054008484,0.25697,0.011252
357.8022916316986,0.25876,0.011323
357.85289478302,0.26097,0.011327
357.903133392334,0.26481,0.011316
357.9584176540375,0.26675,0.011398
358.0066864490509,0.26691,0.011364
358.0586042404175,0.26893,0.011317
358.108770608902,0.27077,0.01136
358.1560561656952,0.27291,0.01134
358.2084045410156,0.27483,0.011372
358.2573881149292,0.2768,0.011351
358.3060748577118,0.27896,0.011393
358.35625982284546,0.28071,0.011354
358.413743019104,0.28281,0.011337
358.4649302959442,0.2848,0.011335
358.5246756076813,0.28681,0.011287
358.574383020401,0.29087,0.011278
358.6250994205475,0.29253,0.011283
358.6741819381714,0.29461,0.011234
358.7288863658905,0.29487,0.011264
358.7795112133026,0.29657,0.011262
358.8250889778137,0.29861,0.011349
358.8790485858917,0.30249,0.011298
358.9358208179474,0.30261,0.011373
358.98354053497314,0.30469,0.01138
359.0393912792206,0.30644,0.01133
359.08791184425354,0.021293,0.011328
359.1451983451843,0.03212,0.01135
359.193829536438,0.03212,0.011329
359.24369406700134,0.03784,0.011338
359.29396963119507,0.043693,0.01133
359.3538110256195,0.055293,0.011323
359.4024872779846,0.06084,0.011306
359.4552984237671,0.061227,0.011325
359.5060827732086,0.066733,0.01138
359.5645501613617,0.072227,0.011327
359.61067843437195,0.083173,0.011345
359.66104531288147,0.088533,0.011319
359.7154948711395,0.088747,0.011343
359.77197551727295,0.093907,0.011289
359.82338070869446,0.099253,0.011199
359.8746728897095,0.10553,0.011341
359.920371055603,0.10801,0.011345
359.98003220558167,0.11055,0.011361
360.0279166698456,0.11055,0.011345
360.078932762146,0.11317,0.011327
360.1282639503479,0.1156,0.011323
360.1844131946564,0.12052,0.01129
360.23724341392517,0.12288,0.011376
360.28896856307983,0.12313,0.011342
360.3382043838501,0.12547,0.011356
360.3889060020447,0.12772,0.01137
360.43968892097473,0.13012,0.011308
360.4884240627289,0.1326,0.011285
360.53694891929626,0.13733,0.011289
360.5902409553528,0.13945,0.011229
360.64063143730164,0.13959,0.011224
360.6911540031433,0.1442,0.011101
360.7437562942505,0.14417,0.01129
360.7954559326172,0.14656,0.01113
360.8433015346527,0.14871,0.011233
360.8933434486389,0.15108,0.01132
360.9485559463501,0.15556,0.011317
360.99837017059326,0.15757,0.01135
361.04710030555725,0.15981,0.011387
361.0991384983063,0.16007,0.011342
361.1566951274872,0.16201,0.011328
361.2050874233246,0.16435,0.011311
361.2585699558258,0.16859,0.011358
361.30621457099915,0.17064,0.011357
361.3561384677887,0.17273,0.011423
361.41204833984375,0.17505,0.011375
361.46066188812256,0.17529,0.011352
361.5176589488983,0.17713,0.011353
361.5713448524475,0.18141,0.01135
361.6174466609955,0.18348,0.011335
361.6725170612335,0.18564,0.011374
361.7192893028259,0.18757,0.011333
361.7690784931183,0.18976,0.011361
361.82494282722473,0.18991,0.011336
361.87336826324463,0.19411,0.01135
361.9279029369354,0.19609,0.011374
361.97915744781494,0.19808,0.011342
362.0277290344238,0.19828,0.011355
362.08349609375,0.20021,0.011366
362.1320254802704,0.2046,0.011389
362.18084025382996,0.20639,0.011371
362.23449420928955,0.2084,0.011294
362.28183364868164,0.21033,0.011295
362.3313307762146,0.21041,0.011297
362.3865714073181,0.21257,0.011323
362.43331003189087,0.21449,0.011313
362.4880440235138,0.21664,0.011305
362.5412986278534,0.22072,0.011304
362.59356713294983,0.22256,0.011314
362.63853693008423,0.22283,0.01134
362.6928119659424,0.22469,0.011336
362.7437791824341,0.22879,0.011338
362.7970061302185,0.22889,0.01131
362.84352850914,0.23287,0.011386
362.89558029174805,0.23461,0.011405
362.94587445259094,0.23479,0.011407
362.9939982891083,0.23684,0.011382
363.04885506629944,0.24072,0.011353
363.0960488319397,0.24272,0.011341
363.15149903297424,0.24284,0.011382
363.19869899749756,0.24496,0.011432
363.2500329017639,0.24696,0.011432
363.30096554756165,0.24871,0.011401
363.35105323791504,0.25083,0.01142
363.40359592437744,0.25284,0.011367
363.45235085487366,0.25683,0.01134
363.50017523765564,0.25877,0.011357
363.5531647205353,0.25892,0.011341
363.604807138443,0.2608,0.011334
363.65254068374634,0.26276,0.01134
363.70303678512573,0.26679,0.011329
363.7579839229584,0.26684,0.011345
363.80232787132263,0.26876,0.011273
363.86084628105164,0.27072,0.011337
363.90944814682007,0.27288,0.011376
363.9579870700836,0.2748,0.011359
364.0085747241974,0.27665,0.01138
364.06265330314636,0.27883,0.011372
364.1117844581604,0.28081,0.011367
364.16315269470215,0.28475,0.01138
364.20988845825195,0.28649,0.011354
364.26520133018494,0.28663,0.011319
364.31650376319885,0.28859,0.011338
364.3656077384949,0.29063,0.011332
364.4146246910095,0.29256,0.011323
364.4673044681549,0.29465,0.011346
364.5165174007416,0.29649,0.011306
364.5734567642212,0.30057,0.011318
364.6233413219452,0.30056,0.011296
364.6803641319275,0.30245,0.011342
364.73335099220276,0.30452,0.01132
364.78029799461365,0.30644,0.011292
364.8337790966034,0.02104,0.011375
364.8833374977112,0.02564,0.011325
364.93722915649414,0.031413,0.011349
364.98865842819214,0.037093,0.011291
365.0361747741699,0.043027,0.011369
365.08667278289795,0.05468,0.011308
365.13637351989746,0.057893,0.011264
365.1943085193634,0.060613,0.01127
365.2427108287811,0.066253,0.011287
365.29541206359863,0.071613,0.011323
365.34733843803406,0.07712,0.011346
365.3959276676178,0.082693,0.011339
365.4468250274658,0.088107,0.011326
365.5028507709503,0.09372,0.011343
365.56040048599243,0.10271,0.011339
365.6088812351227,0.10295,0.01135
365.6609995365143,0.10767,0.011359
365.70926451683044,0.11021,0.011215
365.76080298423767,0.11035,0.011359
365.8082551956177,0.11285,0.01137
365.861590385437,0.11543,0.011331
365.9127342700958,0.12039,0.011294
365.96451139450073,0.12269,0.011312
366.0114936828613,0.12299,0.011358
366.06526350975037,0.12535,0.011353
366.1129672527313,0.12759,0.011342
366.1616132259369,0.13211,0.011356
366.2117555141449,0.13452,0.011386
366.2678966522217,0.13469,0.011379
366.31716656684875,0.13699,0.011349
366.3687059879303,0.13932,0.011325
366.41811871528625,0.14169,0.011293
366.4687716960907,0.14385,0.011269
366.52249336242676,0.14611,0.011224
366.57121777534485,0.14832,0.011294
366.6246404647827,0.15081,0.011311
366.67480659484863,0.15311,0.011302
366.7238757610321,0.15536,0.011333
366.7701382637024,0.15737,0.01128
366.82139825820923,0.15952,0.011362
366.8748140335083,0.16177,0.011339
366.92338585853577,0.16395,0.011392
366.97573733329773,0.166,0.011374
367.0244572162628,0.17048,0.011313
367.0766363143921,0.17045,0.011359
367.1242084503174,0.1728,0.011315
367.1827595233917,0.17471,0.011355
367.2317862510681,0.17687,0.011357
367.28094696998596,0.18116,0.011354
367.32950258255005,0.18132,0.011334
367.38335847854614,0.18341,0.011331
367.4348132610321,0.18545,0.01131
367.4841659069061,0.18739,0.011241
367.5364565849304,0.18956,0.011356
367.5872766971588,0.19171,0.011321
367.63472509384155,0.19388,0.011332
367.68611097335815,0.19609,0.01135
367.73481702804565,0.19809,0.011363
367.78301548957825,0.19996,0.011363
367.83643555641174,0.20209,0.011341
367.8847916126251,0.2042,0.011332
367.9361333847046,0.20623,0.011361
367.9868047237396,0.20827,0.011394
368.03880310058594,0.21043,0.011357
368.08828687667847,0.21233,0.011341
368.13840913772583,0.21436,0.011362
368.1892795562744,0.21635,0.011372
368.24143624305725,0.21843,0.011387
368.29055404663086,0.22032,0.011358
368.34839725494385,0.22257,0.011353
368.39649987220764,0.22451,0.011339
368.4524657726288,0.22648,0.01137
368.50260519981384,0.22848,0.011283
368.55276465415955,0.22879,0.011362
368.59975719451904,0.23233,0.011362
368.65601086616516,0.23447,0.011343
368.70473980903625,0.23663,0.011384
368.7617630958557,0.23855,0.011392
368.8158655166626,0.23893,0.011362
368.8637886047363,0.24464,0.011377
368.91840147972107,0.24447,0.011371
368.9688684940338,0.24661,0.01137
369.0173444747925,0.24856,0.011412
369.06720638275146,0.25055,0.011351
369.1208713054657,0.25253,0.011368
369.1697402000427,0.25463,0.011371
369.21888756752014,0.25659,0.011369
369.27209520339966,0.25849,0.011335
369.317538022995,0.26049,0.011346
369.3732707500458,0.26067,0.011375
369.4210488796234,0.26467,0.011368
369.4785826206207,0.26668,0.011372
369.5312144756317,0.26859,0.011373
369.580943107605,0.27051,0.011354
369.62996768951416,0.27251,0.011351
369.68328046798706,0.27464,0.011369
369.7307333946228,0.27651,0.0113
369.78232049942017,0.27865,0.011366
369.82847690582275,0.28035,0.011338
369.883013010025,0.28243,0.011309
369.93340587615967,0.28435,0.011332
369.9826786518097,0.28633,0.011352
370.0338532924652,0.28839,0.011314
370.0939528942108,0.29047,0.01129
370.14144229888916,0.29237,0.011318
370.19341826438904,0.29444,0.011331
370.24365639686584,0.29644,0.011347
370.29481267929077,0.29827,0.011345
370.3452606201172,0.30037,0.011323
370.3944265842438,0.30225,0.011377
370.44406175613403,0.30424,0.011353
370.4934561252594,0.30447,0.011388
370.54801964759827,0.30647,0.011332
370.59613609313965,0.020813,0.011355
370.6491904258728,0.030787,0.011341
370.69705963134766,0.036907,0.011287
370.75119495391846,0.042827,0.01135
370.7986352443695,0.0486,0.011359
370.85058403015137,0.054267,0.011327
370.90085911750793,0.06008,0.011362
370.9497756958008,0.06576,0.011319
370.99839639663696,0.071493,0.011385
371.0503270626068,0.07692,0.011339
371.10162925720215,0.082453,0.011355
371.15359354019165,0.0824,0.011302
371.2009813785553,0.087787,0.011336
371.2531442642212,0.09848,0.011388
371.3033356666565,0.10261,0.011362
371.3532452583313,0.10511,0.011375
371.4065704345703,0.10533,0.011384
371.45608377456665,0.10788,0.01133
371.5116341114044,0.11013,0.011346
371.56227350234985,0.11519,0.011307
371.6109664440155,0.11773,0.011331
371.6602029800415,0.12004,0.011351
371.7123062610626,0.12033,0.01135
371.7644064426422,0.12252,0.01137
371.82015109062195,0.12735,0.011382
371.864581823349,0.12972,0.011319
371.91736602783203,0.12976,0.011332
371.96766114234924,0.13451,0.011379
372.01917791366577,0.13667,0.011334
372.07514238357544,0.13688,0.011351
372.12334537506104,0.13909,0.011311
372.173800945282,0.14356,0.011281
372.22310519218445,0.14607,0.011264
372.27141547203064,0.14593,0.011299
372.32765650749207,0.14829,0.011333
372.37613320350647,0.15065,0.011321
372.42529344558716,0.15265,0.011353
372.47848773002625,0.15499,0.011359
372.527117729187,0.15948,0.011337
372.5778419971466,0.16149,0.011324
372.6292791366577,0.16369,0.011382
372.6786849498749,0.16599,0.011355
372.72749280929565,0.16595,0.011323
372.77806067466736,0.16807,0.011351
372.83338165283203,0.17017,0.011368
372.88181734085083,0.17232,0.011348
372.9316403865814,0.17469,0.011347
372.98574590682983,0.17869,0.011368
373.0329840183258,0.18101,0.011361
373.0844693183899,0.18112,0.011353
373.13478660583496,0.18525,0.011345
373.18597531318665,0.18523,0.011319
373.2353219985962,0.18939,0.011329
373.2830331325531,0.19124,0.011328
373.3412775993347,0.19165,0.011373
373.3903317451477,0.19353,0.011351
373.4373104572296,0.19777,0.011364
373.49223828315735,0.19776,0.011333
373.54004096984863,0.19988,0.011317
373.5942544937134,0.202,0.011336
373.6408495903015,0.20403,0.011316
373.6936275959015,0.20611,0.01133
373.7438700199127,0.208,0.011339
373.7941048145294,0.21013,0.01134
373.84140729904175,0.21208,0.011341
373.8939018249512,0.21417,0.011358
373.94521284103394,0.21621,0.011408
373.9969325065613,0.21844,0.011361
374.04927945137024,0.22033,0.011319
374.0970208644867,0.22237,0.011373
374.14766573905945,0.22433,0.011342
374.1971218585968,0.22639,0.011351
374.24539065361023,0.22845,0.011356
374.30020546913147,0.23048,0.011284
374.34830117225647,0.23273,0.011378
374.39904737472534,0.23449,0.011364
374.4493980407715,0.23635,0.011339
374.5004651546478,0.23855,0.011348
374.550630569458,0.23852,0.011352
374.6043245792389,0.24251,0.011364
374.6588044166565,0.24459,0.011367
374.70892310142517,0.24647,0.011371
374.758398771286,0.2484,0.011291
374.8103528022766,0.25043,0.011355
374.85905933380127,0.25245,0.011359
374.9097602367401,0.25445,0.011382
374.9596722126007,0.25632,0.011344
375.0085983276367,0.25843,0.011378
375.0596408843994,0.26044,0.011432
375.11305975914,0.26253,0.011331
375.16162157058716,0.26437,0.011364
375.20871353149414,0.26625,0.011364
375.26219749450684,0.26841,0.011314
375.311714887619,0.27031,0.011351
375.36996054649353,0.27228,0.011354
375.42139077186584,0.2744,0.011361
375.46748518943787,0.27625,0.011339
375.51875400543213,0.27833,0.011325
375.56817722320557,0.2804,0.011412
375.6177990436554,0.28231,0.011345
375.67040395736694,0.28229,0.01133
375.7216432094574,0.28627,0.011322
375.76955485343933,0.28629,0.011338
375.8214235305786,0.28833,0.011345
375.8723683357239,0.29033,0.011281
375.92129611968994,0.294,0.011326
375.9725248813629,0.29619,0.011353
376.02611112594604,0.29803,0.011371
376.0771265029907,0.30012,0.011331
376.12373900413513,0.30015,0.011328
376.17402386665344,0.30415,0.011308
376.22227120399475,0.30612,0.011359
376.2771773338318,0.020987,0.01136
376.33052158355713,0.025107,0.011342
376.37840032577515,0.024493,0.011307
376.4267523288727,0.030387,0.011351
376.48035764694214,0.03636,0.01134
376.5312964916229,0.04224,0.011338
376.5802662372589,0.053813,0.01132
376.63307762145996,0.059333,0.01127
376.6806836128235,0.065173,0.011327
376.7340416908264,0.065333,0.011364
376.7845621109009,0.071,0.011352
376.8329105377197,0.076427,0.011348
376.88286685943604,0.087227,0.011338
376.9370243549347,0.092627,0.011369
376.9865736961365,0.098013,0.011333
377.0342071056366,0.097987,0.011318
377.08548855781555,0.10231,0.011247
377.1338243484497,0.10491,0.011323
377.186518907547,0.10735,0.011381
377.2378113269806,0.11019,0.011357
377.2851951122284,0.11253,0.011349
377.3433964252472,0.11488,0.011387
377.3957164287567,0.11751,0.011325
377.45019578933716,0.11996,0.011353
377.49970626831055,0.12233,0.011352
377.54828095436096,0.12705,0.01133
377.6032645702362,0.12708,0.011321
377.65016078948975,0.12971,0.011311
377.7009401321411,0.13195,0.01133
377.7524242401123,0.13437,0.011351
377.8002805709839,0.13657,0.011359
377.85183024406433,0.13888,0.011304
377.9038381576538,0.14343,0.011324
377.95537066459656,0.14581,0.011287
378.00114941596985,0.14583,0.011346
378.05379247665405,0.14793,0.011305
378.1040918827057,0.1502,0.01131
378.1540105342865,0.15251,0.011306
378.2024099826813,0.15471,0.011332
378.254252910614,0.15728,0.01135
378.30548882484436,0.15921,0.011362
378.3571836948395,0.16139,0.011359
378.40546345710754,0.16341,0.011326
378.45887303352356,0.16573,0.011342
378.5040409564972,0.16804,0.011374
378.55577063560486,0.17009,0.011295
378.6056261062622,0.17247,0.011349
378.66135430336,0.17435,0.011387
378.7176613807678,0.17644,0.011346
378.7692201137543,0.17872,0.011294
378.8203959465027,0.18084,0.011361
378.8671073913574,0.18315,0.011343
378.9194474220276,0.185,0.011374
378.96862173080444,0.18731,0.011307
379.021365404129,0.18932,0.011282
379.0678584575653,0.19133,0.011334
379.1201479434967,0.19332,0.011295
379.1733479499817,0.19557,0.011305
379.2261805534363,0.19789,0.011338
379.2730944156647,0.19965,0.011345
379.3245174884796,0.20169,0.01137
379.375052690506,0.20399,0.011379
379.43025755882263,0.20592,0.011332
379.48483753204346,0.21008,0.011376
379.5357937812805,0.21016,0.011344
379.5909221172333,0.21203,0.01127
379.64308643341064,0.21403,0.011381
379.6923978328705,0.21607,0.011374
379.74380016326904,0.21829,0.011406
379.7926678657532,0.22021,0.011326
379.8440909385681,0.22432,0.011413
379.8987879753113,0.22433,0.01139
379.9532389640808,0.22645,0.011328
380.00287437438965,0.22829,0.011382
380.0523450374603,0.23028,0.011396
380.10958552360535,0.23237,0.011427
380.15879559516907,0.23427,0.011367
380.21093797683716,0.23631,0.011289
380.2621159553528,0.24024,0.011382
380.30737018585205,0.24239,0.011336
380.36029744148254,0.24233,0.01137
380.4094593524933,0.24432,0.011356
380.4625463485718,0.24827,0.011353
380.51157784461975,0.24848,0.011346
380.5614161491394,0.25037,0.011394
380.61321330070496,0.25228,0.011366
380.6625442504883,0.25427,0.011353
380.7122015953064,0.25632,0.011347
380.7656478881836,0.25853,0.011368
380.8119161128998,0.26035,0.011346
380.8636772632599,0.26231,0.011368
380.9230160713196,0.26428,0.01134
380.97395396232605,0.26624,0.011329
381.02500891685486,0.26817,0.01137
381.0734326839447,0.27221,0.011326
381.1312963962555,0.27225,0.011366
381.18111395835876,0.27427,0.011328
381.2315921783447,0.27627,0.011331
381.2889597415924,0.27816,0.011319
381.3376200199127,0.28012,0.011309
381.3849720954895,0.28211,0.011325
381.4376525878906,0.28603,0.011334
381.4879012107849,0.28808,0.011302
381.5388169288635,0.28996,0.011369
381.58978176116943,0.29019,0.011288
381.6396484375,0.29187,0.011351
381.6865379810333,0.29415,0.011347
381.7375259399414,0.29609,0.011334
381.7887361049652,0.29612,0.011343
381.8402192592621,0.30029,0.011371
381.89007592201233,0.30196,0.011314
381.94383358955383,0.304,0.011378
381.99382758140564,0.30596,0.011374
382.0485897064209,0.020373,0.011311
382.0992171764374,0.024747,0.011371
382.14613485336304,0.02408,0.011408
382.1984655857086,0.03592,0.011336
382.2492485046387,0.041867,0.011311
382.3003079891205,0.047493,0.011335
382.3475706577301,0.053507,0.011331
382.3997826576233,0.053507,0.011331
382.4615435600281,0.053507,0.011351
382.50819277763367,0.070413,0.01133
382.56115770339966,0.075933,0.011337
382.60946321487427,0.081427,0.011308
382.661945104599,0.086907,0.011326
382.7113046646118,0.092293,0.011325
382.7608253955841,0.09768,0.011321
382.8128674030304,0.10208,0.011295
382.8578534126282,0.10481,0.011304
382.91114377975464,0.10729,0.01132
382.9630300998688,0.10987,0.011286
383.01172256469727,0.11224,0.011302
383.0633442401886,0.11491,0.011313
383.1125662326813,0.11741,0.011358
383.1623623371124,0.11987,0.011341
383.20854902267456,0.12219,0.011328
383.2652084827423,0.12463,0.011329
383.31403374671936,0.12688,0.01132
383.36134576797485,0.12697,0.011315
383.41524505615234,0.13163,0.011329
383.4655804634094,0.13396,0.01129
383.5160987377167,0.1362,0.011306
383.5693733692169,0.13875,0.011363
383.6176435947418,0.13887,0.011315
383.66866087913513,0.14324,0.011288
383.71942949295044,0.14344,0.011373
383.77231454849243,0.14797,0.011366
383.82060194015503,0.15013,0.011299
383.8756983280182,0.15237,0.011341
383.9275748729706,0.15445,0.011415
383.9750518798828,0.15483,0.011278
384.024774312973,0.15905,0.011234
384.07945227622986,0.16125,0.011335
384.12822937965393,0.16347,0.011316
384.1778259277344,0.16551,0.011306
384.22672033309937,0.16781,0.011346
384.27991557121277,0.16988,0.011347
384.33306431770325,0.16999,0.011315
384.38507771492004,0.17439,0.011322
384.43220043182373,0.17641,0.011359
384.48621821403503,0.17859,0.011332
384.5387680530548,0.18064,0.011325
384.58822751045227,0.18287,0.011351
384.63866424560547,0.18483,0.011309
384.6865017414093,0.18701,0.011298
384.7402744293213,0.18696,0.011339
384.79367423057556,0.19125,0.011315
384.8452136516571,0.19332,0.011349
384.8923707008362,0.19537,0.011423
384.9435477256775,0.19739,0.011348
384.9942512512207,0.19947,0.011349
385.0490357875824,0.20161,0.011319
385.099490404129,0.20143,0.011348
385.14936232566833,0.20363,0.011333
385.19658946990967,0.20768,0.011359
385.2499403953552,0.20968,0.011374
385.30074548721313,0.21193,0.01137
385.3496789932251,0.21367,0.011327
385.3995726108551,0.21585,0.011354
385.45046949386597,0.21584,0.011382
385.5025818347931,0.22003,0.011349
385.55150175094604,0.222,0.01136
385.60185146331787,0.22204,0.011347
385.65432143211365,0.22416,0.011327
385.7066333293915,0.22612,0.011379
385.758341550827,0.22815,0.011316
385.8071856498718,0.23224,0.011352
385.85555028915405,0.23224,0.011358
385.90780663490295,0.23403,0.011341
385.9590377807617,0.2362,0.01141
386.0121545791626,0.24009,0.011346
386.06556510925293,0.24016,0.01135
386.11747550964355,0.24205,0.011295
386.1621437072754,0.24617,0.011366
386.2205448150635,0.24816,0.01134
386.26804661750793,0.25016,0.011381
386.3239345550537,0.25012,0.011341
386.374871969223,0.25211,0.011339
386.42268085479736,0.25401,0.011405
386.47214937210083,0.25601,0.011375
386.52298760414124,0.26008,0.011375
386.57367730140686,0.26021,0.011334
386.62396597862244,0.26427,0.011399
386.673157453537,0.26419,0.011382
386.7268531322479,0.26619,0.01138
386.7742295265198,0.27,0.011348
386.82331252098083,0.27009,0.011361
386.87457275390625,0.27197,0.011354
386.93701696395874,0.27592,0.011389
386.9841446876526,0.27601,0.011334
387.03226137161255,0.27804,0.011318
387.0861909389496,0.27999,0.011374
387.1343789100647,0.28393,0.011349
387.18684101104736,0.28596,0.011361
387.23507714271545,0.28787,0.011334
387.2893159389496,0.28788,0.011329
387.34084391593933,0.28995,0.011268
387.3887803554535,0.29193,0.011333
387.43962264060974,0.29389,0.011307
387.4883689880371,0.29788,0.011362
387.53959679603577,0.29799,0.011375
387.59119510650635,0.29996,0.011369
387.6421835422516,0.30183,0.01134
387.689795255661,0.30392,0.011348
387.74159502983093,0.30575,0.011383
387.79240131378174,0.024173,0.011335
387.8414523601532,0.029667,0.011339
387.8911690711975,0.03524,0.011278
387.945942401886,0.03548,0.01128
387.9912631511688,0.041093,0.011342
388.0439658164978,0.04716,0.011339
388.0940909385681,0.05272,0.011261
388.1459882259369,0.058587,0.011346
388.1957001686096,0.069813,0.011283
388.2444496154785,0.069933,0.011294
388.2950737476349,0.075587,0.011406
388.3509876728058,0.080893,0.011285
388.3943119049072,0.086547,0.011331
388.4468653202057,0.091933,0.01135
388.4999420642853,0.097147,0.01134
388.5519814491272,0.10184,0.011323
388.60220289230347,0.10457,0.011309
388.6531913280487,0.10723,0.011334
388.6997630596161,0.10952,0.011337
388.75121450424194,0.11208,0.011309
388.8014078140259,0.11449,0.011317
388.8539800643921,0.11712,0.011265
388.90492820739746,0.11715,0.011325
388.9569442272186,0.11976,0.01137
389.00600123405457,0.12444,0.011303
389.05703473091125,0.12693,0.011334
389.1035029888153,0.12921,0.011337
389.1543800830841,0.13153,0.011332
389.20734453201294,0.13388,0.011312
389.25758266448975,0.13404,0.011352
389.3061463832855,0.13852,0.011331
389.3583011627197,0.14087,0.011319
389.41129446029663,0.14316,0.011333
389.45873832702637,0.14541,0.011328
389.51232385635376,0.14549,0.011327
389.5631215572357,0.15003,0.011318
389.60972595214844,0.15231,0.011349
389.6603891849518,0.15451,0.011335
389.7197926044464,0.15668,0.01139
389.76754546165466,0.15875,0.011317
389.8189425468445,0.15895,0.011335
389.8675169944763,0.16112,0.011362
389.92045974731445,0.16553,0.011319
389.96584486961365,0.16771,0.011302
390.0205864906311,0.16763,0.011296
390.0748314857483,0.17207,0.011312
390.1281101703644,0.17415,0.011327
390.180947303772,0.17637,0.011357
390.2266104221344,0.17848,0.011331
390.28146719932556,0.1804,0.011354
390.328839302063,0.18249,0.011357
390.3882668018341,0.18273,0.01133
390.4396140575409,0.18692,0.011355
390.4882433414459,0.18893,0.011318
390.53823685646057,0.19108,0.011343
390.5931148529053,0.19313,0.011319
390.64277362823486,0.19528,0.011325
390.69181752204895,0.19716,0.011355
390.7412943840027,0.19937,0.011371
390.79527592658997,0.19935,0.01136
390.8433816432953,0.20349,0.011326
390.8934795856476,0.20559,0.011281
390.9437177181244,0.20753,0.011346
391.0002179145813,0.20955,0.011336
391.0515048503876,0.20964,0.011346
391.1053874492645,0.21373,0.011338
391.1531021595001,0.21364,0.011266
391.21099615097046,0.21783,0.011349
391.2667329311371,0.21984,0.01137
391.3131003379822,0.22189,0.011329
391.36646723747253,0.22395,0.011312
391.41904163360596,0.22592,0.011356
391.4675498008728,0.22795,0.011297
391.51889657974243,0.22781,0.011338
391.56889963150024,0.23195,0.011349
391.62213158607483,0.23404,0.011358
391.6728503704071,0.23604,0.01137
391.72578263282776,0.23796,0.011346
391.774569272995,0.23997,0.011363
391.8324809074402,0.242,0.011334
391.8795335292816,0.24401,0.01137
391.94152069091797,0.24601,0.011323
391.9917769432068,0.24788,0.011372
392.0386161804199,0.25201,0.011337
392.0904874801636,0.25191,0.011351
392.14000248908997,0.25399,0.011363
392.18927216529846,0.25603,0.011333
392.242360830307,0.25807,0.011337
392.28935408592224,0.26197,0.011336
392.3399455547333,0.26203,0.01136
392.39245676994324,0.26395,0.011297
392.4437177181244,0.26603,0.011279
392.49362993240356,0.268,0.011381
392.5439085960388,0.26793,0.011357
392.5947937965393,0.27016,0.011343
392.64505553245544,0.274,0.011371
392.69662141799927,0.27593,0.011375
392.7522039413452,0.27787,0.01129
392.8037359714508,0.27979,0.011302
392.8603072166443,0.28197,0.011314
392.908748626709,0.28376,0.011363
392.96062302589417,0.28585,0.011312
393.00736927986145,0.2878,0.011302
393.0599229335785,0.28979,0.011449
393.11039113998413,0.29176,0.011265
393.15789818763733,0.29389,0.011354
393.21050930023193,0.29581,0.011346
393.26097869873047,0.29777,0.011379
393.3140745162964,0.29979,0.01134
393.36237478256226,0.30157,0.011368
393.41469287872314,0.30367,0.011359
393.4641761779785,0.30357,0.011321
393.515504360199,0.018573,0.01132
393.561616897583,0.023347,0.011283
393.61365509033203,0.029107,0.011326
393.66626739501953,0.034813,0.01139
393.712521314621,0.04072,0.011346
393.7701439857483,0.04092,0.011281
393.81815695762634,0.04692,0.011344
393.87013387680054,0.05824,0.011322
393.918696641922,0.06396,0.011367
393.9721086025238,0.069547,0.011306
394.0266478061676,0.075,0.01133
394.07628774642944,0.07532,0.011289
394.1234652996063,0.080587,0.011353
394.17597484588623,0.091453,0.011317
394.2304518222809,0.096947,0.01132
394.2756359577179,0.10167,0.011363
394.3341226577759,0.10424,0.011317
394.3853976726532,0.10691,0.011317
394.432724237442,0.10935,0.011326
394.48811960220337,0.1118,0.011332
394.5402636528015,0.11428,0.011215
394.589964389801,0.11699,0.011321
394.6392104625702,0.1194,0.011318
394.69084548950195,0.12192,0.011331
394.7392246723175,0.1244,0.011294
394.7890319824219,0.12653,0.011324
394.8412685394287,0.12904,0.011277
394.89416241645813,0.129,0.011345
394.9445083141327,0.13151,0.011343
394.9924740791321,0.13616,0.011332
395.04342460632324,0.13847,0.011346
395.0942621231079,0.14079,0.011288
395.1452224254608,0.14305,0.011342
395.194149017334,0.1452,0.011349
395.24814081192017,0.14529,0.011345
395.29698514938354,0.14779,0.011377
395.3510046005249,0.15193,0.011333
395.4030079841614,0.15208,0.011361
395.4509446620941,0.15657,0.011343
395.50078082084656,0.1588,0.011303
395.55227518081665,0.16091,0.011347
395.60141491889954,0.16099,0.011351
395.6537399291992,0.16323,0.011373
395.70523595809937,0.16525,0.011333
395.75356554985046,0.16753,0.011325
395.80552864074707,0.17175,0.011308
395.8554730415344,0.17405,0.011329
395.90605449676514,0.17615,0.011341
395.9524190425873,0.17819,0.011204
396.00692105293274,0.17836,0.011342
396.0532684326172,0.18036,0.011378
396.10799527168274,0.1846,0.011249
396.1561698913574,0.18677,0.011421
396.207311630249,0.1888,0.011329
396.2568795681,0.189,0.011322
396.30922293663025,0.19092,0.011345
396.3581521511078,0.19308,0.011347
396.4092297554016,0.19507,0.011354
396.46698546409607,0.19735,0.011326
396.51352882385254,0.20131,0.011366
396.56536650657654,0.20329,0.011343
396.61391496658325,0.20539,0.011376
396.6673400402069,0.20743,0.011367
396.71723103523254,0.20748,0.01133
396.76857709884644,0.20948,0.011343
396.81834506988525,0.21153,0.011339
396.8717849254608,0.21353,0.011359
396.9223551750183,0.21748,0.011326
396.9724419116974,0.21955,0.011324
397.0196785926819,0.21988,0.011367
397.0709104537964,0.22368,0.011334
397.1217517852783,0.22364,0.011345
397.17613887786865,0.22583,0.011323
397.22444128990173,0.22767,0.011342
397.27503204345703,0.22983,0.011323
397.32106280326843,0.23161,0.011325
397.37538146972656,0.23373,0.01136
397.42597126960754,0.23583,0.011351
397.4769365787506,0.23775,0.011338
397.5279233455658,0.23992,0.011332
397.579062461853,0.24179,0.011331
397.62891125679016,0.24388,0.011359
397.6789016723633,0.24592,0.011317
397.73483633995056,0.24807,0.011309
397.78349137306213,0.24989,0.011319
397.8357357978821,0.25179,0.011339
397.88386821746826,0.25385,0.011306
397.93345761299133,0.25576,0.011501
397.9857940673828,0.25777,0.011346
398.0373275279999,0.25995,0.011312
398.08742022514343,0.26183,0.011353
398.1367771625519,0.26377,0.011355
398.18771600723267,0.26573,0.011351
398.23630261421204,0.26787,0.011362
398.2847349643707,0.26971,0.011323
398.33838295936584,0.27172,0.011319
398.38521218299866,0.27371,0.011371
398.4372389316559,0.27579,0.011338
398.487046957016,0.27771,0.011345
398.5402247905731,0.27965,0.011292
398.5883479118347,0.28164,0.01121
398.64015650749207,0.2836,0.011284
398.68868494033813,0.2856,0.011318
398.74076795578003,0.28751,0.011341
398.7883565425873,0.28953,0.011291
398.8397765159607,0.28961,0.011318
398.8915774822235,0.2936,0.011325
398.9413011074066,0.29552,0.011352
399.00267457962036,0.29759,0.011385
399.0550241470337,0.29757,0.011367
399.106516122818,0.30137,0.011331
399.15572333335876,0.30341,0.011381
399.2048783302307,0.30557,0.011304
399.25435853004456,0.019547,0.011322
399.30980014801025,0.023013,0.011331
399.3589503765106,0.022587,0.011293
399.40986609458923,0.034293,0.011375
399.45965051651,0.040093,0.01135
399.51895570755005,0.04616,0.01137
399.5650851726532,0.051973,0.011342
399.6167025566101,0.057587,0.011369
399.6672592163086,0.0634,0.011317
399.7237648963928,0.068973,0.011307
399.7712905406952,0.069187,0.011333
399.83436012268066,0.080253,0.011312
399.88318157196045,0.085547,0.011319
399.93298983573914,0.09104,0.011379
399.98388838768005,0.096293,0.01132
400.04278111457825,0.104,0.011301
400.08811044692993,0.10423,0.011302
400.151980638504,0.10675,0.011341
400.20462250709534,0.10909,0.011366
400.2519040107727,0.11405,0.01133
400.301903963089,0.11661,0.01132
400.3487551212311,0.1166,0.011342
400.4031047821045,0.11911,0.011321
400.4537904262543,0.12155,0.011376
400.5061421394348,0.12392,0.011304
400.5577836036682,0.12637,0.011314
400.60717964172363,0.12872,0.011332
400.66617822647095,0.13336,0.01134
400.7142219543457,0.13589,0.01137
400.7627968788147,0.13579,0.011304
400.81246280670166,0.13821,0.011332
400.8632719516754,0.14053,0.011342
400.9130537509918,0.14287,0.011365
400.9678521156311,0.14504,0.011377
401.01465368270874,0.14728,0.011323
401.07000494003296,0.15175,0.011325
401.1265411376953,0.15185,0.011348
401.1744315624237,0.15419,0.011373
401.22585439682007,0.15632,0.011294
401.27827167510986,0.16076,0.011322
401.32312393188477,0.16288,0.011504
401.3764340877533,0.16303,0.011307
401.4255268573761,0.16509,0.011334
401.4768455028534,0.16729,0.011313
401.527152299881,0.16948,0.011294
401.5775799751282,0.17359,0.011301
401.6271824836731,0.17384,0.011335
401.67897176742554,0.17589,0.011309
401.7308647632599,0.17805,0.011334
401.7790849208832,0.18015,0.011321
401.830687046051,0.18223,0.011295
401.8796639442444,0.18433,0.011325
401.9304337501526,0.18664,0.011345
401.9802303314209,0.18867,0.011341
402.0294051170349,0.19076,0.011314
402.08108949661255,0.19279,0.011333
402.13240361213684,0.19485,0.011393
402.1854975223541,0.19691,0.01134
402.2377691268921,0.19901,0.011347
402.28573083877563,0.20108,0.011349
402.3393633365631,0.203,0.011303
402.3903121948242,0.20516,0.011357
402.44022393226624,0.20748,0.011291
402.488689661026,0.20923,0.011263
402.53604650497437,0.21109,0.011263
402.58935022354126,0.21329,0.011336
402.64122796058655,0.21533,0.011333
402.690221786499,0.21552,0.011325
402.74072003364563,0.21951,0.011322
402.7920653820038,0.22163,0.011335
402.83957076072693,0.22163,0.011298
402.8904252052307,0.22563,0.011363
402.93852281570435,0.22749,0.011332
402.992404460907,0.22755,0.011295
403.0448625087738,0.22976,0.011312
403.0965974330902,0.23359,0.011299
403.14281702041626,0.2338,0.011317
403.1935131549835,0.23761,0.011345
403.2465853691101,0.23951,0.011322
403.2983968257904,0.24151,0.011315
403.3475365638733,0.24363,0.011337
403.3947470188141,0.24552,0.011323
403.44802260398865,0.24741,0.011316
403.4963276386261,0.2496,0.011297
403.5453143119812,0.24967,0.011362
403.60040187835693,0.25369,0.011369
403.6471664905548,0.25371,0.011266
403.69767570495605,0.25761,0.011341
403.74964928627014,0.2576,0.011317
403.7994487285614,0.25963,0.011362
403.8497145175934,0.26177,0.011322
403.9009647369385,0.26349,0.011366
403.9503469467163,0.26756,0.011378
403.9998564720154,0.26944,0.011331
404.0488977432251,0.26952,0.011346
404.1030788421631,0.27341,0.011333
404.15086340904236,0.27373,0.011365
404.20295119285583,0.27561,0.011316
404.25225138664246,0.27755,0.011339
404.30229449272156,0.27949,0.011314
404.35532331466675,0.28339,0.011294
404.40542554855347,0.28355,0.011327
404.4565088748932,0.28556,0.011279
404.5048828125,0.28757,0.011321
404.5555257797241,0.28936,0.011345
404.6065237522125,0.29137,0.011365
404.6573121547699,0.29331,0.011354
404.70571994781494,0.29743,0.011377
404.7583065032959,0.29753,0.011353
404.8085126876831,0.29936,0.011217
404.85996556282043,0.30127,0.011365
404.9093894958496,0.30328,0.01133
404.95794439315796,0.30531,0.011369
405.01116490364075,0.023,0.011331
405.0588870048523,0.028107,0.011364
405.1179256439209,0.027987,0.011345
405.1633634567261,0.033907,0.011365
405.2204396724701,0.039693,0.011333
405.2710614204407,0.045507,0.011314
405.3242208957672,0.057267,0.01134
405.3744647502899,0.057213,0.011322
405.4267301559448,0.062987,0.011355
405.4735040664673,0.068627,0.011379
405.5255825519562,0.074147,0.011304
405.57593178749084,0.079707,0.011334
405.62695693969727,0.090387,0.011313
405.67488527297974,0.090773,0.011344
405.7282431125641,0.09592,0.011375
405.77652740478516,0.10124,0.011356
405.8295395374298,0.10377,0.011373
405.88075733184814,0.10645,0.011326
405.93035197257996,0.11143,0.011353
405.98348903656006,0.11161,0.011251
406.03205013275146,0.114,0.01134
406.0808103084564,0.1164,0.011317
406.13071489334106,0.11877,0.011309
406.1832320690155,0.12136,0.011289
406.23437333106995,0.12371,0.011311
406.2874000072479,0.12613,0.011317
406.33362340927124,0.1286,0.011348
406.3880081176758,0.13104,0.011345
406.43436336517334,0.13333,0.01132
406.48411107063293,0.13564,0.011344
406.5390045642853,0.13791,0.011313
406.59168767929077,0.14016,0.011312
406.63980865478516,0.14273,0.011343
406.6891739368439,0.14495,0.011357
406.7430844306946,0.14708,0.011323
406.79240918159485,0.14943,0.011364
406.84114933013916,0.15175,0.011339
406.89189291000366,0.15173,0.011375
406.9499270915985,0.15608,0.011344
407.0004770755768,0.15839,0.011355
407.0509192943573,0.16055,0.011379
407.1010949611664,0.16279,0.01136
407.1561346054077,0.165,0.01132
407.20902729034424,0.16712,0.011318
407.25865650177,0.16945,0.011387
407.3054893016815,0.17159,0.011325
407.3588845729828,0.1736,0.011354
407.41316294670105,0.17587,0.011337
407.4610698223114,0.1778,0.011306
407.5119400024414,0.18004,0.011325
407.5636396408081,0.18205,0.01141
407.613632440567,0.18413,0.011361
407.66547775268555,0.18432,0.011318
407.7141704559326,0.18631,0.011319
407.76705861091614,0.19053,0.011318
407.815363407135,0.19264,0.011378
407.86567211151123,0.19463,0.011356
407.9186954498291,0.19477,0.011386
407.9659004211426,0.1988,0.011361
408.01722621917725,0.20093,0.011295
408.06978726387024,0.20092,0.011323
408.1205883026123,0.20491,0.011357
408.1722500324249,0.20707,0.011358
408.2195475101471,0.20921,0.011344
408.2671341896057,0.21124,0.011345
408.32178831100464,0.21315,0.011383
408.3700141906738,0.21519,0.01136
408.4205505847931,0.2172,0.01136
408.47297263145447,0.2176,0.011358
408.52533316612244,0.21939,0.011369
408.57374024391174,0.2212,0.01137
408.62311148643494,0.22347,0.011388
408.6757047176361,0.22735,0.011334
408.7276966571808,0.22951,0.011344
408.7757058143616,0.2314,0.011313
408.82889771461487,0.23348,0.011351
408.87617683410645,0.23372,0.011339
408.9267165660858,0.23556,0.011302
408.977561712265,0.23745,0.011328
409.02880787849426,0.24151,0.011365
409.0803575515747,0.24353,0.011323
409.1277062892914,0.24372,0.011325
409.1783998012543,0.24563,0.01134
409.2284245491028,0.24931,0.011322
409.28395080566406,0.25151,0.011355
409.3332962989807,0.25331,0.011348
409.38816142082214,0.25385,0.011351
409.4387984275818,0.25559,0.011361
409.49501156806946,0.25756,0.011354
409.5434684753418,0.26137,0.011407
409.5954658985138,0.26343,0.011303
409.6454644203186,0.26532,0.011377
409.69588899612427,0.26736,0.011341
409.7478392124176,0.26949,0.011376
409.79944038391113,0.27136,0.011345
409.84878945350647,0.27155,0.011379
409.90564155578613,0.27552,0.011394
409.9546871185303,0.2754,0.011339
410.0039210319519,0.27736,0.01138
410.05818796157837,0.2812,0.011313
410.1089060306549,0.28317,0.011342
410.15568375587463,0.28335,0.011346
410.2079770565033,0.28719,0.011359
410.25957918167114,0.28745,0.011395
410.30958890914917,0.29133,0.011395
410.3580389022827,0.29336,0.011393
410.4095449447632,0.29539,0.011389
410.4611096382141,0.29525,0.011352
410.5181965827942,0.29737,0.011341
410.56601452827454,0.30105,0.011378
410.62030267715454,0.30319,0.011338
410.66521763801575,0.30521,0.011316
410.72026658058167,0.022373,0.011362
410.76731967926025,0.016867,0.011345
410.8184173107147,0.022,0.011339
410.872460603714,0.02736,0.011309
410.92491245269775,0.039333,0.011348
410.9755938053131,0.045253,0.011383
411.02124309539795,0.051,0.011363
411.07720279693604,0.056933,0.011324
411.12685441970825,0.057013,0.011359
411.17663502693176,0.062467,0.011337
411.2287185192108,0.073733,0.011351
411.27873277664185,0.079293,0.011353
411.33021450042725,0.084693,0.011322
411.37828063964844,0.08484,0.011353
411.42996621131897,0.090027,0.011327
411.48012113571167,0.095427,0.011377
411.533611536026,0.10084,0.011345
411.5831186771393,0.10631,0.011324
411.6308054924011,0.10647,0.011389
411.68073201179504,0.109,0.011347
411.73266530036926,0.11119,0.011335
411.7846875190735,0.11145,0.011271
411.8371727466583,0.11633,0.011301
411.8858344554901,0.12116,0.011334
411.9384801387787,0.12363,0.011316
411.9890789985657,0.12364,0.011326
412.04664421081543,0.12601,0.011282
412.0935034751892,0.13064,0.011323
412.15092182159424,0.1332,0.011317
412.20890188217163,0.13544,0.011333
412.2546513080597,0.13792,0.011327
412.30757784843445,0.14,0.011331
412.3597033023834,0.14235,0.011313
412.40890407562256,0.14473,0.011331
412.4606280326843,0.14491,0.01136
412.5164930820465,0.14711,0.011356
412.56237626075745,0.14917,0.011331
412.6176919937134,0.15349,0.011348
412.66523456573486,0.15589,0.011344
412.7153539657593,0.15821,0.011321
412.76551723480225,0.15831,0.011286
412.81922698020935,0.16035,0.011321
412.8691201210022,0.16268,0.011342
412.9193766117096,0.16705,0.011354
412.9710319042206,0.16908,0.011335
413.02143120765686,0.16895,0.011326
413.07361602783203,0.17127,0.011315
413.12109327316284,0.17556,0.011302
413.18072485923767,0.17767,0.011331
413.23155903816223,0.17993,0.011299
413.2827444076538,0.17991,0.01136
413.3332118988037,0.182,0.011302
413.38276195526123,0.18404,0.011345
413.43422865867615,0.18829,0.011337
413.48518204689026,0.18833,0.011394
413.53712701797485,0.19248,0.011345
413.58777594566345,0.19464,0.011341
413.6363892555237,0.19448,0.011337
413.68477487564087,0.19667,0.011373
413.7384910583496,0.19859,0.011325
413.785368680954,0.20052,0.011316
413.83807277679443,0.20473,0.011339
413.8851487636566,0.20681,0.011379
413.9389374256134,0.20688,0.011349
413.9887924194336,0.20904,0.011362
414.03987431526184,0.21093,0.011342
414.09445095062256,0.213,0.011345
414.1423282623291,0.21501,0.011317
414.1909008026123,0.21707,0.011388
414.2440984249115,0.22115,0.011338
414.3032193183899,0.22113,0.011357
414.3527901172638,0.22304,0.011358
414.40056228637695,0.22528,0.011326
414.4535582065582,0.22925,0.011303
414.50133085250854,0.2312,0.011348
414.5590715408325,0.23331,0.011446
414.6066448688507,0.23524,0.011397
414.6573920249939,0.23539,0.011273
414.7081489562988,0.23724,0.011327
414.7583770751953,0.24125,0.01133
414.810085773468,0.24136,0.011367
414.85976815223694,0.24527,0.01136
414.9098403453827,0.24551,0.011326
414.96197509765625,0.24737,0.011317
415.01883459091187,0.24921,0.011359
415.07026958465576,0.25317,0.011344
415.12080216407776,0.25516,0.011331
415.17114329338074,0.25524,0.011373
415.22223711013794,0.25925,0.011326
415.27128767967224,0.26113,0.011334
415.31932067871094,0.26337,0.011429
415.3711783885956,0.26316,0.011403
415.42162704467773,0.26527,0.011406
415.47264099121094,0.26721,0.011356
415.51880955696106,0.26929,0.011337
415.574556350708,0.2732,0.011362
415.62099027633667,0.27317,0.011361
415.67120885849,0.27525,0.011271
415.7220571041107,0.27708,0.011354
415.77269434928894,0.27903,0.011348
415.8239712715149,0.28303,0.011345
415.8724830150604,0.28324,0.011301
415.9273920059204,0.28503,0.011355
415.97959876060486,0.28705,0.011373
416.03034019470215,0.28919,0.011391
416.08076429367065,0.29103,0.011348
416.1371467113495,0.29324,0.011339
416.1867232322693,0.29524,0.011333
416.23432540893555,0.29704,0.011331
416.29245495796204,0.29909,0.011359
416.3448112010956,0.30108,0.011355
416.3915078639984,0.30293,0.011363
416.4461860656738,0.01992,0.011329
416.49544501304626,0.01632,0.011377
416.5528082847595,0.021227,0.011368
416.6014754772186,0.026947,0.011327
416.6529486179352,0.03292,0.011296
416.70342898368835,0.03884,0.011333
416.75241899490356,0.044627,0.011298
416.80029296875,0.05064,0.011319
416.8546199798584,0.056387,0.011353
416.90692949295044,0.062053,0.011355
416.9555263519287,0.06776,0.011325
417.00519704818726,0.073253,0.011314
417.05662655830383,0.078787,0.011334
417.1062026023865,0.084227,0.011336
417.1537594795227,0.087187,0.011294
417.2042896747589,0.095013,0.011369
417.25816822052,0.10064,0.011337
417.3101861476898,0.10343,0.011406
417.3581531047821,0.10608,0.011351
417.41054224967957,0.10867,0.011317
417.4573140144348,0.11113,0.011283
417.5069832801819,0.11367,0.011305
417.5612814426422,0.11599,0.011257
417.611040353775,0.11604,0.011288
417.66092109680176,0.12124,0.011292
417.71356225013733,0.12343,0.011283
417.76006388664246,0.12592,0.01133
417.81178736686707,0.12809,0.01136
417.8621311187744,0.13071,0.011321
417.91401195526123,0.13287,0.011373
417.9622964859009,0.13536,0.011321
418.0113995075226,0.13763,0.011344
418.0608036518097,0.13992,0.011351
418.1132547855377,0.13992,0.011347
418.1670415401459,0.14443,0.011308
418.21874952316284,0.14463,0.011322
418.2670829296112,0.14896,0.011327
418.3165776729584,0.15125,0.011327
418.3670518398285,0.15351,0.011371
418.4191071987152,0.15564,0.011371
418.4653878211975,0.15787,0.011306
418.51879262924194,0.15811,0.011289
418.5693280696869,0.16015,0.01132
418.6175014972687,0.16445,0.011363
418.6687409877777,0.16653,0.011359
418.72217988967896,0.16677,0.011339
418.7700242996216,0.17095,0.011377
418.8203716278076,0.17092,0.011331
418.8709568977356,0.17327,0.011338
418.92126750946045,0.17547,0.011328
418.97454476356506,0.17967,0.01137
419.0222725868225,0.18177,0.011331
419.0734875202179,0.18189,0.011344
419.1202266216278,0.18409,0.011271
419.1737222671509,0.18601,0.011333
419.2289686203003,0.18819,0.011303
419.278977394104,0.19021,0.011341
419.3248245716095,0.19227,0.011325
419.3744914531708,0.19644,0.011358
419.42914390563965,0.19855,0.011347
419.47967767715454,0.19856,0.011287
419.5280246734619,0.20065,0.011336
419.57670998573303,0.20264,0.011327
419.62966895103455,0.20464,0.011358
419.6779808998108,0.20888,0.011323
419.73076272010803,0.21075,0.011347
419.7878975868225,0.211,0.011345
419.8357443809509,0.21293,0.011319
419.8874568939209,0.21501,0.011358
419.93773889541626,0.21692,0.011336
419.9841673374176,0.21901,0.01135
420.0388762950897,0.22304,0.011333
420.09045696258545,0.22496,0.011323
420.1383330821991,0.22701,0.011366
420.1908779144287,0.22719,0.011353
420.2384696006775,0.22911,0.01131
420.29091596603394,0.23097,0.011366
420.34715127944946,0.23308,0.01137
420.3975124359131,0.23523,0.011357
420.44374346733093,0.23915,0.011343
420.5026080608368,0.23908,0.011339
420.5475902557373,0.24124,0.011326
420.60004115104675,0.24321,0.011322
420.6503245830536,0.24521,0.011388
420.70165038108826,0.24915,0.011363
420.75372838974,0.24908,0.011324
420.8002440929413,0.25316,0.011357
420.85250663757324,0.2532,0.011332
420.90401220321655,0.25529,0.011377
420.9558320045471,0.25703,0.011335
421.0072727203369,0.259,0.011329
421.05687379837036,0.26115,0.011375
421.1098966598511,0.26281,0.011382
421.1582581996918,0.26511,0.011412
421.210825920105,0.26717,0.011325
421.2653617858887,0.26899,0.011333
421.3157706260681,0.27112,0.011379
421.3651041984558,0.27295,0.01141
421.4127531051636,0.27496,0.011354
421.4640140533447,0.27695,0.011379
421.5163514614105,0.28097,0.01139
421.566437959671,0.28296,0.011304
421.6135883331299,0.28291,0.011369
421.6657750606537,0.28488,0.011303
421.7153022289276,0.2868,0.011363
421.7706549167633,0.28881,0.011316
421.8179008960724,0.29107,0.011339
421.8679368495941,0.29275,0.011326
421.91881561279297,0.29471,0.011323
421.9685113430023,0.29693,0.011349
422.0187306404114,0.29873,0.011371
422.0748770236969,0.30091,0.011372
422.12231612205505,0.30284,0.011322
422.17400336265564,0.30472,0.011324
422.2253212928772,0.016627,0.01131
422.27821946144104,0.02104,0.011344
422.32728362083435,0.026307,0.011339
422.38317584991455,0.03232,0.011314
422.43158769607544,0.038293,0.011328
422.4943265914917,0.04432,0.011335
422.5446217060089,0.050133,0.011299
422.5950005054474,0.05592,0.011305
422.6429920196533,0.06156,0.011267
422.70172476768494,0.072613,0.011312
422.75229001045227,0.078227,0.011325
422.8038101196289,0.078547,0.011275
422.85411739349365,0.083707,0.01135
422.90271520614624,0.089213,0.011279
422.95618510246277,0.09428,0.01125
423.0049817562103,0.09996,0.011324
423.0570571422577,0.10329,0.01133
423.1078259944916,0.10583,0.01132
423.1583049297333,0.10819,0.011335
423.2055342197418,0.11073,0.011355
423.25612807273865,0.11339,0.011346
423.3093707561493,0.11573,0.011293
423.35668206214905,0.11821,0.011302
423.4060583114624,0.12071,0.011327
423.4593551158905,0.12311,0.01124
423.5095171928406,0.12572,0.011308
423.5595738887787,0.12772,0.011311
423.60930728912354,0.13017,0.011349
423.6597638130188,0.1326,0.011297
423.7109479904175,0.13497,0.011299
423.7589454650879,0.13731,0.011317
423.8099436759949,0.13967,0.011271
423.8603217601776,0.14189,0.011302
423.9104290008545,0.14432,0.011303
423.9609680175781,0.14443,0.011323
424.01134276390076,0.14871,0.011335
424.06583285331726,0.15097,0.011348
424.1140995025635,0.15329,0.011337
424.1654951572418,0.15543,0.011278
424.2184181213379,0.15768,0.011337
424.2720355987549,0.15985,0.011331
424.3251152038574,0.16201,0.011282
424.3741617202759,0.16428,0.011342
424.4241056442261,0.16645,0.011344
424.4844515323639,0.16852,0.011357
424.53469133377075,0.17065,0.011314
424.5828306674957,0.17313,0.011324
424.63174414634705,0.1752,0.011324
424.6812300682068,0.17925,0.011301
424.73391032218933,0.17939,0.011319
424.78541326522827,0.18152,0.011271
424.8336567878723,0.18375,0.0113
424.886616230011,0.18567,0.011263
424.9410262107849,0.18785,0.01132
424.99235367774963,0.18983,0.011325
425.0399580001831,0.19192,0.011291
425.0899646282196,0.19404,0.01133
425.1420922279358,0.19615,0.011298
425.1954379081726,0.19811,0.011255
425.24354457855225,0.20019,0.011312
425.29427886009216,0.20237,0.011281
425.34585309028625,0.20444,0.011339
425.3928520679474,0.20649,0.011321
425.44725346565247,0.20851,0.011347
425.49927592277527,0.21056,0.011355
425.551922082901,0.21069,0.011305
425.5994026660919,0.21444,0.01131
425.6508264541626,0.21672,0.011318
425.7001428604126,0.21873,0.011345
425.75189900398254,0.22077,0.011327
425.80010437965393,0.22279,0.011316
425.85036420822144,0.22495,0.01132
425.9033703804016,0.22493,0.011326
425.9494481086731,0.22683,0.011297
426.0036699771881,0.2308,0.011357
426.05227518081665,0.23288,0.011313
426.1046197414398,0.23507,0.01133
426.15274453163147,0.23681,0.01133
426.2037591934204,0.2388,0.011323
426.2554786205292,0.24093,0.01137
426.30122542381287,0.24097,0.011304
426.36414527893066,0.24289,0.01129
426.4112503528595,0.24699,0.011327
426.46138739585876,0.24901,0.011372
426.51587414741516,0.25091,0.011342
426.56344413757324,0.25103,0.011361
426.6173508167267,0.25292,0.011335
426.6661567687988,0.25504,0.011347
426.71602296829224,0.25696,0.01137
426.76386523246765,0.26095,0.011331
426.81788182258606,0.26291,0.011314
426.86507964134216,0.26291,0.011329
426.92215514183044,0.26497,0.011369
426.96736788749695,0.26881,0.011341
427.02129006385803,0.26881,0.0113
427.0699677467346,0.27287,0.011282
427.1215810775757,0.27481,0.01136
427.1710331439972,0.27675,0.011351
427.2204051017761,0.27883,0.011337
427.2712137699127,0.2806,0.011335
427.3252258300781,0.28081,0.011354
427.37229585647583,0.28264,0.011332
427.42247891426086,0.28468,0.011379
427.48217582702637,0.28851,0.011344
427.53222489356995,0.28877,0.011301
427.5817153453827,0.29284,0.011329
427.63264441490173,0.29269,0.01133
427.68629598617554,0.29663,0.01132
427.7387866973877,0.29857,0.011366
427.7902181148529,0.30053,0.011351
427.84226989746094,0.30064,0.011355
427.88998913764954,0.3026,0.011342
427.94290709495544,0.30464,0.011315
427.9897677898407,0.01668,0.011315
428.0438024997711,0.02596,0.01129
428.0922746658325,0.031827,0.011306
428.14292192459106,0.037627,0.011233
428.1933355331421,0.0436,0.011279
428.2437069416046,0.043587,0.011342
428.2941517829895,0.049387,0.011356
428.3440725803375,0.055427,0.011273
428.39211225509644,0.061053,0.011323
428.4449031352997,0.072293,0.011293
428.4941143989563,0.077667,0.011309
428.54315209388733,0.08064,0.011272
428.5941607952118,0.083053,0.011338
428.6467070579529,0.088773,0.011363
428.69590497016907,0.094213,0.011306
428.74870324134827,0.10048,0.011286
428.79383540153503,0.1054,0.011356
428.84667563438416,0.10544,0.011319
428.89777135849,0.108,0.01131
428.9512231349945,0.11056,0.011315
429.00011444091797,0.113,0.011276
429.05241656303406,0.11561,0.011302
429.09938287734985,0.11801,0.011267
429.15101170539856,0.12033,0.011317
429.19989037513733,0.12308,0.011274
429.2521424293518,0.12552,0.011328
429.3020875453949,0.12781,0.011296
429.3518478870392,0.1302,0.011349
429.4050431251526,0.13239,0.011288
429.4543426036835,0.13475,0.011343
429.5049419403076,0.13699,0.011331
429.5550961494446,0.13935,0.011338
429.60590744018555,0.14381,0.011334
429.6516079902649,0.14403,0.011333
429.706178188324,0.14628,0.01129
429.75733160972595,0.14868,0.011327
429.80571603775024,0.15096,0.011362
429.8585922718048,0.15327,0.011295
429.90707993507385,0.15536,0.011293
429.9559738636017,0.15763,0.011355
430.0060992240906,0.1618,0.01136
430.0589997768402,0.16191,0.011291
430.1099798679352,0.16413,0.011301
430.1610941886902,0.16612,0.011335
430.2104914188385,0.16833,0.011314
430.2631607055664,0.17052,0.011278
430.312655210495,0.17289,0.011306
430.359671831131,0.173,0.011313
430.409720659256,0.17708,0.011326
430.4630455970764,0.17725,0.011311
430.5150718688965,0.18129,0.011302
430.56350111961365,0.18349,0.011304
430.61868381500244,0.18561,0.011337
430.6666684150696,0.18761,0.011333
430.72242403030396,0.18993,0.011293
430.7719647884369,0.18984,0.011315
430.82258558273315,0.19175,0.011277
430.87302565574646,0.19599,0.011354
430.91947841644287,0.19801,0.011341
430.9750657081604,0.20017,0.011344
431.02455854415894,0.20225,0.011275
431.0739951133728,0.20423,0.01132
431.13053607940674,0.20429,0.011312
431.1782364845276,0.20632,0.011355
431.22946786880493,0.20848,0.011339
431.2799074649811,0.21044,0.011319
431.3292911052704,0.21445,0.011358
431.38052797317505,0.21657,0.011337
431.434672832489,0.2186,0.011339
431.4846806526184,0.22047,0.011326
431.53467893600464,0.22269,0.011339
431.5839378833771,0.22271,0.011326
431.6351294517517,0.22475,0.011323
431.68527126312256,0.22667,0.011335
431.7340965270996,0.22881,0.01133
431.78484582901,0.23273,0.011351
431.8345067501068,0.233,0.011369
431.88561058044434,0.23673,0.011405
431.9416980743408,0.23696,0.011324
431.99087047576904,0.23883,0.011351
432.0419056415558,0.24084,0.011285
432.09155893325806,0.24465,0.011331
432.1433231830597,0.24648,0.011318
432.19279885292053,0.24875,0.011353
432.2470483779907,0.24889,0.011361
432.3010928630829,0.25072,0.01136
432.3499913215637,0.25283,0.011349
432.3968176841736,0.25683,0.011366
432.45152854919434,0.25873,0.011396
432.5032181739807,0.26079,0.01136
432.5509581565857,0.26272,0.011359
432.59766483306885,0.26279,0.011353
432.65242052078247,0.26471,0.011428
432.7049639225006,0.26669,0.011339
432.75326347351074,0.26868,0.011369
432.80383801460266,0.27077,0.011315
432.8521149158478,0.27481,0.011319
432.90536308288574,0.27661,0.011324
432.9545178413391,0.27869,0.011385
433.0037326812744,0.27861,0.011343
433.05997133255005,0.28076,0.011343
433.1139147281647,0.28245,0.011338
433.1608462333679,0.28471,0.011373
433.21028566360474,0.28659,0.011362
433.2663791179657,0.28859,0.011367
433.3147642612457,0.2924,0.011327
433.37208580970764,0.2946,0.011353
433.4230055809021,0.29457,0.011328
433.4695656299591,0.29643,0.011362
433.5204780101776,0.29847,0.011421
433.57110238075256,0.30051,0.011375
433.6227650642395,0.30248,0.011334
433.6735107898712,0.30435,0.011349
433.7245445251465,0.020107,0.011298
433.7727291584015,0.0254,0.011408
433.82421708106995,0.02528,0.011345
433.87482929229736,0.031307,0.011301
433.92390513420105,0.037227,0.011307
433.9746849536896,0.043133,0.011281
434.024778842926,0.04912,0.011319
434.07492089271545,0.05476,0.011398
434.127644777298,0.06056,0.011335
434.17472791671753,0.066093,0.011246
434.2256886959076,0.071707,0.011364
434.27793526649475,0.082773,0.01131
434.3264398574829,0.082733,0.011329
434.3754482269287,0.088227,0.011359
434.43181014060974,0.093413,0.011343
434.480672121048,0.09888,0.01128
434.5303752422333,0.10271,0.011286
434.5769393444061,0.10532,0.01131
434.6309599876404,0.10775,0.011305
434.6819574832916,0.11033,0.011343
434.7318859100342,0.11293,0.011352
434.7861523628235,0.11555,0.011353
434.8378462791443,0.1178,0.011344
434.88617062568665,0.12029,0.011324
434.93517875671387,0.12276,0.011336
434.98625087738037,0.12517,0.011325
435.03748297691345,0.12755,0.011293
435.0883209705353,0.12988,0.011312
435.1388714313507,0.13231,0.011308
435.1870970726013,0.13448,0.011314
435.2408609390259,0.13693,0.011378
435.28968954086304,0.13707,0.011307
435.3404610157013,0.13944,0.01129
435.39079308509827,0.14157,0.011279
435.44102668762207,0.14623,0.011308
435.48921847343445,0.14841,0.011335
435.54380440711975,0.15061,0.011328
435.5929934978485,0.15281,0.011353
435.6438591480255,0.15521,0.011294
435.69430470466614,0.15735,0.011269
435.74567198753357,0.15959,0.011301
435.7943093776703,0.16184,0.011321
435.84455037117004,0.16375,0.011326
435.8925344944,0.16605,0.011331
435.9469304084778,0.16609,0.01135
435.9968514442444,0.17047,0.011309
436.0473966598511,0.17048,0.011327
436.097421169281,0.17276,0.011275
436.1480505466461,0.17461,0.011323
436.19967126846313,0.17692,0.01133
436.2509591579437,0.18112,0.011327
436.30265951156616,0.18325,0.011317
436.35414004325867,0.18523,0.011329
436.4018499851227,0.18747,0.011359
436.4542007446289,0.18965,0.01131
436.50322580337524,0.19157,0.011291
436.5561089515686,0.19368,0.011299
436.6048803329468,0.19596,0.011339
436.6562855243683,0.19576,0.011304
436.70945835113525,0.19795,0.011339
436.7567036151886,0.20001,0.011275
436.8120470046997,0.20408,0.011266
436.8608148097992,0.20623,0.011314
436.9085991382599,0.20637,0.011353
436.9594476222992,0.20845,0.011285
437.012503862381,0.21037,0.011295
437.0608968734741,0.21243,0.011322
437.11806297302246,0.21444,0.011285
437.1670546531677,0.21645,0.01136
437.22724175453186,0.22031,0.011348
437.2793803215027,0.22249,0.011337
437.3293640613556,0.22453,0.011306
437.38007259368896,0.22464,0.011334
437.42761516571045,0.22664,0.011337
437.47924184799194,0.22845,0.011344
437.5288927555084,0.23251,0.011307
437.58471846580505,0.23472,0.011354
437.63320779800415,0.23651,0.01136
437.6813714504242,0.23683,0.011368
437.73307490348816,0.23863,0.011329
437.7855713367462,0.24065,0.011363
437.8386459350586,0.24248,0.011363
437.885338306427,0.24676,0.011332
437.9402434825897,0.24855,0.01131
437.9930753707886,0.24876,0.011376
438.0436794757843,0.25249,0.011335
438.0934920310974,0.25268,0.011357
438.1413502693176,0.25471,0.011359
438.19367694854736,0.25652,0.011346
438.2411494255066,0.25845,0.011365
438.2943525314331,0.26233,0.01135
438.3434302806854,0.26469,0.011299
438.3922266960144,0.26657,0.011309
438.44982647895813,0.26668,0.011351
438.49931740760803,0.2686,0.011347
438.55483627319336,0.27053,0.01135
438.60202407836914,0.27244,0.011335
438.6533181667328,0.27648,0.011352
438.70509219169617,0.27841,0.011343
438.7563762664795,0.27851,0.011354
438.8038604259491,0.28253,0.011348
438.85397005081177,0.28235,0.011339
438.90787720680237,0.28441,0.01134
438.9574143886566,0.28848,0.011296
439.0081868171692,0.29031,0.011347
439.0594401359558,0.29036,0.01136
439.1073453426361,0.29229,0.011361
439.1575391292572,0.29425,0.011367
439.2102258205414,0.29608,0.011332
439.2615656852722,0.29832,0.011344
439.30878925323486,0.30023,0.011347
439.3589813709259,0.30421,0.011407
439.4105861186981,0.30429,0.011395
439.4595458507538,0.0142,0.011362
439.5155062675476,0.01916,0.01136
439.5609219074249,0.024867,0.011266
439.6130452156067,0.036733,0.011336
439.66094279289246,0.036773,0.011331
439.71453762054443,0.042693,0.011354
439.76562094688416,0.048587,0.011323
439.81816267967224,0.0544,0.01132
439.8677136898041,0.0602,0.01132
439.91546392440796,0.06584,0.011308
439.97095227241516,0.071467,0.011313
440.01814913749695,0.076893,0.011297
440.0730423927307,0.082507,0.011331
440.12342262268066,0.093133,0.011336
440.17266368865967,0.093387,0.011345
440.2299542427063,0.098707,0.011336
440.27866888046265,0.10264,0.011318
440.3291428089142,0.10523,0.011345
440.3799858093262,0.10771,0.011305
440.43035101890564,0.11023,0.011326
440.47697401046753,0.11283,0.011326
440.52916622161865,0.11523,0.01133
440.5799570083618,0.11767,0.01134
440.63178181648254,0.1202,0.011327
440.68581795692444,0.12264,0.011329
440.73395442962646,0.12488,0.011349
440.786349773407,0.12744,0.01131
440.8328540325165,0.12975,0.011345
440.88529658317566,0.12989,0.01132
440.9360828399658,0.13444,0.011301
440.9897847175598,0.13679,0.011316
441.0419661998749,0.13913,0.01133
441.09015107154846,0.14151,0.011294
441.1442394256592,0.14387,0.011334
441.19672870635986,0.14597,0.011315
441.24813652038574,0.14828,0.011291
441.2971658706665,0.15051,0.011299
441.34672594070435,0.15268,0.011127
441.39884400367737,0.15707,0.011332
441.446448802948,0.15723,0.01133
441.4964530467987,0.1594,0.011326
441.5477018356323,0.16371,0.011357
441.59906244277954,0.16381,0.011282
441.6490910053253,0.166,0.011353
441.70952558517456,0.16817,0.011291
441.75791811943054,0.17035,0.011294
441.80783867836,0.17273,0.011331
441.85830187797546,0.17479,0.011293
441.91483187675476,0.17685,0.011298
441.9620373249054,0.17897,0.011306
442.0125961303711,0.18105,0.011271
442.0641965866089,0.18308,0.011373
442.1209409236908,0.18523,0.011318
442.173127412796,0.18737,0.011353
442.226619720459,0.18963,0.011324
442.2748234272003,0.19161,0.011354
442.32709217071533,0.19376,0.011296
442.3794138431549,0.19573,0.011309
442.42948818206787,0.19987,0.011342
442.47856736183167,0.19991,0.011274
442.5318465232849,0.20203,0.011331
442.58225560188293,0.20389,0.011267
442.6315770149231,0.20821,0.011319
442.68260502815247,0.20843,0.011365
442.733282327652,0.21027,0.011326
442.7824511528015,0.21224,0.011357
442.83269119262695,0.21441,0.011347
442.88067173957825,0.21615,0.011373
442.9308898448944,0.21827,0.01137
442.9835596084595,0.21819,0.011355
443.0387773513794,0.22429,0.011257
443.08729100227356,0.22452,0.01121
443.13595509529114,0.22641,0.011358
443.1904263496399,0.22844,0.011348
443.2388803958893,0.23036,0.011328
443.2908353805542,0.23228,0.011352
443.33860540390015,0.23449,0.011364
443.39255809783936,0.23651,0.011345
443.44361186027527,0.23828,0.011376
443.4895668029785,0.23837,0.011351
443.54186391830444,0.24243,0.011343
443.5936965942383,0.24424,0.011334
443.64508032798767,0.24647,0.01139
443.69289469718933,0.24851,0.011313
443.7554364204407,0.25035,0.011323
443.80531883239746,0.25245,0.011331
443.8501408100128,0.25463,0.011374
443.9031569957733,0.25637,0.011344
443.95711731910706,0.25851,0.011387
444.00457668304443,0.26044,0.011383
444.0581202507019,0.26059,0.011375
444.10696506500244,0.26452,0.011346
444.16559052467346,0.26647,0.011303
444.22183895111084,0.26852,0.011396
444.2729685306549,0.2702,0.011344
444.3184576034546,0.27236,0.011315
444.37102341651917,0.27417,0.011381
444.42216992378235,0.27631,0.011365
444.47282338142395,0.27847,0.011374
444.5205397605896,0.28224,0.01135
444.5721502304077,0.28232,0.011344
444.6234784126282,0.28435,0.0114
444.67493176460266,0.28629,0.011336
444.72274136543274,0.28825,0.011414
444.7737054824829,0.29016,0.011377
444.83158349990845,0.29228,0.011377
444.878484249115,0.29209,0.011352
444.93321800231934,0.29611,0.011357
444.98063683509827,0.29816,0.011371
445.03200602531433,0.30021,0.011381
445.0840961933136,0.30225,0.011372
445.1303369998932,0.30411,0.011378
445.1826949119568,0.01536,0.011346
445.2309000492096,0.013413,0.011356
445.28217124938965,0.024347,0.011361
445.33356976509094,0.03012,0.01135
445.3892750740051,0.036467,0.011322
445.43989181518555,0.0424,0.011332
445.4884901046753,0.048,0.011347
445.54013562202454,0.048347,0.011316
445.5891613960266,0.05392,0.011297
445.6395800113678,0.059613,0.011331
445.6889204978943,0.07088,0.011282
445.74032855033875,0.076333,0.011291
445.78711676597595,0.08188,0.011307
445.84020471572876,0.087373,0.011275
445.8923442363739,0.09296,0.011321
445.9412109851837,0.092893,0.011324
445.9964072704315,0.098187,0.011325
446.0437660217285,0.10232,0.011327
446.0954637527466,0.10761,0.011283
446.14709424972534,0.11007,0.011308
446.1977126598358,0.11229,0.011301
446.2454626560211,0.11488,0.011331
446.29463934898376,0.11747,0.011371
446.3470685482025,0.11773,0.011329
446.39873576164246,0.11989,0.011282
446.4501392841339,0.12251,0.011309
446.4973654747009,0.12723,0.011287
446.5511429309845,0.1296,0.011349
446.59912180900574,0.13201,0.011276
446.64756631851196,0.13191,0.011321
446.7004144191742,0.13445,0.011345
446.7554895877838,0.1366,0.01138
446.805545091629,0.13904,0.011246
446.85513734817505,0.14361,0.011298
446.9078004360199,0.14567,0.011237
446.9559154510498,0.14811,0.011297
447.00729870796204,0.14833,0.011305
447.057626247406,0.1526,0.011275
447.1056146621704,0.1526,0.011289
447.15890884399414,0.1548,0.011326
447.2057762145996,0.15708,0.011311
447.2611095905304,0.15927,0.011272
447.3113911151886,0.16353,0.011372
447.3647496700287,0.16565,0.011243
447.4132823944092,0.16588,0.011319
447.46093916893005,0.16812,0.011278
447.51182222366333,0.17036,0.011242
447.5633203983307,0.17224,0.011263
447.61469650268555,0.17444,0.01134
447.66544556617737,0.17879,0.011278
447.71851444244385,0.17871,0.011323
447.76446080207825,0.18092,0.011309
447.8216049671173,0.183,0.011347
447.8723886013031,0.18523,0.011362
447.91987681388855,0.18711,0.011324
447.9710202217102,0.18935,0.011306
448.0210311412811,0.19343,0.011306
448.0760397911072,0.19345,0.011343
448.1234040260315,0.19564,0.01135
448.17490243911743,0.1976,0.011324
448.22661447525024,0.19957,0.011307
448.2752969264984,0.20163,0.011324
448.32539105415344,0.20387,0.011358
448.37785291671753,0.20603,0.011364
448.42522263526917,0.20799,0.01134
448.47754764556885,0.20985,0.011339
448.5280342102051,0.21205,0.011339
448.57816100120544,0.21409,0.011301
448.6288592815399,0.21812,0.011309
448.68019366264343,0.21819,0.011314
448.72895979881287,0.22015,0.011377
448.779079914093,0.22211,0.011312
448.83119654655457,0.2244,0.011367
448.8821949958801,0.22605,0.011363
448.9307599067688,0.22817,0.011288
448.97932505607605,0.22843,0.011336
449.0327000617981,0.23223,0.011332
449.0862514972687,0.23452,0.011333
449.1343789100647,0.23619,0.011387
449.1864798069,0.2382,0.011394
449.23488211631775,0.24025,0.011366
449.2860939502716,0.24237,0.011365
449.33871150016785,0.24451,0.011307
449.3873801231384,0.24629,0.011348
449.4387092590332,0.24831,0.011339
449.4847843647003,0.25021,0.011348
449.53804063796997,0.25225,0.011341
449.5848078727722,0.25424,0.011359
449.63755202293396,0.25631,0.011333
449.6872384548187,0.25823,0.011359
449.73877477645874,0.26024,0.011344
449.7918391227722,0.26243,0.011362
449.8408946990967,0.26431,0.011339
449.889541387558,0.26617,0.011353
449.94335079193115,0.26815,0.011389
449.9934358596802,0.26841,0.011341
450.04210662841797,0.27013,0.011349
450.0904731750488,0.27419,0.011314
450.1497485637665,0.27623,0.01133
450.1983606815338,0.27821,0.011358
450.24732637405396,0.28031,0.011354
450.29941391944885,0.28185,0.011364
450.3481628894806,0.2824,0.011338
450.4049265384674,0.28411,0.011331
450.4530656337738,0.28819,0.011382
450.5001485347748,0.2882,0.011425
450.5533490180969,0.2922,0.011383
450.60158944129944,0.292,0.011361
450.65102910995483,0.29405,0.011345
450.70745062828064,0.29608,0.011321
