Tiempo (s),Monitoreo_X_CH1 (V),Scattering_CH2 (V)
0.04810953140258789,0.026133,0.014344
0.09911465644836426,0.026027,0.014683
0.14795970916748047,0.02616,0.014514
0.20012950897216797,0.02624,0.014371
0.24515485763549805,0.026107,0.014485
0.30025529861450195,0.02616,0.014751
0.34907031059265137,0.026347,0.014596
0.39725208282470703,0.026267,0.014687
0.4525182247161865,0.02616,0.014528
0.5006144046783447,0.026187,0.014444
0.5553092956542969,0.026347,0.014383
0.6055021286010742,0.026187,0.014591
0.6539356708526611,0.026293,0.014389
0.7107396125793457,0.02632,0.014337
0.7611856460571289,0.026347,0.014654
0.809680700302124,0.02624,0.014342
0.858403205871582,0.026187,0.014384
0.9115457534790039,0.02624,0.014443
0.9575130939483643,0.026427,0.014626
1.008033275604248,0.026347,0.014572
1.058577060699463,0.02608,0.014504
1.1108150482177734,0.026213,0.014377
1.1618826389312744,0.026293,0.01451
1.2119252681732178,0.026053,0.014461
1.2628161907196045,0.026293,0.014495
1.3114678859710693,0.026213,0.014613
1.3601353168487549,0.026133,0.014374
1.4151949882507324,0.026213,0.014482
1.4628114700317383,0.02616,0.014643
1.5184202194213867,0.026293,0.014701
1.5687839984893799,0.02632,0.014604
1.6161127090454102,0.026347,0.014502
1.6655354499816895,0.026213,0.014557
1.7210323810577393,0.02632,0.014493
1.7694532871246338,0.026213,0.01448
1.8229639530181885,0.026373,0.014494
1.8714890480041504,0.026133,0.014445
1.921454906463623,0.026107,0.014291
1.9704091548919678,0.026213,0.014346
2.0272204875946045,0.02608,0.014778
2.0739376544952393,0.026293,0.014485
2.1260998249053955,0.026187,0.01468
2.1785593032836914,0.026187,0.014301
2.2293128967285156,0.0264,0.014464
2.2782845497131348,0.026267,0.014479
2.3269007205963135,0.026453,0.014378
2.3799209594726562,0.02632,0.014896
2.4275057315826416,0.026,0.014703
2.4851250648498535,0.02624,0.014667
2.5314886569976807,0.02624,0.014492
2.586041212081909,0.02616,0.01453
2.636760711669922,0.026133,0.014506
2.6861884593963623,0.026453,0.014567
2.738046884536743,0.02608,0.014663
2.7856855392456055,0.02608,0.014454
2.8368358612060547,0.02624,0.014327
2.8856325149536133,0.029307,0.014126
2.9386215209960938,0.032427,0.01425
2.9895918369293213,0.035147,0.014103
3.0383360385894775,0.038293,0.013994
3.087550640106201,0.041067,0.013907
3.1371169090270996,0.044213,0.013758
3.197890281677246,0.047013,0.013821
3.244978427886963,0.050027,0.013899
3.2937960624694824,0.05272,0.013749
3.3439369201660156,0.055707,0.014183
3.3979270458221436,0.058533,0.014133
3.4470951557159424,0.064133,0.014167
3.5016932487487793,0.06696,0.014294
3.550011157989502,0.067147,0.01435
3.6002273559570312,0.069733,0.014336
3.6513633728027344,0.072293,0.014327
3.7011964321136475,0.07512,0.014454
3.7510550022125244,0.078,0.014558
3.8024590015411377,0.080747,0.01441
3.8544905185699463,0.083253,0.014697
3.903444766998291,0.085867,0.014638
3.954498291015625,0.08864,0.014717
4.007204532623291,0.091307,0.014788
4.062110185623169,0.094053,0.014956
4.117182493209839,0.09672,0.014889
4.164271593093872,0.10168,0.014657
4.218034982681274,0.10176,0.01483
4.2642152309417725,0.10432,0.014919
4.317778825759888,0.10661,0.014846
4.368411064147949,0.10792,0.014807
4.418171644210815,0.10947,0.014862
4.47143030166626,0.11056,0.014835
4.519777774810791,0.11141,0.01475
4.574064254760742,0.11296,0.014836
4.620093822479248,0.11544,0.014828
4.672056674957275,0.11539,0.014881
4.724956035614014,0.11667,0.014966
4.7767229080200195,0.11789,0.014984
4.82457423210144,0.11899,0.015047
4.875980615615845,0.11949,0.015164
4.928191423416138,0.12275,0.015087
4.975550651550293,0.12293,0.015272
5.026028156280518,0.124,0.015595
5.0739521980285645,0.12517,0.015564
5.127342700958252,0.12645,0.01563
5.178410053253174,0.12757,0.015714
5.2296929359436035,0.12773,0.015845
5.280502557754517,0.13005,0.015776
5.327103137969971,0.13109,0.015954
5.382752418518066,0.1324,0.015871
5.432993173599243,0.13344,0.015805
5.4820122718811035,0.13464,0.015805
5.534975290298462,0.13576,0.015698
5.583798170089722,0.13691,0.015775
5.6347815990448,0.13819,0.015457
5.6846230030059814,0.13821,0.0151
5.735098361968994,0.14045,0.015265
5.787079811096191,0.14152,0.014855
5.8341288566589355,0.14261,0.014546
5.886764764785767,0.14389,0.014443
5.936690807342529,0.14483,0.014148
5.9881603717803955,0.14504,0.014115
6.039609670639038,0.14741,0.014102
6.08659815788269,0.14739,0.01415
6.13674259185791,0.14827,0.014231
6.186009645462036,0.15045,0.01425
6.24136757850647,0.15171,0.014225
6.29155158996582,0.15277,0.014399
6.3421502113342285,0.15381,0.014345
6.392618179321289,0.15392,0.014548
6.439497709274292,0.15488,0.014534
6.490768671035767,0.15707,0.014507
6.542888164520264,0.15835,0.014761
6.594956159591675,0.15925,0.014721
6.643309831619263,0.15949,0.01471
6.693642854690552,0.16045,0.014723
6.7430150508880615,0.16165,0.014602
6.7919535636901855,0.16261,0.014788
6.846436023712158,0.16389,0.014771
6.89604377746582,0.16592,0.014632
6.949785232543945,0.16693,0.014733
6.998352527618408,0.16725,0.014744
7.051031112670898,0.16827,0.014693
7.100589275360107,0.16952,0.014725
7.152822494506836,0.17013,0.014758
7.2004714012146,0.17131,0.014711
7.251400709152222,0.17227,0.01469
7.306425333023071,0.17445,0.014686
7.356636047363281,0.17557,0.014746
7.4123852252960205,0.17659,0.014679
7.463883876800537,0.17659,0.014702
7.5131072998046875,0.17771,0.014606
7.56441330909729,0.17877,0.014691
7.611316680908203,0.17997,0.014633
7.6643102169036865,0.18083,0.014816
7.714501142501831,0.18171,0.014896
7.767974138259888,0.18389,0.014909
7.817467927932739,0.18411,0.014783
7.864380836486816,0.18512,0.014893
7.915468215942383,0.186,0.015206
7.9732489585876465,0.1872,0.015043
8.023277521133423,0.1892,0.015152
8.07098126411438,0.19032,0.015075
8.12291169166565,0.19019,0.015223
8.175190210342407,0.19133,0.015218
8.224112272262573,0.19232,0.015304
8.27212119102478,0.19328,0.015174
8.329326152801514,0.19445,0.015297
8.38400650024414,0.19659,0.015318
8.436514854431152,0.19643,0.0152
8.486703157424927,0.19843,0.015018
8.532334327697754,0.1984,0.015065
8.58436369895935,0.19949,0.014992
8.634207248687744,0.20173,0.014798
8.686455488204956,0.20256,0.014671
8.738902568817139,0.20256,0.01459
8.784180402755737,0.20363,0.014536
8.83994722366333,0.20459,0.014553
8.88925838470459,0.20573,0.014575
8.938820362091064,0.20779,0.014632
8.987010478973389,0.2088,0.014519
9.040457963943481,0.20859,0.014373
9.089321613311768,0.21072,0.014384
9.141502380371094,0.21072,0.014577
9.194422006607056,0.21176,0.014494
9.243295431137085,0.21296,0.014558
9.295621395111084,0.21384,0.014628
9.345235586166382,0.21475,0.014692
9.396730899810791,0.21584,0.014601
9.447791576385498,0.21672,0.01471
9.498174667358398,0.21792,0.014681
9.545600414276123,0.21883,0.014754
9.596200227737427,0.21963,0.01469
9.649553775787354,0.22088,0.014677
9.700009107589722,0.22184,0.014644
9.748475551605225,0.22272,0.014577
9.801356792449951,0.22389,0.014754
9.845953464508057,0.22477,0.014588
9.902034759521484,0.22568,0.014681
9.953654527664185,0.22688,0.014722
10.001703977584839,0.22776,0.014709
10.053710699081421,0.22875,0.014635
10.104147911071777,0.23016,0.014722
10.153844594955444,0.23091,0.014744
10.204482793807983,0.23173,0.014699
10.253084659576416,0.23272,0.014597
10.306126832962036,0.23371,0.014693
10.357919931411743,0.23368,0.014664
10.407660007476807,0.23571,0.01475
10.454456806182861,0.23675,0.014762
10.511573314666748,0.23765,0.014563
10.558104038238525,0.23872,0.014746
10.611423254013062,0.23869,0.0149
10.661324501037598,0.24059,0.014745
10.71143388748169,0.24152,0.014867
10.760583400726318,0.24269,0.014676
10.81062912940979,0.24381,0.015076
10.861835956573486,0.24461,0.014991
10.911431550979614,0.24571,0.015184
10.962669372558594,0.2468,0.015234
11.013756036758423,0.24765,0.015156
11.065985918045044,0.24867,0.015254
11.114215850830078,0.24976,0.015182
11.163370132446289,0.24957,0.015201
11.217768430709839,0.2508,0.015206
11.264795303344727,0.25165,0.015151
11.315556764602661,0.25275,0.015228
11.36836051940918,0.25459,0.015076
11.41765546798706,0.25555,0.015145
11.467138767242432,0.25667,0.015
11.516681909561157,0.25773,0.014947
11.56626009941101,0.25869,0.014799
11.621500730514526,0.25875,0.014814
11.669897079467773,0.25936,0.014799
11.722736597061157,0.2604,0.01478
11.771015644073486,0.26131,0.014688
11.821598529815674,0.26349,0.014693
11.874598264694214,0.26448,0.014801
11.921866655349731,0.26435,0.0148
11.972577095031738,0.26533,0.014677
12.022334575653076,0.26637,0.014795
12.074216604232788,0.26731,0.01483
12.126805305480957,0.26851,0.014926
12.176955699920654,0.27016,0.01478
12.224700927734375,0.27029,0.014827
12.276774644851685,0.27125,0.014865
12.324362754821777,0.27211,0.014721
12.381450414657593,0.27325,0.014799
12.428603649139404,0.27525,0.014781
12.482676267623901,0.27619,0.01472
12.529478311538696,0.27627,0.014844
12.585227489471436,0.27715,0.014818
12.633115768432617,0.27827,0.014711
12.687641382217407,0.2792,0.014694
12.734375953674316,0.28117,0.014874
12.784912347793579,0.28128,0.014774
12.837280511856079,0.28205,0.014733
12.891925573348999,0.28315,0.014863
12.941524267196655,0.28392,0.014913
12.988159894943237,0.28509,0.014893
13.040806770324707,0.28613,0.014793
13.088543176651001,0.28717,0.014858
13.138122320175171,0.288,0.014769
13.193694829940796,0.29,0.014741
13.241871118545532,0.29136,0.014915
13.294256448745728,0.29112,0.014761
13.341892719268799,0.29197,0.014905
13.392878770828247,0.29293,0.014776
13.439148187637329,0.29403,0.014888
13.495283842086792,0.29403,0.014871
13.54559063911438,0.29603,0.014791
13.594602108001709,0.29792,0.014756
13.645057916641235,0.29792,0.014864
13.69429326057434,0.29904,0.014871
13.743617057800293,0.29981,0.014759
13.798877954483032,0.30091,0.014746
13.847107172012329,0.30213,0.014869
13.897555589675903,0.30301,0.014707
13.946736335754395,0.30381,0.014769
14.001118421554565,0.30507,0.014794
14.049822330474854,0.30571,0.014861
14.103057146072388,0.30611,0.014736
14.14981484413147,0.30784,0.014912
14.19688606262207,0.30781,0.014689
14.253931522369385,0.30984,0.014893
14.300820589065552,0.31085,0.014687
14.351919174194336,0.3116,0.014891
14.405294179916382,0.31277,0.014867
14.453481197357178,0.3136,0.014835
14.508957147598267,0.31453,0.014903
14.55719804763794,0.31467,0.014835
14.607717752456665,0.31555,0.014845
14.652468204498291,0.31803,0.014904
14.709743738174438,0.31789,0.014798
14.760401487350464,0.028853,0.015067
14.811893701553345,0.02816,0.015731
14.860361099243164,0.029733,0.014772
14.910648345947266,0.032533,0.014685
14.960163831710815,0.035173,0.014757
15.015923738479614,0.041173,0.014554
15.063364028930664,0.044027,0.014619
15.115493059158325,0.04704,0.014837
15.164909362792969,0.049867,0.014839
15.215108871459961,0.049973,0.014785
15.265253782272339,0.052667,0.014696
15.313326358795166,0.058453,0.014789
15.366943597793579,0.06112,0.014897
15.420189619064331,0.064133,0.014844
15.47089409828186,0.06408,0.014782
15.51690673828125,0.066693,0.01481
15.569424867630005,0.069627,0.014846
15.623404741287231,0.0724,0.014773
15.670978307723999,0.075013,0.01475
15.723336935043335,0.080613,0.014769
15.769829988479614,0.08328,0.014745
15.821991682052612,0.08584,0.014749
15.870391845703125,0.085973,0.014769
15.92357587814331,0.088453,0.014777
15.975926637649536,0.0912,0.014835
16.027667760849,0.093733,0.014875
16.074263095855713,0.09896,0.014915
16.128058671951294,0.10176,0.014882
16.181808710098267,0.102,0.014903
16.228868007659912,0.10435,0.015066
16.280285835266113,0.10675,0.014967
16.3293137550354,0.10797,0.015239
16.37822723388672,0.10928,0.015129
16.430962562561035,0.11069,0.015286
16.481417179107666,0.11173,0.015353
16.532257318496704,0.11443,0.015492
16.5806827545166,0.11451,0.015513
16.634572505950928,0.11544,0.015679
16.683892965316772,0.11691,0.01568
16.735106468200684,0.11776,0.015702
16.781893491744995,0.11909,0.01571
16.834550857543945,0.12032,0.015614
16.884745121002197,0.12141,0.015815
16.938212633132935,0.12288,0.015685
16.98513674736023,0.12403,0.015603
17.03838586807251,0.12637,0.015321
17.085813760757446,0.12651,0.015494
17.13547968864441,0.12752,0.015182
17.184605836868286,0.12877,0.015078
17.235453367233276,0.12992,0.015133
17.287233352661133,0.13117,0.014816
17.33787488937378,0.13123,0.014715
17.387762308120728,0.13355,0.014757
17.44176149368286,0.13467,0.014617
17.48846745491028,0.13568,0.014377
17.53965711593628,0.13693,0.014429
17.588191032409668,0.13821,0.014514
17.641206979751587,0.13827,0.014562
17.693201541900635,0.13941,0.014502
17.7418053150177,0.14189,0.014554
17.790666818618774,0.14269,0.014555
17.842313766479492,0.14389,0.014438
17.89464497566223,0.14493,0.014557
17.9456570148468,0.146,0.014518
17.996158123016357,0.14707,0.014642
18.044142484664917,0.14832,0.014714
18.094285011291504,0.14936,0.014674
18.146087884902954,0.15045,0.014664
18.197478532791138,0.15163,0.014675
18.249847888946533,0.1516,0.01471
18.295713901519775,0.15288,0.014683
18.350553512573242,0.15496,0.014635
18.398212432861328,0.15533,0.014637
18.447654008865356,0.15701,0.014752
18.500734567642212,0.15717,0.014794
18.54935312271118,0.15941,0.014732
18.60157871246338,0.1604,0.014778
18.650057792663574,0.16165,0.014694
18.701122283935547,0.16264,0.014686
18.75367021560669,0.16256,0.014677
18.802504777908325,0.16373,0.014628
18.85587477684021,0.16587,0.014694
18.904635906219482,0.16701,0.0147
18.952574014663696,0.16789,0.014647
19.00674080848694,0.16803,0.014674
19.056746244430542,0.16909,0.014708
19.10797667503357,0.17013,0.014757
19.158785104751587,0.17227,0.014746
19.205198526382446,0.17352,0.014681
19.258097171783447,0.17443,0.014659
19.306668758392334,0.17443,0.014636
19.360751628875732,0.17544,0.014809
19.410189867019653,0.17688,0.01489
19.463341236114502,0.17744,0.014952
19.511200428009033,0.17971,0.014917
19.566833972930908,0.18067,0.015005
19.616681575775146,0.1808,0.015071
19.66943860054016,0.18208,0.015099
19.71758723258972,0.18296,0.015024
19.768030643463135,0.18397,0.015098
19.817943811416626,0.18509,0.015114
19.868601322174072,0.18603,0.015063
19.921168088912964,0.18715,0.015156
19.96923518180847,0.18912,0.015052
20.018326997756958,0.18931,0.014983
20.073097229003906,0.19131,0.014997
20.12194013595581,0.19235,0.014951
20.170674800872803,0.1924,0.014902
20.22040319442749,0.1944,0.014786
20.271605968475342,0.19437,0.014763
20.33234405517578,0.19547,0.014698
20.38236689567566,0.19651,0.014676
20.430480241775513,0.19744,0.014605
20.477458238601685,0.19859,0.014611
20.5318706035614,0.19955,0.014604
20.58072829246521,0.20064,0.014598
20.631497621536255,0.20256,0.014595
20.68056058883667,0.20272,0.014598
20.73532247543335,0.20363,0.014606
20.783243417739868,0.20459,0.014609
20.83186626434326,0.20555,0.014799
20.885324478149414,0.20659,0.014591
20.93627166748047,0.20757,0.0146
20.98839044570923,0.20861,0.014651
21.035866498947144,0.20971,0.014682
21.088186979293823,0.21067,0.014699
21.13503646850586,0.21171,0.014732
21.18795371055603,0.21267,0.014633
21.23550581932068,0.2128,0.014634
21.286738395690918,0.21392,0.014677
21.34066605567932,0.21576,0.014766
21.39247465133667,0.21664,0.01469
21.441396713256836,0.21771,0.014629
21.490787267684937,0.21891,0.014718
21.542160034179688,0.21981,0.014702
21.594961404800415,0.21952,0.014738
21.639519214630127,0.22187,0.014635
21.694353342056274,0.22277,0.01471
21.744319200515747,0.22379,0.014629
21.794442892074585,0.22485,0.014596
21.84514570236206,0.22584,0.014687
21.89733624458313,0.22659,0.01474
21.945416688919067,0.22776,0.014628
21.995205402374268,0.22872,0.014735
22.049530744552612,0.22965,0.014705
22.0971257686615,0.22979,0.014749
22.14795446395874,0.23184,0.0148
22.196613073349,0.23261,0.014619
22.25026798248291,0.23381,0.014817
22.301830768585205,0.2348,0.014735
22.351584911346436,0.23597,0.014791
22.40228009223938,0.23661,0.014841
22.44995665550232,0.23765,0.01486
22.505791902542114,0.23883,0.014883
22.55368185043335,0.23965,0.014942
22.609187841415405,0.24085,0.014828
22.657429456710815,0.24176,0.015126
22.716140747070312,0.24269,0.015176
22.76598620414734,0.24269,0.015022
22.814136028289795,0.24483,0.015126
22.86614489555359,0.24563,0.015122
22.913326501846313,0.24683,0.015166
22.967438220977783,0.24763,0.015218
23.01843523979187,0.24861,0.015257
23.065747499465942,0.24963,0.015185
23.117830991744995,0.25051,0.015073
23.17151117324829,0.25061,0.015172
23.22168278694153,0.25176,0.014978
23.267926454544067,0.25355,0.015053
23.320117950439453,0.2544,0.015013
23.3747398853302,0.25477,0.015023
23.423264741897583,0.25659,0.014814
23.473971843719482,0.25659,0.014901
23.526888847351074,0.25736,0.014757
23.57333207130432,0.2588,0.014667
23.625874996185303,0.26056,0.014802
23.6748366355896,0.26152,0.014763
23.726040363311768,0.2624,0.014736
23.777560710906982,0.26339,0.014748
23.8261559009552,0.26331,0.014708
23.878811597824097,0.26552,0.014783
23.92809820175171,0.26536,0.014827
23.978447914123535,0.26651,0.014787
24.027809381484985,0.26749,0.01476
24.08030128479004,0.26853,0.014785
24.129587173461914,0.27029,0.014824
24.17662286758423,0.27144,0.014757
24.2302188873291,0.27227,0.01482
24.2784423828125,0.27347,0.014881
24.33137845993042,0.27341,0.01481
24.384708166122437,0.27429,0.014774
24.438012838363647,0.27525,0.014683
24.485683917999268,0.27624,0.014593
24.539711236953735,0.27837,0.014859
24.58579993247986,0.27933,0.014809
24.63980221748352,0.27925,0.014783
24.685582160949707,0.28032,0.014888
24.740047693252563,0.28136,0.01479
24.788015842437744,0.28224,0.014783
24.83880877494812,0.28325,0.014805
24.890198707580566,0.28435,0.014746
24.937870740890503,0.28448,0.014871
24.989941835403442,0.28701,0.014723
25.04356551170349,0.28715,0.014817
25.093036651611328,0.28827,0.014754
25.145511388778687,0.28899,0.014787
25.194862127304077,0.28992,0.014902
25.244906187057495,0.29091,0.014745
25.29600715637207,0.29192,0.014813
25.346734762191772,0.29288,0.014762
25.39756155014038,0.29416,0.014894
25.44574737548828,0.29501,0.014712
25.498539924621582,0.29589,0.014698
25.545276165008545,0.2968,0.014852
25.597641468048096,0.29787,0.014828
25.649805068969727,0.29875,0.014876
25.701019287109375,0.30075,0.014878
25.75039768218994,0.30072,0.014878
25.801930904388428,0.30171,0.014867
25.850487232208252,0.30277,0.01477
25.90032696723938,0.30397,0.014913
25.948610305786133,0.30451,0.014791
26.004584074020386,0.30581,0.014869
26.054288148880005,0.30587,0.014872
26.10330557823181,0.30659,0.014761
26.15247416496277,0.30883,0.014745
26.205072164535522,0.30965,0.014753
26.25415539741516,0.31043,0.014784
26.304442167282104,0.31165,0.014709
26.353883981704712,0.31253,0.014787
26.407073497772217,0.31259,0.014846
26.457523345947266,0.31384,0.014861
26.506726026535034,0.31477,0.014772
26.557743310928345,0.31541,0.01481
26.604707717895508,0.3164,0.01485
26.66023063659668,0.31981,0.014843
26.71210741996765,0.029573,0.015025
26.763745546340942,0.030347,0.01508
26.81235408782959,0.032267,0.015395
26.86492371559143,0.035147,0.014811
26.912822484970093,0.036373,0.01492
26.964109182357788,0.037893,0.014821
27.01244878768921,0.040907,0.014575
27.063497066497803,0.046693,0.014778
27.115318536758423,0.049467,0.014757
27.163339376449585,0.05232,0.014896
27.214167833328247,0.054,0.01507
27.270833015441895,0.055333,0.014897
27.322309732437134,0.05824,0.014864
27.37089729309082,0.063893,0.014844
27.42230749130249,0.06408,0.014835
27.475786924362183,0.069173,0.014845
27.525469541549683,0.069787,0.01484
27.57359743118286,0.072213,0.014825
27.625783681869507,0.074853,0.014742
27.67565083503723,0.07768,0.014812
27.72441053390503,0.082933,0.014814
27.777532815933228,0.085627,0.014746
27.826087474822998,0.085627,0.014827
27.877018690109253,0.08832,0.014902
27.929671049118042,0.090907,0.014868
27.978646993637085,0.093813,0.01487
28.029730796813965,0.09888,0.014857
28.077672243118286,0.10157,0.014928
28.13059973716736,0.10408,0.014943
28.185378074645996,0.10643,0.015106
28.235140085220337,0.10792,0.015127
28.28391194343567,0.10787,0.015313
28.333719491958618,0.10901,0.015255
28.382099628448486,0.11037,0.015536
28.435116291046143,0.11299,0.015591
28.487987279891968,0.11275,0.015424
28.539756059646606,0.11424,0.015671
28.588346004486084,0.11536,0.015971
28.643529176712036,0.11653,0.01586
28.6921226978302,0.11805,0.015893
28.742772340774536,0.11885,0.016054
28.79157280921936,0.1216,0.015947
28.84594750404358,0.1216,0.015729
28.893884658813477,0.12387,0.015783
28.947202444076538,0.12397,0.015665
28.9966881275177,0.12496,0.015582
29.04870104789734,0.12605,0.01521
29.097068309783936,0.12757,0.015184
29.148288249969482,0.12875,0.014978
29.196265697479248,0.12984,0.014645
29.247593879699707,0.13205,0.014719
29.298259496688843,0.13325,0.014665
29.350158214569092,0.13336,0.01428
29.39927911758423,0.13437,0.014302
29.449697256088257,0.13565,0.01419
29.499086380004883,0.13675,0.014279
29.549140453338623,0.13789,0.014435
29.601834774017334,0.13925,0.014253
29.652470588684082,0.13923,0.014467
29.701494455337524,0.14029,0.014488
29.75542449951172,0.14251,0.01445
29.803048610687256,0.14392,0.014592
29.852690935134888,0.14477,0.014465
29.90353488922119,0.14595,0.014581
29.95776867866516,0.14709,0.014678
30.00477957725525,0.14821,0.014701
30.057820320129395,0.14925,0.014669
30.10960054397583,0.14952,0.01468
30.16143822669983,0.15171,0.014802
30.212472200393677,0.15251,0.014803
30.268884420394897,0.15384,0.01481
30.316905975341797,0.15491,0.014781
30.368646144866943,0.15597,0.014733
30.418821096420288,0.15696,0.014707
30.468686819076538,0.15811,0.014752
30.520469903945923,0.15933,0.014757
30.569789171218872,0.15941,0.01479
30.61871099472046,0.16051,0.014716
30.668545484542847,0.16259,0.014691
30.72184658050537,0.16387,0.014729
30.771669626235962,0.16472,0.014649
30.8228816986084,0.16576,0.014799
30.87129807472229,0.16691,0.014737
30.923559188842773,0.16789,0.014749
30.970092296600342,0.16912,0.014762
31.019065380096436,0.16923,0.014777
31.073865175247192,0.17128,0.014826
31.121822118759155,0.17213,0.014822
31.17314076423645,0.17331,0.014908
31.221965789794922,0.17429,0.014912
31.274510860443115,0.17539,0.014895
31.32762598991394,0.17544,0.015014
31.37676763534546,0.17667,0.014987
31.42761516571045,0.17757,0.014969
31.47297739982605,0.1788,0.015147
31.52700901031494,0.18104,0.015083
31.577680110931396,0.18189,0.01529
31.628289461135864,0.18277,0.0152
31.678091287612915,0.18395,0.015228
31.727229595184326,0.18389,0.015432
31.77867603302002,0.18493,0.015192
31.82773208618164,0.18627,0.015388
31.879853010177612,0.1872,0.015305
31.934468030929565,0.18808,0.015237
31.986668586730957,0.19016,0.015017
32.03805375099182,0.19109,0.015008
32.090595722198486,0.19136,0.014944
32.13982391357422,0.19227,0.014597
32.18763494491577,0.19309,0.014644
32.23829174041748,0.19419,0.014705
32.28944635391235,0.19533,0.0147
32.34123182296753,0.19744,0.014454
32.390636682510376,0.19835,0.014526
32.44322872161865,0.19968,0.014362
32.49414348602295,0.19933,0.014518
32.54165172576904,0.20045,0.014438
32.59340000152588,0.20133,0.014468
32.64187669754028,0.20275,0.014554
32.70287466049194,0.20355,0.014577
32.75406241416931,0.20544,0.014457
32.804884910583496,0.20667,0.014478
32.853437423706055,0.20757,0.0147
32.90511608123779,0.20771,0.014786
32.95479440689087,0.20856,0.014642
33.004361152648926,0.21061,0.014888
33.05738925933838,0.21163,0.014673
33.108272075653076,0.21171,0.014679
33.15767478942871,0.21269,0.014631
33.20704531669617,0.21363,0.014768
33.25689649581909,0.21483,0.014668
33.307509422302246,0.21664,0.014667
33.35765218734741,0.21685,0.014631
33.40951490402222,0.21771,0.014692
33.46065831184387,0.21896,0.014618
33.5120165348053,0.21963,0.014587
33.56158757209778,0.22163,0.014764
33.60834741592407,0.22173,0.014733
33.6603798866272,0.22376,0.014741
33.71146631240845,0.22365,0.014695
33.76150298118591,0.22459,0.01473
33.81314158439636,0.22568,0.014738
33.861454010009766,0.22659,0.014697
33.91362428665161,0.22773,0.014765
33.96513223648071,0.22877,0.014703
34.01588678359985,0.22968,0.014733
34.06269288063049,0.23096,0.014771
34.1148726940155,0.23181,0.014767
34.167500257492065,0.23259,0.014868
34.21697402000427,0.23376,0.01481
34.265990257263184,0.23467,0.015015
34.31356692314148,0.23552,0.01498
34.36809539794922,0.23661,0.015109
34.417988300323486,0.23763,0.015034
34.47135591506958,0.23869,0.015128
34.518078088760376,0.23973,0.015187
34.56914258003235,0.24069,0.015234
34.62321066856384,0.24171,0.015127
34.67128086090088,0.24269,0.015187
34.723899364471436,0.24349,0.015549
34.76825165748596,0.24488,0.015315
34.822582960128784,0.24469,0.015631
34.87228608131409,0.24592,0.015509
34.919615030288696,0.24667,0.01551
34.97311186790466,0.24867,0.015429
35.02226233482361,0.24952,0.015543
35.072579860687256,0.24936,0.015447
35.124048709869385,0.25171,0.015344
35.17662215232849,0.25264,0.015215
35.22383975982666,0.25352,0.015021
35.28330111503601,0.25453,0.014972
35.334646463394165,0.25541,0.015047
35.386351585388184,0.25661,0.014785
35.434171199798584,0.25744,0.014902
35.483471393585205,0.25848,0.014832
35.541229009628296,0.25947,0.014946
35.58916211128235,0.25957,0.014713
35.64314246177673,0.26037,0.014765
35.693079710006714,0.26248,0.014711
35.74478483200073,0.26317,0.014764
35.79091143608093,0.26443,0.014705
35.84109926223755,0.26437,0.014721
35.89348864555359,0.26541,0.014769
35.94712591171265,0.26725,0.014813
35.9956214427948,0.26739,0.014701
36.04671001434326,0.26824,0.014743
36.09613370895386,0.26909,0.014767
36.150222063064575,0.27101,0.014631
36.20071792602539,0.27235,0.014751
36.251813888549805,0.27304,0.014786
36.30101752281189,0.27421,0.014783
36.352503538131714,0.27515,0.014787
36.400259494781494,0.27507,0.014849
36.449920654296875,0.27715,0.014856
36.501155376434326,0.278,0.014802
36.55182719230652,0.27917,0.014857
36.60276126861572,0.28008,0.014743
36.65205955505371,0.28024,0.014794
36.701805114746094,0.28099,0.014852
36.75691890716553,0.28293,0.014797
36.80510067939758,0.28413,0.014859
36.858519554138184,0.28525,0.014715
36.907652139663696,0.28507,0.014796
36.95746874809265,0.28608,0.014844
37.007516384124756,0.28696,0.014839
37.057831048965454,0.28797,0.01486
37.10894727706909,0.28992,0.014925
37.15784978866577,0.29011,0.014841
37.20895862579346,0.29091,0.014776
37.25976228713989,0.29192,0.014891
37.30888319015503,0.29293,0.014878
37.35504150390625,0.29392,0.014978
37.408090114593506,0.2948,0.014536
37.460188150405884,0.29579,0.014936
37.51300930976868,0.29672,0.014904
37.55896043777466,0.29779,0.014888
37.61186766624451,0.29856,0.014973
37.6630973815918,0.29989,0.014898
37.714926958084106,0.30093,0.014815
37.76721692085266,0.30203,0.015059
37.81893801689148,0.30376,0.015047
37.86702346801758,0.3036,0.01503
37.91703915596008,0.30493,0.014984
37.9696249961853,0.30565,0.014965
38.01755714416504,0.30656,0.014921
38.07102346420288,0.30779,0.014935
38.11934685707092,0.30891,0.015105
38.168071269989014,0.30955,0.014929
38.2208468914032,0.31037,0.014919
38.27008032798767,0.31147,0.014913
38.32123637199402,0.31253,0.014762
38.37279152870178,0.31349,0.01473
38.423213481903076,0.31429,0.014889
38.47039246559143,0.31533,0.014688
38.51954746246338,0.31672,0.014756
38.57422494888306,0.31744,0.01488
38.62425136566162,0.31944,0.014766
38.68138527870178,0.02872,0.015185
38.72764849662781,0.0296,0.013969
38.779871463775635,0.03192,0.014933
38.829811573028564,0.034507,0.014747
38.885462522506714,0.0376,0.014707
38.93518948554993,0.03768,0.014653
38.98569393157959,0.043573,0.014755
39.03334999084473,0.046347,0.014754
39.08957481384277,0.049467,0.014821
39.13460993766785,0.052107,0.014893
39.19150233268738,0.05496,0.014795
39.2415885925293,0.057947,0.01473
39.28833770751953,0.060613,0.014793
39.34101223945618,0.0636,0.014824
39.39127731323242,0.066187,0.01483
39.439876079559326,0.06912,0.014787
39.48836660385132,0.07152,0.01494
39.54144072532654,0.07464,0.014818
39.5935173034668,0.077333,0.014889
39.641767501831055,0.079973,0.014906
39.69557046890259,0.0828,0.014829
39.74485945701599,0.085227,0.014782
39.79507112503052,0.085387,0.014924
39.847477436065674,0.088027,0.014841
39.896408796310425,0.093333,0.014934
39.94834852218628,0.09616,0.014802
39.99546527862549,0.09864,0.014941
40.04624938964844,0.09864,0.01506
40.098304271698,0.10389,0.015198
40.14929676055908,0.10619,0.015154
40.197712659835815,0.10624,0.015338
40.25244998931885,0.10763,0.01533
40.30182957649231,0.10909,0.015503
40.35175824165344,0.11157,0.015473
40.40463876724243,0.1128,0.015596
40.45465064048767,0.11392,0.015668
40.5040545463562,0.1152,0.015856
40.55491304397583,0.11531,0.015982
40.606603145599365,0.1164,0.015943
40.6568398475647,0.11744,0.016086
40.70522999763489,0.1188,0.016201
40.75338339805603,0.12133,0.016129
40.80712652206421,0.12235,0.016136
40.85813522338867,0.12355,0.015821
40.90844225883484,0.12379,0.015806
40.95578074455261,0.12488,0.015364
41.00958442687988,0.12613,0.015086
41.06060838699341,0.12603,0.015177
41.112637996673584,0.12955,0.014488
41.16318106651306,0.13104,0.01457
41.211910247802734,0.13104,0.014026
41.26482081413269,0.13192,0.014219
41.31610989570618,0.13307,0.013978
41.36444973945618,0.13403,0.014042
41.41613483428955,0.13555,0.013927
41.46301007270813,0.13787,0.013892
41.51605439186096,0.13901,0.014079
41.56854319572449,0.13896,0.014225
41.61582565307617,0.14013,0.014127
41.66725158691406,0.14147,0.014496
41.718167781829834,0.14251,0.014516
41.77584910392761,0.14363,0.014599
41.8271598815918,0.14589,0.014639
41.87738013267517,0.14608,0.014671
41.92415165901184,0.14704,0.014662
41.9769344329834,0.14803,0.014735
42.024800062179565,0.14909,0.014694
42.073481798172,0.15027,0.014621
42.127445220947266,0.1524,0.014873
42.180078744888306,0.15251,0.014821
42.22584795951843,0.15357,0.014859
42.27965688705444,0.15472,0.014886
42.32739520072937,0.15472,0.014698
42.376978635787964,0.15688,0.014817
42.4311101436615,0.15816,0.014774
42.47938776016235,0.15901,0.014803
42.53161883354187,0.16043,0.014715
42.58083748817444,0.16117,0.014724
42.63064408302307,0.16243,0.014804
42.682032108306885,0.16344,0.014735
42.73014283180237,0.16464,0.014741
42.78127980232239,0.16565,0.014813
42.83147215843201,0.16656,0.014854
42.88405156135559,0.16765,0.014739
42.932095766067505,0.16893,0.014718
42.98706817626953,0.16968,0.014706
43.037277936935425,0.17088,0.01492
43.08517003059387,0.17203,0.014826
43.14093780517578,0.17312,0.014826
43.18846559524536,0.17419,0.014906
43.242350816726685,0.17525,0.015018
43.288859605789185,0.17629,0.015191
43.34064555168152,0.17651,0.015106
43.39105582237244,0.17731,0.015385
43.44024467468262,0.17952,0.015326
43.49140405654907,0.18053,0.015368
43.54469347000122,0.18147,0.015375
43.59304213523865,0.18251,0.015496
43.64126467704773,0.18376,0.015504
43.692596673965454,0.18456,0.015407
43.74684023857117,0.18573,0.015559
43.79427194595337,0.18685,0.015372
43.846755266189575,0.18779,0.015182
43.89309358596802,0.18877,0.015303
43.95316433906555,0.18995,0.015252
44.00189828872681,0.18987,0.0153
44.0530948638916,0.19104,0.014928
44.10455656051636,0.19304,0.014904
44.15271520614624,0.19387,0.014674
44.20291757583618,0.19517,0.014585
44.25326156616211,0.19608,0.014399
44.30314612388611,0.19595,0.01424
44.353182792663574,0.19725,0.014125
44.41615009307861,0.19835,0.014321
44.460630655288696,0.20024,0.014296
44.5163209438324,0.20139,0.01434
44.56775999069214,0.20205,0.014482
44.614341020584106,0.20341,0.014537
44.66398072242737,0.2032,0.014677
44.714195728302,0.20539,0.014631
44.76819634437561,0.20619,0.01465
44.8173930644989,0.20728,0.014562
44.869001150131226,0.20768,0.014631
44.92256951332092,0.20925,0.014789
44.97107911109924,0.20947,0.014611
45.02354598045349,0.21048,0.014825
45.07122039794922,0.21144,0.014697
45.12011742591858,0.21251,0.014693
45.17301082611084,0.21456,0.014757
45.22194457054138,0.21437,0.014719
45.271899938583374,0.21536,0.014672
45.320969581604004,0.21637,0.014706
45.37792229652405,0.21843,0.014678
45.42808961868286,0.21955,0.014735
45.47673559188843,0.22064,0.01477
45.5287549495697,0.22155,0.014651
45.57628107070923,0.22251,0.01468
45.62867450714111,0.22264,0.014771
45.67535400390625,0.22355,0.014811
45.730547189712524,0.2248,0.014694
45.778998136520386,0.22531,0.0148
45.82770395278931,0.22741,0.014728
45.880293130874634,0.22843,0.014815
45.93198275566101,0.22851,0.014753
45.980631828308105,0.22963,0.014793
46.033458948135376,0.23059,0.014817
46.086368560791016,0.23155,0.01485
46.13235640525818,0.23253,0.014937
46.188642501831055,0.23363,0.015052
46.23924231529236,0.23461,0.015003
46.29053258895874,0.23651,0.015155
46.33803033828735,0.2376,0.015332
46.39337658882141,0.23768,0.015221
46.440773248672485,0.23853,0.015506
46.48955416679382,0.23952,0.015621
46.539791107177734,0.24029,0.015655
46.59657597541809,0.24237,0.015791
46.64890432357788,0.24344,0.015924
46.69858479499817,0.24363,0.016127
46.74552392959595,0.2444,0.016113
46.79615306854248,0.24555,0.01598
46.844813108444214,0.24653,0.016028
46.899115562438965,0.24723,0.016074
46.94937229156494,0.24824,0.015923
46.99651002883911,0.24917,0.015648
47.050135374069214,0.2512,0.015616
47.098865270614624,0.25123,0.015667
47.15024375915527,0.25235,0.015357
47.20117235183716,0.25336,0.015005
47.25257396697998,0.25443,0.014888
47.30244588851929,0.25528,0.014879
47.35458254814148,0.25621,0.014787
47.40238308906555,0.25723,0.014737
47.454201459884644,0.25803,0.0147
47.509061336517334,0.25928,0.01473
47.555702447891235,0.26035,0.014795
47.60902190208435,0.2612,0.01469
47.65715193748474,0.26224,0.014715
47.71169090270996,0.26307,0.014838
47.75771760940552,0.26539,0.014689
47.81219696998596,0.26539,0.014827
47.85921597480774,0.26621,0.014711
47.910736322402954,0.26731,0.014702
47.961387395858765,0.26824,0.014933
48.0135383605957,0.26917,0.014809
48.06006669998169,0.27019,0.014724
48.111220836639404,0.27035,0.014803
48.1667366027832,0.27107,0.014809
48.21343421936035,0.27296,0.014897
48.2662239074707,0.27408,0.014848
48.31407308578491,0.27507,0.01482
48.36821508407593,0.27584,0.014821
48.420852184295654,0.2768,0.014719
48.46760058403015,0.27784,0.014855
48.52138137817383,0.27803,0.014933
48.56785440444946,0.27899,0.014782
48.62057375907898,0.28093,0.014757
48.672179222106934,0.282,0.014979
48.71964073181152,0.28296,0.014781
48.772754430770874,0.28299,0.014862
48.81915473937988,0.2848,0.014728
48.87534546852112,0.28475,0.014826
48.92616295814514,0.28597,0.014846
48.97460913658142,0.2868,0.01482
49.02388334274292,0.28869,0.014812
49.07682156562805,0.28875,0.014885
49.12326526641846,0.29083,0.014782
49.17642903327942,0.29173,0.014809
49.22516632080078,0.29171,0.014936
49.27681517601013,0.29275,0.014883
49.328763246536255,0.29461,0.015112
49.378344774246216,0.29565,0.015006
49.43064999580383,0.29653,0.01498
49.47966647148132,0.29779,0.015106
49.52977895736694,0.29867,0.015172
49.58096218109131,0.29976,0.015156
49.63068723678589,0.30072,0.01532
49.6799852848053,0.3004,0.015245
49.730963468551636,0.30152,0.015296
49.78025794029236,0.30243,0.015445
49.828978300094604,0.30344,0.015163
49.88300538063049,0.30557,0.015384
49.933929681777954,0.3056,0.015086
49.98465275764465,0.30765,0.015106
50.0334677696228,0.30763,0.015056
50.08191633224487,0.30848,0.01486
50.13452982902527,0.30928,0.015041
50.18875741958618,0.31125,0.014958
50.23632764816284,0.31136,0.014854
50.288251638412476,0.31243,0.014946
50.33898091316223,0.31339,0.014833
50.389729499816895,0.31443,0.014881
50.44068431854248,0.31528,0.014878
50.49414777755737,0.31605,0.014858
50.54515719413757,0.31744,0.014749
50.595101833343506,0.029653,0.014966
50.644692182540894,0.030053,0.01535
50.70307946205139,0.028933,0.014089
50.7510039806366,0.031547,0.014772
50.80518364906311,0.034347,0.014711
50.858885049819946,0.037733,0.014607
50.90980076789856,0.0432,0.014667
50.96009063720703,0.04608,0.014592
51.009886741638184,0.046427,0.014698
51.063318729400635,0.04912,0.014825
51.11216402053833,0.05208,0.014815
51.15963053703308,0.054853,0.014799
51.21148204803467,0.060507,0.014907
51.25974941253662,0.060747,0.014852
51.313037157058716,0.064613,0.01481
51.364638328552246,0.06624,0.014948
51.41138529777527,0.06896,0.014923
51.46523976325989,0.071573,0.014809
51.51496696472168,0.074453,0.014952
51.56724429130554,0.077013,0.014858
51.613399028778076,0.08256,0.014782
51.66636538505554,0.082453,0.014812
51.71508979797363,0.085307,0.014817
51.763646841049194,0.087893,0.014828
51.815725803375244,0.09072,0.014806
51.866825580596924,0.093013,0.014925
51.923036336898804,0.096,0.014881
51.97487759590149,0.09848,0.015027
52.02336263656616,0.10117,0.015146
52.07469987869263,0.10381,0.01495
52.12575817108154,0.10645,0.015162
52.17341947555542,0.10749,0.015378
52.22583293914795,0.10896,0.015437
52.279624700546265,0.11013,0.015568
52.32463479042053,0.11149,0.015703
52.38162922859192,0.11163,0.015569
52.42942214012146,0.11397,0.016059
52.481449365615845,0.11515,0.015961
52.53168272972107,0.11627,0.015886
52.582014083862305,0.11768,0.016069
52.63079595565796,0.11883,0.016133
52.68018126487732,0.11995,0.01611
52.7330048084259,0.12125,0.015874
52.78170585632324,0.12232,0.016053
52.83105182647705,0.12224,0.015417
52.8821976184845,0.12355,0.015691
52.93099808692932,0.12597,0.015238
52.98576498031616,0.12731,0.015057
53.031941413879395,0.12861,0.01496
53.0848069190979,0.12981,0.014558
53.13450789451599,0.13088,0.014661
53.185871839523315,0.13099,0.014393
53.23808550834656,0.13195,0.0138
53.2881383895874,0.13432,0.013697
53.338571071624756,0.13528,0.013745
53.38428854942322,0.13648,0.013684
53.43747067451477,0.13779,0.013682
53.488072633743286,0.13875,0.014101
53.53985524177551,0.13992,0.014302
53.58520698547363,0.14115,0.01437
53.639058351516724,0.14136,0.014481
53.68750071525574,0.14232,0.014537
53.740155935287476,0.1444,0.014561
53.791414976119995,0.14584,0.014547
53.84437537193298,0.14683,0.014674
53.89126396179199,0.14789,0.014796
53.93834972381592,0.14917,0.014612
53.991116523742676,0.14928,0.014791
54.0429584980011,0.15139,0.014759
54.093013525009155,0.15243,0.014833
54.14348769187927,0.15237,0.01483
54.19377684593201,0.15357,0.014645
54.247458696365356,0.15464,0.014605
54.29960513114929,0.15587,0.014738
54.34807372093201,0.15669,0.014742
54.401973485946655,0.15792,0.014681
54.44602012634277,0.16011,0.014756
54.501365423202515,0.16147,0.014704
54.552496671676636,0.1624,0.014702
54.60171031951904,0.16243,0.01475
54.65403437614441,0.16339,0.014678
54.70290184020996,0.16448,0.014766
54.75631046295166,0.1656,0.014672
54.80275893211365,0.16664,0.014844
54.85302424430847,0.16781,0.014774
54.90472912788391,0.16979,0.014769
54.95615100860596,0.17013,0.014728
55.006229400634766,0.17128,0.014831
55.05779838562012,0.17224,0.014858
55.1075656414032,0.17315,0.014872
55.156290769577026,0.17421,0.015232
55.21003437042236,0.17541,0.015186
55.259605884552,0.17621,0.014863
55.30916976928711,0.17843,0.015241
55.35954666137695,0.17837,0.015271
55.411845684051514,0.17957,0.015278
55.46201682090759,0.18053,0.015501
55.51262450218201,0.18144,0.015475
55.564128398895264,0.18261,0.015869
55.6124005317688,0.18363,0.015763
55.658361196517944,0.18461,0.015748
55.712352991104126,0.18571,0.015921
55.765357971191406,0.18675,0.016034
55.81388282775879,0.18773,0.016003
55.866450548172,0.18875,0.015949
55.91460824012756,0.18981,0.01556
55.962459325790405,0.19093,0.015326
56.01773142814636,0.19216,0.014882
56.06518363952637,0.19299,0.014881
56.116124391555786,0.194,0.014737
56.16810703277588,0.19501,0.014478
56.21902632713318,0.19597,0.014072
56.27234959602356,0.19611,0.013808
56.32024097442627,0.19733,0.013847
56.374738931655884,0.19939,0.013826
56.426076889038086,0.20024,0.014006
56.474467754364014,0.20155,0.013979
56.52363872528076,0.20216,0.01443
56.5827841758728,0.20336,0.014408
56.630778074264526,0.20437,0.014482
56.67854309082031,0.20557,0.014558
56.729512453079224,0.20643,0.014535
56.78371524810791,0.20757,0.014506
56.836068868637085,0.20837,0.014595
56.88472509384155,0.20931,0.014763
56.935911655426025,0.2104,0.014783
56.98960018157959,0.21152,0.014778
57.04179382324219,0.21139,0.014731
57.09061074256897,0.21344,0.014737
57.14100933074951,0.21445,0.014791
57.19339895248413,0.21536,0.014726
57.2429678440094,0.21667,0.014742
57.29359221458435,0.21741,0.01467
57.3422577381134,0.21829,0.014611
57.393224477767944,0.21923,0.014614
57.44310808181763,0.21952,0.01468
57.49249601364136,0.22157,0.014669
57.541245222091675,0.22123,0.014677
57.59029817581177,0.22245,0.01481
57.645309925079346,0.22331,0.014828
57.69388937950134,0.22539,0.014722
57.74584412574768,0.22651,0.014779
57.79613971710205,0.22747,0.014766
57.84565210342407,0.22867,0.014713
57.89489269256592,0.22965,0.014771
57.946816205978394,0.22944,0.014789
57.99795722961426,0.23056,0.014855
58.0504891872406,0.23251,0.014944
58.09560298919678,0.23357,0.015
58.15169382095337,0.23451,0.015214
58.2077317237854,0.2356,0.015219
58.256449699401855,0.23645,0.015437
58.306843519210815,0.23656,0.015485
58.36211347579956,0.23731,0.015736
58.4116735458374,0.23853,0.016001
58.46026873588562,0.24043,0.015958
58.50901699066162,0.24123,0.016381
58.56092858314514,0.24237,0.016437
58.60960793495178,0.24237,0.016732
58.660247802734375,0.24336,0.017053
58.712369203567505,0.24437,0.016689
58.762242794036865,0.24643,0.016958
58.81222081184387,0.24731,0.01683
58.864057302474976,0.24741,0.017039
58.9141583442688,0.24816,0.016656
58.964263677597046,0.24917,0.016566
59.012667417526245,0.25147,0.016701
59.066556215286255,0.25237,0.015633
59.11323046684265,0.25333,0.015551
59.16566181182861,0.25323,0.015008
59.21788668632507,0.25419,0.014635
59.265034437179565,0.25523,0.014615
59.31735014915466,0.25717,0.014795
59.37070679664612,0.25747,0.014606
59.41891026496887,0.25832,0.014827
59.47034692764282,0.25952,0.014718
59.521443605422974,0.26011,0.014696
59.5709490776062,0.26112,0.014826
59.62424325942993,0.26208,0.01471
59.67059254646301,0.26419,0.014754
59.72661852836609,0.2652,0.014715
59.773359537124634,0.26512,0.014683
59.822808265686035,0.26611,0.014779
59.876644134521484,0.26712,0.014694
59.925554037094116,0.26808,0.014572
59.97832703590393,0.27011,0.014718
60.02680039405823,0.27008,0.014849
60.076576471328735,0.27099,0.014751
60.12663435935974,0.27187,0.014838
60.17528796195984,0.27309,0.014817
60.228033781051636,0.27405,0.014779
60.27805018424988,0.27509,0.014778
60.3302948474884,0.276,0.014717
60.37881350517273,0.27712,0.014851
60.43179702758789,0.27792,0.014882
60.480138301849365,0.27896,0.014816
60.53582572937012,0.27992,0.014777
60.584235429763794,0.28085,0.014791
60.63686513900757,0.282,0.014787
60.68493318557739,0.28275,0.014866
60.73966670036316,0.28389,0.014778
60.7877779006958,0.28459,0.014861
60.83877086639404,0.28563,0.014856
60.89178967475891,0.28685,0.014884
60.940086126327515,0.28781,0.014814
60.98865270614624,0.28875,0.014791
61.0416100025177,0.28981,0.014808
61.09419393539429,0.29085,0.015055
61.142521142959595,0.29181,0.014931
61.194239139556885,0.29277,0.015157
61.246081829071045,0.2936,0.015069
61.29658055305481,0.29488,0.015408
61.34461283683777,0.29584,0.015311
61.39498686790466,0.29656,0.015354
61.44567680358887,0.29765,0.015649
61.497793436050415,0.29875,0.015633
61.54679608345032,0.29957,0.015716
61.598247051239014,0.29973,0.015628
61.64883351325989,0.30165,0.015649
61.69948625564575,0.30165,0.015649
61.74892735481262,0.30251,0.015186
61.79930353164673,0.30341,0.015326
61.85023474693298,0.30573,0.015482
61.89902901649475,0.30571,0.015262
61.95361876487732,0.30771,0.015333
62.00598454475403,0.30867,0.015258
62.05509376525879,0.30853,0.01529
62.105825901031494,0.30973,0.015073
62.15193223953247,0.31139,0.014941
62.21143317222595,0.31152,0.014769
62.26196074485779,0.31325,0.014944
62.31287741661072,0.31432,0.014777
62.36301636695862,0.31544,0.014854
62.41230511665344,0.31547,0.014826
62.46067833900452,0.31629,0.014751
62.51667022705078,0.31744,0.014658
62.56384015083313,0.31925,0.014702
62.61662769317627,0.02952,0.014666
62.664796590805054,0.0316,0.015015
62.71765899658203,0.034187,0.014751
62.76796865463257,0.03744,0.014662
62.817864418029785,0.04024,0.014613
62.86809539794922,0.040213,0.014495
62.91449546813965,0.043467,0.014667
62.9715621471405,0.046027,0.014783
63.02044343948364,0.048907,0.014712
63.069541692733765,0.05496,0.014733
63.11886644363403,0.057333,0.01467
63.1718955039978,0.060533,0.014675
63.223952770233154,0.06344,0.014919
63.27288794517517,0.063147,0.014857
63.32175660133362,0.066187,0.014963
63.37407732009888,0.068853,0.014821
63.420769691467285,0.071547,0.0147
63.475598096847534,0.07688,0.014809
63.526140213012695,0.077093,0.014699
63.573753356933594,0.079813,0.014884
63.62408137321472,0.082507,0.014805
63.67559504508972,0.085147,0.014823
63.72873878479004,0.08784,0.014712
63.775877475738525,0.090507,0.014824
63.828465700149536,0.09584,0.01483
63.881367206573486,0.095893,0.014934
63.92750668525696,0.09848,0.015044
63.980125427246094,0.10107,0.014983
64.0335304737091,0.10357,0.015151
64.0889675617218,0.10613,0.015116
64.13598871231079,0.10747,0.01529
64.19137907028198,0.10869,0.015577
64.24576330184937,0.11115,0.015634
64.29400849342346,0.11253,0.015581
64.34451389312744,0.1124,0.015565
64.39462375640869,0.11389,0.015657
64.44673824310303,0.11493,0.015874
64.49738192558289,0.11635,0.015823
64.54737901687622,0.11765,0.016065
64.5944094657898,0.11885,0.015902
64.6458899974823,0.11992,0.016023
64.6997799873352,0.1212,0.015997
64.750901222229,0.12267,0.015901
64.80161809921265,0.12341,0.015639
64.85274910926819,0.12467,0.015398
64.90089702606201,0.12584,0.015213
64.95570135116577,0.12728,0.015058
65.00395011901855,0.12843,0.01513
65.05793356895447,0.12963,0.014497
65.10709738731384,0.13069,0.014219
65.16270208358765,0.13173,0.014157
65.20943307876587,0.13435,0.013902
65.26072955131531,0.13427,0.013797
65.31370973587036,0.13563,0.01372
65.36314582824707,0.13672,0.013593
65.41255712509155,0.13784,0.014077
65.46423292160034,0.1388,0.014188
65.51218509674072,0.13995,0.014295
65.56359004974365,0.14219,0.014339
65.61554503440857,0.14235,0.014581
65.66539978981018,0.14339,0.014578
65.71714425086975,0.14461,0.014677
65.7657425403595,0.14563,0.014597
65.81785845756531,0.14677,0.014687
65.86870837211609,0.14787,0.014732
65.9142234325409,0.14909,0.014744
65.96738529205322,0.15005,0.014781
66.01887965202332,0.15024,0.014727
66.06590843200684,0.15248,0.014857
66.11937737464905,0.15349,0.014753
66.16745638847351,0.15472,0.014715
66.22372674942017,0.15573,0.01482
66.27749919891357,0.15696,0.014799
66.32458639144897,0.15813,0.014855
66.37967586517334,0.15787,0.014783
66.42986822128296,0.16016,0.014828
66.4761483669281,0.16136,0.014733
66.52727508544922,0.16243,0.014816
66.57831811904907,0.16331,0.014718
66.62975668907166,0.16451,0.014683
66.6815824508667,0.16552,0.014693
66.72766947746277,0.16659,0.014568
66.77866578102112,0.16683,0.014701
66.82873558998108,0.16867,0.014727
66.88054943084717,0.17005,0.014814
66.92933440208435,0.17067,0.014885
66.98229360580444,0.17227,0.014925
67.02865099906921,0.17315,0.014789
67.08288192749023,0.17328,0.014981
67.1321485042572,0.17515,0.014996
67.18768382072449,0.17619,0.015217
67.238285779953,0.17653,0.015166
67.29212713241577,0.17744,0.015379
67.34095525741577,0.17949,0.015259
67.39139986038208,0.18045,0.015448
67.44857716560364,0.18173,0.015399
67.4963698387146,0.18275,0.015877
67.5477385520935,0.18368,0.016158
67.59721350669861,0.18384,0.016175
67.64644455909729,0.1848,0.016143
67.69899106025696,0.18688,0.016255
67.7484061717987,0.18773,0.016311
67.80461239814758,0.18901,0.016325
67.85075354576111,0.19005,0.015767
67.9037172794342,0.19096,0.015413
67.9522967338562,0.19096,0.015146
68.00844216346741,0.19211,0.014631
68.05832386016846,0.19408,0.015177
68.10839772224426,0.19517,0.014222
68.16116285324097,0.196,0.013602
68.2115581035614,0.19709,0.013652
68.25976133346558,0.19795,0.013455
68.31073594093323,0.19829,0.013492
68.35975813865662,0.19936,0.013535
68.40957283973694,0.20035,0.01381
68.46244978904724,0.2016,0.013905
68.51449370384216,0.20221,0.014353
68.56195259094238,0.20421,0.014367
68.61474657058716,0.20528,0.014595
68.66478228569031,0.20541,0.014606
68.7122528553009,0.20627,0.014478
68.76405024528503,0.20733,0.014639
68.81844210624695,0.20925,0.014649
68.86850237846375,0.2104,0.014719
68.91526913642883,0.21128,0.014646
68.96825885772705,0.21131,0.014727
69.01872730255127,0.21232,0.014793
69.07134866714478,0.21336,0.014738
69.12233567237854,0.21451,0.0148
69.17179751396179,0.2164,0.014738
69.22094297409058,0.21643,0.014763
69.27216029167175,0.21741,0.014794
69.32500648498535,0.21853,0.014638
69.37364029884338,0.21947,0.014769
69.42593574523926,0.2204,0.014765
69.47432208061218,0.22144,0.01473
69.52830743789673,0.22251,0.014658
69.57796025276184,0.22432,0.014691
69.62738919258118,0.22445,0.014798
69.67774772644043,0.22544,0.014767
69.7289969921112,0.22643,0.014799
69.78049373626709,0.22709,0.014782
69.830007314682,0.22845,0.014815
69.87820172309875,0.22952,0.014831
69.93053483963013,0.23048,0.014908
69.97901248931885,0.2316,0.014922
70.0308792591095,0.23251,0.015133
70.08333992958069,0.23333,0.015065
70.13509321212769,0.23437,0.015342
70.179025888443,0.23525,0.015469
70.23215007781982,0.23675,0.015755
70.28613328933716,0.23733,0.015534
70.33736753463745,0.23832,0.015953
70.38512706756592,0.23928,0.016007
70.43840050697327,0.24045,0.016734
70.48635077476501,0.24133,0.017103
70.54031038284302,0.24211,0.017174
70.58658480644226,0.24435,0.018186
70.64296174049377,0.24443,0.018796
70.69169163703918,0.24533,0.018137
70.73797607421875,0.24613,0.018502
70.7920229434967,0.24739,0.018304
70.84839963912964,0.24728,0.01847
70.89906024932861,0.24931,0.018014
70.95322179794312,0.25053,0.017923
71.00075149536133,0.25123,0.016976
71.05260992050171,0.25237,0.016235
71.10816764831543,0.25325,0.015582
71.15812849998474,0.25424,0.015294
71.20751428604126,0.25517,0.015013
71.25610613822937,0.25613,0.014727
71.30493307113647,0.2572,0.014943
71.35931515693665,0.25707,0.014694
71.40804934501648,0.25888,0.014708
71.45760726928711,0.26005,0.014676
71.51475548744202,0.26125,0.014758
71.56282448768616,0.26197,0.014747
71.61399579048157,0.26301,0.014789
71.66628074645996,0.264,0.014808
71.71379804611206,0.26504,0.014766
71.76539254188538,0.26493,0.014763
71.81549310684204,0.26691,0.014782
71.86395025253296,0.26808,0.014922
71.92005920410156,0.26909,0.014872
71.96777153015137,0.26981,0.01478
72.01868486404419,0.27083,0.014835
72.07140707969666,0.27112,0.014778
72.12047123908997,0.27315,0.014833
72.17188858985901,0.27392,0.014825
72.22122573852539,0.27493,0.014777
72.27011799812317,0.27592,0.014765
72.32303738594055,0.27589,0.014826
72.3719437122345,0.27693,0.014728
72.42521834373474,0.27877,0.014803
72.47551107406616,0.27987,0.014869
72.52368688583374,0.28091,0.014856
72.57632040977478,0.282,0.01483
72.62792110443115,0.28176,0.014794
72.67719292640686,0.28291,0.014891
72.7273256778717,0.28469,0.014885
72.77986335754395,0.28581,0.014859
72.8264172077179,0.2868,0.014907
72.87790417671204,0.28768,0.014897
72.93056130409241,0.28861,0.014946
72.98031091690063,0.28971,0.01505
73.02641558647156,0.29056,0.015012
73.07829523086548,0.29083,0.015116
73.1319968700409,0.29173,0.015193
73.180184841156,0.29373,0.015436
73.23057460784912,0.29387,0.015579
73.28126239776611,0.29555,0.015646
73.33237409591675,0.29683,0.015991
73.38537192344666,0.29672,0.015943
73.43721342086792,0.29773,0.016087
73.48533868789673,0.29861,0.016428
73.53777313232422,0.29979,0.016953
73.58546924591064,0.30147,0.01736
73.63774466514587,0.30256,0.016584
73.6923680305481,0.30349,0.016768
73.74076509475708,0.30355,0.016161
73.7898600101471,0.30461,0.016144
73.84162664413452,0.30552,0.016138
73.88900351524353,0.30664,0.015684
73.94471979141235,0.30736,0.015155
73.99398064613342,0.30968,0.015144
74.04918265342712,0.30952,0.015005
74.09962463378906,0.3104,0.015091
74.15073895454407,0.31163,0.015144
74.20108795166016,0.31245,0.015042
74.25733780860901,0.31336,0.014957
74.30723357200623,0.31437,0.015005
74.35686373710632,0.31531,0.014902
74.40395593643188,0.31739,0.014746
74.45749521255493,0.31747,0.014845
74.51123428344727,0.27896,0.01485
74.56162023544312,0.027547,0.015703
74.61408829689026,0.031787,0.014904
74.66084122657776,0.031467,0.014902
74.7123601436615,0.034347,0.014765
74.76128339767456,0.040293,0.014457
74.81357789039612,0.040373,0.014582
74.86231255531311,0.0432,0.014591
74.91378998756409,0.046133,0.014714
74.96639347076416,0.051653,0.014602
75.01438879966736,0.054693,0.014731
75.06418180465698,0.05464,0.014694
75.11484265327454,0.057653,0.014871
75.16688561439514,0.060427,0.014755
75.2183473110199,0.063013,0.014887
75.26521873474121,0.06584,0.014803
75.31980419158936,0.068773,0.014752
75.37191534042358,0.07168,0.014905
75.42008996009827,0.07448,0.014917
75.47481894493103,0.077067,0.014801
75.5224916934967,0.07968,0.014866
75.57561922073364,0.082507,0.014739
75.62223219871521,0.084907,0.014948
75.67324900627136,0.090373,0.014823
75.72365522384644,0.092,0.014741
75.77453970909119,0.093067,0.014882
75.82559895515442,0.095787,0.014891
75.87928938865662,0.09832,0.014862
75.93129444122314,0.10096,0.014962
75.98038864135742,0.10363,0.01512
76.03018498420715,0.10608,0.015049
76.07973003387451,0.10741,0.015289
76.13185620307922,0.10851,0.015235
76.18411040306091,0.11003,0.015324
76.23386406898499,0.11115,0.015408
76.27990770339966,0.11245,0.015455
76.3330945968628,0.11251,0.015638
76.38302683830261,0.11501,0.015585
76.43324112892151,0.11627,0.01564
76.48425340652466,0.11736,0.01562
76.53886675834656,0.11867,0.015721
76.58671736717224,0.11984,0.015875
76.63646388053894,0.11997,0.015943
76.68928742408752,0.12253,0.015554
76.73866057395935,0.12347,0.015431
76.78833270072937,0.12477,0.015126
76.83613395690918,0.12597,0.015234
76.88587045669556,0.12699,0.01499
76.94102478027344,0.12736,0.01491
76.9878613948822,0.12936,0.015093
77.04231190681458,0.13077,0.01443
77.08668065071106,0.13173,0.01417
77.1382908821106,0.13307,0.014171
77.18817400932312,0.13421,0.014044
77.24497318267822,0.13427,0.013651
77.28845953941345,0.13525,0.013806
77.34381437301636,0.13768,0.01378
77.39512968063354,0.13792,0.013937
77.44507646560669,0.13995,0.014325
77.4968523979187,0.14003,0.014553
77.54343366622925,0.14229,0.014549
77.5976550579071,0.14219,0.014605
77.6466736793518,0.14344,0.01464
77.69688606262207,0.14568,0.014588
77.74570226669312,0.1468,0.014615
77.79986071586609,0.14795,0.014695
77.84855389595032,0.14912,0.014634
77.89801406860352,0.14941,0.014865
77.9507429599762,0.15027,0.01484
78.00186252593994,0.15139,0.014884
78.04941821098328,0.15237,0.014815
78.10333585739136,0.15456,0.014762
78.14737701416016,0.15581,0.014862
78.2045419216156,0.15579,0.014818
78.25270199775696,0.15805,0.01482
78.30370330810547,0.15816,0.014761
78.35259532928467,0.15901,0.014743
78.40424346923828,0.16019,0.014724
78.45144772529602,0.16109,0.014768
78.50624632835388,0.16245,0.014656
78.55190896987915,0.16365,0.01477
78.60381722450256,0.16565,0.014684
78.65821528434753,0.16565,0.014608
78.70457720756531,0.16677,0.014804
78.75658583641052,0.16776,0.014628
78.80887055397034,0.16877,0.014644
78.85626268386841,0.16973,0.014806
78.90504503250122,0.17091,0.014809
78.9584527015686,0.17195,0.014913
79.00814366340637,0.17331,0.014756
79.06103515625,0.17403,0.01508
79.1148202419281,0.17515,0.014937
79.1637601852417,0.17635,0.015145
79.20875573158264,0.17747,0.015115
79.26569676399231,0.17848,0.015051
79.31465721130371,0.17869,0.015118
79.36477470397949,0.18045,0.015292
79.4160385131836,0.18141,0.015572
79.46599268913269,0.18251,0.015672
79.5183207988739,0.18349,0.016059
79.56689977645874,0.18472,0.016445
79.62173795700073,0.1856,0.016208
79.66994595527649,0.18565,0.016313
79.7189736366272,0.1876,0.016254
79.7690532207489,0.1888,0.016236
79.82161831855774,0.18984,0.016071
79.87182760238647,0.19088,0.015612
79.9237470626831,0.19187,0.015328
79.97428297996521,0.19205,0.015017
80.0302939414978,0.19304,0.015155
80.07615280151367,0.1952,0.015183
80.12733173370361,0.19605,0.014074
80.17886400222778,0.19707,0.013297
80.23085451126099,0.19813,0.013324
80.28301644325256,0.19909,0.01348
80.33076763153076,0.20019,0.013401
80.38047575950623,0.20112,0.013587
80.43039464950562,0.20248,0.013967
80.48550009727478,0.20312,0.014025
80.53422379493713,0.20301,0.014161
80.58538055419922,0.20512,0.014666
80.63736963272095,0.20632,0.014611
80.68654656410217,0.20709,0.014536
80.73759913444519,0.20821,0.014662
80.78541564941406,0.2092,0.014635
80.83665633201599,0.21035,0.014756
80.88797187805176,0.21032,0.014802
80.93977689743042,0.21147,0.014957
80.99040102958679,0.2124,0.014866
81.0418655872345,0.21437,0.01469
81.09007525444031,0.21533,0.014521
81.14145469665527,0.21645,0.014648
81.1939115524292,0.21755,0.014652
81.24704551696777,0.21867,0.014779
81.29474592208862,0.21877,0.014691
81.34604549407959,0.21957,0.014718
81.39539289474487,0.22045,0.014707
81.44594120979309,0.22243,0.014746
81.49597072601318,0.22352,0.014669
81.54907464981079,0.22461,0.014687
81.5966305732727,0.22544,0.014832
81.64822316169739,0.22571,0.014726
81.69684362411499,0.22747,0.014775
81.74849271774292,0.22752,0.014941
81.80430245399475,0.22845,0.014783
81.85338473320007,0.23051,0.014896
81.9081301689148,0.23125,0.014916
81.9574556350708,0.23251,0.014985
82.01046514511108,0.2336,0.015295
82.06354713439941,0.23469,0.015467
82.11246228218079,0.23453,0.015737
82.16336131095886,0.2364,0.015556
82.21457433700562,0.23659,0.015711
82.26363730430603,0.23744,0.016399
82.31500720977783,0.23944,0.016698
82.37029814720154,0.24037,0.017058
82.41788625717163,0.24139,0.017656
82.46925854682922,0.24219,0.018773
82.52105283737183,0.24253,0.019305
82.5731463432312,0.24328,0.019387
82.62371730804443,0.24453,0.020261
82.67529010772705,0.24549,0.020327
82.72376656532288,0.24733,0.020014
82.77285099029541,0.24819,0.019699
82.82491040229797,0.24925,0.02024
82.87504506111145,0.24923,0.019737
82.92513608932495,0.25019,0.016503
82.97747159004211,0.25117,0.016223
83.02474999427795,0.25307,0.017244
83.07806825637817,0.25421,0.016337
83.13350629806519,0.25512,0.015391
83.18095684051514,0.25595,0.015069
83.23252296447754,0.25637,0.015047
83.2820737361908,0.25736,0.014655
83.33495736122131,0.25827,0.014669
83.38178515434265,0.25915,0.014725
83.43714570999146,0.26131,0.014642
83.48333263397217,0.26205,0.014759
83.54311060905457,0.26197,0.014899
83.59538578987122,0.26299,0.014882
83.64602494239807,0.26491,0.014899
83.69587230682373,0.26507,0.014773
83.74376630783081,0.26579,0.014941
83.79342317581177,0.26709,0.014781
83.84395480155945,0.26917,0.014783
83.89558386802673,0.27003,0.014679
83.94746112823486,0.2708,0.014727
83.99612784385681,0.27096,0.014795
84.04657816886902,0.27208,0.014703
84.0960283279419,0.27307,0.014827
84.14561653137207,0.27384,0.014769
84.20078182220459,0.27488,0.014793
84.24861979484558,0.27691,0.014797
84.30119013786316,0.27808,0.014776
84.3470549583435,0.27888,0.014814
84.39999508857727,0.27869,0.014865
84.45732736587524,0.27979,0.014794
84.50619149208069,0.28096,0.014799
84.55791330337524,0.28197,0.014747
84.60734224319458,0.2828,0.014765
84.66352438926697,0.28381,0.014821
84.71293592453003,0.28576,0.014864
84.76261854171753,0.28667,0.014814
84.81846117973328,0.28728,0.014951
84.87170577049255,0.28771,0.014907
84.92313957214355,0.28869,0.014945
84.97250127792358,0.28957,0.015239
85.021733045578,0.29051,0.015405
85.07690238952637,0.29251,0.015476
85.12702488899231,0.29355,0.015437
85.17645955085754,0.29365,0.016183
85.22606468200684,0.29448,0.015828
85.27425956726074,0.29565,0.016381
85.32774305343628,0.29653,0.018475
85.37542867660522,0.29728,0.017318
85.42663598060608,0.29827,0.018748
85.47968435287476,0.30053,0.020176
85.52786803245544,0.30051,0.020665
85.57694745063782,0.30165,0.021209
85.6284589767456,0.30267,0.021015
85.67815089225769,0.30347,0.019921
85.72978019714355,0.30437,0.021374
85.778564453125,0.30539,0.01735
85.83077454566956,0.30637,0.018904
85.88101291656494,0.30709,0.016645
85.93186044692993,0.30819,0.015525
85.98229837417603,0.30912,0.015435
86.03110909461975,0.31037,0.015009
86.07955384254456,0.31115,0.014763
86.13501453399658,0.31208,0.014913
86.18465900421143,0.31336,0.01506
86.23405075073242,0.31416,0.015025
86.29054999351501,0.3152,0.014805
86.3398756980896,0.31619,0.014767
86.39215636253357,0.31712,0.014848
86.43946862220764,0.31904,0.01547
86.49596977233887,0.029253,0.015667
86.54353785514832,0.027253,0.015234
86.59592628479004,0.03416,0.014872
86.64687323570251,0.033947,0.014781
86.69574046134949,0.037067,0.014678
86.74964022636414,0.039973,0.014543
86.80074834823608,0.043013,0.01454
86.85136795043945,0.045893,0.014675
86.8993992805481,0.048667,0.014734
86.95050144195557,0.051627,0.014748
87.0033118724823,0.05432,0.014652
87.05194973945618,0.05448,0.014735
87.10212588310242,0.059947,0.014491
87.15599179267883,0.06288,0.01491
87.20701861381531,0.065733,0.014822
87.25785875320435,0.068347,0.014865
87.31352281570435,0.071307,0.014826
87.36254262924194,0.07384,0.014889
87.41492581367493,0.076667,0.014789
87.46506834030151,0.07936,0.014858
87.5144248008728,0.08216,0.014749
87.56454610824585,0.08464,0.01473
87.61536383628845,0.08744,0.014795
87.66463351249695,0.090133,0.014833
87.71498584747314,0.092773,0.014872
87.76882529258728,0.095307,0.015002
87.81823110580444,0.09568,0.014874
87.86938238143921,0.10077,0.014743
87.91649317741394,0.10325,0.014937
87.96590566635132,0.10584,0.015073
88.02231979370117,0.10736,0.015102
88.06936454772949,0.10885,0.015045
88.1214509010315,0.10885,0.01516
88.17607259750366,0.11019,0.015158
88.22269296646118,0.11133,0.015359
88.2759006023407,0.11253,0.015374
88.32444596290588,0.11464,0.015379
88.38053631782532,0.11499,0.015382
88.42654323577881,0.11739,0.015363
88.47951149940491,0.11864,0.015533
88.53061389923096,0.11861,0.015527
88.58131194114685,0.11989,0.015501
88.63046407699585,0.1212,0.015314
88.68150186538696,0.12227,0.015182
88.72967028617859,0.12357,0.015405
88.77982378005981,0.12576,0.014995
88.82585859298706,0.12592,0.015025
88.87849521636963,0.12837,0.01447
88.93426084518433,0.12907,0.014762
88.98338294029236,0.12949,0.014624
89.03848719596863,0.13059,0.014328
89.08430290222168,0.13277,0.014201
89.13837099075317,0.13389,0.013945
89.18553233146667,0.13512,0.01404
89.24046874046326,0.13637,0.014005
89.29186987876892,0.1376,0.014154
89.34106516838074,0.13872,0.014143
89.38825416564941,0.13872,0.01421
89.44361472129822,0.13989,0.014423
89.49186277389526,0.14107,0.014549
89.54061579704285,0.14203,0.014566
89.5937569141388,0.14453,0.014542
89.6443862915039,0.14557,0.014551
89.69365215301514,0.14581,0.014605
89.74718308448792,0.14675,0.014435
89.79453539848328,0.14773,0.0148
89.85062098503113,0.14912,0.014861
89.8973925113678,0.15021,0.014843
89.94811725616455,0.15141,0.014898
89.99917483329773,0.15232,0.014857
90.04931092262268,0.15376,0.014858
90.10608458518982,0.15557,0.014778
90.15332293510437,0.15565,0.014713
90.20346713066101,0.15664,0.014783
90.25679922103882,0.15771,0.014677
90.30503416061401,0.16003,0.014737
90.35572814941406,0.15989,0.014735
90.40832781791687,0.16117,0.014809
90.45403742790222,0.16221,0.014702
90.5104022026062,0.16328,0.014767
90.55934858322144,0.16424,0.014729
90.60937881469727,0.16637,0.014867
90.66219639778137,0.16645,0.014685
90.7108154296875,0.16755,0.014654
90.76015615463257,0.16859,0.014704
90.8117105960846,0.16952,0.014834
90.8612744808197,0.17064,0.014797
90.9156744480133,0.17163,0.014916
90.9634370803833,0.17275,0.014886
91.01588201522827,0.17395,0.014954
91.06376719474792,0.17587,0.015024
91.1159200668335,0.17704,0.014728
91.16436266899109,0.17717,0.015013
91.22080874443054,0.17792,0.015072
91.27288103103638,0.17936,0.015135
91.32195591926575,0.18027,0.015353
91.37790036201477,0.18125,0.015505
91.42197585105896,0.18216,0.015809
91.47792887687683,0.18344,0.016226
91.52907156944275,0.18453,0.01619
91.57877373695374,0.18664,0.016387
91.62907481193542,0.18661,0.016254
91.67929220199585,0.18768,0.016313
91.73093700408936,0.18869,0.01575
91.7804958820343,0.18989,0.015981
91.8321464061737,0.19085,0.015787
91.87792897224426,0.19176,0.015636
91.92932844161987,0.19288,0.015265
91.9812331199646,0.19301,0.015377
92.0365195274353,0.19512,0.014791
92.08761835098267,0.19632,0.014217
92.138592004776,0.19707,0.013973
92.18740582466125,0.19808,0.013536
92.23565363883972,0.19901,0.013444
92.28596496582031,0.20011,0.013386
92.34182453155518,0.20131,0.013822
92.3903079032898,0.20112,0.013861
92.44486927986145,0.20317,0.013947
92.49402523040771,0.20424,0.01453
92.54940128326416,0.20525,0.014628
92.60099291801453,0.20613,0.014619
92.65156388282776,0.20709,0.014685
92.7019784450531,0.20811,0.014599
92.74996304512024,0.20931,0.014659
92.79832100868225,0.21035,0.014665
92.85210967063904,0.21109,0.014753
92.89946031570435,0.21213,0.014887
92.95473527908325,0.21333,0.01474
93.00170755386353,0.2144,0.01474
93.04996943473816,0.21531,0.014695
93.10357069969177,0.21512,0.014815
93.15200734138489,0.21752,0.014722
93.20286631584167,0.21845,0.014792
93.25223350524902,0.21941,0.014723
93.30386066436768,0.22003,0.014741
93.35333108901978,0.22131,0.014732
93.40791463851929,0.22229,0.01483
93.46134901046753,0.22323,0.01485
93.51076674461365,0.22429,0.014719
93.56146931648254,0.22443,0.014761
93.6151385307312,0.22517,0.014785
93.66201400756836,0.22749,0.014741
93.71383380889893,0.22845,0.014749
93.7642412185669,0.22931,0.014842
93.81773281097412,0.23043,0.014845
93.86721086502075,0.23141,0.01495
93.9174599647522,0.23235,0.015138
93.97034049034119,0.23224,0.015101
94.0276575088501,0.23424,0.015373
94.07748365402222,0.23515,0.015394
94.12626791000366,0.23635,0.015612
94.17573356628418,0.23739,0.015607
94.22778749465942,0.23837,0.015757
94.27559900283813,0.23933,0.017191
94.33014559745789,0.23928,0.01846
94.37777471542358,0.24059,0.019014
94.43011450767517,0.24117,0.019438
94.47902321815491,0.24227,0.019815
94.52847218513489,0.24437,0.019392
94.57971930503845,0.24525,0.020481
94.63025045394897,0.24629,0.020642
94.68362736701965,0.2472,0.020178
94.73371934890747,0.24723,0.019392
94.78096055984497,0.24837,0.020055
94.83257746696472,0.24917,0.018635
94.88254451751709,0.25096,0.019481
94.93288326263428,0.25208,0.017774
94.98672842979431,0.25307,0.017414
95.04049158096313,0.25408,0.015909
95.08862471580505,0.25424,0.015413
95.13656258583069,0.25531,0.015683
95.1907742023468,0.25603,0.014884
95.2387146949768,0.25821,0.015175
95.28972864151001,0.25813,0.014651
95.33960771560669,0.26005,0.014366
95.39036393165588,0.26024,0.014787
95.44096636772156,0.26104,0.014766
95.492107629776,0.262,0.014891
95.54256176948547,0.26309,0.015004
95.59242153167725,0.26501,0.014809
95.64222359657288,0.26595,0.014895
95.69032740592957,0.26691,0.014994
95.74516582489014,0.26768,0.015034
95.7943103313446,0.26824,0.014867
95.84339308738708,0.26891,0.014845
95.89414381980896,0.26992,0.014742
95.94462943077087,0.27093,0.014841
95.99464869499207,0.27179,0.014869
96.04622745513916,0.27299,0.014841
96.09555268287659,0.27504,0.014795
96.14340019226074,0.27592,0.014826
96.20099329948425,0.27581,0.014813
96.24718594551086,0.27683,0.014823
96.30150389671326,0.27784,0.014801
96.34978246688843,0.27856,0.014883
96.406418800354,0.28067,0.014821
96.45518469810486,0.28077,0.014772
96.50381660461426,0.2816,0.014804
96.55690240859985,0.28259,0.014821
96.6084816455841,0.28357,0.014849
96.65814447402954,0.28461,0.014783
96.70849752426147,0.28587,0.014902
96.76246213912964,0.28688,0.014988
96.81661105155945,0.28776,0.015127
96.86322832107544,0.28872,0.015118
96.91658139228821,0.28957,0.015134
96.96478533744812,0.29067,0.015662
97.01623439788818,0.29157,0.01551
97.0676052570343,0.29195,0.015851
97.11705160140991,0.29384,0.016772
97.16857266426086,0.29456,0.016819
97.21878457069397,0.29541,0.017778
97.27261114120483,0.29635,0.018296
97.32074666023254,0.29744,0.021658
97.3712649345398,0.29851,0.021678
97.42892503738403,0.29947,0.021698
97.47769355773926,0.30035,9.9e+37
97.5290539264679,0.3024,0.021697
97.57597255706787,0.30251,9.9e+37
97.62762999534607,0.30336,9.9e+37
97.68010425567627,0.30451,9.9e+37
97.72678208351135,0.30533,0.021662
97.7811348438263,0.30637,0.019132
97.82818984985352,0.30733,0.019154
97.88072419166565,0.30835,0.017818
97.92982769012451,0.30923,0.015131
97.98054361343384,0.31115,0.015069
98.03049969673157,0.31131,0.014654
98.08655381202698,0.31213,0.014579
98.13458609580994,0.31296,0.014457
98.18791103363037,0.31309,0.015061
98.23660850524902,0.31523,0.015018
98.28527617454529,0.31507,0.014797
98.33797550201416,0.31605,0.014851
98.38749384880066,0.31885,0.014904
98.43763399124146,0.02832,0.015263
98.48896288871765,0.02904,0.015065
98.53956270217896,0.03128,0.01487
98.59239983558655,0.03408,0.014697
98.64061188697815,0.033893,0.014744
98.68838500976562,0.039733,0.014713
98.74064326286316,0.04288,0.014684
98.79023361206055,0.043067,0.014714
98.84020185470581,0.04864,0.014678
98.89415431022644,0.04864,0.014764
98.94432330131531,0.051467,0.014778
98.99387812614441,0.054213,0.014702
99.04300856590271,0.057253,0.014714
99.09321331977844,0.062907,0.014823
99.14470028877258,0.0656,0.014627
99.19682121276855,0.06808,0.014808
99.24495363235474,0.071093,0.014814
99.29549717903137,0.070987,0.014763
99.34539198875427,0.073893,0.014791
99.39576172828674,0.079387,0.014782
99.4470477104187,0.0796,0.014727
99.50400257110596,0.08488,0.014804
99.55377101898193,0.08728,0.014891
99.60106921195984,0.09008,0.014835
99.65696334838867,0.09008,0.014857
99.70757913589478,0.092533,0.014807
99.75440430641174,0.09552,0.014872
99.80552625656128,0.10061,0.014843
99.86186528205872,0.10317,0.014983
99.91264963150024,0.10608,0.014926
99.963782787323,0.10723,0.015036
100.01034832000732,0.10731,0.015009
100.06215453147888,0.10864,0.015056
100.11577200889587,0.10984,0.015235
100.16537857055664,0.11112,0.015193
100.21549272537231,0.11227,0.015166
100.26274752616882,0.11477,0.015029
100.31847929954529,0.11605,0.015158
100.36656832695007,0.11744,0.015187
100.4190149307251,0.11733,0.015005
100.46683716773987,0.11861,0.015335
100.5163803100586,0.12003,0.015184
100.56913757324219,0.12243,0.015252
100.6184241771698,0.1236,0.014994
100.66929745674133,0.12339,0.015007
100.71919178962708,0.12493,0.014978
100.76941728591919,0.12595,0.014639
100.81988978385925,0.12715,0.014625
100.87296772003174,0.12829,0.014659
100.92310428619385,0.12947,0.014445
100.97631621360779,0.13056,0.014409
101.02654314041138,0.13312,0.01423
101.07690167427063,0.13315,0.01424
101.1225688457489,0.13432,0.014146
101.17729449272156,0.13536,0.014157
101.22618341445923,0.13688,0.014421
101.27427744865417,0.13885,0.014317
101.3253071308136,0.13872,0.014232
101.37680053710938,0.13997,0.014299
101.42965912818909,0.14107,0.014485
101.47822451591492,0.14216,0.014366
101.52652359008789,0.14467,0.014395
101.58042860031128,0.14461,0.01447
101.6327428817749,0.14563,0.014356
101.68210530281067,0.14688,0.014583
101.73287320137024,0.14779,0.014704
101.78292798995972,0.14891,0.014562
101.8305172920227,0.15027,0.014563
101.88245010375977,0.15133,0.01485
101.93808221817017,0.15232,0.014729
101.98719120025635,0.15341,0.014815
102.0334062576294,0.15485,0.014733
102.08669352531433,0.15587,0.014813
102.13553500175476,0.15597,0.014754
102.18695044517517,0.15803,0.014709
102.23912262916565,0.15909,0.014747
102.28898191452026,0.16027,0.014879
102.33972072601318,0.16117,0.014782
102.39039587974548,0.16243,0.014893
102.43987584114075,0.16349,0.0148
102.48819780349731,0.16448,0.014738
102.53912591934204,0.16576,0.014536
102.59290671348572,0.16557,0.014585
102.64225387573242,0.16677,0.014618
102.69818019866943,0.16867,0.01455
102.74601912498474,0.16984,0.014717
102.79739618301392,0.16987,0.014738
102.8470811843872,0.17197,0.014862
102.89712309837341,0.17211,0.014857
102.94903039932251,0.1732,0.014873
103.00553822517395,0.17525,0.014993
103.0497784614563,0.17629,0.014884
103.10533738136292,0.17723,0.01497
103.155690908432,0.17835,0.014909
103.20571041107178,0.17835,0.014941
103.25256776809692,0.17941,0.014969
103.30540561676025,0.18067,0.015082
103.35866618156433,0.18235,0.015179
103.40526962280273,0.18357,0.01536
103.4621353149414,0.1848,0.015318
103.50797891616821,0.18563,0.015873
103.56229710578918,0.18576,0.015706
103.61119151115417,0.18685,0.015787
103.66098308563232,0.18771,0.016063
103.71359992027283,0.18984,0.015612
103.7619469165802,0.19085,0.015816
103.81496500968933,0.19091,0.01537
103.86393642425537,0.1928,0.015326
103.91405081748962,0.19304,0.015081
103.96621251106262,0.19501,0.014619
104.01397728919983,0.19493,0.014502
104.06280183792114,0.19597,0.013805
104.1154088973999,0.19704,0.013812
104.16811871528625,0.19944,0.013684
104.2148962020874,0.20021,0.01348
104.26884317398071,0.20117,0.013868
104.31667280197144,0.20115,0.014224
104.3658754825592,0.20237,0.014276
104.41920351982117,0.20333,0.014588
104.47132182121277,0.20541,0.014469
104.52131271362305,0.20643,0.014434
104.56826567649841,0.20645,0.014544
104.62059736251831,0.20741,0.01455
104.67308950424194,0.20853,0.014586
104.72044587135315,0.20931,0.014599
104.76947617530823,0.21024,0.014751
104.82283544540405,0.2124,0.014827
104.87367677688599,0.21235,0.014751
104.92138695716858,0.21341,0.014885
104.97335839271545,0.21432,0.014856
105.02465772628784,0.21557,0.014593
105.0725610256195,0.21653,0.014729
105.12541890144348,0.21739,0.014643
105.17538714408875,0.21848,0.014747
105.22678804397583,0.22051,0.014784
105.27788662910461,0.22045,0.014861
105.32857465744019,0.22152,0.014671
105.37514734268188,0.22224,0.014792
105.42627453804016,0.22331,0.014707
105.4790666103363,0.22443,0.014753
105.52884840965271,0.22541,0.014758
105.57886362075806,0.22749,0.014701
105.62880778312683,0.22725,0.014772
105.67939829826355,0.22832,0.014662
105.73307800292969,0.22944,0.014779
105.7838704586029,0.23045,0.014903
105.83152747154236,0.23141,0.014881
105.88446617126465,0.23237,0.015102
105.93062329292297,0.23344,0.015245
105.98729705810547,0.23437,0.015202
106.0352087020874,0.23549,0.015544
106.08440279960632,0.23629,0.015391
106.1370370388031,0.23733,0.015674
106.18831491470337,0.23816,0.016089
106.23671460151672,0.23925,0.016994
106.29074668884277,0.24024,0.018093
106.34278917312622,0.24115,0.018585
106.38919520378113,0.2424,0.018657
106.4425163269043,0.24317,0.019202
106.49129056930542,0.24427,0.0197
106.54012513160706,0.24525,0.020407
106.5951919555664,0.24632,0.02086
106.641845703125,0.24728,0.020841
106.69495368003845,0.24824,0.020403
106.74517273902893,0.24936,0.020408
106.79162096977234,0.25021,0.019866
106.84518337249756,0.25125,0.020108
106.89697766304016,0.25229,0.019841
106.94850707054138,0.2532,0.017205
106.99716854095459,0.25416,0.016779
107.04800271987915,0.25512,0.017715
107.09834599494934,0.25608,0.015903
107.14630079269409,0.2568,0.015413
107.19709420204163,0.25715,0.01446
107.24563932418823,0.25901,0.014449
107.30308938026428,0.25899,0.014389
107.3531448841095,0.25997,0.014816
107.40342259407043,0.26189,0.014963
107.45218777656555,0.26299,0.014967
107.50647044181824,0.26376,0.014967
107.55523943901062,0.26469,0.014858
107.606449842453,0.26571,0.01496
107.65868616104126,0.26603,0.014887
107.70940256118774,0.26691,0.014896
107.75803232192993,0.26789,0.014812
107.80731844902039,0.26875,0.014988
107.85892581939697,0.26973,0.014922
107.90885639190674,0.27176,0.014838
107.95962762832642,0.27261,0.015016
108.01121377944946,0.27259,0.014956
108.0586907863617,0.27475,0.014448
108.10888361930847,0.27573,0.014671
108.1652889251709,0.27592,0.014787
108.21325349807739,0.27699,0.014832
108.26283407211304,0.27792,0.014806
108.31854462623596,0.27869,0.014745
108.36686873435974,0.27952,0.014827
108.41350960731506,0.28139,0.014797
108.4700996875763,0.28259,0.014845
108.5178542137146,0.28269,0.014894
108.56947422027588,0.28365,0.014832
108.61858701705933,0.28437,0.014931
108.67284965515137,0.28637,0.014864
108.72354817390442,0.28763,0.014823
108.77236914634705,0.28845,0.01502
108.83206868171692,0.28859,0.015217
108.88096189498901,0.28931,0.015379
108.92872834205627,0.29051,0.015237
108.99013566970825,0.29152,0.015641
109.0426971912384,0.29333,0.016684
109.09084010124207,0.29437,0.017382
109.1440200805664,0.29432,0.017778
109.19600081443787,0.29544,0.021666
109.24952411651611,0.29637,0.021697
109.30059885978699,0.29755,0.021642
109.34865474700928,0.29829,9.9e+37
109.4009702205658,0.30029,9.9e+37
109.45343446731567,0.30128,9.9e+37
109.5050835609436,0.30261,9.9e+37
109.55352878570557,0.3024,9.9e+37
109.60495448112488,0.30349,9.9e+37
109.65360569953918,0.30443,0.021698
109.70640468597412,0.30528,9.9e+37
109.754647731781,0.30648,0.02168
109.80727052688599,0.30736,0.021539
109.8559353351593,0.30936,0.021314
109.90551590919495,0.31024,0.019557
109.95430326461792,0.31016,0.017895
110.00822806358337,0.31117,0.014511
110.05413675308228,0.31232,0.014523
110.10685873031616,0.31323,0.014763
110.15695238113403,0.31408,0.014733
110.21033954620361,0.31616,0.014982
110.25873565673828,0.31616,0.014939
110.30873990058899,0.31707,0.014869
110.36017870903015,0.31875,0.015313
110.41212391853333,0.027387,0.014848
110.45899200439453,0.029147,0.014935
110.513352394104,0.031067,0.014858
110.56167435646057,0.033947,0.014702
110.61588096618652,0.036933,0.014611
110.66141200065613,0.039733,0.014595
110.71809792518616,0.04264,0.014619
110.76583242416382,0.045493,0.014685
110.81943774223328,0.0484,0.014665
110.86893081665039,0.05144,0.014671
110.91891717910767,0.054027,0.014536
110.97023725509644,0.056907,0.014512
111.02091431617737,0.057227,0.01494
111.07307028770447,0.062427,0.014805
111.12287259101868,0.06824,0.014748
111.17190265655518,0.06824,0.014623
111.22779393196106,0.070987,0.014816
111.27694463729858,0.073627,0.014774
111.32428550720215,0.076267,0.014744
111.3813784122467,0.0764,0.014702
111.43044447898865,0.081813,0.014683
111.4771785736084,0.084453,0.014631
111.53105926513672,0.087067,0.014809
111.58000588417053,0.089653,0.014866
111.63111972808838,0.09248,0.014747
111.680415391922,0.094987,0.014795
111.73156070709229,0.097813,0.014743
111.78532433509827,0.098053,0.01489
111.83671736717224,0.10317,0.014894
111.8856258392334,0.10571,0.014897
111.93602418899536,0.10725,0.014855
111.98546504974365,0.10853,0.014922
112.0343246459961,0.10968,0.014997
112.08707737922668,0.11125,0.014984
112.13931727409363,0.11203,0.015028
112.18634986877441,0.1136,0.015026
112.23865151405334,0.11357,0.014925
112.29245948791504,0.11608,0.014971
112.34584546089172,0.11725,0.014932
112.39424872398376,0.11843,0.014873
112.44344091415405,0.11947,0.014842
112.49499893188477,0.12088,0.014821
112.54614567756653,0.12192,0.014917
112.59665703773499,0.12336,0.014793
112.649001121521,0.12451,0.014731
112.7075629234314,0.12565,0.014646
112.75626015663147,0.12688,0.014563
112.80768775939941,0.12827,0.014474
112.85863780975342,0.12824,0.014449
112.90659928321838,0.13056,0.014422
112.95615649223328,0.13171,0.014386
113.00743961334229,0.13293,0.014337
113.06168484687805,0.13403,0.014213
113.11395001411438,0.13528,0.014187
113.16200804710388,0.13635,0.014363
113.21386313438416,0.13744,0.014352
113.26880502700806,0.13853,0.014358
113.31779742240906,0.13856,0.014462
113.36496186256409,0.1408,0.014423
113.41846132278442,0.14208,0.014493
113.47161436080933,0.14333,0.014369
113.52208209037781,0.14435,0.014346
113.56820344924927,0.14555,0.014441
113.62352347373962,0.14656,0.014411
113.67251229286194,0.14771,0.014522
113.72240424156189,0.14787,0.014617
113.7711341381073,0.14992,0.014669
113.82388806343079,0.15136,0.014917
113.875084400177,0.15117,0.014761
113.92413830757141,0.15331,0.014733
113.97854208946228,0.15443,0.014759
114.03219556808472,0.15547,0.014883
114.08715152740479,0.15677,0.014732
114.13416242599487,0.15787,0.01467
114.18669080734253,0.15877,0.014629
114.23279023170471,0.15997,0.014675
114.2854630947113,0.16104,0.014775
114.33692479133606,0.162,0.014732
114.38396263122559,0.16213,0.014767
114.43748092651367,0.16411,0.014682
114.48880052566528,0.16515,0.014617
114.53712463378906,0.16643,0.014579
114.58897876739502,0.16757,0.014713
114.6405918598175,0.16872,0.014413
114.68909907341003,0.1696,0.014701
114.74033617973328,0.17061,0.014562
114.78778266906738,0.17173,0.014718
114.84167885780334,0.17187,0.014741
114.88895153999329,0.17395,0.014738
114.94142198562622,0.17509,0.014725
114.9961633682251,0.17605,0.014813
115.04822063446045,0.17611,0.014875
115.09582710266113,0.17808,0.014654
115.15490055084229,0.17805,0.014847
115.2056896686554,0.18021,0.01483
115.25434446334839,0.18117,0.01477
115.30312037467957,0.18224,0.014686
115.3551173210144,0.18339,0.015032
115.40488934516907,0.18443,0.015098
115.45612144470215,0.18445,0.015252
115.50663614273071,0.18653,0.015315
115.55871605873108,0.18757,0.015444
115.60807991027832,0.18832,0.015197
115.65691447257996,0.18864,0.015461
115.70862054824829,0.18979,0.015312
115.75982213020325,0.19053,0.01491
115.8099582195282,0.19171,0.015011
115.86487460136414,0.19277,0.014363
115.91497731208801,0.19475,0.014656
115.96487522125244,0.19579,0.014542
116.01541447639465,0.19677,0.014028
116.06367111206055,0.19763,0.014049
116.11683630943298,0.19909,0.014055
116.16304969787598,0.19901,0.014158
116.215980052948,0.19973,0.014167
116.26355385780334,0.2008,0.014293
116.31750702857971,0.20203,0.014384
116.36620664596558,0.20296,0.014377
116.41794991493225,0.20413,0.014522
116.47366619110107,0.20507,0.01457
116.52212166786194,0.20616,0.014421
116.57259368896484,0.20701,0.014601
116.6249029636383,0.20805,0.014611
116.6737904548645,0.20888,0.014606
116.72496628761292,0.21027,0.014803
116.77293539047241,0.21096,0.014818
116.82445025444031,0.21205,0.014774
116.87456154823303,0.21315,0.014768
116.926034450531,0.21403,0.014676
116.97442173957825,0.21491,0.014733
117.02473449707031,0.21605,0.014732
117.07759690284729,0.21717,0.014686
117.1258659362793,0.21805,0.014759
117.17781329154968,0.21917,0.014646
117.2309057712555,0.22,0.014667
117.27765369415283,0.22117,0.014735
117.33094906806946,0.22208,0.014762
117.38078761100769,0.22307,0.014639
117.43065690994263,0.22397,0.014701
117.48342657089233,0.22424,0.014773
117.53342938423157,0.22632,0.014798
117.58453226089478,0.22715,0.014681
117.63809728622437,0.22837,0.014832
117.68658447265625,0.2292,0.014751
117.7372658252716,0.23016,0.014843
117.78620672225952,0.23125,0.014925
117.84070539474487,0.23197,0.014948
117.8908531665802,0.232,0.015039
117.94164276123047,0.23411,0.015225
117.98800873756409,0.23512,0.015104
118.04732656478882,0.23621,0.01545
118.09622192382812,0.23717,0.015732
118.15008997917175,0.23829,0.016288
118.19979596138,0.23901,0.016584
118.24951148033142,0.24011,0.016985
118.29957962036133,0.24112,0.017292
118.35103273391724,0.242,0.019367
118.3983302116394,0.24309,0.019114
118.45092844963074,0.24307,0.019413
118.49921488761902,0.24413,0.019859
118.55030107498169,0.24613,0.019781
118.60485982894897,0.24691,0.020111
118.65353465080261,0.24816,0.020153
118.70476865768433,0.24912,0.019984
118.75126647949219,0.24987,0.018942
118.80651211738586,0.25101,0.018208
118.85460090637207,0.25187,0.017402
118.90603542327881,0.25296,0.01673
118.95663571357727,0.25395,0.01644
119.00728416442871,0.25504,0.015677
119.05538558959961,0.25597,0.014742
119.10697603225708,0.25683,0.014308
119.15846610069275,0.25808,0.014241
119.20738554000854,0.25795,0.014408
119.25965547561646,0.25891,0.014524
119.30763792991638,0.26099,0.01501
119.36279296875,0.26192,0.014906
119.41297364234924,0.26291,0.014832
119.46274423599243,0.26363,0.014884
119.51560735702515,0.26485,0.014919
119.56479334831238,0.26485,0.014891
119.61846494674683,0.26672,0.015002
119.67014837265015,0.26789,0.015061
119.7180404663086,0.26869,0.01491
119.77366209030151,0.26864,0.014801
119.82282137870789,0.26989,0.014789
119.8778395652771,0.27155,0.014763
119.92826628684998,0.27277,0.01487
119.97568559646606,0.27376,0.014902
120.02612972259521,0.27448,0.014681
120.07476568222046,0.27573,0.014806
120.12318253517151,0.2756,0.014826
120.18477177619934,0.27677,0.014831
120.23382186889648,0.27859,0.014873
120.28472018241882,0.27949,0.014855
120.33734202384949,0.28048,0.014814
120.38606119155884,0.28149,0.014826
120.43390989303589,0.28147,0.014731
120.4849021434784,0.28256,0.014842
120.53767538070679,0.28461,0.014824
120.59162902832031,0.28443,0.015076
120.63933658599854,0.28541,0.014905
120.69419050216675,0.2876,0.014992
120.74125623703003,0.28845,0.015158
120.79288649559021,0.28947,0.015018
120.84396624565125,0.29029,0.015146
120.89330244064331,0.29139,0.016171
120.94598627090454,0.29216,0.016226
121.00069952011108,0.29229,0.017043
121.05238151550293,0.29328,0.019015
121.10180521011353,0.29421,0.019866
121.14961433410645,0.29648,0.021623
121.20137810707092,0.29715,0.021697
121.25493097305298,0.29827,9.9e+37
121.30263185501099,0.29925,9.9e+37
121.35157299041748,0.30037,9.9e+37
121.4041097164154,0.30019,9.9e+37
121.45741486549377,0.30109,9.9e+37
121.50470733642578,0.30224,9.9e+37
121.5581157207489,0.30408,9.9e+37
121.60507035255432,0.30531,9.9e+37
121.65758156776428,0.30616,0.021698
121.70729851722717,0.3072,0.021698
121.75691723823547,0.30707,0.020859
121.80938363075256,0.30816,0.020206
121.85634899139404,0.30907,0.017369
121.90985178947449,0.31093,0.017411
121.95853996276855,0.31123,0.016697
122.00732088088989,0.31227,0.01387
122.0561351776123,0.31309,0.01441
122.11310696601868,0.31405,0.014652
122.16106128692627,0.31605,0.014848
122.21189856529236,0.316,0.014986
122.26113533973694,0.31688,0.014858
122.31138014793396,0.31853,0.014348
122.36357498168945,0.027733,0.014831
122.4166271686554,0.028533,0.014855
122.4654107093811,0.033493,0.014665
122.51502132415771,0.033573,0.014654
122.56616187095642,0.036453,0.014631
122.61823320388794,0.03944,0.014591
122.6653196811676,0.042427,0.014706
122.71689057350159,0.04528,0.014767
122.77190375328064,0.04824,0.01463
122.8206992149353,0.053733,0.014824
122.86821126937866,0.05384,0.014851
122.91898560523987,0.056587,0.014782
122.97236943244934,0.057013,0.014795
123.02748274803162,0.059547,0.014858
123.07417035102844,0.067813,0.014815
123.12543392181396,0.068027,0.014805
123.1777982711792,0.07072,0.014839
123.22527575492859,0.073253,0.014845
123.27694296836853,0.07616,0.014793
123.32649874687195,0.079013,0.014765
123.37600374221802,0.081653,0.014845
123.42809772491455,0.0844,0.014695
123.47795701026917,0.08704,0.014349
123.53321528434753,0.089573,0.0147
123.57994270324707,0.092347,0.014861
123.63168859481812,0.092347,0.014773
123.68579506874084,0.09752,0.014939
123.73433303833008,0.1016,0.014783
123.78643226623535,0.10296,0.014859
123.83391308784485,0.1056,0.014866
123.88365960121155,0.10715,0.014884
123.94188165664673,0.10843,0.014962
123.9931960105896,0.10949,0.014923
124.04210162162781,0.11099,0.014983
124.09072017669678,0.11211,0.014924
124.14522576332092,0.11333,0.014865
124.19416952133179,0.11464,0.014839
124.25218987464905,0.11592,0.014845
124.30147647857666,0.11736,0.014866
124.35234689712524,0.11707,0.014747
124.40108847618103,0.11984,0.014815
124.44818758964539,0.1208,0.014717
124.49898743629456,0.12203,0.014641
124.55183243751526,0.12296,0.014658
124.60450053215027,0.12408,0.014471
124.65319013595581,0.12453,0.014536
124.70513105392456,0.12677,0.014379
124.75404667854309,0.12691,0.014397
124.80342364311218,0.12795,0.014193
124.85900020599365,0.1304,0.014334
124.91241121292114,0.13147,0.014305
124.96184635162354,0.13251,0.014356
125.01161336898804,0.13395,0.014247
125.06012964248657,0.13509,0.014361
125.11358833312988,0.13619,0.014271
125.16260266304016,0.13637,0.014332
125.20884108543396,0.13757,0.014341
125.26592969894409,0.13864,0.014327
125.31222748756409,0.14088,0.014433
125.36373996734619,0.14203,0.014375
125.41447377204895,0.14328,0.014339
125.46608281135559,0.14432,0.014465
125.51958012580872,0.14552,0.01438
125.56986713409424,0.14549,0.014503
125.61959052085876,0.14659,0.014564
125.66485619544983,0.14856,0.014765
125.72009468078613,0.15,0.014589
125.77157211303711,0.15109,0.014771
125.8263475894928,0.15219,0.014796
125.87991452217102,0.15328,0.014727
125.93345665931702,0.15432,0.014782
125.98219275474548,0.15448,0.01465
126.03177976608276,0.15555,0.014755
126.0821704864502,0.15765,0.014794
126.13144659996033,0.15867,0.014735
126.18261528015137,0.15992,0.014592
126.2308599948883,0.16109,0.01478
126.28233194351196,0.16208,0.014689
126.3328058719635,0.16203,0.014654
126.38441109657288,0.16349,0.014611
126.43367147445679,0.16416,0.014587
126.48812627792358,0.16648,0.014612
126.5369644165039,0.16784,0.01455
126.59269165992737,0.16765,0.014522
126.63978409767151,0.16869,0.014451
126.69154191017151,0.17061,0.014592
126.7445273399353,0.17152,0.014734
126.79200339317322,0.17291,0.014639
126.84352207183838,0.17389,0.014647
126.89553642272949,0.17395,0.01481
126.94516134262085,0.17496,0.014757
126.996408700943,0.17605,0.014685
127.04536128044128,0.17701,0.014837
127.09319949150085,0.17923,0.014831
127.1477587223053,0.17933,0.014779
127.1961259841919,0.18125,0.014687
127.24627590179443,0.18123,0.014566
127.29724144935608,0.18248,0.014639
127.35242629051208,0.18459,0.014614
127.40276336669922,0.18557,0.014755
127.45212769508362,0.18648,0.014691
127.50207901000977,0.1864,0.014455
127.55803537368774,0.18861,0.014731
127.60814452171326,0.18973,0.014517
127.65655899047852,0.18976,0.014629
127.70805048942566,0.19064,0.014544
127.75847887992859,0.19176,0.01469
127.80903697013855,0.19371,0.014523
127.85756731033325,0.19467,0.014402
127.91044759750366,0.19592,0.014238
127.95639371871948,0.19581,0.014149
128.00595617294312,0.19693,0.014037
128.05990886688232,0.198,0.014135
128.11027908325195,0.19891,0.014299
128.1594398021698,0.19997,0.014239
128.2099370956421,0.20101,0.014174
128.26057863235474,0.20304,0.014315
128.3116159439087,0.20299,0.014504
128.35870504379272,0.20397,0.014347
128.41279458999634,0.20493,0.014399
128.4609568119049,0.20613,0.014651
128.51107215881348,0.20707,0.01461
128.56215476989746,0.20797,0.014595
128.61097741127014,0.20888,0.014551
128.66303896903992,0.21011,0.014778
128.71298360824585,0.2112,0.014848
128.76564145088196,0.21243,0.014803
128.81682324409485,0.21317,0.014783
128.86599040031433,0.21437,0.014764
128.9146900177002,0.21509,0.014767
128.96446871757507,0.21517,0.014801
129.01713871955872,0.21709,0.014747
129.068745136261,0.21715,0.01483
129.11651062965393,0.21821,0.014609
129.17029547691345,0.22003,0.014738
129.2191982269287,0.22107,0.014686
129.2689619064331,0.22219,0.014762
129.3193004131317,0.22325,0.014781
129.37114930152893,0.22419,0.014834
129.4206783771515,0.22416,0.01474
129.47076058387756,0.22515,0.014852
129.51947832107544,0.22603,0.014585
129.57117414474487,0.22797,0.014581
129.61946845054626,0.22923,0.014726
129.67437291145325,0.23011,0.014754
129.72528553009033,0.23029,0.014812
129.7746603488922,0.23104,0.014747
129.82240438461304,0.23208,0.014822
129.87722611427307,0.23424,0.014808
129.92424082756042,0.23517,0.015047
129.97617745399475,0.23525,0.01508
130.03085827827454,0.23627,0.015221
130.08194708824158,0.23728,0.015526
130.13048219680786,0.23813,0.015267
130.1818470954895,0.24013,0.015701
130.23275542259216,0.2412,0.016498
130.28510785102844,0.24112,0.017076
130.33401679992676,0.24325,0.017457
130.39023637771606,0.24296,0.017438
130.43830823898315,0.24387,0.018762
130.4911551475525,0.24491,0.019161
130.54305958747864,0.24611,0.018575
130.59267663955688,0.248,0.019114
130.6427023410797,0.24883,0.018711
130.69078159332275,0.25008,0.018059
130.73971247673035,0.25107,0.018538
130.79541635513306,0.25104,0.016758
130.84306597709656,0.252,0.015797
130.8934292793274,0.25307,0.015939
130.94603967666626,0.25507,0.015038
130.99440169334412,0.25501,0.014719
131.04526829719543,0.25701,0.014519
131.09396290779114,0.25707,0.014377
131.14741778373718,0.25784,0.014453
131.1952486038208,0.25931,0.014897
131.2469916343689,0.26003,0.014985
131.29442143440247,0.262,0.014937
131.34877681732178,0.26184,0.014924
131.39735341072083,0.26317,0.014854
131.44625282287598,0.264,0.01472
131.49910616874695,0.26488,0.014853
131.55101370811462,0.26595,0.014553
131.60060858726501,0.26699,0.014913
131.64889478683472,0.26797,0.01487
131.70250582695007,0.26885,0.014712
131.75075554847717,0.27075,0.014824
131.80319142341614,0.27072,0.014875
131.8503453731537,0.27184,0.014883
131.89834594726562,0.27264,0.014888
131.95210695266724,0.27365,0.014716
132.0080485343933,0.27477,0.014882
132.05722618103027,0.27579,0.014906
132.10564136505127,0.27669,0.014806
132.15597867965698,0.27885,0.01463
132.21070170402527,0.27843,0.014786
132.25967502593994,0.2796,0.014873
132.31063556671143,0.28048,0.014951
132.36225271224976,0.28144,0.014821
132.4139575958252,0.28157,0.014848
132.46441984176636,0.28336,0.01482
132.51323413848877,0.28533,0.014843
132.5634307861328,0.28541,0.014803
132.615571975708,0.28645,0.01495
132.66532850265503,0.28752,0.015115
132.71366786956787,0.28845,0.01524
132.76578736305237,0.28949,0.015193
132.8138108253479,0.29037,0.015196
132.86328053474426,0.2916,0.015612
132.91618704795837,0.2916,0.01593
132.97017288208008,0.29307,0.016406
133.0212070941925,0.29424,0.01693
133.06900691986084,0.29533,0.018696
133.12194800376892,0.29632,0.019881
133.16844487190247,0.29733,0.021441
133.22067642211914,0.29824,0.021695
133.2721049785614,0.29843,0.021698
133.32418847084045,0.29939,9.9e+37
133.3696904182434,0.30019,9.9e+37
133.4225103855133,0.30235,9.9e+37
133.47138381004333,0.30317,9.9e+37
133.52535009384155,0.30421,0.021698
133.5743384361267,0.30525,0.021697
133.6216230392456,0.30613,0.02167
133.673091173172,0.30712,0.021693
133.7249743938446,0.30813,0.021692
133.77918338775635,0.30899,0.019485
133.82614827156067,0.31011,0.016283
133.87861967086792,0.31083,0.015318
133.928138256073,0.31104,0.013828
133.98129796981812,0.31304,0.014131
134.03197240829468,0.31384,0.013925
134.08336782455444,0.31517,0.01473
134.13368844985962,0.31589,0.015062
134.18223571777344,0.31712,0.015023
134.23202061653137,0.31861,0.014889
134.28343439102173,0.31859,0.014808
134.33400464057922,0.026507,0.014788
134.38621544837952,0.028,0.014875
134.434992313385,0.030827,0.014753
134.48546743392944,0.033467,0.014784
134.53269457817078,0.039307,0.014518
134.58517336845398,0.042347,0.014637
134.63490653038025,0.042507,0.01474
134.68666768074036,0.0452,0.01468
134.7372477054596,0.048053,0.014609
134.78685975074768,0.051093,0.014794
134.83808851242065,0.054,0.014794
134.89021754264832,0.05944,0.014824
134.93985795974731,0.0624,0.014807
134.9893922805786,0.0624,0.014737
135.03928065299988,0.064933,0.014878
135.08757162094116,0.067893,0.014647
135.1416575908661,0.070453,0.014992
135.18931531906128,0.073333,0.014835
135.2401397228241,0.07608,0.014844
135.2941596508026,0.079093,0.014671
135.3418526649475,0.081733,0.014825
135.3922142982483,0.084293,0.014735
135.44641613960266,0.086933,0.014666
135.49313068389893,0.089573,0.014863
135.54893469810486,0.092267,0.014737
135.59705471992493,0.094853,0.014782
135.64770770072937,0.097467,0.014719
135.69845175743103,0.10016,0.014619
135.74787044525146,0.10253,0.014814
135.7985498905182,0.10555,0.015063
135.8473401069641,0.10712,0.01491
135.9009120464325,0.10733,0.014949
135.9515836238861,0.10861,0.014946
135.99912357330322,0.10989,0.014682
136.0529601573944,0.11107,0.014856
136.1028401851654,0.11368,0.014912
136.15184140205383,0.11507,0.014741
136.20227193832397,0.11605,0.01487
136.25505709648132,0.11728,0.01486
136.30343627929688,0.11843,0.014783
136.35334300994873,0.11971,0.014639
136.40263676643372,0.12112,0.014571
136.45804858207703,0.12091,0.014615
136.50432562828064,0.12347,0.014441
136.5596101284027,0.12461,0.014429
136.6056685447693,0.12581,0.014392
136.66114258766174,0.12691,0.014289
136.71074843406677,0.12787,0.014338
136.7591416835785,0.12792,0.014253
136.81228232383728,0.13037,0.014211
136.86082291603088,0.13181,0.014216
136.90955471992493,0.13269,0.014304
136.96174001693726,0.13384,0.014208
137.01482605934143,0.13507,0.014279
137.06308698654175,0.13635,0.014398
137.11348295211792,0.13765,0.014208
137.16397213935852,0.13851,0.014339
137.21434473991394,0.13837,0.014287
137.26500153541565,0.14091,0.013969
137.31573271751404,0.14187,0.014414
137.36590695381165,0.14299,0.014473
137.41613364219666,0.14416,0.014395
137.46807146072388,0.14461,0.014578
137.51586604118347,0.14624,0.014578
137.56720280647278,0.14653,0.014786
137.61526226997375,0.14773,0.014705
137.6700439453125,0.14981,0.01475
137.72040510177612,0.15083,0.014683
137.76727390289307,0.15197,0.014766
137.8189558982849,0.15299,0.014778
137.86727118492126,0.15339,0.014799
137.9203863143921,0.15435,0.014777
137.9734010696411,0.15533,0.014709
138.0241780281067,0.15656,0.014719
138.07597541809082,0.15869,0.014636
138.12887001037598,0.15987,0.014767
138.18047046661377,0.16075,0.014859
138.22841119766235,0.16091,0.014795
138.27899956703186,0.16219,0.01451
138.33143782615662,0.16309,0.014615
138.37826585769653,0.16421,0.014688
138.42843961715698,0.16528,0.014599
138.4809446334839,0.16624,0.014481
138.53353476524353,0.16837,0.014466
138.58130145072937,0.16968,0.014587
138.63299989700317,0.17072,0.014625
138.68084287643433,0.17075,0.014579
138.73401594161987,0.1716,0.014762
138.78217768669128,0.17288,0.014786
138.8332164287567,0.17371,0.014923
138.88500261306763,0.17488,0.014898
138.9323787689209,0.17704,0.01469
138.98507404327393,0.17819,0.014777
139.03405380249023,0.17824,0.014918
139.08520531654358,0.17915,0.01456
139.1390025615692,0.18011,0.014552
139.18788266181946,0.18133,0.01464
139.2380940914154,0.1812,0.014414
139.2884659767151,0.18333,0.014543
139.33854055404663,0.18435,0.014294
139.38795924186707,0.18541,0.014302
139.43837022781372,0.18632,0.014244
139.4852831363678,0.18749,0.014329
139.53810477256775,0.18853,0.014192
139.5899155139923,0.18957,0.014111
139.64844822883606,0.19059,0.014185
139.69738507270813,0.19269,0.014314
139.74921321868896,0.19283,0.014157
139.79641032218933,0.19373,0.014009
139.84610247612,0.19467,0.014201
139.89677715301514,0.19576,0.014049
139.95113110542297,0.19672,0.014151
139.9982168674469,0.19789,0.014216
140.04914832115173,0.19883,0.014201
140.10572576522827,0.19979,0.014389
140.15399312973022,0.20088,0.014321
140.20436024665833,0.202,0.014447
140.26201033592224,0.20304,0.014396
140.3117561340332,0.20381,0.014307
140.3620204925537,0.20504,0.014453
140.4131007194519,0.20603,0.014493
140.46409249305725,0.20704,0.014668
140.51105904579163,0.20792,0.014632
140.56347155570984,0.20805,0.014882
140.61368370056152,0.21005,0.014803
140.66497039794922,0.21192,0.014866
140.71083736419678,0.21197,0.014829
140.7634255886078,0.21301,0.014797
140.81399297714233,0.21411,0.014716
140.86719179153442,0.21501,0.014765
140.918470621109,0.21627,0.014673
140.966206073761,0.21696,0.014716
141.01943016052246,0.21819,0.014713
141.0658085346222,0.2192,0.01467
141.1220302581787,0.22005,0.01464
141.16846561431885,0.22125,0.014719
141.22130918502808,0.22224,0.014716
141.27210593223572,0.2232,0.014557
141.32111644744873,0.22325,0.014745
141.3721125125885,0.22517,0.014742
141.42705988883972,0.22589,0.014709
141.47795391082764,0.22717,0.014679
141.52632641792297,0.22819,0.014636
141.58001232147217,0.22917,0.014634
141.63090562820435,0.23013,0.014544
141.68160247802734,0.2312,0.014505
141.72968983650208,0.23211,0.014534
141.77767896652222,0.2324,0.01452
141.82859539985657,0.23325,0.014731
141.8852677345276,0.23515,0.014654
141.93413734436035,0.23624,0.0147
141.98756074905396,0.23709,0.014698
142.0348780155182,0.23811,0.014761
142.08941888809204,0.23933,0.015271
142.13692688941956,0.23928,0.015244
142.19147276878357,0.24008,0.015517
142.2382800579071,0.24115,0.015971
142.29466843605042,0.24299,0.016385
142.34392929077148,0.24384,0.016487
142.39182138442993,0.24493,0.016871
142.44419384002686,0.24584,0.017157
142.4942662715912,0.246,0.016913
142.54488945007324,0.24803,0.017015
142.59547758102417,0.24891,0.016813
142.64694786071777,0.24995,0.016401
142.69657039642334,0.25099,0.016185
142.75031042099,0.25187,0.015274
142.79740929603577,0.25184,0.014889
142.85146236419678,0.25312,0.014549
142.89777445793152,0.2548,0.014449
142.9482421875,0.25579,0.014395
143.00109958648682,0.25675,0.014347
143.0492696762085,0.25776,0.014593
143.09850883483887,0.25784,0.014817
143.1500792503357,0.25891,0.014853
143.20217752456665,0.25989,0.014818
143.2504894733429,0.26083,0.014819
143.30898523330688,0.26197,0.014729
143.3574676513672,0.26293,0.014706
143.40613770484924,0.26477,0.014757
143.46272039413452,0.26488,0.014907
143.51033115386963,0.26584,0.014941
143.56688356399536,0.26683,0.014872
143.61550736427307,0.26872,0.01491
143.665869474411,0.26979,0.014936
143.7169849872589,0.27051,0.014895
143.76272535324097,0.27077,0.014822
143.81752371788025,0.27171,0.01484
143.87014365196228,0.27277,0.014767
143.91949796676636,0.27488,0.0148
143.9687283039093,0.27549,0.014711
144.022043466568,0.27576,0.014823
144.07335090637207,0.27664,0.014752
144.12074899673462,0.27749,0.01478
144.172105550766,0.27872,0.014821
144.22911167144775,0.27968,0.014802
144.277028799057,0.28048,0.014766
144.33181762695312,0.28181,0.014865
144.38065600395203,0.28339,0.014877
144.43037676811218,0.28459,0.014812
144.47712993621826,0.28549,0.014793
144.53320717811584,0.2856,0.014901
144.58232855796814,0.28659,0.014942
144.63076734542847,0.28736,0.014873
144.68371391296387,0.2884,0.014889
144.73378896713257,0.29029,0.015004
144.78701305389404,0.29123,0.015178
144.8354103565216,0.29227,0.015226
144.88621830940247,0.29229,0.016273
144.93740558624268,0.29339,0.016007
144.98775482177734,0.29424,0.017678
145.03751969337463,0.2952,0.018691
145.08895564079285,0.29645,0.017925
145.13908195495605,0.29845,0.02061
145.18792343139648,0.29829,0.021536
145.23987817764282,0.29936,0.021686
145.28997230529785,0.30027,0.021691
145.3383870124817,0.30147,0.021694
145.39295768737793,0.30216,0.02169
145.4405574798584,0.3032,0.021697
145.49161005020142,0.30525,0.021605
145.54142928123474,0.3052,0.020478
145.59311485290527,0.306,0.018505
145.6413290500641,0.3072,0.020117
145.69128274917603,0.30813,0.016517
145.7400040626526,0.30925,0.015906
145.79404497146606,0.31003,0.016278
145.84269952774048,0.31115,0.013791
145.8941888809204,0.31208,0.014091
145.9453239440918,0.31293,0.014319
145.99617385864258,0.31293,0.014651
146.0470998287201,0.31485,0.014849
146.09409546852112,0.316,0.014961
146.14743375778198,0.31693,0.014947
146.19407653808594,0.31861,0.018095
146.2460653781891,0.02888,0.014123
146.29717206954956,0.028693,0.01457
146.34272837638855,0.02792,0.014842
146.3979525566101,0.03336,0.014754
146.44713950157166,0.036347,0.014688
146.50022268295288,0.03648,0.014696
146.54925990104675,0.042133,0.014699
146.60023975372314,0.045067,0.014715
146.64855337142944,0.047813,0.014775
146.6969678401947,0.047893,0.014738
146.74958062171936,0.050613,0.01484
146.80108952522278,0.05656,0.014798
146.84854316711426,0.059493,0.014801
146.90295958518982,0.062213,0.014765
146.9522008895874,0.065067,0.01481
147.00391507148743,0.06768,0.014719
147.05176162719727,0.069147,0.014827
147.10198545455933,0.07048,0.014731
147.15274930000305,0.073387,0.014737
147.20662140846252,0.076187,0.014791
147.25449752807617,0.081333,0.014853
147.3051619529724,0.08408,0.014758
147.35477542877197,0.084107,0.014733
147.40604710578918,0.08968,0.014763
147.4580466747284,0.089573,0.014753
147.50660490989685,0.092427,0.014735
147.5651502609253,0.09472,0.014822
147.6147801876068,0.09736,0.014858
147.66662049293518,0.10261,0.014759
147.71729016304016,0.10504,0.014456
147.7655086517334,0.10701,0.014915
147.81495785713196,0.10723,0.014596
147.86634874343872,0.10851,0.014898
147.9186429977417,0.10955,0.01485
147.96491312980652,0.11072,0.014776
148.01847410202026,0.112,0.014949
148.06899881362915,0.11464,0.014939
148.11912608146667,0.11445,0.014747
148.17146849632263,0.11595,0.01479
148.2250096797943,0.11696,0.014749
148.2739176750183,0.11811,0.014654
148.3249351978302,0.11944,0.014718
148.37357330322266,0.12075,0.014581
148.4220962524414,0.12192,0.014588
148.47376251220703,0.12443,0.014463
148.52790808677673,0.12424,0.014392
148.57474660873413,0.12568,0.014442
148.62657356262207,0.12672,0.014383
148.67618703842163,0.12811,0.014442
148.72574710845947,0.12925,0.014315
148.77658486366272,0.13029,0.014381
148.82790541648865,0.13155,0.014253
148.88014483451843,0.13251,0.014417
148.93130469322205,0.13491,0.01441
148.98170924186707,0.13501,0.014376
149.03072834014893,0.13613,0.01441
149.08150959014893,0.13715,0.01444
149.13141632080078,0.1384,0.014483
149.18528485298157,0.1396,0.014392
149.23384284973145,0.14069,0.014537
149.2840859889984,0.14189,0.014622
149.33517718315125,0.14317,0.014487
149.3862066268921,0.14424,0.014665
149.43886518478394,0.14523,0.014679
149.48826789855957,0.14645,0.014743
149.5411891937256,0.14741,0.014642
149.58872413635254,0.1476,0.014682
149.6414225101471,0.14979,0.014651
149.69010519981384,0.15093,0.014772
149.74065613746643,0.152,0.014768
149.792409658432,0.15309,0.014687
149.84166622161865,0.15408,0.014711
149.89195084571838,0.15533,0.014782
149.93998527526855,0.15656,0.014761
149.99529600143433,0.15664,0.014685
150.0440855026245,0.15875,0.014829
150.09630346298218,0.15979,0.014587
150.1447205543518,0.1608,0.014629
150.19392371177673,0.16075,0.014602
150.24684500694275,0.16296,0.014569
150.29589557647705,0.16395,0.014574
150.34763598442078,0.16515,0.01447
150.39953064918518,0.16621,0.014465
150.44715213775635,0.16739,0.014491
150.4959111213684,0.16819,0.014601
150.55178046226501,0.16843,0.014718
150.59773778915405,0.16931,0.014594
150.65230989456177,0.17043,0.014791
150.69923877716064,0.17272,0.014704
150.7551543712616,0.17349,0.014828
150.8051676750183,0.17467,0.014939
150.86142683029175,0.17571,0.014748
150.91067147254944,0.17595,0.014766
150.9596447944641,0.17784,0.014746
151.00985956192017,0.17893,0.014767
151.06220364570618,0.17997,0.014796
151.11177229881287,0.18021,0.014686
151.1625463962555,0.18128,0.014403
151.21224236488342,0.18221,0.014536
151.26131105422974,0.18315,0.014555
151.3101897239685,0.18413,0.014279
151.36157751083374,0.1864,0.014319
151.41722512245178,0.18629,0.014406
151.46494483947754,0.18829,0.014343
151.51661491394043,0.18947,0.014131
151.56462740898132,0.19045,0.014154
151.62005472183228,0.19053,0.014049
151.66678380966187,0.1924,0.014043
151.71729969978333,0.19256,0.014075
151.76933455467224,0.19347,0.014029
151.81650948524475,0.19571,0.014055
151.8724434375763,0.19573,0.014174
151.92009091377258,0.19661,0.014127
151.97187638282776,0.19757,0.014273
152.02203845977783,0.19973,0.014275
152.07488822937012,0.20072,0.014228
152.127192735672,0.20168,0.014352
152.1760184764862,0.20256,0.014369
152.22705721855164,0.20267,0.014408
152.27545428276062,0.20376,0.014464
152.325355052948,0.20485,0.014579
152.3785538673401,0.20584,0.01465
152.42603540420532,0.20784,0.0146
152.4789206981659,0.20784,0.014578
152.5298957824707,0.20995,0.014782
152.5804750919342,0.21,0.014696
152.62774300575256,0.21069,0.014706
152.67791414260864,0.21189,0.014769
152.7309331893921,0.21288,0.014726
152.77864694595337,0.21395,0.014716
152.82851552963257,0.21472,0.014655
152.88000321388245,0.21683,0.014676
152.93112778663635,0.21813,0.014731
152.98334050178528,0.21797,0.014807
153.03075075149536,0.21915,0.01466
153.082426071167,0.21995,0.014609
153.1337149143219,0.22104,0.01466
153.18318557739258,0.22192,0.014693
153.2373125553131,0.22216,0.014595
153.28562188148499,0.22408,0.01482
153.33591985702515,0.22597,0.014691
153.38277006149292,0.226,0.014697
153.43578839302063,0.22707,0.014654
153.4873878955841,0.22795,0.01451
153.5360279083252,0.22888,0.014539
153.5865752696991,0.22909,0.014209
153.63655042648315,0.23096,0.014331
153.69269323349,0.23192,0.01412
153.73965692520142,0.23296,0.014207
153.78803062438965,0.23411,0.014057
153.84450435638428,0.23491,0.014438
153.8916015625,0.236,0.014374
153.94662380218506,0.23608,0.014468
153.99556016921997,0.23792,0.014617
154.0427279472351,0.23885,0.014611
154.09528493881226,0.24003,0.014566
154.14485335350037,0.2408,0.014812
154.19461226463318,0.24192,0.014827
154.24742722511292,0.24299,0.015228
154.29591703414917,0.24381,0.015135
154.34538984298706,0.24381,0.015372
154.40095615386963,0.24477,0.015456
154.4524211883545,0.24669,0.015425
154.50382947921753,0.24768,0.015347
154.55324459075928,0.24891,0.015133
154.6028687953949,0.24979,0.015129
154.6538746356964,0.2508,0.01465
154.70309042930603,0.25083,0.014735
154.7554976940155,0.25269,0.014575
154.8064684867859,0.25384,0.014622
154.85559034347534,0.25472,0.014626
154.90677046775818,0.25563,0.014649
154.95775628089905,0.25565,0.014678
155.00803565979004,0.25661,0.014756
155.05787229537964,0.25861,0.014653
155.11028265953064,0.25971,0.014729
155.1593794822693,0.26061,0.014614
155.21009516716003,0.26067,0.014555
155.2595944404602,0.26184,0.014778
155.3105742931366,0.26269,0.014725
155.36454248428345,0.26363,0.014738
155.40943050384521,0.26451,0.014858
155.46254777908325,0.26677,0.014867
155.51353359222412,0.2676,0.014566
155.56397366523743,0.26872,0.014783
155.61535501480103,0.26853,0.014625
155.6641719341278,0.26968,0.014905
155.7209005355835,0.27059,0.014811
155.7684166431427,0.27251,0.014849
155.81845140457153,0.27371,0.014834
155.87036800384521,0.27467,0.014633
155.92425870895386,0.27552,0.014555
155.97462224960327,0.27555,0.014759
156.0237090587616,0.27669,0.014947
156.07712054252625,0.27837,0.014795
156.1231987476349,0.27867,0.014733
156.18276572227478,0.27952,0.014843
156.23499369621277,0.28144,0.014845
156.28270721435547,0.28144,0.014837
156.3345422744751,0.28232,0.014821
156.38328623771667,0.28341,0.014692
156.435240983963,0.28432,0.014796
156.48425793647766,0.28517,0.014846
156.53502464294434,0.28637,0.014966
156.58538031578064,0.28832,0.014816
156.6364393234253,0.2892,0.014962
156.6871838569641,0.28915,0.014909
156.7353286743164,0.29016,0.015077
156.78957438468933,0.29112,0.014958
156.836998462677,0.29219,0.015391
156.88909530639648,0.29416,0.015259
156.93970131874084,0.29531,0.015352
156.99053645133972,0.29512,0.016787
157.0387670993805,0.29619,0.016424
157.09577417373657,0.29717,0.018596
157.14539241790771,0.29816,0.01823
157.19435095787048,0.29917,0.018194
157.24727845191956,0.30091,0.019159
157.29925990104675,0.30104,0.020395
157.34817600250244,0.302,0.019216
157.40502667427063,0.30285,0.019403
157.45567989349365,0.30411,0.018896
157.50549936294556,0.30621,0.017579
157.55644345283508,0.30715,0.016989
157.60790133476257,0.30688,0.015404
157.66020584106445,0.308,0.015545
157.70632553100586,0.30896,0.014039
157.76161575317383,0.30976,0.013901
157.8154695034027,0.31101,0.014067
157.86446118354797,0.31272,0.014673
157.91474843025208,0.31299,0.014865
157.96357107162476,0.31387,0.014967
158.01477217674255,0.3148,0.015056
158.0607032775879,0.31587,0.01499
158.11521458625793,0.31675,0.014948
158.16525530815125,0.31848,0.015914
158.2182092666626,0.02848,0.014752
158.2669050693512,0.028107,0.014598
158.31434988975525,0.030053,0.014802
158.3707160949707,0.033253,0.014771
158.4204921722412,0.035787,0.014669
158.4707429409027,0.038827,0.014613
158.5216052532196,0.042027,0.014766
158.5700650215149,0.044613,0.01492
158.62112832069397,0.04752,0.014863
158.66825127601624,0.050667,0.014664
158.72065997123718,0.053467,0.014827
158.7709448337555,0.056107,0.014846
158.82069969177246,0.059093,0.01483
158.86996579170227,0.064613,0.014757
158.9225935935974,0.0644,0.014829
158.97551131248474,0.067413,0.014722
159.02702236175537,0.070187,0.014701
159.0762975215912,0.072827,0.014853
159.1300106048584,0.075573,0.014754
159.17910170555115,0.078213,0.014835
159.22730612754822,0.081173,0.014889
159.27788543701172,0.083707,0.014847
159.32836151123047,0.086587,0.01479
159.37964582443237,0.089093,0.014832
159.4308066368103,0.091787,0.014732
159.48353695869446,0.094293,0.014814
159.53249740600586,0.094453,0.014687
159.58223962783813,0.09728,0.014838
159.63170623779297,0.099653,0.014758
159.6862292289734,0.10485,0.014778
159.73195719718933,0.10688,0.014776
159.78913640975952,0.10803,0.014749
159.83682560920715,0.10936,0.014954
159.89274406433105,0.11061,0.014776
159.94138956069946,0.11195,0.014894
159.9916431903839,0.11331,0.014783
160.04256749153137,0.11432,0.014872
160.0967893600464,0.11544,0.01484
160.14352440834045,0.11677,0.014635
160.1973373889923,0.11819,0.01474
160.24735975265503,0.11933,0.014646
160.29466795921326,0.11944,0.014788
160.34641790390015,0.12051,0.014511
160.39496183395386,0.12173,0.014563
160.44896364212036,0.12419,0.014529
160.5013587474823,0.1252,0.014564
160.55007600784302,0.12648,0.014614
160.60171627998352,0.12643,0.01449
160.65107035636902,0.12893,0.014471
160.70125722885132,0.12915,0.014673
160.7505829334259,0.13029,0.014369
160.80178499221802,0.13131,0.014614
160.8544943332672,0.13365,0.014715
160.89920783042908,0.13483,0.014437
160.9519305229187,0.13469,0.01448
161.00291466712952,0.13624,0.014484
161.0562229156494,0.13733,0.014558
161.10454750061035,0.1384,0.014639
161.1614646911621,0.13933,0.014655
161.20963883399963,0.14048,0.014635
161.26107549667358,0.14283,0.014585
161.31428170204163,0.14408,0.014561
161.35840010643005,0.14533,0.0147
161.41240692138672,0.1452,0.01464
161.46456289291382,0.14739,0.014757
161.51531958580017,0.14749,0.014748
161.56778693199158,0.14853,0.014903
161.61925172805786,0.15067,0.014573
161.66891741752625,0.15181,0.01469
161.71627593040466,0.15307,0.014955
161.76723551750183,0.15413,0.014733
161.81646347045898,0.15421,0.014638
161.86708402633667,0.15533,0.014792
161.9186749458313,0.15637,0.014682
161.97199273109436,0.15728,0.014747
162.02076530456543,0.15853,0.014707
162.07142114639282,0.15979,0.014702
162.12194514274597,0.16189,0.014646
162.17281556129456,0.16288,0.014644
162.22365593910217,0.16384,0.014581
162.27267909049988,0.16416,0.014437
162.32240986824036,0.16507,0.014435
162.37447667121887,0.16629,0.014524
162.42251133918762,0.16731,0.014455
162.47448205947876,0.16923,0.014471
162.5262532234192,0.16936,0.014621
162.57389974594116,0.17032,0.014771
162.62662029266357,0.17155,0.014727
162.68035292625427,0.17291,0.014643
162.72848534584045,0.17392,0.014871
162.78000497817993,0.1748,0.014578
162.8326382637024,0.17581,0.014793
162.88018250465393,0.17699,0.014621
162.9354019165039,0.17789,0.014655
162.98314237594604,0.17896,0.014713
163.03352785110474,0.17904,0.014715
163.08596348762512,0.18096,0.014774
163.13592863082886,0.18205,0.014761
163.19341444969177,0.18317,0.014589
163.243332862854,0.18413,0.014369
163.29549026489258,0.18517,0.014262
163.34049725532532,0.18635,0.014448
163.39685535430908,0.18717,0.014337
163.4493384361267,0.18816,0.014283
163.49845170974731,0.18939,0.014301
163.55151915550232,0.1904,0.014147
163.59960913658142,0.19149,0.014264
163.6482572555542,0.19243,0.014206
163.7010793685913,0.19387,0.014163
163.75304198265076,0.19464,0.014153
163.8039755821228,0.19547,0.014159
163.850652217865,0.19568,0.014279
163.90656280517578,0.19773,0.014337
163.95878982543945,0.19864,0.014504
164.008620262146,0.19963,0.014489
164.05879998207092,0.20053,0.014427
164.1075336933136,0.20176,0.014448
164.15613722801208,0.20184,0.014586
164.2057650089264,0.20389,0.01451
164.2601671218872,0.20499,0.014559
164.3062219619751,0.20565,0.014715
164.35961294174194,0.20672,0.014742
164.4054205417633,0.20797,0.014686
164.4597418308258,0.20891,0.014789
164.5104341506958,0.21,0.014755
164.56003642082214,0.21096,0.014707
164.60713362693787,0.21195,0.014725
164.66060376167297,0.21293,0.014714
164.71016335487366,0.21373,0.014762
164.76091289520264,0.21501,0.014848
164.81235718727112,0.21597,0.014809
164.86130714416504,0.21611,0.014618
164.911235332489,0.21816,0.01475
164.96216249465942,0.2188,0.014762
165.02127361297607,0.22,0.014755
165.07201266288757,0.22112,0.014674
165.12331175804138,0.22181,0.014703
165.17099595069885,0.22288,0.014725
165.22548174858093,0.22397,0.014719
165.27427768707275,0.22507,0.014458
165.324853181839,0.22597,0.014592
165.37575793266296,0.22597,0.014297
165.4254400730133,0.22675,0.014193
165.47557735443115,0.22909,0.014018
165.5242404937744,0.23008,0.014049
165.57357239723206,0.23091,0.01397
165.62684512138367,0.23099,0.013874
165.6749827861786,0.23293,0.013629
165.72831869125366,0.23299,0.013762
165.77560949325562,0.234,0.014188
165.82435655593872,0.23595,0.014083
165.88015055656433,0.23683,0.013927
165.93137335777283,0.23789,0.01461
165.97857880592346,0.23773,0.01448
166.02948260307312,0.23896,0.014682
166.08486914634705,0.23979,0.014543
166.13261675834656,0.24091,0.014546
166.1856575012207,0.24192,0.014663
166.23576164245605,0.24371,0.014593
166.28332614898682,0.2436,0.014527
166.33249855041504,0.24379,0.014629
166.38692331314087,0.24576,0.014577
166.43648099899292,0.24771,0.014593
166.48465061187744,0.24867,0.014525
166.53402948379517,0.2496,0.014668
166.5878245830536,0.25077,0.01446
166.63747811317444,0.25176,0.01449
166.68801259994507,0.25163,0.014575
166.73864698410034,0.25261,0.014509
166.7948877811432,0.25368,0.01453
166.84577894210815,0.25448,0.014507
166.89563965797424,0.2556,0.014635
166.94598150253296,0.25752,0.014611
166.99516797065735,0.2584,0.014592
167.04570174217224,0.25837,0.014687
167.09807705879211,0.25955,0.014632
167.14843201637268,0.26069,0.014682
167.1961591243744,0.26235,0.014758
167.24399590492249,0.26224,0.014711
167.29741406440735,0.26344,0.014746
167.34551668167114,0.26419,0.014671
167.3959822654724,0.26533,0.014814
167.45793652534485,0.2664,0.014778
167.5095934867859,0.26843,0.014875
167.55750441551208,0.26931,0.014831
167.61046290397644,0.26925,0.014716
167.65773844718933,0.27011,0.014733
167.7074978351593,0.27125,0.014652
167.757657289505,0.27232,0.014939
167.81306219100952,0.27312,0.014754
167.86341857910156,0.27493,0.014804
167.9134066104889,0.27627,0.01487
167.96148920059204,0.27632,0.014801
168.01000666618347,0.27712,0.014761
168.06199669837952,0.27803,0.014683
168.111177444458,0.27824,0.014789
168.1615390777588,0.27925,0.014809
168.21236538887024,0.28197,0.014816
168.2626597881317,0.28216,0.014809
168.31257581710815,0.28299,0.014745
168.36818051338196,0.28403,0.014709
168.41819858551025,0.28499,0.014823
168.46701312065125,0.28613,0.01477
168.51818418502808,0.28712,0.014903
168.57383108139038,0.2888,0.014879
168.6211633682251,0.28912,0.014862
168.67209196090698,0.29005,0.015007
168.72484183311462,0.29088,0.01494
168.77425026893616,0.29189,0.014852
168.825749874115,0.29288,0.015077
168.87509083747864,0.29387,0.014979
168.92386198043823,0.29504,0.015208
168.98017191886902,0.29501,0.015491
169.02903485298157,0.29683,0.016038
169.0780384540558,0.29792,0.015706
169.12919402122498,0.29883,0.01581
169.1785135269165,0.29984,0.015643
169.2285397052765,0.30075,0.015334
169.27910828590393,0.30091,0.015392
169.32967877388,0.30283,0.01546
169.38022565841675,0.3028,0.015304
169.43807721138,0.30461,0.014971
169.48545241355896,0.30579,0.014541
169.5355350971222,0.30672,0.014335
169.58970046043396,0.30757,0.014349
169.63933634757996,0.30851,0.014272
169.6886649131775,0.30965,0.014254
169.73873925209045,0.30968,0.014745
169.78876304626465,0.31152,0.014776
169.83774638175964,0.31243,0.01489
169.89068865776062,0.31349,0.014926
169.94533681869507,0.31429,0.014959
169.99537682533264,0.3156,0.014783
170.047376871109,0.31661,0.014716
170.09750890731812,0.31805,0.014938
170.1439929008484,0.31813,0.014562
170.19754076004028,0.02568,0.014767
170.24954414367676,0.02736,0.014869
170.2992787361145,0.02984,0.014802
170.35022282600403,0.03552,0.014812
170.39860677719116,0.038693,0.014779
170.44880604743958,0.04152,0.014697
170.4984896183014,0.04448,0.014698
170.55018615722656,0.044587,0.014743
170.60101413726807,0.04736,0.01466
170.6516900062561,0.053253,0.014772
170.70095872879028,0.055867,0.014758
170.75008153915405,0.056107,0.014607
170.80829787254333,0.058827,0.014779
170.85600972175598,0.061653,0.014832
170.9070656299591,0.06432,0.014745
170.9580647945404,0.067333,0.01474
171.00777888298035,0.070053,0.01477
171.0561285018921,0.075573,0.014814
171.10725259780884,0.078213,0.014784
171.1595995426178,0.08088,0.014857
171.20750403404236,0.08112,0.014625
171.2615032196045,0.083707,0.014826
171.31311559677124,0.086213,0.014768
171.3651478290558,0.091627,0.014798
171.41500067710876,0.094373,0.014762
171.46366119384766,0.096907,0.014804
171.51468205451965,0.0996,0.014757
171.5666584968567,0.099493,0.014762
171.61593914031982,0.10216,0.014654
171.66470623016357,0.10491,0.014805
171.71315240859985,0.10683,0.014514
171.763667345047,0.10928,0.014898
171.81903505325317,0.11056,0.014752
171.86689400672913,0.11056,0.014829
171.91715359687805,0.11181,0.014713
171.96924805641174,0.11312,0.014856
172.01745891571045,0.11451,0.014884
172.06661081314087,0.11563,0.01477
172.12044477462769,0.11683,0.014764
172.16878747940063,0.11915,0.014798
172.22314476966858,0.12043,0.014766
172.27084255218506,0.12077,0.014763
172.3197886943817,0.12155,0.014677
172.37375831604004,0.1228,0.014685
172.42886328697205,0.12435,0.014678
172.47583508491516,0.12512,0.014644
172.5283179283142,0.12656,0.014679
172.5792579650879,0.12885,0.014676
172.62936067581177,0.13021,0.014713
172.6782841682434,0.13035,0.01471
172.72702169418335,0.13144,0.014753
172.78291821479797,0.13237,0.014567
172.8332917690277,0.13368,0.014563
172.88417267799377,0.13475,0.014678
172.93230819702148,0.13573,0.014653
172.98605251312256,0.13707,0.014519
173.03753447532654,0.13811,0.014712
173.0884096622467,0.13955,0.014618
173.13628101348877,0.14053,0.014785
173.19094681739807,0.14147,0.014708
173.23998475074768,0.14272,0.014724
173.29016280174255,0.14411,0.01478
173.34268236160278,0.14491,0.014789
173.38997960090637,0.14619,0.014825
173.43944668769836,0.14715,0.014648
173.4970383644104,0.14739,0.014772
173.543199300766,0.14856,0.014689
173.59541606903076,0.15043,0.014803
173.64662957191467,0.15176,0.014752
173.6983606815338,0.15291,0.014805
173.74843859672546,0.15395,0.014783
173.7966606616974,0.15488,0.01476
173.84736251831055,0.15496,0.014737
173.89784407615662,0.15725,0.014694
173.94861888885498,0.15819,0.014706
174.00026273727417,0.15947,0.014709
174.05160117149353,0.16051,0.014685
174.1007843017578,0.16163,0.014537
174.14875745773315,0.16304,0.014814
174.20532369613647,0.16373,0.014573
174.25255799293518,0.16491,0.014607
174.30458283424377,0.16595,0.014422
174.35654973983765,0.16707,0.014387
174.40395617485046,0.16811,0.014498
174.45698165893555,0.16813,0.014486
174.50861024856567,0.16933,0.014616
174.55750727653503,0.17064,0.014653
174.60881543159485,0.17157,0.01463
174.6566183567047,0.17245,0.014647
174.7072467803955,0.17461,0.01466
174.75856685638428,0.17568,0.014579
174.80561065673828,0.17667,0.014718
174.85888934135437,0.17765,0.014712
174.91126489639282,0.17885,0.014686
174.95753979682922,0.17899,0.0147
175.00883507728577,0.17973,0.014802
175.062753200531,0.18107,0.014719
175.10851573944092,0.18301,0.014682
175.16214418411255,0.18323,0.014595
175.20976328849792,0.18504,0.014533
175.26398968696594,0.18597,0.014589
175.3120472431183,0.18611,0.014713
175.36274027824402,0.18693,0.014551
175.41683959960938,0.18824,0.014571
175.4651448726654,0.1904,0.014451
175.5198585987091,0.19141,0.014582
175.56846451759338,0.19245,0.014542
175.6181137561798,0.19328,0.014575
175.66945433616638,0.19336,0.014658
175.71971487998962,0.19448,0.014505
175.7725863456726,0.19552,0.014444
175.8219711780548,0.19637,0.014611
175.87061405181885,0.19744,0.014541
175.9225082397461,0.19853,0.014522
175.9757902622223,0.20059,0.01461
176.02444052696228,0.20168,0.014564
176.07508659362793,0.20275,0.014704
176.12824726104736,0.20259,0.014658
176.17913627624512,0.20384,0.014742
176.2264063358307,0.20483,0.014798
176.27658033370972,0.20573,0.014718
176.3304841518402,0.20776,0.014665
176.38387894630432,0.20885,0.014702
176.4338984489441,0.20867,0.014723
176.48301887512207,0.20971,0.01479
176.53413438796997,0.21072,0.014718
176.58536291122437,0.21184,0.014725
176.63074946403503,0.21269,0.014546
176.68744921684265,0.21395,0.014752
176.73983144760132,0.21469,0.014779
176.78912782669067,0.21573,0.014705
176.83874106407166,0.21691,0.014691
176.88468170166016,0.21795,0.014646
176.940438747406,0.21883,0.014759
176.99480962753296,0.22003,0.014645
177.04198503494263,0.22187,0.014753
177.09889197349548,0.22293,0.01471
177.14626264572144,0.22288,0.01467
177.1979751586914,0.22384,0.01457
177.24720764160156,0.22488,0.014726
177.30446195602417,0.22597,0.014601
177.35416913032532,0.22696,0.014415
177.40258884429932,0.22789,0.013915
177.4539179801941,0.22976,0.014125
177.50775527954102,0.23101,0.013866
177.55363702774048,0.23085,0.01346
177.60605716705322,0.23275,0.013618
177.66056513786316,0.23272,0.01371
177.71070218086243,0.23397,0.013835
177.76311230659485,0.23499,0.014242
177.81300449371338,0.23589,0.014237
177.86410784721375,0.23677,0.014533
177.9121835231781,0.23861,0.014901
177.96272587776184,0.23877,0.014742
178.01367735862732,0.23968,0.01463
178.06273913383484,0.24067,0.014654
178.1160387992859,0.24187,0.01465
178.16613507270813,0.24261,0.014466
178.21590662002563,0.24363,0.014686
178.2669472694397,0.24467,0.014501
178.31440329551697,0.24568,0.014311
178.36600160598755,0.24672,0.014452
178.42054271697998,0.24773,0.014506
178.4712040424347,0.24957,0.014449
178.5213119983673,0.24965,0.014307
178.57041597366333,0.25083,0.014514
178.62198662757874,0.25155,0.014623
178.6707248687744,0.25253,0.014415
178.7212314605713,0.25371,0.01451
178.76956367492676,0.25485,0.014565
178.82245898246765,0.25565,0.014516
178.87224197387695,0.25667,0.014642
178.92648720741272,0.2576,0.014597
178.97734951972961,0.25851,0.014782
179.02461123466492,0.25853,0.014662
179.07597947120667,0.25965,0.014852
179.12616443634033,0.26048,0.014838
179.17601323127747,0.26243,0.014771
179.2267255783081,0.26349,0.014797
179.27614784240723,0.2644,0.014746
179.3247492313385,0.26547,0.014823
179.37617349624634,0.2664,0.01467
179.42911100387573,0.26744,0.014783
179.47842073440552,0.26835,0.014726
179.5310754776001,0.26859,0.014793
179.58096194267273,0.27043,0.01476
179.6298930644989,0.27133,0.014793
179.67988848686218,0.27219,0.014702
179.72997522354126,0.27331,0.014731
179.7851345539093,0.27429,0.01478
179.8351113796234,0.27533,0.014891
179.8870747089386,0.27621,0.014866
179.94375681877136,0.27725,0.014753
179.99203181266785,0.27797,0.014846
180.04534482955933,0.27917,0.014889
180.09190440177917,0.28003,0.014709
180.1418900489807,0.28112,0.014754
180.19409704208374,0.28205,0.014876
180.24472308158875,0.28219,0.01471
180.29868149757385,0.28312,0.014898
180.34923839569092,0.28512,0.014746
180.39869499206543,0.28627,0.014845
180.4505491256714,0.28691,0.014766
180.500962972641,0.28784,0.014773
180.55008602142334,0.28915,0.014708
180.60536336898804,0.28997,0.014925
180.65538883209229,0.29099,0.014644
180.7070508003235,0.29184,0.014691
180.75823879241943,0.29291,0.014757
180.80762100219727,0.29405,0.014861
180.85924577713013,0.29397,0.014777
180.90746021270752,0.29501,0.014639
180.95507621765137,0.29579,0.014916
181.01162385940552,0.29795,0.014754
181.0574221611023,0.29888,0.014688
181.11007833480835,0.29899,0.014667
181.15778589248657,0.30096,0.014454
181.209046125412,0.30101,0.014657
181.26196813583374,0.30203,0.014359
181.31267595291138,0.30283,0.014446
181.36460375785828,0.30491,0.014578
181.41280102729797,0.30581,0.014497
181.46937441825867,0.30696,0.014456
181.5148561000824,0.30677,0.014655
181.56814789772034,0.30795,0.014688
181.6191267967224,0.3088,0.014795
181.6723129749298,0.30989,0.014869
181.72274470329285,0.31069,0.014892
181.77578210830688,0.31275,0.014917
181.82411241531372,0.3136,0.01476
181.87934160232544,0.31453,0.014763
181.92909264564514,0.31573,0.014901
181.97796726226807,0.31563,0.015047
182.03016781806946,0.31685,0.014811
182.08110809326172,0.31808,0.014657
182.13175892829895,0.025413,0.014708
182.17965245246887,0.027307,0.014911
182.22977209091187,0.032587,0.014777
182.28096675872803,0.032827,0.014735
182.33294200897217,0.038427,0.014703
182.38093185424805,0.041467,0.014665
182.42835330963135,0.041627,0.014893
182.48033595085144,0.044373,0.01477
182.54091787338257,0.0472,0.014797
182.5905134677887,0.05008,0.01472
182.64044737815857,0.05304,0.014762
182.6911392211914,0.056133,0.014827
182.74148321151733,0.058853,0.01479
182.78989672660828,0.061733,0.014772
182.8405830860138,0.064427,0.014782
182.89014148712158,0.067173,0.014697
182.94593405723572,0.070053,0.014849
182.98981285095215,0.072667,0.014784
183.04557466506958,0.07808,0.014853
183.09989976882935,0.07808,0.014824
183.15276217460632,0.08072,0.014797
183.20183277130127,0.083653,0.014746
183.25431847572327,0.08632,0.01488
183.30244040489197,0.0892,0.014814
183.35052824020386,0.091653,0.014719
183.4034879207611,0.0968,0.014758
183.45491981506348,0.0996,0.014761
183.50721430778503,0.099547,0.014851
183.55661273002625,0.10219,0.014751
183.61127829551697,0.10477,0.014781
183.6610074043274,0.10813,0.014752
183.70989203453064,0.10824,0.014809
183.762549161911,0.10933,0.014784
183.81379342079163,0.11053,0.014777
183.8638825416565,0.11176,0.014831
183.91213846206665,0.1132,0.014769
183.96353602409363,0.11445,0.014751
184.01166772842407,0.1144,0.014795
184.06376552581787,0.11696,0.014794
184.11414790153503,0.11944,0.014766
184.1644721031189,0.11931,0.014822
184.21407413482666,0.12045,0.014779
184.26344776153564,0.12187,0.014751
184.31775093078613,0.12253,0.014739
184.36558628082275,0.12405,0.014858
184.41635394096375,0.12528,0.014826
184.47039890289307,0.12536,0.014803
184.5197184085846,0.12755,0.014831
184.5777177810669,0.12867,0.014693
184.62723636627197,0.12995,0.014672
184.67752623558044,0.13123,0.014761
184.7286651134491,0.13248,0.014672
184.77911591529846,0.1348,0.014745
184.83050346374512,0.13472,0.014658
184.87587714195251,0.13581,0.014715
184.92839884757996,0.13685,0.014688
184.98144102096558,0.1384,0.014834
185.03141593933105,0.13912,0.014693
185.0790078639984,0.14013,0.014697
185.12795567512512,0.14155,0.01479
185.18267369270325,0.14275,0.014844
185.23131227493286,0.14379,0.014724
185.27869963645935,0.14512,0.014774
185.33093571662903,0.14621,0.014815
185.37926864624023,0.14725,0.01465
185.43650913238525,0.14832,0.014703
185.48476719856262,0.14955,0.014569
185.53801083564758,0.15059,0.01473
185.58719110488892,0.15181,0.014695
185.63791847229004,0.15283,0.014769
185.68496680259705,0.154,0.014826
185.736310005188,0.15504,0.014761
185.7877221107483,0.15605,0.014735
185.8415400981903,0.15733,0.014731
185.89142560958862,0.15827,0.014731
185.94123530387878,0.1584,0.014744
185.99342155456543,0.15947,0.014713
186.04282784461975,0.16179,0.014718
186.09491419792175,0.16192,0.014654
186.147479057312,0.16384,0.014645
186.19670271873474,0.16485,0.014517
186.24862456321716,0.16595,0.014566
186.296733379364,0.16616,0.014669
186.34791779518127,0.16715,0.014645
186.39762544631958,0.1692,0.014486
186.44695138931274,0.17016,0.014595
186.49515843391418,0.17133,0.014636
186.54992985725403,0.17237,0.014687
186.6016092300415,0.1724,0.014531
186.65132594108582,0.17333,0.014653
186.70193576812744,0.17448,0.014773
186.7503695487976,0.17555,0.014742
186.80018830299377,0.17667,0.014713
186.85315012931824,0.1788,0.014565
186.9018213748932,0.17955,0.014576
186.95210933685303,0.18093,0.014733
187.00013542175293,0.18173,0.014682
187.0534188747406,0.18291,0.014637
187.10759735107422,0.18325,0.014767
187.1552357673645,0.18397,0.014654
187.20596933364868,0.18501,0.014703
187.2544641494751,0.18611,0.014762
187.30586171150208,0.18819,0.014687
187.35630750656128,0.18824,0.014691
187.40881061553955,0.19035,0.014693
187.4578173160553,0.19027,0.014683
187.5065152645111,0.19117,0.014606
187.5567593574524,0.19221,0.014628
187.60879397392273,0.19325,0.014681
187.6581597328186,0.19432,0.014546
187.7089524269104,0.19539,0.014659
187.75961470603943,0.19552,0.014751
187.80953645706177,0.19859,0.014676
187.86018419265747,0.19837,0.014778
187.91385340690613,0.19965,0.014611
187.95991373062134,0.20067,0.01465
188.0125048160553,0.20155,0.014754
188.06609845161438,0.20256,0.014685
188.1166229248047,0.20461,0.014682
188.16734838485718,0.20464,0.014733
188.21660494804382,0.20581,0.014759
188.26914525032043,0.20712,0.01475
188.3145101070404,0.20773,0.014713
188.36823773384094,0.20869,0.014696
188.4216320514679,0.20949,0.014673
188.46967720985413,0.21069,0.01467
188.5207850933075,0.21179,0.0147
188.57131433486938,0.21251,0.014603
188.62034440040588,0.21363,0.014709
188.67051792144775,0.21483,0.014689
188.72217679023743,0.21576,0.014721
188.77381801605225,0.21669,0.014739
188.821307182312,0.21792,0.014741
188.873473405838,0.21875,0.014627
188.9226324558258,0.21957,0.014581
188.9725878238678,0.22064,0.014736
189.03053426742554,0.22176,0.014727
189.07855081558228,0.22288,0.014699
189.12806367874146,0.22376,0.014689
189.1795163154602,0.22517,0.014616
189.23266863822937,0.22605,0.014575
189.28265285491943,0.22677,0.014364
189.3327784538269,0.22776,0.014211
189.37995505332947,0.22872,0.014196
189.4323935508728,0.22888,0.014033
189.4818058013916,0.22995,0.014021
189.53505516052246,0.2316,0.013988
189.58509016036987,0.23269,0.013843
189.63768076896667,0.23365,0.013986
189.69053483009338,0.23485,0.014413
189.73974442481995,0.2348,0.014457
189.7881259918213,0.23677,0.014684
189.8396863937378,0.23784,0.014493
189.8887894153595,0.23747,0.014589
189.94375371932983,0.23968,0.014637
189.99128127098083,0.24059,0.014691
190.0415964126587,0.24179,0.01469
190.09428548812866,0.24275,0.01471
190.14385175704956,0.24285,0.014741
190.19328093528748,0.24488,0.014755
190.24424195289612,0.24467,0.014761
190.29279232025146,0.24661,0.014518
190.34737730026245,0.2468,0.014753
190.3971824645996,0.24784,0.014479
190.44570970535278,0.24965,0.014524
190.50032329559326,0.25043,0.014576
190.54851651191711,0.25152,0.014538
190.5982449054718,0.25267,0.014562
190.64983081817627,0.25365,0.014631
190.6981291770935,0.25355,0.014626
190.7512984275818,0.2544,0.014643
190.7961540222168,0.25541,0.01463
190.85010313987732,0.25653,0.014743
190.90125823020935,0.2584,0.014701
190.9500846862793,0.25845,0.01462
191.00148129463196,0.26035,0.014837
191.05331707000732,0.26035,0.014679
191.10594844818115,0.26136,0.014713
191.15376591682434,0.26251,0.014701
191.20538520812988,0.26341,0.014641
191.25874710083008,0.2656,0.014783
191.30940413475037,0.26627,0.014767
191.35847163200378,0.26741,0.014793
191.4092481136322,0.26835,0.014799
191.46493339538574,0.26941,0.014684
191.51311564445496,0.26952,0.014728
191.56871247291565,0.27024,0.014501
191.62141799926758,0.27125,0.014774
191.6697404384613,0.27243,0.014687
191.72104501724243,0.27323,0.014706
191.76966047286987,0.2756,0.014738
191.82124161720276,0.27621,0.014747
191.8744957447052,0.27731,0.01471
191.92404866218567,0.27819,0.014803
191.9727177619934,0.27845,0.014801
192.02532267570496,0.28021,0.014661
192.07256269454956,0.28035,0.014757
192.12182092666626,0.28131,0.014832
192.17827916145325,0.28101,0.014656
192.22446584701538,0.28315,0.014771
192.27700996398926,0.28408,0.014719
192.32850456237793,0.28493,0.01474
192.37963914871216,0.28603,0.015223
192.4270420074463,0.28712,0.01466
192.47918128967285,0.28811,0.01483
192.5314245223999,0.28928,0.014861
192.5796718597412,0.29088,0.014867
192.6327018737793,0.29096,0.014756
192.6815960407257,0.292,0.014755
192.73374342918396,0.29285,0.014676
192.78365874290466,0.29389,0.01476
192.83403372764587,0.29501,0.014683
192.88318514823914,0.29693,0.014729
192.94205355644226,0.29696,0.014624
192.99692630767822,0.29771,0.014713
193.04867124557495,0.29981,0.014595
193.09783720970154,0.29995,0.014532
193.1503551006317,0.30101,0.014582
193.1982798576355,0.30171,0.014521
193.2493143081665,0.30264,0.014612
193.29805779457092,0.30363,0.014496
193.3448941707611,0.30485,0.014583
193.40191054344177,0.30584,0.014766
193.45148229599,0.30645,0.014646
193.50015807151794,0.30869,0.014721
193.55092024803162,0.30869,0.014748
193.6010184288025,0.30955,0.014729
193.6513111591339,0.31059,0.014709
193.70054149627686,0.31163,0.014684
193.75201559066772,0.31168,0.014593
193.80141639709473,0.3136,0.014804
193.85467267036438,0.31459,0.014797
193.906179189682,0.31555,0.014809
193.95507955551147,0.31629,0.014826
194.00803470611572,0.31765,0.01472
194.05647134780884,0.026107,0.014655
194.1045913696289,0.027387,0.014873
194.15613722801208,0.02968,0.014705
194.21308612823486,0.02968,0.014719
194.26001739501953,0.035173,0.014666
194.3104224205017,0.038267,0.014641
194.35835480690002,0.041013,0.014578
194.4167182445526,0.044053,0.014731
194.46466326713562,0.047147,0.014836
194.5192630290985,0.049867,0.014661
194.56748151779175,0.052747,0.014656
194.61724543571472,0.055707,0.014803
194.67085313796997,0.05848,0.014802
194.71998167037964,0.0612,0.014622
194.76856780052185,0.06416,0.014704
194.8187050819397,0.06688,0.014772
194.8695785999298,0.069573,0.014769
194.92452216148376,0.072427,0.01469
194.97498297691345,0.07264,0.014663
195.022723197937,0.077973,0.014634
195.0753891468048,0.08064,0.014752
195.12886714935303,0.083307,0.01473
195.1790268421173,0.086,0.01458
195.23236680030823,0.088453,0.014642
195.28185510635376,0.091387,0.014827
195.33216953277588,0.091333,0.014767
195.38087224960327,0.093893,0.014804
195.43318462371826,0.099173,0.014798
195.48465609550476,0.10189,0.014759
195.53450536727905,0.10432,0.014782
195.5893359184265,0.10672,0.014755
195.63741183280945,0.10677,0.0147
195.69035148620605,0.10923,0.014771
195.73991322517395,0.11056,0.014845
195.7899239063263,0.11187,0.014769
195.83960461616516,0.11309,0.01477
195.89153671264648,0.11285,0.014591
195.93990087509155,0.11525,0.014757
195.99960064888,0.11557,0.014815
196.05245804786682,0.11656,0.01467
196.1000576019287,0.11923,0.014606
196.1515347957611,0.12021,0.014808
196.2031044960022,0.12144,0.014498
196.25232768058777,0.12269,0.014726
196.3001880645752,0.12408,0.014673
196.35230040550232,0.1252,0.014857
196.40277218818665,0.1264,0.014679
196.45327472686768,0.12635,0.014764
196.50284934043884,0.12888,0.014759
196.557941198349,0.12885,0.014807
196.61055707931519,0.13109,0.014745
196.65942287445068,0.13243,0.01457
196.70894193649292,0.13349,0.014696
196.75712299346924,0.13469,0.01474
196.81296110153198,0.13573,0.01475
196.8629379272461,0.13693,0.014687
196.92112636566162,0.13819,0.014726
196.97086095809937,0.13917,0.014707
197.01991987228394,0.14037,0.014785
197.06614804267883,0.14157,0.014687
197.12010669708252,0.14256,0.014551
197.1741394996643,0.14264,0.01472
197.22435355186462,0.1436,0.014707
197.2710497379303,0.14477,0.014883
197.32127356529236,0.14597,0.014734
197.3742229938507,0.14811,0.014824
197.42446494102478,0.14915,0.014696
197.47296166419983,0.15056,0.014908
197.52678990364075,0.15165,0.014793
197.574125289917,0.15163,0.014754
197.62444257736206,0.15272,0.014625
197.67805886268616,0.15384,0.014786
197.72593998908997,0.15496,0.014763
197.78000593185425,0.15608,0.014742
197.82887315750122,0.15843,0.014738
197.8844838142395,0.15923,0.01461
197.93331718444824,0.15933,0.014547
197.98246097564697,0.16059,0.014645
198.03034687042236,0.16288,0.014786
198.08234238624573,0.16363,0.014782
198.13453364372253,0.1636,0.014529
198.18615436553955,0.16483,0.014552
198.23387002944946,0.16579,0.014662
198.28267216682434,0.16795,0.014689
198.33578252792358,0.16909,0.01454
198.38383412361145,0.17032,0.014792
198.43444800376892,0.17029,0.014787
198.4901626110077,0.17024,0.01464
198.54109048843384,0.17216,0.014673
198.591317653656,0.17339,0.014692
198.63994574546814,0.17443,0.014655
198.6913285255432,0.1764,0.014724
198.74583196640015,0.17744,0.014786
198.79594945907593,0.17781,0.014858
198.8431785106659,0.17864,0.014738
198.89537453651428,0.17995,0.014695
198.94623827934265,0.18077,0.014853
198.99739480018616,0.18181,0.014781
199.04817247390747,0.18387,0.014683
199.09803104400635,0.18507,0.014779
199.14762926101685,0.18579,0.014834
199.19725942611694,0.18603,0.014734
199.2450029850006,0.18701,0.014822
199.2966229915619,0.18787,0.014694
199.34712076187134,0.18915,0.014707
199.3992817401886,0.19112,0.014748
199.44837164878845,0.19133,0.014697
199.4973340034485,0.19232,0.014759
199.54810166358948,0.19333,0.014721
199.6003453731537,0.19424,0.014753
199.6502788066864,0.19539,0.014544
199.6983699798584,0.19651,0.014628
199.74999332427979,0.1964,0.014674
199.8022699356079,0.19845,0.01468
199.85236978530884,0.19944,0.014691
199.90214276313782,0.20037,0.014737
199.95386672019958,0.20147,0.014687
200.0063235759735,0.20245,0.014704
200.05919981002808,0.20237,0.01473
200.10596823692322,0.20451,0.014678
200.15864944458008,0.20573,0.014652
200.2098469734192,0.20683,0.014682
200.25845885276794,0.20781,0.01476
200.31494212150574,0.20861,0.014651
200.36598992347717,0.20973,0.014739
200.41721653938293,0.21083,0.014716
200.47051310539246,0.21168,0.014574
200.52003526687622,0.21261,0.014747
200.57404160499573,0.2128,0.014747
200.62322759628296,0.21477,0.014786
200.67345881462097,0.2156,0.014773
200.7229290008545,0.21672,0.014687
200.77429246902466,0.21771,0.014898
200.82681155204773,0.21869,0.014678
200.8754916191101,0.2196,0.014745
200.92511820793152,0.22075,0.014763
200.97310876846313,0.22168,0.014763
201.03035020828247,0.22277,0.014719
201.07991671562195,0.22381,0.014623
201.1286780834198,0.22469,0.014674
201.18230080604553,0.22496,0.014675
201.23065876960754,0.22693,0.014456
201.2820565700531,0.22784,0.014636
201.3347463607788,0.22877,0.014466
201.3824987411499,0.22979,0.014426
201.43552446365356,0.23072,0.014399
201.48505234718323,0.23171,0.014238
201.53512167930603,0.23291,0.014425
201.5834481716156,0.23376,0.014389
201.63676810264587,0.2348,0.014527
201.69214844703674,0.23464,0.014479
201.73804378509521,0.2368,0.014629
201.79343056678772,0.23787,0.014565
201.8408191204071,0.23845,0.01465
201.89315152168274,0.23869,0.014574
201.94259786605835,0.23976,0.014699
201.9930830001831,0.24173,0.014789
202.04300713539124,0.24288,0.014715
202.0940444469452,0.24376,0.014787
202.14353203773499,0.24453,0.014778
202.1940495967865,0.24563,0.014771
202.24282360076904,0.24651,0.014752
202.2946994304657,0.24667,0.014716
202.346088886261,0.24755,0.014674
202.39339661598206,0.24968,0.01476
202.44700932502747,0.25053,0.014645
202.49956440925598,0.25141,0.014729
202.5491406917572,0.25253,0.014652
202.59945487976074,0.25277,0.01475
202.65271925926208,0.25459,0.014716
202.70113492012024,0.25475,0.014716
202.7541220188141,0.25645,0.014694
202.80673933029175,0.25741,0.014734
202.85601091384888,0.25763,0.014739
202.9062213897705,0.25837,0.014686
202.96101355552673,0.26048,0.014719
203.0058274269104,0.26147,0.014768
203.0581123828888,0.26128,0.014777
203.10682773590088,0.26339,0.014742
203.16037368774414,0.26331,0.014811
203.21071815490723,0.26408,0.014853
203.2585413455963,0.26539,0.014727
203.3127555847168,0.26637,0.014715
203.3627073764801,0.26819,0.014682
203.40979671478271,0.26925,0.014881
203.46244549751282,0.26933,0.014745
203.51020574569702,0.27024,0.014763
203.56423425674438,0.27128,0.014721
203.61220598220825,0.27309,0.014801
203.66365313529968,0.27411,0.014802
203.71298956871033,0.27421,0.014764
203.76577496528625,0.27512,0.01475
203.8128044605255,0.27605,0.014854
203.8689479827881,0.27739,0.014854
203.91480612754822,0.27832,0.014714
203.9684009552002,0.27917,0.014802
204.01832365989685,0.28013,0.014729
204.0700376033783,0.28115,0.014765
204.11914587020874,0.28213,0.014869
204.16881346702576,0.2832,0.014828
204.21858382225037,0.28421,0.014838
204.2675485610962,0.28491,0.014891
204.3181414604187,0.28616,0.014825
204.37405514717102,0.28704,0.014795
204.42334747314453,0.28808,0.01487
204.4709165096283,0.28901,0.014841
204.52029466629028,0.28979,0.014845
204.57602834701538,0.29104,0.014705
204.62407302856445,0.292,0.014808
204.6794900894165,0.29299,0.014826
204.72895097732544,0.29376,0.014814
204.78041696548462,0.29517,0.014697
204.82756423950195,0.29587,0.014773
204.879456281662,0.29683,0.014675
204.92878317832947,0.29792,0.014722
204.97908353805542,0.29883,0.014722
205.02876615524292,0.29893,0.014581
205.07982468605042,0.30075,0.014732
205.13359212875366,0.30195,0.014769
205.18220233917236,0.30288,0.014802
205.23178100585938,0.30285,0.014693
205.2821249961853,0.3048,0.014618
205.33056688308716,0.30573,0.01472
205.3824279308319,0.30691,0.014722
205.43534970283508,0.30771,0.014618
205.4834599494934,0.30765,0.014752
205.5416190624237,0.30883,0.014616
205.5928189754486,0.31075,0.01491
205.6410665512085,0.31168,0.014854
205.6913125514984,0.31283,0.014797
205.7411060333252,0.31368,0.014778
205.7969524860382,0.31355,0.014762
205.84598803520203,0.31576,0.014759
205.8953845500946,0.31648,0.014699
205.9504053592682,0.31808,0.014806
205.99875378608704,0.02536,0.014655
206.04985165596008,0.027733,0.014794
206.0993893146515,0.029627,0.014679
206.1495978832245,0.032453,0.014798
206.20151019096375,0.032427,0.014703
206.25051927566528,0.035227,0.014774
206.3003580570221,0.038213,0.014668
206.35200715065002,0.04392,0.014722
206.4005331993103,0.046987,0.014715
206.4520697593689,0.049947,0.014681
206.50217819213867,0.0528,0.014805
206.55446124076843,0.052933,0.014768
206.6065855026245,0.055733,0.014788
206.65576457977295,0.06008,0.014782
206.70681262016296,0.061493,0.014767
206.75611877441406,0.064213,0.014711
206.80827474594116,0.069733,0.014789
206.86022901535034,0.072507,0.014678
206.91042375564575,0.07528,0.014727
206.95750784873962,0.075093,0.01486
207.00894284248352,0.079387,0.014794
207.06335878372192,0.080373,0.014815
207.11087322235107,0.083253,0.014717
207.16265988349915,0.085973,0.014732
207.2154278755188,0.088773,0.0147
207.26822066307068,0.093973,0.014685
207.31628727912903,0.09648,0.014756
207.36735367774963,0.0992,0.014585
207.41750359535217,0.0996,0.014719
207.4642949104309,0.10192,0.014824
207.5212914943695,0.10429,0.01475
207.57125687599182,0.10805,0.014877
207.62007594108582,0.10805,0.014839
207.676602602005,0.10923,0.014766
207.72738552093506,0.11064,0.014812
207.77477836608887,0.11184,0.014744
207.82672333717346,0.11323,0.014832
207.87461042404175,0.11427,0.014695
207.92751836776733,0.11552,0.014721
207.97726678848267,0.11683,0.014681
208.02797484397888,0.11933,0.014878
208.0733301639557,0.12035,0.014694
208.13337111473083,0.12163,0.014741
208.1807370185852,0.12184,0.01471
208.23603415489197,0.12275,0.014762
208.28971457481384,0.12397,0.014685
208.3432638645172,0.12525,0.01474
208.3944263458252,0.12755,0.014848
208.44205164909363,0.12768,0.014703
208.49318480491638,0.12992,0.014711
208.54090404510498,0.13008,0.014741
208.59475469589233,0.13109,0.014739
208.64351749420166,0.13371,0.014736
208.69471430778503,0.13461,0.014801
208.74515461921692,0.13584,0.014692
208.7921850681305,0.13579,0.014656
208.8466763496399,0.13696,0.014778
208.89681601524353,0.13816,0.014755
208.9469153881073,0.13925,0.014718
208.99930691719055,0.14168,0.014698
209.0491237640381,0.14269,0.014689
209.09867882728577,0.14357,0.014675
209.1507658958435,0.14387,0.01465
209.20167541503906,0.14483,0.014705
209.2486011981964,0.14715,0.014686
209.30007219314575,0.14709,0.01476
209.35602617263794,0.14853,0.014803
209.4049460887909,0.14949,0.014712
209.45481777191162,0.15059,0.014774
209.5054931640625,0.15179,0.014693
209.5552852153778,0.15264,0.014772
209.60484433174133,0.15403,0.014755
209.65848875045776,0.156,0.014615
209.70891666412354,0.15613,0.014779
209.756840467453,0.15731,0.014721
209.80782866477966,0.15821,0.014547
209.85952925682068,0.15936,0.014693
209.90910863876343,0.16165,0.014727
209.9620680809021,0.16173,0.014785
210.01147723197937,0.16272,0.014717
210.06802606582642,0.16365,0.014747
210.11560988426208,0.16477,0.014697
210.1671278476715,0.16597,0.014725
210.21818566322327,0.16699,0.014699
210.26764798164368,0.16808,0.014808
210.31758308410645,0.16917,0.014711
210.37236976623535,0.17035,0.014591
210.42008781433105,0.17117,0.014786
210.47402000427246,0.17235,0.014751
210.52157855033875,0.17347,0.014773
210.57625198364258,0.17421,0.014777
210.62416052818298,0.17557,0.014783
210.67351531982422,0.17683,0.014754
210.72522234916687,0.17765,0.014728
210.77788400650024,0.17867,0.014704
210.82547545433044,0.1796,0.014803
210.87526607513428,0.18069,0.014947
210.92757868766785,0.18195,0.014724
210.97926568984985,0.18288,0.014712
211.02649688720703,0.18296,0.01486
211.07669711112976,0.18509,0.014793
211.12886428833008,0.18605,0.014715
211.17929577827454,0.18707,0.014727
211.23392605781555,0.18824,0.014714
211.2820975780487,0.18819,0.014672
211.33180212974548,0.18925,0.014715
211.38409328460693,0.1912,0.014635
211.4345543384552,0.19224,0.014746
211.4836082458496,0.19328,0.014752
211.5345118045807,0.19437,0.014696
211.58603310585022,0.1956,0.014718
211.63352131843567,0.19648,0.014678
211.69269609451294,0.19653,0.014605
211.74273419380188,0.19853,0.014745
211.79117941856384,0.19963,0.014736
211.84479236602783,0.20053,0.014763
211.89569282531738,0.20147,0.014677
211.94423127174377,0.20264,0.014697
211.99329209327698,0.2036,0.014772
212.04613542556763,0.20477,0.014621
212.0954041481018,0.20565,0.014731
212.14548707008362,0.20675,0.014705
212.1976237297058,0.20755,0.01471
212.24764370918274,0.20869,0.014689
212.29412007331848,0.20957,0.014813
212.3476243019104,0.21067,0.014718
212.39612674713135,0.21085,0.01471
212.44840478897095,0.21165,0.014787
212.49884366989136,0.21267,0.014719
212.54929423332214,0.21368,0.014599
212.5974040031433,0.21587,0.014649
212.65238070487976,0.21672,0.014734
212.70087099075317,0.21771,0.014625
212.75184440612793,0.21781,0.014774
212.8015739917755,0.21965,0.014683
212.85265612602234,0.22067,0.014777
212.9021315574646,0.22059,0.014696
212.95399951934814,0.22155,0.014765
213.00450682640076,0.22259,0.014763
213.05857706069946,0.22472,0.014818
213.11044645309448,0.22576,0.014763
213.16180038452148,0.22659,0.014735
213.2127981185913,0.22675,0.014598
213.26182341575623,0.22779,0.014658
213.31026649475098,0.22877,0.014584
213.3627803325653,0.23059,0.014678
213.4130048751831,0.23088,0.014549
213.46060299873352,0.23168,0.014558
213.51309418678284,0.23269,0.014579
213.56294631958008,0.23365,0.01456
213.6128053665161,0.23469,0.014697
213.66484379768372,0.23661,0.014659
213.71349215507507,0.23771,0.014613
213.76356506347656,0.23864,0.014582
213.8168761730194,0.23965,0.014776
213.86813044548035,0.23979,0.014663
213.9139609336853,0.24045,0.014635
213.96534371376038,0.24168,0.014775
214.01715207099915,0.24355,0.014767
214.0662136077881,0.24352,0.014699
214.11397671699524,0.24469,0.014725
214.16990995407104,0.24557,0.014694
214.2207899093628,0.24653,0.014683
214.27460861206055,0.24733,0.014596
214.32327938079834,0.24848,0.014731
214.37498712539673,0.24944,0.014724
214.42555141448975,0.25051,0.014663
214.47620391845703,0.25139,0.014724
214.52472591400146,0.25339,0.014658
214.57621097564697,0.25339,0.014625
214.62592816352844,0.25541,0.014725
214.6724865436554,0.25536,0.014706
214.72664189338684,0.2564,0.014627
214.77659797668457,0.25747,0.014618
214.82909846305847,0.25853,0.014703
214.88028240203857,0.25944,0.014631
214.93065190315247,0.26035,0.014698
214.97784447669983,0.26123,0.014718
215.0343635082245,0.26229,0.014752
215.0847566127777,0.26347,0.014713
215.13459491729736,0.2644,0.014811
215.1884627342224,0.26536,0.01473
215.23618125915527,0.26627,0.014689
215.2974910736084,0.26629,0.014755
215.34680843353271,0.2692,0.014706
215.39699482917786,0.26925,0.014703
215.44716334342957,0.27021,0.014822
215.49908661842346,0.27112,0.014868
215.54725742340088,0.27221,0.014687
215.60011792182922,0.27309,0.014673
215.64680314064026,0.27429,0.014843
215.70085406303406,0.27536,0.014833
215.74787068367004,0.27528,0.014787
215.7996072769165,0.27709,0.014793
215.85784339904785,0.27829,0.014699
215.90632677078247,0.2792,0.014766
215.9569218158722,0.28003,0.014761
216.00823783874512,0.28123,0.014821
216.05614042282104,0.28216,0.014792
216.10763669013977,0.28224,0.014709
216.15670108795166,0.28405,0.014781
216.2068395614624,0.28504,0.01486
216.2583873271942,0.286,0.014746
216.3075053691864,0.28707,0.014726
216.35952425003052,0.28811,0.014669
216.40591406822205,0.28893,0.014975
216.4597532749176,0.28995,0.014963
216.51027512550354,0.29075,0.014782
216.55942106246948,0.29181,0.014778
216.6077184677124,0.2928,0.014739
216.66132307052612,0.29384,0.014722
216.7130036354065,0.29491,0.014742
216.76183128356934,0.29589,0.014638
216.81192922592163,0.29597,0.014862
216.86168885231018,0.29672,0.014878
216.9120969772339,0.2976,0.014835
216.96424913406372,0.29901,0.014707
217.01263737678528,0.29984,0.014692
217.06492471694946,0.30152,0.014729
217.11227130889893,0.30176,0.014851
217.16339826583862,0.30368,0.014721
217.2113332748413,0.30371,0.014692
217.26663541793823,0.30453,0.014828
217.3156864643097,0.30568,0.014837
217.3661744594574,0.30653,0.014724
217.41958260536194,0.30755,0.014766
217.46864199638367,0.30968,0.014778
217.51719999313354,0.31061,0.014931
217.56852674484253,0.31147,0.014643
217.6197509765625,0.31171,0.014885
217.66934657096863,0.31357,0.014726
217.72580480575562,0.31432,0.014706
217.7754511833191,0.31451,0.014829
217.8254702091217,0.31549,0.014481
217.87271404266357,0.31629,0.014734
217.9270212650299,0.027733,0.014784
217.981281042099,0.027493,0.014658
218.03061199188232,0.029387,0.014805
218.08391499519348,0.029307,0.014678
218.13335967063904,0.031947,0.014645
218.18352508544922,0.0352,0.014739
218.23324251174927,0.037733,0.014841
218.2861521244049,0.04384,0.014766
218.33448028564453,0.046667,0.014783
218.3840081691742,0.046693,0.014615
218.4366180896759,0.049787,0.014789
218.4858889579773,0.052613,0.0147
218.54026007652283,0.055413,0.014664
218.5898838043213,0.058213,0.014749
218.63757967948914,0.060933,0.014894
218.6896357536316,0.066693,0.014923
218.74070858955383,0.06944,0.014695
218.79144287109375,0.072133,0.014919
218.84147787094116,0.072267,0.01482
218.88946652412415,0.074907,0.01472
218.9407205581665,0.077707,0.014803
218.99016046524048,0.080453,0.014822
219.04028415679932,0.083093,0.014754
219.09163522720337,0.085787,0.014864
219.1438970565796,0.088693,0.014844
219.19240832328796,0.093813,0.014774
219.24442100524902,0.093947,0.014872
219.29262351989746,0.0964,0.014778
219.34697794914246,0.09912,0.014847
219.39694356918335,0.10168,0.014789
219.44568037986755,0.10427,0.014707
219.50075817108154,0.10645,0.014835
219.54842519760132,0.10915,0.014889
219.59945797920227,0.10904,0.014824
219.6488127708435,0.11021,0.014702
219.6987965106964,0.11152,0.014944
219.75206089019775,0.11288,0.014838
219.80215644836426,0.11397,0.014828
219.84952759742737,0.11544,0.014713
219.90250492095947,0.11637,0.014882
219.95600819587708,0.11795,0.014612
220.00234580039978,0.11917,0.014729
220.05339169502258,0.12032,0.014549
220.1053774356842,0.12139,0.014767
220.1568579673767,0.12259,0.014726
220.20949268341064,0.12384,0.014774
220.25862789154053,0.12501,0.014766
220.30930733680725,0.12603,0.014698
220.3567090034485,0.12741,0.014731
220.4093315601349,0.12837,0.01473
220.4616367816925,0.12976,0.014638
220.5096743106842,0.13093,0.014762
220.56564259529114,0.132,0.014621
220.61601901054382,0.13331,0.014803
220.6661605834961,0.1344,0.01471
220.71605396270752,0.13557,0.01467
220.7700390815735,0.13685,0.014785
220.81931257247925,0.13795,0.01472
220.86683440208435,0.13904,0.014667
220.918639421463,0.14013,0.014709
220.96997213363647,0.14128,0.014768
221.0246024131775,0.14245,0.014755
221.07299709320068,0.14275,0.014787
221.12076449394226,0.14485,0.014884
221.17938947677612,0.14589,0.014782
221.22952938079834,0.14701,0.014716
221.27594876289368,0.14808,0.014695
221.3323690891266,0.14816,0.014726
221.3809266090393,0.15045,0.014842
221.4299864768982,0.1504,0.014695
221.48269486427307,0.15163,0.014875
221.53240752220154,0.15379,0.014707
221.58923721313477,0.15493,0.014761
221.63772773742676,0.15597,0.01485
221.6908037662506,0.15699,0.014747
221.73959636688232,0.15821,0.014841
221.78812074661255,0.15821,0.015016
221.83914399147034,0.16037,0.014902
221.89062762260437,0.16144,0.014825
221.9428436756134,0.16245,0.014769
221.99302291870117,0.16371,0.014774
222.04095792770386,0.16469,0.014801
222.09019780158997,0.16472,0.014824
222.14128947257996,0.16581,0.014789
222.192120552063,0.16699,0.014858
222.24445247650146,0.16915,0.014758
222.29477167129517,0.17003,0.014706
222.344797372818,0.17107,0.014803
222.39712285995483,0.17125,0.014662
222.4454357624054,0.17328,0.014857
222.49531197547913,0.17331,0.01484
222.55075240135193,0.17408,0.014974
222.59875535964966,0.17651,0.014729
222.65020084381104,0.17744,0.014758
222.70045638084412,0.17861,0.014805
222.75184297561646,0.17859,0.014891
222.80398869514465,0.17979,0.014792
222.85200142860413,0.18067,0.014669
222.90089201927185,0.18283,0.014741
222.9525010585785,0.18376,0.014807
223.0046660900116,0.18467,0.014526
223.0579228401184,0.18469,0.014734
223.10625791549683,0.18717,0.014833
223.15677881240845,0.18819,0.014742
223.21032571792603,0.18904,0.014742
223.2640085220337,0.19013,0.014689
223.31141090393066,0.19019,0.014678
223.36299777030945,0.1912,0.014741
223.41579675674438,0.19216,0.014712
223.46147847175598,0.19416,0.014779
223.51528000831604,0.19432,0.014753
223.56301426887512,0.19637,0.014722
223.62113189697266,0.19648,0.014764
223.67047357559204,0.19725,0.014902
223.72052669525146,0.19931,0.014836
223.774085521698,0.20045,0.014757
223.8245198726654,0.20125,0.014764
223.87270164489746,0.20157,0.01471
223.9231231212616,0.20229,0.014823
223.97474336624146,0.20347,0.014681
224.0233337879181,0.20435,0.014747
224.07358837127686,0.20531,0.014702
224.13031315803528,0.20648,0.014744
224.17819476127625,0.20864,0.014627
224.22735714912415,0.20843,0.014647
224.27807545661926,0.21043,0.014589
224.33415579795837,0.21037,0.014639
224.38226771354675,0.21136,0.014662
224.4328417778015,0.21253,0.014636
224.48094773292542,0.2136,0.014669
224.53425359725952,0.2136,0.014706
224.58578729629517,0.21667,0.014766
224.63229250907898,0.21771,0.014715
224.6851749420166,0.21763,0.0147
224.7383840084076,0.21875,0.014665
224.7904736995697,0.21952,0.014733
224.8430950641632,0.22048,0.014977
224.89436388015747,0.22163,0.014746
224.94245886802673,0.22264,0.014766
224.99633026123047,0.22371,0.014666
225.04458832740784,0.22565,0.014968
225.09920382499695,0.22568,0.014698
225.1476571559906,0.22683,0.014743
225.20052909851074,0.22739,0.014625
225.24980902671814,0.22853,0.01451
225.29767847061157,0.22957,0.014579
225.35043120384216,0.22957,0.014579
225.39997506141663,0.22957,0.014743
225.45051789283752,0.23347,0.014673
225.5055136680603,0.23371,0.014821
225.55441236495972,0.23483,0.014711
225.60196208953857,0.23544,0.014718
225.65288138389587,0.23659,0.014654
225.7071681022644,0.23755,0.014694
225.75350093841553,0.23861,0.01475
225.80792498588562,0.23939,0.014739
225.86268091201782,0.23955,0.014715
225.910875082016,0.24264,0.014777
225.96333837509155,0.24272,0.014881
226.01383686065674,0.24328,0.014861
226.06732869148254,0.24464,0.014754
226.116765499115,0.24533,0.014689
226.16797304153442,0.24661,0.014823
226.21556663513184,0.24741,0.01467
226.26458263397217,0.24821,0.014726
226.31764125823975,0.24925,0.014861
226.36634969711304,0.25048,0.014813
226.42380571365356,0.25123,0.014792
226.4725546836853,0.25205,0.014735
226.52229642868042,0.25325,0.014806
226.57251358032227,0.25429,0.014671
226.62274026870728,0.25549,0.014666
226.67547512054443,0.2564,0.014577
226.72288513183594,0.25736,0.014638
226.77475547790527,0.25837,0.014722
226.82643008232117,0.2592,0.014693
226.8734908103943,0.26037,0.014671
226.92543172836304,0.26131,0.014752
226.97616624832153,0.26216,0.014801
227.0261950492859,0.26333,0.014784
227.07708835601807,0.26416,0.014694
227.12722182273865,0.26512,0.014707
227.17989802360535,0.26624,0.014798
227.23125505447388,0.26645,0.014719
227.27773594856262,0.26816,0.014784
227.3313431739807,0.26928,0.014698
227.37845396995544,0.27011,0.014726
227.43076276779175,0.27117,0.014825
227.480042219162,0.27219,0.014701
227.531986951828,0.27325,0.014706
227.58372497558594,0.274,0.014703
227.63336658477783,0.27512,0.014844
227.68321657180786,0.27509,0.014799
227.73174929618835,0.27619,0.014777
227.78370356559753,0.2772,0.014783
227.8316261768341,0.27797,0.014777
227.88221263885498,0.27981,0.014652
227.93327975273132,0.28104,0.014788
227.98989391326904,0.28181,0.015012
228.0395896434784,0.28275,0.014711
228.089923620224,0.28392,0.014772
228.1371409893036,0.28483,0.014794
228.18841242790222,0.28581,0.014819
228.23820781707764,0.28685,0.014749
228.28966188430786,0.28789,0.014908
228.33948349952698,0.28803,0.014735
228.3920087814331,0.28987,0.014652
228.44200825691223,0.29069,0.01483
228.49209833145142,0.29072,0.014781
228.5427520275116,0.29179,0.014723
228.59211254119873,0.29267,0.014766
228.64156436920166,0.29352,0.014821
228.69053649902344,0.29589,0.014674
228.74452543258667,0.2956,0.014693
228.79520177841187,0.29757,0.014762
228.84546375274658,0.29787,0.014849
228.89435458183289,0.29869,0.014854
228.95196747779846,0.29965,0.014823
228.99991822242737,0.30051,0.01477
229.05097794532776,0.30267,0.014709
229.10270714759827,0.30355,0.014663
229.15662813186646,0.30469,0.014647
229.20600938796997,0.30461,0.01477
229.25570487976074,0.30563,0.014764
229.30506348609924,0.30661,0.014683
229.3565456867218,0.30763,0.014811
229.40990924835205,0.30861,0.014768
229.4579563140869,0.30947,0.014642
229.51238679885864,0.31141,0.014727
229.5671157836914,0.31163,0.01475
229.62005281448364,0.31331,0.014701
229.67120957374573,0.31363,0.014781
229.71959781646729,0.31453,0.014738
229.76751565933228,0.31664,0.014817
229.8183069229126,0.31757,0.014818
229.8672308921814,0.31763,0.014733
229.9218566417694,0.024853,0.014764
229.97151565551758,0.026667,0.014821
230.0216190814972,0.02912,0.014736
230.07629084587097,0.03496,0.014747
230.12423419952393,0.03792,0.014658
230.17538833618164,0.040933,0.014764
230.2261471748352,0.043733,0.014703
230.27736806869507,0.046587,0.014738
230.32639408111572,0.04672,0.014772
230.37879872322083,0.0496,0.014753
230.42937994003296,0.052507,0.014797
230.4781632423401,0.055253,0.014742
230.52904438972473,0.058027,0.014737
230.5824489593506,0.060987,0.014724
230.63132190704346,0.066587,0.014778
230.6836540699005,0.066533,0.014662
230.72895073890686,0.069307,0.015043
230.78481316566467,0.072027,0.014757
230.83287715911865,0.07744,0.014753
230.8856861591339,0.08024,0.014818
230.936133146286,0.0804,0.014727
230.9836437702179,0.082773,0.014779
231.03406381607056,0.085813,0.014727
231.08489298820496,0.088213,0.014851
231.13610005378723,0.088347,0.014635
231.18813395500183,0.093387,0.014785
231.23513746261597,0.09624,0.014803
231.28868293762207,0.098693,0.014736
231.3391900062561,0.10139,0.014713
231.38965392112732,0.10408,0.014739
231.43967938423157,0.10645,0.014882
231.49072122573853,0.1076,0.014959
231.54300546646118,0.10891,0.014821
231.5920135974884,0.11016,0.014867
231.64287042617798,0.11152,0.014705
231.7022614479065,0.11285,0.014743
231.74959588050842,0.11392,0.014825
231.8013620376587,0.11525,0.014781
231.85152912139893,0.11656,0.014779
231.898907661438,0.11763,0.014751
231.94784688949585,0.12003,0.014809
232.0090847015381,0.12027,0.014767
232.05795168876648,0.12133,0.014681
232.1084668636322,0.12259,0.014782
232.1584312915802,0.12368,0.014793
232.21120285987854,0.12507,0.014748
232.26362919807434,0.12523,0.014809
232.31256699562073,0.12731,0.014831
232.3627483844757,0.12848,0.0147
232.41433477401733,0.12984,0.014768
232.46324849128723,0.13093,0.014729
232.51463794708252,0.132,0.014741
232.565025806427,0.13336,0.014644
232.61809635162354,0.13443,0.014794
232.66391563415527,0.13549,0.014781
232.71762895584106,0.1368,0.014775
232.76903700828552,0.13779,0.014722
232.81824207305908,0.13893,0.0146
232.8690266609192,0.14032,0.014641
232.92148756980896,0.14147,0.014684
232.9700095653534,0.14248,0.014688
233.02416706085205,0.14355,0.01483
233.07061553001404,0.14459,0.014832
233.1226692199707,0.14587,0.014685
233.17849278450012,0.14707,0.014746
233.22819924354553,0.14808,0.014768
233.27618074417114,0.14933,0.014689
233.3250377178192,0.15043,0.014635
233.3736653327942,0.15147,0.014711
233.42542266845703,0.15245,0.014703
233.47630739212036,0.15267,0.01469
233.5284459590912,0.15501,0.014629
233.58217644691467,0.15616,0.014778
233.63427829742432,0.15709,0.014726
233.68435645103455,0.15845,0.014759
233.73749923706055,0.15835,0.014725
233.78686475753784,0.16043,0.014785
233.8365125656128,0.16037,0.014756
233.8878936767578,0.16251,0.014692
233.9386875629425,0.16384,0.014773
233.9872682094574,0.16475,0.01467
234.05122208595276,0.1656,0.014702
234.0971975326538,0.16675,0.014606
234.1497678756714,0.16795,0.01463
234.2008192539215,0.16888,0.014676
234.2517967224121,0.17008,0.01482
234.30234217643738,0.17101,0.014781
234.35805249214172,0.172,0.014741
234.40844416618347,0.17325,0.014767
234.45726323127747,0.17325,0.014762
234.50979733467102,0.17547,0.014826
234.55933475494385,0.17624,0.014677
234.6085066795349,0.17752,0.014581
234.65562081336975,0.17848,0.014672
234.7141695022583,0.17944,0.014741
234.7586874961853,0.17973,0.014717
234.8111288547516,0.18179,0.014683
234.86370468139648,0.18275,0.01467
234.91230511665344,0.18376,0.014649
234.96444177627563,0.18488,0.01467
235.01327800750732,0.18584,0.01481
235.06289935112,0.18699,0.014616
235.1162121295929,0.1872,0.014619
235.1676321029663,0.18824,0.014755
235.2157130241394,0.19016,0.014678
235.2670121192932,0.19093,0.014736
235.32186913490295,0.19197,0.014727
235.37324786186218,0.19312,0.01474
235.4281713962555,0.19408,0.01473
235.47765636444092,0.19531,0.014674
235.52629446983337,0.19539,0.014519
235.57595562934875,0.19736,0.014659
235.6255748271942,0.19848,0.014738
235.67908096313477,0.19933,0.014763
235.73067355155945,0.20051,0.014505
235.7781069278717,0.20043,0.014673
235.82960104942322,0.20141,0.014623
235.8787965774536,0.20347,0.014782
235.93016600608826,0.20456,0.014645
235.98235988616943,0.20541,0.01477
236.03009581565857,0.20661,0.014637
236.08192229270935,0.20664,0.01471
236.13199400901794,0.20739,0.014771
236.1805386543274,0.20853,0.014705
236.23154473304749,0.20957,0.014623
236.2822287082672,0.21056,0.014698
236.33114743232727,0.21163,0.014649
236.3808274269104,0.21368,0.014781
236.43507075309753,0.21352,0.014725
236.48361778259277,0.2156,0.014759
236.53484272956848,0.21549,0.014687
236.58487939834595,0.21675,0.014749
236.63584303855896,0.21747,0.014779
236.68500185012817,0.21877,0.014694
236.73693466186523,0.21965,0.014774
236.7843267917633,0.22077,0.014782
236.8356101512909,0.22232,0.014657
236.8852779865265,0.22264,0.014599
236.9355926513672,0.22376,0.014627
236.98717641830444,0.22456,0.014801
237.04095339775085,0.22581,0.014681
237.09288668632507,0.22667,0.014773
237.1366527080536,0.22776,0.014814
237.1941397190094,0.22864,0.014785
237.24396467208862,0.23083,0.014682
237.29320907592773,0.23048,0.014882
237.3432605266571,0.23165,0.014768
237.39335536956787,0.23376,0.014785
237.44527888298035,0.23459,0.01471
237.4921691417694,0.23464,0.014696
237.5461449623108,0.23568,0.014821
237.59860134124756,0.23763,0.014589
237.64950132369995,0.23779,0.014635
237.70072221755981,0.23869,0.014759
237.74916410446167,0.23979,0.014697
237.80037903785706,0.24051,0.014754
237.85194444656372,0.24184,0.014863
237.9008858203888,0.24264,0.014806
237.95090627670288,0.24363,0.014785
238.00252151489258,0.24451,0.014764
238.05077147483826,0.24547,0.014682
238.10199904441833,0.24653,0.014707
238.15306854248047,0.24741,0.01469
238.2065064907074,0.24755,0.014771
238.257506608963,0.24957,0.014753
238.304749250412,0.25051,0.014649
238.35529160499573,0.25152,0.014811
238.40759205818176,0.25267,0.014725
238.45697379112244,0.2536,0.014715
238.50472831726074,0.25432,0.014713
238.55705165863037,0.2544,0.014654
238.60952019691467,0.25659,0.014769
238.65782403945923,0.25728,0.014663
238.71107935905457,0.25739,0.014654
238.75902223587036,0.25912,0.014637
238.80919575691223,0.26024,0.014727
238.86249613761902,0.26035,0.014623
238.91358137130737,0.26133,0.01462
238.9622926712036,0.26216,0.014683
239.01336455345154,0.26328,0.014625
239.05995988845825,0.26413,0.014588
239.11158227920532,0.26627,0.014617
239.162278175354,0.26709,0.014698
239.2209804058075,0.26816,0.014744
239.2685854434967,0.26917,0.014741
239.321222782135,0.26915,0.014675
239.3732612133026,0.27029,0.014798
239.42127323150635,0.27128,0.014662
239.47394490242004,0.27208,0.014787
239.5227198600769,0.27355,0.014642
239.57340741157532,0.27533,0.014759
239.6261534690857,0.27637,0.014805
239.67822742462158,0.27733,0.014701
239.72731280326843,0.27808,0.014795
239.7776038646698,0.27787,0.014686
239.82552289962769,0.27904,0.014729
239.8782684803009,0.27989,0.014582
239.92873644828796,0.28112,0.014652
239.97934770584106,0.28205,0.014623
240.0272376537323,0.28392,0.014772
240.0822355747223,0.28496,0.014694
240.13330388069153,0.28589,0.014878
240.1836462020874,0.28685,0.014776
240.23329734802246,0.28792,0.014821
240.28159856796265,0.28787,0.014669
240.3301396369934,0.28891,0.014711
240.38414406776428,0.29003,0.014865
240.43513822555542,0.29075,0.014713
240.48274946212769,0.2928,0.014797
240.53400802612305,0.29373,0.014755
240.5845444202423,0.29472,0.014726
240.6354775428772,0.29469,0.014803
240.6883635520935,0.29667,0.014758
240.73939275741577,0.29685,0.014726
240.78640508651733,0.29768,0.01472
240.84022974967957,0.29963,0.014786
240.89315128326416,0.30069,0.014677
240.94214415550232,0.30173,0.014666
240.99016761779785,0.30256,0.014798
241.04284954071045,0.30264,0.01464
241.0900752544403,0.30352,0.014767
241.1436791419983,0.30459,0.014726
241.1936855316162,0.30448,0.014714
241.24545168876648,0.30765,0.014712
241.29467678070068,0.30848,0.014878
241.34234166145325,0.30861,0.014805
241.39968180656433,0.30965,0.014788
241.45239329338074,0.31045,0.014722
241.4998230934143,0.31141,0.014729
241.555260181427,0.31339,0.014772
241.6061601638794,0.31445,0.01476
241.6555097103119,0.31427,0.01477
241.70543694496155,0.31549,0.014704
241.75602793693542,0.31635,0.01477
241.80897855758667,0.31739,0.014587
241.85871529579163,0.026933,0.014699
241.90952324867249,0.026933,0.014726
241.95877599716187,0.0288,0.014679
242.00877785682678,0.03168,0.014707
242.06401228904724,0.034507,0.014699
242.11737489700317,0.037493,0.01482
242.16510725021362,0.040667,0.014672
242.23359155654907,0.043627,0.014734
242.2844741344452,0.049467,0.014829
242.3318269252777,0.052347,0.014955
242.38324570655823,0.052373,0.01461
242.4371554851532,0.058,0.014822
242.48460626602173,0.058133,0.014661
242.53818488121033,0.06088,0.014603
242.58669757843018,0.0636,0.014892
242.63527607917786,0.06648,0.014699
242.68809413909912,0.072027,0.01473
242.73617839813232,0.074747,0.01469
242.79077744483948,0.077467,0.014784
242.84020400047302,0.077413,0.014717
242.88899898529053,0.080267,0.014631
242.9377884864807,0.080293,0.014779
242.99058842658997,0.088187,0.014732
243.0398395061493,0.088187,0.014785
243.08833503723145,0.093387,0.014834
243.14099216461182,0.093627,0.014793
243.1911165714264,0.09624,0.014833
243.24387907981873,0.098933,0.014851
243.29232096672058,0.10283,0.014866
243.34427499771118,0.10392,0.014843
243.4004671573639,0.1064,0.014783
243.45012068748474,0.10904,0.014771
243.502121925354,0.10928,0.014682
243.5527639389038,0.11048,0.014809
243.60243463516235,0.11139,0.014758
243.6572060585022,0.11277,0.014826
243.7061288356781,0.11413,0.01477
243.7558889389038,0.11656,0.014672
243.8051736354828,0.11776,0.014816
243.86303639411926,0.11789,0.014794
243.91298651695251,0.11901,0.014598
243.9630286693573,0.12019,0.014726
244.01125264167786,0.12133,0.014621
244.06023931503296,0.12272,0.014667
244.11243557929993,0.12384,0.014639
244.16282558441162,0.1264,0.014509
244.21315741539001,0.12632,0.014662
244.26748490333557,0.12728,0.014719
244.3172047138214,0.12867,0.014844
244.36607956886292,0.12995,0.014749
244.41793847084045,0.13088,0.014722
244.46765851974487,0.132,0.014646
244.51752948760986,0.13331,0.0147
244.5685749053955,0.13453,0.014627
244.62147617340088,0.13555,0.014743
244.6702742576599,0.13664,0.014724
244.71843647956848,0.13789,0.014691
244.7683219909668,0.13925,0.014736
244.82226061820984,0.14013,0.014751
244.87187314033508,0.14139,0.014667
244.9233739376068,0.14245,0.014726
244.97354459762573,0.14368,0.014657
245.02165532112122,0.14461,0.014604
245.07369756698608,0.14491,0.014623
245.12339425086975,0.14707,0.014684
245.1765491962433,0.14829,0.014637
245.22664284706116,0.14949,0.014671
245.27786946296692,0.15029,0.014601
245.32826805114746,0.15155,0.014693
245.37612128257751,0.1528,0.01479
245.42721819877625,0.15352,0.014573
245.47768592834473,0.15491,0.014592
245.52841138839722,0.15605,0.014724
245.57899928092957,0.15696,0.014759
245.629629611969,0.15816,0.014567
245.68080234527588,0.15819,0.014807
245.7329399585724,0.16064,0.014707
245.7826271057129,0.16139,0.014603
245.8318281173706,0.16267,0.014698
245.88357591629028,0.16368,0.014642
245.9337239265442,0.1648,0.01473
245.98228812217712,0.16581,0.014691
246.03251147270203,0.16677,0.014649
246.08620643615723,0.16688,0.014729
246.13359212875366,0.16872,0.014762
246.1833860874176,0.16909,0.014793
246.23952627182007,0.17008,0.014741
246.29095101356506,0.17211,0.014706
246.34035444259644,0.17301,0.014707
246.39163517951965,0.17411,0.014755
246.43836760520935,0.17533,0.014716
246.48907256126404,0.17547,0.014806
246.5398144721985,0.17747,0.014835
246.59347248077393,0.17747,0.014783
246.64153385162354,0.17856,0.01473
246.69210577011108,0.18059,0.014824
246.7420256137848,0.18165,0.014822
246.79385566711426,0.18288,0.014702
246.84595370292664,0.18293,0.014679
246.89278316497803,0.18469,0.014846
246.94882035255432,0.18485,0.01467
246.99875903129578,0.18597,0.014534
247.04614305496216,0.18701,0.014769
247.10159468650818,0.18875,0.01462
247.1476604938507,0.19011,0.014701
247.20095038414001,0.19027,0.014794
247.2560510635376,0.19221,0.014705
247.30703830718994,0.192,0.014751
247.3558325767517,0.19312,0.014667
247.4097924232483,0.19416,0.014561
247.45853352546692,0.1952,0.014645
247.50881600379944,0.19728,0.014688
247.55875182151794,0.19827,0.014653
247.60742020606995,0.19832,0.01466
247.65976309776306,0.19909,0.01459
247.71287965774536,0.20035,0.014682
247.76239895820618,0.20237,0.014653
247.80945897102356,0.20235,0.014767
247.85897636413574,0.20344,0.014626
247.9122190475464,0.20427,0.014791
247.96568846702576,0.20547,0.014553
248.01282572746277,0.20635,0.014554
248.0706775188446,0.20739,0.014414
248.118581533432,0.20861,0.014599
248.16913390159607,0.21048,0.014702
248.2227749824524,0.21053,0.014749
248.27197360992432,0.2124,0.014758
248.32142400741577,0.21251,0.014686
248.37349581718445,0.21341,0.014732
248.4203588962555,0.21459,0.014635
248.47433733940125,0.21552,0.014513
248.52295446395874,0.21651,0.014626
248.5742666721344,0.21856,0.014677
248.62937355041504,0.21859,0.014807
248.67771863937378,0.21952,0.01469
248.72763991355896,0.22053,0.014621
248.77541065216064,0.22157,0.014639
248.8285961151123,0.22251,0.014724
248.8795871734619,0.22392,0.014748
248.9315025806427,0.22469,0.014692
248.97920608520508,0.22547,0.014635
249.02944612503052,0.22669,0.014687
249.08132982254028,0.22757,0.014667
249.13155889511108,0.22856,0.01466
249.18057775497437,0.2296,0.014654
249.23236727714539,0.23053,0.014609
249.28407311439514,0.23155,0.014773
249.33300185203552,0.23272,0.01465
249.39025378227234,0.23368,0.014814
249.43816804885864,0.23451,0.01474
249.48918628692627,0.23544,0.014634
249.53725409507751,0.23667,0.014634
249.58863067626953,0.23739,0.014707
249.6390564441681,0.23861,0.014715
249.69146943092346,0.23939,0.014677
249.74201226234436,0.2404,0.014685
249.7912735939026,0.24147,0.014739
249.84313488006592,0.24243,0.014771
249.89279007911682,0.24357,0.014851
249.942321062088,0.24464,0.014727
249.99326705932617,0.24552,0.014859
250.04889702796936,0.24552,0.014702
250.09700226783752,0.24653,0.014561
250.14542055130005,0.24853,0.014742
250.1961636543274,0.24949,0.014657
250.2517910003662,0.25045,0.014839
250.30405139923096,0.25139,0.014634
250.35080742835999,0.25235,0.014725
250.40575504302979,0.25339,0.014681
250.45636820793152,0.25448,0.014659
250.50444054603577,0.25533,0.014747
250.55478048324585,0.25608,0.014747
250.60427808761597,0.25715,0.014763
250.65547370910645,0.25819,0.014628
250.70556616783142,0.25819,0.014569
250.75765657424927,0.25928,0.014695
250.8120036125183,0.26013,0.014713
250.8602592945099,0.26227,0.014677
250.91522932052612,0.26323,0.014695
250.9643371105194,0.26429,0.014695
251.0107319355011,0.26512,0.014764
251.06475019454956,0.26608,0.014858
251.1160867214203,0.26717,0.01476
251.16531801223755,0.26725,0.014757
251.21715140342712,0.26805,0.014642
251.26666045188904,0.26925,0.014754
251.31571102142334,0.27096,0.014764
251.37232947349548,0.27208,0.01462
251.42074608802795,0.27307,0.014795
251.47124218940735,0.27381,0.014848
251.52221488952637,0.27501,0.014802
251.5719907283783,0.27512,0.014728
251.6231346130371,0.27603,0.014753
251.66818046569824,0.27699,0.014841
251.72277069091797,0.27808,0.014767
251.77537512779236,0.28005,0.014753
251.82288455963135,0.28107,0.014781
251.8746314048767,0.28203,0.014711
251.9244794845581,0.282,0.014747
251.97478890419006,0.28299,0.014787
252.02532505989075,0.28387,0.014716
252.07998251914978,0.28483,0.014767
252.12717843055725,0.28691,0.014688
252.17476749420166,0.28779,0.014773
252.22765135765076,0.28872,0.01477
252.27934432029724,0.28992,0.014807
252.3307590484619,0.28997,0.014786
252.37961792945862,0.2908,0.014601
252.4324653148651,0.29171,0.014947
252.4817681312561,0.29379,0.014738
252.53159832954407,0.29477,0.014747
252.58276534080505,0.29568,0.014771
252.63561153411865,0.29563,0.014765
252.68509030342102,0.29669,0.014651
252.7329399585724,0.29757,0.014801
252.78582954406738,0.29861,0.014663
252.83805227279663,0.29968,0.014651
252.88763117790222,0.30061,0.014568
252.93894505500793,0.30256,0.014884
252.98576641082764,0.30349,0.014836
253.0387921333313,0.30352,0.014661
253.09061551094055,0.3044,0.014627
253.13866448402405,0.30547,0.014736
253.189288854599,0.30653,0.014803
253.24841165542603,0.30747,0.014769
253.29896140098572,0.30856,0.014739
253.35016250610352,0.30952,0.014615
253.3996937274933,0.31043,0.014705
253.44932293891907,0.31139,0.014697
253.5004017353058,0.3124,0.014765
253.54797172546387,0.3144,0.014684
253.5949559211731,0.31445,0.014758
253.65172243118286,0.31568,0.014869
253.7003903388977,0.31659,0.014803
253.7492082118988,0.31755,0.014803
253.8002564907074,0.02824,0.014711
253.85506176948547,0.026453,0.014757
253.9054217338562,0.03168,0.014779
253.95394945144653,0.03184,0.01473
254.00325202941895,0.03768,0.014693
254.05299377441406,0.03776,0.014709
254.10349106788635,0.040213,0.014827
254.15466690063477,0.043493,0.014711
254.20621728897095,0.046453,0.014772
254.25810289382935,0.049413,0.014723
254.30371189117432,0.052053,0.014751
254.35640263557434,0.052373,0.014724
254.4086422920227,0.058,0.01472
254.456885099411,0.060747,0.014808
254.50990915298462,0.063653,0.014855
254.557701587677,0.0664,0.014801
254.60625386238098,0.06904,0.014681
254.65994691848755,0.071627,0.014741
254.71160197257996,0.074533,0.014918
254.75937795639038,0.07736,0.014832
254.81125736236572,0.079813,0.01472
254.86581802368164,0.082613,0.014709
254.91441345214844,0.085413,0.01477
254.9657745361328,0.088133,0.014817
255.01970171928406,0.090747,0.014713
255.06921458244324,0.09328,0.014769
255.12253594398499,0.09592,0.014706
255.1723370552063,0.098507,0.0148
255.2225170135498,0.10117,0.014731
255.27558135986328,0.10379,0.014795
255.32256484031677,0.10613,0.01482
255.3720338344574,0.10776,0.014802
255.42349076271057,0.10781,0.014759
255.4746437072754,0.11021,0.014777
255.52894496917725,0.11037,0.014793
255.57685375213623,0.11187,0.014649
255.6271631717682,0.11395,0.01475
255.6798710823059,0.11515,0.014842
255.72853183746338,0.11643,0.014802
255.77982687950134,0.11781,0.014811
255.82875967025757,0.11877,0.014773
255.87982511520386,0.11888,0.014818
255.93237781524658,0.12139,0.014826
255.98369765281677,0.12147,0.014772
256.03209137916565,0.12371,0.014902
256.08364701271057,0.12491,0.01474
256.1319658756256,0.12637,0.01485
256.1869390010834,0.12723,0.014897
256.239422082901,0.1284,0.014793
256.28653025627136,0.12944,0.014838
256.3418302536011,0.12968,0.014827
256.39165902137756,0.13067,0.014837
256.4387745857239,0.13192,0.014849
256.492059469223,0.13427,0.014683
256.5409719944,0.13549,0.014755
256.592276096344,0.13664,0.01471
256.6426682472229,0.13755,0.014759
256.69157576560974,0.13885,0.014723
256.7423369884491,0.13899,0.014742
256.79525899887085,0.14,0.014662
256.8453941345215,0.14104,0.014674
256.8993167877197,0.14235,0.014701
256.94639682769775,0.14443,0.014664
256.99462246894836,0.14573,0.014612
257.04808020591736,0.14691,0.014708
257.1011292934418,0.14795,0.014614
257.15199542045593,0.14835,0.014673
257.2000241279602,0.14907,0.014634
257.2505216598511,0.15029,0.014635
257.3028814792633,0.15133,0.014625
257.3540892601013,0.1536,0.014734
257.4048616886139,0.15459,0.014697
257.4530918598175,0.15571,0.014587
257.5033872127533,0.15576,0.014517
257.55430126190186,0.15677,0.014725
257.60442447662354,0.15803,0.014619
257.6558270454407,0.15909,0.014716
257.7119827270508,0.16139,0.014717
257.7633464336395,0.16229,0.014664
257.8145248889923,0.1624,0.014666
257.86283254623413,0.16349,0.01466
257.9117343425751,0.16467,0.014667
257.96625328063965,0.16563,0.014714
258.01458382606506,0.16669,0.014651
258.0677628517151,0.16912,0.014742
258.11751556396484,0.16992,0.014717
258.1667551994324,0.17029,0.014651
258.2188892364502,0.17117,0.014791
258.26802611351013,0.17227,0.014828
258.3193051815033,0.17301,0.014645
258.3689377307892,0.17525,0.014704
258.42055106163025,0.17603,0.014814
258.4681580066681,0.17755,0.014588
258.51926279067993,0.17741,0.014818
258.5705370903015,0.17869,0.014787
258.6187665462494,0.17952,0.014794
258.6694338321686,0.18064,0.014752
258.7263562679291,0.18179,0.014654
258.7788188457489,0.18275,0.014698
258.8246626853943,0.18379,0.01465
258.87797498703003,0.18496,0.014607
258.9267830848694,0.18589,0.014757
258.9777445793152,0.18709,0.014631
259.02856731414795,0.18805,0.014646
259.0779230594635,0.18928,0.014744
259.1299316883087,0.18995,0.014713
259.1793043613434,0.19109,0.014733
259.2262854576111,0.19197,0.014715
259.2775659561157,0.19208,0.014747
259.3268139362335,0.19419,0.014833
259.37871980667114,0.19531,0.014635
259.4300682544708,0.19621,0.014744
259.4781274795532,0.19731,0.014692
259.53115487098694,0.19821,0.014694
259.580828666687,0.19933,0.014669
259.6295585632324,0.20011,0.014653
259.68116211891174,0.2012,0.014662
259.73125767707825,0.20232,0.014655
259.7821614742279,0.20344,0.014645
259.83154010772705,0.20435,0.014591
259.8829143047333,0.20539,0.014581
259.932998418808,0.20547,0.014488
259.97984194755554,0.20749,0.014611
260.03259444236755,0.20859,0.014612
260.086998462677,0.20861,0.014575
260.1345548629761,0.20955,0.014664
260.1861991882324,0.21152,0.01467
260.2388000488281,0.21256,0.014716
260.28824758529663,0.21363,0.014759
260.33971095085144,0.21448,0.014556
260.39142417907715,0.21555,0.014603
260.438218832016,0.21568,0.014692
260.49008560180664,0.21744,0.014588
260.5418779850006,0.2176,0.014748
260.59331941604614,0.21869,0.014668
260.6447901725769,0.21965,0.014668
260.6934697628021,0.22053,0.014693
260.7448716163635,0.22155,0.014747
260.79924058914185,0.22344,0.014691
260.84875893592834,0.22453,0.014727
260.89904975891113,0.22568,0.01473
260.94733333587646,0.22643,0.014636
260.9982397556305,0.22672,0.014919
261.0488097667694,0.22752,0.01474
261.09885454177856,0.22859,0.014761
261.15166902542114,0.22952,0.014566
261.1986310482025,0.23029,0.014586
261.2513976097107,0.2316,0.014767
261.30099606513977,0.23245,0.014698
261.3578794002533,0.23443,0.014609
261.4061577320099,0.23536,0.014602
261.45835518836975,0.2356,0.014709
261.5090367794037,0.23648,0.014682
261.5577669143677,0.23744,0.014689
261.6123652458191,0.23851,0.014757
261.66316318511963,0.23941,0.014606
261.7170412540436,0.24131,0.014674
261.7681493759155,0.24224,0.014741
261.8170030117035,0.24253,0.014704
261.8652329444885,0.24336,0.014732
261.91938948631287,0.24435,0.014769
261.9725811481476,0.24523,0.014714
262.02399492263794,0.24736,0.014675
262.0754933357239,0.24837,0.014723
262.1253516674042,0.24931,0.014514
262.17386507987976,0.25032,0.014442
262.2291374206543,0.25019,0.014531
262.2768466472626,0.25133,0.014513
262.3251416683197,0.25253,0.014492
262.3788890838623,0.25435,0.014523
262.4346833229065,0.25525,0.014666
262.48712491989136,0.25523,0.014638
262.5375089645386,0.25629,0.014628
262.58905482292175,0.25717,0.014604
262.6383833885193,0.25803,0.014643
262.6890215873718,0.26027,0.014667
262.7382619380951,0.26136,0.01481
262.78802514076233,0.26219,0.014643
262.8447461128235,0.26317,0.014669
262.89140272140503,0.26325,0.014791
262.9453501701355,0.26421,0.014733
262.99441289901733,0.2652,0.014744
263.0410170555115,0.26613,0.014718
263.090234041214,0.26725,0.014835
263.1449570655823,0.26797,0.014691
263.192964553833,0.26995,0.014721
263.2482838630676,0.27,0.014669
263.2961757183075,0.27104,0.014701
263.34753012657166,0.27219,0.014737
263.39528799057007,0.27309,0.014733
263.4509720802307,0.27397,0.014863
263.49915194511414,0.27589,0.014754
263.54791045188904,0.27587,0.014635
263.5990061759949,0.27709,0.014694
263.6484308242798,0.27819,0.014798
263.6993064880371,0.27885,0.014753
263.74873304367065,0.27997,0.014745
263.80464339256287,0.28003,0.014825
263.8587667942047,0.28213,0.014779
263.90883469581604,0.28379,0.014741
263.9533519744873,0.28381,0.014779
264.00759720802307,0.28485,0.014783
264.0599744319916,0.28557,0.014758
264.107595205307,0.28672,0.014777
264.1601436138153,0.28768,0.014832
264.20982027053833,0.28851,0.014744
264.26137471199036,0.28984,0.014816
264.3146858215332,0.29037,0.014797
264.36313343048096,0.29251,0.014833
264.4125626087189,0.29261,0.014891
264.4639251232147,0.29368,0.014863
264.5101594924927,0.29459,0.014734
264.56590509414673,0.29549,0.014841
264.6232385635376,0.29669,0.0148
264.6729521751404,0.29875,0.014776
264.7225308418274,0.29955,0.014762
264.7746880054474,0.29931,0.014711
264.827356338501,0.30032,0.014798
264.87585258483887,0.30152,0.014707
264.9256649017334,0.3024,0.014842
264.97679448127747,0.30344,0.014824
265.02762722969055,0.30429,0.014838
265.07714891433716,0.30536,0.01483
265.1261975765228,0.30635,0.014843
265.17817854881287,0.30739,0.014767
265.23414516448975,0.30835,0.014763
265.284969329834,0.30936,0.014753
265.33083176612854,0.31024,0.014717
265.38459515571594,0.31133,0.014671
265.4380910396576,0.3124,0.014766
265.4891357421875,0.31344,0.014797
265.5360884666443,0.31435,0.014687
265.5921187400818,0.31541,0.014645
265.64156794548035,0.31637,0.014708
265.68887639045715,0.31733,0.014763
265.7433133125305,0.026347,0.014793
265.7928681373596,0.02656,0.014834
265.84142231941223,0.028587,0.014725
265.8932795524597,0.0316,0.014673
265.94395565986633,0.03448,0.014727
265.9915506839752,0.037387,0.014649
266.0429618358612,0.040293,0.014578
266.0925967693329,0.043333,0.014594
266.1472198963165,0.046347,0.014669
266.1972687244415,0.04928,0.014639
266.2457368373871,0.05224,0.014661
266.2964143753052,0.052107,0.014712
266.3454146385193,0.05768,0.014743
266.39840841293335,0.060613,0.014663
266.4482173919678,0.063413,0.014791
266.49686217308044,0.066133,0.014709
266.5480709075928,0.068827,0.014767
266.59475779533386,0.0716,0.014604
266.6479260921478,0.07416,0.014665
266.7022635936737,0.074773,0.01475
266.7477374076843,0.080187,0.014637
266.80020666122437,0.082747,0.014671
266.8540246486664,0.085067,0.01473
266.9017565250397,0.088,0.014812
266.95221734046936,0.08792,0.014759
267.0070631504059,0.09056,0.014731
267.05868315696716,0.095787,0.014694
267.1075177192688,0.09848,0.014722
267.1583414077759,0.10109,0.014718
267.2062485218048,0.10267,0.014739
267.2561810016632,0.10376,0.014785
267.31230998039246,0.10635,0.014864
267.3617630004883,0.10872,0.014801
267.41435623168945,0.1104,0.014734
267.46012473106384,0.11147,0.014795
267.51172733306885,0.11272,0.014857
267.5624635219574,0.11256,0.014856
267.612539768219,0.11531,0.014897
267.66524386405945,0.11627,0.014943
267.7184841632843,0.11741,0.014954
267.7699456214905,0.11864,0.014803
267.81718039512634,0.11989,0.014831
267.87624502182007,0.12005,0.014986
267.92634868621826,0.12261,0.014835
267.97449016571045,0.12368,0.014837
268.0274317264557,0.12467,0.014944
268.076687335968,0.12475,0.014858
268.12596106529236,0.12733,0.014882
268.1799359321594,0.12853,0.014897
268.2299151420593,0.12957,0.014963
268.2784411907196,0.12987,0.014843
268.3314094543457,0.13189,0.01475
268.3800485134125,0.13187,0.014696
268.4353816509247,0.13325,0.014915
268.48550605773926,0.13437,0.01477
268.5345160961151,0.13541,0.014796
268.5849106311798,0.138,0.014792
268.6356203556061,0.13792,0.014771
268.6853370666504,0.13896,0.014806
268.73215341567993,0.14021,0.01475
268.78501987457275,0.14141,0.014664
268.8376989364624,0.1424,0.014671
268.88567090034485,0.14363,0.014784
268.9372100830078,0.14469,0.014552
268.9883213043213,0.14691,0.014764
269.0389771461487,0.148,0.01473
269.0913064479828,0.14805,0.014731
269.13863825798035,0.14925,0.014699
269.1888151168823,0.15035,0.014647
269.2412750720978,0.15128,0.014671
269.28985118865967,0.1524,0.01475
269.34227895736694,0.15371,0.014782
269.3965606689453,0.15499,0.014662
269.44570112228394,0.15701,0.014651
269.4995279312134,0.15699,0.014827
269.54813718795776,0.15776,0.014747
269.5975956916809,0.15904,0.014654
269.65218591690063,0.16029,0.014747
269.70239996910095,0.16128,0.014715
269.75261187553406,0.16339,0.014754
269.8007433414459,0.16352,0.014761
269.8500602245331,0.16451,0.014764
269.9025762081146,0.16552,0.014557
269.9523742198944,0.16664,0.014702
270.001473903656,0.16779,0.014681
270.0561726093292,0.16888,0.014704
270.1081142425537,0.16992,0.014724
270.1566209793091,0.17096,0.014645
270.2055170536041,0.17205,0.014758
270.25893807411194,0.17328,0.01477
270.3113706111908,0.17531,0.01468
270.36145067214966,0.17512,0.014734
270.4108989238739,0.17629,0.014713
270.458594083786,0.17749,0.014658
270.51195788383484,0.17824,0.014736
270.5610761642456,0.17941,0.014723
270.61451268196106,0.18045,0.014689
270.6683397293091,0.18163,0.014768
270.71732354164124,0.18259,0.014727
270.7656991481781,0.18363,0.014654
270.81808280944824,0.18477,0.014639
270.8683397769928,0.18563,0.014774
270.9196584224701,0.18685,0.014857
270.97203731536865,0.18776,0.014644
271.0225121974945,0.18888,0.014775
271.0719530582428,0.19008,0.014794
271.1181449890137,0.19099,0.014839
271.16925978660583,0.19197,0.014729
271.2223982810974,0.19227,0.014811
271.2729756832123,0.194,0.014656
271.3249406814575,0.19531,0.014718
271.37146067619324,0.19616,0.014706
271.427273273468,0.19717,0.014709
271.4761230945587,0.19835,0.014759
271.5257637500763,0.19923,0.014847
271.58015513420105,0.20005,0.014587
271.62921595573425,0.20117,0.014626
271.68651008605957,0.20141,0.014673
271.7324028015137,0.20347,0.014675
271.7851755619049,0.20427,0.01459
271.8368535041809,0.20539,0.014654
271.8849563598633,0.20629,0.014635
271.936518907547,0.20725,0.014604
271.98735451698303,0.2084,0.014613
272.03953552246094,0.20925,0.014565
272.08859729766846,0.21053,0.014598
272.13770866394043,0.21064,0.014618
272.18934750556946,0.21248,0.014754
272.2405626773834,0.21349,0.014634
272.2899627685547,0.21453,0.014573
272.33886885643005,0.21563,0.014527
272.39156913757324,0.21651,0.014719
272.44188261032104,0.21755,0.014751
272.4918644428253,0.21771,0.014811
272.5410006046295,0.21877,0.014625
272.5933163166046,0.21861,0.014586
272.6423077583313,0.22147,0.014646
272.6947693824768,0.22283,0.014636
272.7475326061249,0.22269,0.014617
272.79529547691345,0.22363,0.014754
272.84903168678284,0.22557,0.014682
272.897527217865,0.22563,0.014807
272.94760370254517,0.2276,0.01468
273.0011820793152,0.22856,0.014647
273.0508065223694,0.22944,0.014573
273.099862575531,0.22947,0.014627
273.14899253845215,0.23061,0.014794
273.20196056365967,0.23165,0.014683
273.25331950187683,0.23235,0.014809
273.3047728538513,0.23355,0.014754
273.35251021385193,0.23453,0.014683
273.40232038497925,0.23635,0.014607
273.4544394016266,0.23749,0.014578
273.5023899078369,0.23851,0.014572
273.5558202266693,0.2388,0.014496
273.60636019706726,0.23941,0.014638
273.65543270111084,0.24037,0.014594
273.70359230041504,0.24144,0.014664
273.7575852870941,0.24267,0.014689
273.80661821365356,0.24336,0.01475
273.8577926158905,0.2444,0.014645
273.9079442024231,0.24539,0.014626
273.9560823440552,0.24637,0.01459
274.0083386898041,0.24733,0.014631
274.05835008621216,0.24851,0.014599
274.11183857917786,0.24939,0.014606
274.1605622768402,0.25043,0.01447
274.2136368751526,0.25147,0.014424
274.2605412006378,0.25237,0.014509
274.3128113746643,0.25339,0.014539
274.36293029785156,0.2544,0.014484
274.41237688064575,0.25541,0.014504
274.4633150100708,0.25651,0.014472
274.51248025894165,0.2572,0.014539
274.56415486335754,0.25821,0.014571
274.61800813674927,0.2592,0.014799
274.6668405532837,0.26037,0.014732
274.7200343608856,0.26131,0.014705
274.76810359954834,0.26213,0.014715
274.8213710784912,0.26413,0.014573
274.8738317489624,0.26429,0.014737
274.92340636253357,0.26515,0.014682
274.9767282009125,0.26605,0.014778
275.0237774848938,0.26709,0.01475
275.0744524002075,0.26808,0.014725
275.12735056877136,0.26805,0.014587
275.1781949996948,0.27021,0.014667
275.22630763053894,0.2712,0.014755
275.2786283493042,0.27203,0.014718
275.3309164047241,0.27291,0.014718
275.3772087097168,0.27373,0.014665
275.4327735900879,0.27504,0.014678
275.48179864883423,0.27488,0.014815
275.5329430103302,0.27683,0.014671
275.580766916275,0.27784,0.014764
275.6378388404846,0.27883,0.014686
275.685834646225,0.27968,0.01463
275.73698329925537,0.28085,0.014725
275.78779220581055,0.28173,0.014879
275.8371193408966,0.28277,0.014854
275.88984084129333,0.28373,0.014715
275.9389259815216,0.28475,0.014891
275.98867988586426,0.28568,0.014821
276.03843235969543,0.28544,0.01482
276.0906903743744,0.28667,0.014736
276.13947319984436,0.2884,0.014782
276.19175696372986,0.28963,0.014721
276.2397131919861,0.29056,0.014676
276.28983306884766,0.29173,0.01465
276.33951783180237,0.2928,0.014646
276.3945953845978,0.29272,0.014701
276.44538736343384,0.29352,0.014582
276.4949119091034,0.29581,0.01473
276.54237699508667,0.29683,0.014685
276.59560203552246,0.29661,0.01466
276.6498312950134,0.29859,0.014796
276.698771238327,0.29971,0.014646
276.74970841407776,0.29957,0.01469
276.80129408836365,0.30056,0.014842
276.85107159614563,0.30147,0.014683
276.8998980522156,0.30355,0.014771
276.9505708217621,0.30453,0.014696
277.00387716293335,0.30541,0.014702
277.05147647857666,0.30659,0.014718
277.0978674888611,0.30744,0.014825
277.1540277004242,0.30741,0.014687
277.2029073238373,0.30856,0.014688
277.2527651786804,0.30949,0.014738
277.30489015579224,0.31029,0.014704
277.35482239723206,0.31248,0.014787
277.4052629470825,0.31341,0.014759
277.4562475681305,0.3144,0.014647
277.5070421695709,0.31456,0.01464
277.5578656196594,0.31635,0.014887
277.6075921058655,0.31637,0.014766
277.65935492515564,0.31717,0.01469
277.7088143825531,0.024827,0.014729
277.75995779037476,0.02608,0.014768
277.8075017929077,0.02872,0.014718
277.8575508594513,0.034213,0.01466
277.9097993373871,0.037067,0.014634
277.95941042900085,0.040187,0.014693
278.00910782814026,0.040373,0.014722
278.0592212677002,0.043227,0.014739
278.11485528945923,0.046133,0.014629
278.16249442100525,0.048853,0.014703
278.2131173610687,0.05472,0.014669
278.2651517391205,0.057493,0.014754
278.31379866600037,0.057627,0.014737
278.37099266052246,0.060293,0.014701
278.41849160194397,0.06336,0.014685
278.4675555229187,0.065947,0.014794
278.5188512802124,0.068907,0.014692
278.5720100402832,0.071707,0.014775
278.62139678001404,0.074107,0.014747
278.6731662750244,0.077093,0.014731
278.7239887714386,0.079787,0.014666
278.77197766304016,0.0824,0.014779
278.82422494888306,0.08512,0.014723
278.8762092590332,0.08792,0.014723
278.92470622062683,0.090587,0.014765
278.9745843410492,0.093307,0.014808
279.02615547180176,0.095867,0.014761
279.0762269496918,0.098427,0.014754
279.12618708610535,0.10109,0.014823
279.17955446243286,0.1036,0.014845
279.22737669944763,0.10616,0.014805
279.27927803993225,0.10765,0.014774
279.3294048309326,0.10768,0.014888
279.37979197502136,0.10995,0.014894
279.4339687824249,0.11035,0.014943
279.4799134731293,0.11256,0.014919
279.52972984313965,0.11384,0.014845
279.58258867263794,0.11515,0.014997
279.634286403656,0.11629,0.014986
279.6849627494812,0.11763,0.014952
279.732882976532,0.1176,0.014783
279.78354930877686,0.12013,0.014947
279.8311014175415,0.12147,0.014947
279.8826234340668,0.12291,0.014911
279.9341468811035,0.12373,0.015009
279.98676204681396,0.12405,0.014955
280.0341637134552,0.12613,0.014951
280.0845875740051,0.12608,0.014863
280.1382212638855,0.12837,0.014823
280.18807768821716,0.12976,0.014899
280.2391369342804,0.13072,0.014845
280.2870819568634,0.13197,0.014897
280.3360912799835,0.13312,0.014838
280.38922452926636,0.13323,0.014718
280.4397292137146,0.13547,0.014829
280.4892702102661,0.13669,0.014747
280.5377690792084,0.13776,0.014691
280.58846616744995,0.13787,0.01474
280.6382348537445,0.14005,0.014763
280.68879985809326,0.13987,0.014742
280.74015069007874,0.14115,0.014662
280.79092240333557,0.14352,0.014793
280.84349632263184,0.14469,0.014681
280.8920307159424,0.14472,0.014801
280.940327167511,0.14672,0.014724
280.997047662735,0.14696,0.014574
281.04345083236694,0.14829,0.014625
281.0961034297943,0.15016,0.014668
281.1464190483093,0.15147,0.014581
281.19582748413086,0.15235,0.014709
281.24928307533264,0.15341,0.014684
281.2982029914856,0.15355,0.014683
281.3466258049011,0.15453,0.014763
281.39661741256714,0.15576,0.014653
281.4473469257355,0.15675,0.014683
281.4990692138672,0.15795,0.014555
281.55289125442505,0.15909,0.014691
281.60127997398376,0.16021,0.014608
281.6542236804962,0.16232,0.014607
281.70292019844055,0.16349,0.01474
281.7521595954895,0.16336,0.014651
281.80246758461,0.16445,0.0147
281.85383009910583,0.16555,0.014759
281.9026691913605,0.16667,0.014609
281.95599579811096,0.16776,0.01462
282.0049047470093,0.16992,0.014762
282.0536150932312,0.16992,0.014722
282.10573410987854,0.17104,0.014713
282.1561493873596,0.172,0.014718
282.2065272331238,0.17317,0.014617
282.25782346725464,0.17416,0.01474
282.3088529109955,0.17531,0.014779
282.3595600128174,0.17616,0.014778
282.4075183868408,0.17725,0.014658
282.4600474834442,0.1784,0.014769
282.51186871528625,0.17957,0.014851
282.5603930950165,0.18029,0.014773
282.6089916229248,0.18165,0.014791
282.66217041015625,0.18267,0.0148
282.7160642147064,0.18349,0.014863
282.76917910575867,0.18467,0.014775
282.8184423446655,0.18485,0.014789
282.86821722984314,0.18675,0.014792
282.9230799674988,0.18795,0.014927
282.97248101234436,0.18877,0.014809
283.02063393592834,0.18995,0.01488
283.0699679851532,0.19096,0.014954
283.1254322528839,0.19205,0.014853
283.1752371788025,0.19307,0.014936
283.22369933128357,0.19389,0.014795
283.27700328826904,0.19408,0.014673
283.32713055610657,0.19621,0.014954
283.3748970031738,0.19715,0.014842
283.42681550979614,0.19821,0.014795
283.4904487133026,0.19931,0.014681
283.539452791214,0.20043,0.014743
283.5941152572632,0.20139,0.014648
283.640353679657,0.20232,0.014703
283.6939537525177,0.20419,0.014679
283.74376940727234,0.20424,0.014694
283.79563164711,0.20541,0.014688
283.84328842163086,0.20632,0.014642
283.89438247680664,0.20733,0.014511
283.94847798347473,0.20835,0.014497
283.99705505371094,0.20925,0.014554
284.04788851737976,0.20925,0.014649
284.0962743759155,0.21147,0.014636
284.1469612121582,0.21256,0.014642
284.1959578990936,0.21341,0.014596
284.2518754005432,0.21419,0.014718
284.3030641078949,0.21544,0.014616
284.3506257534027,0.21637,0.014569
284.4019067287445,0.21768,0.014567
284.45380091667175,0.21859,0.014498
284.4995746612549,0.21939,0.014563
284.5533685684204,0.22045,0.014758
284.6033365726471,0.22171,0.014623
284.6559910774231,0.22184,0.014675
284.7036397457123,0.22349,0.014639
284.75597405433655,0.2236,0.014588
284.80412769317627,0.22539,0.014654
284.8612790107727,0.22659,0.01476
284.9083571434021,0.22757,0.014738
284.9605915546417,0.22859,0.014662
285.00941276550293,0.22965,0.014744
285.06269216537476,0.23048,0.014706
285.10942673683167,0.23139,0.014604
285.16625142097473,0.23237,0.014628
285.21666741371155,0.23251,0.014654
285.2661452293396,0.23379,0.014743
285.3159005641937,0.23448,0.014752
285.3694050312042,0.23651,0.01476
285.4251084327698,0.23749,0.014634
285.47360038757324,0.23859,0.01462
285.52806544303894,0.23947,0.014675
285.58160424232483,0.23941,0.014878
285.62920117378235,0.24136,0.014791
285.6787974834442,0.24235,0.014796
285.73194885253906,0.24336,0.014757
285.7784900665283,0.24453,0.014618
285.8313903808594,0.24555,0.014636
285.88156938552856,0.24605,0.014719
285.9309446811676,0.24621,0.014865
285.98143196105957,0.24829,0.014735
286.0327627658844,0.24856,0.014609
286.081684589386,0.24941,0.01459
286.13381123542786,0.25128,0.014691
286.1829037666321,0.25235,0.014412
286.2311358451843,0.25312,0.014641
286.28472423553467,0.25325,0.014678
286.3333556652069,0.25533,0.01466
286.3850061893463,0.25611,0.014536
286.43392872810364,0.25603,0.014666
286.484982252121,0.25696,0.014521
286.53504276275635,0.25837,0.014687
286.5824418067932,0.26021,0.014636
286.6366002559662,0.26107,0.014591
286.6877610683441,0.26213,0.014624
286.73850440979004,0.26205,0.014656
286.7876887321472,0.26336,0.014719
286.836989402771,0.26416,0.014745
286.8904027938843,0.26507,0.014835
286.93930220603943,0.26595,0.014814
286.9884216785431,0.26808,0.014746
287.04000782966614,0.26805,0.014754
287.0912358760834,0.2692,0.014679
287.13914132118225,0.27005,0.014691
287.1912066936493,0.27096,0.014722
287.2387342453003,0.27197,0.014695
287.29204750061035,0.27395,0.014723
287.34250688552856,0.27381,0.014616
287.3981227874756,0.27595,0.014642
287.44841718673706,0.27608,0.014689
287.49861693382263,0.27709,0.014612
287.5462510585785,0.27789,0.014649
287.5979673862457,0.27883,0.014676
287.6466636657715,0.27979,0.014712
287.6987588405609,0.28072,0.014638
287.74903869628906,0.28181,0.014651
287.80052280426025,0.28373,0.014691
287.84951639175415,0.28379,0.014708
287.90190148353577,0.28485,0.014721
287.95026111602783,0.28579,0.014707
288.00169348716736,0.28672,0.01487
288.0484311580658,0.28784,0.014674
288.1046724319458,0.28875,0.014752
288.14950680732727,0.28984,0.014852
288.2029001712799,0.29053,0.014801
288.2548909187317,0.29171,0.014755
288.3069236278534,0.29275,0.014684
288.35947012901306,0.29387,0.014702
288.41167306900024,0.2948,0.014808
288.4653515815735,0.29549,0.014871
288.51316714286804,0.29664,0.014786
288.5661611557007,0.29789,0.014772
288.61493587493896,0.29856,0.014789
288.66521692276,0.29955,0.014837
288.7166042327881,0.30048,0.014808
288.76578307151794,0.30128,0.014712
288.8169469833374,0.30251,0.014776
288.8676221370697,0.30427,0.014815
288.9170136451721,0.30469,0.014802
288.9671754837036,0.30533,0.014846
289.01806926727295,0.30643,0.014563
289.06620955467224,0.30739,0.01466
289.1216766834259,0.30741,0.014706
289.1720540523529,0.30917,0.014751
289.2227838039398,0.30941,0.014735
289.2713313102722,0.3104,0.014652
289.3218774795532,0.31237,0.01478
289.37101197242737,0.31325,0.014684
289.4234838485718,0.31352,0.014768
289.4730010032654,0.31429,0.014806
289.5185983181,0.31611,0.014858
289.571546792984,0.31645,0.014732
289.6241066455841,0.31731,0.014695
289.6735165119171,0.026267,0.014953
289.7251408100128,0.028667,0.015066
289.77322006225586,0.03136,0.014867
289.8262588977814,0.03424,0.014686
289.87438106536865,0.037093,0.014676
289.9280700683594,0.040027,0.014876
289.97739911079407,0.040187,0.014729
290.02437806129456,0.04328,0.014647
290.07454013824463,0.04888,0.014737
290.1316294670105,0.051867,0.014721
290.1819407939911,0.054693,0.01467
290.2292203903198,0.057493,0.014802
290.280752658844,0.060213,0.014728
290.3272476196289,0.060453,0.014713
290.38095474243164,0.063307,0.014694
290.43202662467957,0.068613,0.014797
290.4886999130249,0.071573,0.014754
290.53279542922974,0.071387,0.014682
290.588418006897,0.074133,0.014649
290.635550737381,0.07704,0.014801
290.68822145462036,0.079813,0.014723
290.74220848083496,0.0848,0.014665
290.7903559207916,0.087573,0.014729
290.84033036231995,0.08768,0.014779
290.8936393260956,0.090533,0.014797
290.9430601596832,0.09312,0.014817
290.99670934677124,0.095627,0.014998
291.0436055660248,0.098293,0.014815
291.09476256370544,0.10091,0.015001
291.14576268196106,0.10608,0.014857
291.19612312316895,0.10755,0.014969
291.2500286102295,0.10872,0.014956
291.2993550300598,0.10875,0.014925
291.3547375202179,0.11,0.015068
291.4063365459442,0.11125,0.015062
291.4546353816986,0.1124,0.015078
291.50778794288635,0.11373,0.015079
291.55718088150024,0.11637,0.015004
291.60698533058167,0.11749,0.014976
291.66107845306396,0.1188,0.01518
291.7086944580078,0.11891,0.015136
291.7626419067383,0.11989,0.015061
291.8129758834839,0.12131,0.015029
291.8641691207886,0.12253,0.015011
291.9116380214691,0.12341,0.015049
291.96466755867004,0.12597,0.015
292.0183000564575,0.12717,0.01489
292.0681993961334,0.1284,0.014994
292.1185064315796,0.1284,0.014926
292.1665463447571,0.12944,0.014888
292.2234432697296,0.13056,0.014854
292.26929473876953,0.13189,0.015037
292.3233199119568,0.13291,0.014879
292.37405276298523,0.13539,0.014927
292.4246869087219,0.13643,0.014875
292.47518491744995,0.13669,0.014933
292.53061032295227,0.13768,0.014817
292.58103823661804,0.1388,0.014873
292.6274197101593,0.14128,0.014797
292.67960238456726,0.14232,0.014789
292.7331132888794,0.14221,0.014715
292.77942085266113,0.14347,0.014748
292.8321888446808,0.14437,0.014731
292.87947487831116,0.14547,0.014624
292.93634700775146,0.14685,0.014658
292.9857075214386,0.148,0.014799
293.0352692604065,0.14896,0.014793
293.0887200832367,0.15024,0.014674
293.1407868862152,0.15136,0.014643
293.1898617744446,0.15229,0.014722
293.23963379859924,0.15333,0.014715
293.2928133010864,0.15429,0.014673
293.34439063072205,0.15563,0.014649
293.3925230503082,0.1568,0.014745
293.44878935813904,0.15877,0.014711
293.4967408180237,0.15997,0.014741
293.5499322414398,0.16011,0.014767
293.59828424453735,0.16221,0.014675
293.6472923755646,0.16325,0.014711
293.6999020576477,0.16451,0.014862
293.75156140327454,0.16448,0.014721
293.8001980781555,0.16557,0.014667
293.8562593460083,0.16771,0.01462
293.90606331825256,0.16763,0.014647
293.955002784729,0.16853,0.014803
294.0057604312897,0.16965,0.014781
294.06436371803284,0.17085,0.014796
294.1124835014343,0.17195,0.014531
294.1633517742157,0.17299,0.014879
294.21594738960266,0.17515,0.014749
294.26450204849243,0.17523,0.01491
294.3138813972473,0.17701,0.014851
294.3664426803589,0.17728,0.014746
294.4202537536621,0.17821,0.014957
294.4663608074188,0.17925,0.014864
294.52148389816284,0.18029,0.014972
294.56866240501404,0.1816,0.014883
294.61860036849976,0.18259,0.014957
294.6723008155823,0.18349,0.015039
294.72097516059875,0.18477,0.014926
294.76894545555115,0.18565,0.015062
294.8213994503021,0.18627,0.015025
294.8732330799103,0.18765,0.015041
294.9250998497009,0.18888,0.015043
294.97537755966187,0.18963,0.015071
295.0283908843994,0.19096,0.015074
295.0760335922241,0.19181,0.015009
295.1280975341797,0.19299,0.014892
295.1794533729553,0.19387,0.014968
295.2304039001465,0.19475,0.014971
295.2838318347931,0.19595,0.014922
295.332768201828,0.19693,0.014749
295.3827450275421,0.19784,0.014839
295.4317846298218,0.19901,0.014778
295.4813857078552,0.20003,0.014708
295.53485584259033,0.20133,0.014674
295.58839178085327,0.2012,0.014717
295.6356317996979,0.20424,0.01453
295.68803095817566,0.20413,0.014616
295.7380123138428,0.20512,0.014627
295.7880892753601,0.20629,0.014611
295.8388261795044,0.20725,0.01457
295.8873541355133,0.20832,0.014697
295.93588304519653,0.20928,0.01456
295.9875679016113,0.2104,0.014636
296.04114508628845,0.2112,0.014697
296.09002900123596,0.21243,0.01472
296.1387708187103,0.21331,0.014614
296.18993520736694,0.21336,0.01472
296.24030900001526,0.21523,0.014638
296.29473972320557,0.21533,0.014824
296.34413170814514,0.21744,0.014567
296.39245200157166,0.21821,0.01473
296.4424865245819,0.21928,0.014719
296.492000579834,0.22019,0.014656
296.5500614643097,0.22131,0.014627
296.6018371582031,0.22211,0.01479
296.6517984867096,0.22347,0.014719
296.70167422294617,0.22344,0.014629
296.7541205883026,0.2244,0.014709
296.8020167350769,0.22619,0.01474
296.8559548854828,0.22731,0.014689
296.908415555954,0.22843,0.014702
296.95699167251587,0.2284,0.014563
297.0091166496277,0.22923,0.014727
297.057740688324,0.23144,0.014708
297.10673451423645,0.23128,0.014665
297.15915846824646,0.23251,0.014767
297.20657658576965,0.23419,0.014637
297.2591896057129,0.23539,0.014677
297.31023693084717,0.23608,0.014603
297.35593724250793,0.23736,0.014727
297.4118330478668,0.23717,0.01478
297.45940685272217,0.23909,0.014802
297.50994658470154,0.24021,0.014791
297.5635652542114,0.24123,0.014784
297.6117317676544,0.24216,0.014741
297.66465735435486,0.24205,0.014828
297.7150774002075,0.24301,0.014881
297.76242780685425,0.24523,0.014878
297.81968784332275,0.24627,0.014815
297.8687746524811,0.24712,0.01485
297.92133688926697,0.24733,0.014834
297.96919465065,0.24808,0.014838
298.0220742225647,0.2492,0.014762
298.06845355033875,0.25027,0.014889
298.1222219467163,0.25117,0.014806
298.1724979877472,0.25192,0.014655
298.2233624458313,0.254,0.014701
298.27264070510864,0.25493,0.014722
298.3220958709717,0.25605,0.014582
298.3761239051819,0.25715,0.014527
298.4278380870819,0.25715,0.014717
298.4783809185028,0.25821,0.014513
298.52592849731445,0.25904,0.014586
298.577351808548,0.26003,0.014705
298.6294136047363,0.26093,0.014675
298.6787688732147,0.26187,0.014672
298.73096656799316,0.26395,0.014595
298.77981877326965,0.26475,0.014722
298.8296341896057,0.26504,0.014658
298.88127994537354,0.26581,0.014733
298.9305067062378,0.26693,0.014666
298.9807815551758,0.26779,0.014664
299.02941489219666,0.26909,0.014737
299.081707239151,0.26992,0.014693
299.1287639141083,0.27096,0.014812
299.1816990375519,0.27173,0.014647
299.23259377479553,0.274,0.014683
299.28038907051086,0.27373,0.014713
299.3334150314331,0.27496,0.014721
299.3804919719696,0.27563,0.014614
299.43277049064636,0.27677,0.014784
299.4790346622467,0.27789,0.014719
299.53724551200867,0.27893,0.014705
299.5874397754669,0.27989,0.014827
299.6434848308563,0.28085,0.014733
299.69149708747864,0.28184,0.014722
299.7412989139557,0.28264,0.014769
299.794992685318,0.2836,0.014707
299.84139108657837,0.28461,0.014789
299.8931317329407,0.28571,0.014779
299.94491505622864,0.28677,0.01473
299.9932613372803,0.28773,0.014681
300.0437984466553,0.28845,0.014771
300.0943603515625,0.28971,0.014723
300.146692276001,0.29043,0.014807
300.19989705085754,0.29168,0.014766
300.2509572505951,0.29235,0.014758
300.2989344596863,0.29344,0.014769
300.35072231292725,0.29448,0.014619
300.4014983177185,0.29539,0.014695
300.45231199264526,0.2964,0.014756
300.5020275115967,0.29728,0.014727
300.55182456970215,0.29837,0.014736
300.60257482528687,0.29928,0.014575
300.6543457508087,0.30029,0.014748
300.70309042930603,0.30157,0.014813
300.75267815589905,0.30269,0.014977
300.80610752105713,0.30341,0.014737
300.85497784614563,0.3044,0.014805
300.90207028388977,0.30541,0.014895
300.9555027484894,0.30563,0.01477
301.0035355091095,0.30648,0.014852
301.05873107910156,0.30723,0.014766
301.1060836315155,0.30933,0.01504
301.15921664237976,0.31029,0.014975
301.2104170322418,0.31123,0.014781
301.2587103843689,0.31224,0.014745
301.31175899505615,0.31221,0.0148
301.36042523384094,0.31429,0.014838
301.4104919433594,0.31512,0.014735
301.46502661705017,0.31597,0.014692
301.5132665634155,0.31696,0.014738
301.56586241722107,0.02664,0.014682
301.6144497394562,0.023973,0.014835
301.6659245491028,0.025387,0.014948
301.7165710926056,0.028,0.014889
301.77103090286255,0.033947,0.014725
301.82139110565186,0.036827,0.014657
301.86756229400635,0.039893,0.014687
301.9207966327667,0.042773,0.014664
301.97105264663696,0.042907,0.014672
302.0229721069336,0.04856,0.014798
302.0701222419739,0.04856,0.014846
302.12748098373413,0.051493,0.015057
302.1731457710266,0.054373,0.014777
302.22362327575684,0.060027,0.014695
302.27863359451294,0.060027,0.01459
302.3259491920471,0.065707,0.014811
302.3778920173645,0.065813,0.014769
302.4275379180908,0.071067,0.014789
302.4762327671051,0.073813,0.01472
302.5252983570099,0.07664,0.01486
302.5834393501282,0.076853,0.014888
302.63289618492126,0.079467,0.014904
302.6843230724335,0.08224,0.01482
302.7321810722351,0.0848,0.014878
302.7855019569397,0.087493,0.01481
302.83814215660095,0.09272,0.01482
302.89000391960144,0.095253,0.014778
302.94048595428467,0.097947,0.014806
302.9926407337189,0.099413,0.015007
303.04509568214417,0.10347,0.015038
303.0979063510895,0.10341,0.01499
303.1484544277191,0.10613,0.015109
303.1959795951843,0.10733,0.01528
303.2461030483246,0.10883,0.015051
303.2982428073883,0.11123,0.015172
303.3486328125,0.11237,0.015259
303.40114521980286,0.11371,0.015242
303.452707529068,0.11379,0.015199
303.5005702972412,0.11619,0.015374
303.5510346889496,0.11619,0.01521
303.60368752479553,0.11749,0.015297
303.657018661499,0.11976,0.015198
303.7040319442749,0.12112,0.015209
303.7583487033844,0.12104,0.015223
303.80726647377014,0.12328,0.015197
303.8596248626709,0.12349,0.01507
303.9114942550659,0.12461,0.014943
303.96350026130676,0.12597,0.014866
304.013215303421,0.12704,0.01495
304.0642669200897,0.12845,0.014928
304.1147036552429,0.13072,0.014335
304.16466879844666,0.13192,0.014933
304.2178204059601,0.13176,0.014733
304.2681109905243,0.13408,0.014901
304.31497025489807,0.13427,0.014855
304.36781072616577,0.13544,0.014776
304.41745686531067,0.13643,0.014731
304.4674789905548,0.13755,0.014679
304.5183455944061,0.13976,0.014589
304.574782371521,0.14109,0.014675
304.6226522922516,0.14093,0.014764
304.6792905330658,0.14224,0.014797
304.72845363616943,0.1432,0.014852
304.77658677101135,0.14456,0.014643
304.82963371276855,0.14568,0.014774
304.8761739730835,0.1468,0.014784
304.9293167591095,0.148,0.014666
304.978933095932,0.14893,0.014525
305.0276780128479,0.15008,0.014838
305.07851219177246,0.15112,0.014601
305.13088965415955,0.15245,0.014553
305.1806356906891,0.15349,0.014804
305.2289471626282,0.15461,0.014706
305.2797555923462,0.15555,0.014745
305.3391275405884,0.15685,0.014654
305.3907880783081,0.15779,0.014755
305.4397175312042,0.15901,0.014706
305.48894596099854,0.16109,0.014647
305.54433012008667,0.16117,0.014595
305.5918507575989,0.16229,0.014547
305.64326429367065,0.16336,0.014862
305.6940689086914,0.16435,0.0148
305.7416121959686,0.1652,0.014714
305.79290866851807,0.16643,0.014754
305.8439304828644,0.16779,0.014757
305.8922622203827,0.16763,0.014789
305.9451274871826,0.1696,0.014776
306.0008294582367,0.17077,0.014782
306.0500690937042,0.17171,0.014821
306.09900546073914,0.17307,0.014894
306.1505937576294,0.17408,0.014797
306.2021441459656,0.17421,0.014847
306.2513802051544,0.17603,0.014978
306.3005003929138,0.1772,0.014892
306.35059332847595,0.17843,0.014933
306.4024682044983,0.17931,0.015048
306.45193910598755,0.18021,0.015033
306.50297689437866,0.18115,0.014988
306.55314111709595,0.1824,0.015171
306.6048288345337,0.18333,0.015251
306.65747237205505,0.18472,0.015101
306.7067229747772,0.18461,0.015163
306.75731778144836,0.18557,0.015157
306.8084774017334,0.18752,0.015167
306.86182141304016,0.18859,0.015236
306.9090967178345,0.18979,0.015139
306.9604732990265,0.19091,0.01507
307.01620292663574,0.19179,0.014948
307.0654504299164,0.19264,0.015002
307.11710119247437,0.19381,0.015067
307.16583490371704,0.19499,0.015011
307.21806144714355,0.19621,0.015039
307.2680914402008,0.19685,0.014983
307.3165144920349,0.19797,0.014861
307.3685665130615,0.19888,0.014891
307.41713786125183,0.19984,0.014799
307.4680161476135,0.20008,0.014729
307.519570350647,0.20093,0.014658
307.56621074676514,0.20301,0.014718
307.61854362487793,0.20403,0.014736
307.6696057319641,0.20517,0.014598
307.72248101234436,0.20611,0.014649
307.77126908302307,0.20709,0.014689
307.82583022117615,0.20728,0.014669
307.8746163845062,0.20819,0.014491
307.9236855506897,0.21027,0.014472
307.974734544754,0.21123,0.014623
308.0234799385071,0.21229,0.014637
308.07819414138794,0.21219,0.014675
308.1274425983429,0.21445,0.014577
308.179034948349,0.21555,0.014592
308.23047161102295,0.21531,0.014686
308.2788679599762,0.2172,0.014648
308.3288276195526,0.21805,0.014635
308.3758246898651,0.21923,0.014434
308.42717719078064,0.22016,0.014647
308.49074387550354,0.22021,0.01462
308.5378186702728,0.22133,0.014633
308.5911955833435,0.22333,0.014584
308.63898038864136,0.22437,0.014736
308.69147181510925,0.22531,0.014581
308.73947262763977,0.22621,0.014605
308.78985357284546,0.22637,0.014659
308.838764667511,0.22739,0.014685
308.89063930511475,0.22939,0.014664
308.93830609321594,0.23013,0.014567
308.9889726638794,0.23032,0.014733
309.043062210083,0.23139,0.014763
309.0939230918884,0.23224,0.014868
309.144282579422,0.23336,0.014732
309.1909382343292,0.23435,0.014746
309.2448351383209,0.23531,0.014729
309.290997505188,0.23728,0.014757
309.3425781726837,0.23752,0.014767
309.3967888355255,0.23827,0.014858
309.4461853504181,0.23912,0.014829
309.4979636669159,0.24024,0.014971
309.5482337474823,0.24112,0.014981
309.5959129333496,0.24309,0.014961
309.6462154388428,0.24419,0.01494
309.6995267868042,0.2452,0.015242
309.7483835220337,0.24533,0.015076
309.7982919216156,0.24605,0.015169
309.8496079444885,0.24709,0.015188
309.89909267425537,0.24824,0.01501
309.94980120658875,0.24928,0.015016
310.00527024269104,0.25005,0.015041
310.0585267543793,0.25205,0.014916
310.1080207824707,0.25296,0.014867
310.15673780441284,0.25317,0.014949
310.2053551673889,0.25403,0.014781
310.2589626312256,0.25483,0.014635
310.3081088066101,0.25595,0.014883
310.3582763671875,0.25691,0.014797
310.409627199173,0.25784,0.014611
310.46059107780457,0.25907,0.014577
310.5110399723053,0.26011,0.014664
310.557169675827,0.26101,0.014515
310.6130566596985,0.26203,0.014648
310.66238594055176,0.26293,0.014582
310.7114450931549,0.26389,0.014591
310.7654023170471,0.2648,0.01458
310.8150565624237,0.26568,0.014691
310.86395740509033,0.26685,0.014777
310.91761326789856,0.26789,0.014696
310.967342376709,0.2688,0.014605
311.01608753204346,0.26973,0.01467
311.06743025779724,0.27075,0.014712
311.11672019958496,0.27165,0.014693
311.16882276535034,0.272,0.014706
311.21899342536926,0.27376,0.014742
311.2687244415283,0.27443,0.014815
311.318412065506,0.27557,0.014609
311.369286775589,0.27677,0.014747
311.4190282821655,0.27683,0.014638
311.4693167209625,0.27867,0.01477
311.52425384521484,0.27987,0.014651
311.5721573829651,0.27976,0.014718
311.62360525131226,0.28192,0.014727
311.6737847328186,0.28261,0.014653
311.7235908508301,0.28261,0.014643
311.77315378189087,0.28347,0.014621
311.82506799697876,0.28573,0.014695
311.87312269210815,0.28648,0.014796
311.925918340683,0.28771,0.014795
311.97866010665894,0.28859,0.014702
312.02669954299927,0.28952,0.01463
312.07797408103943,0.28941,0.01484
312.12702465057373,0.29056,0.014818
312.1802191734314,0.29144,0.014488
312.2257010936737,0.2924,0.014767
312.2792749404907,0.29443,0.014742
312.3293285369873,0.29461,0.014874
312.3799533843994,0.29643,0.014819
312.43806409835815,0.29731,0.014711
312.48527121543884,0.29845,0.014807
312.5337870121002,0.29931,0.014804
312.58884620666504,0.29941,0.014929
312.64128971099854,0.30045,0.014889
312.69011998176575,0.30152,0.014783
312.74165439605713,0.30224,0.01488
312.79240250587463,0.30419,0.01474
312.83999729156494,0.30528,0.014779
312.8948903083801,0.30616,0.014825
312.9442880153656,0.30712,0.014697
312.99607133865356,0.30835,0.014871
313.044718503952,0.3092,0.01473
313.09436798095703,0.30933,0.014793
313.14284491539,0.3104,0.01485
313.19661593437195,0.3112,0.014741
313.2471580505371,0.31224,0.014837
313.2947187423706,0.314,0.014681
313.34699153900146,0.31515,0.014711
313.399786233902,0.316,0.01466
313.44870948791504,0.31699,0.014741
313.49832701683044,0.31693,0.014786
313.5493710041046,0.024267,0.014645
313.60239815711975,0.025493,0.014794
313.65253043174744,0.027893,0.014851
313.7011272907257,0.03368,0.014786
313.75211238861084,0.034053,0.014665
313.8021912574768,0.036907,0.014633
313.8532061576843,0.039653,0.014608
313.90114855766296,0.042667,0.014827
313.9584665298462,0.04856,0.014747
314.00704646110535,0.048507,0.014681
314.05672883987427,0.051547,0.014825
314.109267950058,0.0572,0.014687
314.15860748291016,0.060133,0.014742
314.2085471153259,0.060107,0.01475
314.25680685043335,0.062587,0.014691
314.3132519721985,0.06552,0.014681
314.36324524879456,0.068373,0.014648
314.41850304603577,0.070827,0.014785
314.4638442993164,0.073867,0.01476
314.51713585853577,0.0792,0.014735
314.5675663948059,0.0792,0.014799
314.6198060512543,0.082133,0.014797
314.6701922416687,0.084507,0.014975
314.71847319602966,0.087573,0.014804
314.77772760391235,0.089947,0.014801
314.8259069919586,0.092507,0.01497
314.8754518032074,0.095493,0.01488
314.9292356967926,0.098027,0.01485
314.9776475429535,0.10056,0.014936
315.02747917175293,0.10333,0.015057
315.07664227485657,0.10579,0.015157
315.1257336139679,0.10739,0.015401
315.17904353141785,0.10867,0.015089
315.23088335990906,0.10856,0.01529
315.2807836532593,0.11245,0.015477
315.3318111896515,0.1124,0.01555
315.3767695426941,0.11381,0.015577
315.42773723602295,0.11515,0.015475
315.481965303421,0.11629,0.015507
315.5321364402771,0.11715,0.015607
315.58274245262146,0.11867,0.015499
315.6331555843353,0.11989,0.015473
315.68127632141113,0.1212,0.015301
315.73332357406616,0.12227,0.015279
315.78143429756165,0.12339,0.015333
315.8346493244171,0.12451,0.014904
315.8888535499573,0.12472,0.014821
315.9373655319214,0.12699,0.014842
315.9878513813019,0.12811,0.014717
316.038058757782,0.12928,0.014748
316.09117245674133,0.13061,0.014721
316.1377041339874,0.13176,0.014707
316.19298243522644,0.13293,0.014577
316.2438328266144,0.13432,0.014679
316.2961323261261,0.13528,0.014775
316.34756112098694,0.13515,0.014852
316.3961069583893,0.13755,0.014569
316.44622778892517,0.13869,0.01461
316.4943358898163,0.13971,0.014667
316.5473916530609,0.14109,0.014665
316.59819293022156,0.14219,0.014635
316.6510879993439,0.14323,0.014742
316.69677329063416,0.14435,0.014692
316.74803280830383,0.14461,0.014513
316.801207780838,0.14667,0.014665
316.8497779369354,0.14688,0.01476
316.90157651901245,0.14784,0.014688
316.9529752731323,0.14912,0.014647
317.0017476081848,0.15139,0.014676
317.05401134490967,0.15259,0.014756
317.10461497306824,0.15355,0.014746
317.152375459671,0.15443,0.014787
317.20247054100037,0.15563,0.014692
317.254136800766,0.15672,0.014715
317.3041055202484,0.15664,0.014708
317.35031032562256,0.15789,0.014817
317.405442237854,0.16,0.014704
317.4628086090088,0.16085,0.01475
317.51150727272034,0.16229,0.014783
317.56457257270813,0.16315,0.014634
317.6104624271393,0.16403,0.014699
317.665230512619,0.16437,0.014674
317.7139766216278,0.16661,0.0146
317.7653114795685,0.1676,0.014802
317.81505608558655,0.16776,0.014711
317.86503887176514,0.16843,0.014806
317.91720819473267,0.16984,0.014903
317.96698474884033,0.17061,0.014771
318.0185170173645,0.17187,0.014802
318.06738686561584,0.17272,0.014966
318.1188519001007,0.1752,0.014982
318.1683428287506,0.17629,0.015098
318.2175917625427,0.17613,0.014951
318.2666471004486,0.17715,0.015218
318.3179929256439,0.17853,0.015253
318.36736011505127,0.17936,0.015442
318.42109751701355,0.18032,0.015544
318.47327971458435,0.18144,0.015477
318.52731919288635,0.18341,0.015426
318.5768759250641,0.18352,0.015435
318.62581038475037,0.18517,0.015463
318.67595648765564,0.18557,0.015418
318.7308442592621,0.18664,0.015368
318.782306432724,0.18747,0.015253
318.83562421798706,0.18861,0.015264
318.8914737701416,0.19085,0.015248
318.9440348148346,0.19181,0.015197
318.99613189697266,0.19187,0.015162
319.04261898994446,0.19272,0.015116
319.09477162361145,0.19376,0.015075
319.14704513549805,0.19488,0.015053
319.19834065437317,0.19589,0.015014
319.25555443763733,0.19701,0.014663
319.30298495292664,0.19899,0.014787
319.3600127696991,0.20003,0.014805
319.409095287323,0.20005,0.014825
319.46159768104553,0.20109,0.014804
319.50842690467834,0.20301,0.014707
319.5602157115936,0.20413,0.014737
319.6130459308624,0.20485,0.014719
319.65992307662964,0.20619,0.014659
319.7171289920807,0.2072,0.014708
319.76928424835205,0.20829,0.014556
319.8215250968933,0.20915,0.014682
319.8679008483887,0.20931,0.014641
319.92169070243835,0.21013,0.014624
319.96956610679626,0.21136,0.014684
320.0220105648041,0.21192,0.014662
320.06930804252625,0.21413,0.014633
320.1176471710205,0.21509,0.014721
320.17384099960327,0.2152,0.01466
320.22455406188965,0.21688,0.014773
320.27219414711,0.21736,0.014582
320.3206408023834,0.2184,0.01463
320.37983894348145,0.22029,0.014734
320.43282890319824,0.22117,0.014614
320.48020696640015,0.22229,0.014589
320.5305733680725,0.22331,0.014838
320.5832450389862,0.22325,0.014622
320.6315746307373,0.22445,0.014726
320.6828019618988,0.22525,0.014663
320.7357738018036,0.22621,0.014718
320.7849190235138,0.2272,0.014634
320.83938121795654,0.22928,0.014641
320.88534450531006,0.23013,0.014643
320.9390959739685,0.23011,0.014671
320.9921545982361,0.23125,0.014792
321.0443227291107,0.23211,0.014787
321.0921685695648,0.2332,0.014788
321.14064931869507,0.23411,0.014909
321.19529581069946,0.23525,0.014742
321.2470784187317,0.2372,0.015079
321.2952868938446,0.23829,0.015127
321.34778690338135,0.23824,0.01502
321.3965919017792,0.23915,0.015184
321.44694447517395,0.24021,0.015442
321.49802470207214,0.24123,0.015399
321.5473313331604,0.24229,0.015295
321.59839367866516,0.24323,0.015345
321.6496117115021,0.24493,0.015286
321.69841027259827,0.24605,0.015115
321.7487380504608,0.24707,0.015258
321.8032147884369,0.24819,0.014903
321.8498773574829,0.24829,0.014966
321.90299558639526,0.24907,0.015125
321.9517340660095,0.25013,0.015126
322.0030927658081,0.25112,0.014991
322.0546500682831,0.25189,0.015036
322.1054973602295,0.25405,0.014858
322.15425086021423,0.25395,0.014857
322.2102403640747,0.25491,0.014828
322.2580108642578,0.25611,0.014897
322.30914282798767,0.25709,0.01477
322.3567473888397,0.25787,0.014771
322.4138777256012,0.25883,0.014654
322.46274518966675,0.25984,0.014667
322.5110504627228,0.26088,0.014687
322.5630302429199,0.2628,0.01455
322.62054443359375,0.26379,0.014746
322.66958951950073,0.26363,0.014754
322.72067070007324,0.26472,0.014588
322.7674911022186,0.26589,0.014654
322.8189778327942,0.26784,0.014609
322.8700416088104,0.26781,0.014622
322.92139172554016,0.2688,0.014735
322.97704339027405,0.26973,0.014795
323.0260896682739,0.27059,0.014726
323.0790066719055,0.27184,0.014736
323.1362421512604,0.27264,0.014699
323.18446612358093,0.27355,0.01492
323.235711812973,0.27461,0.014694
323.28557658195496,0.27579,0.014783
323.3344581127167,0.27661,0.01489
323.38596630096436,0.27771,0.014762
323.43693113327026,0.27859,0.014841
323.49228262901306,0.28056,0.014917
323.5428235530853,0.28061,0.014642
323.5925943851471,0.28155,0.014698
323.64196157455444,0.28237,0.014802
323.6918957233429,0.28344,0.014721
323.74444580078125,0.28539,0.014838
323.7948384284973,0.28557,0.014761
323.8423833847046,0.28632,0.014798
323.89258766174316,0.28747,0.014811
323.946249961853,0.28845,0.014834
323.9967510700226,0.28944,0.01486
324.04709362983704,0.29019,0.014841
324.09704184532166,0.29163,0.014771
324.1443336009979,0.29245,0.014869
324.1942057609558,0.29333,0.014893
324.24591517448425,0.29459,0.014875
324.2989375591278,0.2956,0.014923
324.34836626052856,0.29664,0.01494
324.3982996940613,0.29755,0.014969
324.4491546154022,0.29843,0.014969
324.49832105636597,0.29925,0.014933
324.54666543006897,0.30027,0.014915
324.59945464134216,0.30125,0.015019
324.6510446071625,0.30147,0.014868
324.705561876297,0.30328,0.014814
324.754581451416,0.30424,0.01493
324.8028063774109,0.30531,0.014971
324.8560872077942,0.30611,0.01479
324.90828919410706,0.30723,0.014822
324.95609760284424,0.30717,0.014959
325.0116159915924,0.30925,0.01479
325.06484174728394,0.31011,0.014911
325.11368060112,0.31125,0.014624
325.1639335155487,0.31208,0.014672
325.2133116722107,0.31307,0.014699
325.26378774642944,0.31309,0.014769
325.3148353099823,0.31408,0.014767
325.36634945869446,0.31587,0.014745
325.41891169548035,0.31693,0.014702
325.4702937602997,0.024773,0.014783
325.51961755752563,0.025333,0.014729
325.5727307796478,0.025093,0.014728
325.62003111839294,0.030587,0.014679
325.6727685928345,0.030693,0.014725
325.7230236530304,0.036533,0.014887
325.77009439468384,0.03944,0.014846
325.8251836299896,0.042427,0.014851
325.8737223148346,0.04552,0.014809
325.92336678504944,0.048293,0.014798
325.97475576400757,0.051093,0.014764
326.0230567455292,0.054053,0.014747
326.08071875572205,0.0568,0.014758
326.12733006477356,0.059707,0.014643
326.1811935901642,0.06248,0.014765
326.22929096221924,0.065333,0.014802
326.2817623615265,0.065333,0.014778
326.33670687675476,0.065333,0.014821
326.3881916999817,0.07088,0.014769
326.43674874305725,0.073733,0.014825
326.48812890052795,0.07896,0.014798
326.5378222465515,0.08056,0.014782
326.5868787765503,0.084613,0.014837
326.63893842697144,0.087147,0.014886
326.6914701461792,0.08728,0.014925
326.7414288520813,0.09,0.014847
326.78979420661926,0.09232,0.014946
326.8427703380585,0.09496,0.014926
326.89298915863037,0.097493,0.01506
326.9404923915863,0.10045,0.015227
326.9934079647064,0.10533,0.015324
327.0445592403412,0.10733,0.015344
327.09376978874207,0.10851,0.015394
327.1461555957794,0.10973,0.015468
327.1931128501892,0.11019,0.015269
327.24622416496277,0.11117,0.015676
327.2955062389374,0.11219,0.015651
327.3461945056915,0.11357,0.015635
327.39676237106323,0.11611,0.015738
327.4470331668854,0.11739,0.015674
327.49805665016174,0.11731,0.015794
327.5464708805084,0.11989,0.015764
327.6016743183136,0.11973,0.015397
327.651198387146,0.12093,0.015343
327.7007782459259,0.12219,0.015346
327.7523183822632,0.12355,0.015103
327.8010456562042,0.12453,0.015075
327.85509991645813,0.12605,0.014898
327.90496921539307,0.12728,0.014807
327.95471358299255,0.12939,0.014576
328.0051839351654,0.12939,0.014546
328.0572371482849,0.13051,0.014573
328.1034700870514,0.13157,0.014485
328.1558470726013,0.13275,0.014488
328.2061424255371,0.13419,0.014144
328.25797152519226,0.13541,0.014356
328.31113266944885,0.13624,0.014472
328.3604187965393,0.13744,0.014334
328.4116451740265,0.13869,0.014542
328.45737981796265,0.13976,0.014585
328.51140093803406,0.14101,0.014603
328.56254386901855,0.14309,0.014568
328.6137504577637,0.14339,0.014821
328.66262197494507,0.14443,0.014674
328.71314764022827,0.14563,0.014557
328.76325392723083,0.14667,0.014741
328.8147885799408,0.14768,0.014814
328.8637194633484,0.14875,0.01479
328.91169023513794,0.14989,0.014789
328.96621227264404,0.15117,0.014677
329.0129392147064,0.15211,0.014709
329.0700635910034,0.15349,0.014721
329.1188416481018,0.15432,0.014638
329.17382192611694,0.15587,0.014653
329.22002482414246,0.15688,0.014636
329.27221870422363,0.15776,0.014638
329.3229196071625,0.15875,0.014559
329.37595891952515,0.15997,0.014869
329.4218842983246,0.15992,0.014718
329.4762074947357,0.16211,0.014712
329.5334777832031,0.16331,0.014713
329.583044052124,0.16432,0.014678
329.6329336166382,0.16544,0.014557
329.68308758735657,0.16653,0.014699
329.7326502799988,0.16736,0.014731
329.7880926132202,0.16755,0.014821
329.83939242362976,0.1696,0.014715
329.88813877105713,0.1696,0.014908
329.9384214878082,0.17184,0.014949
329.9864573478699,0.17277,0.01523
330.0424380302429,0.17392,0.015109
330.09003710746765,0.17499,0.01517
330.1415059566498,0.17595,0.015215
330.18825244903564,0.17704,0.015406
330.251220703125,0.17805,0.015289
330.3017463684082,0.17893,0.015706
330.3557164669037,0.18021,0.015789
330.4033534526825,0.18131,0.015615
330.45137882232666,0.18232,0.015732
330.50533080101013,0.18339,0.01589
330.5533800125122,0.18432,0.015909
330.6056458950043,0.18541,0.015731
330.6575679779053,0.18643,0.015793
330.7054350376129,0.18739,0.015676
330.759733915329,0.18845,0.015722
330.81129693984985,0.1896,0.015621
330.8602864742279,0.19067,0.015485
330.90841245651245,0.19163,0.015461
330.961665391922,0.19267,0.015291
331.01050758361816,0.19368,0.014952
331.0609176158905,0.19459,0.015061
331.1112720966339,0.1956,0.015127
331.1602246761322,0.19688,0.015091
331.2122883796692,0.19763,0.01475
331.2618794441223,0.19792,0.014824
331.31344723701477,0.20011,0.014696
331.36247634887695,0.20099,0.014888
331.4141402244568,0.20205,0.014716
331.4633595943451,0.20291,0.014693
331.51560640335083,0.20392,0.014789
331.56614804267883,0.20413,0.01471
331.6167325973511,0.20611,0.014603
331.6644723415375,0.20699,0.014599
331.71677899360657,0.2068,0.014586
331.7656981945038,0.20819,0.014657
331.81884264945984,0.20909,0.014594
331.86690616607666,0.21005,0.014592
331.9193117618561,0.21216,0.014585
331.9682505130768,0.21312,0.014744
332.0180928707123,0.21309,0.014602
332.0688078403473,0.21499,0.014586
332.12099528312683,0.21619,0.014541
332.17001247406006,0.21709,0.014618
332.2254412174225,0.21819,0.014638
332.2779932022095,0.21811,0.014586
332.3283221721649,0.21912,0.014778
332.37884616851807,0.22107,0.014725
332.42764925956726,0.22213,0.014641
332.4774341583252,0.22235,0.014712
332.52771162986755,0.22416,0.014578
332.58384704589844,0.22408,0.014699
332.6306734085083,0.22525,0.014649
332.6786046028137,0.22611,0.014674
332.7291088104248,0.22709,0.014738
332.7817919254303,0.22816,0.014673
332.8320460319519,0.22925,0.014419
332.8849985599518,0.23107,0.014754
332.93394207954407,0.2312,0.014855
332.98410296440125,0.23312,0.015059
333.0328104496002,0.23301,0.015026
333.08857131004333,0.23403,0.015189
333.1388289928436,0.23523,0.015385
333.18346667289734,0.23699,0.015369
333.2412340641022,0.238,0.015473
333.2885546684265,0.23891,0.015537
333.3392014503479,0.23912,0.015609
333.3899540901184,0.24008,0.015777
333.44183325767517,0.24099,0.015691
333.49103808403015,0.24211,0.016014
333.5403332710266,0.24307,0.01577
333.5906226634979,0.244,0.015713
333.643990278244,0.24496,0.016049
333.6910545825958,0.24592,0.015609
333.7425434589386,0.24693,0.015557
333.78902220726013,0.24784,0.015498
333.84361577033997,0.24933,0.015642
333.894891500473,0.25,0.015489
333.9435694217682,0.25107,0.015235
333.9993197917938,0.25192,0.015004
334.0480694770813,0.25304,0.01497
334.0982346534729,0.25384,0.014786
334.15120458602905,0.25496,0.014758
334.20272397994995,0.2548,0.014723
334.25084590911865,0.25685,0.014674
334.3021378517151,0.258,0.014795
334.34919476509094,0.25896,0.014726
334.4031548500061,0.25992,0.014737
334.45417070388794,0.26077,0.014778
334.5058126449585,0.26157,0.014631
334.55569410324097,0.26259,0.014569
334.6023087501526,0.26363,0.014606
334.66057801246643,0.26475,0.014601
334.7095398902893,0.26568,0.01463
334.7603313922882,0.26568,0.014708
334.81135964393616,0.26864,0.014634
334.8634328842163,0.26843,0.014657
334.91505885124207,0.26944,0.014553
334.96129727363586,0.27035,0.014565
335.01160311698914,0.27157,0.01473
335.0661416053772,0.27248,0.014667
335.118408203125,0.27371,0.014633
335.1689338684082,0.27469,0.014669
335.2220244407654,0.27459,0.014838
335.2713429927826,0.27581,0.0148
335.3216941356659,0.27757,0.014813
335.3734920024872,0.27848,0.014851
335.42197346687317,0.27941,0.01467
335.47500872612,0.28048,0.014685
335.52781438827515,0.28149,0.014707
335.57436203956604,0.2824,0.014697
335.62671518325806,0.28333,0.014818
335.67931962013245,0.28443,0.014675
335.72999596595764,0.28525,0.014678
335.77989196777344,0.28619,0.014786
335.83030128479004,0.28749,0.01465
335.87865233421326,0.28816,0.014741
335.92943120002747,0.28925,0.014696
335.9826457500458,0.29027,0.014765
336.03390407562256,0.2912,0.014927
336.08302903175354,0.29224,0.014933
336.1331830024719,0.29325,0.014993
336.1840796470642,0.29325,0.01506
336.23008155822754,0.29451,0.015075
336.28465461730957,0.29637,0.015257
336.33432960510254,0.29731,0.015105
336.387140750885,0.29827,0.015133
336.4400255680084,0.29931,0.015272
336.49063205718994,0.30011,0.015242
336.5461347103119,0.30131,0.015274
336.59250259399414,0.30136,0.015078
336.64736247062683,0.30317,0.015173
336.6946699619293,0.30317,0.015066
336.74688720703125,0.30507,0.01493
336.79628443717957,0.30624,0.014904
336.84628987312317,0.30736,0.014859
336.8985686302185,0.30811,0.014906
336.94789266586304,0.30917,0.014852
336.9983162879944,0.31013,0.014815
337.0497226715088,0.31011,0.014794
337.1001150608063,0.31216,0.014793
337.14790058135986,0.31315,0.014724
337.20433592796326,0.31413,0.014869
337.2491180896759,0.31421,0.01463
337.3048141002655,0.3152,0.014678
337.35396671295166,0.31619,0.014654
337.41101813316345,0.31709,0.014652
337.4595491886139,0.024,0.014755
337.5073838233948,0.027867,0.014685
337.5625157356262,0.02768,0.014803
337.612375497818,0.033467,0.014863
337.6592104434967,0.036293,0.014806
337.7100598812103,0.03928,0.01485
337.76587438583374,0.03952,0.014798
337.81446528434753,0.0424,0.015028
337.86376190185547,0.048107,0.014697
337.91462302207947,0.05128,0.014805
337.965651512146,0.05392,0.014804
338.01690793037415,0.05688,0.014783
338.0670781135559,0.059653,0.014909
338.1162564754486,0.059653,0.014893
338.1650323867798,0.062427,0.014888
338.2149975299835,0.065173,0.014775
338.265291929245,0.067893,0.014783
338.3160982131958,0.073493,0.014731
338.368958234787,0.076347,0.014709
338.417343378067,0.0764,0.014786
338.4704234600067,0.078987,0.014798
338.52251839637756,0.08168,0.014949
338.5713748931885,0.084427,0.01492
338.6211943626404,0.087147,0.014699
338.67592334747314,0.08952,0.014969
338.7238793373108,0.094907,0.014956
338.7736701965332,0.097547,0.015066
338.82622361183167,0.09776,0.015258
338.87891244888306,0.10037,0.015203
338.92592334747314,0.10283,0.015353
338.97787070274353,0.10539,0.015383
339.02673387527466,0.10712,0.015437
339.079128742218,0.10848,0.015623
339.1282641887665,0.10981,0.015795
339.18426990509033,0.11227,0.015768
339.23115253448486,0.11229,0.015977
339.28439140319824,0.11347,0.01579
339.33687019348145,0.11491,0.015914
339.38835859298706,0.11608,0.01591
339.4365448951721,0.11712,0.015916
339.48461532592773,0.11845,0.015768
339.5348572731018,0.11968,0.015673
339.58809781074524,0.12109,0.015498
339.63918924331665,0.12211,0.015593
339.68884110450745,0.12331,0.015065
339.74087285995483,0.12461,0.0149
339.7910940647125,0.12592,0.014659
339.84343004226685,0.12685,0.014554
339.89439392089844,0.12811,0.01429
339.9427103996277,0.12928,0.014157
339.99460458755493,0.13059,0.014099
340.0451560020447,0.13173,0.014069
340.0958971977234,0.1328,0.014211
340.1452658176422,0.13408,0.014192
340.1973440647125,0.13539,0.014162
340.24583888053894,0.13541,0.014285
340.2989673614502,0.1376,0.014337
340.3476812839508,0.13872,0.014558
340.3978850841522,0.13955,0.014482
340.44826674461365,0.14107,0.014581
340.50031447410583,0.14211,0.014436
340.5488302707672,0.14312,0.014651
340.59819626808167,0.14435,0.014861
340.65181946754456,0.1456,0.014857
340.70733976364136,0.1456,0.014837
340.7538936138153,0.14792,0.014783
340.806706905365,0.14875,0.014702
340.85587453842163,0.14984,0.015006
340.91048860549927,0.15115,0.014732
340.9588191509247,0.15237,0.014818
341.00802540779114,0.15333,0.014711
341.05688190460205,0.15443,0.014696
341.10990142822266,0.15427,0.014765
341.1599395275116,0.15653,0.014762
341.212660074234,0.15779,0.014701
341.26595640182495,0.15861,0.014745
341.31296491622925,0.15995,0.014728
341.3674097061157,0.16112,0.014769
341.42088437080383,0.16219,0.014743
341.46855092048645,0.16312,0.014699
341.51728868484497,0.16437,0.014793
341.5756549835205,0.16448,0.01476
341.6236500740051,0.16645,0.014762
341.6770248413086,0.16768,0.014811
341.72596621513367,0.16736,0.01477
341.77561616897583,0.16987,0.014983
341.82785654067993,0.16989,0.015058
341.8798871040344,0.17184,0.015202
341.92656779289246,0.17296,0.015141
341.978963136673,0.17283,0.015167
342.03335404396057,0.17389,0.015572
342.0836703777313,0.17512,0.015457
342.13174295425415,0.17613,0.015655
342.18322253227234,0.17795,0.015668
342.232314825058,0.1792,0.015953
342.29020619392395,0.18027,0.016041
342.3402807712555,0.18131,0.016138
342.38868141174316,0.18224,0.01627
342.4365954399109,0.18341,0.016307
342.4910650253296,0.18453,0.016187
342.53506088256836,0.18541,0.016372
342.58851504325867,0.18648,0.016312
342.64394879341125,0.18632,0.015781
342.69147753715515,0.18864,0.015822
342.7422697544098,0.18971,0.015566
342.7949888706207,0.19064,0.015525
342.8433699607849,0.19064,0.015215
342.8926422595978,0.19163,0.015301
342.9427273273468,0.19269,0.014885
342.9926562309265,0.19485,0.014944
343.0429210662842,0.19491,0.01482
343.09449648857117,0.19669,0.014851
343.14891147613525,0.19787,0.014614
343.19603991508484,0.19811,0.01484
343.24663376808167,0.1988,0.014742
343.2973372936249,0.19987,0.01456
343.35337495803833,0.20187,0.014685
343.40614104270935,0.20283,0.014697
343.455952167511,0.20403,0.014727
343.5073826313019,0.20485,0.014735
343.5580623149872,0.20525,0.014763
343.6112554073334,0.20608,0.014779
343.6606869697571,0.20704,0.014754
343.71344327926636,0.20909,0.014679
343.7631676197052,0.21016,0.014562
343.81403970718384,0.21123,0.014546
343.86550211906433,0.21104,0.014469
343.91654205322266,0.21203,0.014626
343.96312522888184,0.21413,0.014502
344.01570320129395,0.21507,0.01467
344.0683128833771,0.21603,0.014643
344.1180694103241,0.21693,0.014615
344.16482949256897,0.21829,0.014736
344.2197787761688,0.21835,0.01475
344.2720398902893,0.21933,0.01472
344.32127833366394,0.22016,0.014755
344.370808839798,0.22227,0.014554
344.42131185531616,0.22312,0.01469
344.47130727767944,0.22309,0.014673
344.5239849090576,0.22419,0.01477
344.5734806060791,0.22523,0.014747
344.62072253227234,0.22613,0.01477
344.67440843582153,0.22709,0.014777
344.7220516204834,0.22811,0.014868
344.7715787887573,0.23008,0.01487
344.8243052959442,0.23013,0.01488
344.8716106414795,0.23112,0.014881
344.92413091659546,0.23211,0.015131
344.97547030448914,0.23304,0.015433
345.028532743454,0.23405,0.015226
345.0760614871979,0.23523,0.015416
345.1323273181915,0.23709,0.015683
345.18089962005615,0.23733,0.015677
345.2285439968109,0.23835,0.015919
345.28484320640564,0.23931,0.016404
345.33475971221924,0.24011,0.016594
345.3875524997711,0.2412,0.016738
345.43632221221924,0.24211,0.016994
345.49100518226624,0.24325,0.016713
345.5373966693878,0.24392,0.016625
345.5930862426758,0.24496,0.016388
345.6431255340576,0.24616,0.016181
345.6909465789795,0.24709,0.016349
345.74200320243835,0.24803,0.016175
345.79456663131714,0.24907,0.016189
345.84264755249023,0.25008,0.015813
345.8921239376068,0.25093,0.015477
345.94392704963684,0.25211,0.015481
345.99945068359375,0.25309,0.015367
346.04762291908264,0.25493,0.015356
346.1003303527832,0.25496,0.015306
346.14857721328735,0.25589,0.014835
346.19979333877563,0.25661,0.014812
346.2513587474823,0.25763,0.014808
346.3016617298126,0.25885,0.014764
346.35047245025635,0.25981,0.014642
346.4019124507904,0.2608,0.014696
346.4501042366028,0.26189,0.014487
346.503395318985,0.2628,0.014723
346.5560886859894,0.26376,0.014651
346.6076567173004,0.26472,0.014629
346.6576864719391,0.26573,0.014671
346.7061903476715,0.26701,0.014722
346.75518560409546,0.26771,0.014694
346.8075819015503,0.26784,0.014731
346.8589541912079,0.26976,0.014706
346.9086730480194,0.27069,0.014645
346.95728874206543,0.27163,0.014633
347.00548911094666,0.27272,0.014738
347.05984330177307,0.27365,0.0147
347.1124618053436,0.27459,0.014747
347.1670789718628,0.27563,0.014865
347.2159905433655,0.2776,0.014737
347.2657175064087,0.27749,0.014638
347.3177762031555,0.27859,0.014733
347.36667799949646,0.27952,0.014633
347.4176127910614,0.28035,0.014708
347.4665412902832,0.28144,0.01472
347.5206871032715,0.28245,0.014616
347.5700533390045,0.28339,0.014726
347.6182999610901,0.28461,0.01465
347.6761655807495,0.28547,0.014773
347.7238736152649,0.2864,0.014764
347.77421593666077,0.28741,0.01486
347.82726883888245,0.2884,0.014966
347.87707114219666,0.28941,0.014934
347.92398285865784,0.29043,0.015005
347.97833585739136,0.29131,0.015093
348.0312988758087,0.29248,0.015156
348.0770308971405,0.29331,0.015243
348.1296110153198,0.2944,0.015334
348.1820719242096,0.29544,0.01534
348.23206543922424,0.29635,0.015671
348.28104305267334,0.29723,0.015506
348.3318028450012,0.29824,0.015514
348.3817095756531,0.29912,0.015522
348.43380212783813,0.29941,0.015423
348.4840006828308,0.30024,0.015568
348.5344178676605,0.30219,0.015426
348.58142590522766,0.30299,0.015455
348.63512229919434,0.30405,0.015255
348.683580160141,0.3052,0.015233
348.7333950996399,0.30611,0.015139
348.78686928749084,0.30616,0.015037
348.83324694633484,0.30699,0.014792
348.89105439186096,0.308,0.014859
348.94002199172974,0.30907,0.014715
348.9896891117096,0.31085,0.01475
349.0402948856354,0.31197,0.014654
349.09296679496765,0.31293,0.014683
349.14447116851807,0.31323,0.014615
349.19203639030457,0.31501,0.01473
349.24444913864136,0.31493,0.014705
349.2975060939789,0.31603,0.014768
349.3468871116638,0.31691,0.014745
349.3988125324249,0.024053,0.014739
349.4474070072174,0.027627,0.01485
349.49990916252136,0.03048,0.014675
349.54897141456604,0.033253,0.014784
349.59942960739136,0.033413,0.01471
349.6473422050476,0.036373,0.014693
349.7015595436096,0.0392,0.014735
349.75059723854065,0.042213,0.014996
349.80230593681335,0.048053,0.014829
349.85360312461853,0.050827,0.014669
349.9008266925812,0.050987,0.014898
349.95287704467773,0.053733,0.014778
350.0038151741028,0.056773,0.014771
350.0549416542053,0.059467,0.014961
350.10352063179016,0.06208,0.014783
350.15216064453125,0.064987,0.014849
350.20282340049744,0.06776,0.01482
350.2558624744415,0.073413,0.014692
350.30536913871765,0.076133,0.014657
350.3617124557495,0.07616,0.014871
350.41023349761963,0.078907,0.014704
350.45990085601807,0.0816,0.014723
350.50865030288696,0.084293,0.014829
350.5602231025696,0.08688,0.014867
350.6126518249512,0.08944,0.014845
350.66227316856384,0.092373,0.014997
350.71206617355347,0.09496,0.015005
350.7674684524536,0.097627,0.015204
350.81613540649414,0.10019,0.015064
350.86868810653687,0.10291,0.015456
350.9184420108795,0.10549,0.015441
350.9673330783844,0.10752,0.015527
351.0177433490753,0.10859,0.015731
351.0697581768036,0.10981,0.015767
351.1220211982727,0.11115,0.015761
351.17167043685913,0.11227,0.015896
351.2204542160034,0.11349,0.015898
351.26984906196594,0.11475,0.016085
351.32283997535706,0.11605,0.01608
351.3727333545685,0.11733,0.016052
351.4239225387573,0.11851,0.016124
351.46985602378845,0.11973,0.015634
351.5241117477417,0.12091,0.015652
351.5703070163727,0.122,0.015595
351.62262058258057,0.12347,0.014761
351.67511558532715,0.12435,0.014726
351.7225658893585,0.12568,0.014916
351.77706503868103,0.12552,0.014176
351.82842087745667,0.12779,0.014146
351.87729144096375,0.12917,0.014148
351.9293394088745,0.13035,0.013996
351.9757297039032,0.13173,0.013928
352.0280520915985,0.1328,0.013828
352.07767367362976,0.13397,0.014046
352.1312139034271,0.13387,0.014019
352.1817603111267,0.13523,0.014108
352.23130464553833,0.13624,0.014187
352.2802200317383,0.13744,0.014149
352.3313536643982,0.13856,0.014419
352.3792872428894,0.14083,0.014428
352.4324595928192,0.14171,0.014541
352.4835979938507,0.14301,0.014525
352.5285873413086,0.14429,0.014558
352.5816252231598,0.14523,0.014754
352.6387560367584,0.14533,0.014693
352.6907103061676,0.14635,0.014809
352.73871660232544,0.14757,0.014784
352.7930316925049,0.14989,0.014893
352.84088134765625,0.15096,0.014795
352.8932902812958,0.15195,0.014853
352.94220876693726,0.15192,0.014757
352.9942719936371,0.15416,0.014752
353.0450711250305,0.15416,0.014769
353.08975172042847,0.1552,0.01484
353.14513206481934,0.1564,0.014735
353.1945149898529,0.1576,0.014649
353.24237632751465,0.1588,0.01486
353.3013758659363,0.16099,0.014742
353.3519902229309,0.16189,0.014645
353.4042172431946,0.16219,0.014713
353.45309114456177,0.16317,0.014744
353.50290966033936,0.16512,0.014709
353.5557460784912,0.16635,0.014797
353.6043348312378,0.16755,0.014722
353.655464887619,0.16747,0.014917
353.7036473751068,0.16867,0.015107
353.757604598999,0.16957,0.015119
353.8054943084717,0.17064,0.015185
353.8593590259552,0.17275,0.01532
353.9052369594574,0.17285,0.015336
353.9602847099304,0.17475,0.015538
354.009272813797,0.17504,0.015779
354.0594403743744,0.17608,0.016176
354.1128816604614,0.17707,0.016205
354.15702867507935,0.178,0.016325
354.21549820899963,0.17923,0.016644
354.2687485218048,0.18109,0.01644
354.3189764022827,0.18213,0.016675
354.3718149662018,0.18235,0.016857
354.4208171367645,0.18323,0.017009
354.47099113464355,0.18429,0.016246
354.52442622184753,0.18645,0.016727
354.5699710845947,0.18757,0.016229
354.6244156360626,0.18861,0.015841
354.67288398742676,0.18856,0.015753
354.7257113456726,0.1896,0.015613
354.7752332687378,0.19059,0.015033
354.8248391151428,0.19171,0.014866
354.874139547348,0.19275,0.014735
354.92600750923157,0.19373,0.01463
354.9739978313446,0.19568,0.014558
355.0241549015045,0.1956,0.014516
355.07580637931824,0.19789,0.014434
355.12485694885254,0.19781,0.01458
355.17426347732544,0.19885,0.014601
355.22588086128235,0.19976,0.014743
355.27545189857483,0.20197,0.014927
355.33030366897583,0.202,0.014781
355.3760619163513,0.20285,0.014744
355.4299371242523,0.20395,0.01438
355.4818205833435,0.20501,0.014557
355.5330889225006,0.206,0.014683
355.58278155326843,0.20699,0.014752
355.631306886673,0.20813,0.014746
355.6830575466156,0.21011,0.014709
355.7344539165497,0.21021,0.014543
355.78380370140076,0.21101,0.0146
355.8353440761566,0.21219,0.014601
355.88844895362854,0.21307,0.014549
355.9383192062378,0.21408,0.014538
355.9851005077362,0.21539,0.014639
356.03622364997864,0.21619,0.014775
356.09064412117004,0.21592,0.014558
356.13944125175476,0.21808,0.014675
356.18824100494385,0.2192,0.014665
356.2424340248108,0.22013,0.014652
356.2924966812134,0.22099,0.014683
356.3398962020874,0.22211,0.014597
356.3959858417511,0.22296,0.01467
356.4422297477722,0.22395,0.014685
356.4970552921295,0.22501,0.014731
356.54617500305176,0.22608,0.014636
356.59553718566895,0.22723,0.014895
356.6466977596283,0.22824,0.014888
356.69729375839233,0.22925,0.014864
356.74854040145874,0.23003,0.015042
356.8005020618439,0.23099,0.015218
356.84982919692993,0.23211,0.015199
356.90084648132324,0.23307,0.015423
356.9535584449768,0.23405,0.01581
357.001904964447,0.23515,0.016034
357.05384826660156,0.23517,0.016067
357.105477809906,0.23603,0.016518
357.1533885002136,0.23805,0.016628
357.20430088043213,0.23907,0.017001
357.25401163101196,0.24003,0.017603
357.3058087825775,0.24088,0.017608
357.3561294078827,0.24096,0.01799
357.4157884120941,0.24309,0.017641
357.46771240234375,0.24397,0.018115
357.5152859687805,0.24507,0.01742
357.56836462020874,0.24597,0.018064
357.6197142601013,0.24712,0.017443
357.66724467277527,0.24816,0.017208
357.7184154987335,0.24819,0.016463
357.76735520362854,0.25003,0.016244
357.8166034221649,0.24981,0.015479
357.87193632125854,0.25197,0.015318
357.9191119670868,0.25304,0.015194
357.97279357910156,0.25392,0.015239
358.0270824432373,0.25501,0.01502
358.0773091316223,0.25501,0.014921
358.13477420806885,0.25589,0.014924
358.1836988925934,0.25685,0.014776
358.2332043647766,0.25787,0.014645
358.28459763526917,0.25987,0.014821
358.3354444503784,0.26072,0.014693
358.3890895843506,0.26176,0.014803
358.4387860298157,0.26267,0.014706
358.486008644104,0.26379,0.014908
358.5402731895447,0.26467,0.01485
358.58531641960144,0.26467,0.014651
358.6400022506714,0.26573,0.014765
358.69112062454224,0.26765,0.014671
358.73887491226196,0.2688,0.014647
358.7958173751831,0.26957,0.014789
358.8484320640564,0.27077,0.014672
358.89665246009827,0.27139,0.014697
358.9483895301819,0.27267,0.014795
359.0001003742218,0.27355,0.014703
359.05262660980225,0.27448,0.014622
359.09943294525146,0.27464,0.014687
359.150333404541,0.27565,0.014753
359.20345735549927,0.27733,0.014671
359.25398349761963,0.27851,0.014782
359.30372405052185,0.27936,0.014723
359.351033449173,0.28048,0.014692
359.4064531326294,0.28035,0.014768
359.4557304382324,0.2824,0.014788
359.50701808929443,0.28251,0.014813
359.5534703731537,0.28325,0.014825
359.6086735725403,0.28533,0.014933
359.6571145057678,0.28643,0.014795
359.7073030471802,0.2872,0.014855
359.75887084007263,0.28733,0.015132
359.80676674842834,0.28832,0.015155
359.85477113723755,0.28925,0.015212
359.9067265987396,0.29016,0.015491
359.95921540260315,0.29211,0.015508
360.01007604599,0.29315,0.015717
360.05850529670715,0.29328,0.016077
360.1100101470947,0.29429,0.016187
360.16021513938904,0.29523,0.016145
360.211266040802,0.29608,0.016179
360.2617926597595,0.29747,0.016043
360.3108196258545,0.29933,0.016821
360.3650040626526,0.30027,0.016279
360.41442370414734,0.30043,0.016114
360.4626729488373,0.30141,0.015742
360.514621257782,0.30248,0.015612
360.56396222114563,0.30325,0.015511
360.6183261871338,0.30424,0.015499
360.6675217151642,0.30523,0.015063
360.7166380882263,0.30717,0.015161
360.768679857254,0.30821,0.015148
360.8197748661041,0.30813,0.014998
360.86994552612305,0.30915,0.014736
360.9210102558136,0.31024,0.014806
360.9762227535248,0.31115,0.014784
361.02211475372314,0.31197,0.014876
361.0747594833374,0.31405,0.014825
361.12977719306946,0.31512,0.014791
361.1812722682953,0.31499,0.014774
361.2296562194824,0.31605,0.014807
361.28508019447327,0.026027,0.015817
361.33319091796875,0.025573,0.014552
361.38523960113525,0.024827,0.015727
361.43478894233704,0.02728,0.014731
361.48199224472046,0.030293,0.014727
361.5346691608429,0.0332,0.01483
361.5861759185791,0.036107,0.014686
361.6366171836853,0.0392,0.014788
361.68396258354187,0.04208,0.01483
361.74027848243713,0.043733,0.014714
361.79005336761475,0.04784,0.014705
361.8422746658325,0.050853,0.014727
361.8956575393677,0.053733,0.014746
361.9433023929596,0.056373,0.01481
361.99203991889954,0.059173,0.014707
362.04918694496155,0.06208,0.014919
362.0970537662506,0.064907,0.014879
362.15194869041443,0.070587,0.014909
362.20554995536804,0.070267,0.014764
362.2530150413513,0.073413,0.014882
362.3057277202606,0.075867,0.014845
362.35615730285645,0.078747,0.014812
362.40221405029297,0.081173,0.014788
362.45382618904114,0.082827,0.014845
362.50452184677124,0.0868,0.01482
362.55752539634705,0.089467,0.014865
362.6086218357086,0.09208,0.015107
362.6567780971527,0.09472,0.015064
362.71081614494324,0.097173,0.015121
362.75891280174255,0.099867,0.015334
362.8101623058319,0.10259,0.01539
362.86070823669434,0.10517,0.015374
362.91226267814636,0.10827,0.015602
362.961936712265,0.10808,0.015744
363.0111937522888,0.10939,0.015736
363.06411838531494,0.11085,0.015845
363.1082682609558,0.11189,0.015878
363.16256499290466,0.11328,0.015925
363.2159230709076,0.11451,0.015985
363.26616501808167,0.11581,0.015963
363.31528902053833,0.11717,0.015823
363.37156987190247,0.11691,0.015526
363.4252302646637,0.11944,0.015514
363.4738211631775,0.12069,0.015429
363.5255672931671,0.12173,0.015194
363.574830532074,0.12299,0.014926
363.62615418434143,0.12419,0.014643
363.6792118549347,0.12568,0.014609
363.7272136211395,0.1268,0.014431
363.7773280143738,0.12803,0.014129
363.8316090106964,0.12915,0.013942
363.8807921409607,0.13027,0.013886
363.9305028915405,0.13149,0.013647
363.98236203193665,0.13248,0.01373
364.03243613243103,0.13357,0.013949
364.0820314884186,0.1348,0.013837
364.13017559051514,0.13605,0.014011
364.1813268661499,0.13733,0.014312
364.23626828193665,0.13845,0.014302
364.2842993736267,0.1396,0.014458
364.33135294914246,0.14061,0.014494
364.3841826915741,0.14219,0.014434
364.4371531009674,0.14176,0.014557
364.48522663116455,0.14405,0.014623
364.5332782268524,0.14528,0.014592
364.5849974155426,0.1464,0.014769
364.63651609420776,0.14651,0.014882
364.6882555484772,0.14744,0.014813
364.7366497516632,0.14845,0.014755
364.7891490459442,0.15099,0.014749
364.84399151802063,0.15192,0.014737
364.89121317863464,0.15317,0.014763
364.94125390052795,0.15424,0.01459
364.9934153556824,0.15408,0.014821
365.0432639122009,0.15539,0.014776
365.09585762023926,0.15632,0.014512
365.14412355422974,0.15747,0.014752
365.19679141044617,0.15971,0.014697
365.24812841415405,0.16104,0.014769
365.29979372024536,0.16176,0.014696
365.346440076828,0.16275,0.014765
365.39979672431946,0.164,0.014743
365.4484145641327,0.16499,0.014851
365.49759101867676,0.16632,0.014885
365.55094814300537,0.16637,0.01482
365.6016252040863,0.16725,0.014879
365.650119304657,0.16843,0.014943
365.69918513298035,0.17056,0.015077
365.7538220882416,0.17152,0.015026
365.80179238319397,0.17251,0.015329
365.8560652732849,0.17368,0.015495
365.90436697006226,0.17472,0.015554
365.9554388523102,0.1748,0.015701
366.0061602592468,0.17584,0.016033
366.0560610294342,0.17675,0.016226
366.10683393478394,0.17787,0.016328
366.1589124202728,0.18005,0.016584
366.2093834877014,0.18019,0.01688
366.26551508903503,0.18197,0.016806
366.31687450408936,0.18224,0.017062
366.3678865432739,0.18336,0.016985
366.4200539588928,0.18419,0.016951
366.4688549041748,0.18517,0.016495
366.51985907554626,0.18741,0.016524
366.5703549385071,0.18832,0.016053
366.6221010684967,0.18851,0.016321
366.6728870868683,0.18952,0.015688
366.7207462787628,0.19045,0.015319
366.77361011505127,0.19149,0.014974
366.8240716457367,0.19269,0.014386
366.8743579387665,0.19371,0.014438
366.920236825943,0.19467,0.014167
366.97842049598694,0.19661,0.014099
367.02610898017883,0.19683,0.014276
367.0804193019867,0.19776,0.014254
367.13031244277954,0.19888,0.014397
367.18097615242004,0.19981,0.014696
367.23026037216187,0.20061,0.014621
367.27506470680237,0.20165,0.014684
367.32639265060425,0.20379,0.014713
367.3822364807129,0.20381,0.014714
367.43001556396484,0.20493,0.014598
367.4800691604614,0.20576,0.014861
367.53143405914307,0.20707,0.014891
367.587153673172,0.20779,0.014698
367.6364858150482,0.20891,0.014723
367.68715381622314,0.21,0.014711
367.73540925979614,0.21104,0.014598
367.79068207740784,0.21299,0.014657
367.8407895565033,0.21301,0.014688
367.89009070396423,0.21389,0.014697
367.93686842918396,0.21515,0.014664
367.9889802932739,0.21589,0.014706
368.03969502449036,0.218,0.014689
368.08774518966675,0.21797,0.014714
368.1387617588043,0.21896,0.014725
368.1943185329437,0.22005,0.014575
368.2468070983887,0.22123,0.014739
368.2949655056,0.22096,0.014775
368.34615898132324,0.22315,0.014731
368.4003150463104,0.22403,0.014857
368.44851994514465,0.22504,0.014712
368.5003836154938,0.22597,0.014847
368.54861521720886,0.22627,0.014754
368.59955072402954,0.22808,0.014823
368.64989399909973,0.2292,0.014968
368.7018311023712,0.23,0.01527
368.75366282463074,0.23091,0.015402
368.8006191253662,0.23195,0.01536
368.8518579006195,0.23299,0.016083
368.90139627456665,0.23403,0.016324
368.9569535255432,0.23397,0.01643
369.0051565170288,0.23613,0.016386
369.0560579299927,0.23701,0.017073
369.10419511795044,0.23819,0.017569
369.15368008613586,0.23893,0.017258
369.2038242816925,0.24011,0.018871
369.25709652900696,0.24003,0.018873
369.30662631988525,0.24195,0.019678
369.36036944389343,0.24195,0.019178
369.40828227996826,0.24301,0.019251
369.4593722820282,0.24512,0.019894
369.5119774341583,0.24589,0.019537
369.559916973114,0.24685,0.017926
369.61000752449036,0.24797,0.01775
369.6629104614258,0.24883,0.017856
369.7127413749695,0.24907,0.016245
369.7613344192505,0.24992,0.016071
369.81050729751587,0.25064,0.015726
369.8627007007599,0.25171,0.015392
369.91326904296875,0.25291,0.015232
369.9629912376404,0.25392,0.014968
370.0157926082611,0.25592,0.01495
370.06555557250977,0.25672,0.014974
370.11629939079285,0.25781,0.014892
370.1661250591278,0.25811,0.015005
370.2167525291443,0.25872,0.014809
370.26418709754944,0.25971,0.014798
370.3145341873169,0.26195,0.0148
370.36547565460205,0.26277,0.014782
370.41748690605164,0.2628,0.014814
370.46608090400696,0.26477,0.014739
370.5193409919739,0.26496,0.014678
370.56622838974,0.26579,0.014593
370.61799478530884,0.26667,0.014915
370.66951870918274,0.26861,0.014766
370.7197902202606,0.26965,0.014784
370.77429842948914,0.26971,0.014593
370.8213539123535,0.27069,0.014638
370.87548756599426,0.27152,0.014618
370.92682218551636,0.27267,0.014596
370.97626781463623,0.27344,0.014568
371.0261073112488,0.27451,0.014734
371.0783758163452,0.2756,0.014738
371.12726044654846,0.27648,0.014724
371.17808628082275,0.27739,0.01467
371.22969007492065,0.27845,0.014764
371.2779450416565,0.27936,0.014448
371.3296802043915,0.27952,0.014788
371.37968015670776,0.28144,0.014679
371.430228471756,0.28243,0.014719
371.48361372947693,0.28352,0.014667
371.5311827659607,0.28432,0.014771
371.58251762390137,0.28536,0.015321
371.6298882961273,0.28629,0.015005
371.6833484172821,0.28725,0.015296
371.7325608730316,0.28835,0.015374
371.7856206893921,0.29051,0.015374
371.83176851272583,0.29027,0.015811
371.8835959434509,0.29128,0.015876
371.93391847610474,0.29232,0.016258
371.9883248806,0.29325,0.017502
372.0393097400665,0.29419,0.017596
372.09059715270996,0.29525,0.01786
372.1412658691406,0.29608,0.017817
372.19078731536865,0.29725,0.018522
372.24218010902405,0.29824,0.018973
372.2961916923523,0.29912,0.019363
372.344379901886,0.30024,0.018776
372.3987684249878,0.30104,0.01947
372.44661140441895,0.30208,0.017363
372.49573254585266,0.30213,0.018791
372.5460937023163,0.30403,0.016547
372.59738516807556,0.30501,0.016305
372.64689016342163,0.30584,0.015125
372.69875288009644,0.30712,0.015391
372.7490744590759,0.30813,0.015046
372.7988452911377,0.30899,0.01496
372.85178422927856,0.30893,0.01493
372.89845037460327,0.31101,0.014931
372.9505650997162,0.31109,0.014952
373.00278091430664,0.31197,0.014904
373.05251812934875,0.31381,0.014719
373.1043348312378,0.31491,0.014633
373.1510739326477,0.31581,0.014739
373.20195174217224,0.31568,0.014711
373.25488114356995,0.31685,0.016975
373.3036799430847,0.025547,0.013594
373.357497215271,0.024667,0.014685
373.4047203063965,0.03016,0.014768
373.4566652774811,0.03304,0.014624
373.50546193122864,0.035947,0.014673
373.556129693985,0.035893,0.014473
373.60477447509766,0.04176,0.014645
373.65648007392883,0.04184,0.014492
373.70781660079956,0.047333,0.014664
373.7594156265259,0.047653,0.014915
373.80903148651123,0.050533,0.014929
373.8597569465637,0.05336,0.014969
373.9084994792938,0.05632,0.014927
373.9572739601135,0.059147,0.014822
374.00964760780334,0.064773,0.014766
374.054500579834,0.067493,0.014849
374.10912680625916,0.070187,0.0148
374.1584675312042,0.07304,0.014817
374.206782579422,0.073067,0.014849
374.2605974674225,0.075707,0.014783
374.30606055259705,0.078427,0.014734
374.358136177063,0.07864,0.014805
374.41120958328247,0.086747,0.01482
374.4627962112427,0.08664,0.014831
374.51767325401306,0.08952,0.01483
374.5667107105255,0.09216,0.015074
374.6166932582855,0.09464,0.015025
374.66610169410706,0.09736,0.015025
374.7209692001343,0.1,0.015216
374.7698109149933,0.10261,0.015423
374.81773114204407,0.1072,0.015276
374.87023186683655,0.10835,0.015448
374.92175698280334,0.1084,0.015766
374.97397327423096,0.10984,0.015519
375.0266797542572,0.11112,0.015833
375.07706332206726,0.11232,0.015698
375.1237680912018,0.11352,0.015795
375.1780745983124,0.11587,0.015683
375.2261836528778,0.11587,0.015981
375.28095412254333,0.11715,0.01541
375.3310992717743,0.11837,0.01568
375.38244223594666,0.11963,0.015321
375.43727922439575,0.12213,0.015149
375.487509727478,0.12323,0.014936
375.536584854126,0.12296,0.015012
375.5871675014496,0.12432,0.014926
375.63699889183044,0.12576,0.014154
375.68821907043457,0.12683,0.014094
375.7402446269989,0.12789,0.014074
375.78863286972046,0.13027,0.014064
375.8364062309265,0.1304,0.01371
375.88651061058044,0.13139,0.01382
375.9388711452484,0.13157,0.013794
375.9924581050873,0.13381,0.013588
376.04194617271423,0.13507,0.014045
376.0917263031006,0.13616,0.014047
376.1413781642914,0.13725,0.01426
376.19309997558594,0.13827,0.014551
376.24272990226746,0.13947,0.014477
376.2905170917511,0.14067,0.014517
376.3444616794586,0.14176,0.014529
376.395694732666,0.14325,0.014514
376.4434883594513,0.14416,0.014512
376.4978218078613,0.14512,0.014689
376.55281162261963,0.14656,0.014723
376.601411819458,0.14749,0.01485
376.6512813568115,0.14872,0.014861
376.702184677124,0.14987,0.014802
376.7566637992859,0.15083,0.01477
376.8043463230133,0.15197,0.014723
376.85886883735657,0.15304,0.014712
376.9096553325653,0.15427,0.014756
376.9600830078125,0.15539,0.014682
377.0071210861206,0.15656,0.014686
377.0611448287964,0.15667,0.014773
377.1126596927643,0.15864,0.014715
377.1629116535187,0.15963,0.014609
377.2113537788391,0.16088,0.014783
377.2612373828888,0.16176,0.014719
377.3194000720978,0.16301,0.014578
377.3658986091614,0.16405,0.014768
377.4178957939148,0.16435,0.014828
377.47024154663086,0.16597,0.014736
377.5189800262451,0.16749,0.014729
377.5691714286804,0.16837,0.014789
377.61903977394104,0.16965,0.014997
377.6714813709259,0.17069,0.015236
377.7222261428833,0.17064,0.015347
377.7710597515106,0.17176,0.015413
377.81624817848206,0.17304,0.015517
377.8712885379791,0.17488,0.015543
377.92296385765076,0.17584,0.015854
377.97045254707336,0.17691,0.016113
378.02765345573425,0.17795,0.01655
378.0806670188904,0.17912,0.016595
378.135347366333,0.18003,0.016861
378.18307304382324,0.18021,0.01706
378.2326500415802,0.18221,0.017153
378.28715348243713,0.1824,0.017366
378.3337426185608,0.18467,0.017335
378.3833591938019,0.18528,0.016679
378.43742537498474,0.18645,0.01681
378.48758578300476,0.18637,0.016512
378.5378451347351,0.18749,0.016157
378.5899085998535,0.18941,0.0161
378.64270401000977,0.19056,0.014997
378.6930236816406,0.19152,0.015087
378.7414903640747,0.19256,0.014761
378.79290890693665,0.19349,0.014724
378.84269165992737,0.19467,0.013981
378.89225149154663,0.19563,0.014002
378.9472749233246,0.19675,0.013976
378.9972884654999,0.19779,0.01423
379.0503599643707,0.19781,0.014209
379.09894013404846,0.19869,0.014416
379.14671206474304,0.19973,0.01443
379.1985557079315,0.20181,0.014784
379.2555010318756,0.20285,0.01472
379.307510137558,0.20381,0.014642
379.3611180782318,0.20403,0.014723
379.4115221500397,0.20592,0.014702
379.46010088920593,0.20688,0.014492
379.51022815704346,0.20784,0.014753
379.56112003326416,0.20888,0.014784
379.6156008243561,0.21008,0.014861
379.6644654273987,0.21101,0.014722
379.71768856048584,0.21115,0.014688
379.7661859989166,0.21213,0.014658
379.82016587257385,0.21317,0.014669
379.8712339401245,0.21405,0.014616
379.9201102256775,0.21517,0.014587
379.97193336486816,0.21608,0.014709
380.01869225502014,0.21803,0.014756
380.0691602230072,0.21907,0.01467
380.1198937892914,0.22011,0.014696
380.1738007068634,0.22115,0.01468
380.22141695022583,0.22216,0.014685
380.27099108695984,0.22203,0.014692
380.3222346305847,0.22309,0.014717
380.3737335205078,0.22499,0.014726
380.42395973205566,0.22603,0.014729
380.47410583496094,0.22696,0.014732
380.5241873264313,0.22808,0.014887
380.5740535259247,0.22891,0.01494
380.6262936592102,0.23005,0.015285
380.6759238243103,0.22995,0.015374
380.72443890571594,0.23112,0.015533
380.774941444397,0.23211,0.015968
380.8262765407562,0.23299,0.016185
380.8773002624512,0.23507,0.016883
380.9255304336548,0.23597,0.01688
380.97666454315186,0.23693,0.016709
381.0270962715149,0.23712,0.017745
381.07576513290405,0.23797,0.019141
381.13007640838623,0.23901,0.019518
381.1830406188965,0.23984,0.019371
381.2334065437317,0.24181,0.020228
381.27965927124023,0.24264,0.020401
381.33161520957947,0.24299,0.020628
381.3836245536804,0.24493,0.019964
381.4347665309906,0.24491,0.01969
381.4813516139984,0.24597,0.020092
381.53409028053284,0.2468,0.019042
381.5849087238312,0.24805,0.01798
381.63628697395325,0.24877,0.017982
381.68088459968567,0.24981,0.016847
381.7365388870239,0.25096,0.016887
381.78551292419434,0.25197,0.015769
381.83551812171936,0.2528,0.015494
381.88880920410156,0.25368,0.015176
381.93966579437256,0.25459,0.015246
381.9910123348236,0.25576,0.014726
382.0391209125519,0.25685,0.014738
382.08830094337463,0.25779,0.014793
382.1450116634369,0.25861,0.014879
382.19012236595154,0.25963,0.014915
382.24591279029846,0.26072,0.014849
382.29468035697937,0.26181,0.014725
382.3449969291687,0.26259,0.014735
382.3954849243164,0.2636,0.014933
382.445032119751,0.26363,0.014903
382.49466371536255,0.2644,0.014619
382.5476622581482,0.2676,0.014727
382.5990951061249,0.26768,0.014581
382.64807081222534,0.26864,0.014757
382.69867515563965,0.26947,0.014744
382.7472677230835,0.27059,0.014609
382.799400806427,0.27053,0.014665
382.84864115715027,0.27243,0.014672
382.89918994903564,0.27363,0.014746
382.9499840736389,0.27432,0.014754
382.99810004234314,0.27552,0.014568
383.0521399974823,0.27544,0.014674
383.1014778614044,0.27763,0.014668
383.1540129184723,0.27757,0.0147
383.20437812805176,0.27859,0.014734
383.2519700527191,0.28059,0.014781
383.3036472797394,0.28125,0.01466
383.35338950157166,0.28235,0.014762
383.40456461906433,0.28328,0.014796
383.45391058921814,0.28339,0.014991
383.507520198822,0.2852,0.015185
383.5581953525543,0.28525,0.01507
383.6084895133972,0.28621,0.015351
383.6589093208313,0.28741,0.015574
383.711261510849,0.28803,0.015574
383.75925874710083,0.29032,0.016593
383.81327199935913,0.29125,0.016627
383.8625259399414,0.29232,0.016754
383.9104859828949,0.29299,0.017703
383.9632046222687,0.29328,0.01911
384.01524472236633,0.29416,0.019629
384.0632607936859,0.29517,0.021223
384.11758828163147,0.29627,0.021662
384.1659302711487,0.29819,0.021097
384.21490955352783,0.29917,0.021685
384.26839900016785,0.30005,0.021661
384.319287776947,0.30003,0.021686
384.36872720718384,0.30101,0.021338
384.4191024303436,0.30205,0.020476
384.46998620033264,0.30395,0.020142
384.51855397224426,0.30488,0.018482
384.5722727775574,0.30571,0.017966
384.61941361427307,0.30597,0.016056
384.671270608902,0.30707,0.014701
384.7223093509674,0.30784,0.014858
384.7795498371124,0.30995,0.014555
384.8309009075165,0.31077,0.014651
384.8804545402527,0.31184,0.015052
384.9274253845215,0.31189,0.014908
384.978661775589,0.31304,0.014737
385.0307536125183,0.314,0.014827
385.07981300354004,0.31491,0.014713
385.13046526908875,0.31693,0.01466
385.18192529678345,0.0252,0.020361
385.23274397850037,0.025413,0.015364
385.28117418289185,0.027253,0.014766
385.3336970806122,0.027307,0.014775
385.38182377815247,0.03,0.014701
385.4356951713562,0.033013,0.014653
385.48527789115906,0.035787,0.014653
385.5369334220886,0.041787,0.014635
385.58531737327576,0.044533,0.014606
385.6366310119629,0.047707,0.014647
385.6857011318207,0.047413,0.014533
385.73841166496277,0.05056,0.014732
385.7881829738617,0.05352,0.014726
385.8397285938263,0.05632,0.014674
385.8870348930359,0.058987,0.014634
385.9378423690796,0.061973,0.014768
385.9880282878876,0.064667,0.014797
386.03812408447266,0.067387,0.014825
386.0906012058258,0.07032,0.0148
386.1436400413513,0.073067,0.01473
386.1972131729126,0.07568,0.01476
386.2461447715759,0.078507,0.014742
386.296005487442,0.083813,0.014785
386.3476448059082,0.083973,0.014756
386.39913749694824,0.08672,0.014803
386.4466722011566,0.089253,0.014907
386.50344920158386,0.09184,0.015059
386.5510082244873,0.094533,0.015049
386.6052734851837,0.09736,0.014967
386.65527153015137,0.099787,0.015176
386.7046856880188,0.10243,0.015217
386.75269174575806,0.10496,0.01529
386.813955783844,0.10699,0.015245
386.8669617176056,0.10827,0.015445
386.915908575058,0.10947,0.015442
386.9669699668884,0.11075,0.015646
387.01595997810364,0.11216,0.015671
387.06922149658203,0.11235,0.015683
387.12103843688965,0.11571,0.015659
387.1730546951294,0.11579,0.015615
387.22281074523926,0.11699,0.015664
387.27386355400085,0.11827,0.015245
387.32493901252747,0.11939,0.015206
387.37302327156067,0.12181,0.015068
387.4257962703705,0.12181,0.014837
387.4744539260864,0.12307,0.014747
387.5205674171448,0.12416,0.014722
387.5762116909027,0.12555,0.014515
387.6265277862549,0.12797,0.014504
387.6746029853821,0.12787,0.014647
387.72585368156433,0.12901,0.014147
387.77750515937805,0.13024,0.013871
387.82592964172363,0.13128,0.013917
387.8777596950531,0.13237,0.013888
387.93147325515747,0.13264,0.013909
387.9813759326935,0.13357,0.014306
388.03045082092285,0.13605,0.014371
388.0808434486389,0.13712,0.014381
388.1314935684204,0.13837,0.01437
388.18294310569763,0.13952,0.014544
388.2287118434906,0.14053,0.014524
388.27903628349304,0.14208,0.014503
388.3327932357788,0.14205,0.014487
388.38229417800903,0.14323,0.014514
388.4333121776581,0.14405,0.014493
388.48353576660156,0.14637,0.014662
388.5351572036743,0.14651,0.014692
388.5868248939514,0.14861,0.014801
388.6354398727417,0.14864,0.014719
388.6883521080017,0.15093,0.014788
388.73726654052734,0.15195,0.014683
388.7859466075897,0.15307,0.014853
388.83718276023865,0.15403,0.014717
388.88850474357605,0.15416,0.014674
388.93856287002563,0.15517,0.014669
388.9907569885254,0.15619,0.01476
389.0395803451538,0.15851,0.014698
389.0926730632782,0.15947,0.014745
389.14241099357605,0.15957,0.01482
389.1910049915314,0.16181,0.014766
389.24091625213623,0.16171,0.014598
389.29199409484863,0.1628,0.014716
389.3403558731079,0.16523,0.014751
389.3924596309662,0.16515,0.014679
389.4400191307068,0.16723,0.014726
389.49479579925537,0.16816,0.014799
389.5422763824463,0.16832,0.015087
389.5975127220154,0.16936,0.015066
389.645870923996,0.17043,0.015157
389.695467710495,0.17251,0.015176
389.7479214668274,0.1736,0.015497
389.79945516586304,0.17472,0.01568
389.85214400291443,0.17475,0.015732
389.9008848667145,0.17592,0.015871
389.95399022102356,0.17683,0.016285
390.0022027492523,0.17792,0.016508
390.0539622306824,0.17896,0.016864
390.1023862361908,0.17992,0.016504
390.1527237892151,0.18115,0.01708
390.20876598358154,0.18208,0.017092
390.2577164173126,0.18419,0.017054
390.30458784103394,0.1852,0.016841
390.3577792644501,0.18517,0.016652
390.41136145591736,0.18616,0.016455
390.4590072631836,0.18739,0.016218
390.5113787651062,0.18821,0.016244
390.5608513355255,0.18928,0.015953
390.6131806373596,0.19021,0.015853
390.66139245033264,0.19243,0.016063
390.7121202945709,0.1924,0.015417
390.7647280693054,0.19464,0.015132
390.8159370422363,0.19459,0.014254
390.86608600616455,0.19576,0.013919
390.9134132862091,0.19653,0.013889
390.9665994644165,0.19771,0.014196
391.01293087005615,0.19867,0.014435
391.0659189224243,0.19968,0.014451
391.11789727211,0.19971,0.014695
391.1676609516144,0.20173,0.014763
391.22079396247864,0.2028,0.014689
391.26722145080566,0.20381,0.014722
391.317542552948,0.20483,0.014641
391.36908769607544,0.20584,0.014707
391.4197816848755,0.20688,0.014766
391.47186279296875,0.20781,0.01476
391.5201048851013,0.20896,0.014804
391.56968331336975,0.20981,0.014954
391.6216084957123,0.21099,0.014658
391.6720781326294,0.21189,0.014704
391.71995091438293,0.2128,0.014755
391.77243161201477,0.21283,0.014622
391.82257652282715,0.21389,0.014699
391.8723816871643,0.21493,0.014634
391.9265718460083,0.21685,0.014724
391.97640776634216,0.21795,0.014668
392.02498173713684,0.21891,0.014706
392.0761663913727,0.21995,0.014678
392.1273910999298,0.2208,0.014748
392.174791097641,0.22197,0.014713
392.2288646697998,0.22213,0.014623
392.27241468429565,0.22397,0.014694
392.3294849395752,0.22507,0.014658
392.38022470474243,0.22595,0.014657
392.427707195282,0.22691,0.014781
392.47726130485535,0.228,0.014844
392.5315580368042,0.22816,0.014905
392.5820767879486,0.22891,0.015327
392.63161039352417,0.22995,0.015036
392.68093729019165,0.23208,0.015453
392.73146653175354,0.23293,0.015737
392.7813820838928,0.234,0.016115
392.83284974098206,0.23493,0.016771
392.8837504386902,0.23499,0.017119
392.9320902824402,0.23589,0.018313
392.98155665397644,0.23709,0.018588
393.0333287715912,0.23789,0.018968
393.0839831829071,0.23995,0.019263
393.1351532936096,0.24077,0.019929
393.1887731552124,0.24181,0.020417
393.2378628253937,0.24192,0.020637
393.2861304283142,0.24272,0.020693
393.33919310569763,0.24395,0.020345
393.38967990875244,0.24496,0.019997
393.44108152389526,0.24704,0.020229
393.4876844882965,0.24792,0.019549
393.5444633960724,0.24869,0.018809
393.5934340953827,0.24987,0.017491
393.64180421829224,0.25077,0.016584
393.6935615539551,0.25083,0.016802
393.746901512146,0.25179,0.015505
393.7950921058655,0.25275,0.01495
393.8458459377289,0.25485,0.014702
393.89609837532043,0.25504,0.014795
393.9471743106842,0.25581,0.014564
393.9968419075012,0.25675,0.01471
394.04726910591125,0.25757,0.014785
394.0944154262543,0.25861,0.014858
394.1477222442627,0.25979,0.014851
394.2014594078064,0.26165,0.01473
394.2488603591919,0.26171,0.014688
394.2999246120453,0.26269,0.014955
394.3527636528015,0.26363,0.014891
394.400536775589,0.26464,0.014914
394.4570686817169,0.26573,0.014738
394.5020065307617,0.26667,0.014694
394.55533170700073,0.26741,0.014705
394.6092953681946,0.26864,0.014795
394.65630197525024,0.26939,0.014743
394.71305799484253,0.27059,0.014642
394.7599244117737,0.27139,0.014685
394.8134515285492,0.27251,0.014822
394.8612492084503,0.27363,0.01465
394.9149844646454,0.27437,0.014741
394.9619355201721,0.27547,0.01463
395.0146644115448,0.27664,0.015021
395.0681941509247,0.27744,0.014849
395.1192035675049,0.27827,0.014657
395.1713991165161,0.27944,0.014741
395.22163677215576,0.28024,0.014854
395.26999258995056,0.28115,0.014995
395.31948256492615,0.28213,0.01484
395.37288308143616,0.28243,0.015085
395.4260501861572,0.28432,0.015017
395.47854375839233,0.28619,0.015329
395.52592492103577,0.28627,0.014989
395.57791090011597,0.28752,0.015351
395.6303548812866,0.28821,0.01611
395.677818775177,0.2892,0.016134
395.7288017272949,0.29107,0.016662
395.7803988456726,0.2912,0.017378
395.8304674625397,0.29229,0.019931
395.88468074798584,0.29291,0.020603
395.9336483478546,0.29416,0.020914
395.9865252971649,0.29523,0.021679
396.0342993736267,0.29619,9.9e+37
396.0888395309448,0.29709,0.021697
396.13795137405396,0.298,0.021696
396.1857192516327,0.29896,0.021698
396.23902225494385,0.29989,0.021698
396.28777527809143,0.30091,9.9e+37
396.33734488487244,0.30203,0.021588
396.3859121799469,0.30272,0.02084
396.4434959888458,0.30371,0.01998
396.4935166835785,0.30501,0.017909
396.54209065437317,0.30595,0.01685
396.59230279922485,0.30677,0.01622
396.6398026943207,0.30789,0.015556
396.69520831108093,0.30877,0.014405
396.7422480583191,0.30979,0.014329
396.7964720726013,0.31083,0.014567
396.84617805480957,0.31181,0.014827
396.8950734138489,0.31275,0.014846
396.94598865509033,0.31296,0.01478
396.99780535697937,0.31472,0.014762
397.04726099967957,0.31485,0.014665
397.096657037735,0.31688,0.014509
397.14706349372864,0.024027,0.014768
397.19812750816345,0.02464,0.015268
397.249183177948,0.02712,0.014765
397.29666900634766,0.029547,0.0148
397.3481328487396,0.029573,0.014624
397.4022886753082,0.03256,0.014731
397.45075702667236,0.03568,0.014635
397.5017750263214,0.041387,0.014703
397.5538926124573,0.044453,0.014866
397.6004068851471,0.04744,0.014721
397.6517195701599,0.047333,0.014674
397.70264983177185,0.05016,0.01471
397.75139689445496,0.052933,0.01472
397.80415749549866,0.05608,0.014793
397.8526406288147,0.058773,0.014743
397.90348267555237,0.064373,0.014822
397.9559860229492,0.067173,0.014755
398.0062429904938,0.067387,0.014787
398.05516242980957,0.072507,0.014769
398.1147110462189,0.07264,0.014605
398.163699388504,0.075253,0.014789
398.21541357040405,0.080747,0.014747
398.2668583393097,0.0836,0.014818
398.3179278373718,0.086347,0.014836
398.36911129951477,0.089067,0.014793
398.41676211357117,0.091947,0.014901
398.46826457977295,0.091653,0.014806
398.5222804546356,0.094533,0.015
398.5721244812012,0.09696,0.014937
398.620867729187,0.099547,0.015046
398.6703128814697,0.1048,0.01499
398.7206857204437,0.10475,0.01525
398.7781751155853,0.10829,0.015179
398.82872462272644,0.10936,0.015187
398.87731885910034,0.10955,0.015486
398.9307520389557,0.11072,0.01538
398.97884368896484,0.11189,0.015442
399.0296838283539,0.11336,0.015351
399.0826997756958,0.11448,0.015301
399.1319589614868,0.11563,0.015317
399.1882710456848,0.11816,0.015403
399.2412757873535,0.11915,0.015119
399.29166173934937,0.12035,0.015062
399.34276127815247,0.12179,0.014839
399.390545129776,0.12291,0.014847
399.4438421726227,0.12307,0.014625
399.49111819267273,0.12427,0.014422
399.5403537750244,0.12517,0.014581
399.5928590297699,0.12656,0.014255
399.64553809165955,0.12755,0.014001
399.6937766075134,0.13019,0.014213
399.743145942688,0.13128,0.014069
399.79890489578247,0.13253,0.01406
399.8496928215027,0.13261,0.014238
399.89980149269104,0.13368,0.014256
399.9500756263733,0.13475,0.01443
399.99783515930176,0.13603,0.014402
400.04527592658997,0.13728,0.014427
400.0998201370239,0.13819,0.014494
400.1507203578949,0.14051,0.014455
400.20009875297546,0.14051,0.014399
400.25125527381897,0.14179,0.014364
400.3027276992798,0.14299,0.01451
400.35138988494873,0.14405,0.014649
400.4010007381439,0.14515,0.014507
400.4547667503357,0.14611,0.014719
400.50357365608215,0.14845,0.01495
400.55495858192444,0.14861,0.014938
400.60396122932434,0.14957,0.014816
400.65413093566895,0.15067,0.014652
400.70467376708984,0.15168,0.014727
400.7533915042877,0.1528,0.01471
400.80679845809937,0.15397,0.014743
400.8568584918976,0.15504,0.014678
400.90955686569214,0.15627,0.014681
400.955762386322,0.15739,0.014717
401.0089030265808,0.15843,0.014721
401.0598087310791,0.15968,0.014684
401.10885548591614,0.16072,0.014662
401.1624867916107,0.16163,0.014741
401.2123577594757,0.16267,0.014643
401.26359605789185,0.16395,0.014749
401.3127784729004,0.16496,0.014791
401.36678171157837,0.16592,0.014838
401.41523027420044,0.16693,0.014808
401.4700541496277,0.16808,0.014879
401.51809549331665,0.16813,0.014923
401.5684473514557,0.17029,0.01501
401.6223974227905,0.17136,0.015037
401.6711208820343,0.17245,0.015283
401.7212243080139,0.17355,0.015175
401.77190494537354,0.17464,0.015304
401.81986260414124,0.17475,0.015703
401.8708508014679,0.17669,0.015657
401.9259464740753,0.17672,0.0158
401.97539806365967,0.17891,0.016393
402.0258674621582,0.17992,0.016483
402.07894110679626,0.18096,0.016724
402.12655544281006,0.18189,0.01664
402.18084931373596,0.18288,0.016831
402.2292618751526,0.18312,0.016643
402.27950835227966,0.18528,0.016548
402.3312358856201,0.18619,0.016497
402.3810477256775,0.18736,0.016617
402.43151235580444,0.18715,0.016227
402.48088097572327,0.18923,0.01556
402.53331112861633,0.18939,0.015541
402.5818235874176,0.19021,0.015598
402.63374876976013,0.19141,0.015104
402.6820831298828,0.19237,0.01466
402.73527431488037,0.19448,0.014562
402.7852897644043,0.19587,0.014217
402.8368284702301,0.19645,0.014212
402.88686203956604,0.19653,0.014237
402.937618970871,0.19861,0.014489
402.9885437488556,0.19963,0.01446
403.0366361141205,0.20056,0.014683
403.0867736339569,0.2016,0.014326
403.1386089324951,0.20267,0.014834
403.18847846984863,0.20267,0.014773
403.23885560035706,0.20365,0.014711
403.2920117378235,0.20448,0.014647
403.3403763771057,0.20667,0.014824
403.39167761802673,0.20757,0.014771
403.4487900733948,0.20869,0.014788
403.50020813941956,0.20984,0.014742
403.54744052886963,0.21075,0.014912
403.59875535964966,0.21088,0.014773
403.6491892337799,0.21176,0.014658
403.70028829574585,0.21392,0.014657
403.7513518333435,0.21491,0.014741
403.80279517173767,0.21491,0.014707
403.8545718193054,0.21589,0.014792
403.90232014656067,0.21792,0.014735
403.95432782173157,0.21885,0.014676
404.0071053504944,0.21992,0.014586
404.0540111064911,0.21984,0.014636
404.1053943634033,0.22083,0.014784
404.15745973587036,0.22179,0.014719
404.20518803596497,0.22373,0.014717
404.25869727134705,0.22392,0.014696
404.30749893188477,0.22491,0.014797
404.3557753562927,0.22677,0.014796
404.40912556648254,0.22693,0.014914
404.45429396629333,0.22795,0.014877
404.5106191635132,0.22888,0.015131
404.5581774711609,0.23,0.015179
404.61106157302856,0.23104,0.015311
404.65773582458496,0.23165,0.015677
404.7085154056549,0.23389,0.016033
404.76137614250183,0.23405,0.01691
404.81244230270386,0.23491,0.016745
404.8642153739929,0.23587,0.01676
404.91186714172363,0.23688,0.017952
404.9641900062561,0.23789,0.018181
405.01244020462036,0.23883,0.018471
405.0674443244934,0.23995,0.02009
405.11496233940125,0.24069,0.019697
405.16525173187256,0.24187,0.020493
405.2153902053833,0.24301,0.019837
405.2669909000397,0.24283,0.020277
405.31475353240967,0.24397,0.02026
405.3672261238098,0.24587,0.02019
405.4193482398987,0.24675,0.019124
405.4667532444,0.24795,0.019147
405.51948857307434,0.24891,0.018889
405.5681619644165,0.24971,0.017314
405.6183364391327,0.25088,0.017325
405.67027521133423,0.25072,0.015818
405.7212944030762,0.25259,0.01553
405.7742393016815,0.25355,0.015127
405.82193660736084,0.25461,0.014845
405.87485337257385,0.25563,0.014727
405.9212398529053,0.25656,0.014858
405.97842240333557,0.2564,0.014783
406.0263168811798,0.25763,0.01487
406.0749771595001,0.25955,0.014831
406.12514448165894,0.26027,0.014765
406.1774618625641,0.2616,0.014671
406.22943592071533,0.26168,0.014815
406.2782039642334,0.26352,0.014771
406.3289051055908,0.26373,0.014652
406.3781011104584,0.26469,0.014631
406.4295837879181,0.26555,0.014766
406.47886896133423,0.26656,0.014737
406.53171133995056,0.26747,0.014729
406.5792293548584,0.26928,0.014759
406.63590574264526,0.27051,0.014636
406.68318700790405,0.27136,0.014793
406.73609471321106,0.27251,0.014617
406.78429436683655,0.27344,0.014651
406.8323073387146,0.27323,0.01473
406.8853590488434,0.27443,0.014805
406.93925499916077,0.2764,0.014807
406.9878306388855,0.27733,0.014784
407.0382423400879,0.27821,0.014807
407.09346652030945,0.2792,0.014793
407.13923048973083,0.28016,0.014701
407.19547748565674,0.28035,0.014851
407.24384212493896,0.28131,0.014747
407.2951567173004,0.28221,0.014873
407.3435025215149,0.28331,0.014818
407.39557576179504,0.28416,0.015172
407.44671964645386,0.28613,0.015129
407.49254965782166,0.28731,0.015271
407.5475585460663,0.28827,0.015505
407.59879636764526,0.2892,0.015936
407.6481728553772,0.28992,0.01696
407.69831705093384,0.29016,0.017975
407.7475290298462,0.2912,0.019035
407.7982201576233,0.29208,0.020175
407.8492980003357,0.29299,0.021653
407.899582862854,0.29395,0.021697
407.9514572620392,0.296,0.021698
407.9981298446655,0.29704,0.021696
408.0521430969238,0.29704,0.021698
408.10107493400574,0.29795,0.021697
408.15182161331177,0.29901,0.021697
408.2014265060425,0.30005,9.9e+37
408.25319504737854,0.30189,0.021695
408.3019392490387,0.30195,0.02114
408.3526074886322,0.30312,0.021579
408.40482115745544,0.30381,0.021448
408.45094084739685,0.30515,0.014714
408.50007820129395,0.30608,0.021628
408.5580024719238,0.30691,0.01466
408.6074364185333,0.30797,0.01937
408.65867352485657,0.30987,0.014057
408.7076644897461,0.31091,0.014029
408.7601087093353,0.31083,0.014485
408.81231117248535,0.31187,0.014885
408.86323142051697,0.31352,0.014731
408.91141152381897,0.3136,0.014678
408.9623568058014,0.31472,0.014756
409.01470470428467,0.31576,0.014934
409.0625994205475,0.31667,0.014725
409.1116828918457,0.02408,0.014622
409.16277170181274,0.024373,0.015011
409.21692848205566,0.026667,0.014841
409.2654106616974,0.029573,0.014694
409.3185701370239,0.03408,0.014631
409.3652813434601,0.03544,0.014558
409.4184567928314,0.038213,0.01462
409.46787333488464,0.0412,0.014691
409.5212185382843,0.044293,0.014628
409.5719096660614,0.04728,0.014718
409.61982893943787,0.050187,0.014705
409.6699812412262,0.052933,0.014823
409.7185802459717,0.05576,0.014766
409.7710311412811,0.058747,0.014718
409.821896314621,0.061387,0.014704
409.87056612968445,0.064373,0.014578
409.92271542549133,0.06712,0.014761
409.97542095184326,0.069733,0.014605
410.02532172203064,0.072533,0.014708
410.07625794410706,0.07248,0.014654
410.12369108200073,0.075253,0.01476
410.175656080246,0.080773,0.014818
410.23178791999817,0.083307,0.014735
410.2838659286499,0.085893,0.014751
410.3322069644928,0.088853,0.014878
410.3841857910156,0.09152,0.014782
410.43169355392456,0.094027,0.014809
410.4832491874695,0.096427,0.014856
410.53400683403015,0.099387,0.014912
410.5830554962158,0.10208,0.014899
410.635858297348,0.10464,0.015047
410.68388533592224,0.10664,0.014952
410.74079513549805,0.10805,0.015022
410.7882180213928,0.10947,0.015097
410.8385925292969,0.1096,0.015095
410.890408039093,0.11189,0.015114
410.9391896724701,0.11304,0.015152
410.994259595871,0.11443,0.015103
411.04387521743774,0.11555,0.015148
411.0920100212097,0.11677,0.015012
411.14783096313477,0.1168,0.014975
411.1967513561249,0.11811,0.015085
411.2478070259094,0.12043,0.01489
411.296462059021,0.12157,0.01443
411.3457806110382,0.12176,0.014777
411.3970649242401,0.12291,0.014578
411.4489674568176,0.12432,0.014335
411.49845123291016,0.12533,0.014416
411.54794931411743,0.12645,0.014411
411.60149574279785,0.12864,0.014386
411.64978790283203,0.13003,0.014187
411.7031509876251,0.12979,0.014282
411.75153708457947,0.13245,0.014251
411.80226826667786,0.13232,0.014372
411.85234808921814,0.13475,0.014302
411.9053657054901,0.13597,0.014343
411.95393228530884,0.13584,0.014402
412.01120376586914,0.13819,0.014451
412.0629508495331,0.1392,0.014365
412.1095223426819,0.1392,0.014496
412.16325855255127,0.14061,0.014425
412.21177649497986,0.14163,0.014391
412.26439476013184,0.144,0.014353
412.30976843833923,0.14515,0.014644
412.364994764328,0.14501,0.014621
412.41796946525574,0.14624,0.014749
412.4657645225525,0.14736,0.014731
412.5181493759155,0.1484,0.014737
412.56691884994507,0.14957,0.014742
412.61910223960876,0.15075,0.014511
412.6671361923218,0.15192,0.014362
412.7219636440277,0.15397,0.014723
412.77368330955505,0.15512,0.014826
412.8220443725586,0.15517,0.014735
412.8744213581085,0.15619,0.014735
412.9220426082611,0.15845,0.014605
412.97335624694824,0.15837,0.014686
413.0219740867615,0.15965,0.014759
413.07758021354675,0.16075,0.014746
413.12340021133423,0.1616,0.014684
413.1771128177643,0.16403,0.014759
413.2236838340759,0.16379,0.01487
413.2768762111664,0.16608,0.014794
413.32590103149414,0.16595,0.014788
413.3771638870239,0.16699,0.014793
413.4279417991638,0.16816,0.014843
413.4809637069702,0.16917,0.014911
413.5293228626251,0.17019,0.014899
413.5822162628174,0.17131,0.014986
413.63129925727844,0.17349,0.015053
413.67969012260437,0.17355,0.015197
413.7336926460266,0.17469,0.015003
413.78014159202576,0.17576,0.015213
413.83366775512695,0.17669,0.015297
413.8846333026886,0.17765,0.015838
413.93424701690674,0.17872,0.015797
413.98259449005127,0.17893,0.015987
414.03510189056396,0.18075,0.015838
414.08419466018677,0.18203,0.015837
414.134521484375,0.18285,0.016347
414.1862442493439,0.18408,0.015929
414.23370695114136,0.18507,0.016019
414.2864844799042,0.18624,0.015799
414.3371663093567,0.18733,0.015891
414.38496112823486,0.18835,0.015932
414.4370744228363,0.18941,0.015368
414.4844591617584,0.18917,0.015037
414.5373637676239,0.19061,0.014965
414.58815360069275,0.19232,0.014462
414.63813066482544,0.19341,0.014773
414.69010400772095,0.19432,0.014312
414.73769640922546,0.19536,0.014456
414.79172682762146,0.19571,0.014307
414.83772683143616,0.1976,0.014379
414.8914170265198,0.19861,0.014687
414.9409964084625,0.19957,0.014561
414.9910786151886,0.20056,0.01468
415.04213976860046,0.20075,0.014696
415.0916769504547,0.20157,0.014642
415.14315843582153,0.20283,0.014594
415.18932580947876,0.20379,0.014646
415.2449905872345,0.20443,0.014473
415.2969493865967,0.20667,0.014582
415.3447058200836,0.20765,0.014809
415.39695858955383,0.20875,0.014845
415.44542956352234,0.20968,0.014534
415.49908685684204,0.21085,0.014607
415.547664642334,0.21093,0.014792
415.6031744480133,0.21197,0.014641
415.64930534362793,0.21368,0.014791
415.7006676197052,0.21387,0.014741
415.75106477737427,0.21507,0.014572
415.8020143508911,0.2168,0.01467
415.85298228263855,0.21683,0.01463
415.9057083129883,0.21781,0.014747
415.95432233810425,0.21885,0.014682
416.0012047290802,0.22093,0.014629
416.05473470687866,0.22184,0.014609
416.1078112125397,0.22189,0.014651
416.15465903282166,0.22283,0.014539
416.2057754993439,0.22397,0.014805
416.2553856372833,0.22475,0.014661
416.3144347667694,0.22589,0.014667
416.36325573921204,0.22677,0.014862
416.4124221801758,0.22885,0.014803
416.4629716873169,0.23003,0.014986
416.5150113105774,0.22987,0.015097
416.5672240257263,0.23083,0.015111
416.6144542694092,0.23184,0.015511
416.6685411930084,0.23291,0.015537
416.71605825424194,0.23371,0.015722
416.768842458725,0.23597,0.016173
416.8216178417206,0.23587,0.016687
416.8680934906006,0.23795,0.017332
416.9246926307678,0.23773,0.01847
416.97221064567566,0.23856,0.019205
417.022141456604,0.23973,0.019651
417.0725483894348,0.24075,0.01903
417.1246407032013,0.24256,0.019826
417.1744453907013,0.24293,0.019703
417.2268657684326,0.24381,0.019588
417.2762026786804,0.24576,0.019605
417.3281397819519,0.2468,0.018945
417.37652015686035,0.24667,0.018727
417.4285616874695,0.24765,0.017306
417.4776430130005,0.24875,0.017418
417.5349175930023,0.24971,0.015475
417.58458614349365,0.25176,0.015496
417.6345417499542,0.25261,0.014847
417.68512749671936,0.25275,0.014516
417.7366235256195,0.25373,0.014522
417.7868392467499,0.25464,0.014597
417.8382189273834,0.25549,0.014782
417.88821816444397,0.25757,0.014828
417.9372329711914,0.25739,0.014801
417.9930508136749,0.25939,0.014882
418.043728351593,0.2596,0.014639
418.08894753456116,0.26061,0.014755
418.1495909690857,0.26141,0.014815
418.2001509666443,0.26256,0.014857
418.24715280532837,0.26267,0.014851
418.29853415489197,0.26443,0.014862
418.3486297130585,0.26536,0.014686
418.40050077438354,0.26629,0.014742
418.44832825660706,0.26741,0.014566
418.5014793872833,0.26829,0.014691
418.5500066280365,0.26939,0.014654
418.60355043411255,0.27013,0.014689
418.6525423526764,0.27128,0.014593
418.70336747169495,0.27232,0.014582
418.75827193260193,0.27331,0.014618
418.8131937980652,0.27427,0.014724
418.86331510543823,0.27544,0.014732
418.91111993789673,0.27544,0.014497
418.96253418922424,0.27728,0.014757
419.01094222068787,0.27808,0.014777
419.06408882141113,0.2792,0.014787
419.1161255836487,0.28016,0.014768
419.167795419693,0.28115,0.014887
419.215313911438,0.28189,0.014706
419.2702171802521,0.28309,0.015006
419.3167724609375,0.28416,0.0149
419.3743317127228,0.28496,0.014998
419.42491841316223,0.28704,0.015153
419.4712104797363,0.28707,0.015523
419.5233280658722,0.28821,0.015587
419.5741055011749,0.28909,0.015955
419.6258010864258,0.29008,0.016573
419.6769366264343,0.29088,0.018237
419.72717785835266,0.29187,0.021129
419.77849292755127,0.29387,0.020176
419.825323343277,0.29387,0.021608
419.8801603317261,0.29512,0.021431
419.92898297309875,0.29595,0.021697
419.9814672470093,0.29693,0.021697
420.0305564403534,0.298,9.9e+37
420.0802881717682,0.29885,0.021695
420.1317992210388,0.30008,0.021693
420.18131923675537,0.30008,0.021682
420.23092126846313,0.30107,0.021523
420.2827672958374,0.30283,0.021689
420.33285546302795,0.30373,0.021167
420.3868589401245,0.30483,0.020046
420.43612575531006,0.30576,0.021018
420.48857283592224,0.30667,0.015285
420.5360679626465,0.30771,0.01523
420.5885167121887,0.30869,0.014003
420.63529229164124,0.30987,0.01403
420.6881511211395,0.31053,0.014134
420.7384707927704,0.3116,0.014326
420.7864291667938,0.31168,0.014807
420.83829522132874,0.31357,0.01486
420.8897383213043,0.31445,0.014837
420.938668012619,0.3156,0.01474
420.9924349784851,0.31645,0.014793
421.0445022583008,0.02504,0.021573
421.09273862838745,0.024667,0.014889
421.1444413661957,0.026613,0.014761
421.1966962814331,0.029227,0.014788
421.2459020614624,0.029067,0.014635
421.2973322868347,0.035173,0.014567
421.34536695480347,0.038213,0.014647
421.40156626701355,0.04128,0.014702
421.4471185207367,0.041253,0.014704
421.5018045902252,0.0456,0.014697
421.5518469810486,0.049893,0.014801
421.6053466796875,0.049947,0.014803
421.6557331085205,0.05296,0.014817
421.7049822807312,0.05848,0.014736
421.7527561187744,0.06144,0.014841
421.8058292865753,0.064027,0.014669
421.8539764881134,0.067013,0.014906
421.90576100349426,0.067227,0.014782
421.9554524421692,0.0696,0.014838
422.0089023113251,0.072373,0.014716
422.0591948032379,0.075307,0.014775
422.1085276603699,0.07776,0.014899
422.15869760513306,0.083227,0.014864
422.2111077308655,0.086,0.014796
422.2651982307434,0.088827,0.014752
422.3157482147217,0.090213,0.014898
422.3655786514282,0.094107,0.01483
422.4113390445709,0.09448,0.014864
422.46779203414917,0.0968,0.014883
422.517781496048,0.099307,0.014917
422.5699408054352,0.10445,0.014992
422.6186435222626,0.10696,0.01488
422.6698052883148,0.10683,0.014962
422.71918392181396,0.10941,0.01499
422.77485513687134,0.11064,0.014926
422.8269021511078,0.11072,0.014987
422.8758478164673,0.11195,0.014917
422.93417167663574,0.11293,0.014798
422.98099160194397,0.1144,0.014848
423.03313517570496,0.11683,0.014939
423.0848903656006,0.11811,0.014795
423.1348476409912,0.11931,0.014849
423.1869947910309,0.12061,0.014615
423.23986625671387,0.12051,0.014743
423.28522968292236,0.12165,0.014637
423.33943605422974,0.12405,0.014398
423.3898112773895,0.12549,0.014483
423.44000148773193,0.12656,0.01453
423.4934709072113,0.12651,0.014393
423.54245042800903,0.12912,0.014206
423.5925261974335,0.12912,0.014363
423.6407392024994,0.13032,0.014231
423.69457840919495,0.13245,0.014301
423.74247217178345,0.13381,0.014358
423.7932229042053,0.13496,0.014271
423.8434658050537,0.13477,0.014337
423.8922908306122,0.13592,0.014366
423.9467511177063,0.13709,0.014394
423.9975094795227,0.13832,0.014405
424.04757738113403,0.13944,0.014372
424.09596848487854,0.14077,0.014421
424.1465985774994,0.14176,0.014365
424.19540333747864,0.14416,0.014531
424.2447187900543,0.14421,0.01452
424.30124711990356,0.14544,0.014536
424.35034918785095,0.14624,0.014744
424.4009602069855,0.14739,0.014714
424.4505338668823,0.14845,0.01462
424.5030665397644,0.14984,0.014722
424.54865884780884,0.15056,0.014677
424.6042306423187,0.15317,0.014739
424.65210938453674,0.15323,0.014841
424.7066307067871,0.15413,0.014821
424.7539620399475,0.15528,0.014847
424.805504322052,0.15643,0.014695
424.8555099964142,0.15752,0.014816
424.902569770813,0.15744,0.014888
424.9573640823364,0.15957,0.014812
425.00761246681213,0.16088,0.014811
425.05970883369446,0.16168,0.01475
425.110942363739,0.16293,0.014708
425.15867590904236,0.16408,0.014691
425.2104604244232,0.16499,0.014763
425.25959825515747,0.16613,0.014753
425.31462359428406,0.16704,0.014793
425.36456823349,0.16923,0.014802
425.41673588752747,0.16917,0.014801
425.46732354164124,0.17059,0.014886
425.51508116722107,0.17136,0.014822
425.5669310092926,0.17243,0.015135
425.61922669410706,0.17352,0.015177
425.6685745716095,0.17421,0.015108
425.7181680202484,0.17445,0.015235
425.7681405544281,0.17584,0.015011
425.82104206085205,0.17765,0.015125
425.8690495491028,0.17875,0.015192
425.92198371887207,0.17989,0.015142
425.9733130931854,0.18104,0.015281
426.0245997905731,0.18211,0.015227
426.0727343559265,0.18307,0.015861
426.12772846221924,0.18411,0.01525
426.1713740825653,0.18405,0.015678
426.2264451980591,0.18624,0.015524
426.2758238315582,0.18744,0.015236
426.32710790634155,0.18832,0.015147
426.3797245025635,0.18933,0.015161
426.42528891563416,0.19021,0.014653
426.4832239151001,0.19128,0.014679
426.5321259498596,0.19227,0.01464
426.58126306533813,0.19344,0.014781
426.63386845588684,0.1944,0.014626
426.68341636657715,0.19555,0.014568
426.73090171813965,0.1956,0.014568
426.78151750564575,0.19653,0.01464
426.8299934864044,0.19763,0.014551
426.8832564353943,0.19867,0.014615
426.9367561340332,0.2008,0.014609
426.9852249622345,0.20155,0.014426
427.03944849967957,0.20267,0.014439
427.0878396034241,0.20352,0.01453
427.13942885398865,0.20411,0.014679
427.18777227401733,0.20483,0.014479
427.241605758667,0.20579,0.01474
427.29000449180603,0.20667,0.014571
427.3380591869354,0.2088,0.014771
427.3912982940674,0.20987,0.014664
427.4366867542267,0.21088,0.014719
427.489869594574,0.21077,0.014747
427.54135274887085,0.21181,0.014743
427.592649936676,0.21312,0.014683
427.64240527153015,0.21392,0.014735
427.6942410469055,0.21501,0.014693
427.74334239959717,0.21597,0.014733
427.79315996170044,0.21773,0.014739
427.8416271209717,0.21893,0.014717
427.8922915458679,0.21875,0.014714
427.9477050304413,0.22075,0.014702
427.99579763412476,0.2208,0.014673
428.0446400642395,0.22181,0.014622
428.09899282455444,0.22283,0.014654
428.1474287509918,0.22395,0.014668
428.2002971172333,0.22461,0.014789
428.24969244003296,0.22691,0.014747
428.300488948822,0.22749,0.014735
428.3539867401123,0.22776,0.014827
428.40417432785034,0.22896,0.014879
428.4543626308441,0.22987,0.014999
428.50186944007874,0.23067,0.015191
428.55803179740906,0.23195,0.015096
428.60329151153564,0.23285,0.015308
428.65692019462585,0.23365,0.015302
428.7053656578064,0.23477,0.015526
428.76013350486755,0.23584,0.016542
428.8083474636078,0.23669,0.016184
428.8586845397949,0.23763,0.01705
428.9112708568573,0.23875,0.017244
428.9597942829132,0.23976,0.017794
429.014084815979,0.24064,0.018133
429.06454277038574,0.24264,0.018478
429.1110768318176,0.24253,0.018117
429.1644196510315,0.24371,0.018381
429.21457505226135,0.24456,0.01811
429.26632833480835,0.24563,0.017891
429.3103108406067,0.24653,0.016923
429.3637230396271,0.24765,0.017894
429.42105436325073,0.24861,0.016327
429.47013902664185,0.24947,0.015724
429.5246903896332,0.25056,0.015442
429.57285618782043,0.2516,0.014824
429.62503385543823,0.25256,0.014549
429.67512249946594,0.25349,0.014638
429.72519087791443,0.25437,0.01469
429.77601075172424,0.25563,0.014512
429.82619547843933,0.25632,0.014811
429.87929463386536,0.25739,0.014761
429.92688632011414,0.25856,0.01461
429.9784371852875,0.25952,0.014904
430.0294394493103,0.26016,0.014641
430.0820813179016,0.26149,0.014693
430.13157510757446,0.26221,0.014694
430.18218207359314,0.26448,0.014713
430.2318651676178,0.26437,0.01475
430.2821867465973,0.26525,0.014727
430.3315989971161,0.2664,0.014736
430.3784918785095,0.26645,0.014721
430.4348862171173,0.26829,0.014816
430.4857888221741,0.2692,0.014675
430.53214955329895,0.27021,0.014688
430.5830235481262,0.27136,0.014715
430.63583421707153,0.27243,0.014705
430.68810057640076,0.2724,0.014649
430.7358009815216,0.27421,0.014781
430.78861594200134,0.27408,0.014767
430.83693838119507,0.27533,0.014701
430.88744616508484,0.27725,0.014726
430.9378945827484,0.27816,0.014653
430.98991775512695,0.27912,0.014789
431.0373179912567,0.27915,0.014664
431.0907497406006,0.28117,0.014641
431.13962507247925,0.28216,0.014784
431.1900305747986,0.28307,0.014947
431.2416355609894,0.28304,0.014976
431.2953178882599,0.28397,0.015033
431.34584951400757,0.28621,0.015019
431.3949615955353,0.28704,0.015043
431.4447982311249,0.28795,0.015146
431.4961564540863,0.28901,0.015089
431.5445191860199,0.28909,0.015942
431.59714341163635,0.29085,0.016889
431.6431243419647,0.29099,0.018253
431.6957404613495,0.29184,0.018356
431.74599385261536,0.29379,0.020038
431.7978684902191,0.29507,0.020626
431.8550479412079,0.29595,0.021344
431.90206503868103,0.29584,0.021633
431.95275235176086,0.29701,0.021671
432.0094783306122,0.29803,0.021693
432.0583403110504,0.29899,0.021665
432.10806226730347,0.30093,0.021389
432.15944647789,0.30171,0.021445
432.2096173763275,0.30272,0.021337
432.25935220718384,0.30371,0.019003
432.3098499774933,0.30368,0.017146
432.36177802085876,0.30472,0.017301
432.40860891342163,0.30557,0.01599
432.4601137638092,0.30669,0.014429
432.51458501815796,0.30784,0.014054
432.56257152557373,0.30957,0.013797
432.6169295310974,0.31043,0.014855
432.66677618026733,0.31051,0.014867
432.7201278209686,0.31133,0.01474
432.76506447792053,0.31261,0.014845
432.8197810649872,0.31459,0.014896
432.8721752166748,0.31539,0.014744
432.9209895133972,0.3164,0.014797
432.9712178707123,0.0268,0.014867
433.0251624584198,0.022507,0.014312
433.0715663433075,0.0236,0.014846
433.1227731704712,0.026347,0.01475
433.17212104797363,0.032027,0.014719
433.2253170013428,0.034987,0.014652
433.2766225337982,0.035013,0.014658
433.32733607292175,0.037973,0.014713
433.37571454048157,0.04088,0.014704
433.4289755821228,0.043787,0.014498
433.48563718795776,0.046907,0.014732
433.53896951675415,0.049467,0.014683
433.5890245437622,0.055253,0.014865
433.6408886909485,0.05536,0.01485
433.6879017353058,0.058053,0.014974
433.74028301239014,0.060987,0.01491
433.7899966239929,0.064053,0.014763
433.84469985961914,0.066667,0.014831
433.894802570343,0.07216,0.014799
433.94339990615845,0.074907,0.014775
433.9949014186859,0.0776,0.01474
434.0439853668213,0.078907,0.014751
434.0935432910919,0.080187,0.014891
434.1438159942627,0.082827,0.014742
434.1955056190491,0.0856,0.014761
434.24496054649353,0.090933,0.014755
434.29603028297424,0.09128,0.014748
434.34494066238403,0.093813,0.014845
434.3961389064789,0.096587,0.01485
434.44471430778503,0.098987,0.014887
434.5011098384857,0.10171,0.014927
434.54890394210815,0.10429,0.014742
434.6004304885864,0.10661,0.014899
434.6511323451996,0.10803,0.014852
434.7011749744415,0.10936,0.014913
434.75113797187805,0.11171,0.014837
434.80284547805786,0.11179,0.014691
434.85206174850464,0.11317,0.01477
434.9010133743286,0.11416,0.014595
434.9546101093292,0.11541,0.014636
435.00344800949097,0.11685,0.014747
435.0533893108368,0.11797,0.014715
435.10264825820923,0.11901,0.014603
435.1546473503113,0.11923,0.014525
435.2082998752594,0.12189,0.014531
435.2561299800873,0.1228,0.014401
435.30694031715393,0.12392,0.014502
435.357439994812,0.12528,0.014289
435.4047248363495,0.12629,0.014481
435.45666551589966,0.12645,0.014282
435.5126130580902,0.1276,0.014241
435.55896377563477,0.12899,0.014211
435.61548042297363,0.13125,0.014287
435.6654508113861,0.13243,0.014291
435.7183096408844,0.1336,0.014312
435.77074003219604,0.13467,0.014355
435.8201003074646,0.13597,0.014255
435.87098383903503,0.13701,0.014266
435.9210104942322,0.13824,0.01441
435.9701852798462,0.1392,0.01427
436.02091932296753,0.14051,0.014288
436.07210636138916,0.14059,0.014514
436.1219325065613,0.14275,0.014747
436.180135011673,0.14397,0.014581
436.2285888195038,0.14491,0.014687
436.2787742614746,0.14608,0.014594
436.3290271759033,0.14723,0.014552
436.3810889720917,0.14832,0.014599
436.4308183193207,0.14941,0.014677
436.481262922287,0.15051,0.01476
436.53237676620483,0.15192,0.014815
436.5816926956177,0.15293,0.01468
436.6327247619629,0.15376,0.014646
436.6826288700104,0.15501,0.014734
436.732798576355,0.15611,0.014561
436.78478479385376,0.15589,0.014697
436.83411979675293,0.15709,0.014723
436.8851013183594,0.15944,0.014767
436.937029838562,0.16043,0.014686
436.98755502700806,0.16149,0.014493
437.03507447242737,0.16173,0.014638
437.08748841285706,0.16275,0.014669
437.13400769233704,0.16381,0.014679
437.18696880340576,0.16477,0.014816
437.237553358078,0.16587,0.014683
437.28982758522034,0.16696,0.014829
437.33645486831665,0.16912,0.014671
437.3913850784302,0.16904,0.014665
437.4395773410797,0.17109,0.014753
437.4950613975525,0.17213,0.014788
437.54442262649536,0.17216,0.014821
437.5958833694458,0.17432,0.014972
437.64070320129395,0.17539,0.014815
437.69177198410034,0.17544,0.014842
437.74202704429626,0.17664,0.014879
437.7969536781311,0.17755,0.014916
437.8498945236206,0.17877,0.014965
437.89896750450134,0.17968,0.014955
437.9560112953186,0.18083,0.015068
438.0054819583893,0.18296,0.014786
438.05668687820435,0.18379,0.014783
438.104843378067,0.18515,0.014811
438.15788650512695,0.18493,0.014904
438.20630502700806,0.18613,0.015078
438.25670289993286,0.18717,0.01479
438.30531764030457,0.18808,0.014788
438.35594964027405,0.18928,0.014667
438.4085359573364,0.19003,0.014721
438.4585485458374,0.19213,0.014624
438.50958824157715,0.19312,0.014537
438.5606415271759,0.19416,0.014574
438.6102030277252,0.19523,0.014457
438.66311621665955,0.19517,0.014491
438.7148208618164,0.19613,0.014542
438.7644257545471,0.19733,0.014561
438.81454277038574,0.19835,0.01447
438.8661413192749,0.19949,0.014435
438.91536259651184,0.20123,0.014372
438.96352219581604,0.20149,0.014392
439.0178828239441,0.20248,0.014359
439.06662225723267,0.20341,0.014554
439.1177899837494,0.20475,0.014599
439.16662788391113,0.20648,0.014723
439.217360496521,0.20653,0.01456
439.2712996006012,0.20765,0.014677
439.32314252853394,0.20869,0.014609
439.37104201316833,0.20971,0.014726
439.4250319004059,0.21056,0.014705
439.47444915771484,0.21163,0.014769
439.5272512435913,0.21272,0.014782
439.57441115379333,0.2128,0.014866
439.6268079280853,0.21555,0.014716
439.6781678199768,0.21579,0.014699
439.72309374809265,0.21656,0.014697
439.7761287689209,0.2176,0.014553
439.8257586956024,0.21856,0.014709
439.88045263290405,0.21851,0.014708
439.92585921287537,0.22157,0.014621
439.9840626716614,0.22152,0.014745
440.03263449668884,0.22269,0.014622
440.0834231376648,0.2236,0.014656
440.13268542289734,0.22467,0.014748
440.1823980808258,0.22571,0.014665
440.23422598838806,0.22664,0.014598
440.2841763496399,0.22763,0.014637
440.3325080871582,0.22875,0.014767
440.38428831100464,0.22955,0.014689
440.43990874290466,0.22971,0.015048
440.4906659126282,0.23168,0.014869
440.5410506725311,0.2328,0.014786
440.59023094177246,0.23368,0.015056
440.64542508125305,0.23464,0.015064
440.693302154541,0.23581,0.015294
440.74262499809265,0.23672,0.015926
440.79571294784546,0.23763,0.01587
440.8458650112152,0.23875,0.015572
440.8975188732147,0.23979,0.016153
440.94797468185425,0.24067,0.016631
440.9982821941376,0.24141,0.016067
441.0459568500519,0.24259,0.01727
441.09716272354126,0.24357,0.016645
441.1509733200073,0.24365,0.016552
441.1994993686676,0.24461,0.016256
441.2466068267822,0.2456,0.016153
441.3022429943085,0.24757,0.016031
441.35074162483215,0.24856,0.014907
441.4031276702881,0.24944,0.015233
441.44795632362366,0.25059,0.015056
441.49939489364624,0.25128,0.014721
441.55368542671204,0.25229,0.01476
441.601891040802,0.25243,0.014768
441.65471935272217,0.25328,0.014767
441.706823348999,0.25451,0.014867
441.7570400238037,0.25531,0.014807
441.8092634677887,0.25736,0.014538
441.86043882369995,0.25837,0.014666
441.90842938423157,0.25925,0.014567
441.9586880207062,0.26035,0.014607
442.01022005081177,0.2604,0.014608
442.0573694705963,0.26147,0.014833
442.1130814552307,0.26227,0.01479
442.16383171081543,0.26336,0.014852
442.20925211906433,0.26533,0.014798
442.26458978652954,0.26621,0.014677
442.3161811828613,0.26736,0.014741
442.364324092865,0.26837,0.014732
442.4156861305237,0.2684,0.014689
442.46371603012085,0.26928,0.014647
442.5214834213257,0.27024,0.014651
442.5701460838318,0.27192,0.014713
442.62005066871643,0.27315,0.01471
442.66999888420105,0.27416,0.014582
442.71925258636475,0.27408,0.014658
442.77353048324585,0.27515,0.014806
442.8238892555237,0.27627,0.014802
442.8712463378906,0.27731,0.014552
442.9222457408905,0.27811,0.014794
442.97173833847046,0.27912,0.014749
443.02673411369324,0.28104,0.014598
443.0825469493866,0.282,0.014695
443.131933927536,0.28296,0.014808
443.183495759964,0.284,0.014789
443.23403882980347,0.28408,0.014813
443.281690120697,0.28597,0.014971
443.3328025341034,0.28597,0.014901
443.3879072666168,0.28712,0.014901
443.43752813339233,0.28891,0.015146
443.4895341396332,0.29005,0.015149
443.53393387794495,0.28995,0.015553
443.58771419525146,0.29189,0.015946
443.63891983032227,0.29181,0.016904
443.6883909702301,0.29288,0.016653
443.74019598960876,0.29384,0.017771
443.7900025844574,0.29483,0.019295
443.8367156982422,0.29693,0.019697
443.8919541835785,0.29677,0.018764
443.939736366272,0.29768,0.01961
443.99705743789673,0.29885,0.020916
444.0458905696869,0.29979,0.019373
444.09661650657654,0.30067,0.019274
444.1453130245209,0.30269,0.018466
444.19751501083374,0.3028,0.016831
444.25074529647827,0.30389,0.015221
444.30212020874023,0.30469,0.015931
444.3527467250824,0.30565,0.014028
444.4015929698944,0.30664,0.013943
444.46067667007446,0.30763,0.01372
444.51320219039917,0.3096,0.013995
444.56252431869507,0.31061,0.014789
444.6125807762146,0.31157,0.014672
444.66689133644104,0.31165,0.014882
444.7160928249359,0.31248,0.014879
444.7681224346161,0.31448,0.01482
444.81892681121826,0.31459,0.014782
444.8680901527405,0.31555,0.01484
444.9220883846283,0.31667,0.014584
444.9745228290558,0.022187,0.014485
445.0219624042511,0.02408,0.014776
445.0761284828186,0.029067,0.014777
445.1256778240204,0.031973,0.014815
445.1747028827667,0.03496,0.014633
445.2267143726349,0.035253,0.014602
445.277871131897,0.04088,0.014797
445.3256616592407,0.040773,0.014577
445.3773355484009,0.04384,0.014642
445.426917552948,0.04664,0.014767
445.4774887561798,0.052347,0.014782
445.5252709388733,0.055307,0.01473
445.5752544403076,0.055413,0.014749
445.63103103637695,0.058133,0.014837
445.67897295951843,0.060827,0.014711
445.73280096054077,0.063787,0.014761
445.78147554397583,0.063867,0.014846
445.8325192928314,0.06952,0.014842
445.88321328163147,0.07208,0.014783
445.93733406066895,0.074667,0.014828
445.9877622127533,0.077547,0.014692
446.0366313457489,0.080213,0.014784
446.09086894989014,0.082907,0.014681
446.14003825187683,0.085573,0.014766
446.1910443305969,0.088293,0.014793
446.23843812942505,0.09096,0.014767
446.2899076938629,0.09368,0.014743
446.33865571022034,0.09632,0.014731
446.3915934562683,0.099093,0.014727
446.44023847579956,0.10133,0.014746
446.49279284477234,0.10403,0.01487
446.5429518222809,0.10669,0.01459
446.59461855888367,0.10768,0.014721
446.64540123939514,0.10795,0.014632
446.6957063674927,0.11048,0.014664
446.7428390979767,0.1116,0.014699
446.8053743839264,0.11307,0.014642
446.853227853775,0.11435,0.014681
446.90447449684143,0.11533,0.014688
446.9537127017975,0.11667,0.014719
447.0051226615906,0.11659,0.014675
447.0580544471741,0.1192,0.014662
447.1074604988098,0.12011,0.014542
447.1580216884613,0.12163,0.014609
447.2073481082916,0.1228,0.014537
447.2614743709564,0.12389,0.014399
447.3094308376312,0.12512,0.014229
447.35814356803894,0.12619,0.014311
447.4106636047363,0.12747,0.014198
447.4622857570648,0.12765,0.014279
447.5131492614746,0.12971,0.014312
447.563334941864,0.12992,0.01439
447.61178851127625,0.13229,0.014309
447.66077709198,0.13344,0.014317
447.7141258716583,0.13464,0.014358
447.76415944099426,0.13563,0.014305
447.8117959499359,0.1368,0.014489
447.8636016845703,0.13797,0.014434
447.91457986831665,0.13909,0.01445
447.964124917984,0.14016,0.014534
448.0114347934723,0.14019,0.014557
448.063693523407,0.14139,0.014563
448.11552333831787,0.14275,0.014664
448.16407680511475,0.14355,0.014466
448.2134177684784,0.146,0.014549
448.2685582637787,0.14688,0.014542
448.31934809684753,0.14811,0.01459
448.3700478076935,0.14925,0.014638
448.418265581131,0.15048,0.014709
448.47097849845886,0.15037,0.014805
448.5188903808594,0.15179,0.014789
448.5728769302368,0.15395,0.014711
448.6222906112671,0.15464,0.014843
448.6745262145996,0.15608,0.014593
448.7222263813019,0.15709,0.014693
448.77614188194275,0.15696,0.014715
448.82646679878235,0.15821,0.014681
448.8745205402374,0.1592,0.014673
448.92897868156433,0.1604,0.014695
448.9766893386841,0.16269,0.014767
449.0276782512665,0.16373,0.01473
449.07844066619873,0.16485,0.014655
449.12800693511963,0.1648,0.014712
449.1785500049591,0.16576,0.014803
449.22872829437256,0.16664,0.014598
449.2767744064331,0.16909,0.01474
449.33136892318726,0.16915,0.014761
449.38025760650635,0.17107,0.014758
449.4302613735199,0.1712,0.014689
449.48195600509644,0.17235,0.014903
449.52964639663696,0.17317,0.014806
449.5821089744568,0.17437,0.014813
449.6308093070984,0.17528,0.014886
449.68517899513245,0.17653,0.014821
449.73357796669006,0.17848,0.014761
449.78810262680054,0.17864,0.014797
449.8381474018097,0.17971,0.01489
449.88572692871094,0.18075,0.01479
449.93863439559937,0.18173,0.014727
449.99052596092224,0.18285,0.014469
450.04178380966187,0.18387,0.01491
450.09317541122437,0.18485,0.014724
450.14069080352783,0.18592,0.014398
450.1915121078491,0.18699,0.014354
450.24451518058777,0.18813,0.014435
450.29346895217896,0.18912,0.014584
450.34275794029236,0.19005,0.014337
450.3907392024994,0.19104,0.014352
450.44393014907837,0.19205,0.014392
450.4924623966217,0.19299,0.01433
450.5446226596832,0.19419,0.01444
450.5986440181732,0.19536,0.014394
450.64843583106995,0.19637,0.014362
450.69900488853455,0.19763,0.014316
450.7486062049866,0.1984,0.014305
450.8007125854492,0.19941,0.014431
450.84985184669495,0.20032,0.014536
450.8991720676422,0.20157,0.01445
450.95028948783875,0.20224,0.014516
450.9988822937012,0.20331,0.014578
451.05269265174866,0.20563,0.014732
451.10268926620483,0.20549,0.014731
451.14929151535034,0.20632,0.014601
451.2052688598633,0.20795,0.014691
451.2541399002075,0.2088,0.01475
451.30239725112915,0.20968,0.014609
451.3527572154999,0.21059,0.014776
451.4074602127075,0.21173,0.014641
451.4653306007385,0.21275,0.014735
451.514297246933,0.21373,0.014701
451.56609988212585,0.21461,0.014725
451.6143705844879,0.21563,0.014687
451.67356848716736,0.21656,0.014501
451.72176480293274,0.21784,0.014689
451.7700881958008,0.21888,0.014684
451.8210480213165,0.21973,0.01475
451.87205719947815,0.22059,0.014715
451.9228239059448,0.22189,0.014635
451.9733409881592,0.2228,0.014645
452.0223307609558,0.22371,0.01479
452.073034286499,0.22376,0.014704
452.12562131881714,0.22565,0.014677
452.179203748703,0.22656,0.014648
452.22691226005554,0.22757,0.014673
452.27777791023254,0.22864,0.014685
452.32796001434326,0.2296,0.014781
452.38299322128296,0.23056,0.014743
452.431343793869,0.23176,0.014786
452.48176741600037,0.23269,0.014815
452.53099942207336,0.23379,0.014862
452.5828731060028,0.23467,0.014934
452.6300051212311,0.2356,0.014748
452.68297576904297,0.23584,0.015216
452.73149585723877,0.23765,0.015169
452.7842767238617,0.23763,0.01519
452.83181834220886,0.23845,0.014904
452.8826906681061,0.2396,0.015302
452.934463262558,0.24053,0.015103
452.984338760376,0.24248,0.01531
453.0370657444,0.24349,0.015616
453.08304715156555,0.24451,0.015272
453.1381285190582,0.24555,0.01516
453.1883313655853,0.24659,0.015486
453.2374074459076,0.24752,0.014905
453.2874321937561,0.24765,0.01485
453.33916187286377,0.24859,0.014794
453.38847947120667,0.24952,0.014687
453.439608335495,0.25056,0.014467
453.4890921115875,0.25245,0.014742
453.5398380756378,0.2532,0.014753
453.58857703208923,0.25341,0.014818
453.6423177719116,0.25453,0.014587
453.6918148994446,0.25541,0.014362
453.7470757961273,0.25627,0.014418
453.79428935050964,0.25744,0.014432
453.84655809402466,0.25816,0.014649
453.896901845932,0.25928,0.014622
453.9484851360321,0.26133,0.014723
453.99958992004395,0.26229,0.014716
454.05211424827576,0.26339,0.014805
454.10114669799805,0.26429,0.014735
454.1526563167572,0.26523,0.01464
454.20027327537537,0.26536,0.014727
454.25171422958374,0.26632,0.014721
454.30245995521545,0.26736,0.014725
454.356237411499,0.26821,0.014661
454.4035413265228,0.26907,0.014686
454.45461988449097,0.27019,0.014828
454.5056653022766,0.27136,0.014679
454.555979013443,0.27256,0.014803
454.6107654571533,0.27328,0.014713
454.65847063064575,0.27408,0.014668
454.7083170413971,0.27512,0.014725
454.76423239707947,0.27595,0.014701
454.81327271461487,0.27717,0.014599
454.8634991645813,0.27797,0.014629
454.91581439971924,0.28003,0.014711
454.9621081352234,0.28019,0.014708
455.01422333717346,0.28091,0.014647
455.063086271286,0.28205,0.014747
455.1161859035492,0.28325,0.014796
455.1680393218994,0.28392,0.014782
455.2158086299896,0.28512,0.014993
455.2661089897156,0.28608,0.01482
455.3175837993622,0.288,0.01487
455.36684799194336,0.28893,0.014921
455.4170227050781,0.28883,0.014944
455.4681615829468,0.28992,0.015054
455.52190375328064,0.2908,0.015443
455.5741903781891,0.29171,0.01541
455.6216185092926,0.29283,0.015939
455.6726267337799,0.29376,0.015739
455.729528427124,0.29568,0.016127
455.78576850891113,0.29579,0.016431
455.8334867954254,0.29664,0.017027
455.8832805156708,0.2976,0.01553
455.93343329429626,0.29877,0.016067
455.98692059516907,0.29979,0.015814
456.03834652900696,0.30064,0.015825
456.08641839027405,0.30243,0.015402
456.13824796676636,0.30352,0.014845
456.1893320083618,0.30344,0.015018
456.2379879951477,0.30461,0.014387
456.2877368927002,0.30563,0.01422
456.33691358566284,0.30659,0.01453
456.38862466812134,0.30741,0.014483
456.4387171268463,0.30765,0.014725
456.49071741104126,0.31048,0.014833
456.5418510437012,0.31075,0.014918
456.5929911136627,0.31176,0.014731
456.64382576942444,0.31261,0.014739
456.69146370887756,0.31357,0.014617
456.7457814216614,0.31432,0.014826
456.7921733856201,0.31541,0.014799
456.8437809944153,0.31632,0.01476
456.8949704170227,0.31643,0.014698
456.9459824562073,0.02328,0.014494
456.9963080883026,0.025867,0.014706
457.05118203163147,0.028773,0.014762
457.0974268913269,0.031653,0.014754
457.15238428115845,0.034667,0.014651
457.20002341270447,0.03472,0.014759
457.2515468597412,0.040693,0.014826
457.30289030075073,0.043253,0.014834
457.35246872901917,0.046693,0.014785
457.4039590358734,0.049307,0.014597
457.4493408203125,0.049467,0.014886
457.504620552063,0.055013,0.014798
457.5546405315399,0.055067,0.014698
457.6067109107971,0.060693,0.014813
457.65547227859497,0.063627,0.014859
457.7109520435333,0.06624,0.014871
457.75928950309753,0.06904,0.014844
457.8095347881317,0.07208,0.014851
457.86196064949036,0.072027,0.014739
457.90917444229126,0.07464,0.01477
457.9631779193878,0.080187,0.014777
458.0093402862549,0.082693,0.014786
458.06172275543213,0.085707,0.014651
458.10988664627075,0.088187,0.014786
458.16373658180237,0.088027,0.014834
458.2125794887543,0.09112,0.014694
458.26393866539,0.093733,0.014731
458.3153109550476,0.096,0.014674
458.36702847480774,0.098693,0.014669
458.418790102005,0.10376,0.014723
458.4675540924072,0.10632,0.014803
458.5192279815674,0.1076,0.014831
458.5690920352936,0.10907,0.014819
458.6224772930145,0.10893,0.01484
458.67614936828613,0.11032,0.014731
458.7251408100128,0.11147,0.014775
458.7760183811188,0.11411,0.014692
458.83039474487305,0.11515,0.014778
458.8802034854889,0.11645,0.01477
458.9300763607025,0.11653,0.014573
458.98284673690796,0.11776,0.014567
459.0303580760956,0.11901,0.014576
459.08163928985596,0.12024,0.014569
459.1330738067627,0.1228,0.014474
459.18120527267456,0.12392,0.014555
459.2313816547394,0.12507,0.014498
459.28125953674316,0.12509,0.014542
459.3374526500702,0.1264,0.014505
459.3831539154053,0.12736,0.014441
459.43415236473083,0.12997,0.014405
459.4839720726013,0.12992,0.014439
459.53779649734497,0.1312,0.014506
459.58650946617126,0.13221,0.014394
459.63757252693176,0.13331,0.014525
459.68889832496643,0.13469,0.014383
459.73828411102295,0.13576,0.014521
459.78634762763977,0.13699,0.014492
459.83751606941223,0.13917,0.014619
459.888952255249,0.13904,0.014625
459.9390947818756,0.14037,0.014606
459.98985409736633,0.14125,0.01464
460.0398259162903,0.14269,0.014632
460.1033935546875,0.14344,0.014601
460.1534616947174,0.14475,0.014713
460.2019131183624,0.14709,0.014649
460.2515664100647,0.14819,0.014722
460.30205178260803,0.14816,0.014818
460.35574531555176,0.14947,0.01483
460.40696358680725,0.15053,0.014667
460.4566013813019,0.15155,0.014733
460.50545144081116,0.15251,0.014838
460.55751276016235,0.15376,0.014674
460.6076166629791,0.15496,0.014626
460.6588680744171,0.15608,0.014683
460.7074246406555,0.15709,0.014722
460.75851821899414,0.15923,0.01467
460.8099250793457,0.15936,0.014762
460.86064171791077,0.1604,0.014486
460.91106939315796,0.16152,0.014702
460.95903992652893,0.16253,0.014735
461.0119938850403,0.1636,0.014655
461.06250858306885,0.16461,0.014653
461.1097238063812,0.16571,0.014792
461.16243743896484,0.16691,0.014718
461.2115297317505,0.16797,0.014714
461.2612612247467,0.1692,0.014717
461.3140687942505,0.17019,0.014797
461.36337089538574,0.17101,0.014842
461.4131772518158,0.17229,0.014774
461.46005630493164,0.17328,0.014756
461.5112798213959,0.1744,0.014848
461.5641026496887,0.17472,0.01475
461.6124608516693,0.17664,0.014883
461.6685080528259,0.1776,0.014829
461.7168941497803,0.17872,0.014727
461.76724123954773,0.1796,0.014722
461.81916427612305,0.18061,0.014752
461.8679094314575,0.18149,0.014617
461.91914343833923,0.18248,0.014671
461.9761769771576,0.18365,0.014429
462.0236978530884,0.18365,0.014558
462.0756688117981,0.18592,0.014631
462.1258409023285,0.1868,0.014428
462.1782307624817,0.18795,0.014381
462.2268612384796,0.18803,0.014352
462.27746081352234,0.19085,0.014189
462.32862186431885,0.19104,0.014411
462.3778965473175,0.19213,0.014271
462.4294879436493,0.19291,0.014352
462.47823762893677,0.19413,0.014372
462.52947068214417,0.19413,0.014237
462.57828164100647,0.19611,0.014339
462.6318984031677,0.19627,0.014486
462.6839518547058,0.19709,0.014392
462.7278027534485,0.19915,0.014534
462.7862665653229,0.20019,0.014449
462.83949089050293,0.20117,0.014538
462.88821387290955,0.20229,0.014559
462.9385039806366,0.20323,0.014651
462.9886348247528,0.20427,0.014686
463.0402765274048,0.20461,0.014715
463.09002804756165,0.20525,0.014651
463.1409513950348,0.20723,0.014631
463.19150042533875,0.20837,0.014708
463.2383348941803,0.20955,0.014535
463.28951239585876,0.21045,0.01458
463.342125415802,0.21136,0.014618
463.3939459323883,0.21165,0.01473
463.44220185279846,0.21349,0.01471
463.49124121665955,0.21448,0.014659
463.5435471534729,0.21549,0.014879
463.59631299972534,0.21568,0.01478
463.64785265922546,0.21736,0.014761
463.69916439056396,0.2184,0.014696
463.7459366321564,0.21944,0.014671
463.79877638816833,0.21987,0.014571
463.84563279151917,0.22171,0.014693
463.89927792549133,0.22187,0.014728
463.95185136795044,0.22368,0.01474
464.0013120174408,0.22459,0.014634
464.0549325942993,0.22547,0.014703
464.1052384376526,0.22661,0.014739
464.1533977985382,0.22763,0.014701
464.20339345932007,0.22859,0.014618
464.25276350975037,0.22869,0.014786
464.30813670158386,0.22955,0.014626
464.3530149459839,0.23152,0.014735
464.4072844982147,0.23269,0.014792
464.4562418460846,0.23269,0.014661
464.5082423686981,0.23368,0.014731
464.55754566192627,0.23459,0.014809
464.6085526943207,0.23547,0.01474
464.6572937965393,0.23656,0.014626
464.70962476730347,0.23752,0.014751
464.7608115673065,0.23957,0.014728
464.81025671958923,0.24056,0.014535
464.86038184165955,0.24093,0.014617
464.9101462364197,0.24173,0.014488
464.9616641998291,0.24245,0.014532
465.0112590789795,0.24355,0.014563
465.0601427555084,0.24429,0.014701
465.11252522468567,0.24557,0.014637
465.16370129585266,0.24637,0.014677
465.21194791793823,0.24832,0.01472
465.26276659965515,0.24947,0.014567
465.31729555130005,0.24944,0.014556
465.36405515670776,0.25043,0.014527
465.4166202545166,0.25139,0.014545
465.46978783607483,0.25243,0.014425
465.5188698768616,0.25331,0.014568
465.5705397129059,0.25435,0.014493
465.6168818473816,0.25408,0.014579
465.6692519187927,0.25635,0.014471
465.71877884864807,0.25827,0.014764
465.77103424072266,0.25827,0.014677
465.82386779785156,0.2592,0.01477
465.8749303817749,0.26029,0.01475
465.92501950263977,0.26075,0.01464
465.97262954711914,0.26229,0.014597
466.02591371536255,0.26331,0.014721
466.07890248298645,0.26416,0.014801
466.1289839744568,0.2652,0.014866
466.17805004119873,0.26709,0.014646
466.2274498939514,0.26691,0.014739
466.27776074409485,0.26797,0.014642
466.33034086227417,0.26904,0.014771
466.37859749794006,0.27013,0.014754
466.43092107772827,0.27096,0.014707
466.4760789871216,0.27197,0.014709
466.5313651561737,0.27277,0.01468
466.57985281944275,0.27395,0.014795
466.63086223602295,0.27381,0.014651
466.68145728111267,0.27605,0.01468
466.73149609565735,0.27693,0.014715
466.78177213668823,0.27779,0.014716
466.83283591270447,0.27893,0.014731
466.8814208507538,0.27976,0.01471
466.9354319572449,0.28104,0.014693
466.9848895072937,0.28189,0.014766
467.03306341171265,0.28309,0.014701
467.08366084098816,0.28387,0.014677
467.1325407028198,0.284,0.014772
467.1849570274353,0.28477,0.014774
467.23584055900574,0.28587,0.01473
467.2834007740021,0.28683,0.014768
467.3387966156006,0.28893,0.014709
467.38680243492126,0.28989,0.014671
467.4416825771332,0.29083,0.014666
467.489520072937,0.2916,0.014909
467.54494285583496,0.29171,0.014745
467.59379959106445,0.29272,0.014393
467.64070105552673,0.29379,0.014728
467.6957838535309,0.29573,0.014799
467.7445704936981,0.29651,0.01501
467.79509830474854,0.29749,0.014947
467.8447859287262,0.29768,0.014867
467.8925564289093,0.29877,0.014729
467.94575333595276,0.29976,0.014537
467.9961943626404,0.30072,0.014433
468.04902720451355,0.3028,0.014297
468.0945918560028,0.30368,0.014215
468.14821434020996,0.30459,0.014456
468.1983494758606,0.3056,0.014449
468.24795722961426,0.30557,0.01439
468.3037745952606,0.30651,0.014663
468.3546028137207,0.30755,0.014726
468.4026846885681,0.30851,0.014758
468.45511174201965,0.30944,0.014762
468.50537037849426,0.31144,0.014693
468.5566349029541,0.31155,0.014823
468.603355884552,0.31259,0.014714
468.6565718650818,0.31336,0.014653
468.7048485279083,0.31448,0.014771
468.75491428375244,0.31531,0.014753
468.8106746673584,0.31627,0.014836
468.85907649993896,0.02384,0.014665
468.914439201355,0.02576,0.01473
468.96395897865295,0.025733,0.014757
469.01271748542786,0.028613,0.014717
469.06257367134094,0.031547,0.014849
469.1117389202118,0.034427,0.014691
469.1709043979645,0.04056,0.014645
469.22162652015686,0.04048,0.014664
469.2725157737732,0.043333,0.014714
469.3200190067291,0.046133,0.014667
469.37336015701294,0.049093,0.014643
469.4227731227875,0.052,0.014637
469.4732565879822,0.054907,0.014694
469.5246765613556,0.058027,0.014738
469.5735650062561,0.063467,0.014582
469.62399220466614,0.064747,0.014779
469.6748809814453,0.0664,0.014931
469.7260663509369,0.068853,0.014691
469.77683210372925,0.071627,0.014606
469.8274507522583,0.074373,0.014651
469.87791180610657,0.077173,0.014702
469.92706823349,0.07992,0.014806
469.9762222766876,0.082293,0.014792
470.02670311927795,0.085413,0.014613
470.07734513282776,0.088,0.014487
470.1314969062805,0.090667,0.014673
470.1810607910156,0.093307,0.014755
470.2283573150635,0.09584,0.014752
470.2853934764862,0.096133,0.014836
470.3320074081421,0.10117,0.014715
470.38536071777344,0.10379,0.014738
470.4356188774109,0.10648,0.01477
470.4845926761627,0.10755,0.014784
470.53561758995056,0.10904,0.014756
470.5852994918823,0.11024,0.014847
470.637925863266,0.11152,0.014935
470.6861228942871,0.1116,0.014812
470.7347996234894,0.114,0.014826
470.78793573379517,0.11517,0.014722
470.83766198158264,0.11637,0.014686
470.89175057411194,0.11765,0.014719
470.93859577178955,0.11875,0.014729
470.99101185798645,0.12024,0.014779
471.0372977256775,0.12128,0.014708
471.0913305282593,0.12141,0.014701
471.1416256427765,0.12373,0.014546
471.1935033798218,0.12507,0.014432
471.24060559272766,0.12613,0.014719
471.29270577430725,0.12741,0.014609
471.3434648513794,0.12853,0.014578
471.3902642726898,0.1296,0.014711
471.4435737133026,0.12979,0.014492
471.4953029155731,0.13208,0.014679
471.54381942749023,0.13323,0.014643
471.59628796577454,0.13445,0.014563
471.6448962688446,0.13437,0.014549
471.6988332271576,0.13667,0.014691
471.7470121383667,0.13675,0.014595
471.7977497577667,0.13795,0.014657
471.84672236442566,0.13904,0.014472
471.8998603820801,0.14115,0.014666
471.9466440677643,0.14267,0.014634
471.99758219718933,0.14355,0.014716
472.04854798316956,0.14488,0.014721
472.09986662864685,0.14605,0.014768
472.1504580974579,0.14576,0.014752
472.19881868362427,0.14699,0.014667
472.24674916267395,0.14808,0.014631
472.2986876964569,0.14917,0.014762
472.35127091407776,0.15157,0.014698
472.4002254009247,0.1516,0.014688
472.4537501335144,0.15283,0.014839
472.5082995891571,0.15373,0.014795
472.55661702156067,0.15491,0.014794
472.6070873737335,0.15699,0.01466
472.65486097335815,0.15707,0.014762
472.70925521850586,0.15816,0.01468
472.76418113708496,0.15928,0.014662
472.81138920783997,0.16019,0.014693
472.86057138442993,0.16144,0.014735
472.9131739139557,0.16253,0.014839
472.9639036655426,0.16344,0.014831
473.0147635936737,0.16445,0.014663
473.065060377121,0.16571,0.014629
473.1182014942169,0.16685,0.014839
473.16866397857666,0.168,0.014784
473.2178339958191,0.16885,0.014641
473.270626783371,0.16989,0.014596
473.3182518482208,0.17109,0.014767
473.37012457847595,0.172,0.014761
473.42122435569763,0.17323,0.014849
473.4712989330292,0.17528,0.014823
473.5200343132019,0.17517,0.014811
473.5709385871887,0.17643,0.014688
473.6229655742645,0.17741,0.014656
473.67417573928833,0.17861,0.01487
473.7236180305481,0.17952,0.014633
473.77125573158264,0.18051,0.014658
473.82850456237793,0.18171,0.014717
473.875235080719,0.18264,0.014691
473.9288082122803,0.18381,0.01473
473.976774930954,0.1848,0.014525
474.0311870574951,0.18576,0.014475
474.0826995372772,0.18693,0.014413
474.13138127326965,0.18797,0.014413
474.18398666381836,0.18888,0.014444
474.23501467704773,0.19,0.014507
474.2805874347687,0.19096,0.014446
474.3327114582062,0.19192,0.014415
474.3836452960968,0.19296,0.014566
474.43562388420105,0.19416,0.014452
474.48843789100647,0.19509,0.014487
474.53622555732727,0.19637,0.014647
474.58473563194275,0.19699,0.014568
474.63583874702454,0.19811,0.01458
474.6856143474579,0.19816,0.014594
474.74245977401733,0.20016,0.014696
474.7907335758209,0.20125,0.014671
474.8389673233032,0.20229,0.014663
474.88963866233826,0.20309,0.014683
474.94371509552,0.20408,0.014514
474.99325156211853,0.20507,0.014593
475.04298877716064,0.20629,0.014722
475.0909523963928,0.20741,0.014767
475.144428730011,0.2076,0.014782
475.1948781013489,0.20917,0.014758
475.246365070343,0.20939,0.014737
475.2929677963257,0.21152,0.014605
475.34743332862854,0.21245,0.014749
475.3987703323364,0.21347,0.014675
475.4466001987457,0.21448,0.014738
475.49561953544617,0.21461,0.014638
475.54734897613525,0.21555,0.014745
475.6015360355377,0.21664,0.014637
475.6490309238434,0.21757,0.014782
475.7002856731415,0.21952,0.0148
475.7495732307434,0.22043,0.014636
475.80185079574585,0.22144,0.014698
475.8565752506256,0.22232,0.014787
475.90719962120056,0.22368,0.014694
475.9578175544739,0.22453,0.014677
476.00461077690125,0.22459,0.014687
476.0598187446594,0.22555,0.014675
476.1063287258148,0.22744,0.014598
476.1596133708954,0.22853,0.014542
476.20891308784485,0.22957,0.014775
476.26146936416626,0.23051,0.014704
476.3103108406067,0.23141,0.014755
476.36205887794495,0.23245,0.014782
476.41290378570557,0.23357,0.014735
476.46091866493225,0.23352,0.014697
476.51536202430725,0.23432,0.014642
476.5672252178192,0.23547,0.014635
476.616042137146,0.23731,0.014777
476.6642515659332,0.23837,0.014489
476.7166893482208,0.2384,0.014455
476.7666492462158,0.24043,0.014618
476.81369638442993,0.24011,0.014569
476.8673532009125,0.24136,0.014579
476.9184672832489,0.24229,0.014458
476.96828532218933,0.24331,0.014388
477.02269196510315,0.24525,0.014543
477.0749340057373,0.24632,0.014453
477.12172627449036,0.24648,0.014461
477.1735577583313,0.24739,0.014479
477.2290813922882,0.24829,0.014492
477.27552318573,0.24931,0.014422
477.3277986049652,0.25019,0.014498
477.3813245296478,0.25235,0.014524
477.42951250076294,0.25328,0.014408
477.47598004341125,0.25453,0.014502
477.52937722206116,0.25429,0.014558
477.58011770248413,0.25523,0.014552
477.62917613983154,0.25629,0.014726
477.68145728111267,0.25829,0.01474
477.73451495170593,0.25925,0.014671
477.78251600265503,0.25925,0.014743
477.8369779586792,0.26019,0.01471
477.88564229011536,0.26112,0.014685
477.93615531921387,0.26208,0.014696
477.9888277053833,0.26421,0.014758
478.04038882255554,0.26539,0.014742
478.0883069038391,0.26547,0.014649
478.13855242729187,0.26629,0.014614
478.18801498413086,0.26728,0.014677
478.23826241493225,0.26808,0.014605
478.29220962524414,0.26909,0.014728
478.3444447517395,0.27008,0.014693
478.3929612636566,0.2708,0.014739
478.44273924827576,0.27304,0.014641
478.49562668800354,0.27293,0.014721
478.5431065559387,0.27408,0.014473
478.5947525501251,0.27488,0.014623
478.64595103263855,0.27603,0.014796
478.6957983970642,0.27683,0.014697
478.74711060523987,0.27795,0.014777
478.7971954345703,0.27893,0.014643
478.84521675109863,0.28083,0.014746
478.8994824886322,0.28083,0.014617
478.9507586956024,0.28219,0.014708
479.0005795955658,0.28288,0.014812
479.04813265800476,0.28384,0.014834
479.1031777858734,0.28384,0.014691
479.150865316391,0.28573,0.014847
479.2045753002167,0.28685,0.014739
479.25289845466614,0.28789,0.014794
479.30221128463745,0.28869,0.014657
479.35783195495605,0.28971,0.014792
479.4110481739044,0.29101,0.014689
479.4599401950836,0.29176,0.014623
479.50945138931274,0.29288,0.014663
479.5616662502289,0.2936,0.014582
479.61313343048096,0.29477,0.014583
479.6643373966217,0.29555,0.014486
479.71002745628357,0.29669,0.014486
479.763041973114,0.29763,0.014645
479.8145868778229,0.29864,0.014534
479.8644106388092,0.29867,0.014406
479.91643166542053,0.30069,0.014514
479.96424436569214,0.30165,0.014582
480.0175061225891,0.30251,0.014487
480.06720089912415,0.30355,0.014477
480.1135799884796,0.30464,0.014689
480.1659023761749,0.3056,0.014544
480.2200438976288,0.30664,0.014601
480.2678554058075,0.30747,0.014625
480.3175492286682,0.3084,0.014702
480.3690896034241,0.30944,0.014656
480.4204773902893,0.31045,0.014599
480.46946382522583,0.3104,0.014838
480.5233778953552,0.31139,0.014431
480.5707001686096,0.31243,0.014857
480.62526059150696,0.31427,0.014863
480.6767888069153,0.31533,0.014856
480.7284290790558,0.31629,0.014871
480.77700543403625,0.31651,0.014779
480.82895946502686,0.023707,0.014767
480.87866830825806,0.0244,0.014654
480.92761492729187,0.02832,0.014721
480.97994661331177,0.03152,0.014679
481.03043603897095,0.034427,0.014612
481.0805654525757,0.037307,0.014703
481.1291825771332,0.040373,0.014767
481.1796875,0.043093,0.014778
481.2294352054596,0.045973,0.014671
481.28207874298096,0.04632,0.014613
481.33406352996826,0.049147,0.014799
481.383549451828,0.0548,0.01479
481.4333233833313,0.0576,0.0148
481.4843997955322,0.060373,0.014783
481.5317940711975,0.063307,0.014811
481.5856599807739,0.063253,0.014661
481.63208985328674,0.066,0.01466
481.68132424354553,0.068747,0.014748
481.73446559906006,0.071493,0.014831
481.7869064807892,0.07712,0.014665
481.83736062049866,0.07728,0.014764
481.8898231983185,0.08,0.014775
481.93765139579773,0.085067,0.014726
481.98742055892944,0.085253,0.014745
482.0399360656738,0.088107,0.014736
482.08841729164124,0.0904,0.01472
482.13881731033325,0.093093,0.01475
482.1890609264374,0.095707,0.014657
482.23862385749817,0.099973,0.014758
482.29240250587463,0.10379,0.014855
482.3402645587921,0.10629,0.014719
482.39098930358887,0.10635,0.014819
482.4434304237366,0.10752,0.014757
482.49568581581116,0.1088,0.014847
482.54627299308777,0.10997,0.014796
482.59872484207153,0.11275,0.014816
482.6464569568634,0.11296,0.014789
482.6957857608795,0.11395,0.014778
482.7486381530762,0.11512,0.01481
482.7999789714813,0.11624,0.014895
482.8466136455536,0.11773,0.014729
482.9007806777954,0.11899,0.014805
482.9517459869385,0.12011,0.014731
483.00297808647156,0.1212,0.014651
483.0514633655548,0.12243,0.014733
483.1009750366211,0.12357,0.014722
483.1522750854492,0.1248,0.014743
483.20176792144775,0.12597,0.014586
483.25207924842834,0.12619,0.014564
483.30346393585205,0.1284,0.014636
483.3517518043518,0.12939,0.01478
483.40602946281433,0.13075,0.014712
483.45445466041565,0.13187,0.014676
483.50609374046326,0.13307,0.014656
483.5552759170532,0.13427,0.014839
483.60698413848877,0.13408,0.014767
483.6560549736023,0.13539,0.014861
483.7064003944397,0.13651,0.014682
483.75858759880066,0.13891,0.014754
483.8081569671631,0.14019,0.014669
483.86083722114563,0.14112,0.014814
483.9119300842285,0.14235,0.014853
483.95902943611145,0.14344,0.014766
484.010648727417,0.14472,0.014785
484.06293988227844,0.14597,0.014674
484.10987162590027,0.14589,0.014601
484.1642162799835,0.14795,0.014706
484.2129385471344,0.14899,0.01476
484.2661437988281,0.15021,0.014749
484.3148789405823,0.15128,0.01474
484.36402797698975,0.15139,0.014886
484.4160888195038,0.15341,0.014684
484.4670968055725,0.15472,0.014774
484.5192959308624,0.15581,0.014657
484.5682168006897,0.15592,0.014722
484.6183304786682,0.15792,0.014586
484.6682999134064,0.15904,0.014786
484.71989345550537,0.15915,0.014655
484.77121758461,0.16013,0.014724
484.82086539268494,0.16117,0.014732
484.8713011741638,0.16336,0.01475
484.9205708503723,0.16456,0.014772
484.97722935676575,0.16557,0.01464
485.0230927467346,0.16669,0.014714
485.0760807991028,0.16773,0.01469
485.12669682502747,0.16899,0.014672
485.17698073387146,0.16883,0.014671
485.22718238830566,0.16973,0.014835
485.27908277511597,0.1708,0.01474
485.32841968536377,0.17203,0.014681
485.3789749145508,0.17299,0.01463
485.4278314113617,0.17525,0.014776
485.47508454322815,0.17624,0.014581
485.5297236442566,0.17637,0.014773
485.5768036842346,0.17728,0.014689
485.62964391708374,0.17856,0.014757
485.67974495887756,0.17955,0.014726
485.7268297672272,0.18056,0.014696
485.78115606307983,0.18251,0.014818
485.8331129550934,0.18259,0.014768
485.88059639930725,0.18355,0.014835
485.9381744861603,0.18459,0.014884
485.98587703704834,0.18555,0.014735
486.0363757610321,0.18664,0.014522
486.08773732185364,0.18792,0.014747
486.13494968414307,0.18893,0.014626
486.1879150867462,0.18987,0.014632
486.23992562294006,0.19195,0.01459
486.29280948638916,0.19181,0.014638
486.34179639816284,0.19285,0.014635
486.3933217525482,0.19397,0.014505
486.44335532188416,0.19509,0.014442
486.49830651283264,0.19605,0.014705
486.54661226272583,0.19704,0.014663
486.59961795806885,0.19797,0.014781
486.64759731292725,0.19923,0.014509
486.6991982460022,0.20029,0.014653
486.7457504272461,0.20128,0.014635
486.80166697502136,0.20232,0.01475
486.8528411388397,0.20339,0.014747
486.8995599746704,0.20427,0.014686
486.9545261859894,0.20517,0.014632
487.00153517723083,0.20619,0.014665
487.0525939464569,0.2072,0.014597
487.10540080070496,0.20832,0.014752
487.1538300514221,0.20944,0.014791
487.2053008079529,0.21043,0.014644
487.2573792934418,0.21133,0.01478
487.3077914714813,0.21232,0.014725
487.3602912425995,0.21341,0.014734
487.4100081920624,0.21363,0.014645
487.4592959880829,0.21549,0.014703
487.51074838638306,0.21637,0.014748
487.5548186302185,0.21773,0.014519
487.61394572257996,0.21837,0.014739
487.66248202323914,0.21941,0.014708
487.71253991127014,0.22035,0.014593
487.75984740257263,0.22149,0.014593
487.81212854385376,0.22173,0.014655
487.8614659309387,0.22336,0.01469
487.9131236076355,0.22437,0.014693
487.96372389793396,0.22555,0.014736
488.01558232307434,0.22549,0.014646
488.0659821033478,0.22645,0.014731
488.1131589412689,0.2284,0.014693
488.16435194015503,0.22952,0.014673
488.2131416797638,0.23064,0.014748
488.26483392715454,0.2316,0.014752
488.31399035453796,0.23248,0.014789
488.36617636680603,0.23349,0.014705
488.4138207435608,0.23347,0.014664
488.46700620651245,0.23539,0.01467
488.5171058177948,0.23632,0.014831
488.5661449432373,0.23731,0.014844
488.6217200756073,0.23739,0.014766
488.67162346839905,0.23859,0.014727
488.71957206726074,0.23957,0.014727
488.7689664363861,0.24141,0.014732
488.82934617996216,0.24243,0.014684
488.87695384025574,0.24304,0.014674
488.9298162460327,0.24435,0.014691
488.97988653182983,0.24528,0.014669
489.02914333343506,0.24624,0.014642
489.07874488830566,0.24619,0.014616
489.13046956062317,0.24725,0.014686
489.1821463108063,0.24893,0.014684
489.2322564125061,0.25011,0.014626
489.2802748680115,0.25115,0.014625
489.3282153606415,0.25125,0.01471
489.3829674720764,0.2532,0.014723
489.4300100803375,0.25411,0.014714
489.48696756362915,0.25421,0.014795
489.536714553833,0.2552,0.014741
489.58825278282166,0.25605,0.014765
489.6382381916046,0.25811,0.014802
489.6882903575897,0.25923,0.014651
489.73606300354004,0.26019,0.014697
489.788911819458,0.2612,0.014741
489.8421263694763,0.26189,0.014732
489.8912787437439,0.26219,0.014697
489.9399154186249,0.26299,0.014693
489.98849153518677,0.26397,0.014713
490.04195523262024,0.26509,0.014575
490.0954701900482,0.26683,0.014793
490.1445052623749,0.26797,0.014728
490.19831013679504,0.26885,0.014746
490.2501633167267,0.26904,0.01474
490.2997660636902,0.26989,0.014702
490.35327434539795,0.27083,0.014729
490.4012770652771,0.27288,0.014742
490.45164489746094,0.27309,0.01477
490.5029265880585,0.27397,0.014724
490.55740213394165,0.27501,0.014736
490.60454201698303,0.27603,0.014674
490.6561493873596,0.27691,0.014757
490.70591402053833,0.27883,0.015008
490.7563543319702,0.27992,0.014784
490.80965876579285,0.28085,0.014693
490.8564887046814,0.28093,0.014681
490.90768098831177,0.28195,0.014624
490.960777759552,0.28291,0.014601
491.01614785194397,0.28389,0.014654
491.06414794921875,0.28461,0.014801
491.11615562438965,0.28677,0.014794
491.16573691368103,0.28685,0.014694
491.21421241760254,0.28789,0.014708
491.26810455322266,0.28861,0.014789
491.32021379470825,0.28947,0.014798
491.3685395717621,0.29147,0.014996
491.4213707447052,0.29176,0.014405
491.4730360507965,0.29256,0.014701
491.52097249031067,0.2936,0.014668
491.5707325935364,0.29467,0.014564
491.62171483039856,0.29571,0.014685
491.67212867736816,0.29659,0.014654
491.72496509552,0.29763,0.014653
491.77414441108704,0.29872,0.014643
491.82422852516174,0.29957,0.014583
491.8734517097473,0.30075,0.014522
491.92336797714233,0.3016,0.01457
491.9729084968567,0.30243,0.014657
492.0237030982971,0.30344,0.014615
492.0761411190033,0.30459,0.014667
492.1270351409912,0.30557,0.014645
492.1757833957672,0.30643,0.014639
492.2296550273895,0.30739,0.014656
492.277560710907,0.30837,0.01468
492.3281795978546,0.30944,0.014717
492.3777766227722,0.3104,0.014762
492.4288287162781,0.31043,0.014685
492.47766494750977,0.31224,0.014897
492.53489685058594,0.31347,0.014821
492.5826156139374,0.31435,0.014604
492.63508701324463,0.3152,0.014747
492.6842505931854,0.31605,0.014716
492.7393262386322,0.31637,0.014712
492.79086327552795,0.025493,0.014826
492.841166973114,0.025333,0.014815
492.89115953445435,0.028347,0.014755
492.94081020355225,0.0312,0.01481
492.9958245754242,0.03424,0.014753
493.0439648628235,0.037253,0.014736
493.098445892334,0.040053,0.014775
493.1467366218567,0.043013,0.01475
493.2001414299011,0.045973,0.014867
493.2473714351654,0.048853,0.014636
493.29880690574646,0.049013,0.014885
493.3498430252075,0.0548,0.014912
493.4015474319458,0.057307,0.014682
493.4519877433777,0.060293,0.01477
493.5029489994049,0.06304,0.014697
493.5509567260742,0.06592,0.014669
493.60140204429626,0.068453,0.014745
493.65058994293213,0.06872,0.014794
493.70309376716614,0.07408,0.014677
493.7527620792389,0.07696,0.014817
493.8053777217865,0.0796,0.014911
493.8528153896332,0.082347,0.014578
493.9061839580536,0.08512,0.014573
493.95367646217346,0.087867,0.014744
494.00603723526,0.087787,0.014735
494.0532433986664,0.0904,0.0147
494.10614013671875,0.09568,0.01479
494.1566958427429,0.098213,0.014665
494.20741724967957,0.10096,0.014744
494.25731205940247,0.10341,0.014711
494.30706548690796,0.10608,0.014749
494.35886454582214,0.10605,0.01476
494.4085795879364,0.10872,0.014679
494.4580068588257,0.1088,0.014762
494.50778818130493,0.11115,0.014833
494.5610475540161,0.11251,0.014742
494.61386823654175,0.11291,0.014969
494.6624393463135,0.11363,0.014827
494.70950412750244,0.11507,0.014827
494.76383996009827,0.11619,0.014818
494.8130168914795,0.1176,0.014837
494.86649894714355,0.12005,0.014853
494.9141080379486,0.12003,0.014681
494.96821761131287,0.12136,0.014773
495.01692366600037,0.12245,0.014713
495.0667395591736,0.12472,0.014734
495.1221196651459,0.12496,0.014777
495.17363595962524,0.12597,0.014656
495.22500014305115,0.12691,0.01469
495.27177715301514,0.12829,0.014646
495.32247400283813,0.13077,0.014693
495.3722095489502,0.13189,0.014635
495.42590713500977,0.13197,0.014683
495.4751625061035,0.13309,0.014658
495.52745246887207,0.13443,0.014771
495.5781807899475,0.13656,0.014613
495.626690864563,0.13763,0.014624
495.6768159866333,0.13776,0.014602
495.7276859283447,0.13888,0.014705
495.7812502384186,0.14003,0.014631
495.83103132247925,0.14115,0.014622
495.87772393226624,0.14232,0.014613
495.92931962013245,0.14339,0.014664
495.97997999191284,0.14571,0.014701
496.0303945541382,0.14579,0.014657
496.0856337547302,0.14707,0.01468
496.1331775188446,0.14795,0.014601
496.1843457221985,0.14899,0.014647
496.23833417892456,0.15027,0.014629
496.28514194488525,0.15133,0.01481
496.3379156589508,0.15259,0.01476
496.39169669151306,0.15472,0.014657
496.4399559497833,0.15469,0.014718
496.49217104911804,0.15579,0.014611
496.5425856113434,0.1568,0.014793
496.59513545036316,0.15795,0.014701
496.64445757865906,0.15899,0.014694
496.6936106681824,0.16128,0.014691
496.7440896034241,0.16104,0.014757
496.79505729675293,0.16235,0.014698
496.8436179161072,0.16333,0.014659
496.89395117759705,0.16429,0.014769
496.9484519958496,0.16557,0.014815
496.9947249889374,0.16637,0.01463
497.0523018836975,0.16752,0.014688
497.1047341823578,0.16792,0.014871
497.151983499527,0.16968,0.01475
497.2070770263672,0.17088,0.014741
497.2539346218109,0.17208,0.014734
497.3093066215515,0.17296,0.014745
497.36058950424194,0.17408,0.014636
497.4136428833008,0.17515,0.014669
497.46151208877563,0.17616,0.0147
497.5124924182892,0.17725,0.014622
497.5654420852661,0.17851,0.01477
497.61496591567993,0.17957,0.014756
497.6649842262268,0.18048,0.014771
497.71414017677307,0.18152,0.014738
497.7690908908844,0.18261,0.014784
497.81804728507996,0.18371,0.014799
497.86847853660583,0.18475,0.014717
497.91709089279175,0.18584,0.014723
497.97683930397034,0.18688,0.014691
498.02494978904724,0.18787,0.014606
498.07671546936035,0.18888,0.01474
498.1244821548462,0.19011,0.014525
498.1757047176361,0.19109,0.014673
498.2300581932068,0.19208,0.014461
498.27990436553955,0.19315,0.014544
498.32902216911316,0.19411,0.014658
498.37771821022034,0.19499,0.014681
498.427827835083,0.19611,0.014635
498.480890750885,0.19709,0.014735
498.52907633781433,0.19819,0.014672
498.5796024799347,0.19912,0.014731
498.63366055488586,0.20016,0.014678
498.6838331222534,0.20016,0.014717
498.7304561138153,0.20227,0.014618
498.7850275039673,0.20309,0.01474
498.832722902298,0.20427,0.01475
498.88443899154663,0.20536,0.014689
498.93535137176514,0.20621,0.014847
498.98472023010254,0.20739,0.014697
499.036936044693,0.20741,0.014612
499.0854461193085,0.20848,0.014628
499.1379339694977,0.21053,0.014561
499.18992924690247,0.21157,0.014672
499.23862862586975,0.2124,0.014677
499.28790497779846,0.21341,0.014617
499.3347749710083,0.21456,0.014675
499.3891050815582,0.21539,0.014709
499.43738317489624,0.2164,0.014689
499.49408173561096,0.21635,0.014699
499.5438244342804,0.21739,0.014801
499.59216928482056,0.21941,0.014763
499.6438591480255,0.22045,0.014657
499.6936573982239,0.22123,0.014774
499.74385619163513,0.22227,0.014688
499.79367303848267,0.22259,0.01465
499.84256505966187,0.22344,0.014798
499.89448165893555,0.22464,0.014762
499.9482135772705,0.22539,0.014683
499.9958791732788,0.22744,0.014655
500.0457663536072,0.22832,0.014733
500.09855461120605,0.22848,0.014779
500.1459665298462,0.23032,0.014619
500.194620847702,0.23053,0.014645
500.2466244697571,0.2316,0.014718
500.2963750362396,0.23256,0.014559
500.3465487957001,0.23339,0.014718
500.3994982242584,0.23448,0.014593
500.44873905181885,0.23627,0.014735
500.5001754760742,0.23749,0.014755
500.5580930709839,0.23755,0.014727
500.6070327758789,0.23837,0.014715
500.6614661216736,0.24013,0.014748
500.7095892429352,0.24048,0.014869
500.76080560684204,0.24147,0.014797
500.8103759288788,0.24232,0.014708
500.86368012428284,0.24336,0.014491
500.91150999069214,0.24541,0.014725
500.95890259742737,0.2452,0.014806
501.0112371444702,0.24629,0.014748
501.0640788078308,0.24755,0.014691
501.11272144317627,0.24829,0.014672
501.1664295196533,0.24931,0.014616
501.21499133110046,0.25024,0.014818
501.2661247253418,0.25157,0.014747
501.3126447200775,0.25325,0.014786
501.36462354660034,0.25323,0.014655
501.41838121414185,0.25416,0.014621
501.4684555530548,0.25509,0.014792
501.51950311660767,0.25629,0.014779
501.568247795105,0.25725,0.01459
501.6213757991791,0.25835,0.014718
501.66900610923767,0.25917,0.014701
501.72057580947876,0.26013,0.01486
501.7699627876282,0.26208,0.014847
501.8200161457062,0.26195,0.014761
501.86894822120667,0.26309,0.014678
501.9220802783966,0.26416,0.014632
501.9758195877075,0.26496,0.014731
502.02375769615173,0.26597,0.01477
502.0753412246704,0.26699,0.014732
502.1238224506378,0.26797,0.014739
502.1758556365967,0.26899,0.014639
502.2282385826111,0.27016,0.014561
502.2750632762909,0.27112,0.014845
502.3312602043152,0.27189,0.014978
502.3778455257416,0.27277,0.014745
502.4323220252991,0.27357,0.014843
502.4811942577362,0.27392,0.014876
502.53174328804016,0.27483,0.014776
502.58037757873535,0.27688,0.014887
502.6301624774933,0.278,0.014761
502.68145728111267,0.27915,0.014485
502.732209444046,0.27976,0.014725
502.78376054763794,0.28085,0.014779
502.835729598999,0.28176,0.014764
502.8841173648834,0.2828,0.014683
502.93904638290405,0.28275,0.014763
502.9841682910919,0.28379,0.014717
503.0384726524353,0.28576,0.014736
503.0881929397583,0.28693,0.014749
503.1407690048218,0.28808,0.014855
503.1908211708069,0.28875,0.014811
503.23798513412476,0.28941,0.014752
503.2952673435211,0.29069,0.014677
503.3426835536957,0.29077,0.014638
503.3922851085663,0.29275,0.014691
503.44399666786194,0.2936,0.014799
503.49633383750916,0.29432,0.014715
503.54636573791504,0.29568,0.014734
503.59922432899475,0.2964,0.01477
503.6470630168915,0.29755,0.014636
503.7019464969635,0.29827,0.01471
503.74987506866455,0.29853,0.014606
503.80000042915344,0.30048,0.01473
503.85381269454956,0.30139,0.014718
503.9027864933014,0.3024,0.014663
503.95280051231384,0.30339,0.014582
504.00294375419617,0.30432,0.014746
504.05464339256287,0.30429,0.014647
504.1035420894623,0.30547,0.014628
504.1571581363678,0.30632,0.01485
504.20703172683716,0.30816,0.014787
504.25432300567627,0.30923,0.014696
504.3078935146332,0.31032,0.014757
504.3552701473236,0.31139,0.01482
504.4093368053436,0.31256,0.014915
504.45537781715393,0.31336,0.014683
504.507746219635,0.31424,0.014844
504.55977416038513,0.3152,0.014873
504.61046957969666,0.31517,0.014683
504.65673065185547,0.31608,0.014635
504.71150636672974,0.02128,0.014543
504.7587802410126,0.022773,0.014732
504.8117356300354,0.028133,0.014702
504.8645088672638,0.031173,0.014696
504.91334986686707,0.034187,0.014698
504.964236497879,0.0372,0.014739
505.01365995407104,0.039947,0.014727
505.0645651817322,0.040107,0.014789
505.11216855049133,0.043093,0.014842
505.1682674884796,0.045813,0.014721
505.21386098861694,0.048667,0.014757
505.26601672172546,0.051653,0.014779
505.3181836605072,0.054587,0.014758
505.36618971824646,0.05736,0.014718
505.41959142684937,0.060293,0.014786
505.4701063632965,0.062933,0.014746
505.5208444595337,0.065893,0.014716
505.57258439064026,0.068667,0.014636
505.6251380443573,0.07408,0.014643
505.67446184158325,0.074187,0.014742
505.7221338748932,0.076827,0.014744
505.77615761756897,0.079733,0.014825
505.826607465744,0.08208,0.014694
505.87506103515625,0.085067,0.01489
505.9237949848175,0.090507,0.014741
505.97716546058655,0.09016,0.014766
506.02716970443726,0.092933,0.014763
506.0763258934021,0.095707,0.014586
506.1290535926819,0.09832,0.01465
506.17547726631165,0.10085,0.014771
506.2281153202057,0.10341,0.014757
506.27872133255005,0.10595,0.014702
506.3300120830536,0.10739,0.014768
506.37942361831665,0.10861,0.014653
506.4332377910614,0.11011,0.014774
506.484717130661,0.11123,0.014687
506.5340564250946,0.11256,0.014798
506.5865204334259,0.11381,0.014639
506.6339280605316,0.1148,0.014778
506.68427300453186,0.11608,0.014805
506.73769521713257,0.11725,0.014767
506.7862808704376,0.11867,0.014675
506.8335630893707,0.11981,0.014633
506.8868851661682,0.12112,0.014776
506.93817162513733,0.12237,0.014715
506.98823070526123,0.12368,0.014791
507.0389618873596,0.12483,0.014702
507.0902364253998,0.12581,0.014669
507.1423251628876,0.12725,0.014713
507.19390630722046,0.12853,0.014707
507.2405631542206,0.12952,0.01471
507.29441380500793,0.13059,0.014723
507.3413383960724,0.13181,0.014703
507.3957145214081,0.13211,0.014613
507.4438133239746,0.13317,0.014773
507.50132036209106,0.13555,0.014687
507.5511782169342,0.13661,0.014698
507.5979447364807,0.13765,0.014745
507.64829444885254,0.13891,0.014761
507.698410987854,0.13928,0.014596
507.7490773200989,0.13995,0.014719
507.80238580703735,0.14224,0.014697
507.8519823551178,0.14333,0.014631
507.90391659736633,0.14453,0.014691
507.95101952552795,0.14565,0.014729
508.01002526283264,0.14677,0.014718
508.0551121234894,0.14712,0.014702
508.10936093330383,0.14803,0.014656
508.15897727012634,0.14904,0.014585
508.2095510959625,0.15128,0.014676
508.26315355300903,0.15235,0.014787
508.3076512813568,0.15368,0.014799
508.360876083374,0.15467,0.014711
508.4135868549347,0.15467,0.014655
508.46609377861023,0.15589,0.01478
508.51462864875793,0.15797,0.014691
508.5653643608093,0.15904,0.014712
508.6171534061432,0.16029,0.014698
508.66859245300293,0.16128,0.014659
508.72027230262756,0.16232,0.014736
508.7669858932495,0.16344,0.014654
508.82062697410583,0.16443,0.01479
508.86811232566833,0.16464,0.014788
508.91843819618225,0.16547,0.014641
508.9706871509552,0.16661,0.01469
509.0209720134735,0.16869,0.014806
509.0725109577179,0.16987,0.014735
509.1235280036926,0.16997,0.014651
509.1732861995697,0.17093,0.014585
509.2202877998352,0.17208,0.014617
509.2707645893097,0.17301,0.014688
509.3211507797241,0.17427,0.014671
509.3758955001831,0.17635,0.014833
509.4269599914551,0.17645,0.01481
509.48051404953003,0.17752,0.014639
509.5270895957947,0.17859,0.014754
509.57934308052063,0.18051,0.01471
509.63326478004456,0.18056,0.014709
509.68995928764343,0.18176,0.014709
509.7413296699524,0.18376,0.014727
509.7888958454132,0.18488,0.014681
509.84168219566345,0.18587,0.014617
509.8896417617798,0.18608,0.014752
509.94293427467346,0.18792,0.014768
509.991464138031,0.18899,0.014678
510.04249691963196,0.18888,0.014666
510.08976101875305,0.18987,0.014735
510.14354038238525,0.19075,0.014726
510.19246649742126,0.19187,0.014635
510.2419226169586,0.19403,0.01465
510.2909550666809,0.19499,0.01467
510.3435914516449,0.19485,0.01468
510.39662742614746,0.19603,0.014636
510.44680762290955,0.19701,0.014669
510.49538254737854,0.19803,0.014701
510.5444161891937,0.19917,0.014617
510.5977759361267,0.20024,0.014643
510.64592003822327,0.20139,0.014759
510.69986033439636,0.20251,0.014583
510.74923753738403,0.20435,0.014579
510.79870867729187,0.20443,0.014621
510.8500301837921,0.20539,0.014651
510.8981692790985,0.20619,0.01463
510.94989585876465,0.20728,0.014634
511.0023193359375,0.20835,0.01465
511.05182337760925,0.20944,0.014594
511.09959530830383,0.21035,0.014697
511.14900493621826,0.21157,0.014514
511.20409536361694,0.21229,0.014641
511.25266766548157,0.21309,0.014608
511.3005726337433,0.21419,0.014697
511.352520942688,0.21531,0.014666
511.40461826324463,0.21635,0.014777
511.4561505317688,0.21749,0.014635
511.50493264198303,0.2184,0.014465
511.55490255355835,0.21933,0.01458
511.6070942878723,0.22035,0.014451
511.65631651878357,0.22045,0.014704
511.70626974105835,0.22248,0.014527
511.75725531578064,0.22333,0.014638
511.807430267334,0.22448,0.014701
511.85944962501526,0.22544,0.014569
511.90730571746826,0.22648,0.014633
511.95784068107605,0.22731,0.014711
512.0086858272552,0.22843,0.014766
512.0575284957886,0.22931,0.014708
512.1095008850098,0.23037,0.014643
512.1595129966736,0.23141,0.014613
512.2118854522705,0.23141,0.014781
512.2604877948761,0.23333,0.014647
512.3102865219116,0.23429,0.014594
512.358968257904,0.23536,0.014637
512.4104330539703,0.23547,0.014545
512.4624300003052,0.2364,0.01466
512.5116357803345,0.23741,0.014603
512.5587391853333,0.23837,0.014608
512.6128454208374,0.23923,0.014652
512.6620347499847,0.24115,0.014506
512.714382648468,0.24227,0.014646
512.7654340267181,0.2432,0.014663
512.8148193359375,0.24437,0.014673
512.8670129776001,0.24424,0.014707
512.9159121513367,0.2452,0.014669
512.968841791153,0.24613,0.014721
513.0171468257904,0.24704,0.014603
513.0672018527985,0.24909,0.01457
513.1177597045898,0.25021,0.014704
513.1673271656036,0.25013,0.01468
513.2214496135712,0.25109,0.014573
513.2696120738983,0.25219,0.014671
513.3181626796722,0.25323,0.014556
513.3714015483856,0.25323,0.014743
513.4184336662292,0.25525,0.014741
513.4718792438507,0.25696,0.014613
513.5181896686554,0.25693,0.014777
513.5743680000305,0.25819,0.014701
513.6243493556976,0.25909,0.014722
513.6742658615112,0.25997,0.014639
513.7244832515717,0.2608,0.014602
513.7776987552643,0.26184,0.014661
513.8318390846252,0.26389,0.014688
513.879545211792,0.26387,0.014668
513.9323751926422,0.26509,0.014712
513.9808619022369,0.26576,0.014842
514.03053855896,0.26685,0.014736
514.0834410190582,0.26883,0.014552
514.1323957443237,0.26981,0.014666
514.1882693767548,0.27,0.014723
514.2390489578247,0.27075,0.01468
514.2891373634338,0.27192,0.014771
514.338241815567,0.27256,0.014678
514.3853824138641,0.27365,0.014778
514.4358122348785,0.27467,0.014814
514.486083984375,0.27683,0.014783
514.5422141551971,0.27672,0.014718
514.5913677215576,0.27787,0.01466
514.6368365287781,0.27869,0.01471
514.6912863254547,0.27995,0.01467
514.7433471679688,0.28069,0.014755
514.7917337417603,0.28155,0.014711
514.8445391654968,0.28275,0.014681
514.8963322639465,0.28357,0.01469
514.9445366859436,0.28456,0.01468
514.9957628250122,0.28557,0.014629
515.0443391799927,0.28643,0.014513
515.0996518135071,0.28744,0.014738
515.1500256061554,0.28843,0.014871
515.1971919536591,0.29043,0.014822
515.2496509552002,0.29035,0.014642
515.3018565177917,0.29144,0.014738
515.3524174690247,0.29251,0.014738
515.4017179012299,0.29341,0.014659
515.4506709575653,0.29451,0.014742
515.5010294914246,0.29563,0.01465
515.5514423847198,0.29643,0.014699
515.598963022232,0.29651,0.014575
515.6517820358276,0.29845,0.014854
515.7049458026886,0.29933,0.014716
515.7534286975861,0.30037,0.014676
515.8079147338867,0.30141,0.014599
515.8556418418884,0.30243,0.01466
515.9057488441467,0.30344,0.01465
515.9582016468048,0.30445,0.014704
516.008246421814,0.30533,0.014708
516.0589444637299,0.30637,0.014726
516.1082158088684,0.30624,0.014517
516.1633367538452,0.30824,0.014629
516.2100257873535,0.3092,0.014798
516.2645120620728,0.31029,0.01486
516.3156666755676,0.31123,0.014757
516.3646240234375,0.31208,0.014659
516.4142959117889,0.31323,0.014922
516.4652700424194,0.31416,0.014767
516.5164368152618,0.31517,0.014759
516.5631749629974,0.31496,0.014605
516.6153168678284,0.026107,0.01469
516.6692430973053,0.02072,0.014744
516.7186191082001,0.02248,0.014673
516.7693967819214,0.027573,0.014781
516.8159968852997,0.030827,0.014812
516.8731384277344,0.03064,0.014619
516.9210693836212,0.036453,0.014823
516.9776265621185,0.036747,0.014669
517.0271286964417,0.039627,0.01459
517.0816004276276,0.042613,0.014718
517.1294581890106,0.048507,0.014554
517.1821506023407,0.051413,0.014604
517.2329108715057,0.054133,0.014705
517.2814002037048,0.057147,0.014744
517.3300879001617,0.060027,0.014776
517.3846023082733,0.062507,0.014704
517.4336109161377,0.063013,0.014796
517.484461069107,0.065573,0.014709
517.5315451622009,0.068507,0.014822
517.5859506130219,0.07368,0.014612
517.6362478733063,0.076587,0.014718
517.6870687007904,0.079253,0.014787
517.7344892024994,0.079333,0.014758
517.7876234054565,0.08184,0.014766
517.8367676734924,0.08456,0.014698
517.887523651123,0.087307,0.014749
517.9416296482086,0.09008,0.014645
517.9883661270142,0.09272,0.014636
518.0422143936157,0.098,0.014859
518.091899394989,0.10043,0.014817
518.1414957046509,0.10072,0.014718
518.1966686248779,0.10296,0.014569
518.2476897239685,0.10568,0.014742
518.2940335273743,0.10723,0.014964
518.3475031852722,0.10992,0.014606
518.3948571681976,0.11115,0.014807
518.4470565319061,0.11099,0.014878
518.4994628429413,0.11232,0.014717
518.5472793579102,0.11352,0.014717
518.6012940406799,0.11493,0.0148
518.6473820209503,0.11621,0.014734
518.7010114192963,0.11856,0.014785
518.750550031662,0.11861,0.014735
518.8003284931183,0.12005,0.014724
518.853579044342,0.12101,0.014808
518.9033715724945,0.12245,0.014641
518.9521350860596,0.12339,0.014631
519.0017714500427,0.12453,0.015203
519.0517687797546,0.12581,0.014779
519.1037554740906,0.12693,0.014741
519.1558804512024,0.1292,0.014758
519.2040650844574,0.12931,0.014778
519.2559113502502,0.13061,0.014827
519.3055949211121,0.13165,0.014669
519.3565802574158,0.13269,0.014988
519.4098448753357,0.13405,0.014624
519.4574043750763,0.1352,0.014542
519.5084810256958,0.13653,0.014588
519.5582525730133,0.13768,0.014611
519.6086807250977,0.13883,0.014759
519.661388874054,0.13971,0.014694
519.7096614837646,0.14101,0.014877
519.7607231140137,0.14197,0.014851
519.8087830543518,0.14331,0.014585
519.8623044490814,0.14424,0.014704
519.9108850955963,0.14555,0.014627
519.9602673053741,0.14659,0.014721
520.0161144733429,0.14784,0.01472
520.0668284893036,0.14899,0.014646
520.113454580307,0.15008,0.014706
520.1669001579285,0.15099,0.014655
520.2183566093445,0.15216,0.014729
520.2676129341125,0.15336,0.014657
520.318840265274,0.15437,0.014555
520.3685622215271,0.15547,0.014629
520.4166839122772,0.15669,0.014636
520.4694352149963,0.15688,0.014669
520.5179431438446,0.15784,0.014667
520.5699858665466,0.1588,0.014793
520.6220185756683,0.15984,0.014687
520.6709067821503,0.16224,0.014646
520.718316078186,0.16309,0.01475
520.770779132843,0.16435,0.014685
520.8210341930389,0.16547,0.014657
520.8731215000153,0.16637,0.014784
520.9233407974243,0.16645,0.014664
520.9718327522278,0.16781,0.014736
521.0223569869995,0.16864,0.014668
521.0755083560944,0.16981,0.014692
521.1246271133423,0.17075,0.014742
521.1767683029175,0.17168,0.014733
521.22376704216,0.17384,0.014624
521.2779984474182,0.17512,0.014652
521.3246161937714,0.17512,0.014702
521.3778781890869,0.17701,0.014806
521.4266104698181,0.17829,0.014674
521.4774906635284,0.17819,0.014703
521.5266172885895,0.17947,0.014741
521.576199054718,0.18029,0.014627
521.6266362667084,0.18157,0.014781
521.6793417930603,0.18256,0.014694
521.7319195270538,0.18445,0.014755
521.7824003696442,0.18552,0.014567
521.8335430622101,0.18648,0.014579
521.8821396827698,0.18752,0.014707
521.9316499233246,0.1876,0.014618
521.9837601184845,0.18869,0.01469
522.0345451831818,0.18965,0.01457
522.0833277702332,0.19088,0.014761
522.1359302997589,0.19165,0.014737
522.1871185302734,0.19379,0.014654
522.2370150089264,0.19488,0.014687
522.2859914302826,0.19605,0.014727
522.3329789638519,0.19595,0.014662
522.3875300884247,0.19691,0.014553
522.4369902610779,0.19789,0.014674
522.4889171123505,0.19883,0.014702
522.5438096523285,0.19987,0.014543
522.5942597389221,0.20197,0.01456
522.6466987133026,0.20211,0.014588
522.694659948349,0.20328,0.014677
522.7454459667206,0.20413,0.014756
522.7972831726074,0.20515,0.014731
522.847395658493,0.20613,0.014695
522.894989490509,0.20688,0.014705
522.948623418808,0.20819,0.014715
522.9927229881287,0.20915,0.014598
523.0485751628876,0.21003,0.014663
523.0993120670319,0.21112,0.014683
523.1540894508362,0.21219,0.014603
523.2016201019287,0.21323,0.014231
523.2517914772034,0.21413,0.014492
523.3015625476837,0.21539,0.014622
523.3569390773773,0.21613,0.01471
523.4060935974121,0.21731,0.014624
523.4516596794128,0.21835,0.014753
523.5059676170349,0.22011,0.014705
523.5568084716797,0.22011,0.014518
523.6088416576385,0.22136,0.014659
523.656275510788,0.22224,0.014624
523.7052979469299,0.22323,0.014779
523.7575011253357,0.22421,0.014674
523.8108654022217,0.22424,0.014586
523.8604984283447,0.22517,0.014614
523.908518075943,0.22736,0.01473
523.9591882228851,0.22824,0.014608
524.012268781662,0.22933,0.014757
524.0610084533691,0.23011,0.014739
524.1095707416534,0.23125,0.014717
524.1610195636749,0.23213,0.01468
524.2100138664246,0.23227,0.014633
524.2616798877716,0.23419,0.0147
524.3132638931274,0.23531,0.014675
524.3648114204407,0.23613,0.014605
524.4161326885223,0.23629,0.014599
524.4661593437195,0.23725,0.014655
524.5153911113739,0.23837,0.014745
524.5639967918396,0.23995,0.014711
524.6173260211945,0.24115,0.014665
524.6671319007874,0.24216,0.014697
524.7168180942535,0.24219,0.014645
524.7666697502136,0.24341,0.014639
524.8165249824524,0.24427,0.0146
524.8696393966675,0.24517,0.014836
524.9155254364014,0.24595,0.014694
524.9680094718933,0.24685,0.014738
525.0204665660858,0.24885,0.014779
525.0718975067139,0.24923,0.014724
525.1188435554504,0.25008,0.014868
525.1693234443665,0.25099,0.014674
525.2239947319031,0.25205,0.01466
525.2699861526489,0.2528,0.014676
525.3229176998138,0.25496,0.014809
525.3814232349396,0.25597,0.014645
525.4294316768646,0.25683,0.014659
525.4811623096466,0.25725,0.014634
525.5322892665863,0.25805,0.014723
525.5798568725586,0.25909,0.014642
525.6332001686096,0.26016,0.014699
525.6854660511017,0.26109,0.014679
525.7348983287811,0.2628,0.014742
525.7854166030884,0.26376,0.014638
525.8355693817139,0.26483,0.014767
525.8908548355103,0.26579,0.014729
525.9411878585815,0.26581,0.01467
525.9886064529419,0.26688,0.014729
526.0426998138428,0.26768,0.014683
526.0918405056,0.26883,0.014763
526.1422305107117,0.2708,0.014774
526.1950118541718,0.27157,0.01467
526.2431967258453,0.27195,0.014741
526.29758477211,0.27307,0.01469
526.3489718437195,0.27376,0.01464
526.3971838951111,0.27464,0.014695
526.4472887516022,0.27557,0.014635
526.4970779418945,0.27669,0.014735
526.5494391918182,0.27861,0.014851
526.5975720882416,0.27885,0.014791
526.6488938331604,0.27965,0.014907
526.6979260444641,0.28051,0.014771
526.7519114017487,0.28251,0.014821
526.8025102615356,0.28357,0.014559
526.8530459403992,0.28381,0.014766
526.9083302021027,0.28472,0.014702
526.9563353061676,0.28552,0.014829
527.004961013794,0.28675,0.015137
527.0556416511536,0.2876,0.014867
527.1081326007843,0.28869,0.014745
527.1587562561035,0.28944,0.014821
527.2083168029785,0.29157,0.014737
527.2594263553619,0.2916,0.014762
527.3099644184113,0.2924,0.014731
527.3617594242096,0.29339,0.014688
527.4072856903076,0.29448,0.014767
527.4587383270264,0.29547,0.014746
527.5095672607422,0.29648,0.014671
527.5657470226288,0.29744,0.014701
527.6150748729706,0.29832,0.014716
527.6656348705292,0.29949,0.014659
527.7275383472443,0.30035,0.014727
527.777839422226,0.3012,0.014712
527.8260068893433,0.3024,0.014728
527.8775062561035,0.30349,0.014695
527.9273655414581,0.30448,0.014713
527.9816675186157,0.30533,0.014643
528.0307466983795,0.30723,0.01467
528.0809547901154,0.30731,0.014701
528.1308796405792,0.30821,0.014713
528.1806304454803,0.30925,0.014694
528.2320227622986,0.31005,0.014734
528.2855131626129,0.31107,0.014743
528.3308215141296,0.31208,0.014723
528.3833632469177,0.31299,0.01474
528.4338157176971,0.31405,0.014758
528.4866330623627,0.31624,0.014706
528.5378501415253,0.31603,0.014753
528.5866975784302,0.021067,0.014694
528.6391594409943,0.02216,0.01475
528.6883127689362,0.024907,0.014666
528.7419810295105,0.02752,0.014706
528.7937498092651,0.030907,0.0147
528.8413836956024,0.03368,0.014658
528.8931572437286,0.036773,0.014707
528.943247795105,0.039547,0.014698
528.993326663971,0.042533,0.014766
529.0462548732758,0.045413,0.01471
529.0925514698029,0.04832,0.014739
529.1494770050049,0.051307,0.014636
529.2022068500519,0.054267,0.014656
529.2538692951202,0.05696,0.014761
529.3034045696259,0.06256,0.01485
529.3505821228027,0.062587,0.014855
529.4038071632385,0.06544,0.01483
529.4537441730499,0.068267,0.014743
529.5026791095734,0.071013,0.014626
529.5578427314758,0.073707,0.014718
529.6034753322601,0.073947,0.014755
529.6581101417542,0.076507,0.014761
529.7076725959778,0.079387,0.014789
529.7586452960968,0.084693,0.014767
529.8079314231873,0.087307,0.014665
529.857833147049,0.08992,0.01472
529.9083123207092,0.092693,0.014699
529.9572460651398,0.09512,0.014818
530.0101313591003,0.097947,0.014802
530.0584959983826,0.10037,0.01481
530.1083052158356,0.10317,0.014712
530.1598834991455,0.10544,0.014709
530.2099092006683,0.10581,0.01475
530.2628762722015,0.10861,0.014778
530.3102660179138,0.10989,0.014737
530.3677914142609,0.11109,0.014814
530.4156310558319,0.11248,0.014841
530.4709827899933,0.11373,0.014733
530.5186312198639,0.11493,0.014642
530.5679886341095,0.1164,0.014714
530.6192100048065,0.11632,0.014572
530.6694207191467,0.11859,0.014637
530.7195470333099,0.11992,0.014409
530.7716450691223,0.12112,0.014639
530.8221442699432,0.12213,0.014597
530.8702969551086,0.12339,0.014635
530.9246706962585,0.12336,0.014711
530.97176861763,0.12472,0.014628
531.0268785953522,0.12693,0.014589
531.0759148597717,0.12819,0.014662
531.1246950626373,0.12928,0.014733
531.1745581626892,0.13051,0.014685
531.2272796630859,0.13072,0.014749
531.2769660949707,0.13187,0.014668
531.3277649879456,0.13296,0.014665
531.3758409023285,0.13429,0.014588
531.4290387630463,0.13523,0.014612
531.4798681735992,0.13752,0.014635
531.5264356136322,0.13752,0.014635
531.5789017677307,0.13979,0.01461
531.6317915916443,0.14088,0.014684
531.6803297996521,0.14088,0.014681
531.7297804355621,0.14232,0.0147
531.785444021225,0.14328,0.014673
531.8344578742981,0.1444,0.014575
531.8851230144501,0.14576,0.014673
531.9351665973663,0.14667,0.014699
531.9826138019562,0.14781,0.014694
532.0345842838287,0.15013,0.014721
532.0837397575378,0.15037,0.01473
532.1389513015747,0.15136,0.014635
532.1893289089203,0.15253,0.014708
532.2380311489105,0.15357,0.014631
532.2906973361969,0.15453,0.014685
532.3358979225159,0.15576,0.014715
532.3903474807739,0.15789,0.014687
532.4417691230774,0.15792,0.014722
532.4911389350891,0.16011,0.014746
532.5431311130524,0.15989,0.01468
532.5942575931549,0.16109,0.014569
532.6438326835632,0.16211,0.014707
532.6945285797119,0.16328,0.014695
532.7437508106232,0.16432,0.014375
532.7921810150146,0.16632,0.014804
532.8426954746246,0.1664,0.014699
532.8932492733002,0.16749,0.014635
532.9413659572601,0.16867,0.014658
532.9971928596497,0.16952,0.014774
533.049197435379,0.16976,0.014723
533.0960764884949,0.17181,0.014775
533.1494143009186,0.17275,0.014737
533.1972372531891,0.17403,0.014664
533.2525553703308,0.17483,0.014677
533.3024942874908,0.17603,0.014667
533.3557775020599,0.17699,0.014671
533.4071960449219,0.17829,0.014738
533.4546718597412,0.17936,0.014634
533.5056719779968,0.18029,0.014689
533.5568342208862,0.18133,0.014597
533.6098186969757,0.18229,0.014703
533.6591005325317,0.18347,0.014664
533.7077188491821,0.18448,0.014583
533.7621030807495,0.18547,0.014638
533.8094034194946,0.18773,0.014569
533.858562707901,0.18787,0.014605
533.9127435684204,0.18859,0.014671
533.9619576931,0.18971,0.014693
534.0092310905457,0.18963,0.014539
534.0597214698792,0.19056,0.014628
534.1147403717041,0.19283,0.014614
534.1675117015839,0.1928,0.014613
534.2144033908844,0.19389,0.014709
534.2666025161743,0.19581,0.014741
534.3183946609497,0.19696,0.014634
534.3661425113678,0.19805,0.014543
534.4171588420868,0.19893,0.014571
534.4668405056,0.19992,0.014554
534.5183420181274,0.20091,0.014639
534.5695190429688,0.20088,0.014695
534.6179854869843,0.20317,0.014711
534.6712613105774,0.20405,0.014697
534.7190339565277,0.20515,0.014662
534.7706003189087,0.20523,0.014662
534.8180680274963,0.20704,0.014748
534.8696856498718,0.20811,0.014739
534.9218139648438,0.20909,0.014627
534.9719226360321,0.21016,0.014686
535.0186696052551,0.21104,0.014705
535.0687572956085,0.21115,0.01459
535.1237215995789,0.21227,0.014649
535.1710124015808,0.21336,0.014659
535.2219762802124,0.21411,0.014714
535.2730281352997,0.2152,0.014725
535.3217940330505,0.21728,0.01467
535.3711383342743,0.21733,0.014636
535.424765586853,0.21925,0.014653
535.4751074314117,0.21941,0.014502
535.5222136974335,0.22037,0.01452
535.5759718418121,0.22112,0.014555
535.6259770393372,0.22221,0.014669
535.683272600174,0.2232,0.014731
535.7313508987427,0.22437,0.01461
535.7818691730499,0.22627,0.014501
535.8318367004395,0.22627,0.014646
535.8829972743988,0.22739,0.014655
535.931800365448,0.22843,0.014651
535.9877543449402,0.22928,0.014639
536.0372235774994,0.23029,0.014521
536.0886051654816,0.23131,0.014537
536.1380481719971,0.23224,0.014689
536.1897621154785,0.23315,0.014607
536.2408366203308,0.2352,0.014586
536.2886893749237,0.23536,0.014617
536.3395755290985,0.2372,0.014623
536.3939244747162,0.23728,0.014643
536.4451580047607,0.23821,0.014639
536.4972789287567,0.23923,0.014775
536.5472671985626,0.24104,0.014571
536.5933043956757,0.24224,0.014742
536.6487002372742,0.24211,0.014594
536.6991126537323,0.2432,0.014625
536.7475748062134,0.24416,0.014651
536.7969243526459,0.24512,0.014594
536.8478980064392,0.24608,0.014609
536.8984079360962,0.24709,0.01458
536.9506342411041,0.24805,0.014592
536.9995152950287,0.24904,0.014615
537.0503988265991,0.25099,0.014661
537.1043400764465,0.25093,0.014668
537.1539449691772,0.25192,0.014695
537.2066142559052,0.25288,0.014683
537.254852771759,0.25395,0.014593
537.3061275482178,0.25389,0.014664
537.3544437885284,0.25595,0.014649
537.4077415466309,0.25693,0.01461
537.4585480690002,0.25803,0.014444
537.5096096992493,0.25893,0.014682
537.5571396350861,0.26003,0.01452
537.6101396083832,0.26091,0.014743
537.6570682525635,0.26179,0.014647
537.7093858718872,0.26184,0.014602
537.76167345047,0.26381,0.014721
537.8097515106201,0.26576,0.014557
537.8604869842529,0.26597,0.014644
537.9159319400787,0.26677,0.014731
537.9634366035461,0.26781,0.014687
538.019989490509,0.2688,0.014626
538.0680782794952,0.26987,0.014748
538.1210615634918,0.26968,0.014526
538.1712920665741,0.27168,0.014596
538.220716714859,0.27272,0.014652
538.2679908275604,0.27368,0.014639
538.3207142353058,0.27485,0.014634
538.3700141906738,0.27563,0.014633
538.4242479801178,0.27677,0.014785
538.4727396965027,0.27763,0.014579
538.522488117218,0.27757,0.014853
538.578608751297,0.27872,0.014674
538.628014087677,0.28075,0.014682
538.6780052185059,0.28139,0.01469
538.7305328845978,0.28253,0.014597
538.7801599502563,0.28251,0.014688
538.8266813755035,0.28355,0.014794
538.877635717392,0.2856,0.014709
538.9296293258667,0.28651,0.014741
538.9824786186218,0.28755,0.01473
539.0332777500153,0.28837,0.01461
539.0805017948151,0.28941,0.014717
539.1305894851685,0.29027,0.014667
539.1851902008057,0.29133,0.014686
539.2356643676758,0.29133,0.014695
539.2837438583374,0.2924,0.014733
539.3378953933716,0.2936,0.014783
539.3898248672485,0.29539,0.014634
539.4383592605591,0.29627,0.014741
539.4901173114777,0.29728,0.014615
539.53826379776,0.29832,0.014809
539.5901651382446,0.29923,0.014704
539.636146068573,0.30013,0.014737
539.6898670196533,0.30032,0.014783
539.7404835224152,0.30213,0.014766
539.7925267219543,0.30307,0.014726
539.841456413269,0.30413,0.014773
539.8888666629791,0.30429,0.014759
539.9453127384186,0.30531,0.014618
539.9972248077393,0.30627,0.014668
540.0461444854736,0.308,0.014639
540.0941977500916,0.30904,0.01472
540.1502578258514,0.31013,0.014899
540.1987133026123,0.31091,0.014861
540.2515189647675,0.31136,0.014793
540.2958347797394,0.31213,0.014762
540.350958108902,0.31309,0.014835
540.4011480808258,0.31419,0.014744
540.4512202739716,0.31608,0.014717
540.505270242691,0.026187,0.014775
540.550374507904,0.021067,0.014739
540.6052770614624,0.022053,0.014645
540.6526606082916,0.024613,0.014816
540.7050979137421,0.027413,0.014639
540.7553312778473,0.03208,0.014809
540.8071479797363,0.036613,0.01461
540.855222940445,0.036533,0.014717
540.904699087143,0.04096,0.014658
540.9588310718536,0.042453,0.014573
541.0063083171844,0.045333,0.014681
541.0601744651794,0.049733,0.014713
541.1090412139893,0.05136,0.014655
541.1587212085724,0.053973,0.01477
541.2087800502777,0.05696,0.014869
541.2574036121368,0.059627,0.014693
541.309431552887,0.06248,0.014781
541.361310005188,0.065067,0.014714
541.4074385166168,0.068293,0.014849
541.4612329006195,0.07072,0.014682
541.5098671913147,0.0736,0.014858
541.5622775554657,0.076373,0.014839
541.6114838123322,0.078907,0.014755
541.6654484272003,0.081787,0.014791
541.711323261261,0.084347,0.014788
541.7666401863098,0.08704,0.014738
541.8145861625671,0.08968,0.014722
541.8697633743286,0.092347,0.014785
541.9194569587708,0.09512,0.014819
541.9667427539825,0.097493,0.014718
542.0200550556183,0.10013,0.014738
542.0686721801758,0.10301,0.014774
542.1214776039124,0.10555,0.014836
542.1721167564392,0.10744,0.01487
542.2178182601929,0.10875,0.014875
542.2715663909912,0.10848,0.014793
542.3231337070465,0.10973,0.014751
542.3706023693085,0.11131,0.014832
542.4235146045685,0.11349,0.014725
542.4707987308502,0.11472,0.01476
542.5230665206909,0.11613,0.014667
542.5745830535889,0.11736,0.014528
542.6239056587219,0.11856,0.014732
542.6761405467987,0.11853,0.014665
542.72638630867,0.12112,0.014533
542.777233839035,0.12221,0.014657
542.8245460987091,0.12325,0.01465
542.8777394294739,0.12347,0.014683
542.9253420829773,0.12579,0.014659
542.9746835231781,0.12576,0.014641
543.0260720252991,0.12704,0.014738
543.0757689476013,0.12832,0.014631
543.126250743866,0.13043,0.014694
543.1775648593903,0.13157,0.01477
543.2296559810638,0.13195,0.014632
543.279454946518,0.134,0.014645
543.326162815094,0.13512,0.014665
543.3886663913727,0.13536,0.014567
543.4379494190216,0.13744,0.01479
543.489533662796,0.13864,0.014717
543.5403366088867,0.13965,0.014806
543.5883531570435,0.13976,0.01471
543.6399776935577,0.14107,0.014653
543.6915175914764,0.14227,0.014553
543.7378528118134,0.14312,0.014661
543.7923152446747,0.14411,0.014675
543.8397555351257,0.14656,0.014683
543.8976910114288,0.14648,0.014678
543.9475564956665,0.14877,0.014645
543.9958827495575,0.14899,0.01465
544.0470716953278,0.15101,0.014632
544.0989215373993,0.15085,0.014654
544.1462624073029,0.15205,0.014688
544.1980640888214,0.15336,0.014716
544.2514789104462,0.15427,0.014654
544.301020860672,0.15648,0.014678
544.3499834537506,0.15779,0.014722
544.404346704483,0.15877,0.014765
544.4517827033997,0.15979,0.014779
544.5052750110626,0.16117,0.014774
544.5545990467072,0.16107,0.014744
544.6045861244202,0.16336,0.014629
544.6599090099335,0.16317,0.014644
544.7088642120361,0.16424,0.014628
544.7610836029053,0.16539,0.014606
544.8108444213867,0.16672,0.014764
544.8600218296051,0.16853,0.014582
544.9077928066254,0.16949,0.014695
544.9596133232117,0.1708,0.01479
545.0108504295349,0.17077,0.01462
545.0636658668518,0.17195,0.014674
545.1125357151031,0.17299,0.014673
545.1615643501282,0.17379,0.014665
545.2133133411407,0.17488,0.014652
545.2616305351257,0.17501,0.014612
545.3133108615875,0.17816,0.014586
545.364931344986,0.1792,0.014697
545.4143283367157,0.17933,0.01477
545.4647214412689,0.18035,0.014617
545.5168118476868,0.18123,0.014611
545.5651698112488,0.18229,0.014587
545.6156001091003,0.18341,0.014662
545.6658685207367,0.18464,0.014707
545.7133212089539,0.1856,0.014621
545.7659111022949,0.18763,0.014639
545.8185060024261,0.18757,0.014652
545.8673946857452,0.18861,0.014639
545.9191246032715,0.18963,0.014614
545.9672701358795,0.19043,0.014531
546.0173146724701,0.1916,0.014558
546.0712158679962,0.19269,0.014621
546.120728969574,0.1936,0.014675
546.1719372272491,0.19445,0.014485
546.221391916275,0.19579,0.014584
546.2725696563721,0.1968,0.014624
546.3253531455994,0.19773,0.014601
546.3728466033936,0.19877,0.014628
546.425036907196,0.19987,0.014663
546.4796686172485,0.20088,0.014651
546.5287096500397,0.20197,0.014651
546.5783472061157,0.20296,0.014652
546.6317579746246,0.20392,0.014689
546.6788585186005,0.20488,0.014663
546.7313067913055,0.20621,0.014688
546.7823662757874,0.20704,0.014661
546.83731341362,0.20813,0.014722
546.8879787921906,0.20885,0.014682
546.9368941783905,0.20997,0.014612
546.9880785942078,0.21104,0.014591
547.0378367900848,0.21112,0.014701
547.0885782241821,0.21219,0.014658
547.1389911174774,0.21307,0.014663
547.189046382904,0.21523,0.014602
547.2376527786255,0.21605,0.014605
547.288991689682,0.21712,0.014669
547.3413138389587,0.21813,0.01472
547.3880393505096,0.21917,0.014807
547.441223859787,0.21909,0.014634
547.4877691268921,0.22021,0.014719
547.5408182144165,0.22227,0.014762
547.5948786735535,0.22312,0.014601
547.6434209346771,0.22413,0.014625
547.6923716068268,0.22517,0.014639
547.7458755970001,0.22523,0.014523
547.7951769828796,0.22624,0.014776
547.8455228805542,0.22728,0.014667
547.8975369930267,0.22819,0.014556
547.9460439682007,0.22917,0.014723
547.9945366382599,0.23123,0.014768
548.0528652667999,0.23208,0.01476
548.1015768051147,0.23315,0.014689
548.1515130996704,0.23408,0.014703
548.2012932300568,0.23419,0.014729
548.2531609535217,0.23499,0.014676
548.3028116226196,0.23613,0.014658
548.3526587486267,0.23712,0.014662
548.4016709327698,0.23933,0.014647
548.454558134079,0.24005,0.01474
548.5046620368958,0.2412,0.014754
548.5592420101166,0.24112,0.014657
548.6063973903656,0.24211,0.014682
548.6586835384369,0.24331,0.014599
548.7074823379517,0.24416,0.014573
548.7593495845795,0.24501,0.014619
548.807870388031,0.24651,0.014604
548.8612310886383,0.24789,0.014663
548.9080440998077,0.24893,0.014375
548.960510969162,0.24987,0.014659
549.0096807479858,0.24995,0.014686
549.0583443641663,0.25085,0.014565
549.1098475456238,0.25197,0.014712
549.1607525348663,0.25301,0.014556
549.212340593338,0.25384,0.014701
549.2639653682709,0.25509,0.014653
549.3154656887054,0.25589,0.014532
549.3642411231995,0.25696,0.014537
549.4108612537384,0.25808,0.014656
549.4682700634003,0.25883,0.01469
549.5166566371918,0.25987,0.014631
549.5679323673248,0.26083,0.014667
549.6153039932251,0.26179,0.014655
549.6697340011597,0.26283,0.014591
549.7205948829651,0.26376,0.01466
549.7716999053955,0.26493,0.014731
549.81822681427,0.26568,0.014755
549.8705384731293,0.26664,0.014694
549.9207453727722,0.26779,0.014762
549.9690663814545,0.26872,0.014659
550.0261480808258,0.26957,0.014586
550.0769262313843,0.27075,0.014643
550.1239216327667,0.27264,0.014659
550.1751296520233,0.27256,0.01466
550.2264723777771,0.2736,0.014671
550.2770662307739,0.27467,0.014724
550.3280091285706,0.27555,0.014744
550.3769094944,0.27645,0.014644
550.4247751235962,0.27747,0.014776
550.4770383834839,0.27853,0.014768
550.5274851322174,0.28051,0.014567
550.5794198513031,0.28043,0.014637
550.6261970996857,0.28149,0.014675
550.6783616542816,0.28232,0.014767
550.7284231185913,0.28341,0.01463
550.781201839447,0.28427,0.014739
550.8279678821564,0.2844,0.014731
550.8812339305878,0.28651,0.014697
550.9299488067627,0.28725,0.014696
550.9788329601288,0.28824,0.014651
551.032374382019,0.28931,0.01471
551.0814218521118,0.28925,0.01474
551.132598400116,0.29048,0.014667
551.1832690238953,0.29128,0.014654
551.2341310977936,0.29229,0.014864
551.282954454422,0.29328,0.014653
551.3329927921295,0.29515,0.014745
551.3807079792023,0.29632,0.014734
551.4329550266266,0.29717,0.014692
551.4855997562408,0.29736,0.014564
551.53373503685,0.29821,0.014558
551.5858137607574,0.29931,0.014799
551.639651298523,0.30013,0.01469
551.6889824867249,0.30112,0.014678
551.7348306179047,0.30323,0.014787
551.7873919010162,0.30408,0.014627
551.8438758850098,0.30504,0.01474
551.8926239013672,0.30624,0.014708
551.9461596012115,0.30611,0.014731
551.9942994117737,0.30723,0.014749
552.0454881191254,0.30821,0.014619
552.0954022407532,0.30904,0.014799
552.1505682468414,0.31115,0.014719
552.1986308097839,0.31195,0.014612
552.2503974437714,0.31296,0.014738
552.3003296852112,0.31296,0.014608
552.3480496406555,0.31403,0.014665
552.4020886421204,0.31573,0.014843
552.4524607658386,0.31613,0.014651
552.5024127960205,0.020747,0.014781
552.549836397171,0.022053,0.014753
552.6020917892456,0.02456,0.014659
552.6519358158112,0.03032,0.014614
552.705760717392,0.033333,0.014721
552.7552485466003,0.03608,0.014549
552.8075847625732,0.036053,0.014699
552.8552579879761,0.039467,0.014755
552.907966375351,0.04232,0.01478
552.9558844566345,0.045147,0.014637
553.005256652832,0.04792,0.01467
553.0572562217712,0.050907,0.014859
553.1073529720306,0.05656,0.014848
553.1617424488068,0.056693,0.014635
553.2152864933014,0.059467,0.014675
553.2660608291626,0.062667,0.014658
553.3172445297241,0.065253,0.014746
553.3710134029388,0.067867,0.014765
553.4207887649536,0.070773,0.014702
553.4690632820129,0.07608,0.014915
553.5201952457428,0.076027,0.014678
553.5747425556183,0.081413,0.014867
553.6232016086578,0.081333,0.014831
553.6761059761047,0.084267,0.014745
553.725483417511,0.086907,0.014714
553.7770190238953,0.08976,0.014655
553.822416305542,0.092133,0.014759
553.8748755455017,0.09512,0.014678
553.9284474849701,0.097493,0.014626
553.9786717891693,0.10032,0.014709
554.0271401405334,0.10283,0.014632
554.0771014690399,0.10544,0.01469
554.1285002231598,0.10859,0.014586
554.1779501438141,0.10859,0.014741
554.229070186615,0.10984,0.01466
554.2772934436798,0.11091,0.014768
554.3292016983032,0.11229,0.014685
554.3788855075836,0.11371,0.014554
554.4323062896729,0.11475,0.014697
554.4803242683411,0.116,0.014755
554.5322499275208,0.11733,0.014699
554.5821120738983,0.11867,0.014747
554.6357364654541,0.11971,0.014785
554.6831064224243,0.12104,0.014626
554.7335498332977,0.122,0.01464
554.7850453853607,0.12333,0.014843
554.8342912197113,0.12443,0.014663
554.8862974643707,0.12597,0.014693
554.9381892681122,0.1268,0.014798
554.9824249744415,0.12816,0.01464
555.0375921726227,0.12931,0.014667
555.085615158081,0.12949,0.014775
555.1400151252747,0.13173,0.014673
555.1899585723877,0.13181,0.014659
555.2381258010864,0.13389,0.014789
555.2898304462433,0.13512,0.014847
555.338794708252,0.13621,0.014667
555.3897528648376,0.13749,0.01455
555.4411191940308,0.13867,0.014546
555.4905080795288,0.13976,0.014555
555.5411796569824,0.13987,0.014585
555.5992212295532,0.14227,0.014643
555.647189617157,0.14211,0.014633
555.697607755661,0.14315,0.014622
555.7466492652893,0.14552,0.014595
555.8034114837646,0.14651,0.014618
555.8551969528198,0.14773,0.01459
555.9037766456604,0.14875,0.014497
555.951327085495,0.14861,0.014705
556.0066380500793,0.15011,0.01461
556.0543687343597,0.15213,0.01471
556.1051230430603,0.15331,0.014522
556.1554265022278,0.15445,0.014661
556.2052872180939,0.15531,0.014701
556.2600157260895,0.15552,0.014703
556.307074546814,0.15651,0.014611
556.3592739105225,0.15875,0.014734
556.4106540679932,0.15971,0.014691
556.4631085395813,0.16091,0.014686
556.5104055404663,0.16211,0.014873
556.5644171237946,0.16317,0.014803
556.6157729625702,0.16307,0.014733
556.6642203330994,0.16435,0.014661
556.7173421382904,0.16517,0.014713
556.7661564350128,0.16635,0.014738
556.8179173469543,0.16872,0.014694
556.8642845153809,0.16952,0.014741
556.9170954227448,0.17061,0.014692
556.9699945449829,0.17155,0.014581
557.0210876464844,0.17187,0.014697
557.0690758228302,0.17384,0.014669
557.121827840805,0.174,0.014728
557.1683478355408,0.17472,0.014684
557.2198135852814,0.17707,0.01476
557.271146774292,0.17715,0.014691
557.3238353729248,0.17811,0.014619
557.372415304184,0.18008,0.014684
557.4247798919678,0.18013,0.014731
557.4814460277557,0.18115,0.014695
557.5303821563721,0.18229,0.014805
557.580620765686,0.18352,0.014577
557.6301693916321,0.18437,0.014554
557.6837084293365,0.1852,0.014753
557.7376463413239,0.18744,0.014746
557.7913756370544,0.18845,0.014661
557.8395040035248,0.18968,0.014657
557.890956401825,0.19059,0.014749
557.9428644180298,0.19152,0.014587
557.9953680038452,0.19179,0.014642
558.0448110103607,0.19253,0.0147
558.093582868576,0.19357,0.014664
558.146078824997,0.19584,0.014737
558.1987540721893,0.19589,0.014592
558.2483212947845,0.19792,0.01463
558.2964022159576,0.19891,0.014567
558.350604057312,0.19888,0.014617
558.4001154899597,0.19997,0.014645
558.4524507522583,0.2008,0.014577
558.500198841095,0.20173,0.014601
558.5533354282379,0.20293,0.014633
558.6048979759216,0.20485,0.014524
558.6540870666504,0.20605,0.014659
558.7010550498962,0.20608,0.014697
558.7533690929413,0.20709,0.014636
558.809891462326,0.208,0.014634
558.8560335636139,0.20928,0.014607
558.9104678630829,0.21096,0.014747
558.963140964508,0.21208,0.014749
559.0123479366302,0.21208,0.014591
559.0607368946075,0.21301,0.014686
559.1120760440826,0.21395,0.014561
559.166778087616,0.21605,0.014603
559.2140583992004,0.2172,0.014597
559.2643616199493,0.21717,0.014694
559.3147623538971,0.21923,0.014596
559.3653311729431,0.21923,0.014646
559.4144146442413,0.22035,0.014682
559.4676320552826,0.2212,0.014639
559.5170571804047,0.22203,0.01464
559.5682489871979,0.22325,0.014674
559.6202871799469,0.22411,0.014726
559.6695013046265,0.22627,0.01457
559.7180919647217,0.2264,0.014481
559.7697088718414,0.22736,0.014628
559.8195593357086,0.22811,0.014814
559.8721067905426,0.22915,0.014609
559.919234752655,0.23019,0.014629
559.9708988666534,0.23115,0.014504
560.0233376026154,0.23216,0.01461
560.0729882717133,0.23221,0.014648
560.1191055774689,0.23413,0.014641
560.1707801818848,0.23515,0.014602
560.2218325138092,0.23611,0.014632
560.2746689319611,0.23723,0.014697
560.3267636299133,0.23832,0.014651
560.3744089603424,0.2392,0.014701
560.4268963336945,0.24,0.014606
560.4749593734741,0.24107,0.014637
560.5260350704193,0.24221,0.014643
560.5761539936066,0.24317,0.014705
560.6252329349518,0.24432,0.014691
560.678838968277,0.24501,0.014556
560.7252810001373,0.24592,0.014613
560.7769978046417,0.24699,0.014705
560.825343132019,0.24789,0.014648
560.8771951198578,0.248,0.014598
560.9278385639191,0.25,0.014634
560.9778180122375,0.25083,0.014604
561.0310456752777,0.25189,0.014567
561.0795621871948,0.25283,0.014658
561.1310546398163,0.25397,0.014639
561.1829047203064,0.25483,0.014673
561.2329261302948,0.2548,0.014668
561.2794692516327,0.256,0.014665
561.3318676948547,0.25771,0.014603
561.382315158844,0.25899,0.014603
561.4388999938965,0.25976,0.014615
561.490865945816,0.26075,0.014684
561.5408132076263,0.26088,0.014585
561.5908207893372,0.26181,0.014756
561.6436822414398,0.26387,0.0147
561.6934134960175,0.26469,0.014686
561.7442789077759,0.26549,0.014691
561.7929837703705,0.26675,0.014588
561.840292930603,0.26763,0.01473
561.8939018249512,0.26792,0.014618
561.9453845024109,0.26875,0.014716
561.992734670639,0.26965,0.014711
562.0470502376556,0.27173,0.014613
562.0961558818817,0.27259,0.014754
562.1491148471832,0.27363,0.014669
562.197062253952,0.2736,0.014722
562.2484192848206,0.27453,0.014682
562.2990667819977,0.27547,0.014708
562.3497889041901,0.27656,0.014741
562.3992357254028,0.27757,0.014688
562.4503946304321,0.27939,0.014637
562.5043261051178,0.2804,0.01474
562.5557284355164,0.28171,0.014681
562.6061680316925,0.28176,0.014644
562.6542332172394,0.28251,0.014666
562.705272436142,0.2832,0.014707
562.7521839141846,0.28435,0.014846
562.8038921356201,0.28637,0.014689
562.8577589988708,0.28733,0.014706
562.9063498973846,0.28747,0.014723
562.9562704563141,0.28827,0.014703
563.00865483284,0.28939,0.014574
563.0572860240936,0.29035,0.014654
563.1054768562317,0.2912,0.014642
563.1598310470581,0.29224,0.014612
563.2110548019409,0.29413,0.014671
563.2571365833282,0.29517,0.014707
563.3100388050079,0.29512,0.01469
563.3623094558716,0.29621,0.014641
563.4117760658264,0.29712,0.014719
563.465164899826,0.29795,0.014628
563.5142583847046,0.29907,0.014757
563.5653705596924,0.29997,0.014686
563.6157486438751,0.30104,0.014776
563.6643211841583,0.3032,0.014696
563.717367887497,0.30323,0.014723
563.7680559158325,0.30408,0.014789
563.8156661987305,0.30523,0.014591
563.8677937984467,0.30611,0.014727
563.9218561649323,0.30696,0.01468
563.9686136245728,0.30805,0.014711
564.0208220481873,0.30995,0.014778
564.0700256824493,0.31003,0.014631
564.1192064285278,0.31099,0.014717
564.1713261604309,0.31189,0.014787
564.2217168807983,0.31291,0.014768
564.2723531723022,0.31389,0.014668
564.3248085975647,0.31507,0.014843
564.3744835853577,0.31595,0.014732
564.4259853363037,0.021867,0.014715
564.4785151481628,0.02024,0.014793
564.5257859230042,0.025893,0.014814
564.5763032436371,0.027307,0.014739
564.6284682750702,0.030293,0.014658
564.6805021762848,0.03312,0.014697
564.7290501594543,0.036187,0.014633
564.7797071933746,0.039173,0.014762
564.8265614509583,0.042,0.014753
564.8795495033264,0.041973,0.014753
564.9293899536133,0.0448,0.014786
564.9818124771118,0.05056,0.014743
565.0292205810547,0.053493,0.014735
565.0838286876678,0.0536,0.014822
565.1307556629181,0.059227,0.014676
565.183718919754,0.062187,0.014754
565.2367188930511,0.064853,0.014857
565.2839422225952,0.067547,0.01465
565.3361854553223,0.06912,0.014759
565.3866350650787,0.070453,0.014757
565.4366638660431,0.073227,0.014718
565.4854259490967,0.076027,0.014715
565.5406379699707,0.078613,0.014677
565.5887265205383,0.084,0.014734
565.6397273540497,0.086907,0.014658
565.68812084198,0.08936,0.014718
565.7427973747253,0.09224,0.014716
565.7895576953888,0.094693,0.014765
565.8430404663086,0.094827,0.014663
565.8932123184204,0.09744,0.014747
565.9444036483765,0.09984,0.014777
565.9930002689362,0.10245,0.014854
566.0451076030731,0.10709,0.0148
566.0924112796783,0.1084,0.01479
566.147558927536,0.1096,0.014735
566.2001867294312,0.11096,0.014738
566.2476255893707,0.11213,0.014748
566.3018300533295,0.11219,0.014768
566.3493478298187,0.11336,0.014773
566.4019756317139,0.11595,0.014774
566.451807975769,0.1172,0.014675
566.5061023235321,0.11824,0.014819
566.5552470684052,0.11848,0.01483
566.6113584041595,0.11944,0.014819
566.6614689826965,0.12093,0.014735
566.7083604335785,0.1232,0.014699
566.7624821662903,0.12461,0.014743
566.8142886161804,0.12565,0.014777
566.8620278835297,0.12573,0.014709
566.914865732193,0.12683,0.014747
566.9641754627228,0.12797,0.014826
567.0167150497437,0.1292,0.01479
567.06467461586,0.13013,0.014767
567.1161639690399,0.13253,0.014831
567.1667397022247,0.13376,0.014766
567.2194354534149,0.134,0.014851
567.2696802616119,0.13603,0.014743
567.3177664279938,0.13709,0.014803
567.3686995506287,0.13717,0.014824
567.4242815971375,0.13848,0.014725
567.4719038009644,0.13995,0.01474
567.5282113552094,0.1408,0.014629
567.5753955841064,0.14184,0.014774
567.6275141239166,0.14421,0.014594
567.6791830062866,0.14413,0.01459
567.7291412353516,0.14547,0.014611
567.7791271209717,0.1464,0.014702
567.8349599838257,0.14781,0.014636
567.8824381828308,0.14835,0.014716
567.935173034668,0.15091,0.01466
567.9824407100677,0.15227,0.014659
568.0346839427948,0.152,0.014712
568.0858685970306,0.15304,0.014727
568.1348609924316,0.1544,0.014595
568.1859338283539,0.15547,0.014743
568.2379155158997,0.15632,0.014689
568.286375284195,0.15861,0.014753
568.3353481292725,0.15872,0.014758
568.388256072998,0.15992,0.014774
568.4380159378052,0.16083,0.014681
568.4914472103119,0.16216,0.014807
568.5396018028259,0.16317,0.014875
568.5925827026367,0.16424,0.014837
568.6420707702637,0.16528,0.01477
568.692803144455,0.16731,0.014551
568.7445511817932,0.16739,0.014751
568.793464422226,0.16835,0.014888
568.8460261821747,0.16947,0.014782
568.8955776691437,0.17059,0.014729
568.9418425559998,0.17179,0.014666
568.9953861236572,0.17277,0.01473
569.0480344295502,0.17411,0.014617
569.098347902298,0.17469,0.014805
569.1447200775146,0.17595,0.014691
569.2018413543701,0.17691,0.014776
569.2532904148102,0.17803,0.014825
569.3030028343201,0.17827,0.014703
569.3566513061523,0.18,0.014676
569.403427362442,0.18237,0.014686
569.4561491012573,0.18216,0.014647
569.5044174194336,0.18312,0.014903
569.5547797679901,0.18443,0.014628
569.6067652702332,0.18544,0.014773
569.6585929393768,0.18651,0.014727
569.7113435268402,0.18765,0.014741
569.7602875232697,0.18869,0.014859
569.8095397949219,0.18965,0.014796
569.8630204200745,0.19093,0.014663
569.9098000526428,0.19179,0.014747
569.9614160060883,0.19293,0.014838
570.012243270874,0.19384,0.014711
570.0634200572968,0.19387,0.014732
570.1105155944824,0.19587,0.014555
570.1632306575775,0.19691,0.014629
570.2141945362091,0.19787,0.014651
570.2676219940186,0.19896,0.014642
570.3182852268219,0.19992,0.014585
570.3661336898804,0.20104,0.014671
570.4217159748077,0.20107,0.014634
570.4711401462555,0.20283,0.014712
570.5206944942474,0.20389,0.014742
570.5723016262054,0.20491,0.014621
570.6222369670868,0.20611,0.014652
570.6768445968628,0.20707,0.014646
570.7251286506653,0.20821,0.014629
570.7714335918427,0.20904,0.0147
570.8252861499786,0.20912,0.014517
570.8759915828705,0.21035,0.014602
570.9274230003357,0.21211,0.014619
570.9770548343658,0.2132,0.014641
571.026314496994,0.21408,0.014569
571.078822851181,0.21429,0.014588
571.1251604557037,0.21512,0.014596
571.1805710792542,0.216,0.014661
571.2277255058289,0.21701,0.014642
571.2773406505585,0.21925,0.014751
571.329008102417,0.22013,0.014607
571.380476474762,0.22115,0.014617
571.4299170970917,0.22203,0.014776
571.489159822464,0.22224,0.014595
571.5373322963715,0.22301,0.014725
571.585453748703,0.22523,0.014807
571.6373147964478,0.22613,0.014731
571.6901087760925,0.22709,0.014725
571.7454059123993,0.228,0.014769
571.7931063175201,0.22904,0.014767
571.8442001342773,0.22923,0.014631
571.8947386741638,0.23013,0.014702
571.9461448192596,0.23123,0.014481
571.9967510700226,0.23197,0.014708
572.0473299026489,0.23397,0.014647
572.1012768745422,0.23509,0.014623
572.1533455848694,0.23587,0.014662
572.2023377418518,0.23715,0.014643
572.2526779174805,0.23707,0.014828
572.3056077957153,0.23797,0.014673
572.3505079746246,0.23899,0.014682
572.4051654338837,0.24107,0.014634
572.4556047916412,0.24221,0.01473
572.5042362213135,0.24293,0.014674
572.5573496818542,0.24403,0.014699
572.607893705368,0.24389,0.014677
572.6567475795746,0.24493,0.014424
572.708131313324,0.24581,0.014679
572.756730556488,0.24685,0.014695
572.8085775375366,0.24899,0.014617
572.857795715332,0.24976,0.014655
572.9098088741302,0.24997,0.014714
572.9604249000549,0.25197,0.014537
573.0089054107666,0.25189,0.01477
573.0585744380951,0.25288,0.014735
573.1075954437256,0.25376,0.014633
573.1615996360779,0.25483,0.014569
573.2155020236969,0.25589,0.014492
573.2623643875122,0.25664,0.014673
573.3170437812805,0.25795,0.014657
573.3715007305145,0.25883,0.014727
573.4206168651581,0.25979,0.014587
573.4762606620789,0.26187,0.014763
573.5242607593536,0.2616,0.014681
573.5748174190521,0.26363,0.014595
573.6256959438324,0.26368,0.014727
573.6777138710022,0.26488,0.014692
573.7233021259308,0.26568,0.014656
573.7762567996979,0.26667,0.014734
573.8309018611908,0.26768,0.014656
573.8799016475677,0.26864,0.014622
573.9321970939636,0.26957,0.014608
573.9796597957611,0.27048,0.014612
574.0323197841644,0.27256,0.014709
574.0818774700165,0.27352,0.014732
574.1347460746765,0.2736,0.01463
574.1861803531647,0.27445,0.014649
574.2340636253357,0.27579,0.014616
574.2863872051239,0.27739,0.014686
574.335786819458,0.27851,0.014677
574.3859436511993,0.27845,0.014695
574.4369475841522,0.27939,0.014658
574.4861102104187,0.2804,0.014698
574.536140203476,0.28131,0.014747
574.5913007259369,0.28235,0.014698
574.6405920982361,0.28325,0.014661
574.6893887519836,0.28432,0.014738
574.7404699325562,0.28555,0.014773
574.7911779880524,0.28627,0.014615
574.8419742584229,0.28725,0.014646
574.8923509120941,0.28827,0.014726
574.9446043968201,0.2892,0.014719
574.9942319393158,0.29021,0.014722
575.0413568019867,0.29123,0.014685
575.0931973457336,0.29221,0.014689
575.1418299674988,0.29325,0.014657
575.1959218978882,0.29411,0.014709
575.2499001026154,0.2952,0.014816
575.2996897697449,0.29616,0.014724
575.3473637104034,0.29723,0.014602
575.4039497375488,0.29824,0.014654
575.4521288871765,0.29835,0.014646
575.5022947788239,0.2992,0.01478
575.5528681278229,0.30099,0.014659
575.6107394695282,0.30205,0.014617
575.6565980911255,0.30307,0.014613
575.7121999263763,0.30419,0.014645
575.7598187923431,0.30496,0.014694
575.8136265277863,0.30613,0.014675
575.8640334606171,0.30704,0.014718
575.9141623973846,0.30805,0.014755
575.9641079902649,0.30899,0.014823
576.0126974582672,0.31008,0.01477
576.0632879734039,0.31091,0.014798
576.1138904094696,0.312,0.014708
576.1637415885925,0.31317,0.014728
576.2160496711731,0.314,0.014819
576.2673830986023,0.31509,0.014824
576.316930770874,0.31488,0.014729
576.3658566474915,0.01984,0.014581
576.4150719642639,0.02192,0.014721
576.4680805206299,0.02416,0.014773
576.5196752548218,0.024027,0.014793
576.5662794113159,0.02976,0.014745
576.6175408363342,0.030213,0.014807
576.671514749527,0.032933,0.014784
576.7228796482086,0.03608,0.01465
576.7670397758484,0.04176,0.014762
576.8200333118439,0.044987,0.014717
576.8752915859222,0.047787,0.01479
576.9221482276917,0.050587,0.014644
576.9731757640839,0.053333,0.014726
577.0248126983643,0.053333,0.014749
577.0757186412811,0.056107,0.014813
577.1248753070831,0.059013,0.014933
577.1775808334351,0.061947,0.014689
577.2233719825745,0.067493,0.014795
577.2778861522675,0.0704,0.014732
577.3262519836426,0.073147,0.014901
577.3782756328583,0.073307,0.014783
577.4271771907806,0.075813,0.01479
577.4748885631561,0.078453,0.014733
577.5306131839752,0.081173,0.014758
577.5794372558594,0.08384,0.01489
577.6303164958954,0.086613,0.014913
577.6800255775452,0.089093,0.014803
577.7302701473236,0.091707,0.014743
577.7801659107208,0.09432,0.014732
577.8272166252136,0.09704,0.014769
577.880179643631,0.10248,0.014826
577.9310986995697,0.10253,0.014832
577.9793798923492,0.10717,0.014748
578.0332798957825,0.10696,0.01487
578.0819644927979,0.10821,0.01491
578.1350243091583,0.10949,0.014872
578.1843826770782,0.11187,0.014903
578.233969449997,0.11216,0.014885
578.2857527732849,0.11333,0.014899
578.3347837924957,0.11461,0.014937
578.3887941837311,0.11581,0.014824
578.4363758563995,0.11685,0.014824
578.488689661026,0.11816,0.01482
578.5437977313995,0.11936,0.014899
578.5901758670807,0.12184,0.014746
578.6432409286499,0.12179,0.014803
578.6948599815369,0.12301,0.01483
578.7434108257294,0.12437,0.014773
578.791595697403,0.12541,0.014847
578.842839717865,0.12672,0.014881
578.8957362174988,0.12779,0.014746
578.9452738761902,0.12811,0.014598
578.9945690631866,0.13029,0.014859
579.0441162586212,0.13165,0.014855
579.0941309928894,0.13272,0.014753
579.1490077972412,0.13363,0.014741
579.1967947483063,0.13483,0.014692
579.245701789856,0.13611,0.014689
579.3018052577972,0.1372,0.014698
579.3503606319427,0.13845,0.014676
579.4071509838104,0.13968,0.014776
579.4572229385376,0.14069,0.014603
579.5065124034882,0.14203,0.014654
579.5574264526367,0.14293,0.014728
579.6030695438385,0.14411,0.01468
579.6552085876465,0.14523,0.014754
579.7061698436737,0.14659,0.014792
579.7552816867828,0.14659,0.014854
579.8054432868958,0.14872,0.014688
579.8589406013489,0.1496,0.014769
579.9079105854034,0.15077,0.01472
579.9614336490631,0.15195,0.014701
580.0114336013794,0.15301,0.014631
580.0602927207947,0.15416,0.014651
580.1127190589905,0.15523,0.014851
580.1612727642059,0.15643,0.014634
580.213499546051,0.15645,0.014792
580.2616064548492,0.15859,0.014719
580.3113832473755,0.1588,0.014582
580.3645195960999,0.16067,0.014609
580.414891242981,0.16195,0.014738
580.4613499641418,0.16301,0.014839
580.513219833374,0.16413,0.014932
580.5624811649323,0.16533,0.014705
580.6135981082916,0.16616,0.014597
580.6674091815948,0.16627,0.014661
580.7162263393402,0.16835,0.014665
580.7682800292969,0.16944,0.014847
580.8182582855225,0.17043,0.014687
580.8657200336456,0.17157,0.014868
580.9215788841248,0.17171,0.014831
580.9687602519989,0.17259,0.014845
581.0209882259369,0.17483,0.01475
581.0710277557373,0.17584,0.014769
581.120489358902,0.17701,0.014831
581.1743485927582,0.17784,0.014789
581.2251880168915,0.17883,0.014869
581.2794451713562,0.17923,0.014881
581.3254206180573,0.17995,0.014886
581.3779098987579,0.18128,0.014889
581.4275753498077,0.18328,0.014777
581.4787266254425,0.18429,0.014763
581.5285811424255,0.18531,0.014916
581.5798485279083,0.18544,0.014831
581.6323506832123,0.18645,0.0149
581.68235206604,0.18755,0.014737
581.7354109287262,0.18835,0.014816
581.7852544784546,0.19037,0.014839
581.8388180732727,0.19115,0.014889
581.8924572467804,0.19165,0.014823
581.9434316158295,0.19275,0.014765
581.990345954895,0.19368,0.014742
582.039802312851,0.19461,0.01465
582.0924816131592,0.1968,0.014869
582.1442098617554,0.19699,0.014652
582.1950249671936,0.19781,0.014764
582.2449207305908,0.19877,0.014516
582.2961096763611,0.19979,0.01462
582.3475277423859,0.20083,0.014776
582.3966097831726,0.20184,0.014621
582.4502675533295,0.20272,0.014649
582.4961595535278,0.20373,0.014674
582.5467314720154,0.20589,0.014665
582.6039912700653,0.20587,0.014702
582.6525545120239,0.20685,0.014704
582.7037212848663,0.20883,0.014561
582.7518675327301,0.21011,0.01461
582.8021004199982,0.20995,0.014687
582.8544952869415,0.21101,0.014711
582.9031798839569,0.21216,0.014723
582.9561276435852,0.21323,0.014641
583.0085780620575,0.21432,0.014734
583.0570733547211,0.21603,0.014806
583.1058158874512,0.21699,0.014684
583.1579840183258,0.21829,0.014655
583.2092432975769,0.21803,0.014623
583.2582585811615,0.21912,0.014626
583.309873342514,0.22027,0.014697
583.360368013382,0.22203,0.014735
583.4092233181,0.22219,0.014724
583.4604432582855,0.22304,0.014658
583.5080590248108,0.22408,0.014648
583.5641174316406,0.22525,0.014868
583.6141958236694,0.22611,0.014695
583.6641261577606,0.22725,0.014856
583.7122559547424,0.22792,0.014551
583.7634541988373,0.22923,0.014695
583.8111789226532,0.22989,0.01475
583.8710193634033,0.23101,0.014618
583.920245885849,0.23296,0.014919
583.9709038734436,0.23307,0.014825
584.0221025943756,0.23403,0.014859
584.0714364051819,0.23496,0.014781
584.1190793514252,0.23581,0.014836
584.1716096401215,0.23699,0.014966
584.2234907150269,0.23795,0.014843
584.2707166671753,0.23888,0.014919
584.3245966434479,0.24003,0.014877
584.3724961280823,0.24088,0.014912
584.4272773265839,0.24197,0.014979
584.4765906333923,0.24291,0.014829
584.5261459350586,0.24387,0.014853
584.5778665542603,0.24499,0.014873
584.6259620189667,0.24613,0.014871
584.6774282455444,0.24704,0.014746
584.73188996315,0.24789,0.014826
584.7816574573517,0.24888,0.014664
584.8321580886841,0.24981,0.014699
584.87988448143,0.2508,0.015576
584.9309189319611,0.25112,0.015586
584.9804513454437,0.25187,0.015605
585.0313324928284,0.25299,0.015628
585.081148147583,0.25483,0.015615
585.1334047317505,0.25587,0.015543
585.1848468780518,0.25691,0.015445
585.2373495101929,0.25776,0.01558
585.2885966300964,0.25896,0.015262
585.3378908634186,0.25976,0.015564
585.3869438171387,0.25979,0.015433
585.4381494522095,0.26091,0.015488
585.4885478019714,0.26184,0.015425
585.5369136333466,0.26368,0.015564
585.5906126499176,0.26467,0.015554
585.6393504142761,0.26573,0.015435
585.689450263977,0.26555,0.015437
585.7398662567139,0.26771,0.015557
585.7885687351227,0.26736,0.015485
585.8364295959473,0.26848,0.015625
585.8901042938232,0.26968,0.015632
585.9385397434235,0.27163,0.015543
585.9981079101562,0.27264,0.015719
586.0500257015228,0.27341,0.015458
586.0971386432648,0.27453,0.015578
586.1505973339081,0.27451,0.015593
586.2050724029541,0.27643,0.015599
586.2562370300293,0.27659,0.015724
586.3050231933594,0.27853,0.015583
586.35697722435,0.27952,0.015596
586.4058337211609,0.28011,0.015496
586.4582390785217,0.28133,0.015607
586.5100963115692,0.28251,0.015598
586.5593864917755,0.28256,0.015676
586.6111106872559,0.28331,0.015647
586.6601009368896,0.28437,0.015495
586.7105481624603,0.28544,0.015546
586.7597732543945,0.28725,0.015527
586.8158898353577,0.2884,0.015651
586.8625319004059,0.28947,0.015555
586.918271780014,0.29019,0.015681
586.9676465988159,0.2904,0.015659
587.0166571140289,0.29131,0.015573
587.0684833526611,0.29224,0.015565
587.1212115287781,0.29411,0.015605
587.169374704361,0.29525,0.015578
587.2232975959778,0.29624,0.015561
587.2719731330872,0.29725,0.015684
587.3223900794983,0.29723,0.015569
587.3723223209381,0.29824,0.015598
587.422060251236,0.2992,0.01556
587.4760544300079,0.30021,0.015425
587.5224993228912,0.30117,0.015575
587.5758857727051,0.30301,0.015476
587.6261351108551,0.30387,0.015539
587.6758460998535,0.30499,0.015561
587.7298421859741,0.306,0.015644
587.7799932956696,0.30616,0.015558
587.8277096748352,0.30709,0.015555
587.8807218074799,0.30813,0.015645
587.9282085895538,0.30907,0.015497
587.9797790050507,0.31,0.015521
588.0318167209625,0.31195,0.01553
588.0796205997467,0.31205,0.015522
588.1314980983734,0.31296,0.015601
588.1867434978485,0.31395,0.015604
588.2385551929474,0.31589,0.015612
588.2901558876038,0.31595,0.015549
588.3400139808655,0.019867,0.015636
588.3883216381073,0.021733,0.0159
588.4384286403656,0.023973,0.015673
588.4916372299194,0.027093,0.015657
588.5381035804749,0.029947,0.015654
588.5920338630676,0.03304,0.015525
588.638720035553,0.036107,0.01559
588.6918275356293,0.041947,0.015582
588.7411561012268,0.04192,0.015549
588.7916965484619,0.04504,0.015511
588.8433218002319,0.047707,0.015605
588.892297744751,0.05048,0.015692
588.9401466846466,0.056187,0.015528
588.9955821037292,0.05632,0.015555
589.0449724197388,0.058987,0.015562
589.0912766456604,0.062133,0.015578
589.1456015110016,0.062267,0.015632
589.1979780197144,0.070267,0.015538
589.2453074455261,0.070213,0.015554
589.2970118522644,0.072987,0.015572
589.3516726493835,0.075973,0.01567
589.3988509178162,0.078587,0.015669
589.4503736495972,0.081067,0.01563
589.5002899169922,0.083867,0.015652
589.5528781414032,0.086293,0.015616
589.6012277603149,0.089173,0.015657
589.6505250930786,0.09216,0.015757
589.7061207294464,0.094613,0.015715
589.7523148059845,0.09712,0.015769
589.8072566986084,0.10237,0.015808
589.8585574626923,0.10267,0.015715
589.9084391593933,0.10496,0.01578
589.9575779438019,0.10709,0.015695
590.0102269649506,0.10861,0.015819
590.0582420825958,0.10955,0.015903
590.1087782382965,0.10965,0.015751
590.1577305793762,0.11104,0.015825
590.2083582878113,0.11347,0.015865
590.2618799209595,0.11467,0.015766
590.3121123313904,0.11589,0.015879
590.3631422519684,0.11699,0.015816
590.4148280620575,0.11832,0.015877
590.4611313343048,0.11965,0.015916
590.5172731876373,0.11968,0.015722
590.563752412796,0.12091,0.015724
590.6151642799377,0.12331,0.015631
590.6704428195953,0.1244,0.015576
590.7173275947571,0.12571,0.015665
590.7708294391632,0.12677,0.015553
590.8234040737152,0.12677,0.015607
590.8731598854065,0.12811,0.015559
590.9257779121399,0.13027,0.01563
590.9730052947998,0.13125,0.015519
591.0260729789734,0.13259,0.015575
591.0767788887024,0.13379,0.015638
591.1279838085175,0.13501,0.015529
591.1755414009094,0.13611,0.015537
591.2266359329224,0.13629,0.015659
591.2767260074615,0.13853,0.015598
591.331062078476,0.13973,0.015498
591.3778388500214,0.14072,0.015575
591.4297430515289,0.14189,0.015599
591.4831438064575,0.14315,0.015614
591.5313923358917,0.14419,0.015616
591.5796341896057,0.14533,0.015597
591.631246805191,0.14635,0.015562
591.6824464797974,0.14661,0.015582
591.7343287467957,0.14768,0.015519
591.7834610939026,0.14877,0.015576
591.8330142498016,0.1508,0.015568
591.8815810680389,0.15189,0.015612
591.9355978965759,0.15227,0.015601
591.9873850345612,0.15325,0.015659
592.0349888801575,0.15453,0.015682
592.0843439102173,0.15643,0.015709
592.1377301216125,0.15763,0.015683
592.1871571540833,0.15872,0.015486
592.2366981506348,0.15877,0.0155
592.2857077121735,0.15981,0.015661
592.3359999656677,0.16091,0.015599
592.3879036903381,0.16195,0.015541
592.4378423690796,0.16211,0.01555
592.4898986816406,0.16507,0.01557
592.5379641056061,0.16512,0.015615
592.590765953064,0.16739,0.015593
592.6380620002747,0.16728,0.015647
592.6901390552521,0.16837,0.01567
592.7386269569397,0.16952,0.015655
592.7914006710052,0.17077,0.015663
592.8419222831726,0.17168,0.015673
592.8911416530609,0.17283,0.015741
592.9421100616455,0.17277,0.015678
592.9909734725952,0.17392,0.0157
593.0407695770264,0.17688,0.015861
593.0907640457153,0.17696,0.015841
593.1414666175842,0.17803,0.015906
593.1967511177063,0.17904,0.015703
593.2497789859772,0.18,0.015766
593.2970013618469,0.18115,0.015962
593.3479156494141,0.18115,0.015769
593.3999865055084,0.18339,0.015743
593.4485895633698,0.18413,0.015803
593.4993209838867,0.18531,0.015974
593.5491669178009,0.18624,0.015909
593.5995333194733,0.18736,0.015913
593.6500179767609,0.18835,0.015695
593.7005851268768,0.18963,0.01576
593.7516338825226,0.18952,0.015881
593.8007426261902,0.19072,0.015823
593.8552350997925,0.19251,0.015802
593.9086735248566,0.19365,0.015643
593.9582164287567,0.19459,0.015686
594.0089263916016,0.19488,0.015644
594.0570425987244,0.19661,0.015742
594.1068720817566,0.19773,0.015769
594.1607089042664,0.19859,0.015528
594.2093381881714,0.19968,0.015518
594.2591667175293,0.20075,0.015524
594.309891462326,0.20149,0.015441
594.3606154918671,0.20267,0.015369
594.4134287834167,0.20376,0.015443
594.459860086441,0.20483,0.015449
594.5110650062561,0.20493,0.015507
594.559898853302,0.20595,0.0155
594.6089770793915,0.20696,0.015502
594.6645774841309,0.20904,0.015582
594.7128214836121,0.21008,0.015529
594.7615702152252,0.21104,0.015503
594.8145489692688,0.21115,0.015516
594.8682494163513,0.21192,0.01555
594.9171822071075,0.21411,0.015467
594.9664289951324,0.21405,0.015302
595.0185942649841,0.216,0.015668
595.067099571228,0.21712,0.015559
595.1190237998962,0.21803,0.015505
595.1683096885681,0.21811,0.015499
595.2185399532318,0.21896,0.015522
595.2697358131409,0.22008,0.015512
595.3222098350525,0.22187,0.015597
595.3711292743683,0.22304,0.01552
595.4244167804718,0.2232,0.015457
595.4732048511505,0.22395,0.015538
595.5221283435822,0.22501,0.015482
595.5732390880585,0.22616,0.015562
595.62202501297,0.22701,0.015551
595.6749703884125,0.22912,0.015563
595.7262077331543,0.22915,0.015574
595.7767374515533,0.23115,0.015544
595.828638792038,0.23099,0.015538
595.8768689632416,0.23224,0.015598
595.928394317627,0.23312,0.015688
595.977422952652,0.23317,0.015764
596.0289998054504,0.23611,0.01566
596.0811080932617,0.23712,0.015663
596.1294343471527,0.23715,0.015698
596.1828231811523,0.23805,0.015677
596.2290954589844,0.23893,0.015806
596.2823643684387,0.24107,0.015406
596.3311398029327,0.24115,0.015613
596.3819389343262,0.242,0.015809
596.4327776432037,0.24304,0.0157
596.4828610420227,0.24392,0.015717
596.5335671901703,0.24483,0.015729
596.5854184627533,0.24581,0.015869
596.6336908340454,0.24691,0.015731
596.6874797344208,0.24811,0.015799
596.7371056079865,0.24883,0.015728
596.7864458560944,0.25003,0.015563
596.8393502235413,0.25101,0.015541
596.892067193985,0.25192,0.015605
596.9418964385986,0.25291,0.015454
596.9909827709198,0.25387,0.015603
597.0407631397247,0.25485,0.015471
597.0882775783539,0.25592,0.01539
597.144547700882,0.25677,0.015298
597.1970505714417,0.25779,0.015619
597.2486939430237,0.25875,0.015498
597.2967445850372,0.25976,0.015482
597.3500375747681,0.26072,0.015378
597.3970098495483,0.26179,0.015473
597.4533874988556,0.2628,0.015545
597.5015616416931,0.26381,0.015548
597.5498046875,0.26496,0.015496
597.6019413471222,0.26581,0.015532
597.6507472991943,0.26664,0.015624
597.7034032344818,0.26776,0.01549
597.7598447799683,0.26869,0.015489
597.8099021911621,0.26957,0.01553
597.8574740886688,0.27059,0.015651
597.9090924263,0.27139,0.015508
597.9623095989227,0.27253,0.015518
598.0120279788971,0.27365,0.015474
598.0620667934418,0.2736,0.015413
598.1138451099396,0.27557,0.015575
598.16379737854,0.27659,0.015611
598.212034702301,0.27749,0.015516
598.2645542621613,0.27848,0.015626
598.3173379898071,0.27941,0.015609
598.363765001297,0.28072,0.015657
598.4162290096283,0.28144,0.015546
598.4677767753601,0.28251,0.015669
598.5185966491699,0.28363,0.015595
598.5652284622192,0.28357,0.015529
598.6184890270233,0.28453,0.015532
598.6657812595367,0.28643,0.015596
598.7171378135681,0.28733,0.015527
598.7711136341095,0.28827,0.015747
598.8180458545685,0.28923,0.015484
598.8681528568268,0.29029,0.015682
598.9198663234711,0.29043,0.015542
598.9728882312775,0.29243,0.015679
599.0221433639526,0.29232,0.015631
599.0725889205933,0.29432,0.015632
599.1202142238617,0.29528,0.015717
599.1734912395477,0.29632,0.015544
599.2244131565094,0.29728,0.015624
599.2737925052643,0.29829,0.015489
599.3270835876465,0.29845,0.015685
599.3771533966064,0.29907,0.015702
599.4282341003418,0.30123,0.01565
599.4766216278076,0.30133,0.015611
599.52765417099,0.30296,0.015644
599.576721906662,0.30323,0.015598
599.6261255741119,0.30517,0.015602
599.678037405014,0.30595,0.015446
599.7303464412689,0.30608,0.015406
599.7792887687683,0.30819,0.015765
599.8281290531158,0.30805,0.015683
599.8811752796173,0.30923,0.015541
599.9311940670013,0.30997,0.015563
599.9851233959198,0.31115,0.015571
600.0333170890808,0.312,0.015514
600.0855917930603,0.31296,0.015573
600.1351633071899,0.31485,0.015547
600.1856064796448,0.31584,0.015474
600.236177444458,0.31587,0.015656
600.2878360748291,0.019573,0.015594
600.3387289047241,0.021387,0.015652
600.3856678009033,0.023947,0.01557
600.4388339519501,0.026853,0.015605
600.4884021282196,0.029893,0.015518
600.5377283096313,0.03304,0.015571
600.5945835113525,0.038773,0.015566
600.6435270309448,0.03896,0.015557
600.6940476894379,0.04184,0.015597
600.744133234024,0.044533,0.01564
600.7949583530426,0.047653,0.015677
600.8427231311798,0.050533,0.015403
600.8959405422211,0.053387,0.015579
600.9436564445496,0.056027,0.015442
600.9974777698517,0.05904,0.01559
601.0447609424591,0.06184,0.015626
601.1020526885986,0.064293,0.015656
601.149834394455,0.067493,0.015564
601.2011480331421,0.07024,0.015574
601.2546911239624,0.074107,0.015533
601.3024291992188,0.07568,0.015676
601.3542141914368,0.078347,0.015641
601.4004054069519,0.078507,0.015678
601.4513425827026,0.081173,0.015686
601.5040197372437,0.086427,0.015751
601.5564169883728,0.089067,0.015769
601.6063439846039,0.091813,0.015781
601.658047914505,0.094187,0.015829
601.705130815506,0.097067,0.015799
601.7564649581909,0.099653,0.0159
601.8108460903168,0.10224,0.015883
601.8593370914459,0.10464,0.015874
601.9103145599365,0.10701,0.01598
601.965279340744,0.10843,0.016036
602.0144598484039,0.10949,0.015996
602.0625522136688,0.11083,0.016041
602.1140315532684,0.11211,0.016137
602.1662712097168,0.11328,0.015812
602.2148134708405,0.11467,0.016134
602.2679042816162,0.11579,0.015427
602.3151664733887,0.11712,0.015893
602.3732891082764,0.11845,0.016002
602.4223999977112,0.11939,0.015885
602.472259759903,0.12083,0.015786
602.5220692157745,0.12187,0.015765
602.5756430625916,0.12309,0.015788
602.6251347064972,0.12421,0.01565
602.6735756397247,0.12568,0.015741
602.7265839576721,0.12661,0.015462
602.7747778892517,0.12781,0.015423
602.8227136135101,0.12888,0.015564
602.8796575069427,0.12907,0.015555
602.928982257843,0.1304,0.01553
602.9774317741394,0.13269,0.015533
603.0275239944458,0.13387,0.015606
603.0787336826324,0.13496,0.015537
603.130877494812,0.13483,0.01554
603.1792504787445,0.13731,0.01549
603.230218410492,0.13731,0.015613
603.2818043231964,0.13965,0.015611
603.3356053829193,0.14085,0.015649
603.3840172290802,0.14088,0.01557
603.432861328125,0.14291,0.015636
603.4873924255371,0.14408,0.015565
603.5333263874054,0.14395,0.015665
603.5858309268951,0.14536,0.015589
603.6376020908356,0.14669,0.015554
603.6878452301025,0.14752,0.015646
603.7424581050873,0.14971,0.015634
603.7910010814667,0.15093,0.01564
603.8394656181335,0.15205,0.01561
603.8921077251434,0.15192,0.015603
603.9427306652069,0.15323,0.015624
603.9948630332947,0.15525,0.015538
604.0470585823059,0.15627,0.015562
604.0956528186798,0.15741,0.015638
604.1461074352264,0.15771,0.0157
604.1967990398407,0.15947,0.015598
604.2468321323395,0.16093,0.015607
604.2964928150177,0.16181,0.015606
604.3481669425964,0.16187,0.015597
604.3974275588989,0.16288,0.015645
604.4478325843811,0.164,0.015614
604.5011255741119,0.16515,0.015654
604.5518002510071,0.16736,0.01569
604.5989367961884,0.16848,0.015677
604.6516280174255,0.16845,0.015658
604.7029550075531,0.16952,0.015725
604.7544357776642,0.17056,0.01584
604.8044400215149,0.17168,0.015747
604.8518393039703,0.17267,0.015807
604.9045677185059,0.17395,0.015876
604.9527537822723,0.17483,0.015982
605.0045146942139,0.17691,0.016127
605.0556681156158,0.17797,0.016109
605.1067907810211,0.17824,0.016068
605.1561892032623,0.17904,0.016123
605.2071115970612,0.17984,0.016015
605.2556302547455,0.18136,0.01609
605.3117051124573,0.18203,0.016105
605.3622620105743,0.18317,0.016175
605.4109418392181,0.18512,0.016097
605.461662530899,0.18541,0.016259
605.5121190547943,0.18624,0.016035
605.562558889389,0.18752,0.016103
605.615392446518,0.18845,0.016051
605.664213180542,0.18947,0.01589
605.7161095142365,0.19045,0.015956
605.7675447463989,0.19157,0.015882
605.8172433376312,0.19261,0.015851
605.8661715984344,0.19475,0.015775
605.9192218780518,0.19461,0.015771
605.9676570892334,0.19573,0.015715
606.0199587345123,0.19669,0.015752
606.0711119174957,0.198,0.015738
606.1169376373291,0.1988,0.015644
606.1711027622223,0.20005,0.015515
606.2243645191193,0.20112,0.015615
606.2727882862091,0.20197,0.015548
606.3248054981232,0.20307,0.015579
606.3698871135712,0.20392,0.015558
606.4248087406158,0.20493,0.015634
606.4725308418274,0.20592,0.015529
606.5275123119354,0.20699,0.015528
606.5769593715668,0.20816,0.015479
606.6287999153137,0.20901,0.015645
606.6759617328644,0.21,0.0156
606.7283515930176,0.21107,0.015634
606.77698969841,0.21221,0.015605
606.8282341957092,0.21333,0.015539
606.8811593055725,0.21389,0.015498
606.9284901618958,0.2152,0.015568
606.9805152416229,0.21611,0.015619
607.0307314395905,0.21621,0.015553
607.0787181854248,0.21704,0.015531
607.1305303573608,0.21923,0.015725
607.181184053421,0.22008,0.015625
607.230544090271,0.22099,0.015655
607.279180765152,0.22203,0.015614
607.333163022995,0.22336,0.015684
607.3814647197723,0.22437,0.015518
607.432427406311,0.22435,0.015622
607.4811336994171,0.22504,0.015654
607.530647277832,0.22715,0.015581
607.5806908607483,0.22784,0.015631
607.6329941749573,0.22907,0.01565
607.6835169792175,0.22925,0.015544
607.7349758148193,0.23107,0.015611
607.7866318225861,0.23109,0.015756
607.8360154628754,0.23208,0.015681
607.8858075141907,0.234,0.015689
607.9334480762482,0.23488,0.015816
607.9886898994446,0.23491,0.015761
608.0371024608612,0.23603,0.015808
608.0857541561127,0.23715,0.015893
608.1398346424103,0.23784,0.015903
608.1926176548004,0.23883,0.015861
608.2390012741089,0.24,0.015981
608.2916541099548,0.24096,0.015949
608.3385310173035,0.24197,0.016014
608.3920476436615,0.24299,0.015814
608.4416406154633,0.24387,0.015805
608.495671749115,0.24483,0.01593
608.5444459915161,0.24605,0.016076
608.5968565940857,0.24771,0.015979
608.6473298072815,0.2488,0.015929
608.6967735290527,0.24979,0.015837
608.7522368431091,0.24992,0.015887
608.800101518631,0.25088,0.015894
608.8493754863739,0.25179,0.015679
608.9017698764801,0.25277,0.015475
608.9515278339386,0.25365,0.015533
608.9996848106384,0.25461,0.015679
609.0532672405243,0.25549,0.01547
609.1017563343048,0.2576,0.015553
609.1541426181793,0.25859,0.015341
609.201502084732,0.2588,0.015262
609.2528238296509,0.25973,0.015536
609.3062012195587,0.26032,0.015442
609.3558061122894,0.26147,0.015558
609.4087615013123,0.26253,0.015456
609.4587683677673,0.26349,0.01539
609.5086228847504,0.26555,0.015297
609.5583622455597,0.26552,0.015483
609.607969045639,0.26643,0.015564
609.6562626361847,0.26755,0.015589
609.7076997756958,0.26872,0.01558
609.7584211826324,0.2704,0.015609
609.8099222183228,0.27037,0.015568
609.8576083183289,0.27141,0.015552
609.9104681015015,0.27256,0.015594
609.9585480690002,0.27341,0.015458
610.0118873119354,0.27443,0.015578
610.0609111785889,0.27541,0.015454
610.111875295639,0.27568,0.015573
610.1613166332245,0.27728,0.015607
610.2147378921509,0.27739,0.015593
610.2628455162048,0.27925,0.015429
610.3107035160065,0.28035,0.015627
610.3642818927765,0.28144,0.015591
610.4142270088196,0.28221,0.015614
610.4677319526672,0.28243,0.015587
610.5173556804657,0.28424,0.015628
610.5658218860626,0.28427,0.015612
610.621203660965,0.28539,0.015556
610.6716878414154,0.28797,0.01546
610.7194473743439,0.28827,0.015649
610.7688593864441,0.28907,0.015605
610.8274836540222,0.29008,0.01573
610.876622915268,0.29115,0.015721
610.9277052879333,0.29216,0.015725
610.9743020534515,0.29323,0.015515
611.0277187824249,0.29317,0.015694
611.0786099433899,0.29493,0.015823
611.1257066726685,0.29605,0.015865
611.1769337654114,0.29717,0.015761
611.2283210754395,0.29835,0.015746
611.280508518219,0.29845,0.015813
611.3284776210785,0.29923,0.015594
611.381977558136,0.30016,0.015686
611.4331140518188,0.30096,0.015718
611.4838626384735,0.30296,0.015631
611.5328545570374,0.304,0.015651
611.5841238498688,0.30509,0.015709
611.6334471702576,0.30573,0.015606
611.68292760849,0.30669,0.015574
611.7389266490936,0.30784,0.015592
611.7870659828186,0.30771,0.015591
611.840567111969,0.30893,0.015494
611.8875541687012,0.30995,0.015617
611.9391655921936,0.31184,0.015633
611.9935612678528,0.31288,0.015646
612.0441944599152,0.31384,0.01557
612.0934617519379,0.31475,0.015552
612.1442246437073,0.31584,0.015707
612.1939730644226,0.27115,0.015691
612.243115901947,0.01928,0.015708
612.2954525947571,0.021413,0.015728
612.346223115921,0.023573,0.015626
612.3953056335449,0.029493,0.015569
612.4475648403168,0.029627,0.015541
612.4953715801239,0.03288,0.015568
612.5435492992401,0.035627,0.015527
612.598883152008,0.03848,0.015669
612.6504154205322,0.04136,0.015584
612.6957914829254,0.047253,0.015786
612.7492928504944,0.050347,0.01565
612.8008205890656,0.050187,0.015637
612.8507068157196,0.05296,0.015652
612.9002494812012,0.056,0.015743
612.9511635303497,0.058667,0.015566
613.0033736228943,0.064293,0.015567
613.0513973236084,0.064427,0.015632
613.1046752929688,0.06704,0.015641
613.1533794403076,0.069787,0.015614
613.2048101425171,0.072747,0.015622
613.2575471401215,0.074267,0.01562
613.3086159229279,0.07808,0.015712
613.3577971458435,0.083467,0.015555
613.4087533950806,0.083627,0.015855
613.4632182121277,0.086053,0.015882
613.5143411159515,0.088907,0.015847
613.5621838569641,0.091547,0.015644
613.614461183548,0.094293,0.015913
613.6647996902466,0.096933,0.015849
613.716609954834,0.09928,0.01595
613.7646119594574,0.10229,0.01609
613.8173313140869,0.10488,0.016118
613.8627483844757,0.10685,0.016133
613.9181802272797,0.10813,0.016264
613.9739918708801,0.10963,0.016338
614.0214486122131,0.1108,0.016284
614.0736892223358,0.11197,0.016278
614.1249179840088,0.1132,0.016241
614.1735241413116,0.11301,0.016121
614.2228934764862,0.11576,0.01629
614.2771680355072,0.11691,0.016206
614.3259148597717,0.11816,0.016207
614.3775708675385,0.1192,0.015978
614.4257254600525,0.12067,0.015914
614.4832401275635,0.12163,0.015859
614.5324988365173,0.12291,0.015784
614.5820801258087,0.12315,0.015724
614.6324732303619,0.12552,0.015505
614.685638666153,0.12651,0.015363
614.7323310375214,0.12768,0.015478
614.785961151123,0.12904,0.015245
614.8358905315399,0.13011,0.015483
614.8852062225342,0.13112,0.015341
614.9360978603363,0.13245,0.015424
614.9845049381256,0.13259,0.015408
615.0393588542938,0.13475,0.0153
615.091502904892,0.136,0.015354
615.1434688568115,0.13701,0.015574
615.195695400238,0.13835,0.015467
615.246328830719,0.13931,0.015438
615.2957363128662,0.1404,0.015656
615.3443176746368,0.14155,0.015614
615.3956592082977,0.14264,0.015528
615.4498190879822,0.14408,0.015511
615.4979238510132,0.14395,0.01568
615.5491652488708,0.14637,0.015418
615.59920835495,0.14723,0.015665
615.6493818759918,0.14856,0.015652
615.7001512050629,0.14939,0.015687
615.752081155777,0.15069,0.015576
615.8043675422668,0.15176,0.01566
615.8539555072784,0.15269,0.015542
615.9016058444977,0.15389,0.015571
615.9535090923309,0.15533,0.015578
616.0044994354248,0.1552,0.015371
616.0498511791229,0.15645,0.015518
616.1025075912476,0.15835,0.015722
616.1568396091461,0.15947,0.015645
616.2071771621704,0.16069,0.015578
616.256763458252,0.16093,0.015506
616.3043360710144,0.16291,0.015515
616.3613033294678,0.16275,0.015543
616.4098076820374,0.16515,0.015618
616.4623136520386,0.16589,0.015693
616.5102565288544,0.16704,0.015619
616.5618827342987,0.16805,0.015634
616.610652923584,0.1692,0.015757
616.6617991924286,0.16923,0.015828
616.7172145843506,0.17141,0.016066
616.7638494968414,0.1716,0.015825
616.8170118331909,0.17256,0.015828
616.8666007518768,0.17456,0.016178
616.9161605834961,0.17568,0.016009
616.9691870212555,0.17664,0.016167
617.0154483318329,0.17688,0.016454
617.0690937042236,0.17888,0.016429
617.1219644546509,0.17899,0.016376
617.1712715625763,0.17992,0.01642
617.2208828926086,0.18189,0.016309
617.2737431526184,0.18301,0.016451
617.322879076004,0.18309,0.01633
617.3721687793732,0.18488,0.016465
617.4243681430817,0.18608,0.016221
617.4734356403351,0.18613,0.016247
617.5240623950958,0.18728,0.016123
617.5775611400604,0.18835,0.01609
617.625638961792,0.19016,0.015859
617.6779766082764,0.19101,0.016031
617.730494260788,0.19248,0.015772
617.7791538238525,0.19243,0.015653
617.8340489864349,0.19451,0.015818
617.880973815918,0.19443,0.015698
617.9326994419098,0.19563,0.015623
617.9853746891022,0.19659,0.015733
618.0332510471344,0.19739,0.015557
618.0806555747986,0.19875,0.015538
618.1320419311523,0.20067,0.015456
618.1843502521515,0.20056,0.015605
618.2355425357819,0.20165,0.015418
618.2867662906647,0.2028,0.015703
618.3359613418579,0.20389,0.015542
618.3841738700867,0.20469,0.015585
618.4351756572723,0.20573,0.015509
618.4851942062378,0.20789,0.01548
618.5413866043091,0.20787,0.015511
618.5879635810852,0.20885,0.015468
618.6379330158234,0.20989,0.015568
618.6903872489929,0.21069,0.015567
618.7408204078674,0.21181,0.015631
618.789880990982,0.21283,0.015562
618.8449563980103,0.21483,0.015525
618.8940308094025,0.21501,0.015553
618.9488475322723,0.21581,0.015574
618.9994869232178,0.21693,0.015533
619.0487232208252,0.21792,0.0155
619.0989184379578,0.21899,0.01553
619.1498925685883,0.22005,0.015442
619.2041461467743,0.22091,0.015517
619.2515985965729,0.22187,0.015549
619.3025243282318,0.22285,0.015525
619.3512334823608,0.22387,0.01548
619.408504486084,0.2248,0.015413
619.4571783542633,0.22581,0.015579
619.5090517997742,0.22672,0.015585
619.5584304332733,0.22787,0.0156
619.6052505970001,0.22875,0.015637
619.6612701416016,0.22989,0.015588
619.7118711471558,0.22992,0.015795
619.7612645626068,0.23189,0.015909
619.8148016929626,0.23379,0.015895
619.8591759204865,0.23384,0.016078
619.9145174026489,0.23488,0.016051
619.9657166004181,0.23597,0.015897
620.0193884372711,0.2368,0.016183
620.0651738643646,0.23773,0.016093
620.1153144836426,0.23872,0.016164
620.1709880828857,0.23984,0.016187
620.222894191742,0.24096,0.016163
620.2687232494354,0.24179,0.016154
620.3198428153992,0.24272,0.016154
620.3713285923004,0.24381,0.016044
620.4213635921478,0.24477,0.016168
620.475668668747,0.24576,0.016173
620.5241112709045,0.24664,0.016085
620.5759661197662,0.24781,0.016078
620.6246387958527,0.24779,0.015983
620.6751790046692,0.24984,0.015737
620.7309968471527,0.25085,0.015842
620.7805783748627,0.25168,0.01572
620.8292846679688,0.25261,0.015777
620.8780450820923,0.25288,0.015707
620.9333565235138,0.25475,0.015645
620.9817173480988,0.2548,0.015534
621.0359213352203,0.25544,0.015501
621.0807101726532,0.2576,0.015539
621.1339731216431,0.25861,0.015401
621.1829993724823,0.25949,0.015382
621.2343609333038,0.26045,0.015324
621.2870657444,0.26147,0.015437
621.3375415802002,0.26269,0.015541
621.3874430656433,0.26352,0.015371
621.4363417625427,0.26357,0.015545
621.4854323863983,0.26544,0.015601
621.5403773784637,0.26651,0.01552
621.5915248394012,0.26733,0.015534
621.6396999359131,0.26835,0.015605
621.6931414604187,0.26939,0.015579
621.7405316829681,0.27045,0.01548
621.7903182506561,0.27131,0.015539
621.8431713581085,0.27256,0.015508
621.8933229446411,0.27347,0.015526
621.9438169002533,0.27419,0.015557
621.9924955368042,0.27523,0.015533
622.0418949127197,0.27629,0.01553
622.0924530029297,0.27632,0.015574
622.1456446647644,0.27837,0.015519
622.1940577030182,0.27912,0.015502
622.2465970516205,0.27925,0.015614
622.2950315475464,0.28043,0.015469
622.3472232818604,0.28104,0.015484
622.4007120132446,0.28197,0.015568
622.448842048645,0.28392,0.015561
622.4990682601929,0.28536,0.015631
622.5508222579956,0.28515,0.015672
622.60369348526,0.28709,0.015614
622.651529788971,0.28728,0.015654
622.7046113014221,0.28797,0.015802
622.7560131549835,0.28909,0.015832
622.8022334575653,0.29005,0.015846
622.8572521209717,0.29128,0.015881
622.9050407409668,0.29197,0.015985
622.9551422595978,0.29379,0.01593
623.008558511734,0.29491,0.015919
623.0606508255005,0.29597,0.016055
623.1129288673401,0.29595,0.015926
623.1644673347473,0.29704,0.015875
623.2181956768036,0.29781,0.015928
623.2682757377625,0.29989,0.015992
623.319087266922,0.30061,0.015748
623.3666560649872,0.30189,0.015788
623.4153225421906,0.30205,0.015709
623.4676916599274,0.30288,0.015754
623.5184645652771,0.30387,0.015678
623.5680565834045,0.30443,0.015683
623.6202569007874,0.30579,0.015611
623.6694257259369,0.30784,0.015677
623.7301886081696,0.30773,0.015687
623.778418302536,0.30965,0.015644
623.8307595252991,0.30981,0.015445
623.8796751499176,0.31072,0.015459
623.934981584549,0.31179,0.015508
623.9851739406586,0.31269,0.015682
624.0307948589325,0.31357,0.015578
624.0852525234222,0.31568,0.015541
624.1376440525055,0.02256,0.01577
624.1854939460754,0.0216,0.016545
624.2366797924042,0.021067,0.015349
624.2858173847198,0.023333,0.015733
624.335771560669,0.0264,0.015607
624.392820596695,0.029067,0.015567
624.4439804553986,0.032293,0.015648
624.4974024295807,0.03824,0.015628
624.5469200611115,0.04128,0.015556
624.5911846160889,0.041093,0.015521
624.6475284099579,0.044053,0.01553
624.6989378929138,0.047173,0.015699
624.7455058097839,0.05008,0.015587
624.7936837673187,0.05584,0.015732
624.8472790718079,0.056027,0.015626
624.9008088111877,0.05872,0.015679
624.9508790969849,0.06152,0.015607
625.001885175705,0.06424,0.015722
625.0466415882111,0.067067,0.015604
625.1002337932587,0.069787,0.015606
625.1503279209137,0.07224,0.015619
625.2047111988068,0.077813,0.015697
625.2518167495728,0.077973,0.015807
625.3041105270386,0.080667,0.015638
625.3516788482666,0.083547,0.01567
625.4067461490631,0.08616,0.015741
625.4538533687592,0.091547,0.015758
625.5027804374695,0.091173,0.015893
625.5584580898285,0.093787,0.01576
625.6073024272919,0.096907,0.016216
625.6565189361572,0.099467,0.016127
625.7084815502167,0.10219,0.016134
625.7553746700287,0.10453,0.016067
625.8095035552979,0.10453,0.016373
625.8563704490662,0.10808,0.016351
625.9060606956482,0.10931,0.016433
625.9588739871979,0.11056,0.016302
626.0099427700043,0.11173,0.016334
626.0646631717682,0.1132,0.016351
626.1097133159637,0.11315,0.016362
626.1634366512299,0.11576,0.01621
626.2114074230194,0.11656,0.016239
626.2647891044617,0.11795,0.015909
626.3172183036804,0.11925,0.0159
626.3627421855927,0.12037,0.015636
626.4148457050323,0.12157,0.015574
626.4678101539612,0.12288,0.015464
626.5184092521667,0.12416,0.015391
626.5652832984924,0.12544,0.015149
626.619556427002,0.12629,0.015319
626.6683399677277,0.12776,0.015275
626.7189049720764,0.1288,0.015073
626.7725348472595,0.12891,0.015068
626.8194262981415,0.13123,0.015024
626.8716688156128,0.13237,0.01518
626.9211070537567,0.13349,0.015227
626.9722790718079,0.13461,0.015103
627.0214457511902,0.13475,0.015363
627.0683629512787,0.13704,0.015327
627.1228778362274,0.13813,0.015306
627.1759991645813,0.13928,0.015396
627.2259809970856,0.14061,0.015503
627.2761695384979,0.14077,0.015542
627.3249208927155,0.14157,0.01549
627.380133152008,0.14277,0.015567
627.4261891841888,0.14395,0.015665
627.4800884723663,0.14635,0.015586
627.5306386947632,0.14741,0.015667
627.5780894756317,0.1484,0.015611
627.6287016868591,0.14949,0.015606
627.681747674942,0.15069,0.015636
627.7299523353577,0.15184,0.015502
627.7813408374786,0.15181,0.015514
627.827873468399,0.15304,0.015651
627.881541967392,0.15419,0.015537
627.93022108078,0.1552,0.015437
627.9777746200562,0.15613,0.015522
628.0324647426605,0.15725,0.015563
628.0831806659698,0.15835,0.015552
628.136031627655,0.16061,0.015489
628.1877686977386,0.1616,0.015647
628.2358574867249,0.16267,0.015571
628.2873711585999,0.16277,0.01563
628.3366076946259,0.16392,0.015589
628.3869152069092,0.16501,0.015669
628.4337642192841,0.16595,0.015682
628.4859919548035,0.16688,0.015854
628.5387334823608,0.16813,0.015966
628.5921354293823,0.16912,0.015932
628.639799118042,0.17032,0.015974
628.6916270256042,0.17232,0.016286
628.7427496910095,0.17253,0.01616
628.7918241024017,0.1736,0.016193
628.8448762893677,0.17456,0.016384
628.8945832252502,0.17555,0.016655
628.9409384727478,0.1768,0.016655
628.9956307411194,0.17757,0.01674
629.0433712005615,0.17867,0.016858
629.0950393676758,0.17976,0.016782
629.1429119110107,0.17984,0.016734
629.198358297348,0.18187,0.016806
629.2476706504822,0.18288,0.016634
629.2987229824066,0.18392,0.016787
629.3489665985107,0.18496,0.016357
629.3988506793976,0.18592,0.0166
629.4469718933105,0.18699,0.016531
629.4992341995239,0.18912,0.016323
629.5477089881897,0.18917,0.016301
629.6004688739777,0.18997,0.016016
629.6496534347534,0.19104,0.015909
629.7033352851868,0.19133,0.015856
629.7518575191498,0.19336,0.015731
629.8031890392303,0.19424,0.015607
629.8521718978882,0.1956,0.0157
629.9025964736938,0.19627,0.015572
629.9566905498505,0.19749,0.015701
630.0057609081268,0.19747,0.015664
630.0556209087372,0.19851,0.015535
630.1061646938324,0.20048,0.01554
630.1571381092072,0.20064,0.015582
630.207371711731,0.20272,0.015637
630.2560307979584,0.20352,0.015538
630.3108358383179,0.20453,0.015559
630.3580040931702,0.20573,0.015619
630.411360502243,0.20669,0.015564
630.4614701271057,0.20744,0.015617
630.5116460323334,0.20792,0.015418
630.5605554580688,0.20899,0.015501
630.6095836162567,0.20989,0.015639
630.6670677661896,0.21085,0.015592
630.7158863544464,0.21272,0.015487
630.7670707702637,0.21387,0.01551
630.8156909942627,0.21397,0.015642
630.86643409729,0.2156,0.015578
630.917971611023,0.21576,0.015487
630.9674496650696,0.2168,0.015558
631.0132174491882,0.21781,0.015598
631.0662405490875,0.21853,0.015541
631.1152453422546,0.22083,0.015504
631.1699888706207,0.22168,0.015608
631.2218775749207,0.22181,0.015559
631.2666020393372,0.22387,0.015438
631.321225643158,0.22387,0.015552
631.3746664524078,0.22477,0.015498
631.4234330654144,0.22675,0.015617
631.4738709926605,0.22779,0.015815
631.5223135948181,0.22907,0.015739
631.573718547821,0.22867,0.015818
631.6246652603149,0.22987,0.01579
631.6759524345398,0.23165,0.016068
631.7276811599731,0.23197,0.016021
631.7770874500275,0.23365,0.016154
631.8276402950287,0.23365,0.016428
631.8783977031708,0.23576,0.016413
631.9260005950928,0.23685,0.016455
631.9786493778229,0.23781,0.016717
632.0286631584167,0.23859,0.016615
632.0766491889954,0.2388,0.016602
632.129284620285,0.23981,0.016711
632.1767251491547,0.24075,0.016562
632.2280402183533,0.24165,0.016661
632.2829432487488,0.24277,0.016538
632.3318362236023,0.24451,0.01619
632.384105682373,0.24555,0.016534
632.4321267604828,0.24563,0.016403
632.4847996234894,0.24669,0.016185
632.5335443019867,0.24779,0.015968
632.5839548110962,0.24861,0.016039
632.6352791786194,0.2496,0.015991
632.6824383735657,0.24989,0.015874
632.7346134185791,0.25264,0.015942
632.7887749671936,0.25285,0.015774
632.8410534858704,0.25365,0.015528
632.8898639678955,0.25477,0.01534
632.9404780864716,0.25557,0.015386
632.9922649860382,0.2568,0.015515
633.0398128032684,0.25744,0.01562
633.0900259017944,0.25872,0.015491
633.1418123245239,0.25944,0.01538
633.1918737888336,0.26029,0.015594
633.2407763004303,0.26141,0.015417
633.2929317951202,0.2624,0.015459
633.3432404994965,0.26347,0.01542
633.3948445320129,0.2644,0.015544
633.447322845459,0.26528,0.015627
633.5007889270782,0.26632,0.015621
633.5494875907898,0.26648,0.015563
633.6023333072662,0.26851,0.015479
633.6515674591064,0.26925,0.015592
633.7019119262695,0.27013,0.015343
633.7511970996857,0.27123,0.015543
633.7999215126038,0.27245,0.015556
633.8512353897095,0.27227,0.015485
633.901593208313,0.27341,0.015467
633.9536309242249,0.27525,0.015532
634.0066947937012,0.27629,0.015474
634.0564868450165,0.27725,0.015457
634.1055874824524,0.27824,0.015533
634.1594407558441,0.2792,0.015486
634.2066915035248,0.28024,0.015592
634.2590670585632,0.28027,0.015569
634.3085997104645,0.28232,0.015546
634.3573405742645,0.28216,0.01553
634.408712387085,0.28416,0.015556
634.4594767093658,0.28496,0.015631
634.5096094608307,0.28597,0.015794
634.5613188743591,0.28712,0.015753
634.610826253891,0.288,0.015909
634.661304473877,0.28909,0.015963
634.7126414775848,0.28888,0.016052
634.7653365135193,0.2912,0.01613
634.8131937980652,0.29187,0.016276
634.8678669929504,0.29309,0.016206
634.9139759540558,0.29389,0.016311
634.9683775901794,0.29384,0.01623
635.0181820392609,0.29507,0.016294
635.0708010196686,0.29611,0.016385
635.1208851337433,0.29789,0.016392
635.1685180664062,0.29891,0.016337
635.2185432910919,0.2988,0.015959
635.2732656002045,0.30008,0.016234
635.3237676620483,0.3008,0.016116
635.3722500801086,0.30197,0.015827
635.4209358692169,0.30264,0.015762
635.4703547954559,0.30371,0.015715
635.5224220752716,0.30579,0.015785
635.5747671127319,0.3056,0.015522
635.6220991611481,0.30661,0.015404
635.6722440719604,0.3076,0.015695
635.7251560688019,0.30864,0.015469
635.7762432098389,0.31048,0.015535
635.8267176151276,0.31149,0.015547
635.8766212463379,0.31176,0.015591
635.9240036010742,0.31251,0.015653
635.9756128787994,0.31355,0.01544
636.0254509449005,0.31451,0.015653
636.0757024288177,0.31555,0.015533
636.126362323761,0.02024,0.016119
636.1733877658844,0.020587,0.014894
636.2307424545288,0.024453,0.015459
636.2826404571533,0.02608,0.015426
636.3281378746033,0.029067,0.015539
636.3828070163727,0.032,0.015586
636.4306309223175,0.034933,0.01557
636.4821519851685,0.041013,0.015575
636.5342149734497,0.040853,0.015558
636.5841445922852,0.043707,0.015555
636.6348752975464,0.046693,0.015601
636.6845948696136,0.0496,0.015699
636.7364933490753,0.05248,0.015732
636.7848124504089,0.055333,0.01561
636.8357286453247,0.061333,0.015535
636.8857793807983,0.06136,0.015532
636.9377410411835,0.063893,0.015715
636.9908437728882,0.06672,0.015637
637.0397641658783,0.069413,0.015606
637.089302778244,0.07216,0.015679
637.140524148941,0.074853,0.015758
637.1904089450836,0.077653,0.015683
637.24196600914,0.080507,0.015456
637.291543006897,0.082933,0.015833
637.3476457595825,0.085867,0.015913
637.3956458568573,0.088347,0.015928
637.4472618103027,0.091093,0.016038
637.4966430664062,0.09376,0.016129
637.549325466156,0.096427,0.016167
637.5983073711395,0.099147,0.016042
637.6497550010681,0.10152,0.01626
637.6991443634033,0.10451,0.016283
637.7475972175598,0.10656,0.01633
637.8055150508881,0.10797,0.016562
637.8525102138519,0.10917,0.016542
637.9034199714661,0.11029,0.016542
637.9543616771698,0.11029,0.016542
638.0052855014801,0.11299,0.016424
638.0519256591797,0.11421,0.016589
638.1037237644196,0.11416,0.016283
638.1572699546814,0.11661,0.015993
638.2046844959259,0.11776,0.016119
638.2534334659576,0.11792,0.015963
638.3046276569366,0.12035,0.015548
638.3547625541687,0.12181,0.015749
638.4107143878937,0.12195,0.015396
638.4594256877899,0.12411,0.015312
638.5161480903625,0.12528,0.014875
638.5659124851227,0.12645,0.014944
638.616628408432,0.1264,0.014928
638.6655445098877,0.12872,0.014967
638.7156200408936,0.1288,0.014785
638.7671275138855,0.13115,0.014879
638.8200073242188,0.13237,0.014896
638.8690888881683,0.13333,0.01482
638.9205486774445,0.13472,0.014992
638.9753952026367,0.13579,0.015107
639.025848865509,0.13597,0.014958
639.074738740921,0.13819,0.015324
639.1308090686798,0.13827,0.015493
639.1795964241028,0.13912,0.015595
639.2305130958557,0.14141,0.015374
639.2800657749176,0.14256,0.015375
639.3296093940735,0.14368,0.015619
639.383288860321,0.14477,0.015547
639.4313261508942,0.14592,0.015572
639.4847486019135,0.14696,0.015534
639.5295050144196,0.14715,0.015495
639.5851442813873,0.1484,0.01559
639.6381843090057,0.14957,0.015599
639.690160036087,0.15165,0.015602
639.7372419834137,0.15288,0.015439
639.7889668941498,0.15397,0.0156
639.8380959033966,0.15501,0.015569
639.8897120952606,0.15611,0.015625
639.9388628005981,0.15624,0.015596
639.9921953678131,0.15733,0.015522
640.0381700992584,0.15853,0.015539
640.0897381305695,0.15944,0.015582
640.1445739269257,0.16168,0.015579
640.1923642158508,0.16253,0.015687
640.2433743476868,0.16368,0.015717
640.2932209968567,0.1636,0.015555
640.3466527462006,0.16515,0.015715
640.3976771831512,0.16581,0.015701
640.4480619430542,0.16688,0.015846
640.4968590736389,0.16792,0.015794
640.5456962585449,0.17016,0.016037
640.5968005657196,0.17019,0.015938
640.6514954566956,0.17243,0.016315
640.6983983516693,0.17259,0.016475
640.7512493133545,0.17344,0.016535
640.8009243011475,0.17443,0.016772
640.8495523929596,0.17557,0.01693
640.9029343128204,0.17651,0.017167
640.9509584903717,0.17749,0.01725
641.0051507949829,0.17864,0.017159
641.0558648109436,0.18088,0.01727
641.1109430789948,0.18181,0.017112
641.1612906455994,0.18301,0.017229
641.2140927314758,0.18307,0.016837
641.2617590427399,0.18397,0.016985
641.3149306774139,0.18496,0.016689
641.3633990287781,0.18608,0.016295
641.4144923686981,0.18717,0.016144
641.4666693210602,0.18925,0.016125
641.513623714447,0.19019,0.016014
641.5660059452057,0.19115,0.015954
641.6161360740662,0.19123,0.015645
641.6655328273773,0.1924,0.015648
641.7161536216736,0.19336,0.015447
641.7662522792816,0.19437,0.015643
641.8173742294312,0.19557,0.015562
641.8677206039429,0.19653,0.015615
641.9199357032776,0.19848,0.015446
641.9695775508881,0.19864,0.01562
642.0221171379089,0.19947,0.015616
642.0696578025818,0.20075,0.015485
642.1192083358765,0.20139,0.01548
642.1742584705353,0.20272,0.015505
642.2293703556061,0.20368,0.015662
642.2748911380768,0.20464,0.015619
642.3271398544312,0.20573,0.015641
642.3800477981567,0.20651,0.015539
642.4292638301849,0.20768,0.015539
642.4751572608948,0.20859,0.015516
642.5314221382141,0.20861,0.015582
642.5812652111053,0.21067,0.015561
642.6313576698303,0.21264,0.015647
642.6815881729126,0.21264,0.015572
642.7334656715393,0.21365,0.015478
642.7827796936035,0.21445,0.015431
642.8321878910065,0.21584,0.015524
642.8816366195679,0.21659,0.015563
642.935549736023,0.21784,0.015567
642.9847140312195,0.21872,0.015635
643.0380597114563,0.21875,0.015563
643.087813615799,0.22093,0.015513
643.1371598243713,0.22184,0.01554
643.1873207092285,0.22296,0.015591
643.2349593639374,0.22389,0.01562
643.2871391773224,0.22381,0.015517
643.3391687870026,0.22563,0.01577
643.3892576694489,0.22576,0.015668
643.4405884742737,0.22667,0.015826
643.4867887496948,0.22875,0.015967
643.535970211029,0.22968,0.016019
643.5907862186432,0.23053,0.016155
643.6393537521362,0.23179,0.016114
643.6947779655457,0.23259,0.01634
643.746652841568,0.23248,0.016674
643.7917585372925,0.23461,0.016689
643.8461844921112,0.23565,0.016803
643.8915796279907,0.23653,0.016998
643.9438719749451,0.23675,0.017169
643.995085477829,0.2384,0.017234
644.0462772846222,0.23936,0.017536
644.0966107845306,0.24059,0.017184
644.1461362838745,0.24163,0.017119
644.2007658481598,0.24259,0.017033
644.2480068206787,0.24259,0.017131
644.3004641532898,0.24363,0.016982
644.3500368595123,0.24451,0.016619
644.3989338874817,0.24672,0.016439
644.4493844509125,0.24747,0.016505
644.5013122558594,0.24848,0.01603
644.5526385307312,0.24936,0.016065
644.6061363220215,0.24968,0.015955
644.6523339748383,0.25149,0.015877
644.7051391601562,0.25139,0.015713
644.7605655193329,0.25237,0.015571
644.813812494278,0.25331,0.015735
644.8655979633331,0.25539,0.015605
644.9147505760193,0.2564,0.01546
644.9636099338531,0.25632,0.01549
645.0162777900696,0.25821,0.015563
645.0649118423462,0.25827,0.015492
645.1143205165863,0.25941,0.015487
645.1636264324188,0.26032,0.015508
645.2150783538818,0.26149,0.015565
645.2681033611298,0.26339,0.015519
645.314121723175,0.2644,0.015497
645.3665912151337,0.26459,0.015556
645.4168417453766,0.26619,0.015568
645.4676926136017,0.26725,0.015662
645.5199069976807,0.26728,0.015502
645.56613945961,0.26819,0.015505
645.6186773777008,0.26909,0.015548
645.6705474853516,0.27016,0.015482
645.7185437679291,0.27216,0.015577
645.7682101726532,0.27213,0.015579
645.8172996044159,0.27315,0.015467
645.8727202415466,0.27403,0.015782
645.9223716259003,0.27507,0.01538
645.9709248542786,0.27621,0.015433
646.0218768119812,0.27715,0.015499
646.0709719657898,0.27805,0.01559
646.1219642162323,0.27885,0.015419
646.1721527576447,0.27891,0.01551
646.2265157699585,0.2808,0.015591
646.2717411518097,0.28184,0.015556
646.3263416290283,0.28291,0.015641
646.376053571701,0.28411,0.015713
646.4281075000763,0.28499,0.015863
646.4800355434418,0.286,0.015967
646.5289390087128,0.28784,0.016094
646.5761382579803,0.28789,0.016281
646.63068151474,0.28877,0.016354
646.6893658638,0.28987,0.016462
646.742814540863,0.29096,0.016574
646.7913951873779,0.29187,0.016665
646.8448579311371,0.29275,0.016702
646.8951485157013,0.29395,0.016786
646.9430637359619,0.29483,0.016631
646.9916768074036,0.29568,0.016597
647.0457742214203,0.29669,0.017079
647.096836566925,0.29763,0.016633
647.1466200351715,0.29963,0.016359
647.1955580711365,0.29973,0.016506
647.2513446807861,0.30083,0.0161
647.2988200187683,0.30179,0.01605
647.351842880249,0.30275,0.016026
647.4019174575806,0.30373,0.015788
647.4512932300568,0.30469,0.015897
647.4998319149017,0.3056,0.015935
647.553854227066,0.30571,0.015567
647.6080882549286,0.30773,0.015636
647.656980752945,0.30875,0.015558
647.7051866054535,0.3096,0.015546
647.7578008174896,0.31075,0.015474
647.8072485923767,0.31173,0.015645
647.8561911582947,0.31253,0.01545
647.9062869548798,0.31368,0.015423
647.9554812908173,0.31461,0.015596
648.0050535202026,0.3156,0.015669
648.0584073066711,0.02368,0.017377
648.1088964939117,0.020507,0.015043
648.1609795093536,0.02296,0.015843
648.2104632854462,0.025653,0.015692
648.26029753685,0.02888,0.015488
648.309618473053,0.032027,0.015485
648.3579885959625,0.034827,0.015497
648.4123778343201,0.03504,0.015538
648.4585807323456,0.03952,0.015605
648.5157935619354,0.040907,0.015664
648.5637538433075,0.043787,0.015739
648.6138451099396,0.0496,0.015663
648.6655707359314,0.0524,0.015587
648.7156472206116,0.055227,0.015639
648.7695868015289,0.058107,0.015702
648.8182425498962,0.05832,0.015683
648.8679122924805,0.061093,0.015611
648.9191286563873,0.063867,0.015695
648.9671461582184,0.06664,0.015588
649.0236868858337,0.072053,0.015718
649.0722002983093,0.074747,0.015711
649.1267468929291,0.074773,0.015703
649.1760499477386,0.077627,0.015719
649.2251269817352,0.08032,0.015688
649.2735123634338,0.082773,0.015868
649.3301227092743,0.088373,0.015869
649.3758878707886,0.091067,0.016005
649.4309234619141,0.090907,0.01597
649.4778170585632,0.09632,0.016129
649.5301539897919,0.098853,0.016251
649.5810561180115,0.10173,0.016342
649.6334507465363,0.10435,0.01616
649.680739402771,0.10421,0.016191
649.7372164726257,0.10667,0.016578
649.7891268730164,0.10797,0.016597
649.8345303535461,0.10899,0.016518
649.885406255722,0.11163,0.016568
649.9386076927185,0.11293,0.016631
649.9895946979523,0.11296,0.016529
650.038076877594,0.11552,0.016128
650.0890483856201,0.11568,0.016081
650.1399579048157,0.11675,0.015855
650.1891238689423,0.11781,0.016014
650.2413015365601,0.11912,0.015365
650.2912592887878,0.12032,0.015325
650.3405568599701,0.12288,0.015265
650.3917982578278,0.12376,0.015103
650.4400808811188,0.12381,0.014901
650.4921720027924,0.12539,0.014654
650.5416481494904,0.12635,0.014652
650.590245962143,0.12757,0.014635
650.6405773162842,0.12896,0.014682
650.6925888061523,0.12984,0.014623
650.7449088096619,0.13101,0.014841
650.7964010238647,0.13341,0.014921
650.8438506126404,0.13469,0.01485
650.8952569961548,0.13467,0.015033
650.9457309246063,0.13592,0.014977
650.9971604347229,0.13701,0.015051
651.0479259490967,0.13803,0.015285
651.1012873649597,0.13909,0.015218
651.1534349918365,0.14029,0.015366
651.2030172348022,0.14136,0.01552
651.2521193027496,0.14272,0.015532
651.3050391674042,0.14384,0.015535
651.3541104793549,0.14496,0.015806
651.4036791324615,0.14629,0.015752
651.4523093700409,0.14712,0.015692
651.5038311481476,0.14944,0.015629
651.5573627948761,0.14941,0.015673
651.6087818145752,0.15059,0.015491
651.6566200256348,0.15171,0.015634
651.7072384357452,0.15269,0.015537
651.7567410469055,0.15368,0.015592
651.8083624839783,0.15496,0.015655
651.8562967777252,0.15512,0.015607
651.9099667072296,0.15712,0.015647
651.9596920013428,0.15709,0.015714
652.0142657756805,0.15944,0.015563
652.0658540725708,0.16045,0.015543
652.1125335693359,0.16144,0.015515
652.1671526432037,0.16256,0.015561
652.2164175510406,0.16384,0.015626
652.2743773460388,0.16464,0.01566
652.3220291137695,0.16592,0.015567
652.3729016780853,0.16813,0.015802
652.4261407852173,0.16792,0.016103
652.4776656627655,0.16899,0.016183
652.5257108211517,0.17005,0.01614
652.5760853290558,0.17131,0.016602
652.6240522861481,0.17224,0.016586
652.6767446994781,0.17349,0.01695
652.7253715991974,0.17448,0.01686
652.77854180336,0.17557,0.017087
652.8268587589264,0.17651,0.017196
652.8808858394623,0.17749,0.017212
652.9311590194702,0.17843,0.017477
652.9803564548492,0.17968,0.017637
653.03089427948,0.18067,0.017366
653.0815331935883,0.18099,0.017114
653.1314685344696,0.18283,0.017541
653.1820294857025,0.18389,0.017249
653.2322552204132,0.18507,0.017079
653.2841556072235,0.186,0.016332
653.3371982574463,0.18709,0.016111
653.3855254650116,0.18795,0.016465
653.4373550415039,0.18797,0.015694
653.4856579303741,0.19013,0.015543
653.5378270149231,0.19101,0.015413
653.5895926952362,0.19224,0.015157
653.6363434791565,0.19237,0.015373
653.6882743835449,0.19424,0.014953
653.7397816181183,0.19515,0.015346
653.7905306816101,0.19616,0.015508
653.8390469551086,0.19637,0.015711
653.8898057937622,0.19733,0.01547
653.938971042633,0.19848,0.015567
653.988685131073,0.20048,0.015591
654.040979385376,0.20061,0.015599
654.0902206897736,0.20227,0.015592
654.1401655673981,0.20243,0.015599
654.1899342536926,0.2036,0.015517
654.2430672645569,0.20435,0.015611
654.2915103435516,0.20552,0.015785
654.341691493988,0.20773,0.015706
654.3915679454803,0.20829,0.015641
654.442501783371,0.20859,0.015686
654.490638256073,0.20933,0.015722
654.5408852100372,0.21051,0.015535
654.591775894165,0.21165,0.015632
654.6437408924103,0.21256,0.015531
654.6945927143097,0.21339,0.015502
654.7439694404602,0.21475,0.015582
654.795257806778,0.21669,0.015607
654.8468089103699,0.21672,0.015526
654.8962848186493,0.21787,0.015506
654.9491832256317,0.21893,0.015703
654.9960873126984,0.21971,0.015629
655.0551912784576,0.22069,0.015563
655.1037826538086,0.22176,0.015534
655.1552183628082,0.22365,0.015555
655.2059025764465,0.22472,0.015666
655.2538826465607,0.22475,0.015612
655.3061723709106,0.2256,0.015691
655.3567407131195,0.22672,0.015958
655.4051744937897,0.22773,0.015851
655.4585318565369,0.22867,0.016189
655.507749080658,0.23064,0.016139
655.5613603591919,0.23061,0.016347
655.61013007164,0.23163,0.016346
655.661135673523,0.23261,0.017354
655.7090611457825,0.23344,0.016974
655.7684950828552,0.23477,0.017577
655.8161351680756,0.23664,0.017544
655.869642496109,0.23688,0.017682
655.9181373119354,0.23752,0.017988
655.9704310894012,0.23877,0.018164
656.0196986198425,0.23973,0.01784
656.0680923461914,0.24067,0.017922
656.1239945888519,0.24256,0.018405
656.1720645427704,0.24267,0.017828
656.2213716506958,0.24373,0.017785
656.274382352829,0.24456,0.017371
656.324104309082,0.24565,0.017011
656.3760988712311,0.24664,0.016659
656.4277665615082,0.24755,0.016463
656.4762721061707,0.24768,0.016073
656.5247869491577,0.2496,0.016013
656.5769834518433,0.25053,0.015885
656.6290481090546,0.25163,0.01572
656.6778841018677,0.25251,0.0157
656.7298474311829,0.2536,0.015609
656.785329580307,0.25456,0.01575
656.8323314189911,0.2556,0.015532
656.8849167823792,0.2564,0.015458
656.938818693161,0.25741,0.015405
656.9915041923523,0.25835,0.01543
657.0427737236023,0.25957,0.015414
657.0924413204193,0.26029,0.015669
657.1422924995422,0.26139,0.015527
657.1926183700562,0.26251,0.015454
657.2402076721191,0.26312,0.015563
657.2930836677551,0.26432,0.015548
657.3459589481354,0.26531,0.015516
657.3951835632324,0.26635,0.015639
657.442412853241,0.2672,0.015624
657.4946775436401,0.26736,0.015442
657.5485100746155,0.26947,0.015396
657.5952084064484,0.27003,0.015498
657.6473250389099,0.27115,0.015387
657.7010371685028,0.27221,0.015527
657.7525379657745,0.27307,0.015531
657.8078382015228,0.27427,0.015473
657.8548505306244,0.27427,0.015438
657.9100246429443,0.276,0.015429
657.9570882320404,0.27704,0.015506
658.0064461231232,0.278,0.01532
658.057265996933,0.27891,0.015584
658.109414100647,0.28003,0.015538
658.1590237617493,0.28093,0.015711
658.2130379676819,0.28128,0.015806
658.2617001533508,0.28216,0.015723
658.3125116825104,0.28405,0.016006
658.3606154918671,0.28483,0.016098
658.4089431762695,0.28589,0.016164
658.4586262702942,0.28699,0.016203
658.5130939483643,0.288,0.016682
658.5623388290405,0.28883,0.016768
658.6163201332092,0.28883,0.017133
658.6647207736969,0.29099,0.017009
658.7213158607483,0.29168,0.017223
658.7671005725861,0.29264,0.017289
658.8199906349182,0.2928,0.017662
658.869081735611,0.29477,0.018002
658.9205851554871,0.29581,0.018299
658.9724669456482,0.29581,0.018608
659.0207662582397,0.29696,0.018968
659.0712585449219,0.2988,0.018858
659.125706911087,0.2996,0.017309
659.1739146709442,0.30069,0.017746
659.222902059555,0.30173,0.016797
659.27490067482,0.30173,0.016451
659.3261687755585,0.30269,0.015727
659.3743369579315,0.30453,0.015806
659.4256176948547,0.30552,0.015749
659.4784109592438,0.30563,0.015791
659.527096748352,0.30661,0.015781
659.5756137371063,0.30747,0.015563
659.6297841072083,0.30859,0.015662
659.6777665615082,0.31043,0.015509
659.7302396297455,0.31061,0.015518
659.7816064357758,0.31181,0.015493
659.8307633399963,0.31237,0.015516
659.881352186203,0.31368,0.015455
659.9314575195312,0.31453,0.015658
659.9784035682678,0.022,0.015778
660.0303676128387,0.021147,0.015651
660.0796031951904,0.02048,0.015383
660.1353738307953,0.02296,0.015682
660.1849300861359,0.025653,0.015536
660.2339642047882,0.028613,0.015519
660.287843465805,0.03176,0.015398
660.3347883224487,0.03784,0.015561
660.3857934474945,0.037813,0.015632
660.435619354248,0.040907,0.015564
660.4914264678955,0.043893,0.015587
660.5432398319244,0.0464,0.015687
660.5912210941315,0.049493,0.015567
660.6424152851105,0.052507,0.015649
660.6913352012634,0.055333,0.015671
660.7421915531158,0.061067,0.01575
660.7960224151611,0.060933,0.015699
660.8458569049835,0.06392,0.015694
660.8977522850037,0.066747,0.015579
660.949461221695,0.069467,0.015596
660.9973270893097,0.07192,0.015709
661.0506117343903,0.077387,0.015682
661.096108675003,0.077733,0.015498
661.1506590843201,0.08024,0.015811
661.1954183578491,0.082773,0.015629
661.2479197978973,0.08552,0.015673
661.3035271167755,0.088293,0.015666
661.3517293930054,0.090693,0.015894
661.4011924266815,0.093387,0.01579
661.4519727230072,0.096267,0.016206
661.5039982795715,0.098693,0.016447
661.5523855686188,0.10157,0.016313
661.602192401886,0.10419,0.016293
661.653740644455,0.10651,0.016144
661.7048907279968,0.108,0.016512
661.7599899768829,0.1092,0.016486
661.8077297210693,0.11051,0.016602
661.8618445396423,0.11139,0.016304
661.9100987911224,0.11264,0.016414
661.9611475467682,0.11408,0.01645
662.0111682415009,0.11541,0.016437
662.0643713474274,0.11677,0.016217
662.1147923469543,0.11781,0.01585
662.1623229980469,0.11917,0.015741
662.2146434783936,0.12019,0.015402
662.2655849456787,0.12144,0.015419
662.3134288787842,0.12133,0.01503
662.3618016242981,0.12269,0.014735
662.4144773483276,0.12539,0.014784
662.4629375934601,0.12627,0.014634
662.5158379077911,0.12768,0.014493
662.5672085285187,0.12872,0.014496
662.6160945892334,0.13003,0.014466
662.6667373180389,0.1312,0.014485
662.7170140743256,0.13219,0.014926
662.7678532600403,0.13341,0.014611
662.8220479488373,0.13365,0.015074
662.8721377849579,0.1356,0.015201
662.9204013347626,0.13675,0.015258
662.9713003635406,0.13683,0.015189
663.0190844535828,0.13813,0.015229
663.068731546402,0.14013,0.015256
663.1188247203827,0.14147,0.015451
663.1761848926544,0.14256,0.015511
663.2266616821289,0.14387,0.015576
663.2784733772278,0.14499,0.015661
663.3269393444061,0.14608,0.015745
663.3772165775299,0.14632,0.015657
663.4255628585815,0.14693,0.015639
663.4789533615112,0.14944,0.015589
663.5307664871216,0.15043,0.015597
663.579850435257,0.15155,0.01567
663.6339602470398,0.15264,0.015663
663.6817691326141,0.15269,0.015591
663.7347452640533,0.15469,0.015665
663.784232378006,0.15496,0.01558
663.8327403068542,0.156,0.015625
663.8867084980011,0.15715,0.015686
663.9369661808014,0.15819,0.015471
663.984678030014,0.15928,0.01565
664.0361526012421,0.16144,0.015555
664.0854291915894,0.16261,0.01559
664.1366045475006,0.16253,0.015654
664.1884129047394,0.16387,0.015715
664.237874507904,0.16576,0.015811
664.2890045642853,0.16576,0.015763
664.341331243515,0.16781,0.015781
664.3892180919647,0.16907,0.016133
664.4416100978851,0.17016,0.016495
664.4929294586182,0.17011,0.016503
664.5370059013367,0.1712,0.016647
664.594957113266,0.17219,0.016893
664.644969701767,0.17331,0.017016
664.6930086612701,0.17541,0.017177
664.7438099384308,0.17552,0.016919
664.7943513393402,0.17643,0.01716
664.8466775417328,0.17757,0.017699
664.8944673538208,0.17837,0.017793
664.9461147785187,0.17952,0.017809
664.9948041439056,0.18072,0.017634
665.0473527908325,0.18184,0.017522
665.0981497764587,0.18376,0.017344
665.1487922668457,0.18472,0.01708
665.1997029781342,0.18499,0.016739
665.2477955818176,0.18616,0.016834
665.2985599040985,0.18701,0.015991
665.3507525920868,0.18797,0.015689
665.4009923934937,0.18907,0.015983
665.4516704082489,0.19019,0.015299
665.5029723644257,0.19109,0.014905
665.5531322956085,0.19229,0.01491
665.6026511192322,0.19333,0.014903
665.6516287326813,0.19336,0.014923
665.7066295146942,0.19544,0.015113
665.7527844905853,0.19664,0.015282
665.8056190013885,0.1964,0.015475
665.8530974388123,0.19856,0.015465
665.908506155014,0.20051,0.015803
665.95423579216,0.20056,0.015597
666.0084192752838,0.20155,0.015572
666.0588886737823,0.20256,0.015568
666.1057412624359,0.20365,0.015602
666.1579236984253,0.20451,0.015653
666.2093079090118,0.20568,0.015673
666.2584927082062,0.20571,0.015666
666.3062374591827,0.20771,0.015685
666.3618175983429,0.20861,0.015545
666.4095978736877,0.20965,0.01563
666.4584007263184,0.21077,0.015597
666.511039018631,0.21176,0.015626
666.5624539852142,0.21275,0.015448
666.6107885837555,0.21277,0.015796
666.6657745838165,0.21464,0.015538
666.7161641120911,0.21568,0.015654
666.7645857334137,0.21667,0.015528
666.814599275589,0.21749,0.015572
666.8667232990265,0.21763,0.015621
666.9187211990356,0.21872,0.015593
666.9715669155121,0.21968,0.015584
667.020987033844,0.2208,0.015537
667.0730941295624,0.22259,0.015622
667.122721195221,0.22373,0.015626
667.1753153800964,0.22453,0.015703
667.227400302887,0.22576,0.015971
667.2754964828491,0.22576,0.015993
667.3267216682434,0.22664,0.015975
667.3753907680511,0.22747,0.016246
667.4298396110535,0.22861,0.01634
667.4775388240814,0.23061,0.016481
667.5284779071808,0.2316,0.01661
667.5800702571869,0.2316,0.0169
667.6301472187042,0.23363,0.017427
667.681282043457,0.23373,0.017565
667.7283825874329,0.2356,0.018514
667.7801065444946,0.23573,0.018459
667.8327233791351,0.23776,0.018877
667.8820974826813,0.23875,0.018935
667.931802034378,0.2388,0.019064
667.9797685146332,0.23976,0.019158
668.0337126255035,0.24067,0.018895
668.0804986953735,0.24152,0.018797
668.1355650424957,0.2436,0.018295
668.1859903335571,0.24469,0.017719
668.2327785491943,0.24539,0.017795
668.286158323288,0.24555,0.017078
668.3348264694214,0.24643,0.017601
668.3865873813629,0.24755,0.015952
668.4368922710419,0.24845,0.015802
668.4886989593506,0.25048,0.015791
668.5378692150116,0.25144,0.015658
668.5869100093842,0.25144,0.015551
668.6397929191589,0.2524,0.01567
668.6913905143738,0.25341,0.015653
668.7410144805908,0.25443,0.015671
668.791172504425,0.25541,0.015703
668.845009803772,0.2564,0.015621
668.8920483589172,0.25733,0.015599
668.943282365799,0.25939,0.015511
668.9942519664764,0.25949,0.015558
669.0450868606567,0.26029,0.015701
669.094425201416,0.26133,0.015645
669.1462590694427,0.26232,0.015634
669.1973972320557,0.26331,0.015648
669.2447009086609,0.26437,0.015528
669.2967643737793,0.26531,0.015507
669.3473558425903,0.26627,0.015575
669.402087688446,0.26717,0.015532
669.4522166252136,0.26816,0.015622
669.4986593723297,0.26896,0.015615
669.5509386062622,0.27011,0.015536
669.6007964611053,0.2712,0.015549
669.6544859409332,0.27115,0.015401
669.7040827274323,0.27301,0.015479
669.7539489269257,0.274,0.015592
669.8053884506226,0.27501,0.015416
669.8498725891113,0.27595,0.015471
669.9026668071747,0.27683,0.015509
669.9549992084503,0.278,0.01547
670.0074143409729,0.27797,0.015542
670.0574507713318,0.27987,0.015489
670.1054141521454,0.28003,0.015639
670.1591017246246,0.28189,0.015754
670.2055475711823,0.28293,0.015919
670.2563717365265,0.28389,0.016128
670.3055920600891,0.28488,0.016218
670.3576531410217,0.28597,0.016299
670.411295413971,0.28611,0.016523
670.459184885025,0.28805,0.017159
670.5121450424194,0.28803,0.016988
670.5624570846558,0.28987,0.017304
670.618709564209,0.29101,0.018491
670.6661896705627,0.29176,0.019566
670.7161550521851,0.29171,0.019435
670.7712478637695,0.29381,0.019998
670.8235051631927,0.29459,0.020889
670.873153924942,0.29565,0.020829
670.9193649291992,0.29565,0.020972
670.9750852584839,0.29693,0.021636
671.0236504077911,0.29864,0.020519
671.0738615989685,0.29976,0.018955
671.128298997879,0.30075,0.021262
671.1764180660248,0.30072,0.016377
671.2276518344879,0.30253,0.018563
671.2753965854645,0.30256,0.01672
671.3272750377655,0.30376,0.015737
671.3774170875549,0.30472,0.015598
671.4284541606903,0.30653,0.015509
671.4761161804199,0.30749,0.015514
671.5289883613586,0.30851,0.015373
671.5823261737823,0.30952,0.015666
671.6267693042755,0.30963,0.015671
671.678206205368,0.31061,0.01555
671.7367370128632,0.31168,0.015736
671.784375667572,0.31336,0.015553
671.8338103294373,0.31453,0.015587
671.8868353366852,0.31544,0.015635
671.9370365142822,0.021333,0.017724
671.9874639511108,0.018027,0.014527
672.0369389057159,0.020027,0.015458
672.0856022834778,0.022773,0.015647
672.1405804157257,0.02584,0.015585
672.1904759407043,0.02864,0.01552
672.239250421524,0.031547,0.015519
672.2905933856964,0.03768,0.015638
672.3391103744507,0.040587,0.015549
672.3914618492126,0.0408,0.015659
672.4402592182159,0.04368,0.015569
672.4920570850372,0.04648,0.015523
672.5423340797424,0.04952,0.015619
672.5920913219452,0.0524,0.015681
672.6474306583405,0.055253,0.015715
672.6947569847107,0.060667,0.015599
672.7447273731232,0.060907,0.015709
672.7971525192261,0.063627,0.015564
672.8464391231537,0.066213,0.015519
672.9012520313263,0.068853,0.015635
672.9519472122192,0.071947,0.015731
673.0053706169128,0.077467,0.015789
673.054229259491,0.077307,0.015576
673.1061413288116,0.08016,0.015689
673.1568171977997,0.082747,0.015835
673.2099361419678,0.085387,0.015858
673.261063337326,0.090747,0.015847
673.3085210323334,0.093413,0.015878
673.3594756126404,0.096027,0.016018
673.412365436554,0.096,0.016062
673.4605541229248,0.09864,0.016027
673.5094876289368,0.10152,0.016188
673.5619781017303,0.10384,0.015999
673.6125102043152,0.10651,0.01625
673.6631963253021,0.10765,0.016494
673.7123506069183,0.10917,0.016501
673.7658271789551,0.11157,0.016382
673.8185262680054,0.11157,0.016231
673.8678979873657,0.11283,0.01632
673.9195668697357,0.11405,0.016047
673.9702563285828,0.11536,0.016009
674.0195708274841,0.11661,0.015905
674.0684778690338,0.11765,0.015603
674.1206057071686,0.11787,0.015462
674.1719186306,0.12008,0.015374
674.2211616039276,0.12139,0.015298
674.2750558853149,0.12224,0.015238
674.3216967582703,0.12376,0.015215
674.3746845722198,0.12504,0.014709
674.4241619110107,0.12624,0.014713
674.4740915298462,0.12861,0.014691
674.525829076767,0.12861,0.014514
674.5742552280426,0.12989,0.014494
674.628621339798,0.12981,0.014817
674.6761014461517,0.13205,0.015011
674.7282106876373,0.13312,0.01503
674.7760841846466,0.13445,0.01509
674.830114364624,0.13557,0.015269
674.8793275356293,0.13685,0.01522
674.9321014881134,0.13792,0.015389
674.983274936676,0.13904,0.015239
675.0371115207672,0.14043,0.015303
675.0887005329132,0.14157,0.015339
675.1394746303558,0.14248,0.015476
675.1867740154266,0.14277,0.01559
675.2403750419617,0.1448,0.015509
675.289567232132,0.14592,0.015658
675.339417219162,0.14712,0.015715
675.3906574249268,0.14824,0.015663
675.4466276168823,0.14819,0.01563
675.4928207397461,0.15043,0.015605
675.5470039844513,0.1516,0.015573
675.5945966243744,0.1528,0.015541
675.6472477912903,0.15376,0.015663
675.6946997642517,0.15483,0.015579
675.7461628913879,0.156,0.015673
675.797349691391,0.15712,0.015603
675.8481559753418,0.15816,0.015552
675.8971788883209,0.15803,0.01559
675.9471571445465,0.15939,0.015586
675.9979271888733,0.16144,0.015547
676.0508394241333,0.16253,0.015609
676.09983253479,0.16344,0.015761
676.1491832733154,0.16387,0.015791
676.2006390094757,0.16459,0.015841
676.2513966560364,0.16675,0.015901
676.299708366394,0.16795,0.016142
676.3527042865753,0.16896,0.01609
676.4028244018555,0.17027,0.016342
676.4528563022614,0.17016,0.016509
676.5056185722351,0.17112,0.016551
676.5561785697937,0.17213,0.01689
676.6063544750214,0.17432,0.017014
676.6545116901398,0.17525,0.017322
676.7059752941132,0.1752,0.017078
676.7621204853058,0.17741,0.017429
676.8114762306213,0.17859,0.017827
676.8585596084595,0.17877,0.018058
676.9101617336273,0.18059,0.017582
676.9620988368988,0.18075,0.017894
677.0145802497864,0.1828,0.017518
677.0647423267365,0.18291,0.01721
677.1130061149597,0.18381,0.017057
677.1681277751923,0.18592,0.017029
677.2160120010376,0.18696,0.016515
677.2721230983734,0.18792,0.016445
677.319818019867,0.18805,0.015874
677.3723466396332,0.18981,0.015176
677.4170215129852,0.19005,0.015503
677.4730916023254,0.19101,0.015051
677.5196516513824,0.19213,0.014842
677.5754737854004,0.19427,0.014802
677.628072977066,0.1952,0.014989
677.6762139797211,0.19616,0.015235
677.7273600101471,0.19651,0.015362
677.7773292064667,0.19725,0.015345
677.8297791481018,0.19827,0.015583
677.8803083896637,0.19933,0.015574
677.9300756454468,0.20144,0.015543
677.9820349216461,0.20168,0.015782
678.0317449569702,0.20245,0.015514
678.0802655220032,0.20336,0.015633
678.134357213974,0.2044,0.015543
678.1821751594543,0.20557,0.015753
678.2302975654602,0.20632,0.015691
678.2878818511963,0.20723,0.015774
678.3388369083405,0.20941,0.015715
678.3886468410492,0.21053,0.015554
678.4392068386078,0.21053,0.015679
678.4879548549652,0.21144,0.015544
678.5401661396027,0.21248,0.015592
678.5899851322174,0.21347,0.01547
678.6372790336609,0.21357,0.015614
678.6897888183594,0.21651,0.01562
678.7418687343597,0.21637,0.015517
678.7926187515259,0.21763,0.015605
678.8434133529663,0.21856,0.015551
678.892430305481,0.21965,0.015486
678.9420945644379,0.22064,0.015497
678.9897685050964,0.22157,0.015578
679.0440330505371,0.22261,0.015722
679.0935797691345,0.22352,0.015739
679.1428701877594,0.22475,0.015787
679.1942412853241,0.22555,0.015939
679.2435638904572,0.22656,0.016044
679.2945528030396,0.22741,0.016105
679.3422319889069,0.22755,0.016171
679.3942596912384,0.22941,0.016391
679.444659948349,0.2304,0.016461
679.4969511032104,0.23155,0.016992
679.5490386486053,0.23235,0.017702
679.5946640968323,0.23331,0.017532
679.6482644081116,0.23427,0.018097
679.7059524059296,0.23539,0.018861
679.7575571537018,0.23648,0.019409
679.8091230392456,0.23744,0.019297
679.8625545501709,0.23835,0.019414
679.9121494293213,0.23952,0.019569
679.9612083435059,0.24043,0.019641
680.0108065605164,0.24147,0.019256
680.0654842853546,0.24229,0.019136
680.1154696941376,0.24339,0.017969
680.1607999801636,0.24443,0.0179
680.21621966362,0.24523,0.018081
680.2651653289795,0.24635,0.017864
680.3156733512878,0.24739,0.015951
680.3652625083923,0.24832,0.016127
680.4136915206909,0.24848,0.015582
680.4684972763062,0.24931,0.015487
680.5153388977051,0.25147,0.015497
680.5661444664001,0.25235,0.015363
680.6188955307007,0.25339,0.015456
680.6708261966705,0.25437,0.015613
680.7226486206055,0.2544,0.015608
680.7688479423523,0.25616,0.015758
680.8224411010742,0.25715,0.015714
680.8708231449127,0.25827,0.015709
680.9212191104889,0.25829,0.015588
680.9722430706024,0.26016,0.015569
681.0226912498474,0.26107,0.015733
681.0779476165771,0.26227,0.015727
681.1270024776459,0.26219,0.01564
681.1748414039612,0.26405,0.015572
681.2272114753723,0.2652,0.015541
681.2777519226074,0.26531,0.01543
681.3293614387512,0.26603,0.015583
681.3761510848999,0.26808,0.015665
681.4288232326508,0.26907,0.015538
681.4807007312775,0.26989,0.015504
681.5293428897858,0.27101,0.015682
681.5804030895233,0.272,0.015585
681.6300339698792,0.27296,0.015651
681.6808083057404,0.27277,0.015479
681.733306646347,0.274,0.015459
681.7822697162628,0.27595,0.015468
681.8358998298645,0.27693,0.015389
681.8843915462494,0.27779,0.015625
681.9365162849426,0.278,0.015805
681.9871962070465,0.27909,0.015774
682.0360987186432,0.27989,0.015868
682.0874478816986,0.28088,0.015795
682.1366968154907,0.28267,0.015962
682.1884984970093,0.28384,0.016031
682.2377614974976,0.28475,0.015931
682.2900483608246,0.28581,0.016458
682.3364388942719,0.28592,0.016806
682.3925125598907,0.28675,0.017787
682.4424188137054,0.28765,0.017231
682.4881193637848,0.28875,0.019391
682.5429141521454,0.28968,0.019874
682.5928378105164,0.29165,0.02093
682.6425609588623,0.29264,0.020642
682.6920256614685,0.29371,0.02167
682.7430195808411,0.29379,0.021688
682.794310092926,0.29451,0.021696
682.8432416915894,0.29568,0.021659
682.8943569660187,0.29656,0.021695
682.9424352645874,0.2976,0.02169
682.9952178001404,0.29861,0.020761
683.052187204361,0.29965,0.021523
683.0971987247467,0.30069,0.020908
683.1540794372559,0.30163,0.01904
683.2056832313538,0.30256,0.018658
683.254025220871,0.30328,0.017258
683.3066475391388,0.30453,0.016425
683.3531517982483,0.30565,0.015657
683.4060518741608,0.30651,0.015439
683.4562301635742,0.30765,0.015493
683.5055787563324,0.30853,0.015677
683.5558462142944,0.30941,0.01571
683.6078636646271,0.31056,0.015712
683.6579616069794,0.31139,0.015618
683.7091841697693,0.31245,0.015738
683.7585136890411,0.31344,0.015786
683.8110935688019,0.31424,0.015738
683.867036819458,0.31523,0.015656
683.9154326915741,0.018133,0.015323
683.9656443595886,0.019813,0.015658
684.0156588554382,0.02256,0.015758
684.0694515705109,0.025173,0.015648
684.1167695522308,0.028267,0.015612
684.1663370132446,0.03128,0.015571
684.2197532653809,0.03424,0.015494
684.2688982486725,0.03736,0.015553
684.3222298622131,0.04032,0.015539
684.3720593452454,0.043253,0.015541
684.4212639331818,0.046187,0.015672
684.4715821743011,0.049067,0.015682
684.5226540565491,0.05184,0.015569
684.5752911567688,0.054613,0.015664
684.6251535415649,0.054933,0.015684
684.6749484539032,0.06208,0.015718
684.7253799438477,0.063227,0.015594
684.7728021144867,0.065947,0.015648
684.8268494606018,0.068693,0.015579
684.8752806186676,0.07168,0.015675
684.9267892837524,0.074347,0.015629
684.9745593070984,0.07696,0.01569
685.0254936218262,0.079813,0.015755
685.0757579803467,0.0824,0.015726
685.128475189209,0.085067,0.015865
685.1804738044739,0.087707,0.015785
685.2273166179657,0.088027,0.015895
685.2786717414856,0.093173,0.0159
685.3331327438354,0.09584,0.015951
685.3808608055115,0.098507,0.016014
685.4307425022125,0.10099,0.016124
685.4841334819794,0.10387,0.016133
685.5353753566742,0.1036,0.01609
685.5868537425995,0.10659,0.016045
685.6392834186554,0.10771,0.016184
685.6873979568481,0.11051,0.016098
685.7411053180695,0.11152,0.016166
685.7870936393738,0.11264,0.016062
685.8405096530914,0.11277,0.015984
685.8917729854584,0.11501,0.01554
685.9420733451843,0.1164,0.015886
685.9932186603546,0.11768,0.015729
686.0424451828003,0.11771,0.015523
686.0929841995239,0.11904,0.015474
686.1430249214172,0.11997,0.015278
686.1936719417572,0.12269,0.015186
686.2452948093414,0.12368,0.015066
686.2965621948242,0.12491,0.015025
686.348165512085,0.12496,0.014871
686.3960049152374,0.12613,0.014675
686.4483671188354,0.12739,0.01469
686.498701095581,0.12848,0.014815
686.5472846031189,0.13088,0.014867
686.6000506877899,0.13195,0.015034
686.6533582210541,0.13312,0.014972
686.7034063339233,0.13432,0.015034
686.7516372203827,0.13539,0.015243
686.8022708892822,0.13664,0.015388
686.851648569107,0.13672,0.015272
686.9086000919342,0.13765,0.015288
686.9578909873962,0.13896,0.01534
687.0123438835144,0.13997,0.015243
687.0612463951111,0.14235,0.015325
687.1123652458191,0.14347,0.015515
687.1595270633698,0.14459,0.015578
687.2135164737701,0.14485,0.015605
687.2619783878326,0.14693,0.015639
687.3122656345367,0.14691,0.015622
687.3629214763641,0.14816,0.015546
687.4140722751617,0.14915,0.015776
687.4627721309662,0.15027,0.015672
687.5131375789642,0.15251,0.015663
687.564220905304,0.15264,0.015645
687.613499879837,0.1536,0.015695
687.6646327972412,0.15475,0.015511
687.7127063274384,0.15576,0.015691
687.767861366272,0.15696,0.01573
687.816873550415,0.15797,0.015626
687.8675105571747,0.15907,0.015601
687.9176445007324,0.16029,0.015525
687.9709322452545,0.16147,0.015538
688.0187287330627,0.16256,0.015679
688.0688800811768,0.16368,0.015722
688.1199357509613,0.16459,0.015761
688.1686832904816,0.16571,0.0159
688.2220244407654,0.1668,0.016093
688.273766040802,0.16691,0.016082
688.3267815113068,0.16909,0.016085
688.3754291534424,0.17008,0.016276
688.4261462688446,0.17107,0.016308
688.4768445491791,0.17224,0.016417
688.5268421173096,0.17435,0.01681
688.5771958827972,0.17437,0.016379
688.6245765686035,0.17539,0.016502
688.6765303611755,0.17637,0.017332
688.7271690368652,0.17733,0.017547
688.7765221595764,0.17752,0.017507
688.8281314373016,0.17941,0.017644
688.8771748542786,0.17963,0.017519
688.9285140037537,0.18168,0.017411
688.9781155586243,0.18275,0.017482
689.0287926197052,0.18371,0.016926
689.0803310871124,0.18368,0.016982
689.1310489177704,0.18576,0.016967
689.1819758415222,0.18688,0.016099
689.2302649021149,0.188,0.01628
689.2851693630219,0.18797,0.015903
689.338721036911,0.18997,0.015707
689.3864800930023,0.19107,0.015061
689.4400699138641,0.19203,0.014897
689.4887220859528,0.19288,0.014857
689.5365123748779,0.19416,0.014965
689.5894122123718,0.19525,0.015094
689.6459197998047,0.19528,0.01527
689.6914920806885,0.19715,0.015571
689.7436852455139,0.19829,0.015466
689.7950654029846,0.19939,0.015595
689.8458487987518,0.19931,0.015644
689.8970093727112,0.20029,0.0155
689.9461536407471,0.20136,0.015563
689.9981560707092,0.20344,0.015566
690.0489227771759,0.20437,0.015531
690.100225687027,0.20541,0.015668
690.1517026424408,0.20533,0.015696
690.1968464851379,0.20728,0.015758
690.250640630722,0.2072,0.015615
690.3040189743042,0.20835,0.015692
690.3534593582153,0.20928,0.015569
690.4005618095398,0.21029,0.015549
690.4532120227814,0.21261,0.015627
690.5008590221405,0.21331,0.015553
690.5554792881012,0.21443,0.0156
690.6040654182434,0.21544,0.015507
690.6558508872986,0.21555,0.015694
690.7057237625122,0.21627,0.015568
690.754490852356,0.21765,0.015576
690.8069789409637,0.21845,0.015518
690.8592722415924,0.22045,0.015631
690.9065611362457,0.22139,0.015545
690.9577124118805,0.22149,0.015588
691.0092480182648,0.22245,0.015674
691.062578201294,0.22357,0.015798
691.1135878562927,0.2248,0.015548
691.1657583713531,0.22632,0.015852
691.2150118350983,0.22747,0.015937
691.2678956985474,0.22851,0.016151
691.3174939155579,0.22949,0.016349
691.3668901920319,0.23064,0.016638
691.4169161319733,0.23048,0.016671
691.4657146930695,0.23157,0.017107
691.5185120105743,0.23256,0.017379
691.5696296691895,0.23352,0.017641
691.6168668270111,0.23445,0.018218
691.6704106330872,0.23645,0.018807
691.7191889286041,0.23747,0.018672
691.7700357437134,0.23829,0.019353
691.8219480514526,0.23875,0.019423
691.8719344139099,0.2396,0.019462
691.921980381012,0.2404,0.019721
691.9736676216125,0.24147,0.019499
692.0223581790924,0.24237,0.019366
692.0738558769226,0.24347,0.018846
692.1233105659485,0.24451,0.018117
692.1767964363098,0.2464,0.018001
692.2270815372467,0.2464,0.018103
692.2758643627167,0.24837,0.016659
692.3244829177856,0.24853,0.015659
692.3743739128113,0.24915,0.015354
692.4274342060089,0.25048,0.015441
692.4791879653931,0.25152,0.015211
692.5290486812592,0.25216,0.015346
692.5798718929291,0.25432,0.015321
692.6301455497742,0.25432,0.015716
692.6779322624207,0.25525,0.015544
692.7296619415283,0.25611,0.015533
692.7819676399231,0.2572,0.015403
692.831595659256,0.25827,0.015455
692.8810226917267,0.25915,0.015557
692.9317102432251,0.26027,0.01581
692.9824032783508,0.26144,0.015557
693.0302546024323,0.26211,0.015742
693.0833320617676,0.26325,0.015737
693.1324408054352,0.26413,0.015514
693.185141324997,0.26533,0.015685
693.2328600883484,0.26517,0.015565
693.2834625244141,0.26616,0.015589
693.332878112793,0.26787,0.015625
693.3851146697998,0.26909,0.015494
693.4336774349213,0.27011,0.01551
693.483122587204,0.27112,0.015468
693.5330221652985,0.27213,0.015619
693.5853245258331,0.27301,0.015637
693.6370062828064,0.27397,0.015576
693.6867139339447,0.27488,0.01543
693.7373373508453,0.27589,0.015756
693.7883715629578,0.27699,0.015382
693.8390469551086,0.278,0.015456
693.8899545669556,0.27896,0.015557
693.9398214817047,0.27995,0.015731
693.9926710128784,0.28088,0.015984
694.0417742729187,0.28107,0.015767
694.0930669307709,0.28192,0.016152
694.1437740325928,0.28381,0.016012
694.19189453125,0.28469,0.016417
694.2489056587219,0.28579,0.016409
694.2993719577789,0.28683,0.016858
694.3473429679871,0.28757,0.018342
694.3979258537292,0.28787,0.017609
694.4501984119415,0.28853,0.019895
694.4967498779297,0.28957,0.020395
694.549483537674,0.29088,0.020875
694.5998260974884,0.29264,0.021686
694.65345287323,0.29381,0.021679
694.706814289093,0.29467,0.021694
694.7551426887512,0.29568,0.021698
694.8092658519745,0.29667,0.021692
694.8575663566589,0.29773,0.021697
694.9074985980988,0.29872,0.021695
694.9567747116089,0.29963,0.021511
695.0096967220306,0.30059,0.021643
695.0595548152924,0.3008,0.020487
695.1088271141052,0.30168,0.01889
695.1584057807922,0.30253,0.017455
695.2067635059357,0.30259,0.01749
695.2640671730042,0.3056,0.016214
695.312014579773,0.30653,0.015841
695.3617935180664,0.3076,0.015088
695.4140679836273,0.30747,0.015202
695.4633231163025,0.30861,0.015491
695.5120677947998,0.30949,0.015711
695.5643351078033,0.31051,0.015708
695.6135840415955,0.31272,0.015715
695.6654229164124,0.31333,0.015635
695.7156460285187,0.31341,0.015599
695.7662076950073,0.31472,0.015547
695.818475484848,0.31525,0.021664
695.8648481369019,0.020587,0.015532
695.9176852703094,0.02056,0.015666
695.966165304184,0.022427,0.015474
696.0200304985046,0.025387,0.015455
696.0700371265411,0.03136,0.015392
696.1172916889191,0.031387,0.015363
696.170577287674,0.03424,0.015318
696.220475435257,0.037173,0.015365
696.2711901664734,0.040213,0.015347
696.3207507133484,0.043253,0.015606
696.371208190918,0.045973,0.015638
696.4267706871033,0.048933,0.015553
696.4765791893005,0.054853,0.01558
696.5289719104767,0.054747,0.015588
696.5778033733368,0.05744,0.015634
696.6305484771729,0.06032,0.015637
696.6809725761414,0.063093,0.015644
696.7298645973206,0.065893,0.015653
696.7851314544678,0.06864,0.015649
696.8331401348114,0.07152,0.015712
696.883620262146,0.0744,0.015692
696.9353232383728,0.077173,0.01572
696.984566450119,0.079653,0.015673
697.0388188362122,0.082293,0.015743
697.0874660015106,0.08544,0.015631
697.1359782218933,0.087707,0.015763
697.1878044605255,0.09024,0.015869
697.2430372238159,0.090373,0.015685
697.2906019687653,0.09576,0.015921
697.3400735855103,0.09832,0.015786
697.39235496521,0.10104,0.015974
697.4461147785187,0.10357,0.015923
697.4944431781769,0.10632,0.015859
697.5495955944061,0.10747,0.01589
697.5986931324005,0.10893,0.015907
697.6478414535522,0.10981,0.015959
697.7001752853394,0.11027,0.015946
697.7477123737335,0.11248,0.01592
697.8011355400085,0.11389,0.015883
697.8502020835876,0.11509,0.015779
697.898327589035,0.11643,0.015557
697.9490022659302,0.11731,0.015568
698.0007491111755,0.11747,0.015325
698.0547485351562,0.11888,0.014977
698.1053946018219,0.12133,0.015086
698.1526608467102,0.12232,0.015268
698.2017202377319,0.12387,0.014928
698.2537689208984,0.12501,0.014868
698.3058981895447,0.12603,0.01476
698.3561642169952,0.12717,0.01493
698.4030849933624,0.12731,0.014886
698.4577522277832,0.12976,0.014866
698.5087180137634,0.13064,0.014952
698.5582437515259,0.13192,0.015127
698.6032922267914,0.13184,0.015117
698.6596727371216,0.13301,0.015227
698.7120172977448,0.13432,0.015263
698.7622084617615,0.13552,0.015218
698.8136470317841,0.13653,0.015171
698.8664383888245,0.13749,0.015126
698.9140315055847,0.13877,0.015245
698.9666194915771,0.1412,0.015371
699.0169370174408,0.14227,0.015338
699.0679521560669,0.14344,0.015447
699.1140596866608,0.14451,0.01541
699.1685090065002,0.14557,0.015666
699.215461730957,0.14587,0.015458
699.2752568721771,0.14688,0.015559
699.3225371837616,0.14784,0.015651
699.3714554309845,0.15016,0.015616
699.4256224632263,0.15136,0.015616
699.471328496933,0.15245,0.015672
699.5221207141876,0.1524,0.015551
699.5742270946503,0.15365,0.015571
699.6255867481232,0.15472,0.015612
699.6797711849213,0.15669,0.015615
699.7273254394531,0.15803,0.015663
699.7785966396332,0.15909,0.015513
699.8339722156525,0.15909,0.015566
699.8800196647644,0.16123,0.015692
699.9342997074127,0.16123,0.015503
699.9795548915863,0.16224,0.015706
700.0342872142792,0.16339,0.01565
700.0843999385834,0.16456,0.015622
700.1343839168549,0.16664,0.015734
700.1867847442627,0.16787,0.015873
700.2382938861847,0.1688,0.015918
700.2851383686066,0.16992,0.016087
700.341849565506,0.16981,0.016172
700.3914842605591,0.17091,0.016348
700.4408400058746,0.17184,0.016508
700.4902782440186,0.17312,0.016471
700.5413641929626,0.17523,0.016599
700.5894176959991,0.17645,0.016836
700.6464836597443,0.17731,0.016771
700.6933732032776,0.17728,0.016968
700.7473244667053,0.17829,0.017019
700.7988750934601,0.17952,0.017268
700.8475737571716,0.18035,0.017161
700.9010601043701,0.18157,0.0168
700.9488923549652,0.18248,0.017056
701.0036923885345,0.18389,0.016706
701.0533497333527,0.18549,0.01681
701.105705499649,0.18581,0.01676
701.1554427146912,0.18664,0.016224
701.199761390686,0.18763,0.015614
701.2586965560913,0.18891,0.016044
701.3061277866364,0.18907,0.015119
701.3591511249542,0.19115,0.016009
701.4086880683899,0.19299,0.015175
701.4608263969421,0.19309,0.01528
701.5082440376282,0.19397,0.015395
701.5593931674957,0.19501,0.015465
701.6102457046509,0.19715,0.015689
701.6627700328827,0.19709,0.015505
701.7118380069733,0.19819,0.015537
701.7636375427246,0.19925,0.015443
701.8132956027985,0.20029,0.015533
701.8631412982941,0.2012,0.015356
701.9130337238312,0.20203,0.01545
701.9628448486328,0.20325,0.015534
702.014500617981,0.20416,0.015581
702.0630235671997,0.20419,0.015577
702.1143894195557,0.20613,0.015666
702.1671850681305,0.2072,0.015638
702.2170932292938,0.20816,0.015624
702.2687249183655,0.2092,0.015553
702.3168776035309,0.21032,0.015613
702.3691534996033,0.21136,0.015587
702.4127147197723,0.2124,0.015633
702.4678528308868,0.21253,0.015545
702.5162971019745,0.21451,0.015545
702.568647146225,0.21539,0.015515
702.6180691719055,0.21635,0.01552
702.6710209846497,0.21749,0.015644
702.7196345329285,0.21733,0.015486
702.7697596549988,0.21939,0.015487
702.8236136436462,0.21939,0.015538
702.8709902763367,0.22152,0.015545
702.9315121173859,0.22259,0.015498
702.9781074523926,0.22328,0.01566
703.0296165943146,0.22435,0.015702
703.0813915729523,0.22544,0.016017
703.126142501831,0.22661,0.015814
703.1824440956116,0.22736,0.015735
703.2321400642395,0.22851,0.016289
703.2858037948608,0.22928,0.01651
703.3342671394348,0.23043,0.016614
703.385174036026,0.23149,0.016731
703.4351994991302,0.23253,0.017367
703.4858231544495,0.23344,0.017025
703.5345182418823,0.23341,0.017732
703.5892641544342,0.23427,0.017982
703.6401541233063,0.23651,0.01877
703.6866161823273,0.23728,0.018434
703.7383754253387,0.23824,0.018895
703.7890422344208,0.23931,0.018905
703.8375382423401,0.24024,0.019329
703.8891208171844,0.24027,0.018845
703.9398591518402,0.24133,0.019137
703.9925358295441,0.24325,0.018755
704.0410380363464,0.24443,0.017673
704.0925447940826,0.24533,0.018356
704.1399054527283,0.24613,0.017408
704.1921911239624,0.24736,0.016631
704.2441372871399,0.24712,0.015886
704.2998285293579,0.24827,0.015396
704.3484342098236,0.24939,0.01536
704.4005951881409,0.25133,0.015241
704.448091506958,0.25211,0.015439
704.5006840229034,0.25224,0.015525
704.5497989654541,0.25325,0.015401
704.603031873703,0.25413,0.015736
704.6495959758759,0.25504,0.015739
704.7039930820465,0.25709,0.015547
704.7605481147766,0.25816,0.015494
704.8101274967194,0.25907,0.015503
704.8569896221161,0.26019,0.015559
704.9080717563629,0.26091,0.015705
704.9608645439148,0.26115,0.015726
705.0109233856201,0.26221,0.015638
705.0581464767456,0.26296,0.015621
705.111053943634,0.26504,0.015571
705.1631996631622,0.26621,0.01555
705.2175209522247,0.26685,0.015566
705.2713463306427,0.26792,0.015645
705.3213472366333,0.26781,0.015602
705.3695116043091,0.26995,0.015478
705.4218857288361,0.27011,0.015622
705.4726920127869,0.27107,0.015584
705.5232100486755,0.27163,0.015552
705.573294878006,0.27373,0.015552
705.6212890148163,0.27477,0.015613
705.6713213920593,0.27504,0.015467
705.7237956523895,0.27576,0.015561
705.7761595249176,0.27693,0.015602
705.8230485916138,0.27795,0.015652
705.8751802444458,0.2788,0.015578
705.9309649467468,0.28109,0.015833
705.9797382354736,0.28189,0.015784
706.0273330211639,0.28184,0.015859
706.081348657608,0.28283,0.015951
706.1298522949219,0.28379,0.016319
706.182067155838,0.28475,0.016448
706.2300379276276,0.28573,0.016219
706.2828283309937,0.28677,0.016831
706.3309741020203,0.28744,0.017729
706.382470369339,0.28872,0.019062
706.4374060630798,0.28989,0.020931
706.4886860847473,0.29064,0.02043
706.5377314090729,0.29176,0.021578
706.5886573791504,0.29365,0.021682
706.6362709999084,0.29448,0.021695
706.6891412734985,0.29464,0.021693
706.7405500411987,0.29576,0.021689
706.7865948677063,0.29693,0.021694
706.8394329547882,0.2976,0.021695
706.8904016017914,0.29869,0.021577
706.9403643608093,0.29963,0.02034
706.9893000125885,0.30045,0.018968
707.0410816669464,0.30157,0.019935
707.0925426483154,0.30259,0.018383
707.1417832374573,0.3036,0.017263
707.1903169155121,0.30448,0.015707
707.2452301979065,0.30544,0.015049
707.2969505786896,0.30661,0.014999
707.346289396286,0.30749,0.015174
707.3978905677795,0.30843,0.015411
707.4453716278076,0.30949,0.01574
707.494749546051,0.31045,0.015766
707.5470111370087,0.31136,0.015714
707.6004371643066,0.31237,0.01555
707.6488189697266,0.31307,0.015749
707.6983277797699,0.31448,0.0155
707.7500703334808,0.31552,0.015772
707.7992691993713,0.018373,0.015665
707.8497242927551,0.02016,0.015045
707.9002332687378,0.019707,0.01585
707.9512088298798,0.025067,0.015409
708.004073381424,0.025253,0.015482
708.0517928600311,0.03112,0.01549
708.1019287109375,0.034133,0.015465
708.1502511501312,0.036987,0.015466
708.2036142349243,0.04,0.015419
708.2534215450287,0.040293,0.015548
708.3037509918213,0.045893,0.01557
708.3553853034973,0.046027,0.015489
708.4036512374878,0.051653,0.015629
708.4569487571716,0.054853,0.01563
708.5110182762146,0.057387,0.01555
708.5590012073517,0.060347,0.01544
708.6087608337402,0.061653,0.015443
708.6591830253601,0.063013,0.015579
708.7110378742218,0.066027,0.01565
708.7589809894562,0.06872,0.015529
708.8104882240295,0.07432,0.015569
708.860319852829,0.077067,0.015621
708.9134428501129,0.07976,0.015602
708.9634599685669,0.082293,0.015695
709.0115513801575,0.08488,0.015668
709.0600731372833,0.085013,0.015775
709.1187040805817,0.087867,0.015738
709.1666798591614,0.093147,0.015801
709.2188892364502,0.095653,0.015683
709.2744915485382,0.098213,0.015591
709.3212656974792,0.10091,0.015602
709.3730506896973,0.10104,0.015812
709.4242017269135,0.1036,0.015845
709.474466085434,0.10619,0.015762
709.5235517024994,0.10747,0.015684
709.5751645565033,0.10877,0.015803
709.6254615783691,0.11144,0.01562
709.6764085292816,0.11277,0.015655
709.7315084934235,0.11387,0.015736
709.7784657478333,0.11523,0.015646
709.8330745697021,0.11517,0.015718
709.8825023174286,0.11656,0.015679
709.931245803833,0.11744,0.015253
709.9812581539154,0.12011,0.015432
710.0348408222198,0.12011,0.015336
710.0841076374054,0.12125,0.015049
710.1332666873932,0.12253,0.014905
710.1854767799377,0.12381,0.014945
710.2378630638123,0.1248,0.014974
710.2893826961517,0.12611,0.014883
710.3392190933228,0.12848,0.014889
710.3886301517487,0.12853,0.014907
710.4362754821777,0.13085,0.015
710.4897065162659,0.13096,0.015092
710.5390286445618,0.13224,0.014999
710.5905203819275,0.13317,0.015093
710.63849401474,0.13435,0.015135
710.6906788349152,0.13541,0.015022
710.7395479679108,0.13779,0.015091
710.7935025691986,0.13787,0.014999
710.8431129455566,0.13923,0.015213
710.8918380737305,0.13997,0.015283
710.9423406124115,0.14125,0.015347
710.9928987026215,0.1424,0.015365
711.0430903434753,0.14368,0.015507
711.0998196601868,0.14467,0.015682
711.1503562927246,0.14579,0.01563
711.200528383255,0.14805,0.015566
711.2503778934479,0.14915,0.015484
711.2996490001678,0.14939,0.015543
711.3525638580322,0.15032,0.015552
711.4004182815552,0.15155,0.015686
711.4518918991089,0.15256,0.015575
711.5181226730347,0.15373,0.015585
711.5626895427704,0.15595,0.01555
711.617838382721,0.15597,0.015567
711.6652705669403,0.15701,0.015718
711.7194578647614,0.158,0.015483
711.7683176994324,0.15915,0.015603
711.8179819583893,0.16016,0.015671
711.8699159622192,0.16131,0.015614
711.9202928543091,0.16227,0.015603
711.96755194664,0.16469,0.01563
712.0227041244507,0.16459,0.015568
712.0697929859161,0.16592,0.01587
712.1198272705078,0.16675,0.015555
712.1720499992371,0.16781,0.015845
712.2272953987122,0.16885,0.015863
712.2781977653503,0.17003,0.015779
712.3269848823547,0.17203,0.016066
712.378741979599,0.17205,0.016059
712.4350810050964,0.17339,0.016212
712.486813545227,0.17427,0.016223
712.5403075218201,0.17531,0.016337
712.5901203155518,0.17768,0.016159
712.6418035030365,0.17752,0.016272
712.6884660720825,0.17845,0.016459
712.7375490665436,0.17944,0.016426
712.7900919914246,0.18056,0.016759
712.842259645462,0.18165,0.016705
712.888995885849,0.18253,0.015971
712.9399905204773,0.18459,0.016381
712.9902548789978,0.18477,0.016222
713.0400238037109,0.18579,0.015995
713.0914716720581,0.1872,0.015868
713.1398119926453,0.18795,0.015689
713.1956055164337,0.18792,0.015645
713.2455487251282,0.18965,0.015581
713.2997024059296,0.19085,0.015437
713.3481738567352,0.19296,0.015407
713.3978333473206,0.19307,0.015353
713.4498851299286,0.19413,0.015286
713.5000619888306,0.19501,0.015442
713.5526196956635,0.19597,0.01544
713.6019089221954,0.1972,0.015532
713.6558864116669,0.19819,0.015446
713.7069396972656,0.19915,0.015478
713.7530703544617,0.20016,0.015477
713.8047297000885,0.20141,0.015399
713.8561894893646,0.20227,0.015125
713.9123249053955,0.20328,0.015503
713.9594535827637,0.20437,0.015518
714.0103929042816,0.20547,0.015594
714.0584723949432,0.20635,0.015495
714.1126263141632,0.20741,0.015543
714.1622366905212,0.20845,0.015465
714.2119045257568,0.20939,0.015523
714.2655074596405,0.21027,0.015543
714.314074754715,0.21131,0.015617
714.3667616844177,0.21232,0.015519
714.4134669303894,0.21347,0.015533
714.4673929214478,0.21432,0.015514
714.5198969841003,0.21536,0.015498
714.5745220184326,0.21637,0.015537
714.6251907348633,0.21645,0.01561
714.6748032569885,0.21819,0.01561
714.7260222434998,0.21859,0.015495
714.7739427089691,0.22056,0.015582
714.8253619670868,0.22163,0.015466
714.8758525848389,0.22232,0.015407
714.9286022186279,0.22341,0.015617
714.9780097007751,0.22432,0.015617
715.0263154506683,0.22557,0.015619
715.0838186740875,0.22536,0.01577
715.1307442188263,0.22739,0.015854
715.1820678710938,0.22845,0.015909
715.2316555976868,0.22952,0.015998
715.2833390235901,0.2304,0.0161
715.334258556366,0.23123,0.016126
715.3870809078217,0.23232,0.016501
715.4374506473541,0.2336,0.017401
715.4885239601135,0.23437,0.017239
715.5363788604736,0.23448,0.017069
715.5889737606049,0.23555,0.017672
715.6382873058319,0.23651,0.017546
715.6873013973236,0.23845,0.018021
715.742725610733,0.23928,0.018081
715.7912955284119,0.24032,0.018187
715.84024310112,0.24112,0.018355
715.8926339149475,0.24248,0.017805
715.9423370361328,0.24227,0.017739
715.9955163002014,0.2444,0.016839
716.0430767536163,0.24413,0.016365
716.0934164524078,0.24528,0.016293
716.1472549438477,0.24696,0.016269
716.1961255073547,0.24813,0.0158
716.2462244033813,0.24915,0.015607
716.2955281734467,0.25016,0.015419
716.3462541103363,0.25115,0.015331
716.3954615592957,0.2512,0.015465
716.4483411312103,0.25227,0.015572
716.4995288848877,0.25325,0.015585
716.5473644733429,0.25427,0.01565
716.5960564613342,0.25619,0.015591
716.6486067771912,0.25704,0.015488
716.7002935409546,0.25821,0.015578
716.7505218982697,0.25907,0.015424
716.8006887435913,0.26008,0.015496
716.8531725406647,0.26019,0.015692
716.8999485969543,0.26107,0.015601
716.9503288269043,0.26197,0.015595
717.0034365653992,0.26419,0.015459
717.0520033836365,0.26515,0.015587
717.105366230011,0.26499,0.015725
717.1536765098572,0.26616,0.015533
717.2066237926483,0.26712,0.015422
717.2543380260468,0.26805,0.015515
717.3051455020905,0.26883,0.015433
717.3576059341431,0.26979,0.01555
717.4061923027039,0.27093,0.015641
717.4562530517578,0.272,0.015484
717.5095818042755,0.27283,0.015559
717.558203458786,0.27381,0.015477
717.6093103885651,0.27477,0.015475
717.6571795940399,0.2756,0.015607
717.7135274410248,0.27693,0.015501
717.7628667354584,0.27787,0.015516
717.8107056617737,0.27864,0.015572
717.8675851821899,0.28075,0.015602
717.9147944450378,0.28085,0.015683
717.965086221695,0.28184,0.015629
718.0168294906616,0.28264,0.015735
718.066645860672,0.28376,0.016204
718.1152818202972,0.28477,0.01607
718.1688497066498,0.28587,0.016145
718.2191712856293,0.28683,0.017043
718.2696478366852,0.28768,0.017525
718.320823431015,0.28843,0.018054
718.370671749115,0.2896,0.018514
718.4219236373901,0.29067,0.020281
718.4694819450378,0.29149,0.020683
718.524924993515,0.29165,0.021223
718.5744543075562,0.29357,0.021687
718.6277279853821,0.29453,0.021319
718.6807556152344,0.29544,0.021586
718.7271399497986,0.29675,0.021384
718.7803449630737,0.29784,0.021366
718.8301718235016,0.29867,0.020411
718.8811213970184,0.29963,0.01997
718.9281203746796,0.29949,0.018957
718.9813055992126,0.30155,0.018842
719.0308554172516,0.3024,0.018046
719.0822951793671,0.30347,0.017206
719.1333920955658,0.30429,0.015519
719.1819052696228,0.30536,0.015088
719.2338321208954,0.30624,0.014901
719.2816202640533,0.30725,0.015005
719.3361353874207,0.30832,0.015152
719.3863472938538,0.30931,0.015673
719.4339761734009,0.31016,0.015684
719.4859099388123,0.31128,0.015669
719.544095993042,0.31224,0.015494
719.5924324989319,0.31312,0.01558
719.6436903476715,0.31416,0.015693
719.6958556175232,0.31424,0.015687
719.7473742961884,0.31525,0.015632
719.7986080646515,0.018027,0.015009
719.8471584320068,0.021867,0.015604
719.8966634273529,0.024747,0.015548
719.9467837810516,0.02776,0.015519
719.9977355003357,0.030933,0.015543
720.050379037857,0.03392,0.01553
720.0983741283417,0.033973,0.015476
720.1495354175568,0.036853,0.015593
720.1995108127594,0.042933,0.01548
720.251766204834,0.045627,0.015621
720.3028664588928,0.04864,0.015606
720.3524873256683,0.0516,0.015506
720.4025008678436,0.054347,0.015645
720.4510033130646,0.057067,0.015583
720.5019545555115,0.057493,0.015653
720.5591895580292,0.06024,0.015637
720.6101512908936,0.065653,0.015734
720.6624894142151,0.068507,0.015647
720.7111163139343,0.071173,0.015928
720.7606163024902,0.074,0.015652
720.8130128383636,0.076747,0.015579
720.8613836765289,0.076747,0.015675
720.90838098526,0.079387,0.015664
720.9633779525757,0.082133,0.015672
721.0108773708344,0.084933,0.015742
721.0642230510712,0.087707,0.015711
721.109218120575,0.092667,0.015684
721.1628603935242,0.095387,0.015693
721.2131216526031,0.095573,0.015614
721.2649676799774,0.098187,0.015689
721.3150737285614,0.10077,0.015636
721.3681962490082,0.10603,0.015551
721.4159009456635,0.10587,0.015677
721.4658386707306,0.10875,0.015586
721.5186359882355,0.10995,0.015561
721.5653553009033,0.1112,0.015652
721.6170690059662,0.11128,0.015565
721.6755242347717,0.11245,0.015514
721.7272684574127,0.11371,0.01544
721.7744760513306,0.11483,0.015475
721.8226580619812,0.11613,0.015374
721.8752415180206,0.11736,0.015125
721.9268133640289,0.11989,0.015069
721.9779462814331,0.12104,0.01524
722.0272588729858,0.12227,0.015157
722.0759100914001,0.1224,0.015103
722.1280841827393,0.12355,0.014995
722.1782622337341,0.12491,0.014973
722.2270195484161,0.12595,0.014965
722.2769756317139,0.12725,0.014951
722.3337380886078,0.12835,0.014845
722.3829333782196,0.13072,0.014954
722.4354226589203,0.13173,0.014897
722.4846837520599,0.13208,0.01496
722.5334579944611,0.13315,0.014984
722.5859317779541,0.13416,0.01506
722.6329472064972,0.13528,0.01506
722.6870822906494,0.13667,0.015071
722.7341206073761,0.1376,0.015397
722.7851648330688,0.13904,0.015318
722.8379645347595,0.14104,0.015265
722.8878290653229,0.14112,0.01528
722.9367725849152,0.14227,0.015447
722.9878361225128,0.14344,0.015552
723.0381281375885,0.14437,0.015505
723.0890486240387,0.1456,0.015562
723.1369433403015,0.14677,0.015525
723.1935405731201,0.14779,0.015589
723.2422888278961,0.14912,0.015611
723.2955968379974,0.15005,0.015559
723.3424773216248,0.15125,0.015564
723.3960137367249,0.15227,0.015542
723.4415650367737,0.15336,0.015523
723.493185043335,0.15472,0.015613
723.5464177131653,0.15571,0.015626
723.5967886447906,0.15667,0.015482
723.648419380188,0.15789,0.015571
723.6977467536926,0.15781,0.01557
723.7490200996399,0.16,0.015605
723.798725605011,0.16133,0.015617
723.852753162384,0.16245,0.015631
723.9054625034332,0.16344,0.015622
723.9558115005493,0.16443,0.01569
724.0045239925385,0.16549,0.015664
724.0549223423004,0.1668,0.015622
724.1077497005463,0.1668,0.015623
724.1567785739899,0.16888,0.015783
724.2068092823029,0.16987,0.015645
724.2641098499298,0.17091,0.015844
724.3126742839813,0.17192,0.015721
724.3626930713654,0.17323,0.015675
724.4147696495056,0.17325,0.015661
724.4611277580261,0.17509,0.015873
724.5110983848572,0.17528,0.01584
724.5646550655365,0.17717,0.016419
724.6105201244354,0.17837,0.016115
724.6626682281494,0.17949,0.016154
724.7136580944061,0.18059,0.016307
724.7657616138458,0.18069,0.016159
724.8173363208771,0.18149,0.016024
724.8674669265747,0.18248,0.015991
724.9183945655823,0.18341,0.016045
724.9680190086365,0.18573,0.015976
725.0172894001007,0.18669,0.015754
725.0753471851349,0.18784,0.015552
725.124481678009,0.18877,0.015455
725.1735210418701,0.18987,0.015489
725.2264845371246,0.18976,0.015362
725.2779169082642,0.19104,0.015398
725.3264560699463,0.19293,0.015317
725.3781816959381,0.194,0.015307
725.4313621520996,0.19469,0.015414
725.4847662448883,0.19597,0.015431
725.5337584018707,0.19699,0.015251
725.5828845500946,0.19803,0.015219
725.633730173111,0.19805,0.015279
725.6823694705963,0.20008,0.015333
725.734867811203,0.20125,0.015277
725.7851209640503,0.20235,0.015165
725.8359422683716,0.20331,0.015353
725.8846166133881,0.20435,0.015822
725.9352719783783,0.20395,0.015403
725.9946403503418,0.20533,0.01531
726.0441689491272,0.20629,0.015631
726.0931911468506,0.20835,0.015518
726.1426365375519,0.20933,0.015572
726.1964509487152,0.21011,0.015475
726.2443096637726,0.21117,0.015651
726.296671628952,0.2112,0.015542
726.3478534221649,0.21251,0.015583
726.3966498374939,0.21333,0.015499
726.4494745731354,0.21413,0.015594
726.4973797798157,0.21629,0.015569
726.5499465465546,0.21731,0.015513
726.6005816459656,0.21736,0.015569
726.6496202945709,0.21845,0.015475
726.6998374462128,0.21952,0.015566
726.7509653568268,0.22051,0.015445
726.8017737865448,0.22147,0.015413
726.8500154018402,0.22235,0.015584
726.9022176265717,0.22453,0.015632
726.951406955719,0.22528,0.015482
727.0070986747742,0.2264,0.01569
727.0554237365723,0.22643,0.015749
727.1034851074219,0.22837,0.015737
727.1565828323364,0.22821,0.015794
727.20703125,0.22947,0.01585
727.2635319232941,0.23149,0.016033
727.3121256828308,0.23216,0.015977
727.3642382621765,0.23333,0.016254
727.4144086837769,0.23432,0.016355
727.4649193286896,0.23427,0.01633
727.510772228241,0.23525,0.016797
727.5630090236664,0.23643,0.016825
727.6135942935944,0.23741,0.017136
727.6669433116913,0.23829,0.016922
727.7149217128754,0.23933,0.016937
727.7663617134094,0.24136,0.017482
727.8188664913177,0.24229,0.017124
727.8694045543671,0.24312,0.017
727.9184391498566,0.24419,0.016847
727.9684858322144,0.24429,0.016321
728.0228412151337,0.24525,0.016295
728.070209980011,0.24603,0.015826
728.1210687160492,0.24709,0.015681
728.1741282939911,0.24925,0.015484
728.2219090461731,0.24925,0.015336
728.2764339447021,0.25011,0.015397
728.3289186954498,0.25112,0.015448
728.3788359165192,0.25211,0.015563
728.4327101707458,0.25341,0.015499
728.4806010723114,0.25493,0.015597
728.5314590930939,0.25584,0.015495
728.5858857631683,0.25621,0.015442
728.632833480835,0.25715,0.015345
728.6852962970734,0.25813,0.015366
728.7355237007141,0.25896,0.015352
728.7866988182068,0.26115,0.015539
728.8389055728912,0.26117,0.015658
728.8867547512054,0.26203,0.015299
728.9369359016418,0.26301,0.015542
728.9895553588867,0.26395,0.015643
729.0392925739288,0.26507,0.015585
729.0929384231567,0.26595,0.015644
729.1435885429382,0.26696,0.015508
729.1895389556885,0.26792,0.015524
729.2433443069458,0.26885,0.015468
729.2919118404388,0.26981,0.015597
729.3425314426422,0.27069,0.015621
729.3949677944183,0.27173,0.015633
729.4415221214294,0.2728,0.015506
729.4930741786957,0.2728,0.015517
729.5456032752991,0.27557,0.015422
729.5940344333649,0.27565,0.015607
729.6429743766785,0.27677,0.015349
729.6957881450653,0.27781,0.015559
729.7427771091461,0.27845,0.015534
729.7959656715393,0.27891,0.01565
729.8469083309174,0.28048,0.015612
729.8949568271637,0.28157,0.015889
729.9490494728088,0.2824,0.015835
729.9977698326111,0.28344,0.015826
730.04802775383,0.28445,0.015735
730.1038730144501,0.2856,0.015993
730.1541821956635,0.28659,0.015933
730.2025187015533,0.28749,0.016463
730.2532589435577,0.28755,0.017128
730.3080170154572,0.28848,0.017462
730.3545770645142,0.29037,0.017068
730.4143242835999,0.29155,0.017789
730.4638838768005,0.29253,0.019066
730.5100064277649,0.29264,0.019963
730.5660979747772,0.29347,0.019182
730.6145029067993,0.29515,0.01915
730.6671316623688,0.29635,0.019783
730.7140500545502,0.29725,0.019559
730.7645897865295,0.29845,0.018686
730.8206870555878,0.29941,0.019307
730.8676748275757,0.30053,0.018796
730.9194467067719,0.30141,0.017233
730.9693312644958,0.30141,0.015835
731.0180344581604,0.30237,0.015615
731.0715050697327,0.3044,0.014816
731.1195149421692,0.30533,0.014729
731.1722784042358,0.30632,0.014849
731.2224631309509,0.30728,0.014942
731.271110534668,0.30821,0.015314
731.3211283683777,0.3084,0.015666
731.3738610744476,0.3092,0.015722
731.4223392009735,0.31029,0.015565
731.4756362438202,0.31115,0.015583
731.5245230197906,0.31211,0.015494
731.5740656852722,0.31323,0.015671
731.6267819404602,0.31509,0.015886
731.6738560199738,0.019707,0.017653
731.725744009018,0.01744,0.015789
731.775554895401,0.022053,0.015717
731.8256242275238,0.021787,0.01564
731.8812515735626,0.024773,0.015567
731.9278254508972,0.02776,0.0154
731.9798290729523,0.033653,0.01554
732.0283870697021,0.033893,0.015513
732.0816597938538,0.039813,0.015489
732.1328933238983,0.040053,0.015589
732.1837449073792,0.042773,0.015588
732.2346115112305,0.045627,0.015648
732.2854945659637,0.048427,0.01566
732.3347637653351,0.05144,0.015654
732.3886671066284,0.057067,0.015618
732.4361238479614,0.059973,0.015555
732.4900968074799,0.06,0.015611
732.5389206409454,0.062773,0.015714
732.5916013717651,0.0656,0.01577
732.6417756080627,0.071093,0.015838
732.6902344226837,0.071173,0.015722
732.7412993907928,0.07392,0.015617
732.7913103103638,0.07664,0.015675
732.8414776325226,0.079227,0.015704
732.8938567638397,0.081973,0.015686
732.9404170513153,0.084773,0.015519
732.9963495731354,0.087253,0.015697
733.0440983772278,0.089973,0.015632
733.0969705581665,0.092587,0.015803
733.1511678695679,0.095413,0.015614
733.1994850635529,0.098187,0.015717
733.2513604164124,0.10096,0.015857
733.300950050354,0.10339,0.015618
733.3543102741241,0.10589,0.015703
733.4013814926147,0.10757,0.015583
733.455502986908,0.11013,0.015625
733.5039808750153,0.11024,0.015389
733.5567164421082,0.11125,0.015565
733.6069498062134,0.11251,0.015428
733.658075094223,0.11387,0.015154
733.7089056968689,0.11515,0.015446
733.7557096481323,0.11627,0.015242
733.8077409267426,0.11744,0.015395
733.8597736358643,0.1188,0.015262
733.9073095321655,0.11995,0.015205
733.9586703777313,0.12139,0.015168
734.0124311447144,0.12248,0.015107
734.0620300769806,0.12363,0.015049
734.1089282035828,0.12472,0.014917
734.1620855331421,0.12579,0.015142
734.2136788368225,0.12712,0.01489
734.2694466114044,0.12832,0.015068
734.3178360462189,0.12955,0.015015
734.3683862686157,0.13072,0.015073
734.418491601944,0.13184,0.015083
734.4681951999664,0.13307,0.015067
734.521452665329,0.13309,0.01522
734.5681018829346,0.13421,0.015182
734.625449180603,0.13547,0.015114
734.671927690506,0.1376,0.015216
734.7264096736908,0.13888,0.015233
734.7756729125977,0.14005,0.015303
734.8228566646576,0.14107,0.015361
734.8757960796356,0.14211,0.015515
734.9300239086151,0.14347,0.015354
734.9780282974243,0.14453,0.015574
735.0262949466705,0.14563,0.015456
735.0827581882477,0.1468,0.015516
735.1312839984894,0.14773,0.015549
735.1826615333557,0.14896,0.015626
735.2328910827637,0.15016,0.015666
735.2864234447479,0.15141,0.015589
735.3366045951843,0.15245,0.015478
735.3859286308289,0.15352,0.015621
735.4375309944153,0.15451,0.015597
735.4847946166992,0.15584,0.015333
735.5361616611481,0.15683,0.015464
735.5897860527039,0.15765,0.015533
735.6435832977295,0.15896,0.015574
735.6891098022461,0.16024,0.015469
735.7411267757416,0.16131,0.015575
735.7948925495148,0.16229,0.015562
735.8424019813538,0.1636,0.015641
735.8918805122375,0.16448,0.015558
735.9439475536346,0.1656,0.015459
735.9927382469177,0.16565,0.015617
736.0460586547852,0.16787,0.015579
736.0974750518799,0.16869,0.015743
736.1472265720367,0.16987,0.015563
736.1957552433014,0.17088,0.015472
736.2454113960266,0.17203,0.015173
736.2962379455566,0.17219,0.015674
736.3488476276398,0.17325,0.015791
736.3974597454071,0.17397,0.015718
736.447919845581,0.17605,0.01575
736.4965512752533,0.17715,0.015619
736.5501053333282,0.17843,0.015651
736.5993161201477,0.17936,0.015727
736.6533999443054,0.18053,0.015581
736.7022824287415,0.18069,0.015647
736.754417181015,0.18149,0.015498
736.8035209178925,0.18363,0.015555
736.852055311203,0.18469,0.015451
736.9038662910461,0.1848,0.015402
736.9549300670624,0.18589,0.015333
737.0029189586639,0.18693,0.015368
737.0526964664459,0.18795,0.015289
737.1060037612915,0.18901,0.015208
737.1582381725311,0.19088,0.015283
737.206618309021,0.19192,0.015298
737.2573189735413,0.19291,0.015131
737.3072497844696,0.19293,0.015231
737.3536434173584,0.19419,0.015192
737.4092321395874,0.19507,0.015253
737.4558222293854,0.19619,0.015299
737.510543346405,0.19827,0.01518
737.5566077232361,0.19931,0.015159
737.6103374958038,0.19928,0.015316
737.6608364582062,0.20016,0.01539
737.7097699642181,0.2024,0.015342
737.7598822116852,0.20216,0.015533
737.8120760917664,0.20347,0.015519
737.8610892295837,0.20421,0.015608
737.9116911888123,0.20541,0.01556
737.9604499340057,0.2064,0.015694
738.0119459629059,0.20736,0.015469
738.0622911453247,0.2084,0.015546
738.117068529129,0.21024,0.015547
738.1651103496552,0.21019,0.015491
738.218358039856,0.21155,0.015509
738.2644081115723,0.21248,0.015572
738.3186666965485,0.21243,0.015468
738.3671231269836,0.21432,0.015541
738.418710231781,0.21536,0.015466
738.466224193573,0.21632,0.015604
738.5177392959595,0.21744,0.01554
738.573489189148,0.2184,0.015562
738.6213595867157,0.21947,0.015577
738.671763420105,0.22053,0.01553
738.7205619812012,0.22139,0.015588
738.7740314006805,0.22237,0.015579
738.8229851722717,0.22341,0.015598
738.8751919269562,0.22445,0.015628
738.9240188598633,0.2256,0.015606
738.9713819026947,0.22672,0.01573
739.0249290466309,0.22741,0.015556
739.0708973407745,0.22837,0.015729
739.1245086193085,0.22973,0.015789
739.1734673976898,0.23077,0.015742
739.2253973484039,0.23061,0.015724
739.2790849208832,0.23176,0.015735
739.3266212940216,0.23232,0.015749
739.3827035427094,0.23453,0.015643
739.4328236579895,0.23523,0.01583
739.4795019626617,0.23677,0.015903
739.5323419570923,0.23733,0.01586
739.5841789245605,0.23859,0.016191
739.632702589035,0.23947,0.016154
739.6828203201294,0.2396,0.016191
739.7334351539612,0.24029,0.0159
739.7878148555756,0.24221,0.016353
739.8341181278229,0.24325,0.016118
739.8870131969452,0.24432,0.015761
739.9369704723358,0.24427,0.015631
739.9907495975494,0.24541,0.015549
740.0376107692719,0.24643,0.015502
740.0881013870239,0.24728,0.015483
740.1398985385895,0.24941,0.015487
740.1890707015991,0.2504,0.015513
740.2397298812866,0.25136,0.015485
740.2888789176941,0.25224,0.015361
740.3397316932678,0.25315,0.015466
740.3939528465271,0.25328,0.015226
740.4418678283691,0.25411,0.015292
740.4912109375,0.25536,0.015273
740.545437335968,0.25624,0.015485
740.5937316417694,0.25821,0.015311
740.6442034244537,0.25912,0.015412
740.6955320835114,0.26003,0.015431
740.7455453872681,0.26013,0.015515
740.7935118675232,0.26104,0.015576
740.8458640575409,0.26227,0.01546
740.8980395793915,0.26315,0.015418
740.9464180469513,0.26504,0.015381
740.9993939399719,0.26523,0.015526
741.0481450557709,0.26603,0.015535
741.0992896556854,0.26709,0.015851
741.1471509933472,0.26781,0.015542
741.2024853229523,0.26899,0.015473
741.2518899440765,0.26995,0.015494
741.3007116317749,0.27099,0.015499
741.350959777832,0.27288,0.015501
741.4035942554474,0.27304,0.015415
741.4529857635498,0.27397,0.015464
741.5005843639374,0.27509,0.015644
741.5533316135406,0.27584,0.015432
741.6059374809265,0.27595,0.015505
741.6519029140472,0.27771,0.015624
741.7114775180817,0.27869,0.01549
741.7577269077301,0.27968,0.015559
741.8193390369415,0.28067,0.015545
741.8691215515137,0.28163,0.015521
741.9201340675354,0.28275,0.015751
741.9713835716248,0.28357,0.015639
742.0186150074005,0.28488,0.015795
742.0746779441833,0.28576,0.015726
742.1228001117706,0.28664,0.015747
742.1714866161346,0.28853,0.016263
742.2214241027832,0.28859,0.016226
742.2767131328583,0.2896,0.016192
742.3297142982483,0.29045,0.016689
742.3747696876526,0.29157,0.016787
742.4269578456879,0.29261,0.017657
742.4791367053986,0.29349,0.017236
742.5319445133209,0.29456,0.016955
742.5781803131104,0.29656,0.01754
742.6306073665619,0.29648,0.017938
742.6827960014343,0.29749,0.017462
742.7304158210754,0.29848,0.016597
742.7849085330963,0.29947,0.016569
742.833411693573,0.30035,0.015695
742.883987903595,0.30155,0.015321
742.931423664093,0.30229,0.015012
742.9874081611633,0.30336,0.015111
743.0337567329407,0.30443,0.014993
743.0851676464081,0.30515,0.015604
743.1365275382996,0.30619,0.015414
743.1872887611389,0.30731,0.015743
743.2338364124298,0.30829,0.015641
743.2883193492889,0.30933,0.015615
743.3402893543243,0.31019,0.015561
743.3894557952881,0.31109,0.015502
743.4417967796326,0.31232,0.015579
743.49001288414,0.3132,0.015706
743.542867898941,0.31411,0.015686
743.5932796001434,0.31504,0.015583
743.6414616107941,0.018373,0.015612
743.6889860630035,0.019573,0.015517
743.7457382678986,0.019067,0.015682
743.7934336662292,0.021627,0.015567
743.8451457023621,0.027307,0.015562
743.8941314220428,0.030427,0.015538
743.9480946063995,0.03352,0.015494
743.9979474544525,0.03664,0.015566
744.0466206073761,0.0396,0.015627
744.09601521492,0.039813,0.015568
744.1477599143982,0.04552,0.015619
744.197478055954,0.045333,0.01565
744.2523031234741,0.051333,0.015671
744.3002579212189,0.054267,0.01567
744.3491017818451,0.056907,0.015651
744.4016268253326,0.05984,0.015585
744.4528615474701,0.06248,0.015594
744.5085880756378,0.065227,0.015625
744.5536143779755,0.068133,0.015595
744.6063206195831,0.070827,0.015635
744.6591107845306,0.073733,0.015609
744.7098178863525,0.076427,0.015573
744.7645268440247,0.0764,0.015658
744.8118059635162,0.08168,0.015666
744.8631026744843,0.08184,0.015693
744.9092779159546,0.084667,0.015731
744.9648325443268,0.087333,0.015594
745.0118069648743,0.092587,0.015983
745.0621047019958,0.095147,0.015497
745.1218519210815,0.095173,0.015662
745.1695973873138,0.10045,0.015766
745.2226972579956,0.10309,0.015638
745.2757012844086,0.1056,0.015622
745.3226277828217,0.10589,0.015547
745.3737640380859,0.10765,0.015605
745.4247713088989,0.10877,0.015484
745.4768583774567,0.10997,0.015497
745.5280632972717,0.11131,0.015385
745.5760705471039,0.11253,0.015543
745.6255555152893,0.11488,0.015487
745.6782546043396,0.11611,0.015341
745.7301304340363,0.11752,0.01515
745.7794494628906,0.11747,0.015231
745.8334505558014,0.11883,0.015217
745.8860657215118,0.11987,0.015215
745.9361295700073,0.12091,0.015256
745.9839625358582,0.12232,0.01529
746.0343923568726,0.12491,0.015349
746.0890135765076,0.12579,0.014942
746.1380865573883,0.12587,0.015114
746.1877145767212,0.12715,0.015144
746.2387251853943,0.12848,0.015081
746.2899498939514,0.12947,0.01513
746.3387281894684,0.13064,0.014971
746.3925523757935,0.13168,0.015078
746.4405465126038,0.13397,0.015195
746.4928011894226,0.13523,0.01525
746.5438303947449,0.13544,0.015332
746.5918054580688,0.13645,0.015311
746.6460540294647,0.13757,0.015375
746.6950008869171,0.13861,0.015465
746.7456727027893,0.14101,0.015486
746.7982022762299,0.14197,0.015501
746.8470566272736,0.14339,0.015369
746.9079895019531,0.14453,0.015408
746.9566717147827,0.1444,0.015591
747.006117105484,0.14565,0.015644
747.0587582588196,0.14661,0.01558
747.1072871685028,0.14685,0.015584
747.1606409549713,0.14997,0.015632
747.2138168811798,0.15115,0.015546
747.262090921402,0.15229,0.015623
747.3141677379608,0.15344,0.015554
747.3612947463989,0.15456,0.015561
747.4149844646454,0.1544,0.015625
747.4638812541962,0.15576,0.015553
747.5132839679718,0.15789,0.015609
747.5650446414948,0.15765,0.015481
747.6179876327515,0.15885,0.015572
747.6645171642303,0.15989,0.01584
747.7123219966888,0.16112,0.015562
747.7663824558258,0.16224,0.015462
747.8200843334198,0.16331,0.015101
747.8659031391144,0.16448,0.01555
747.9194116592407,0.16541,0.015651
747.9734499454498,0.1664,0.015567
748.0219779014587,0.16765,0.015675
748.0742375850677,0.16832,0.015693
748.1264443397522,0.16949,0.015704
748.1746544837952,0.17173,0.015664
748.2218539714813,0.17299,0.015701
748.2775688171387,0.17269,0.015809
748.3290383815765,0.17389,0.015669
748.3748600482941,0.1752,0.015748
748.4305665493011,0.176,0.015746
748.4852042198181,0.17816,0.015637
748.5335154533386,0.17917,0.015585
748.5890562534332,0.17923,0.015547
748.6397652626038,0.18051,0.015346
748.6905925273895,0.18133,0.015338
748.7389430999756,0.18243,0.015466
748.7890894412994,0.18325,0.015435
748.8382985591888,0.18432,0.01528
748.888002872467,0.18563,0.01527
748.940102815628,0.18675,0.015307
748.991295337677,0.18864,0.01515
749.0405418872833,0.18893,0.015188
749.0966708660126,0.18987,0.01515
749.146623134613,0.19179,0.015184
749.1958394050598,0.19285,0.015243
749.2452676296234,0.19272,0.015223
749.2976932525635,0.19381,0.015124
749.3466303348541,0.1948,0.015193
749.3934931755066,0.19587,0.015307
749.4459419250488,0.19704,0.015291
749.4966802597046,0.19787,0.015399
749.5484232902527,0.19899,0.015362
749.5989418029785,0.19995,0.015532
749.6448435783386,0.20109,0.015462
749.6972119808197,0.20205,0.015502
749.7551741600037,0.20195,0.015747
749.8043768405914,0.20309,0.01559
749.8548266887665,0.20509,0.015602
749.9075071811676,0.20621,0.015577
749.9537885189056,0.20717,0.015658
750.0065279006958,0.20813,0.015659
750.0545134544373,0.20893,0.01562
750.1041090488434,0.21024,0.015593
750.1564610004425,0.21099,0.015535
750.2041940689087,0.21117,0.015581
750.2601161003113,0.21315,0.015561
750.3097004890442,0.21419,0.015618
750.3607985973358,0.21496,0.015462
750.4097797870636,0.21608,0.015466
750.4617071151733,0.21704,0.015469
750.5111961364746,0.21728,0.015541
750.5611734390259,0.21819,0.015487
750.6115882396698,0.22027,0.015583
750.6599731445312,0.22125,0.015411
750.7149224281311,0.22224,0.015512
750.7672123908997,0.22333,0.015508
750.8147554397583,0.22437,0.015541
750.8660023212433,0.22443,0.015541
750.915117263794,0.22528,0.015571
750.9687488079071,0.22728,0.015588
751.0166602134705,0.22832,0.015605
751.0671308040619,0.22933,0.015557
751.1180007457733,0.23035,0.015638
751.1688096523285,0.23117,0.015584
751.2214286327362,0.23235,0.015677
751.2723286151886,0.23325,0.015611
751.3211278915405,0.23429,0.015602
751.3749859333038,0.23464,0.015564
751.4242446422577,0.23531,0.01538
751.4747369289398,0.23648,0.015391
751.5248365402222,0.23813,0.015643
751.5736963748932,0.23925,0.015471
751.6220369338989,0.24021,0.015422
751.6821572780609,0.24109,0.015535
751.7312920093536,0.24221,0.015535
751.779018163681,0.24213,0.015422
751.839109659195,0.24328,0.015327
751.8909800052643,0.24419,0.015189
751.940425157547,0.24624,0.015288
751.9891705513,0.24715,0.015139
752.0388700962067,0.24819,0.015179
752.0940017700195,0.24933,0.015245
752.1437249183655,0.24925,0.015438
752.193541765213,0.25107,0.015303
752.246593952179,0.25208,0.015202
752.2960293292999,0.25315,0.015187
752.3469972610474,0.25405,0.015221
752.3950479030609,0.25421,0.015423
752.4512178897858,0.25509,0.015363
752.4997773170471,0.25597,0.015385
752.5562365055084,0.25808,0.015583
752.6039805412292,0.25917,0.015482
752.6568636894226,0.26011,0.015395
752.7047603130341,0.26099,0.015397
752.7568678855896,0.26099,0.015336
752.8079845905304,0.26181,0.015334
752.8548839092255,0.26288,0.015512
752.9058978557587,0.26387,0.015523
752.956161737442,0.26616,0.015143
753.0108354091644,0.2668,0.01544
753.0582053661346,0.26797,0.015546
753.114305973053,0.268,0.015416
753.161612033844,0.26891,0.015486
753.2128698825836,0.26973,0.015457
753.267080783844,0.27176,0.015592
753.3140201568604,0.27277,0.015422
753.3690347671509,0.27373,0.01555
753.4183106422424,0.27467,0.015509
753.4696462154388,0.27552,0.015565
753.5194911956787,0.27557,0.015546
753.5685060024261,0.27675,0.015475
753.6196119785309,0.27771,0.015614
753.6684777736664,0.27848,0.01555
753.719357252121,0.28085,0.015624
753.76811003685,0.28149,0.015756
753.8222377300262,0.28165,0.015603
753.868497133255,0.28341,0.015701
753.9189031124115,0.28368,0.015641
753.9700899124146,0.28445,0.015486
754.0224108695984,0.28549,0.015622
754.0701112747192,0.28659,0.015706
754.1224539279938,0.28755,0.015677
754.1729807853699,0.2884,0.015522
754.223913192749,0.29045,0.015516
754.2719624042511,0.29155,0.015552
754.3230686187744,0.29136,0.015899
754.3727803230286,0.29243,0.015561
754.42484998703,0.29341,0.015905
754.4733588695526,0.29435,0.016102
754.5266242027283,0.29536,0.015697
754.5756981372833,0.29632,0.015419
754.6264736652374,0.29829,0.015814
754.6794717311859,0.29821,0.015645
754.7291469573975,0.2992,0.015345
754.7749488353729,0.30035,0.015181
754.8278291225433,0.30139,0.015232
754.8786542415619,0.30256,0.015287
754.9310784339905,0.30216,0.015321
754.9788892269135,0.30427,0.015368
755.0303893089294,0.30541,0.015444
755.082245349884,0.30629,0.015485
755.1295502185822,0.30736,0.015621
755.1797125339508,0.30824,0.015368
755.2325387001038,0.30907,0.015523
755.2848234176636,0.31019,0.015538
755.3330373764038,0.31115,0.015515
755.38560795784,0.31219,0.015536
755.4329671859741,0.31325,0.015652
755.4823091030121,0.31421,0.015483
755.5359923839569,0.31509,0.015614
755.5894782543182,0.31541,0.015343
755.6383213996887,0.01696,0.015665
755.6881818771362,0.018773,0.01553
755.7393589019775,0.02456,0.015607
755.7887217998505,0.0276,0.015751
755.8398351669312,0.030347,0.015632
755.8892450332642,0.033627,0.015575
755.9409503936768,0.0336,0.01561
755.9931123256683,0.036427,0.01559
756.0449266433716,0.03928,0.015524
756.0927848815918,0.042347,0.01549
756.1417043209076,0.048,0.015573
756.2012331485748,0.051093,0.015637
756.2540876865387,0.054,0.015593
756.302627325058,0.056853,0.015673
756.3549692630768,0.059813,0.015696
756.4040877819061,0.062667,0.015596
756.4551086425781,0.06528,0.015533
756.507848739624,0.068213,0.015636
756.5556890964508,0.07088,0.015538
756.6055271625519,0.07352,0.015637
756.6550934314728,0.07376,0.015658
756.7079169750214,0.07632,0.015668
756.7597572803497,0.081707,0.015559
756.8057923316956,0.08448,0.015639
756.855183839798,0.084613,0.015536
756.9097316265106,0.08696,0.015538
756.9574317932129,0.089707,0.015653
757.0117542743683,0.092267,0.015769
757.0600874423981,0.09752,0.015675
757.1086192131042,0.10032,0.015702
757.1591718196869,0.10296,0.015716
757.2070870399475,0.10296,0.015613
757.2622518539429,0.10555,0.015631
757.3114769458771,0.10728,0.015604
757.3635168075562,0.11005,0.01556
757.4108736515045,0.1112,0.015731
757.4696497917175,0.11112,0.015593
757.5182075500488,0.1124,0.01553
757.5708181858063,0.11357,0.015404
757.6201131343842,0.11483,0.015398
757.6724147796631,0.11709,0.015456
757.7195448875427,0.11843,0.015258
757.7748837471008,0.11968,0.015389
757.8244035243988,0.11995,0.01529
757.8701748847961,0.12088,0.015446
757.9273166656494,0.12216,0.015218
757.9780495166779,0.12336,0.015357
758.027916431427,0.12445,0.015285
758.079873085022,0.12709,0.015317
758.1287357807159,0.12816,0.015157
758.1789810657501,0.12808,0.015226
758.2297830581665,0.12933,0.015328
758.2794580459595,0.13032,0.015346
758.3317103385925,0.13168,0.01536
758.382399559021,0.1328,0.015414
758.4332702159882,0.13525,0.01529
758.4836728572845,0.13531,0.015458
758.53151512146,0.13648,0.015337
758.5817589759827,0.13765,0.015417
758.6324369907379,0.13861,0.015512
758.6870763301849,0.13976,0.015515
758.7346811294556,0.13976,0.015385
758.7852516174316,0.14195,0.015468
758.8412742614746,0.14328,0.015679
758.8896985054016,0.14432,0.015456
758.9381821155548,0.14571,0.015355
758.9908640384674,0.14669,0.015558
759.0410854816437,0.14896,0.015548
759.089339017868,0.14893,0.015603
759.1458728313446,0.15003,0.015597
759.193516254425,0.15101,0.015521
759.2460074424744,0.15221,0.015639
759.294762134552,0.15336,0.015585
759.344450712204,0.15437,0.015546
759.401864528656,0.15555,0.015531
759.4486057758331,0.15659,0.01555
759.5019679069519,0.15763,0.015405
759.5517885684967,0.15867,0.015585
759.6009283065796,0.15997,0.015532
759.649970293045,0.16077,0.01549
759.7044954299927,0.16195,0.01549
759.7543823719025,0.1632,0.015462
759.8034775257111,0.16424,0.015568
759.8506519794464,0.16541,0.015463
759.9012954235077,0.16627,0.0155
759.9529130458832,0.16741,0.015673
760.0050163269043,0.16851,0.015616
760.0540618896484,0.16981,0.015567
760.1053607463837,0.17083,0.015595
760.1590580940247,0.17176,0.015695
760.2073767185211,0.17272,0.015563
760.2568211555481,0.17384,0.015564
760.3049387931824,0.17496,0.015582
760.3588171005249,0.17491,0.015628
760.4093489646912,0.176,0.015577
760.4594745635986,0.17712,0.015547
760.5100219249725,0.17915,0.015443
760.5587882995605,0.18008,0.015507
760.610636472702,0.18123,0.015456
760.6543500423431,0.18224,0.015547
760.7109031677246,0.18229,0.015336
760.7622654438019,0.18325,0.015296
760.8111019134521,0.18432,0.015339
760.8596935272217,0.18547,0.015411
760.9095730781555,0.18747,0.01515
760.9649896621704,0.18848,0.01528
761.0126266479492,0.18981,0.015309
761.0656569004059,0.19072,0.015215
761.1137084960938,0.19157,0.015261
761.1644561290741,0.19179,0.015276
761.2138209342957,0.19261,0.015326
761.2685272693634,0.19371,0.015392
761.3175864219666,0.1948,0.015231
761.3661432266235,0.19683,0.015401
761.4227175712585,0.19787,0.015398
761.4740099906921,0.19899,0.015415
761.5234177112579,0.19885,0.015342
761.5756978988647,0.19992,0.015402
761.6227355003357,0.20107,0.015527
761.6760339736938,0.20197,0.015548
761.7248294353485,0.20301,0.015554
761.775984287262,0.2052,0.015483
761.8270165920258,0.20579,0.015345
761.8770551681519,0.20704,0.015575
761.9261589050293,0.20792,0.015575
761.9768269062042,0.20893,0.015555
762.0262887477875,0.20909,0.015509
762.0772004127502,0.21021,0.01543
762.1306488513947,0.21112,0.015503
762.1797275543213,0.21211,0.015503
762.2307634353638,0.21309,0.015512
762.2799565792084,0.21419,0.015447
762.3302998542786,0.21624,0.015584
762.3828480243683,0.21616,0.01544
762.4341478347778,0.21712,0.015507
762.4828712940216,0.21795,0.015561
762.5332937240601,0.21947,0.015502
762.5836617946625,0.22016,0.015461
762.6336531639099,0.22109,0.015583
762.6839933395386,0.22213,0.015393
762.7358527183533,0.22315,0.015576
762.7847521305084,0.22435,0.015487
762.8353068828583,0.22525,0.015546
762.8900442123413,0.22621,0.015518
762.9437792301178,0.22712,0.015515
762.9950454235077,0.22821,0.015561
763.0458931922913,0.22933,0.015547
763.0937175750732,0.2312,0.015521
763.141711473465,0.23123,0.01552
763.2007448673248,0.23224,0.015531
763.2518861293793,0.23317,0.015477
763.3038921356201,0.23413,0.015562
763.3583543300629,0.2352,0.015465
763.4062404632568,0.23624,0.015421
763.4550828933716,0.23811,0.015516
763.5126619338989,0.23811,0.015358
763.5604512691498,0.23912,0.015303
763.6112539768219,0.23984,0.015215
763.6584792137146,0.24091,0.015248
763.7142322063446,0.24205,0.015235
763.7670073509216,0.24304,0.015232
763.8138873577118,0.24403,0.01517
763.8647089004517,0.24507,0.015261
763.9133508205414,0.24595,0.01523
763.9661695957184,0.24787,0.01526
764.015079498291,0.24771,0.015121
764.0632615089417,0.24877,0.015206
764.1186234951019,0.25005,0.015249
764.1687531471252,0.25099,0.015242
764.2190284729004,0.25219,0.015313
764.269499540329,0.25389,0.015254
764.3202979564667,0.25395,0.015439
764.3689639568329,0.25485,0.015426
764.4194574356079,0.25584,0.015434
764.4710342884064,0.25685,0.015531
764.521258354187,0.25765,0.015483
764.5714600086212,0.25867,0.015518
764.6187977790833,0.25979,0.015529
764.675214767456,0.25984,0.015541
764.7233028411865,0.26173,0.015528
764.7746169567108,0.26283,0.015516
764.8266201019287,0.26371,0.015612
764.8741383552551,0.2648,0.015537
764.9291570186615,0.26592,0.01557
764.9811592102051,0.26675,0.015434
765.0299282073975,0.2676,0.015518
765.080178976059,0.26867,0.015445
765.1314597129822,0.26936,0.015533
765.1837382316589,0.27061,0.015518
765.2342252731323,0.27147,0.015475
765.2848560810089,0.27224,0.015474
765.3328557014465,0.27357,0.015491
765.3827879428864,0.2744,0.015554
765.4344837665558,0.27429,0.015444
765.4845736026764,0.27547,0.015513
765.5345013141632,0.27736,0.015585
765.5835309028625,0.2784,0.015578
765.6367869377136,0.2792,0.015589
765.6862597465515,0.28035,0.015529
765.7359294891357,0.28128,0.015532
765.7894537448883,0.28229,0.01562
765.8408122062683,0.28325,0.015554
765.8887624740601,0.28344,0.015547
765.939376115799,0.28528,0.015464
765.9893591403961,0.28624,0.015586
766.0387809276581,0.28725,0.015691
766.0935990810394,0.28757,0.015329
766.1422176361084,0.28939,0.015515
766.1960883140564,0.28939,0.015428
766.2426216602325,0.29024,0.015426
766.29456615448,0.29213,0.015401
766.3438391685486,0.29309,0.015443
766.3953938484192,0.29317,0.015361
766.445068359375,0.29517,0.015265
766.4913921356201,0.29627,0.015316
766.5470292568207,0.29608,0.015253
766.6004371643066,0.29701,0.015216
766.6508405208588,0.298,0.015188
766.6987183094025,0.3,0.01528
766.7482035160065,0.30104,0.015271
766.7996871471405,0.30112,0.015403
766.850124835968,0.30309,0.015372
766.9001383781433,0.30275,0.015344
766.949499130249,0.30411,0.015364
767.0010588169098,0.30493,0.015362
767.0506126880646,0.30576,0.015541
767.1020400524139,0.3068,0.0154
767.1515707969666,0.30795,0.015415
767.2023310661316,0.3088,0.015562
767.2557482719421,0.31109,0.01552
767.3055906295776,0.31085,0.015505
767.3546252250671,0.31176,0.015495
767.404589176178,0.31277,0.015571
767.4559617042542,0.31387,0.01554
767.5036425590515,0.3148,0.015295
767.5566012859344,0.017493,0.015541
767.6061010360718,0.01872,0.015586
767.6565012931824,0.0212,0.015514
767.7085678577423,0.026933,0.015576
767.7557952404022,0.030053,0.015594
767.8097856044769,0.029947,0.015492
767.8583154678345,0.033227,0.015709
767.9116051197052,0.03624,0.015753
767.9570660591125,0.038907,0.015607
768.0154302120209,0.042,0.015709
768.0629422664642,0.044853,0.015666
768.1126012802124,0.047893,0.015535
768.1668231487274,0.050933,0.015554
768.2135393619537,0.05352,0.015613
768.2680079936981,0.05656,0.015634
768.3172335624695,0.059333,0.015674
768.3661630153656,0.061973,0.015705
768.4179179668427,0.064907,0.015571
768.4685235023499,0.067787,0.01554
768.5180706977844,0.0704,0.01552
768.5758938789368,0.073147,0.015559
768.6261322498322,0.07576,0.015628
768.6726219654083,0.078693,0.015543
768.7237591743469,0.081573,0.01553
768.7813186645508,0.081467,0.015558
768.8301846981049,0.08936,0.015506
768.8809566497803,0.089333,0.015568
768.9315559864044,0.09192,0.015689
768.9819240570068,0.094587,0.01556
769.0307440757751,0.097307,0.015663
769.0810906887054,0.099893,0.015555
769.1342136859894,0.10256,0.015562
769.18474817276,0.10507,0.015612
769.2355058193207,0.10712,0.015516
769.2832760810852,0.10827,0.015615
769.3336732387543,0.10957,0.01561
769.3874177932739,0.1108,0.015567
769.4368705749512,0.11099,0.015585
769.4868743419647,0.11331,0.015632
769.5372567176819,0.11459,0.015623
769.5875082015991,0.11595,0.015553
769.6355135440826,0.11701,0.015427
769.6891357898712,0.11835,0.015585
769.7361979484558,0.11957,0.015421
769.7881171703339,0.11963,0.015417
769.8391447067261,0.12099,0.015402
769.8877425193787,0.12323,0.015555
769.9415647983551,0.1244,0.015488
769.9937031269073,0.12579,0.015443
770.0457837581635,0.1268,0.015415
770.0972023010254,0.12787,0.015474
770.148738861084,0.12923,0.015391
770.2010486125946,0.13029,0.015503
770.2502567768097,0.13136,0.015378
770.3021454811096,0.13277,0.015199
770.3488233089447,0.13365,0.015511
770.4008684158325,0.13379,0.015401
770.4498364925385,0.13621,0.01554
770.5018284320831,0.13736,0.015519
770.5513927936554,0.13869,0.015614
770.6043288707733,0.13963,0.015576
770.6535422801971,0.13984,0.015593
770.7028903961182,0.142,0.015471
770.7550249099731,0.14293,0.015505
770.805989742279,0.14405,0.015609
770.8607048988342,0.14523,0.015609
770.9095652103424,0.14635,0.0156
770.9585814476013,0.14747,0.015489
771.0095748901367,0.1476,0.015548
771.0586354732513,0.14867,0.015583
771.1123003959656,0.14984,0.015648
771.1601767539978,0.15093,0.015627
771.2171633243561,0.15315,0.015446
771.2650375366211,0.15437,0.015575
771.315527677536,0.15549,0.015452
771.3668310642242,0.15651,0.015602
771.4177215099335,0.15659,0.015551
771.4656829833984,0.15771,0.015541
771.5235798358917,0.15891,0.015559
771.575722694397,0.16099,0.015699
771.6271252632141,0.16195,0.015611
771.6762433052063,0.16323,0.015564
771.7266366481781,0.16421,0.015524
771.7777709960938,0.16432,0.015638
771.8261437416077,0.16515,0.015569
771.8786799907684,0.16629,0.015519
771.9255537986755,0.16733,0.015518
771.9766480922699,0.16843,0.015698
772.027163028717,0.17061,0.015589
772.0785312652588,0.17155,0.015655
772.129804611206,0.17253,0.01559
772.1783039569855,0.17376,0.015738
772.2294046878815,0.17392,0.015488
772.2868223190308,0.17501,0.015619
772.3366494178772,0.17589,0.015621
772.3846092224121,0.17811,0.01568
772.436606168747,0.17893,0.015636
772.4834015369415,0.17917,0.015518
772.5383276939392,0.18019,0.015604
772.5886678695679,0.18091,0.015554
772.6391763687134,0.18219,0.015422
772.6899559497833,0.18312,0.015513
772.741890668869,0.18419,0.01552
772.7913653850555,0.18523,0.015355
772.8423938751221,0.18744,0.015401
772.894543170929,0.1884,0.015296
772.94304728508,0.18859,0.015435
772.9944021701813,0.18944,0.015364
773.0506258010864,0.1904,0.0153
773.0992829799652,0.19152,0.01542
773.1500232219696,0.19341,0.015442
773.1992166042328,0.19376,0.015427
773.2520971298218,0.19549,0.01539
773.3084115982056,0.19563,0.015605
773.3558583259583,0.19672,0.015461
773.4081511497498,0.19757,0.015521
773.4565629959106,0.19864,0.015538
773.5075273513794,0.19971,0.015561
773.5586144924164,0.19979,0.015656
773.6062421798706,0.20259,0.015602
773.6643815040588,0.20275,0.015564
773.715749502182,0.20389,0.015589
773.7671573162079,0.20483,0.015579
773.8161308765411,0.2056,0.015532
773.8686401844025,0.20773,0.015599
773.9138453006744,0.20765,0.015464
773.9706919193268,0.20893,0.01538
774.0177373886108,0.20971,0.015555
774.0686228275299,0.21091,0.015433
774.118504524231,0.21184,0.015546
774.1712925434113,0.2128,0.015346
774.2187190055847,0.21379,0.015463
774.2734785079956,0.21507,0.015594
774.3214740753174,0.21589,0.015625
774.3723740577698,0.21685,0.015498
774.4233667850494,0.21797,0.015515
774.4733889102936,0.21885,0.015521
774.5258820056915,0.22005,0.015456
774.573652267456,0.22093,0.015479
774.6248137950897,0.22192,0.015515
774.6727621555328,0.22299,0.015366
774.726179599762,0.22397,0.015621
774.7753884792328,0.22509,0.015653
774.8286414146423,0.22592,0.015706
774.88263630867,0.22693,0.015379
774.9327392578125,0.22787,0.015572
774.9811699390411,0.22891,0.015534
775.0298948287964,0.22992,0.015586
775.0858104228973,0.23005,0.015497
775.133394241333,0.23192,0.015529
775.1841988563538,0.23288,0.015453
775.2351269721985,0.23397,0.015569
775.2856523990631,0.23493,0.015589
775.3369410037994,0.23592,0.015547
775.3868460655212,0.23693,0.015551
775.4352352619171,0.23792,0.015435
775.486967086792,0.23885,0.015485
775.5358066558838,0.23989,0.015446
775.5910959243774,0.24101,0.015432
775.6408927440643,0.24181,0.01525
775.6911385059357,0.242,0.015299
775.7402222156525,0.24312,0.015392
775.7908792495728,0.244,0.015311
775.8412911891937,0.24589,0.015247
775.8929708003998,0.24677,0.015345
775.9452157020569,0.24768,0.015402
775.9967231750488,0.24885,0.015373
776.0454986095428,0.24968,0.015328
776.099526643753,0.25077,0.015364
776.1473648548126,0.25173,0.015483
776.1995306015015,0.25195,0.015399
776.2506022453308,0.25291,0.015587
776.3008563518524,0.25477,0.015403
776.3520078659058,0.25565,0.015493
776.4001145362854,0.25677,0.015604
776.4527096748352,0.25667,0.015482
776.5024652481079,0.25869,0.015538
776.5512542724609,0.25885,0.015433
776.6007208824158,0.25984,0.015602
776.6534035205841,0.26085,0.015399
776.7028012275696,0.26152,0.015483
776.7526257038116,0.26371,0.015588
776.8018043041229,0.26459,0.015493
776.8570694923401,0.26557,0.015443
776.907185792923,0.26645,0.015304
776.9539897441864,0.26744,0.015346
777.006186246872,0.26736,0.015537
777.0579500198364,0.26864,0.015429
777.1040849685669,0.27032,0.015531
777.1574487686157,0.27141,0.015529
777.2118699550629,0.27232,0.015454
777.2585051059723,0.27245,0.01538
777.3073835372925,0.2736,0.0154
777.3637146949768,0.27437,0.015403
777.4134857654572,0.27536,0.015427
777.4606771469116,0.27725,0.015454
777.5202076435089,0.27832,0.015466
777.5688529014587,0.27928,0.015434
777.618230342865,0.27931,0.015418
777.6673102378845,0.28037,0.015493
777.7225329875946,0.2812,0.015551
777.7713057994843,0.28224,0.015614
777.8207583427429,0.28333,0.015471
777.8699193000793,0.28421,0.015418
777.9238662719727,0.28605,0.01549
777.9707791805267,0.28621,0.015553
778.0220763683319,0.28739,0.015576
778.0728695392609,0.28827,0.015431
778.1237919330597,0.28915,0.015468
778.1731958389282,0.29008,0.015503
778.2259931564331,0.29208,0.015406
778.2721741199493,0.29317,0.01549
778.3266434669495,0.29312,0.015297
778.3724157810211,0.29429,0.015367
778.4249687194824,0.29488,0.015243
778.4759531021118,0.29605,0.015259
778.5293548107147,0.29709,0.015315
778.5826289653778,0.29829,0.015415
778.6313407421112,0.29992,0.015148
778.682480096817,0.3,0.015315
778.7352237701416,0.30096,0.015361
778.7845220565796,0.302,0.015571
778.8332793712616,0.30328,0.015625
778.8830764293671,0.30408,0.015309
778.9376246929169,0.3052,0.015362
778.988039970398,0.30616,0.015561
779.0366899967194,0.30699,0.015448
779.0866503715515,0.30811,0.01559
779.1370961666107,0.30883,0.015555
779.1848363876343,0.31003,0.015723
779.2382464408875,0.31091,0.015586
779.2869930267334,0.31189,0.01554
779.341498374939,0.31293,0.015356
779.3872146606445,0.31371,0.015515
779.4408929347992,0.31475,0.01555
779.4920721054077,0.020053,0.015507
779.5414917469025,0.01696,0.015466
779.5947647094727,0.02096,0.015536
779.6423809528351,0.024027,0.015483
779.69331407547,0.026853,0.015548
779.7436125278473,0.029947,0.015587
779.7971730232239,0.030133,0.015651
779.8436131477356,0.035947,0.015699
779.8954138755798,0.039013,0.015578
779.9480543136597,0.041733,0.015413
780.0002331733704,0.04488,0.015577
780.0468122959137,0.047733,0.015584
780.0978894233704,0.05056,0.015662
780.1533524990082,0.053333,0.015597
780.1991159915924,0.05632,0.015633
780.2531158924103,0.059067,0.0156
780.3017475605011,0.061973,0.015729
780.3532295227051,0.06496,0.015495
780.4065008163452,0.067707,0.015533
780.4576632976532,0.07016,0.015519
780.507593870163,0.07192,0.01565
780.5575461387634,0.072853,0.015501
780.6084589958191,0.075893,0.015537
780.6561751365662,0.081227,0.015548
780.7069227695465,0.083973,0.015699
780.7566876411438,0.08656,0.015534
780.8093440532684,0.086747,0.015609
780.857880115509,0.0892,0.015528
780.9139060974121,0.092107,0.015638
780.9667971134186,0.094613,0.015389
781.0191333293915,0.09992,0.015607
781.0720648765564,0.10232,0.015642
781.1250607967377,0.10496,0.015667
781.1759972572327,0.10688,0.015644
781.2254259586334,0.1084,0.015697
781.2753546237946,0.10944,0.015529
781.3253021240234,0.11083,0.015561
781.3771789073944,0.1108,0.015613
781.431437253952,0.11197,0.015706
781.4779529571533,0.11344,0.015537
781.5301780700684,0.11573,0.015597
781.5850942134857,0.11683,0.015684
781.6326427459717,0.11819,0.015489
781.6858661174774,0.11933,0.015534
781.7325596809387,0.12072,0.01553
781.7852628231049,0.12211,0.015543
781.8385400772095,0.12301,0.015457
781.8886642456055,0.12429,0.015407
781.9364380836487,0.12557,0.015545
781.9876735210419,0.12672,0.015461
782.0378193855286,0.12667,0.015435
782.094899892807,0.12795,0.015503
782.1442387104034,0.12915,0.015456
782.1950798034668,0.13008,0.015446
782.2443833351135,0.13269,0.015577
782.2951452732086,0.13389,0.015592
782.3468999862671,0.13491,0.015477
782.3973801136017,0.13493,0.015496
782.4501628875732,0.13616,0.01561
782.4969909191132,0.13843,0.015604
782.5501084327698,0.13861,0.015509
782.6002149581909,0.14067,0.015505
782.6519305706024,0.14101,0.01549
782.7002217769623,0.14192,0.015514
782.7521238327026,0.14293,0.015534
782.8031141757965,0.14531,0.015589
782.8521473407745,0.14635,0.015623
782.907151222229,0.14661,0.015519
782.9567909240723,0.14752,0.015528
783.006010055542,0.14872,0.015606
783.055344581604,0.14968,0.01562
783.1083407402039,0.15096,0.015608
783.155921459198,0.15205,0.015544
783.2096893787384,0.15403,0.015478
783.2599468231201,0.15523,0.01568
783.3074078559875,0.15536,0.015665
783.3622343540192,0.15747,0.015617
783.4129400253296,0.15744,0.01551
783.457382440567,0.15861,0.015571
783.5139117240906,0.15957,0.015587
783.5636992454529,0.16181,0.01549
783.6186091899872,0.16293,0.015574
783.6680643558502,0.164,0.015555
783.7150011062622,0.16405,0.015502
783.7684445381165,0.1652,0.015475
783.8242430686951,0.16616,0.015475
783.8717951774597,0.16733,0.01559
783.9251816272736,0.16848,0.015623
783.9730114936829,0.17053,0.015396
784.0282874107361,0.17157,0.015407
784.0746171474457,0.17267,0.015541
784.126766204834,0.17299,0.015566
784.1769523620605,0.17397,0.015501
784.226146697998,0.17491,0.015544
784.2787325382233,0.17563,0.015646
784.3289570808411,0.17693,0.015593
784.3784332275391,0.17795,0.015466
784.4292502403259,0.17907,0.015426
784.4790196418762,0.18005,0.015522
784.5308027267456,0.18109,0.015488
784.5806374549866,0.18213,0.015482
784.6359534263611,0.18331,0.015491
784.688111782074,0.18408,0.015273
784.7355759143829,0.1864,0.015475
784.8015425205231,0.18635,0.015421
784.8486618995667,0.18853,0.015421
784.9007656574249,0.18853,0.01546
784.9515705108643,0.18957,0.015487
785.001068353653,0.19056,0.015481
785.0508470535278,0.19245,0.015525
785.1070742607117,0.1936,0.015488
785.1580924987793,0.19368,0.015479
785.2089102268219,0.19589,0.015534
785.2554006576538,0.19563,0.015447
785.3066439628601,0.19661,0.01552
785.3619875907898,0.19861,0.01555
785.4097948074341,0.19981,0.015604
785.4608154296875,0.19976,0.015388
785.5147066116333,0.2008,0.015583
785.5630400180817,0.20157,0.015455
785.6128036975861,0.20389,0.015526
785.6636772155762,0.20501,0.015451
785.7141005992889,0.20592,0.015497
785.7680747509003,0.20595,0.015423
785.8118939399719,0.20691,0.015462
785.869215965271,0.20803,0.015432
785.9233322143555,0.20912,0.015466
785.9719767570496,0.20979,0.015555
786.022439956665,0.21187,0.015506
786.0717258453369,0.21288,0.01554
786.124281167984,0.21387,0.015566
786.1756415367126,0.21389,0.015504
786.2238833904266,0.21488,0.015467
786.2754454612732,0.21595,0.015509
786.3234086036682,0.21704,0.015535
786.3817231655121,0.21893,0.015511
786.4270327091217,0.21885,0.015506
786.482659816742,0.21992,0.015435
786.5315456390381,0.22083,0.015323
786.5813572406769,0.22184,0.015514
786.6307692527771,0.22285,0.015512
786.6837110519409,0.22392,0.015577
786.7300214767456,0.22496,0.015534
786.7838306427002,0.226,0.015531
786.832691192627,0.22696,0.015523
786.8907544612885,0.22803,0.01543
786.9411761760712,0.22883,0.015529
786.989333152771,0.23019,0.01546
787.0401747226715,0.23099,0.01558
787.08913230896,0.23205,0.015544
787.1400859355927,0.23283,0.01555
787.1911218166351,0.23389,0.015563
787.2403116226196,0.23493,0.015491
787.292191028595,0.23616,0.015536
787.3456020355225,0.23704,0.015458
787.3939628601074,0.23803,0.015524
787.4445984363556,0.23904,0.015505
787.4926369190216,0.23992,0.015656
787.5444946289062,0.24085,0.015487
787.595242023468,0.24099,0.015491
787.6460959911346,0.24304,0.015487
787.6933345794678,0.24384,0.015445
787.745258808136,0.24496,0.015386
787.7993152141571,0.24568,0.015446
787.8492197990417,0.24675,0.015487
787.8983950614929,0.24763,0.015523
787.9476268291473,0.24875,0.015475
787.9985070228577,0.24973,0.015485
788.0499036312103,0.25088,0.015534
788.0993888378143,0.25176,0.015531
788.1507790088654,0.25269,0.015426
788.2011651992798,0.25296,0.015474
788.2529351711273,0.25483,0.015516
788.2998530864716,0.25472,0.015443
788.3517866134644,0.25653,0.015381
788.4001741409302,0.25653,0.015502
788.452089548111,0.25861,0.015543
788.5035157203674,0.25965,0.01549
788.5567598342896,0.26072,0.015491
788.6089327335358,0.26179,0.015432
788.6590387821198,0.26179,0.015413
788.7069499492645,0.26373,0.015452
788.7578530311584,0.26363,0.015501
788.8098120689392,0.26544,0.01555
788.859263420105,0.26648,0.015505
788.9099316596985,0.26757,0.015482
788.9627146720886,0.26856,0.015568
789.0120487213135,0.26851,0.01552
789.061644077301,0.2704,0.015452
789.1118421554565,0.27149,0.015416
789.1643712520599,0.27144,0.015585
789.2151851654053,0.27253,0.015423
789.2617778778076,0.27331,0.015503
789.317964553833,0.27549,0.015529
789.3667821884155,0.27651,0.015434
789.4153771400452,0.27747,0.01556
789.4672293663025,0.27752,0.015511
789.5172901153564,0.2784,0.015527
789.563592672348,0.27973,0.015629
789.6227219104767,0.28051,0.015559
789.6710784435272,0.28141,0.015558
789.7206618785858,0.28331,0.015509
789.7718374729156,0.28424,0.015502
789.8228092193604,0.2844,0.015646
789.874370098114,0.28525,0.015437
789.9248647689819,0.28621,0.015517
789.9713768959045,0.28712,0.015628
790.0291924476624,0.28824,0.015492
790.0773448944092,0.29003,0.015467
790.1270697116852,0.29115,0.015503
790.1828148365021,0.292,0.01548
790.2318449020386,0.29219,0.015478
790.2805893421173,0.29328,0.015602
790.332394361496,0.29499,0.015493
790.3851330280304,0.29592,0.015375
790.4337861537933,0.29688,0.015447
790.4836609363556,0.29707,0.015434
790.5338137149811,0.29811,0.015361
790.5871829986572,0.29896,0.01557
790.6397664546967,0.30005,0.015512
790.6883864402771,0.30184,0.015429
790.7388718128204,0.3028,0.01556
790.7890827655792,0.30285,0.015497
790.838488817215,0.30387,0.015491
790.8896527290344,0.30475,0.015514
790.938886642456,0.30581,0.015522
790.9879503250122,0.30685,0.015624
791.0368416309357,0.308,0.015549
791.0929927825928,0.30893,0.015422
791.1414172649384,0.30968,0.015504
791.1908164024353,0.31083,0.0156
791.2427179813385,0.31168,0.015511
791.2937071323395,0.31283,0.015533
791.3432042598724,0.31392,0.015517
791.3936653137207,0.31472,0.015544
791.443813085556,0.016667,0.015591
791.4935245513916,0.019013,0.015511
791.5442616939545,0.0208,0.015586
791.5950508117676,0.023893,0.015555
791.6473784446716,0.026907,0.015498
791.7020525932312,0.02976,0.01555
791.7507672309875,0.035787,0.015529
791.8013708591461,0.035893,0.015597
791.8546767234802,0.03864,0.015524
791.902500629425,0.0416,0.015479
791.9582235813141,0.044587,0.015545
792.0066139698029,0.04736,0.015433
792.0586643218994,0.050373,0.015598
792.1078524589539,0.05072,0.015411
792.1573481559753,0.056053,0.015603
792.2084219455719,0.058987,0.015449
792.2592649459839,0.06176,0.015587
792.3064045906067,0.064613,0.015497
792.3618710041046,0.06712,0.015555
792.4112362861633,0.069893,0.015534
792.463752746582,0.072853,0.015484
792.5138366222382,0.075573,0.015555
792.5667808055878,0.0784,0.015593
792.6128504276276,0.080987,0.015631
792.6641974449158,0.083813,0.015467
792.7161881923676,0.086667,0.015609
792.7707033157349,0.08904,0.015643
792.8169615268707,0.0904,0.015601
792.8693854808807,0.091733,0.015573
792.9196434020996,0.09688,0.015577
792.9701881408691,0.099547,0.015601
793.0204541683197,0.10235,0.015467
793.0708963871002,0.10488,0.015523
793.1209738254547,0.10683,0.015519
793.1718835830688,0.10819,0.015505
793.221451997757,0.10947,0.015569
793.2715253829956,0.11051,0.015662
793.325258731842,0.11197,0.015496
793.3738672733307,0.11323,0.015583
793.4238965511322,0.1132,0.015719
793.4736800193787,0.11456,0.015719
793.5251779556274,0.11571,0.01559
793.5748946666718,0.11696,0.015557
793.6264405250549,0.11821,0.015551
793.6770279407501,0.11933,0.015575
793.725353717804,0.12045,0.015543
793.7767336368561,0.12307,0.015654
793.8305807113647,0.12309,0.015566
793.8773787021637,0.12424,0.015524
793.9305055141449,0.12571,0.015533
793.9837574958801,0.12672,0.01545
794.0338568687439,0.12784,0.015419
794.0834667682648,0.12923,0.015323
794.1374187469482,0.13027,0.015436
794.1867899894714,0.13133,0.015633
794.236133813858,0.13389,0.015602
794.2848880290985,0.13491,0.015572
794.3387191295624,0.13624,0.015577
794.3877322673798,0.13731,0.015517
794.437210559845,0.13733,0.015479
794.4881451129913,0.13944,0.015605
794.5388286113739,0.14061,0.01545
794.586746931076,0.14184,0.01559
794.6412546634674,0.14304,0.015606
794.6891269683838,0.14413,0.015484
794.737414598465,0.14405,0.015637
794.7900853157043,0.1452,0.015466
794.8433730602264,0.14747,0.015619
794.89373254776,0.14848,0.015534
794.9393768310547,0.14861,0.015559
794.9917211532593,0.14984,0.01562
795.0431485176086,0.15085,0.015537
795.0970540046692,0.15296,0.015599
795.1448645591736,0.15315,0.015538
795.1963410377502,0.15525,0.01559
795.2455854415894,0.15533,0.015523
795.2984449863434,0.15632,0.015533
795.3438184261322,0.15749,0.015734
795.3954267501831,0.15973,0.015709
795.4495248794556,0.15968,0.015835
795.4985764026642,0.16093,0.015617
795.548841714859,0.16179,0.015486
795.5980687141418,0.16307,0.015557
795.648743391037,0.16408,0.015422
795.6998994350433,0.16504,0.015427
795.7514605522156,0.16624,0.015494
795.7976579666138,0.16835,0.015535
795.851743221283,0.1684,0.015443
795.9024105072021,0.16941,0.015524
795.951409816742,0.17037,0.015594
796.0036008358002,0.17136,0.015433
796.0517117977142,0.17259,0.015314
796.105199098587,0.17376,0.015632
796.1566710472107,0.17379,0.015523
796.2041835784912,0.17595,0.015716
796.2561359405518,0.17696,0.015107
796.3085663318634,0.17789,0.015576
796.3583905696869,0.17909,0.015592
796.4069113731384,0.17992,0.015641
796.4584567546844,0.18117,0.015593
796.5056109428406,0.18219,0.015625
796.5584621429443,0.18349,0.015558
796.6072704792023,0.18424,0.015498
796.661892414093,0.18517,0.015537
796.713534116745,0.1864,0.015539
796.7629640102386,0.18637,0.015573
796.8121020793915,0.18853,0.015568
796.8642470836639,0.18843,0.015598
796.9122262001038,0.19056,0.015607
796.9622540473938,0.19051,0.015449
797.0119552612305,0.19259,0.01561
797.0648078918457,0.19357,0.015452
797.1188750267029,0.19459,0.015533
797.1672599315643,0.1956,0.015425
797.219226360321,0.1968,0.015425
797.2696754932404,0.19661,0.015517
797.3184685707092,0.19792,0.015458
797.3724491596222,0.19976,0.015545
797.4198007583618,0.20093,0.015441
797.4716606140137,0.20197,0.015483
797.523020029068,0.20285,0.015485
797.5724475383759,0.20387,0.015437
797.6247544288635,0.20389,0.01535
797.6782832145691,0.20493,0.015607
797.7270300388336,0.20589,0.015382
797.7791397571564,0.2068,0.015485
797.8254995346069,0.20877,0.015408
797.8765981197357,0.20899,0.015516
797.9295063018799,0.20997,0.015543
797.9788115024567,0.21088,0.015459
798.03116106987,0.21269,0.015481
798.0784044265747,0.21285,0.015434
798.1304597854614,0.21408,0.015352
798.1787641048431,0.21507,0.015359
798.2314524650574,0.21691,0.015462
798.284120798111,0.21797,0.015556
798.3329277038574,0.21885,0.015443
798.3808677196503,0.21891,0.015504
798.4314723014832,0.21992,0.015363
798.4860851764679,0.22093,0.01543
798.5347015857697,0.22192,0.015573
798.5844767093658,0.22384,0.015501
798.6365687847137,0.22483,0.01567
798.689309835434,0.22499,0.015448
798.7425582408905,0.22592,0.015532
798.7887048721313,0.22677,0.015378
798.8399438858032,0.22813,0.015358
798.8933334350586,0.22907,0.01548
798.9446396827698,0.22992,0.015526
798.9923980236053,0.23184,0.015532
799.0429904460907,0.23307,0.01556
799.0940928459167,0.2332,0.015494
799.146678686142,0.23411,0.01543
799.1935696601868,0.23504,0.015756
799.2438747882843,0.23592,0.015458
799.2943103313446,0.23712,0.015539
799.3493535518646,0.23784,0.015409
799.3971602916718,0.23888,0.015521
799.4475371837616,0.23976,0.015482
799.4984421730042,0.24181,0.015545
799.5496685504913,0.242,0.015468
799.5996165275574,0.24299,0.015437
799.6505129337311,0.24392,0.015465
799.698000907898,0.24499,0.015495
799.748777627945,0.24565,0.015462
799.8002626895905,0.24691,0.015495
799.851930141449,0.24784,0.015581
799.8986258506775,0.24963,0.015431
799.9510474205017,0.24979,0.015459
800.0014314651489,0.25056,0.015473
800.0524199008942,0.25184,0.015627
800.1056575775146,0.25267,0.015443
800.1548936367035,0.25373,0.015561
800.208368062973,0.25464,0.015485
800.2601988315582,0.25565,0.015444
800.3109645843506,0.25661,0.015439
800.3579277992249,0.25757,0.015441
800.4124135971069,0.25853,0.015573
800.4621675014496,0.25965,0.015474
800.5125465393066,0.26048,0.015573
800.560923576355,0.26141,0.015596
800.6120505332947,0.26248,0.015483
800.6644423007965,0.26371,0.015495
800.7134163379669,0.26448,0.015458
800.7646884918213,0.26552,0.01549
800.813955783844,0.26672,0.015493
800.8647673130035,0.26771,0.015412
800.9169838428497,0.26867,0.01557
800.9647421836853,0.26947,0.015438
801.0161056518555,0.27075,0.015445
801.0667390823364,0.27144,0.015574
801.1209123134613,0.27243,0.015366
801.168018579483,0.27355,0.015366
801.2186124324799,0.27437,0.015536
801.2702898979187,0.27437,0.015452
801.3226807117462,0.27552,0.015456
801.3717374801636,0.27749,0.015431
801.4222192764282,0.27837,0.015555
801.4700350761414,0.27853,0.015504
801.5230226516724,0.28032,0.015439
801.5720167160034,0.28136,0.01537
801.6244008541107,0.28117,0.015542
801.6711840629578,0.28323,0.015493
801.7244863510132,0.28328,0.015561
801.7742943763733,0.28435,0.015495
801.8212187290192,0.28517,0.015538
801.8734636306763,0.28624,0.015635
801.9253315925598,0.28835,0.015688
801.9785017967224,0.28915,0.01561
802.0263366699219,0.29035,0.015445
802.0781824588776,0.29104,0.01547
802.1278550624847,0.29237,0.015431
802.1810386180878,0.29235,0.015444
802.233312368393,0.2932,0.015486
802.283620595932,0.29421,0.015458
802.3328189849854,0.2952,0.01543
802.3810472488403,0.29635,0.015509
802.4324808120728,0.29808,0.015578
802.4828855991364,0.29917,0.015731
802.5335364341736,0.29917,0.015579
802.5852823257446,0.30029,0.015481
802.6340191364288,0.30128,0.015413
802.6842997074127,0.30219,0.015568
802.7383968830109,0.3032,0.015617
802.7863037586212,0.30424,0.015338
802.8412880897522,0.30515,0.015724
802.8898692131042,0.30701,0.015669
802.9382128715515,0.30699,0.015506
802.9921364784241,0.30803,0.015571
803.0404477119446,0.30909,0.015418
803.0926003456116,0.30984,0.015501
803.1413261890411,0.31085,0.015671
803.1919388771057,0.31288,0.015596
803.2420229911804,0.31293,0.015377
803.2958104610443,0.31376,0.015498
803.343834400177,0.31467,0.015383
803.3957049846649,0.017173,0.015471
803.4440472126007,0.018427,0.01559
803.4953417778015,0.020667,0.015467
803.5498807430267,0.023707,0.015533
803.598179101944,0.026773,0.015569
803.6488382816315,0.02968,0.015537
803.7016212940216,0.03272,0.015629
803.7498497962952,0.035787,0.015459
803.7990221977234,0.03872,0.015727
803.8513429164886,0.041493,0.015561
803.8992056846619,0.044667,0.015434
803.9516291618347,0.047547,0.015659
804.0037319660187,0.0504,0.015628
804.0539572238922,0.050453,0.015541
804.1025500297546,0.053307,0.015601
804.1526653766632,0.056213,0.015646
804.2064259052277,0.061893,0.015575
804.2578725814819,0.06448,0.015617
804.3082058429718,0.0676,0.015585
804.3626396656036,0.06744,0.015666
804.4101085662842,0.072907,0.015743
804.4652485847473,0.075573,0.015734
804.5103833675385,0.078267,0.015591
804.5609295368195,0.08104,0.015567
804.6149437427521,0.08368,0.015632
804.6673481464386,0.0864,0.015692
804.7133305072784,0.089013,0.015713
804.7654876708984,0.091467,0.015644
804.8140931129456,0.09416,0.01565
804.8686277866364,0.094293,0.01573
804.9172704219818,0.099493,0.01556
804.9687840938568,0.10213,0.015625
805.0178859233856,0.10493,0.015517
805.0722024440765,0.10672,0.015721
805.1208622455597,0.10819,0.015643
805.169668674469,0.10824,0.015515
805.2227528095245,0.10963,0.015501
805.2703340053558,0.11061,0.015498
805.3193762302399,0.11203,0.015514
805.3718583583832,0.1144,0.015478
805.421205997467,0.11579,0.015562
805.4721744060516,0.11693,0.01545
805.5232124328613,0.11701,0.015494
805.5781512260437,0.11952,0.015532
805.624359369278,0.12064,0.015491
805.6792228221893,0.12157,0.01552
805.7256286144257,0.12291,0.01552
805.7775056362152,0.12315,0.015518
805.8296589851379,0.12427,0.015459
805.8803882598877,0.12565,0.015472
805.9331722259521,0.12667,0.015451
805.9781296253204,0.12912,0.015524
806.0345916748047,0.13037,0.015522
806.0853245258331,0.13019,0.015546
806.1346185207367,0.13147,0.01541
806.1880507469177,0.13264,0.015456
806.2397031784058,0.13376,0.015549
806.2872815132141,0.13509,0.015482
806.3427789211273,0.13723,0.015671
806.3965001106262,0.13829,0.015458
806.447390794754,0.13931,0.015608
806.4920160770416,0.13939,0.015591
806.5483491420746,0.14072,0.015514
806.606151342392,0.14176,0.015568
806.6573152542114,0.14403,0.015541
806.705952167511,0.14507,0.015536
806.7575149536133,0.14624,0.01545
806.8062357902527,0.14725,0.015483
806.8553149700165,0.14837,0.015558
806.9058747291565,0.14845,0.015598
806.9571087360382,0.14963,0.01562
807.0052099227905,0.15187,0.01541
807.0568652153015,0.15296,0.015624
807.1070508956909,0.15387,0.015685
807.1580400466919,0.15411,0.015565
807.2081689834595,0.15531,0.015313
807.2585644721985,0.15651,0.01558
807.312479019165,0.15861,0.015442
807.3637936115265,0.15971,0.015511
807.4174520969391,0.16067,0.015672
807.467568397522,0.16075,0.015541
807.5159447193146,0.16195,0.015635
807.5662240982056,0.16291,0.015628
807.6152858734131,0.16491,0.015421
807.6658661365509,0.16608,0.015526
807.7192113399506,0.16608,0.015557
807.7683622837067,0.1672,0.015535
807.8236060142517,0.16832,0.015477
807.8719687461853,0.16931,0.015555
807.922521352768,0.17021,0.015503
807.9732339382172,0.17133,0.015497
808.0231449604034,0.17253,0.015473
808.0803029537201,0.17339,0.01559
808.1286423206329,0.17547,0.015417
808.1803209781647,0.17571,0.015517
808.2293207645416,0.17677,0.015364
808.2806715965271,0.17757,0.015451
808.3315196037292,0.17883,0.015499
808.3815748691559,0.18091,0.015518
808.4280729293823,0.18187,0.015484
808.4779753684998,0.18181,0.0154
808.5362682342529,0.18285,0.015483
808.5839104652405,0.18392,0.015328
808.6416065692902,0.18536,0.015325
808.6896905899048,0.18608,0.015381
808.7438127994537,0.18829,0.015518
808.797117471695,0.18928,0.01544
808.8452990055084,0.18909,0.015415
808.8967833518982,0.1904,0.015205
808.946691274643,0.19139,0.015394
808.995842218399,0.19251,0.015441
809.047830581665,0.19459,0.01546
809.0961093902588,0.19552,0.015409
809.1495532989502,0.19563,0.015344
809.1993927955627,0.1964,0.015364
809.2498364448547,0.19747,0.015495
809.304904460907,0.19872,0.015533
809.358410358429,0.19949,0.015535
809.4084486961365,0.20165,0.015483
809.4594440460205,0.20261,0.015339
809.508544921875,0.20256,0.015487
809.5583646297455,0.20365,0.015382
809.6089301109314,0.20477,0.015565
809.6583716869354,0.20565,0.015418
809.7171943187714,0.20664,0.015472
809.7659249305725,0.20869,0.015567
809.8155999183655,0.20963,0.01555
809.8685569763184,0.20973,0.015504
809.9158227443695,0.21085,0.015593
809.9646768569946,0.21176,0.015482
810.0163154602051,0.21277,0.01542
810.0714886188507,0.21373,0.015602
810.1214919090271,0.21467,0.015497
810.170159816742,0.21597,0.015551
810.2194855213165,0.21683,0.015621
810.2718722820282,0.21784,0.015516
810.3200211524963,0.21875,0.015585
810.3730645179749,0.21971,0.015581
810.4236419200897,0.22072,0.015521
810.4758684635162,0.22184,0.015489
810.5240731239319,0.22395,0.015517
810.5747168064117,0.22384,0.015522
810.6307578086853,0.22485,0.015373
810.6805267333984,0.226,0.015495
810.7304151058197,0.22669,0.015531
810.782993555069,0.22792,0.01555
810.8315348625183,0.2288,0.015475
810.8823494911194,0.22976,0.015476
810.9341056346893,0.23077,0.015581
810.9838743209839,0.23171,0.015547
811.0332314968109,0.23275,0.015462
811.0847613811493,0.23381,0.015466
811.1338574886322,0.23475,0.015541
811.1811692714691,0.23576,0.015487
811.2386612892151,0.23669,0.015486
811.2872593402863,0.23677,0.015367
811.3381814956665,0.23867,0.015445
811.3859870433807,0.23981,0.015602
811.4369075298309,0.24077,0.015535
811.490091085434,0.24181,0.015458
811.5385854244232,0.24275,0.015533
811.592768907547,0.24368,0.015573
811.6422381401062,0.24483,0.015412
811.6969532966614,0.24571,0.015353
811.7475554943085,0.24691,0.015439
811.7940576076508,0.24757,0.015402
811.8475275039673,0.24851,0.015349
811.8974666595459,0.24973,0.015348
811.9497237205505,0.25077,0.015473
811.9995889663696,0.25088,0.015384
812.0490679740906,0.25285,0.015442
812.0988154411316,0.25371,0.01545
812.1493983268738,0.25472,0.015498
812.2018504142761,0.25565,0.015417
812.2506773471832,0.2568,0.015403
812.2979600429535,0.25773,0.015533
812.3484256267548,0.25768,0.015503
812.4019944667816,0.25989,0.015564
812.4530081748962,0.25981,0.015442
812.5011291503906,0.26173,0.01536
812.5554654598236,0.26256,0.015477
812.6020164489746,0.26352,0.015481
812.6510665416718,0.26443,0.015518
812.7040169239044,0.26467,0.015306
812.7585048675537,0.26555,0.015406
812.8079116344452,0.2664,0.015527
812.8567523956299,0.26747,0.015504
812.9057364463806,0.26949,0.015426
812.9586448669434,0.2704,0.015512
813.0079305171967,0.2716,0.015596
813.0625483989716,0.27152,0.015508
813.1108665466309,0.27251,0.015386
813.162017583847,0.27333,0.015421
813.2168982028961,0.27531,0.015518
813.2636389732361,0.27635,0.015537
813.3153023719788,0.27725,0.015473
813.3661725521088,0.27824,0.015515
813.414952993393,0.27933,0.015519
813.4659786224365,0.28016,0.015472
813.51713347435,0.28029,0.015434
813.5701215267181,0.28136,0.015498
813.6184813976288,0.28323,0.015576
813.6662573814392,0.28419,0.015558
813.7189435958862,0.28432,0.015476
813.7724750041962,0.28525,0.015537
813.8236124515533,0.28616,0.015481
813.8718168735504,0.28704,0.015479
813.9199311733246,0.28915,0.015433
813.9754536151886,0.29011,0.015499
814.0300145149231,0.29008,0.015505
814.0816853046417,0.2912,0.015434
814.129123210907,0.29221,0.015558
814.1808857917786,0.29328,0.015488
814.2292983531952,0.29413,0.015523
814.2818579673767,0.29608,0.01559
814.3301322460175,0.2972,0.015539
814.3836107254028,0.29717,0.015615
814.4347052574158,0.29813,0.015596
814.4837512969971,0.29888,0.015413
814.5348966121674,0.29992,0.015509
814.5835964679718,0.30093,0.015537
814.6339366436005,0.3028,0.015463
814.6898198127747,0.30363,0.015385
814.7373144626617,0.30376,0.015528
814.7867739200592,0.30483,0.015535
814.8423290252686,0.30587,0.015509
814.8925485610962,0.3068,0.015549
814.9383461475372,0.30781,0.015471
814.9938793182373,0.30981,0.015512
815.0455453395844,0.31104,0.015384
815.0932011604309,0.31091,0.015502
815.1436367034912,0.31173,0.015426
815.1948895454407,0.31389,0.015573
815.2444825172424,0.31461,0.015463
815.2954435348511,0.31467,0.015478
815.3451104164124,0.016373,0.015443
815.3977863788605,0.018,0.015666
815.449734210968,0.020587,0.015565
815.4968121051788,0.020507,0.015484
815.5486552715302,0.026533,0.015461
815.5972993373871,0.02952,0.015554
815.6471834182739,0.032453,0.015515
815.69970703125,0.03856,0.015499
815.751314163208,0.038693,0.015599
815.8011758327484,0.041387,0.015546
815.8504030704498,0.04432,0.015572
815.902925491333,0.044853,0.01563
815.9498496055603,0.050213,0.015593
816.0048353672028,0.053307,0.015594
816.0541660785675,0.056133,0.015579
816.1050860881805,0.059013,0.015559
816.1539704799652,0.061707,0.015606
816.205447435379,0.064347,0.015601
816.2561621665955,0.06728,0.015494
816.3036036491394,0.06992,0.015575
816.3574657440186,0.07296,0.015631
816.4057033061981,0.075413,0.015525
816.4547600746155,0.077893,0.015615
816.5101366043091,0.080853,0.015512
816.5552814006805,0.083413,0.015611
816.6075899600983,0.08608,0.015623
816.6579580307007,0.088853,0.015673
816.7094509601593,0.091387,0.015572
816.7598905563354,0.09416,0.0157
816.8122911453247,0.0956,0.01559
816.8623731136322,0.09688,0.015601
816.9090871810913,0.09944,0.015479
816.9626314640045,0.10485,0.015532
817.0124554634094,0.10675,0.015609
817.0640091896057,0.108,0.015395
817.111180305481,0.10925,0.015561
817.1647672653198,0.11075,0.015434
817.2145133018494,0.11181,0.015638
817.2627201080322,0.11339,0.015415
817.3169372081757,0.11323,0.015387
817.3650088310242,0.1144,0.015495
817.4168946743011,0.11685,0.015756
817.4664731025696,0.11827,0.015441
817.5173420906067,0.11931,0.015473
817.5640366077423,0.11941,0.015419
817.6169831752777,0.12053,0.015517
817.6680219173431,0.12181,0.015524
817.7200284004211,0.12293,0.015573
817.7701985836029,0.12419,0.015497
817.8187744617462,0.12669,0.0156
817.8691473007202,0.12677,0.01573
817.919059753418,0.12784,0.015526
817.9696276187897,0.13016,0.015571
818.0180416107178,0.13008,0.015456
818.0687129497528,0.13133,0.01549
818.1284282207489,0.1324,0.015568
818.182098865509,0.13469,0.015726
818.2337148189545,0.136,0.015451
818.2822730541229,0.13707,0.015395
818.3336148262024,0.13723,0.015651
818.3828237056732,0.1384,0.015432
818.4348154067993,0.13965,0.015353
818.4880056381226,0.14056,0.015594
818.535943031311,0.14293,0.015411
818.5864884853363,0.14384,0.015537
818.6344377994537,0.14397,0.01559
818.6880009174347,0.14525,0.015547
818.7381093502045,0.14643,0.015521
818.7876887321472,0.14739,0.015555
818.8388431072235,0.14848,0.015566
818.8906738758087,0.14973,0.015485
818.9393773078918,0.1508,0.015553
818.9924399852753,0.15173,0.015742
819.0448801517487,0.15285,0.01541
819.0925188064575,0.15421,0.015591
819.1438229084015,0.15528,0.015567
819.195633649826,0.15624,0.015483
819.2498950958252,0.15723,0.015634
819.2967264652252,0.1584,0.01562
819.3482539653778,0.15941,0.015556
819.4012849330902,0.16056,0.015608
819.4501240253448,0.16165,0.015626
819.500116109848,0.16277,0.015501
819.5533711910248,0.16501,0.015574
819.5998373031616,0.16491,0.015501
819.654806137085,0.16619,0.015498
819.7043058872223,0.16717,0.015599
819.7514972686768,0.16811,0.015509
819.7996006011963,0.16928,0.015536
819.852441072464,0.16936,0.015604
819.9038982391357,0.17152,0.01569
819.9555354118347,0.17256,0.015555
820.0121490955353,0.17347,0.015491
820.0614893436432,0.17451,0.01544
820.111435174942,0.17539,0.015556
820.1641108989716,0.17651,0.015435
820.2144591808319,0.17776,0.015363
820.2625000476837,0.17987,0.015535
820.3115768432617,0.17989,0.015333
820.3621377944946,0.18109,0.015351
820.4147045612335,0.18224,0.015372
820.4639759063721,0.18293,0.015527
820.5157692432404,0.18413,0.015531
820.5637717247009,0.18515,0.015457
820.6155836582184,0.18528,0.015475
820.6673412322998,0.18616,0.015524
820.7136583328247,0.18739,0.015418
820.7696216106415,0.18915,0.015427
820.8168849945068,0.19019,0.015497
820.868857383728,0.19141,0.015392
820.9181206226349,0.19229,0.015454
820.9717745780945,0.19232,0.015413
821.0195343494415,0.19459,0.015554
821.0688610076904,0.19547,0.015478
821.1211152076721,0.19555,0.015476
821.1738221645355,0.1976,0.015489
821.2200782299042,0.19829,0.015476
821.2710800170898,0.19965,0.015459
821.3256046772003,0.19995,0.015474
821.3740282058716,0.20165,0.015459
821.4267430305481,0.20269,0.015486
821.4719986915588,0.2036,0.015494
821.527312040329,0.20464,0.015502
821.5798971652985,0.2056,0.015548
821.6324636936188,0.20669,0.015599
821.6859111785889,0.20747,0.015493
821.734388589859,0.20797,0.015626
821.782799243927,0.20979,0.015615
821.8351485729218,0.21093,0.015503
821.8911774158478,0.21181,0.015489
821.9447894096375,0.21272,0.015459
821.9951486587524,0.21376,0.015481
822.0436763763428,0.21493,0.015537
822.0943710803986,0.21493,0.015577
822.1450695991516,0.21592,0.015559
822.1939430236816,0.2168,0.015547
822.2451756000519,0.21893,0.015537
822.3090691566467,0.21997,0.015529
822.3591511249542,0.22101,0.015519
822.4084107875824,0.22197,0.015489
822.4576001167297,0.222,0.015489
822.5146322250366,0.22293,0.01548
822.56258893013,0.22504,0.015586
822.6123757362366,0.22597,0.015471
822.6628048419952,0.22691,0.015452
822.713629245758,0.22795,0.015344
822.7626595497131,0.22883,0.015618
822.8187012672424,0.22997,0.015532
822.8674981594086,0.23,0.015374
822.9204869270325,0.23189,0.015485
822.9750645160675,0.23275,0.015441
823.0324711799622,0.23371,0.015498
823.0801327228546,0.2348,0.015509
823.1325454711914,0.23579,0.015459
823.1817889213562,0.23696,0.015453
823.2303199768066,0.23803,0.015447
823.2784209251404,0.23893,0.015485
823.3338015079498,0.23976,0.015359
823.3851761817932,0.24072,0.015501
823.4328074455261,0.24179,0.015558
823.4842989444733,0.24277,0.015422
823.535817861557,0.24376,0.01543
823.5852358341217,0.24368,0.015429
823.6362607479095,0.24488,0.015422
823.6841366291046,0.24571,0.01535
823.7361981868744,0.24773,0.015442
823.7856590747833,0.24869,0.015421
823.8381636142731,0.24965,0.015463
823.8852872848511,0.25061,0.015426
823.9380147457123,0.25059,0.015568
823.9881319999695,0.25189,0.015185
824.039895772934,0.25357,0.015522
824.088949918747,0.25363,0.015375
824.1450154781342,0.25555,0.015325
824.1914064884186,0.25675,0.015397
824.2439422607422,0.25763,0.015582
824.2934246063232,0.25861,0.015464
824.3441960811615,0.25867,0.015334
824.3966906070709,0.26059,0.015551
824.4435901641846,0.26141,0.015384
824.4949352741241,0.26264,0.015437
824.546617269516,0.26336,0.015361
824.5957903862,0.26341,0.015364
824.6477637290955,0.26453,0.015395
824.7019395828247,0.26651,0.015368
824.7495980262756,0.26728,0.0155
824.8000822067261,0.26832,0.015434
824.8517782688141,0.26824,0.015411
824.9048140048981,0.26939,0.015586
824.9578516483307,0.27035,0.015439
825.0071337223053,0.27125,0.015466
825.0611069202423,0.27235,0.01549
825.1171946525574,0.27328,0.015522
825.1688225269318,0.27531,0.015551
825.2155511379242,0.27621,0.015242
825.2702438831329,0.27725,0.015517
825.3193070888519,0.27808,0.015392
825.3701221942902,0.27917,0.015506
825.418555021286,0.28032,0.015592
825.4725849628448,0.28027,0.015357
825.5240414142609,0.28219,0.015439
825.5726792812347,0.28333,0.015476
825.6236786842346,0.28421,0.015453
825.6736721992493,0.28509,0.015414
825.7242951393127,0.28621,0.015556
825.7727406024933,0.28611,0.015546
825.8253655433655,0.28715,0.015527
825.8739302158356,0.288,0.015609
825.9288010597229,0.28893,0.015574
825.9767255783081,0.29093,0.015539
826.023758649826,0.29197,0.01546
826.0824036598206,0.29203,0.015437
826.1294581890106,0.29392,0.015357
826.17791056633,0.294,0.015481
826.2296862602234,0.29507,0.015482
826.2836272716522,0.29589,0.015409
826.3333995342255,0.29699,0.015286
826.3818533420563,0.29907,0.015397
826.4339227676392,0.29984,0.015488
826.4894015789032,0.29984,0.015442
826.5365681648254,0.30157,0.015587
826.5873987674713,0.30176,0.015554
826.6392939090729,0.30288,0.015479
826.6891429424286,0.30368,0.015455
826.7412722110748,0.30563,0.015365
826.7902019023895,0.30688,0.015365
826.8396055698395,0.30757,0.015476
826.8919355869293,0.30749,0.015447
826.9416406154633,0.30891,0.015554
826.991758108139,0.30979,0.015457
827.0434675216675,0.31067,0.015555
827.0964531898499,0.31173,0.015452
827.1442108154297,0.31269,0.015594
827.1991267204285,0.31459,0.015584
827.2450411319733,0.31456,0.015499
827.3003284931183,0.018587,0.015454
827.3462619781494,0.017707,0.015513
827.3987717628479,0.02032,0.015546
827.4483978748322,0.023333,0.015532
827.4965350627899,0.026267,0.015493
827.5507967472076,0.0292,0.01558
827.5995666980743,0.032267,0.01541
827.6547348499298,0.0384,0.015506
827.7003633975983,0.038533,0.015553
827.7533390522003,0.04128,0.015717
827.8070363998413,0.044053,0.015615
827.8570849895477,0.04704,0.01558
827.9101235866547,0.04992,0.015502
827.9580013751984,0.052987,0.015517
828.0080575942993,0.052987,0.015574
828.0590767860413,0.06128,0.015598
828.1077454090118,0.061307,0.015497
828.1618342399597,0.064133,0.015646
828.2103905677795,0.067093,0.015361
828.2639465332031,0.069573,0.015673
828.3168969154358,0.072373,0.015615
828.3653893470764,0.07256,0.015646
828.4156365394592,0.078107,0.015645
828.465628862381,0.083467,0.01578
828.5158040523529,0.08344,0.015663
828.5695219039917,0.08592,0.015629
828.6190507411957,0.088747,0.015746
828.6661691665649,0.09128,0.015563
828.7190420627594,0.094053,0.015562
828.7684302330017,0.0968,0.015539
828.8184442520142,0.099413,0.015586
828.8691601753235,0.10203,0.015654
828.9175713062286,0.10464,0.015641
828.9749217033386,0.10685,0.01551
829.0236785411835,0.10813,0.015497
829.0742645263672,0.1096,0.015589
829.126246213913,0.11059,0.015519
829.1773111820221,0.11187,0.015517
829.2280380725861,0.11197,0.015494
829.2792873382568,0.11437,0.015487
829.3309018611908,0.11581,0.015578
829.3777978420258,0.11693,0.015561
829.4320755004883,0.11701,0.015419
829.480132818222,0.11941,0.015372
829.5351996421814,0.11957,0.01543
829.5837857723236,0.12059,0.015515
829.6356899738312,0.12296,0.015456
829.6842293739319,0.12408,0.015397
829.7350199222565,0.12547,0.015385
829.7858176231384,0.12651,0.015446
829.8341364860535,0.12667,0.015506
829.886331319809,0.12779,0.015448
829.9353942871094,0.13013,0.015434
829.9856042861938,0.13147,0.015474
830.0385828018188,0.1324,0.015538
830.0866446495056,0.13328,0.015457
830.1398661136627,0.13472,0.015467
830.1883254051208,0.13568,0.015603
830.2396078109741,0.13608,0.015469
830.2916238307953,0.13733,0.015432
830.3384454250336,0.13835,0.015427
830.3906056880951,0.14075,0.01546
830.4412689208984,0.14173,0.01552
830.4919657707214,0.14259,0.01542
830.5433683395386,0.14384,0.015469
830.5920326709747,0.14512,0.01545
830.6454288959503,0.14643,0.015531
830.6916348934174,0.14736,0.015389
830.7492001056671,0.14763,0.015468
830.7990636825562,0.14979,0.015571
830.8483788967133,0.14963,0.015548
830.8996844291687,0.15075,0.015493
830.9497995376587,0.15187,0.015516
830.9978492259979,0.15293,0.015433
831.0520467758179,0.15413,0.015541
831.0998771190643,0.15632,0.015514
831.153204202652,0.15637,0.015544
831.2019350528717,0.15859,0.015604
831.2544596195221,0.15837,0.01554
831.3034892082214,0.1596,0.015527
831.3528859615326,0.16069,0.015514
831.4069488048553,0.16184,0.015541
831.4550597667694,0.16296,0.015541
831.5049290657043,0.16507,0.015544
831.5560669898987,0.16512,0.015549
831.6096522808075,0.16611,0.015632
831.658988237381,0.1672,0.01541
831.7094333171844,0.16843,0.015683
831.7578654289246,0.1692,0.015585
831.8074402809143,0.17043,0.015523
831.8592526912689,0.17069,0.015561
831.9061858654022,0.17267,0.01555
831.958075761795,0.17464,0.015473
832.0156445503235,0.17475,0.015572
832.0635921955109,0.17581,0.01561
832.1152987480164,0.17685,0.015438
832.1656296253204,0.17795,0.015501
832.2187583446503,0.1788,0.01545
832.2645547389984,0.17992,0.015405
832.3182485103607,0.18091,0.015418
832.3689565658569,0.18211,0.015454
832.4185574054718,0.18323,0.015437
832.4708631038666,0.18419,0.015359
832.5185062885284,0.18512,0.015325
832.5720617771149,0.18539,0.015457
832.6191921234131,0.18744,0.015377
832.6723747253418,0.18832,0.015375
832.7189316749573,0.18955,0.015373
832.7677779197693,0.19043,0.015418
832.8218665122986,0.19136,0.015476
832.8697528839111,0.19248,0.015445
832.9260487556458,0.19352,0.015435
832.9749426841736,0.1944,0.015387
833.0247733592987,0.19557,0.015508
833.0787456035614,0.19659,0.01546
833.1278038024902,0.1976,0.015392
833.1753599643707,0.19856,0.015146
833.2307140827179,0.19965,0.015568
833.2798161506653,0.20059,0.015506
833.3341519832611,0.2016,0.015349
833.3805170059204,0.20184,0.015411
833.4354321956635,0.20357,0.01539
833.4847719669342,0.20467,0.015496
833.5328509807587,0.20587,0.015458
833.5855371952057,0.20661,0.015553
833.63587474823,0.20779,0.015503
833.6845924854279,0.20867,0.015549
833.7336573600769,0.20981,0.015422
833.7841622829437,0.21093,0.015327
833.8393499851227,0.21099,0.015494
833.8871803283691,0.21197,0.015441
833.9404332637787,0.21389,0.015502
833.989734172821,0.21496,0.015447
834.0381655693054,0.21584,0.015448
834.0912437438965,0.21693,0.015449
834.1405839920044,0.21779,0.015499
834.1910343170166,0.21781,0.015634
834.2408475875854,0.21869,0.015501
834.2933776378632,0.22077,0.015438
834.3413047790527,0.22181,0.015398
834.3922867774963,0.22307,0.015584
834.4434063434601,0.22381,0.015405
834.4912707805634,0.22387,0.015435
834.5423629283905,0.22496,0.015539
834.600923538208,0.22701,0.015507
834.6528854370117,0.22789,0.015387
834.7018210887909,0.22899,0.015422
834.750746011734,0.22989,0.015615
834.8014378547668,0.23088,0.015528
834.8518013954163,0.23179,0.01554
834.9051978588104,0.23189,0.015546
834.9554264545441,0.23288,0.015582
835.003514289856,0.23472,0.015537
835.0554869174957,0.236,0.015511
835.1077134609222,0.23712,0.015554
835.156759262085,0.23715,0.015508
835.2018136978149,0.23784,0.015486
835.2601501941681,0.23883,0.015473
835.3096804618835,0.23976,0.015574
835.3603987693787,0.24179,0.015535
835.408921957016,0.24267,0.015413
835.458404302597,0.24277,0.015461
835.5108177661896,0.24397,0.015392
835.5594754219055,0.24501,0.015487
835.6114356517792,0.24589,0.015373
835.6592755317688,0.24685,0.015491
835.7124719619751,0.2476,0.015467
835.7649927139282,0.24869,0.015539
835.8135781288147,0.24957,0.015503
835.8656005859375,0.25152,0.01541
835.9147832393646,0.25264,0.015403
835.9671771526337,0.25275,0.015475
836.0180134773254,0.25357,0.015537
836.0661640167236,0.25459,0.015527
836.1184639930725,0.25571,0.015377
836.1677281856537,0.25661,0.015481
836.217625617981,0.25768,0.015531
836.2682230472565,0.2584,0.015534
836.3220100402832,0.25963,0.015493
836.3674709796906,0.26069,0.015424
836.4244456291199,0.26248,0.015369
836.4740455150604,0.26267,0.015457
836.5262143611908,0.2636,0.015273
836.5777297019958,0.26459,0.015312
836.624085187912,0.26555,0.015344
836.6738500595093,0.26656,0.015335
836.7292392253876,0.26752,0.01541
836.7753660678864,0.26859,0.015457
836.8336431980133,0.26931,0.015528
836.8826105594635,0.27051,0.015477
836.9345722198486,0.27144,0.015373
836.9825346469879,0.27224,0.01565
837.0343761444092,0.27347,0.015644
837.0844323635101,0.27443,0.015561
837.1325922012329,0.27531,0.015418
837.1849074363708,0.27619,0.015391
837.2372915744781,0.2772,0.015393
837.2880787849426,0.27728,0.015355
837.3364312648773,0.27917,0.015441
837.3927054405212,0.28027,0.015486
837.4424169063568,0.28125,0.015538
837.489794254303,0.28221,0.015514
837.5419900417328,0.28317,0.015601
837.5922179222107,0.28421,0.015328
837.6437029838562,0.28501,0.015454
837.6959617137909,0.28605,0.015475
837.7421848773956,0.28707,0.015421
837.7965245246887,0.28805,0.01562
837.8452668190002,0.28904,0.015513
837.8964321613312,0.29016,0.015423
837.945739030838,0.29115,0.015445
837.998904466629,0.29125,0.015399
838.0463626384735,0.29296,0.015439
838.0977911949158,0.29301,0.015429
838.1480894088745,0.29515,0.015521
838.194810628891,0.29624,0.015445
838.2479784488678,0.29717,0.01551
838.3033678531647,0.29797,0.015458
838.3566386699677,0.29883,0.015436
838.4077005386353,0.30005,0.015428
838.4592823982239,0.30107,0.015358
838.5075106620789,0.30179,0.015401
838.561892747879,0.30211,0.015478
838.6146004199982,0.304,0.015439
838.663480758667,0.30517,0.015504
838.7162089347839,0.30507,0.015425
838.7634515762329,0.30691,0.015587
838.8143780231476,0.30781,0.015473
838.8662343025208,0.30877,0.015444
838.9170451164246,0.30989,0.015374
838.9677700996399,0.30987,0.015458
839.0199456214905,0.31163,0.015427
839.0699410438538,0.31168,0.015522
839.1194226741791,0.31269,0.015397
839.1758604049683,0.31475,0.015629
839.2234525680542,0.016347,0.015256
839.2754390239716,0.01784,0.015768
839.3279054164886,0.020427,0.015683
839.3756577968597,0.023333,0.015456
839.4285526275635,0.023467,0.015533
839.4768569469452,0.026027,0.015418
839.5279035568237,0.032187,0.015407
839.5756494998932,0.035067,0.015447
839.6293134689331,0.038187,0.015469
839.6801586151123,0.038267,0.015535
839.7281272411346,0.04424,0.015588
839.7801625728607,0.044213,0.015552
839.8283176422119,0.05,0.015619
839.8805856704712,0.04984,0.01554
839.9295783042908,0.052933,0.015537
839.9851520061493,0.055627,0.015622
840.0356352329254,0.061147,0.015565
840.0851452350616,0.064027,0.015602
840.1320679187775,0.06688,0.015528
840.1857690811157,0.067147,0.015712
840.2350323200226,0.072533,0.015672
840.2859098911285,0.072667,0.015591
840.3380980491638,0.07504,0.015566
840.3918538093567,0.077733,0.015619
840.4427537918091,0.083067,0.015483
840.4941711425781,0.085893,0.015644
840.5425188541412,0.086053,0.015565
840.592499256134,0.0884,0.015585
840.6454920768738,0.091227,0.015642
840.6948668956757,0.093893,0.015536
840.7428412437439,0.099173,0.015589
840.7978944778442,0.10176,0.015519
840.8452668190002,0.10448,0.015713
840.9005334377289,0.10688,0.015619
840.9506499767303,0.10803,0.015505
840.9960944652557,0.10792,0.015542
841.0502018928528,0.10936,0.01561
841.098824262619,0.11061,0.015564
841.1490452289581,0.11312,0.015584
841.2027184963226,0.11421,0.015408
841.2528483867645,0.11445,0.015624
841.300635099411,0.11565,0.015599
841.3531634807587,0.11691,0.015434
841.4049532413483,0.11784,0.015618
841.4554772377014,0.11923,0.015414
841.5050871372223,0.12032,0.015526
841.5523843765259,0.12157,0.015514
841.603609085083,0.12389,0.015523
841.6547379493713,0.12395,0.015502
841.703855752945,0.12648,0.015617
841.7580044269562,0.12629,0.015585
841.8046317100525,0.12755,0.015478
841.8575854301453,0.12869,0.015518
841.9044373035431,0.13093,0.015543
841.957204580307,0.13232,0.015512
842.0081779956818,0.13227,0.015574
842.0571076869965,0.13344,0.015467
842.107976436615,0.13464,0.015502
842.159068107605,0.13571,0.015639
842.2121198177338,0.13584,0.015386
842.259211063385,0.13824,0.015393
842.3131175041199,0.1392,0.015447
842.3604900836945,0.14045,0.015434
842.4125044345856,0.14136,0.015492
842.4627704620361,0.14267,0.015561
842.5075886249542,0.14363,0.015509
842.5607852935791,0.14496,0.015432
842.6147954463959,0.14635,0.015427
842.662250995636,0.14741,0.01563
842.7128567695618,0.14829,0.015619
842.7645041942596,0.14952,0.015674
842.8142275810242,0.15069,0.015447
842.8689489364624,0.15173,0.015572
842.9172263145447,0.15277,0.015675
842.9708111286163,0.15373,0.015423
843.0211951732635,0.15395,0.015777
843.0725157260895,0.15523,0.015379
843.1191716194153,0.15728,0.015371
843.1729786396027,0.15832,0.015484
843.2216470241547,0.15939,0.015489
843.2719962596893,0.16027,0.015428
843.3230555057526,0.16077,0.015462
843.3712484836578,0.16149,0.015552
843.4220979213715,0.16288,0.015518
843.4738929271698,0.16387,0.015512
843.5259954929352,0.16589,0.015582
843.5736665725708,0.16715,0.015737
843.6252701282501,0.16803,0.015619
843.6753680706024,0.16909,0.015571
843.7310426235199,0.16909,0.015602
843.7795205116272,0.17128,0.015538
843.8299868106842,0.17227,0.015511
843.8816206455231,0.17245,0.015433
843.9304118156433,0.17435,0.015538
843.9807686805725,0.17568,0.015407
844.033694267273,0.17573,0.015522
844.0811603069305,0.17688,0.01541
844.1345453262329,0.17784,0.015389
844.1836431026459,0.17976,0.015499
844.2338814735413,0.18075,0.015517
844.2838532924652,0.18123,0.01551
844.3380975723267,0.18203,0.015334
844.382602930069,0.18301,0.01559
844.4385395050049,0.18405,0.015409
844.4894275665283,0.18605,0.015512
844.5361108779907,0.18717,0.015458
844.5897448062897,0.1872,0.015503
844.6406359672546,0.18824,0.015295
844.6921129226685,0.18931,0.015389
844.7404828071594,0.19056,0.015507
844.7966713905334,0.19133,0.015464
844.8470077514648,0.19245,0.015505
844.8983306884766,0.19336,0.015474
844.9488275051117,0.19435,0.015407
844.9998626708984,0.19536,0.015477
845.0512928962708,0.19755,0.015399
845.1036465167999,0.19755,0.015475
845.1546518802643,0.19856,0.015289
845.2059667110443,0.2004,0.015525
845.2561337947845,0.20069,0.015332
845.3047387599945,0.20155,0.015502
845.3549659252167,0.20237,0.015493
845.4060430526733,0.20344,0.015503
845.4552335739136,0.20555,0.015346
845.5053405761719,0.20672,0.015309
845.5614287853241,0.20664,0.01549
845.61012840271,0.2076,0.015442
845.6651923656464,0.20872,0.015486
845.7136542797089,0.2096,0.015494
845.762797832489,0.21163,0.015538
845.8127479553223,0.21264,0.015646
845.8627054691315,0.21267,0.015501
845.916556596756,0.21389,0.015562
845.9661502838135,0.21467,0.015504
846.017124414444,0.21552,0.015599
846.0672521591187,0.21779,0.015482
846.1175355911255,0.21867,0.015525
846.17192029953,0.2196,0.015479
846.221127986908,0.21976,0.015509
846.2732224464417,0.22075,0.015576
846.3237512111664,0.22189,0.015626
846.3688714504242,0.22293,0.01552
846.4312770366669,0.22373,0.015601
846.4816718101501,0.22488,0.015506
846.5275161266327,0.22565,0.015558
846.5808484554291,0.22664,0.015483
846.6345517635345,0.22763,0.015387
846.682534456253,0.22864,0.015507
846.7337028980255,0.23072,0.015521
846.7857525348663,0.23171,0.01553
846.8372302055359,0.23181,0.015505
846.8832581043243,0.23267,0.015333
846.9383251667023,0.23355,0.015429
846.9908347129822,0.2348,0.015591
847.0414838790894,0.23667,0.015505
847.0922222137451,0.23656,0.015569
847.1479964256287,0.23781,0.01559
847.1949851512909,0.23891,0.01548
847.2470624446869,0.23957,0.015592
847.299220085144,0.24083,0.015451
847.3518228530884,0.24179,0.015431
847.4004337787628,0.2428,0.015441
847.4511334896088,0.24371,0.015368
847.5008461475372,0.24491,0.015436
847.5557548999786,0.24677,0.015386
847.6038551330566,0.24755,0.015427
847.6557524204254,0.24765,0.015395
847.7061116695404,0.24859,0.015405
847.7561538219452,0.2496,0.015477
847.809219121933,0.25179,0.015444
847.8587238788605,0.25291,0.015519
847.9068310260773,0.25251,0.015503
847.9628977775574,0.25339,0.015515
848.0127680301666,0.25445,0.015545
848.0619797706604,0.25541,0.015402
848.1124789714813,0.25653,0.015522
848.1608657836914,0.25837,0.015385
848.211344242096,0.25859,0.015465
848.2628252506256,0.25944,0.015441
848.3106858730316,0.26037,0.015521
848.3727073669434,0.26136,0.015273
848.4214670658112,0.26221,0.015297
848.4693160057068,0.26328,0.0154
848.5283312797546,0.26528,0.015211
848.5761756896973,0.26541,0.014779
848.6266539096832,0.26643,0.015275
848.6776525974274,0.26739,0.015339
848.7261662483215,0.26827,0.015121
848.7768940925598,0.26923,0.015334
848.8314619064331,0.26995,0.015552
848.8818707466125,0.27091,0.015553
848.9319014549255,0.27208,0.01561
848.9793128967285,0.27403,0.015454
849.0309567451477,0.27419,0.015339
849.0814554691315,0.27507,0.015478
849.1312494277954,0.27613,0.015494
849.1780376434326,0.27619,0.015432
849.2305581569672,0.27805,0.015425
849.2832453250885,0.27909,0.015503
849.3330833911896,0.28005,0.015507
849.3836121559143,0.28091,0.015551
849.4385576248169,0.28203,0.015481
849.4868087768555,0.28283,0.015595
849.5380525588989,0.28408,0.015515
849.5867693424225,0.28483,0.015503
849.6382529735565,0.28587,0.01555
849.6904878616333,0.28712,0.015543
849.7372934818268,0.28797,0.015346
849.7875735759735,0.28813,0.015502
849.839519739151,0.28915,0.015595
849.8930954933167,0.28979,0.015578
849.9425523281097,0.29083,0.015585
849.9898545742035,0.29187,0.015431
850.0417423248291,0.29368,0.015484
850.0960352420807,0.29483,0.015445
850.1441431045532,0.29579,0.015498
850.1973905563354,0.29661,0.015469
850.2438850402832,0.29771,0.015605
850.29447889328,0.29765,0.01547
850.3511514663696,0.29867,0.015506
850.4020845890045,0.29968,0.015609
850.4513154029846,0.30184,0.015552
850.4982781410217,0.30277,0.015662
850.5500228404999,0.3036,0.015519
850.600492477417,0.30376,0.015441
850.6538527011871,0.30552,0.015613
850.703647851944,0.30571,0.015553
850.7562975883484,0.30669,0.015547
850.8073163032532,0.30843,0.015517
850.8571424484253,0.30971,0.015383
850.9062325954437,0.31051,0.015229
850.9577789306641,0.31168,0.015531
851.0066108703613,0.31155,0.015446
851.0561740398407,0.31245,0.015492
851.1076617240906,0.31336,0.015501
851.1575610637665,0.31437,0.015493
851.2110939025879,0.015813,0.015582
851.2612371444702,0.01992,0.015591
851.3097026348114,0.022853,0.01563
851.3618326187134,0.02584,0.01561
851.4107460975647,0.02872,0.015464
851.4617080688477,0.031733,0.015547
851.5094621181488,0.031947,0.015521
851.5687687397003,0.037733,0.015475
851.6199049949646,0.03784,0.015535
851.6709206104279,0.043627,0.015542
851.7197420597076,0.04664,0.015551
851.7690365314484,0.04672,0.015497
851.8241605758667,0.04976,0.015746
851.8734605312347,0.052587,0.015555
851.9276044368744,0.055253,0.015485
851.977570772171,0.061013,0.015624
852.0257935523987,0.063733,0.015633
852.0785834789276,0.066613,0.01566
852.1283028125763,0.066773,0.015591
852.1807281970978,0.069307,0.015778
852.229079246521,0.074853,0.015565
852.2820069789886,0.07488,0.015693
852.3312356472015,0.07784,0.015576
852.3831198215485,0.080213,0.015676
852.4316275119781,0.083173,0.015632
852.482519865036,0.085733,0.015536
852.5328464508057,0.09104,0.015702
852.5825102329254,0.093547,0.015634
852.6338942050934,0.09632,0.015645
852.6854150295258,0.09624,0.015467
852.7374882698059,0.09888,0.015589
852.7842118740082,0.10163,0.015622
852.8402280807495,0.104,0.015509
852.8899405002594,0.10685,0.015714
852.9383718967438,0.10915,0.015655
852.9914090633392,0.11053,0.015624
853.0382564067841,0.11051,0.015733
853.0903596878052,0.11179,0.015517
853.1408581733704,0.11299,0.015618
853.1894261837006,0.11429,0.015708
853.2387330532074,0.11565,0.015617
853.2908065319061,0.11688,0.015512
853.3435328006744,0.11813,0.015701
853.391713142395,0.11928,0.015526
853.4439826011658,0.12032,0.015504
853.4877645969391,0.12171,0.015592
853.5456032752991,0.12259,0.015671
853.5952870845795,0.124,0.01551
853.6448075771332,0.12507,0.015539
853.694568157196,0.12539,0.015752
853.7459785938263,0.1276,0.015705
853.7960515022278,0.12872,0.015587
853.8457887172699,0.12992,0.01558
853.8982181549072,0.13125,0.0155
853.9494550228119,0.13224,0.015482
854.002771615982,0.13355,0.015541
854.0546889305115,0.13461,0.015585
854.1050004959106,0.13576,0.015588
854.1542937755585,0.13707,0.015493
854.2060506343842,0.13819,0.015389
854.2564833164215,0.13944,0.015514
854.3071823120117,0.14059,0.015472
854.3535809516907,0.1416,0.015578
854.4064617156982,0.14176,0.015542
854.4558246135712,0.14379,0.015561
854.5074162483215,0.14485,0.015459
854.5567290782928,0.14605,0.015626
854.6061820983887,0.1472,0.015426
854.6591095924377,0.14837,0.01545
854.7061378955841,0.14933,0.015436
854.7591507434845,0.15061,0.015482
854.8111126422882,0.15171,0.015374
854.8585438728333,0.15285,0.015499
854.912309885025,0.15376,0.015496
854.9613196849823,0.15488,0.015574
855.0100846290588,0.15475,0.015601
855.0632014274597,0.15595,0.015535
855.1105947494507,0.15827,0.015668
855.1630895137787,0.15819,0.015529
855.2104589939117,0.15963,0.015494
855.2609679698944,0.16168,0.015516
855.3123805522919,0.1616,0.015697
855.3607017993927,0.1628,0.015557
855.4134483337402,0.16371,0.015602
855.4672405719757,0.16595,0.015549
855.5169534683228,0.16696,0.015609
855.5655994415283,0.16712,0.015682
855.6191837787628,0.16899,0.015514
855.6674516201019,0.17011,0.015596
855.7207245826721,0.17013,0.015576
855.7683944702148,0.1712,0.01543
855.819929599762,0.17227,0.015525
855.8703253269196,0.17435,0.015579
855.9173562526703,0.17547,0.015455
855.9707310199738,0.17531,0.015714
856.0179262161255,0.17651,0.015425
856.071286201477,0.17747,0.01557
856.1205599308014,0.17971,0.015502
856.1707954406738,0.18077,0.015535
856.2221746444702,0.1808,0.015468
856.2726602554321,0.18184,0.015419
856.3213832378387,0.18291,0.015437
856.3707778453827,0.18395,0.015556
856.4244074821472,0.18491,0.015501
856.4722304344177,0.18589,0.015511
856.5233750343323,0.18709,0.015515
856.5737614631653,0.18805,0.015531
856.6210308074951,0.18925,0.015512
856.6760578155518,0.19016,0.015451
856.7243285179138,0.19107,0.015629
856.7766678333282,0.192,0.01554
856.8269321918488,0.19325,0.015503
856.8746943473816,0.19432,0.015451
856.925689458847,0.1952,0.015517
856.9761426448822,0.19621,0.015433
857.029137134552,0.19736,0.015469
857.0783247947693,0.19819,0.015382
857.1287546157837,0.19952,0.015432
857.1806237697601,0.19947,0.015494
857.2295641899109,0.20152,0.015558
857.2836403846741,0.20245,0.015402
857.3335416316986,0.20365,0.015543
857.3827059268951,0.20445,0.015479
857.4332222938538,0.20557,0.015484
857.4807941913605,0.20656,0.015431
857.5343065261841,0.20757,0.015537
857.584310054779,0.20869,0.015535
857.6338231563568,0.20963,0.015487
857.6851630210876,0.21067,0.015523
857.7353789806366,0.21163,0.01561
857.7849156856537,0.21256,0.0156
857.8391900062561,0.21349,0.015651
857.8904557228088,0.21472,0.015519
857.9366829395294,0.21568,0.015553
857.990213394165,0.21659,0.015492
858.0377860069275,0.21672,0.015627
858.0900375843048,0.21773,0.015562
858.1368405818939,0.2196,0.015558
858.1902468204498,0.22064,0.015562
858.2425277233124,0.22176,0.015614
858.2904036045074,0.22272,0.015479
858.3416562080383,0.22269,0.015615
858.3894321918488,0.22376,0.015574
858.4480409622192,0.22453,0.015597
858.4983479976654,0.22669,0.015498
858.5461628437042,0.22768,0.015607
858.5982294082642,0.2288,0.015447
858.6446576118469,0.22979,0.015631
858.7005431652069,0.22987,0.015391
858.7453474998474,0.23069,0.015528
858.7979526519775,0.23155,0.015577
858.8495483398438,0.23368,0.015414
858.9004764556885,0.23467,0.015484
858.95130443573,0.23557,0.015406
858.998526096344,0.23653,0.015513
859.0482623577118,0.23656,0.015545
859.0999908447266,0.23851,0.015378
859.1587538719177,0.23963,0.015579
859.2056999206543,0.24043,0.015477
859.2576220035553,0.24053,0.01541
859.3094832897186,0.24165,0.0155
859.3622405529022,0.24256,0.015479
859.412424325943,0.24331,0.015493
859.4609041213989,0.24552,0.015414
859.5107660293579,0.24571,0.015465
859.5681245326996,0.24653,0.015498
859.6161975860596,0.24867,0.015511
859.6665136814117,0.24832,0.015539
859.72318983078,0.24957,0.015451
859.7741656303406,0.25045,0.015322
859.8222124576569,0.25139,0.015413
859.8733575344086,0.2532,0.01547
859.923877954483,0.25448,0.01537
859.9749083518982,0.25523,0.015697
860.0259144306183,0.25632,0.015491
860.0800890922546,0.25709,0.015424
860.1303062438965,0.25712,0.015542
860.178272485733,0.25824,0.015473
860.2293362617493,0.25933,0.01575
860.2822995185852,0.26123,0.015519
860.3305037021637,0.26203,0.01543
860.3804640769958,0.26325,0.015497
860.4303622245789,0.26408,0.015313
860.481910943985,0.26531,0.015528
860.5343105792999,0.2652,0.015411
860.5834350585938,0.26621,0.015471
860.6323683261871,0.26704,0.015362
860.6857030391693,0.26816,0.015393
860.7378008365631,0.26917,0.015501
860.7860059738159,0.26997,0.015453
860.8358500003815,0.27192,0.015453
860.8900737762451,0.27203,0.015495
860.9400835037231,0.27307,0.015559
860.9886736869812,0.27384,0.015518
861.0400080680847,0.27501,0.015382
861.0871403217316,0.276,0.015485
861.1422793865204,0.27787,0.015479
861.1896376609802,0.27808,0.015651
861.2413942813873,0.27885,0.015511
861.2934730052948,0.27981,0.015568
861.3435153961182,0.28085,0.015432
861.3945937156677,0.28176,0.015543
861.4442887306213,0.28264,0.015762
861.4921853542328,0.28379,0.015669
861.5436315536499,0.28493,0.015359
861.5990188121796,0.28699,0.015568
861.6475915908813,0.2868,0.015496
861.6958560943604,0.28773,0.015519
861.7503063678741,0.28856,0.015593
861.798407793045,0.28979,0.015576
861.8515973091125,0.29067,0.015357
861.9009323120117,0.29272,0.015578
861.9507455825806,0.29251,0.015449
862.0044479370117,0.2936,0.015435
862.055103302002,0.29488,0.015515
862.1052768230438,0.29584,0.015534
862.1533298492432,0.29576,0.01544
862.208988904953,0.29763,0.015444
862.2579123973846,0.29843,0.015505
862.3090264797211,0.29875,0.015485
862.3563523292542,0.30077,0.015414
862.406103849411,0.30149,0.015442
862.4594557285309,0.30248,0.015405
862.5091814994812,0.30347,0.015463
862.5586030483246,0.30461,0.015513
862.6099472045898,0.30549,0.015509
862.6600458621979,0.30643,0.015476
862.711042881012,0.30648,0.015514
862.7649281024933,0.30757,0.015618
862.8127682209015,0.30941,0.01551
862.8642036914825,0.31043,0.015504
862.9175279140472,0.31141,0.015554
862.9646632671356,0.3124,0.015494
863.0172924995422,0.31333,0.015518
863.069831609726,0.31437,0.015556
863.1187784671783,0.020933,0.015605
863.1688888072968,0.015067,0.015596
863.2248618602753,0.01952,0.015749
863.2721967697144,0.022667,0.015697
863.3212976455688,0.022507,0.015568
863.3734247684479,0.025707,0.015574
863.4292347431183,0.028587,0.01553
863.4778938293457,0.034667,0.015616
863.528074502945,0.037653,0.015589
863.5788235664368,0.040427,0.015652
863.6306428909302,0.0436,0.015566
863.680139541626,0.04656,0.01557
863.7353656291962,0.049413,0.01557
863.7837047576904,0.05224,0.015461
863.8398311138153,0.055173,0.015575
863.8907327651978,0.057947,0.015515
863.9380121231079,0.060613,0.015746
863.9915747642517,0.063627,0.015628
864.0429816246033,0.066373,0.015542
864.0914223194122,0.069147,0.01567
864.1419796943665,0.07192,0.015606
864.1951231956482,0.072133,0.015674
864.2450771331787,0.07472,0.015591
864.2913167476654,0.079973,0.015731
864.3499937057495,0.082773,0.015691
864.4008548259735,0.082827,0.015684
864.4497282505035,0.088107,0.015702
864.4985537528992,0.087973,0.015636
864.5486974716187,0.090827,0.015626
864.6019978523254,0.09608,0.015641
864.6584916114807,0.098693,0.015669
864.7069711685181,0.10139,0.015678
864.7593760490417,0.1012,0.015685
864.806807756424,0.10421,0.015564
864.8597068786621,0.10656,0.015749
864.9089105129242,0.10781,0.015723
864.959793806076,0.10907,0.015673
865.0068423748016,0.11032,0.015745
865.0607407093048,0.11256,0.015669
865.110077381134,0.11408,0.015719
865.162008523941,0.11405,0.015669
865.212721824646,0.11515,0.015687
865.26038646698,0.11648,0.015648
865.3131070137024,0.11744,0.015608
865.3652274608612,0.12021,0.015695
865.4151365756989,0.12155,0.015564
865.4685451984406,0.12253,0.015627
865.5156247615814,0.12261,0.015602
865.5656836032867,0.12381,0.015687
865.6167118549347,0.12528,0.015555
865.6723392009735,0.12755,0.015486
865.7204828262329,0.12845,0.015626
865.7694952487946,0.12981,0.015671
865.8202776908875,0.12992,0.015569
865.8733465671539,0.13109,0.015513
865.9222912788391,0.13211,0.015437
865.9693608283997,0.13325,0.015628
866.019782781601,0.13435,0.015574
866.0706634521484,0.13563,0.015542
866.1213865280151,0.13667,0.015525
866.1740267276764,0.13915,0.01556
866.2266938686371,0.14032,0.015579
866.2749652862549,0.1412,0.01559
866.3240740299225,0.14147,0.015507
866.3801736831665,0.14379,0.015471
866.4292044639587,0.14381,0.015497
866.4853148460388,0.14483,0.015539
866.5358443260193,0.14597,0.015453
866.5845000743866,0.14715,0.015501
866.6402530670166,0.14824,0.015629
866.6937839984894,0.1504,0.015635
866.7413148880005,0.15155,0.015487
866.7926690578461,0.15259,0.015511
866.8472402095795,0.15283,0.015619
866.8956520557404,0.15373,0.015534
866.9453525543213,0.15475,0.01537
866.9948182106018,0.156,0.015581
867.0487334728241,0.15813,0.015619
867.0997009277344,0.15941,0.015606
867.1482789516449,0.1592,0.015633
867.1972880363464,0.1604,0.015634
867.2503008842468,0.16139,0.015579
867.2995455265045,0.16371,0.015549
867.3492698669434,0.16371,0.015675
867.4011693000793,0.16587,0.015613
867.4514474868774,0.16597,0.015566
867.5045413970947,0.16784,0.015556
867.5544791221619,0.168,0.015616
867.6060163974762,0.16917,0.015688
867.6568610668182,0.17043,0.015713
867.7053782939911,0.17107,0.015839
867.7587957382202,0.17208,0.015562
867.8064160346985,0.17317,0.015626
867.8589217662811,0.17432,0.01548
867.9080731868744,0.17541,0.01551
867.9608933925629,0.17757,0.015591
868.0067312717438,0.17757,0.01552
868.060788154602,0.17864,0.015671
868.1096754074097,0.17989,0.015485
868.1576917171478,0.18085,0.015586
868.2119181156158,0.18088,0.015552
868.2595326900482,0.18381,0.015575
868.3124012947083,0.184,0.015621
868.3615329265594,0.18493,0.015584
868.4161517620087,0.18584,0.015575
868.4635288715363,0.18696,0.015519
868.5158760547638,0.18701,0.01562
868.5704383850098,0.18909,0.015586
868.6193647384644,0.18995,0.015549
868.6727895736694,0.19104,0.015515
868.722288608551,0.19224,0.015581
868.7723016738892,0.19325,0.015296
868.8231933116913,0.19408,0.015494
868.8735473155975,0.19517,0.015539
868.9233937263489,0.19581,0.015539
868.974499464035,0.19736,0.015551
869.0246350765228,0.19821,0.015363
869.071834564209,0.19923,0.015389
869.1249120235443,0.20056,0.015471
869.1726627349854,0.20029,0.015401
869.2241122722626,0.20229,0.015391
869.2818744182587,0.20328,0.015507
869.3308801651001,0.20427,0.015495
869.3795437812805,0.20531,0.015438
869.4336104393005,0.20539,0.015454
869.4812271595001,0.20648,0.015553
869.5342905521393,0.20736,0.01551
869.5852739810944,0.20851,0.015517
869.632078409195,0.20963,0.015551
869.6910936832428,0.21027,0.015454
869.7414066791534,0.2124,0.015532
869.787563085556,0.21347,0.015505
869.8451044559479,0.21435,0.015418
869.8912155628204,0.2156,0.015399
869.9480497837067,0.21667,0.015549
869.9967513084412,0.21755,0.015514
870.0491764545441,0.21851,0.015662
870.0965888500214,0.21851,0.015554
870.1485688686371,0.22075,0.015574
870.1976857185364,0.22165,0.015446
870.249668598175,0.22251,0.015563
870.2960202693939,0.22352,0.015583
870.3544299602509,0.22456,0.015531
870.4039142131805,0.22549,0.015627
870.4519300460815,0.22568,0.015548
870.5048270225525,0.22661,0.015586
870.5540971755981,0.22851,0.015648
870.6017076969147,0.22955,0.015391
870.6590716838837,0.23061,0.015493
870.7109184265137,0.23149,0.01543
870.7612013816833,0.23253,0.015361
870.8082792758942,0.23243,0.015331
870.8614382743835,0.23349,0.01545
870.9145171642303,0.23557,0.015453
870.962972164154,0.23653,0.015468
871.0148415565491,0.23757,0.015573
871.0622706413269,0.2384,0.015535
871.1125292778015,0.23936,0.015479
871.1638457775116,0.24043,0.015593
871.2159647941589,0.24061,0.015485
871.2669007778168,0.24144,0.015653
871.3162744045258,0.24261,0.015512
871.3645489215851,0.2444,0.015482
871.4169955253601,0.24544,0.01542
871.4694375991821,0.2464,0.015497
871.5177438259125,0.24755,0.015443
871.573011636734,0.24765,0.01549
871.6206786632538,0.24949,0.015408
871.6726477146149,0.25045,0.015534
871.7212085723877,0.25131,0.015544
871.7742602825165,0.25163,0.015372
871.8205814361572,0.25248,0.015489
871.8718423843384,0.25349,0.015601
871.923388004303,0.25539,0.015486
871.9728760719299,0.25629,0.015473
872.025340795517,0.25744,0.01561
872.0762054920197,0.25832,0.015556
872.1244838237762,0.25936,0.015531
872.1743900775909,0.25952,0.015431
872.2261972427368,0.26053,0.015611
872.2805762290955,0.26136,0.01561
872.3305289745331,0.26341,0.015424
872.3786706924438,0.26405,0.015473
872.4311690330505,0.26528,0.015488
872.482342004776,0.26523,0.015523
872.5325381755829,0.26621,0.01548
872.5849132537842,0.26728,0.015304
872.6338028907776,0.26808,0.015433
872.6839063167572,0.26907,0.015452
872.7328684329987,0.27011,0.01543
872.7856483459473,0.27011,0.015499
872.8350625038147,0.27288,0.015468
872.8850963115692,0.27315,0.01553
872.9393239021301,0.27421,0.015475
872.984836101532,0.27507,0.015451
873.0383186340332,0.276,0.015573
873.0913512706757,0.27717,0.015563
873.1371166706085,0.278,0.015428
873.190238237381,0.27821,0.01554
873.2407004833221,0.28003,0.015513
873.2994067668915,0.28093,0.015511
873.3504869937897,0.28192,0.015572
873.4035885334015,0.28301,0.015568
873.4526798725128,0.28499,0.015573
873.5024991035461,0.28597,0.015413
873.5534718036652,0.28589,0.015505
873.6035702228546,0.28667,0.015483
873.6529941558838,0.28779,0.015441
873.7039132118225,0.28875,0.015555
873.7533116340637,0.28968,0.015449
873.8053295612335,0.29077,0.015416
873.8585498332977,0.29141,0.015279
873.9089691638947,0.29264,0.015299
873.9587240219116,0.29365,0.015536
874.0073609352112,0.2948,0.015429
874.0588519573212,0.29571,0.015555
874.1092944145203,0.29661,0.015549
874.1623778343201,0.29755,0.015509
874.2109258174896,0.29864,0.015476
874.2602291107178,0.30056,0.015521
874.3110980987549,0.30077,0.01549
874.3646836280823,0.30149,0.015572
874.4153001308441,0.3024,0.015458
874.4633359909058,0.30341,0.015517
874.5174171924591,0.3044,0.015575
874.5643589496613,0.30555,0.015471
874.6204357147217,0.30643,0.015417
874.6690244674683,0.30843,0.01544
874.7205674648285,0.30851,0.015407
874.7742381095886,0.30936,0.015558
874.8196966648102,0.31045,0.015546
874.8746647834778,0.31109,0.015507
874.9252376556396,0.31221,0.015465
874.975047826767,0.31224,0.015692
875.0246727466583,0.31435,0.01558
875.0724115371704,0.01512,0.015529
875.1256222724915,0.01712,0.015501
875.1759479045868,0.01968,0.015658
875.2261412143707,0.022347,0.015525
875.2762558460236,0.0256,0.015522
875.3268375396729,0.02544,0.015597
875.3759531974792,0.03144,0.015515
875.4301235675812,0.031627,0.015415
875.4843192100525,0.03432,0.015446
875.5321063995361,0.040453,0.015637
875.5823419094086,0.043387,0.015634
875.6339645385742,0.046187,0.015671
875.684458732605,0.049173,0.015631
875.7359919548035,0.05208,0.01559
875.787017583847,0.052107,0.015736
875.8344578742981,0.057867,0.015682
875.8874542713165,0.057733,0.015591
875.9389805793762,0.063573,0.015598
875.9886741638184,0.066187,0.015691
876.036651134491,0.06912,0.015702
876.0884592533112,0.071947,0.015472
876.1383728981018,0.07456,0.015624
876.1876385211945,0.077307,0.015628
876.2387781143188,0.08,0.015641
876.2898302078247,0.079973,0.015623
876.3386511802673,0.082827,0.015643
876.388115644455,0.08544,0.015661
876.4395158290863,0.088,0.015503
876.4846293926239,0.093387,0.015624
876.5382730960846,0.096,0.015622
876.5917892456055,0.09856,0.015707
876.6453542709351,0.098613,0.015691
876.6955351829529,0.10144,0.015735
876.7429404258728,0.10379,0.015728
876.796795129776,0.10773,0.015873
876.8452024459839,0.10896,0.015791
876.8969650268555,0.11027,0.015806
876.9469058513641,0.11021,0.015696
876.9957592487335,0.11149,0.015716
877.0490984916687,0.1128,0.015721
877.0964758396149,0.11403,0.015686
877.1485657691956,0.11624,0.015679
877.1982719898224,0.1164,0.015714
877.248538017273,0.11763,0.015708
877.3011214733124,0.11917,0.015693
877.3495378494263,0.12019,0.015596
877.4004325866699,0.12139,0.01563
877.4511406421661,0.12251,0.015682
877.5021984577179,0.12379,0.015657
877.5547320842743,0.12464,0.015636
877.6020848751068,0.12603,0.015594
877.6567850112915,0.12837,0.015615
877.7053139209747,0.12853,0.015619
877.75683426857,0.12973,0.015619
877.807834148407,0.13083,0.015524
877.8581359386444,0.13203,0.015578
877.903116941452,0.13448,0.015468
877.9542453289032,0.13464,0.015566
878.0071549415588,0.13547,0.015529
878.0591626167297,0.13667,0.015553
878.1093633174896,0.13768,0.015617
878.1587173938751,0.13915,0.01551
878.2129609584808,0.14021,0.015575
878.2652623653412,0.14117,0.015394
878.3140437602997,0.14237,0.015579
878.3685681819916,0.14349,0.015543
878.4184603691101,0.14485,0.015471
878.4669358730316,0.14592,0.015581
878.5177886486053,0.14712,0.01559
878.5713386535645,0.14816,0.015586
878.6258792877197,0.14915,0.015562
878.6728045940399,0.15024,0.015477
878.7252466678619,0.15139,0.015546
878.7749547958374,0.15251,0.015504
878.8257563114166,0.15373,0.01551
878.8774247169495,0.15485,0.015576
878.9264178276062,0.15579,0.015565
878.9752826690674,0.15712,0.015549
879.0310301780701,0.15712,0.015637
879.0811426639557,0.15944,0.01548
879.1319622993469,0.16016,0.015502
879.1838736534119,0.16147,0.015568
879.2322912216187,0.16253,0.015559
879.2846426963806,0.16339,0.015589
879.3355412483215,0.16475,0.015577
879.3845217227936,0.16571,0.01554
879.4305562973022,0.16675,0.015547
879.4833822250366,0.16699,0.015458
879.5387382507324,0.16877,0.015604
879.5863881111145,0.16989,0.015629
879.6396241188049,0.17107,0.01559
879.687481880188,0.17224,0.015615
879.7427957057953,0.17328,0.01573
879.7909662723541,0.17432,0.015724
879.8426523208618,0.17539,0.015674
879.891074180603,0.17637,0.015659
879.9419672489166,0.17645,0.015475
879.9923703670502,0.17755,0.015711
880.0415887832642,0.17965,0.015517
880.0941851139069,0.17949,0.015532
880.1407635211945,0.18061,0.015637
880.1949417591095,0.18275,0.015647
880.243974685669,0.18387,0.015647
880.2940475940704,0.18493,0.015563
880.3449141979218,0.18573,0.01565
880.3926064968109,0.18712,0.015619
880.4440853595734,0.18787,0.015665
880.495715379715,0.18784,0.015661
880.5485537052155,0.18992,0.015616
880.5979285240173,0.19112,0.01567
880.6494770050049,0.19213,0.015448
880.6990089416504,0.19307,0.015519
880.7480883598328,0.194,0.015559
880.796183347702,0.19405,0.015352
880.8504402637482,0.19499,0.015456
880.8992087841034,0.19605,0.015485
880.9495432376862,0.19725,0.015445
881.0014615058899,0.19792,0.015452
881.0485830307007,0.20011,0.015557
881.0987355709076,0.2,0.015477
881.1537883281708,0.20224,0.015483
881.2015450000763,0.20227,0.015387
881.2522141933441,0.2036,0.015483
881.3047821521759,0.20435,0.015404
881.3531529903412,0.20536,0.015501
881.4044003486633,0.20728,0.015513
881.4562866687775,0.2084,0.015523
881.510987997055,0.20861,0.015446
881.5591666698456,0.20944,0.015226
881.6095538139343,0.21056,0.015547
881.6680963039398,0.21155,0.015459
881.7159852981567,0.21245,0.015492
881.767153263092,0.21448,0.015446
881.8201944828033,0.21539,0.015454
881.8691556453705,0.21637,0.015472
881.9200401306152,0.21733,0.015439
881.9698176383972,0.21736,0.015562
882.019692659378,0.21869,0.01555
882.0723369121552,0.21952,0.015542
882.1253151893616,0.22053,0.015484
882.1741416454315,0.22139,0.015654
882.2255334854126,0.22245,0.015573
882.2776958942413,0.22347,0.01553
882.3242797851562,0.22552,0.015526
882.3758828639984,0.22531,0.015517
882.4273574352264,0.22651,0.01556
882.4776268005371,0.22757,0.015487
882.5273051261902,0.22944,0.015627
882.5791697502136,0.23059,0.015673
882.6292672157288,0.23048,0.015536
882.6793375015259,0.23136,0.015653
882.7300524711609,0.23253,0.015427
882.7789459228516,0.23344,0.015572
882.8310036659241,0.23467,0.015597
882.8804051876068,0.23552,0.015627
882.9282810688019,0.23643,0.0157
882.9758815765381,0.23763,0.01553
883.0271258354187,0.23845,0.015561
883.0851452350616,0.23957,0.015698
883.134251832962,0.24045,0.01563
883.1833198070526,0.24043,0.015617
883.2326793670654,0.24253,0.01562
883.2847743034363,0.24352,0.015634
883.3357853889465,0.24443,0.01572
883.3910505771637,0.24531,0.015618
883.4402096271515,0.2464,0.015617
883.4865071773529,0.24747,0.015648
883.540087223053,0.2484,0.015581
883.5933964252472,0.24947,0.015612
883.6415500640869,0.2504,0.015541
883.6932103633881,0.25139,0.015637
883.7410666942596,0.2524,0.015585
883.7993733882904,0.25325,0.015484
883.8473882675171,0.25408,0.01549
883.8963122367859,0.25531,0.015498
883.9493339061737,0.25627,0.015403
884.0012669563293,0.25717,0.015391
884.0527992248535,0.25805,0.015331
884.102915763855,0.25816,0.015473
884.1517775058746,0.26027,0.015531
884.2007443904877,0.26133,0.015465
884.2503979206085,0.26235,0.015514
884.3030295372009,0.26221,0.015568
884.3561563491821,0.26427,0.015466
884.4034085273743,0.26515,0.01541
884.455363035202,0.26613,0.015321
884.5052073001862,0.26723,0.015319
884.5554184913635,0.26811,0.015495
884.6049103736877,0.26896,0.015617
884.6608564853668,0.26907,0.015543
884.712408542633,0.27112,0.015413
884.7618753910065,0.27211,0.015478
884.8130159378052,0.27299,0.015458
884.8617560863495,0.27411,0.015481
884.9128096103668,0.27509,0.01547
884.9643740653992,0.27587,0.015417
885.0129244327545,0.2768,0.015562
885.0645356178284,0.27784,0.015463
885.1171627044678,0.27813,0.015543
885.164591550827,0.27915,0.015626
885.2185080051422,0.28096,0.015489
885.2678036689758,0.282,0.015496
885.3186519145966,0.28288,0.015315
885.3740603923798,0.28373,0.015571
885.4232311248779,0.28493,0.015453
885.4733462333679,0.28485,0.015547
885.5220267772675,0.28579,0.015506
885.5719118118286,0.28696,0.015488
885.626219034195,0.28795,0.015586
885.676186800003,0.28979,0.015572
885.7252595424652,0.29067,0.015475
885.7749829292297,0.29165,0.015442
885.8304252624512,0.29269,0.01541
885.8771233558655,0.2928,0.015478
885.9326167106628,0.29379,0.015477
885.9805455207825,0.29469,0.015445
886.0387134552002,0.29688,0.015629
886.0885858535767,0.29763,0.015363
886.1362497806549,0.29869,0.015438
886.1874165534973,0.29963,0.015454
886.2362606525421,0.29963,0.015257
886.2922711372375,0.30152,0.015594
886.3394501209259,0.30251,0.015317
886.3959136009216,0.3036,0.015433
886.4483773708344,0.30461,0.015413
886.4982597827911,0.30467,0.015363
886.5505111217499,0.30651,0.015487
886.5972232818604,0.30763,0.015544
886.6485092639923,0.30755,0.015523
886.7007658481598,0.30947,0.015427
886.7495861053467,0.30952,0.015535
886.8018140792847,0.31043,0.015429
886.8507056236267,0.31163,0.015537
886.9001820087433,0.31347,0.015448
886.9520812034607,0.31419,0.015559
887.0019521713257,0.01656,0.015474
887.0547118186951,0.017627,0.015816
887.1061227321625,0.016693,0.015509
887.1539878845215,0.022267,0.015547
887.2054960727692,0.022293,0.015712
887.2557301521301,0.02536,0.015647
887.3069679737091,0.031387,0.015458
887.3596737384796,0.03432,0.015517
887.4096193313599,0.037467,0.015415
887.4595460891724,0.037227,0.01556
887.5090153217316,0.0404,0.015467
887.5611419677734,0.04496,0.015518
887.6153063774109,0.046107,0.015618
887.6670582294464,0.048987,0.015521
887.7197737693787,0.054773,0.015721
887.7688376903534,0.057787,0.015646
887.8163297176361,0.060507,0.015589
887.8682844638824,0.06312,0.015698
887.9209895133972,0.063147,0.01554
887.9704897403717,0.06888,0.015555
888.022741317749,0.069147,0.015675
888.070962190628,0.071893,0.01557
888.1230461597443,0.074453,0.01565
888.1709232330322,0.077147,0.015533
888.2219851016998,0.082427,0.015762
888.2726504802704,0.0852,0.015605
888.322515964508,0.085333,0.015625
888.3731966018677,0.088,0.015597
888.42431640625,0.09048,0.015735
888.4746780395508,0.093333,0.015654
888.5245904922485,0.09576,0.015842
888.5730631351471,0.098427,0.015792
888.6231341362,0.10104,0.01591
888.6726639270782,0.10635,0.015951
888.7216463088989,0.10629,0.015734
888.7756202220917,0.10749,0.015903
888.8257253170013,0.10899,0.015926
888.8782579898834,0.11005,0.015731
888.9263558387756,0.11133,0.015722
888.9799621105194,0.1124,0.015903
889.0271587371826,0.11376,0.015792
889.0787405967712,0.11403,0.015806
889.1300735473633,0.11629,0.015742
889.1822061538696,0.11795,0.015693
889.2318584918976,0.1192,0.015602
889.2845711708069,0.12008,0.015509
889.3324327468872,0.12136,0.015513
889.3888108730316,0.12243,0.015593
889.4403495788574,0.12371,0.015449
889.4885158538818,0.12491,0.015415
889.5406005382538,0.12504,0.015606
889.5876076221466,0.12731,0.01549
889.6394436359406,0.12843,0.01567
889.687718629837,0.1296,0.015475
889.7380294799805,0.13072,0.015496
889.7952580451965,0.13203,0.015552
889.8434541225433,0.13331,0.015507
889.8932976722717,0.13325,0.015652
889.9431896209717,0.13549,0.015473
889.9935581684113,0.13667,0.015599
890.0494904518127,0.13779,0.015462
890.0975441932678,0.13907,0.015413
890.1473689079285,0.14013,0.015575
890.2036869525909,0.1412,0.015517
890.2531542778015,0.14141,0.015551
890.3052763938904,0.14347,0.015487
890.356645822525,0.14472,0.015574
890.4051940441132,0.14581,0.015573
890.4562382698059,0.14672,0.015482
890.5041406154633,0.14811,0.0156
890.5587906837463,0.14821,0.015585
890.6112613677979,0.14912,0.015552
890.655681848526,0.15139,0.015376
890.7098956108093,0.15245,0.01565
890.7630658149719,0.15352,0.015524
890.8112428188324,0.15491,0.015623
890.8594477176666,0.15571,0.015453
890.9081313610077,0.1568,0.015433
890.9646310806274,0.15813,0.015721
891.0104217529297,0.15795,0.015494
891.0650532245636,0.16005,0.015479
891.1159625053406,0.16109,0.015656
891.1636955738068,0.1624,0.015559
891.2153539657593,0.16357,0.015497
891.2642471790314,0.16357,0.015559
891.31596326828,0.1656,0.015663
891.36741065979,0.16677,0.015497
891.417733669281,0.16765,0.015772
891.4697740077972,0.1688,0.015767
891.5187747478485,0.16976,0.015605
891.568864107132,0.16984,0.015702
891.6195759773254,0.17117,0.015734
891.670125246048,0.17195,0.015759
891.7218942642212,0.17392,0.01586
891.7740385532379,0.17528,0.015568
891.8255996704102,0.1752,0.015793
891.8738822937012,0.17635,0.015759
891.9228899478912,0.17728,0.015805
891.9752645492554,0.17829,0.01573
892.024816274643,0.18059,0.015828
892.0761263370514,0.18149,0.015733
892.1261177062988,0.18248,0.015613
892.1756737232208,0.18259,0.015605
892.2286458015442,0.18379,0.015687
892.2816257476807,0.18464,0.015748
892.3304615020752,0.1868,0.015722
892.3802335262299,0.18771,0.015612
892.4325742721558,0.18872,0.015569
892.4792785644531,0.18989,0.015604
892.5327301025391,0.18981,0.015678
892.5824010372162,0.19088,0.015663
892.6357960700989,0.19213,0.015665
892.6821746826172,0.19304,0.015607
892.7337160110474,0.19389,0.015415
892.7823748588562,0.19507,0.015551
892.8351609706879,0.19712,0.015464
892.8868055343628,0.19717,0.015493
892.9430084228516,0.19797,0.015483
892.9948918819427,0.1992,0.015536
893.0466921329498,0.20131,0.015513
893.0967240333557,0.2012,0.015433
893.1434240341187,0.20251,0.015522
893.1966729164124,0.20341,0.015526
893.243111371994,0.20451,0.015426
893.2998833656311,0.20555,0.015462
893.3486387729645,0.20555,0.015496
893.398993730545,0.20728,0.015576
893.4478118419647,0.20853,0.015458
893.5019710063934,0.20936,0.015408
893.550080537796,0.2104,0.015512
893.599529504776,0.21125,0.015576
893.6501142978668,0.2124,0.015658
893.702011346817,0.21344,0.015503
893.7490835189819,0.21456,0.015501
893.8038308620453,0.21656,0.015634
893.8561413288116,0.21643,0.015477
893.9056439399719,0.21757,0.01564
893.9587709903717,0.21843,0.015613
894.007527589798,0.21971,0.015618
894.0612218379974,0.22056,0.015605
894.111711025238,0.22248,0.015522
894.162136554718,0.22259,0.015581
894.2110829353333,0.22352,0.015492
894.2626211643219,0.22456,0.015574
894.3120453357697,0.22565,0.015561
894.3599255084991,0.22664,0.015487
894.4148464202881,0.22763,0.01569
894.4717800617218,0.22861,0.015625
894.5194056034088,0.2296,0.015618
894.5741193294525,0.23149,0.015721
894.6231913566589,0.23176,0.015652
894.675990819931,0.23243,0.015772
894.7269101142883,0.23363,0.015664
894.7756352424622,0.23435,0.01564
894.8244481086731,0.23536,0.015827
894.8759412765503,0.23635,0.016002
894.9261765480042,0.23741,0.016018
894.9757554531097,0.2384,0.015886
895.0292544364929,0.24035,0.015588
895.0796272754669,0.24136,0.015821
895.1302635669708,0.24149,0.015753
895.1794428825378,0.24229,0.015845
895.2316508293152,0.24349,0.015657
895.2822258472443,0.24437,0.015682
895.3313126564026,0.24544,0.015695
895.3873398303986,0.24651,0.015819
895.4354264736176,0.24739,0.015767
895.4875128269196,0.24933,0.015568
895.5343520641327,0.24949,0.015574
895.5879147052765,0.25029,0.015499
895.6416900157928,0.25117,0.01559
895.6903805732727,0.25224,0.015502
895.7448515892029,0.2532,0.015492
895.7944841384888,0.25421,0.015398
895.8435769081116,0.25421,0.0155
895.8925511837006,0.25528,0.015436
895.9461314678192,0.25621,0.015392
895.9962995052338,0.25827,0.015511
896.0447657108307,0.25917,0.015711
896.0976707935333,0.26013,0.015514
896.1469976902008,0.26125,0.015523
896.1974563598633,0.26208,0.0156
896.2489609718323,0.26307,0.015527
896.297623872757,0.26408,0.015597
896.3488450050354,0.264,0.015641
896.4004054069519,0.26608,0.015715
896.4483087062836,0.2672,0.015269
896.5004007816315,0.2684,0.015378
896.5455310344696,0.2692,0.015457
896.5991070270538,0.26907,0.015509
896.6522414684296,0.27109,0.015599
896.7020099163055,0.27107,0.015631
896.7493081092834,0.27179,0.015511
896.8020243644714,0.27403,0.015481
896.855128288269,0.27483,0.015477
896.9028158187866,0.27584,0.015654
896.9529983997345,0.27707,0.015537
897.0032615661621,0.2768,0.015603
897.0551991462708,0.27779,0.015607
897.1071422100067,0.27893,0.015573
897.154580116272,0.27979,0.015622
897.2108080387115,0.28173,0.015538
897.2591254711151,0.28259,0.015654
897.3095080852509,0.2836,0.015623
897.3603782653809,0.28376,0.015617
897.4135842323303,0.28557,0.015497
897.4660234451294,0.28571,0.015599
897.5153391361237,0.28672,0.015605
897.5650022029877,0.28779,0.015584
897.615523815155,0.28933,0.015626
897.6661529541016,0.29075,0.015551
897.718088388443,0.29075,0.015586
897.7653105258942,0.29163,0.015586
897.8160095214844,0.29368,0.015702
897.8674170970917,0.29461,0.015615
897.9215843677521,0.29563,0.015649
897.9713521003723,0.29587,0.015366
898.0198154449463,0.29752,0.015872
898.0702848434448,0.29763,0.015617
898.1259758472443,0.29859,0.015626
898.1760566234589,0.30048,0.015707
898.224766254425,0.30147,0.015566
898.2755036354065,0.30128,0.015581
898.3256516456604,0.30339,0.015497
898.3754949569702,0.30349,0.015589
898.4275751113892,0.30448,0.015471
898.4761855602264,0.30547,0.015578
898.5285160541534,0.30645,0.015387
898.5759987831116,0.30736,0.0155
898.6273727416992,0.30917,0.015543
898.6798634529114,0.30947,0.015527
898.7282953262329,0.31035,0.01558
898.7778117656708,0.31131,0.015618
898.8274385929108,0.31227,0.015602
898.8817729949951,0.31312,0.015641
898.9302971363068,0.31419,0.015638
898.9802892208099,0.015013,0.01548
899.032556772232,0.01664,0.015603
899.0846300125122,0.019173,0.015682
899.1329593658447,0.022053,0.015668
899.1810824871063,0.02504,0.015384
899.2320358753204,0.028373,0.015687
899.2866268157959,0.03128,0.015697
899.3374707698822,0.034133,0.015616
899.3883421421051,0.03736,0.015745
899.4359576702118,0.040133,0.015658
899.487701177597,0.043067,0.01558
899.5366287231445,0.046213,0.015678
899.5881495475769,0.049013,0.015681
899.635059595108,0.052027,0.015616
899.6882119178772,0.05464,0.01559
899.738258600235,0.057413,0.01568
899.7892656326294,0.060373,0.015662
899.8396542072296,0.063013,0.0156
899.8899662494659,0.065947,0.015617
899.9368155002594,0.065973,0.01565
899.9922845363617,0.068827,0.015758
900.0412819385529,0.071707,0.015757
900.0897748470306,0.0772,0.015614
900.1417605876923,0.07992,0.015681
900.1914551258087,0.082533,0.015814
900.2430205345154,0.0852,0.015758
900.2961661815643,0.087867,0.015763
900.3452682495117,0.090427,0.015831
900.3939204216003,0.09048,0.015917
900.448037147522,0.09552,0.015937
900.4939713478088,0.098427,0.015915
900.5480525493622,0.10101,0.015999
900.5950307846069,0.10072,0.015974
900.6483409404755,0.10611,0.016021
900.6989312171936,0.10635,0.015921
900.7495675086975,0.10773,0.01615
900.8008768558502,0.10888,0.016022
900.8494522571564,0.11019,0.016047
900.8989300727844,0.11267,0.015983
900.9493358135223,0.11387,0.015924
900.997546672821,0.11405,0.015888
901.0540375709534,0.11621,0.015788
901.1041011810303,0.11635,0.015923
901.1521425247192,0.1176,0.015694
901.2045221328735,0.11885,0.015591
901.2520484924316,0.11995,0.015665
901.3060138225555,0.1224,0.015495
901.3552069664001,0.12269,0.01554
901.4079170227051,0.12371,0.015256
901.4566087722778,0.12597,0.015557
901.505795955658,0.12611,0.015408
901.5577530860901,0.12733,0.01548
901.607714176178,0.12837,0.015301
901.6608347892761,0.12979,0.015413
901.7102320194244,0.13197,0.015413
901.7589049339294,0.13301,0.015474
901.8081216812134,0.13432,0.015383
901.8601796627045,0.13437,0.01557
901.9148488044739,0.13547,0.015525
901.9624540805817,0.13677,0.015449
902.0146267414093,0.13789,0.015506
902.0654892921448,0.13893,0.015496
902.1184077262878,0.14,0.015557
902.1666660308838,0.14128,0.015529
902.2182266712189,0.14347,0.015548
902.2661421298981,0.14347,0.015647
902.3214404582977,0.14453,0.01566
902.3673198223114,0.14592,0.015633
902.4212250709534,0.14688,0.015581
902.4739499092102,0.14792,0.015503
902.5217866897583,0.14923,0.015631
902.5746641159058,0.15019,0.015571
902.6240999698639,0.15125,0.015659
902.6737580299377,0.15344,0.015517
902.7202205657959,0.15341,0.015442
902.774578332901,0.15349,0.015569
902.8246214389801,0.15568,0.015613
902.87047290802,0.1568,0.015649
902.9254131317139,0.15901,0.015676
902.9769341945648,0.15907,0.01563
903.0278589725494,0.16003,0.015615
903.0779435634613,0.16131,0.01565
903.1271259784698,0.16232,0.015487
903.1761360168457,0.16333,0.015594
903.2279431819916,0.1636,0.015692
903.2784724235535,0.16459,0.015534
903.3289189338684,0.16651,0.01581
903.3777868747711,0.16797,0.015741
903.4266366958618,0.16891,0.015883
903.4798285961151,0.16901,0.015691
903.5289103984833,0.17101,0.015909
903.5786080360413,0.17205,0.015862
903.6287224292755,0.17304,0.015911
903.6781716346741,0.17413,0.015892
903.7300088405609,0.17515,0.015997
903.7815895080566,0.17624,0.016034
903.8266203403473,0.17648,0.015826
903.8832440376282,0.17736,0.015861
903.9325468540192,0.17837,0.015851
903.984441280365,0.18059,0.015847
904.0325255393982,0.1816,0.015807
904.0894293785095,0.1828,0.015726
904.1359930038452,0.18376,0.015653
904.187575340271,0.1848,0.015622
904.2367830276489,0.18467,0.015657
904.2891187667847,0.18579,0.01568
904.3370139598846,0.18688,0.015462
904.3896915912628,0.18768,0.015587
904.4361073970795,0.19008,0.015651
904.4931879043579,0.19101,0.015594
904.5409660339355,0.192,0.015535
904.5912575721741,0.192,0.015528
904.6394445896149,0.19301,0.015513
904.6925013065338,0.19413,0.015597
904.7439875602722,0.19512,0.015634
904.7961575984955,0.1972,0.015525
904.8498711585999,0.19832,0.015544
904.9001016616821,0.19917,0.015465
904.9481146335602,0.19912,0.015496
905.0012700557709,0.20027,0.015378
905.0508635044098,0.20139,0.015477
905.1014773845673,0.20221,0.015568
905.1490323543549,0.20325,0.015491
905.200733423233,0.20427,0.015524
905.2531216144562,0.20629,0.015426
905.299950838089,0.2064,0.015517
905.3507082462311,0.20741,0.01554
905.4031682014465,0.20848,0.015575
905.4525310993195,0.20941,0.01548
905.5082290172577,0.21056,0.015461
905.561393737793,0.21147,0.015536
905.6103324890137,0.21245,0.015578
905.6600532531738,0.21453,0.015512
905.713151216507,0.21456,0.015537
905.7641599178314,0.21552,0.015591
905.8107929229736,0.21653,0.01552
905.8629693984985,0.21736,0.015555
905.9130470752716,0.21821,0.01564
905.967038154602,0.22053,0.015633
906.0154874324799,0.22163,0.01563
906.0672597885132,0.22256,0.015619
906.1186721324921,0.22283,0.015621
906.1720097064972,0.22443,0.015676
906.2219805717468,0.22443,0.015622
906.2712545394897,0.22544,0.015745
906.3212568759918,0.22763,0.015832
906.3729436397552,0.22752,0.015737
906.4194178581238,0.2284,0.015731
906.4729800224304,0.22949,0.015834
906.521018743515,0.2304,0.015823
906.5695073604584,0.23139,0.01589
906.6245903968811,0.23243,0.015853
906.6733396053314,0.23344,0.016056
906.7228903770447,0.23453,0.015931
906.7749509811401,0.23539,0.015974
906.826033115387,0.23752,0.015963
906.8798620700836,0.23763,0.015999
906.9302039146423,0.23832,0.015776
906.9753983020782,0.23947,0.015886
907.0300781726837,0.24053,0.015824
907.0782413482666,0.24139,0.015654
907.1293995380402,0.24235,0.01575
907.1801238059998,0.24429,0.015787
907.2335021495819,0.24456,0.015582
907.2866184711456,0.24557,0.015814
907.3354694843292,0.24645,0.015771
907.3868134021759,0.24736,0.015646
907.4357452392578,0.2484,0.015525
907.487015247345,0.24939,0.015522
907.5380637645721,0.25019,0.015531
907.5858595371246,0.25141,0.015568
907.6397194862366,0.25227,0.015576
907.6886298656464,0.25304,0.015376
907.7389724254608,0.25424,0.015539
907.7886860370636,0.25515,0.015508
907.838885307312,0.25613,0.015415
907.891695022583,0.2572,0.015473
907.9451496601105,0.25744,0.01555
907.993635892868,0.2592,0.015469
908.044525384903,0.26043,0.015667
908.096825838089,0.26123,0.015609
908.1441442966461,0.26221,0.015449
908.1984171867371,0.26312,0.015539
908.2461502552032,0.26405,0.015453
908.3037467002869,0.2644,0.015612
908.3488218784332,0.26509,0.015511
908.4039742946625,0.26709,0.015545
908.4527163505554,0.26811,0.015534
908.5029580593109,0.2692,0.015578
908.556298494339,0.26987,0.015568
908.6061577796936,0.27104,0.01553
908.656706571579,0.27189,0.015607
908.7062010765076,0.27189,0.01542
908.7549624443054,0.27304,0.015456
908.8017654418945,0.27507,0.015583
908.8561818599701,0.27608,0.015524
908.9070816040039,0.27696,0.015582
908.956533908844,0.27792,0.015444
909.0070838928223,0.27781,0.015461
909.0554022789001,0.27883,0.015428
909.1063916683197,0.27987,0.015625
909.1571679115295,0.28085,0.015672
909.2083098888397,0.28277,0.015624
909.2592499256134,0.28365,0.015415
909.3148622512817,0.28464,0.015417
909.3669054508209,0.28467,0.015542
909.4151520729065,0.28571,0.015678
909.4676358699799,0.28755,0.015675
909.5195744037628,0.28773,0.015651
909.567563533783,0.28968,0.015728
909.620400428772,0.29077,0.015732
909.6687417030334,0.29163,0.015767
909.7188985347748,0.29256,0.015731
909.7694201469421,0.29261,0.015785
909.822359085083,0.29339,0.015744
909.8719294071198,0.29453,0.015657
909.9205052852631,0.29557,0.015653
909.970255613327,0.2976,0.015574
910.0214123725891,0.29864,0.015702
910.0702793598175,0.29859,0.015622
910.1223423480988,0.29979,0.015567
910.1761796474457,0.30064,0.015589
910.2224938869476,0.30128,0.015546
910.2733445167542,0.30259,0.015655
910.3250596523285,0.3036,0.015668
910.3776106834412,0.3056,0.01548
910.4271545410156,0.30565,0.01544
910.4798407554626,0.30765,0.015443
910.532719373703,0.3084,0.015582
910.5811920166016,0.30941,0.01543
910.6330804824829,0.30952,0.015437
910.6803050041199,0.31029,0.015469
910.7371892929077,0.31237,0.015464
910.7853949069977,0.31248,0.015622
910.8360269069672,0.31336,0.015447
910.8888046741486,0.31432,0.015502
910.935408115387,0.014587,0.015637
910.9879803657532,0.016613,0.015752
911.0386683940887,0.019093,0.015692
911.0855567455292,0.024987,0.015675
911.1369023323059,0.025067,0.015611
911.1962192058563,0.02816,0.015571
911.2456002235413,0.030933,0.015587
911.2956960201263,0.033973,0.015582
911.3482551574707,0.037013,0.015746
911.3968353271484,0.04296,0.015658
911.4468173980713,0.04304,0.015747
911.4972054958344,0.048987,0.015649
911.5468776226044,0.048773,0.015734
911.595912694931,0.051733,0.015721
911.6483025550842,0.054613,0.015701
911.6969020366669,0.0572,0.015663
911.7486436367035,0.060293,0.015617
911.8008320331573,0.062987,0.015697
911.8499257564545,0.065627,0.015566
911.8988745212555,0.068693,0.015727
911.9499926567078,0.071173,0.015649
911.9985032081604,0.074187,0.015574
912.0515539646149,0.076933,0.015813
912.1022219657898,0.079733,0.015794
912.1523830890656,0.08216,0.015702
912.2044365406036,0.08528,0.01576
912.2527601718903,0.087653,0.015866
912.3035545349121,0.090293,0.015876
912.3559539318085,0.09296,0.015986
912.4027602672577,0.095547,0.016033
912.4558017253876,0.09832,0.01601
912.5046713352203,0.10083,0.016251
912.5543117523193,0.1008,0.016177
912.6066279411316,0.10613,0.016278
912.6548614501953,0.10752,0.016274
912.7065854072571,0.10888,0.016171
912.7561557292938,0.10989,0.016375
912.8106517791748,0.11117,0.016262
912.8589110374451,0.11141,0.016266
912.9084815979004,0.11384,0.015984
912.9598805904388,0.11507,0.016052
913.0121138095856,0.1164,0.015852
913.059775352478,0.11771,0.015739
913.1104860305786,0.11907,0.015737
913.1614837646484,0.12003,0.015433
913.2118690013885,0.12029,0.015496
913.2623810768127,0.1212,0.015598
913.313129901886,0.12355,0.015398
913.3605396747589,0.12475,0.015371
913.4188323020935,0.12584,0.015266
913.4642961025238,0.12717,0.015131
913.5165917873383,0.12733,0.015257
913.5719075202942,0.12976,0.015189
913.6227855682373,0.1296,0.015226
913.6727364063263,0.13189,0.0153
913.7214319705963,0.13299,0.015317
913.7718725204468,0.13419,0.015392
913.8235192298889,0.1344,0.015363
913.8719201087952,0.13651,0.015507
913.9226760864258,0.13787,0.01553
913.9724197387695,0.13872,0.015505
914.0241787433624,0.13901,0.015609
914.0748827457428,0.14011,0.01561
914.1245632171631,0.14117,0.015608
914.1749110221863,0.14248,0.015628
914.2270438671112,0.14459,0.015536
914.27783370018,0.14581,0.015685
914.3260989189148,0.14584,0.015716
914.3772287368774,0.14797,0.015787
914.4316554069519,0.14813,0.015767
914.4798812866211,0.14917,0.015688
914.5290307998657,0.15019,0.015682
914.5844533443451,0.15256,0.015622
914.6335337162018,0.15259,0.015633
914.6856987476349,0.15363,0.015672
914.7355353832245,0.15459,0.015666
914.7851052284241,0.15573,0.015707
914.8374524116516,0.15803,0.015544
914.8861289024353,0.15912,0.015678
914.9372265338898,0.15899,0.015668
914.9873194694519,0.16011,0.015635
915.0383956432343,0.16128,0.015623
915.0915520191193,0.16237,0.015604
915.141574382782,0.16344,0.015739
915.1909539699554,0.16573,0.015789
915.2381820678711,0.16581,0.015706
915.291552066803,0.1668,0.01592
915.3425431251526,0.16781,0.01592
915.3919882774353,0.16899,0.016001
915.4420971870422,0.16997,0.016076
915.4927387237549,0.17099,0.016122
915.5446376800537,0.17309,0.016112
915.5938482284546,0.1732,0.016142
915.6451642513275,0.17432,0.016219
915.6929166316986,0.17533,0.01618
915.7459750175476,0.17637,0.016138
915.7948098182678,0.17869,0.016116
915.8444674015045,0.17851,0.016129
915.8975112438202,0.17944,0.015987
915.9457697868347,0.18067,0.015873
915.9961977005005,0.18173,0.015914
916.0470077991486,0.18256,0.015878
916.1006352901459,0.18363,0.015747
916.1489024162292,0.18461,0.015634
916.199987411499,0.18576,0.01554
916.2523717880249,0.18707,0.01555
916.3018355369568,0.18779,0.015583
916.3522202968597,0.18893,0.015511
916.399596452713,0.19016,0.015486
916.451140165329,0.19104,0.015402
916.5038185119629,0.192,0.015553
916.5550365447998,0.19208,0.01543
916.6053512096405,0.19307,0.015418
916.6562871932983,0.19507,0.015376
916.7034687995911,0.19619,0.015336
916.758597612381,0.19613,0.015503
916.8057055473328,0.19827,0.015434
916.8567004203796,0.19907,0.015426
916.9101300239563,0.20029,0.015491
916.9586222171783,0.20125,0.015447
917.0090713500977,0.20232,0.015499
917.0562615394592,0.20328,0.015397
917.115490436554,0.20341,0.015538
917.165275812149,0.20424,0.01546
917.211510181427,0.20541,0.015489
917.2642126083374,0.20755,0.015507
917.3135709762573,0.20843,0.015455
917.3675560951233,0.20915,0.015431
917.4124989509583,0.21027,0.015513
917.4674570560455,0.21141,0.015543
917.518737077713,0.21245,0.015574
917.5656213760376,0.21347,0.015531
917.6207671165466,0.21453,0.015514
917.6702556610107,0.21549,0.015607
917.726081609726,0.21651,0.015477
917.773149728775,0.21643,0.01565
917.8237252235413,0.21749,0.015479
917.8739054203033,0.21955,0.015459
917.9277791976929,0.22051,0.015599
917.9740443229675,0.22053,0.015619
918.0274164676666,0.22171,0.0156
918.0748434066772,0.22349,0.015541
918.1262958049774,0.22435,0.015581
918.1787049770355,0.22453,0.015641
918.2273983955383,0.2256,0.015758
918.2807183265686,0.2264,0.015812
918.3285889625549,0.22755,0.015812
918.3784055709839,0.22845,0.015983
918.4323923587799,0.22952,0.016067
918.4812614917755,0.23056,0.01607
918.5315849781036,0.23251,0.016074
918.5810968875885,0.23347,0.016066
918.6383349895477,0.23344,0.016202
918.6876487731934,0.23549,0.016056
918.7411880493164,0.23547,0.016176
918.7904517650604,0.23736,0.016086
918.8397331237793,0.23856,0.016127
918.8937397003174,0.23936,0.016124
918.9443130493164,0.23941,0.016051
918.9907629489899,0.2404,0.015949
919.0489854812622,0.24136,0.015988
919.0978174209595,0.24229,0.015877
919.1474213600159,0.24432,0.015983
919.1990113258362,0.24525,0.015785
919.2484691143036,0.24629,0.015809
919.2996814250946,0.24728,0.01572
919.3523881435394,0.24744,0.015576
919.4011189937592,0.24816,0.015681
919.4519879817963,0.24928,0.015676
919.5026812553406,0.25029,0.015654
919.5512206554413,0.25227,0.015657
919.6018855571747,0.25315,0.01549
919.6526846885681,0.25304,0.015623
919.7044961452484,0.25421,0.015491
919.7530720233917,0.25512,0.015477
919.805698633194,0.25611,0.015447
919.8540647029877,0.25736,0.015425
919.9035687446594,0.25917,0.015432
919.9558601379395,0.25912,0.015341
920.0116751194,0.26045,0.015244
920.061749458313,0.26123,0.015436
920.110969543457,0.26203,0.015486
920.1604068279266,0.2632,0.015522
920.2125294208527,0.26504,0.015479
920.2617743015289,0.26507,0.015425
920.3113157749176,0.26603,0.015463
920.3631393909454,0.26688,0.015563
920.4122107028961,0.268,0.015497
920.4627568721771,0.26899,0.015472
920.5127940177917,0.27011,0.015547
920.5643811225891,0.27096,0.015483
920.6156189441681,0.27187,0.015543
920.6638920307159,0.2728,0.015619
920.7138149738312,0.27293,0.015534
920.7655177116394,0.27493,0.015532
920.8186550140381,0.27605,0.015494
920.8731520175934,0.27688,0.015523
920.9192960262299,0.27792,0.015593
920.9776830673218,0.27891,0.015615
921.0283319950104,0.27997,0.015822
921.0785212516785,0.28077,0.015637
921.1251556873322,0.28179,0.015657
921.1802906990051,0.28296,0.015652
921.2285017967224,0.28379,0.015724
921.2814075946808,0.28467,0.015758
921.3290085792542,0.28565,0.015779
921.3791434764862,0.28579,0.015779
921.4291965961456,0.28749,0.015755
921.4797396659851,0.28856,0.015861
921.5319497585297,0.28971,0.016033
921.5838644504547,0.29067,0.015819
921.6323869228363,0.29157,0.01586
921.6806094646454,0.29256,0.015941
921.7346155643463,0.29269,0.015999
921.782469034195,0.29357,0.015856
921.8322920799255,0.29568,0.01599
921.8835847377777,0.29637,0.0159
921.934624671936,0.29763,0.015869
921.9806258678436,0.2984,0.016047
922.0331494808197,0.29867,0.015618
922.0859725475311,0.30056,0.015634
922.1384100914001,0.30147,0.015687
922.1899509429932,0.30251,0.015571
922.2383253574371,0.30349,0.015558
922.2895684242249,0.30448,0.015502
922.3429312705994,0.30549,0.015538
922.3932263851166,0.30637,0.015544
922.439948797226,0.30741,0.015623
922.4923026561737,0.30744,0.015562
922.5391631126404,0.30856,0.015567
922.5966148376465,0.30925,0.015291
922.6502287387848,0.31053,0.015546
922.6995174884796,0.31237,0.015561
922.7482867240906,0.3132,0.015648
922.7985184192657,0.3132,0.015543
922.8486268520355,0.31435,0.015419
922.9002094268799,0.016187,0.015034
922.949177980423,0.01896,0.015866
922.9997954368591,0.021867,0.015706
923.0513253211975,0.024907,0.015638
923.1053879261017,0.028,0.015638
923.1595456600189,0.030907,0.015623
923.2080829143524,0.03088,0.015543
923.2571361064911,0.034053,0.015603
923.3096923828125,0.037147,0.015525
923.3595452308655,0.039947,0.015749
923.4074122905731,0.04288,0.015582
923.4569594860077,0.04864,0.015753
923.5096106529236,0.051627,0.015701
923.5595273971558,0.0532,0.015644
923.6107933521271,0.057307,0.015677
923.6595404148102,0.060133,0.01563
923.7124996185303,0.06024,0.015691
923.7616591453552,0.06296,0.015721
923.81165766716,0.065653,0.015592
923.8664932250977,0.0712,0.015699
923.9135172367096,0.07416,0.015727
923.9689738750458,0.074133,0.015714
924.0175437927246,0.0768,0.015781
924.069477558136,0.079413,0.015792
924.1166541576385,0.082133,0.015919
924.1729290485382,0.087653,0.015867
924.2217128276825,0.090107,0.01591
924.2736902236938,0.09008,0.015845
924.3198940753937,0.092987,0.016011
924.3736443519592,0.095307,0.016307
924.4200820922852,0.098293,0.016389
924.4737062454224,0.10059,0.016144
924.5221366882324,0.10483,0.016185
924.5748209953308,0.10605,0.016377
924.6270191669464,0.10773,0.016384
924.6760866641998,0.10885,0.016438
924.7289640903473,0.11005,0.016317
924.7771091461182,0.11128,0.016222
924.8243505954742,0.11259,0.016071
924.8786797523499,0.11509,0.016099
924.9320123195648,0.11499,0.016089
924.9827110767365,0.11624,0.015694
925.0357728004456,0.11755,0.015633
925.0847368240356,0.11883,0.015266
925.1340141296387,0.12005,0.015132
925.1837620735168,0.12125,0.015238
925.241069316864,0.12251,0.015141
925.2883830070496,0.12387,0.015
925.3408513069153,0.1248,0.014951
925.3931412696838,0.12603,0.015056
925.4406397342682,0.12741,0.014944
925.4919788837433,0.12843,0.015029
925.5424473285675,0.12979,0.015025
925.5951020717621,0.13088,0.015029
925.6438131332397,0.13195,0.01512
925.6927936077118,0.13307,0.015206
925.7475507259369,0.1344,0.015223
925.7952716350555,0.13552,0.015345
925.8466889858246,0.13669,0.015274
925.8966207504272,0.13787,0.015595
925.9492089748383,0.13891,0.015518
925.9979646205902,0.14013,0.015622
926.0446662902832,0.14128,0.015741
926.1001448631287,0.1424,0.015555
926.1496455669403,0.14245,0.015694
926.1987838745117,0.1436,0.015791
926.249484539032,0.1456,0.015801
926.3022348880768,0.1468,0.015508
926.3560681343079,0.14797,0.0156
926.4049327373505,0.14912,0.01563
926.4581398963928,0.15037,0.015672
926.5069057941437,0.15152,0.01566
926.5523173809052,0.15245,0.015642
926.6095027923584,0.15355,0.015598
926.660879611969,0.15448,0.015481
926.717756986618,0.15576,0.015672
926.765951871872,0.15688,0.015626
926.8137032985687,0.15704,0.015826
926.8645849227905,0.15829,0.015716
926.9168446063995,0.16024,0.015601
926.9663333892822,0.16024,0.015649
927.0143148899078,0.1624,0.015794
927.0719780921936,0.16357,0.01579
927.1215889453888,0.16445,0.015796
927.1713495254517,0.16565,0.015988
927.221880197525,0.16669,0.015941
927.2691242694855,0.16795,0.016043
927.3255763053894,0.16787,0.016092
927.3760104179382,0.16963,0.016363
927.4231479167938,0.16989,0.016451
927.474191904068,0.17184,0.016261
927.5254292488098,0.17307,0.016387
927.5737340450287,0.17413,0.016393
927.625518321991,0.17533,0.016521
927.6776039600372,0.17635,0.01633
927.7334990501404,0.17613,0.016342
927.7808184623718,0.1784,0.016202
927.8314144611359,0.17949,0.016162
927.8835616111755,0.18045,0.016104
927.9356138706207,0.18165,0.01601
927.9891564846039,0.18237,0.015895
928.0397641658783,0.18253,0.015742
928.0923194885254,0.18389,0.015535
928.1447780132294,0.18565,0.015641
928.1956744194031,0.18701,0.015271
928.2438631057739,0.18795,0.01539
928.294150352478,0.18891,0.015255
928.345132112503,0.18981,0.015189
928.3949053287506,0.19091,0.015266
928.4511148929596,0.19195,0.015273
928.497076511383,0.19288,0.015257
928.5521204471588,0.19312,0.015334
928.6026155948639,0.19501,0.015198
928.650191783905,0.19501,0.01525
928.7021236419678,0.1972,0.015269
928.7573521137238,0.19835,0.015379
928.8079013824463,0.19912,0.015477
928.8551347255707,0.20019,0.015493
928.9093852043152,0.20008,0.01543
928.9560508728027,0.20216,0.01551
929.0074172019958,0.20309,0.015444
929.0583536624908,0.20424,0.015383
929.1084930896759,0.20539,0.015403
929.1553955078125,0.20643,0.015573
929.2084784507751,0.20736,0.015565
929.2621219158173,0.20733,0.015557
929.3113551139832,0.2084,0.015569
929.3605773448944,0.20933,0.015599
929.4118866920471,0.21133,0.0156
929.4609189033508,0.21219,0.015494
929.511242389679,0.21235,0.015663
929.5612459182739,0.21352,0.01555
929.6129715442657,0.21459,0.015538
929.6620407104492,0.21549,0.015593
929.7154338359833,0.21736,0.015482
929.7616348266602,0.21864,0.015555
929.8158435821533,0.21933,0.015678
929.868124961853,0.21952,0.015567
929.9120800495148,0.22045,0.015717
929.9692039489746,0.22261,0.015541
930.0174658298492,0.22251,0.01556
930.0687894821167,0.2244,0.015955
930.1179196834564,0.2244,0.015762
930.1665802001953,0.22549,0.01599
930.2184216976166,0.22643,0.016066
930.2710213661194,0.22741,0.016161
930.3275182247162,0.22843,0.016107
930.3736896514893,0.22952,0.016158
930.4294724464417,0.23133,0.016494
930.4766511917114,0.23208,0.016488
930.5295825004578,0.23336,0.016514
930.5825316905975,0.23349,0.016755
930.6334064006805,0.23437,0.016669
930.6824765205383,0.23533,0.016754
930.7336483001709,0.23635,0.016604
930.7820572853088,0.23736,0.016511
930.8318107128143,0.2384,0.016549
930.8848404884338,0.24032,0.01641
930.9343209266663,0.24045,0.016224
930.9903502464294,0.24141,0.016227
931.0396642684937,0.24213,0.016229
931.0900046825409,0.24323,0.016058
931.138548374176,0.24411,0.016072
931.1887722015381,0.24512,0.016045
931.2443387508392,0.24731,0.015865
931.2917182445526,0.24733,0.015746
931.3422660827637,0.24853,0.01565
931.3962209224701,0.24933,0.015531
931.4404354095459,0.25008,0.015521
931.4981653690338,0.25125,0.015615
931.5426256656647,0.252,0.015456
931.5971024036407,0.25419,0.015624
931.6441595554352,0.25411,0.015483
931.6947815418243,0.25528,0.0155
931.7519612312317,0.25611,0.015517
931.7995893955231,0.25723,0.015493
931.8520505428314,0.25835,0.015381
931.9047718048096,0.26011,0.015377
931.9528024196625,0.26123,0.015496
932.0020968914032,0.26109,0.015539
932.0519113540649,0.26208,0.01578
932.1072609424591,0.26333,0.015412
932.1558327674866,0.26512,0.015565
932.2036073207855,0.26509,0.015167
932.2568037509918,0.26605,0.015499
932.3045420646667,0.26699,0.01556
932.358170747757,0.26797,0.015537
932.409373998642,0.26893,0.015671
932.4561350345612,0.26984,0.015518
932.5085427761078,0.27112,0.015517
932.5572066307068,0.27192,0.01546
932.6135895252228,0.27293,0.015558
932.6613223552704,0.27395,0.015531
932.7157921791077,0.27472,0.015456
932.7623517513275,0.276,0.015467
932.8139598369598,0.27819,0.015664
932.8670058250427,0.27795,0.015512
932.9190742969513,0.27867,0.015536
932.969400882721,0.27989,0.015664
933.0182995796204,0.28077,0.015694
933.0678548812866,0.28184,0.015795
933.1220705509186,0.28189,0.015837
933.1695370674133,0.28384,0.015913
933.2209613323212,0.28488,0.015919
933.270688533783,0.28573,0.016014
933.321430683136,0.28669,0.016106
933.3725764751434,0.28776,0.016017
933.4210436344147,0.2888,0.016353
933.4730296134949,0.28963,0.016346
933.5249791145325,0.29075,0.016193
933.5777990818024,0.29176,0.016242
933.6281042098999,0.29173,0.016413
933.6762368679047,0.2928,0.016259
933.7272982597351,0.29445,0.016034
933.776743888855,0.29539,0.016204
933.8267557621002,0.29669,0.016217
933.8795502185822,0.29661,0.016078
933.9280672073364,0.29851,0.015994
933.9782679080963,0.29949,0.01574
934.0288553237915,0.29968,0.015803
934.0791804790497,0.30144,0.015809
934.1291949748993,0.30275,0.015618
934.1810631752014,0.30336,0.015579
934.2337107658386,0.30443,0.015609
934.2813057899475,0.30445,0.015551
934.32945561409,0.30557,0.015497
934.3845300674438,0.30637,0.015507
934.4337801933289,0.30739,0.015563
934.4833619594574,0.30939,0.015456
934.5336685180664,0.31032,0.015581
934.5833377838135,0.31048,0.015389
934.6359577178955,0.31256,0.015593
934.6857569217682,0.31248,0.015719
934.7378277778625,0.31328,0.01565
934.7893919944763,0.01616,0.016805
934.8380081653595,0.016533,0.015623
934.8907163143158,0.01896,0.016309
934.9415245056152,0.020293,0.015589
934.9884979724884,0.021893,0.0156
935.0432050228119,0.02776,0.015646
935.0893597602844,0.029227,0.015661
935.1422772407532,0.033787,0.01571
935.1939287185669,0.033867,0.015625
935.2446534633636,0.039813,0.015715
935.2932348251343,0.04264,0.015611
935.3418180942535,0.045813,0.015595
935.396360874176,0.045707,0.015717
935.445484161377,0.048587,0.01565
935.4957435131073,0.051307,0.015701
935.5461547374725,0.05432,0.015698
935.5981855392456,0.056987,0.015585
935.6473367214203,0.060107,0.015703
935.6974787712097,0.062933,0.015761
935.7461628913879,0.065867,0.015657
935.7981507778168,0.0684,0.015772
935.8477077484131,0.071013,0.015767
935.9013164043427,0.073893,0.015673
935.9510629177094,0.076587,0.015759
936.0021395683289,0.079413,0.015931
936.0516550540924,0.08216,0.015895
936.1042590141296,0.084773,0.016012
936.1528453826904,0.087547,0.015918
936.200489282608,0.090107,0.016101
936.2491676807404,0.092933,0.016252
936.3023386001587,0.095547,0.0163
936.3595623970032,0.09816,0.016253
936.4076735973358,0.10083,0.016289
936.4603385925293,0.10339,0.016363
936.5105633735657,0.10616,0.016402
936.5586137771606,0.10787,0.016375
936.6136763095856,0.10883,0.0165
936.6613533496857,0.10997,0.016383
936.7149648666382,0.1112,0.016196
936.7628390789032,0.11261,0.016127
936.8147356510162,0.11373,0.016002
936.8661043643951,0.1152,0.015937
936.9177284240723,0.11627,0.015597
936.9661862850189,0.11736,0.015304
937.0193517208099,0.11859,0.015451
937.0694255828857,0.11979,0.015118
937.1188049316406,0.12123,0.015028
937.1727457046509,0.12123,0.014994
937.2262213230133,0.12368,0.014976
937.2741320133209,0.12488,0.014893
937.3237164020538,0.12568,0.014914
937.3761026859283,0.12712,0.014885
937.4263160228729,0.1272,0.014808
937.4768161773682,0.12955,0.014874
937.5262801647186,0.13075,0.01487
937.5819301605225,0.13195,0.014975
937.6291210651398,0.13312,0.015017
937.680650472641,0.13443,0.015081
937.7304031848907,0.13541,0.015102
937.7786557674408,0.13659,0.015199
937.8298854827881,0.13795,0.015358
937.8822996616364,0.13885,0.015446
937.9336702823639,0.14024,0.015573
937.9846634864807,0.14131,0.015649
938.0320971012115,0.1424,0.015609
938.0829331874847,0.14229,0.015713
938.1344010829926,0.14355,0.01563
938.185952425003,0.14453,0.015743
938.2343969345093,0.14677,0.01568
938.2851169109344,0.14792,0.015636
938.3337023258209,0.14811,0.015704
938.3847141265869,0.14907,0.0156
938.438071012497,0.15035,0.015651
938.4864273071289,0.15253,0.015601
938.5373136997223,0.15269,0.015583
938.5858256816864,0.15472,0.01554
938.6372635364532,0.15469,0.01556
938.6870496273041,0.15587,0.015561
938.7397346496582,0.15683,0.015633
938.7953960895538,0.15813,0.015648
938.8449177742004,0.15915,0.015537
938.8921427726746,0.16024,0.015663
938.9433469772339,0.16131,0.015734
938.9959106445312,0.16365,0.015739
939.0462675094604,0.16451,0.015768
939.096625328064,0.16467,0.01593
939.1444528102875,0.16573,0.016093
939.1981558799744,0.16677,0.016222
939.2444229125977,0.16795,0.016159
939.2978103160858,0.16896,0.016326
939.348527431488,0.17099,0.016231
939.396162033081,0.17123,0.016535
939.4516270160675,0.17229,0.016563
939.5026004314423,0.17317,0.016545
939.5500478744507,0.17416,0.016294
939.6017048358917,0.17533,0.016737
939.6550149917603,0.17619,0.016383
939.703592300415,0.17739,0.01651
939.755651473999,0.17835,0.016308
939.8031530380249,0.17963,0.016113
939.8581669330597,0.18061,0.016001
939.9055655002594,0.18157,0.016107
939.9561433792114,0.18285,0.015513
940.00741147995,0.18371,0.015516
940.0599946975708,0.18581,0.015458
940.1068978309631,0.18675,0.015414
940.1623508930206,0.18677,0.015054
940.2112481594086,0.18781,0.015068
940.2614190578461,0.18869,0.014983
940.3104803562164,0.18992,0.015126
940.363420009613,0.19096,0.01509
940.4126570224762,0.19205,0.015021
940.4615576267242,0.19304,0.015187
940.5142955780029,0.19515,0.015177
940.5638358592987,0.19509,0.015145
940.6157348155975,0.196,0.015225
940.6643917560577,0.19717,0.015353
940.7195959091187,0.19816,0.015323
940.7680511474609,0.19912,0.015149
940.8178436756134,0.19944,0.01542
940.8667593002319,0.20117,0.01542
940.9184024333954,0.20221,0.015268
940.9744832515717,0.20341,0.015371
941.026533126831,0.20539,0.015347
941.0743799209595,0.20547,0.015374
941.1303193569183,0.20629,0.015373
941.1796102523804,0.20709,0.015395
941.2278501987457,0.20845,0.015464
941.2786159515381,0.20947,0.015485
941.3286151885986,0.21043,0.015445
941.3797271251678,0.21032,0.015649
941.429869890213,0.2124,0.015578
941.4851167201996,0.21251,0.015418
941.5331716537476,0.21443,0.015472
941.5841085910797,0.21533,0.015526
941.6337070465088,0.21659,0.015538
941.687374830246,0.21744,0.015556
941.7360453605652,0.21824,0.015611
941.7864534854889,0.2196,0.015539
941.8374075889587,0.22045,0.015563
941.890412569046,0.22141,0.015671
941.937530040741,0.22253,0.015815
941.9902441501617,0.22341,0.015879
942.0420668125153,0.22352,0.015862
942.0933568477631,0.22557,0.015987
942.1470704078674,0.22573,0.01603
942.1963827610016,0.22757,0.01617
942.2425894737244,0.22755,0.016621
942.2977573871613,0.22944,0.016519
942.3516321182251,0.23045,0.016453
942.4018204212189,0.23141,0.016634
942.4499206542969,0.23251,0.016547
942.5019435882568,0.2336,0.016915
942.5507352352142,0.23339,0.017193
942.5997817516327,0.23459,0.017149
942.6492807865143,0.23536,0.017006
942.7004017829895,0.23733,0.017234
942.7560367584229,0.23848,0.017153
942.8031075000763,0.23925,0.01669
942.8550646305084,0.24035,0.016866
942.9062538146973,0.24147,0.016567
942.953488111496,0.24229,0.016268
943.0073754787445,0.2424,0.015841
943.0559804439545,0.24336,0.015968
943.1092007160187,0.24432,0.01583
943.1568245887756,0.24645,0.01567
943.2109196186066,0.24728,0.015471
943.2605767250061,0.24819,0.015905
943.3081028461456,0.24923,0.015621
943.3597221374512,0.25027,0.015864
943.4122107028961,0.25133,0.015549
943.4587934017181,0.25125,0.015476
943.5095438957214,0.25221,0.015421
943.5603957176208,0.25331,0.015475
943.6120166778564,0.25525,0.015637
943.6651327610016,0.25603,0.015518
943.7144730091095,0.25707,0.015539
943.7640144824982,0.25728,0.015497
943.8148846626282,0.25917,0.015384
943.8637943267822,0.25923,0.015518
943.9147896766663,0.26011,0.015411
943.9678361415863,0.26213,0.015434
944.0189063549042,0.26285,0.015586
944.0671627521515,0.26315,0.015516
944.1177749633789,0.26416,0.015573
944.1677322387695,0.26496,0.015557
944.2184500694275,0.26584,0.01553
944.2697231769562,0.26672,0.01558
944.3184382915497,0.26808,0.015505
944.371013879776,0.26875,0.015563
944.4197974205017,0.27104,0.01551
944.4688348770142,0.27104,0.015395
944.5186607837677,0.27187,0.015549
944.5739471912384,0.27291,0.015485
944.624037027359,0.27381,0.015514
944.6746442317963,0.27483,0.015593
944.7241816520691,0.27667,0.015643
944.7719662189484,0.27688,0.015538
944.8253748416901,0.27776,0.015697
944.8761320114136,0.27885,0.015658
944.9242193698883,0.28,0.015772
944.9767007827759,0.28059,0.015965
945.0260167121887,0.28181,0.015924
945.0761570930481,0.28269,0.016099
945.1269171237946,0.28365,0.016057
945.1741719245911,0.2848,0.016209
945.2238495349884,0.28555,0.016494
945.2735166549683,0.28667,0.016515
945.3264470100403,0.28781,0.016608
945.3809876441956,0.28853,0.016772
945.429845571518,0.28963,0.016689
945.4812943935394,0.29043,0.016652
945.5268955230713,0.29067,0.016546
945.5848460197449,0.29261,0.016547
945.6312606334686,0.29365,0.016629
945.685186624527,0.29453,0.016778
945.7329347133636,0.29555,0.016588
945.7912111282349,0.29637,0.016215
945.8515958786011,0.29744,0.015942
945.8988270759583,0.29752,0.015688
945.9500777721405,0.30059,0.015943
946.0024633407593,0.30037,0.015715
946.0555830001831,0.30149,0.01555
946.1047050952911,0.30261,0.015637
946.1535978317261,0.30368,0.015735
946.2066719532013,0.30437,0.015716
946.2564461231232,0.30528,0.015588
946.306964635849,0.30643,0.015545
946.3576047420502,0.3076,0.015449
946.404901266098,0.30843,0.015511
946.4594569206238,0.30939,0.015599
946.5077874660492,0.31032,0.015581
946.5597591400146,0.31139,0.015549
946.6088614463806,0.3112,0.015565
946.6590619087219,0.31224,0.015582
946.7090072631836,0.31424,0.015538
946.7561016082764,0.014667,0.016616
946.8147830963135,0.016533,0.014723
946.8652596473694,0.018747,0.015936
946.9150121212006,0.021547,0.015737
946.9627184867859,0.024533,0.015739
947.0138921737671,0.027573,0.015624
947.0621340274811,0.027627,0.015821
947.1165585517883,0.03368,0.015599
947.1671848297119,0.036587,0.015637
947.2180104255676,0.039627,0.015853
947.2684919834137,0.042427,0.015706
947.315833568573,0.045413,0.015667
947.3666489124298,0.04568,0.015644
947.4179368019104,0.049707,0.01595
947.4688775539398,0.051413,0.015638
947.5222427845001,0.056853,0.015725
947.5732712745667,0.0596,0.015724
947.6221845149994,0.06248,0.015731
947.6746203899384,0.065493,0.015545
947.725403547287,0.068133,0.015599
947.7719676494598,0.0712,0.015558
947.8254165649414,0.070853,0.015785
947.8744440078735,0.076613,0.015719
947.9248557090759,0.076373,0.015845
947.9757704734802,0.081893,0.015899
948.0279836654663,0.08464,0.015907
948.0793838500977,0.0872,0.015744
948.1270997524261,0.089893,0.015975
948.17840051651,0.090133,0.016125
948.2319927215576,0.09528,0.016174
948.2837326526642,0.09528,0.016189
948.334835767746,0.09768,0.01625
948.3824784755707,0.10307,0.016147
948.4346189498901,0.10555,0.016396
948.4902060031891,0.10568,0.016444
948.5382053852081,0.10755,0.016411
948.5894770622253,0.10875,0.016193
948.6388521194458,0.10989,0.016215
948.6893239021301,0.1124,0.016439
948.7428653240204,0.11368,0.016185
948.7923662662506,0.11368,0.015895
948.8422346115112,0.11512,0.015532
948.891405582428,0.11613,0.015436
948.9415180683136,0.11739,0.015218
948.9919669628143,0.11856,0.015118
949.0426161289215,0.12104,0.014947
949.0961079597473,0.12237,0.01483
949.1477780342102,0.12205,0.014833
949.1987674236298,0.1236,0.014643
949.2477955818176,0.12464,0.014718
949.2974419593811,0.12587,0.014756
949.346036195755,0.12707,0.014746
949.3968880176544,0.12936,0.015001
949.4529526233673,0.13069,0.014911
949.5047466754913,0.13173,0.015147
949.5569710731506,0.13293,0.014963
949.6088166236877,0.13309,0.015178
949.6558742523193,0.13523,0.01511
949.7060158252716,0.13539,0.015217
949.7640085220337,0.13648,0.015351
949.8141045570374,0.13776,0.015349
949.8645839691162,0.13859,0.015344
949.9121556282043,0.14099,0.015583
949.967446565628,0.1412,0.015691
950.0150747299194,0.14208,0.015587
950.064404964447,0.14315,0.015535
950.1161558628082,0.14445,0.015786
950.1675486564636,0.14549,0.015553
950.2184331417084,0.14784,0.015628
950.2692744731903,0.14893,0.015585
950.3185386657715,0.14888,0.015745
950.3696236610413,0.15029,0.015699
950.4202027320862,0.15125,0.015643
950.4696824550629,0.15235,0.015658
950.5195565223694,0.15245,0.01554
950.5683624744415,0.15456,0.015521
950.61865401268,0.15576,0.015544
950.6711573600769,0.15683,0.0155
950.7227637767792,0.15803,0.015735
950.7750754356384,0.15899,0.015723
950.8201768398285,0.15992,0.01569
950.8728220462799,0.16123,0.015733
950.9267766475677,0.16229,0.015777
950.9756226539612,0.16357,0.015969
951.0253267288208,0.16469,0.016052
951.0769279003143,0.16541,0.016148
951.1238102912903,0.16656,0.016184
951.1787488460541,0.16781,0.016252
951.2272243499756,0.16877,0.016086
951.2776870727539,0.16992,0.016406
951.3284065723419,0.16976,0.01638
951.3738956451416,0.17213,0.016443
951.4279851913452,0.17205,0.016755
951.4798183441162,0.17419,0.016661
951.5286226272583,0.17515,0.016626
951.5845737457275,0.17624,0.016418
951.6325309276581,0.1772,0.016642
951.6847312450409,0.17853,0.016219
951.7362377643585,0.17925,0.016588
951.7860381603241,0.18056,0.016318
951.8382005691528,0.18149,0.016094
951.8872275352478,0.18261,0.015667
951.9425888061523,0.18368,0.01551
951.9913504123688,0.18443,0.01489
952.0387094020844,0.18563,0.01475
952.0925240516663,0.18563,0.014909
952.1431345939636,0.18669,0.014729
952.1924159526825,0.18872,0.014648
952.2402620315552,0.18963,0.014516
952.2934572696686,0.19067,0.014633
952.3428523540497,0.19184,0.014568
952.3950510025024,0.19293,0.015029
952.4431738853455,0.19397,0.015021
952.4933345317841,0.19389,0.01489
952.541868686676,0.19496,0.015236
952.597571849823,0.19576,0.015145
952.6480748653412,0.19792,0.015162
952.6986362934113,0.19883,0.015245
952.7499387264252,0.2,0.015171
952.7968835830688,0.20093,0.015421
952.8521625995636,0.20093,0.015361
952.9004371166229,0.20216,0.015421
952.9584596157074,0.20315,0.015558
953.0068354606628,0.20405,0.015516
953.0592403411865,0.20629,0.015476
953.1082420349121,0.20723,0.015485
953.1591658592224,0.20816,0.015481
953.209892988205,0.2092,0.015593
953.2596774101257,0.21021,0.015519
953.3078095912933,0.21051,0.015404
953.3576965332031,0.21123,0.015544
953.4094433784485,0.21325,0.0155
953.4594714641571,0.21429,0.015538
953.5107445716858,0.21517,0.01552
953.5589833259583,0.21603,0.015614
953.612428188324,0.21725,0.015631
953.6623616218567,0.21832,0.015519
953.7095468044281,0.21821,0.015651
953.7620906829834,0.21925,0.01562
953.8133270740509,0.22016,0.015611
953.8603863716125,0.22227,0.015801
953.9158816337585,0.22221,0.015936
953.9642744064331,0.22325,0.016148
954.0170593261719,0.22419,0.016044
954.0677633285522,0.22515,0.016231
954.1195695400238,0.22605,0.016224
954.1667499542236,0.22731,0.016482
954.2192425727844,0.22933,0.016672
954.2691524028778,0.23021,0.016646
954.3209085464478,0.23048,0.016971
954.369948387146,0.23109,0.017
954.4223301410675,0.23229,0.017115
954.4719223976135,0.23309,0.017374
954.520302772522,0.23419,0.017615
954.5714938640594,0.23536,0.017703
954.6196486949921,0.23619,0.017494
954.6721403598785,0.23731,0.017546
954.7233893871307,0.23835,0.017364
954.7730250358582,0.23904,0.017042
954.8205153942108,0.24016,0.017298
954.8751111030579,0.24115,0.016507
954.9212846755981,0.24224,0.016182
954.9728677272797,0.2432,0.016071
955.023841381073,0.24325,0.015946
955.0745058059692,0.24525,0.01536
955.1225714683533,0.24632,0.015366
955.1758077144623,0.24717,0.015343
955.234860420227,0.24816,0.015512
955.2899084091187,0.24923,0.015527
955.3468153476715,0.25027,0.015586
955.3941667079926,0.25208,0.015573
955.4455959796906,0.25301,0.015667
955.4940850734711,0.25301,0.015638
955.5483417510986,0.25419,0.015595
955.5956561565399,0.25515,0.015543
955.6461536884308,0.25611,0.015617
955.7000985145569,0.25717,0.015591
955.7505083084106,0.25832,0.015515
955.7975330352783,0.25971,0.015642
955.8485682010651,0.26,0.015589
955.8989946842194,0.26091,0.015535
955.9533867835999,0.262,0.015541
956.0015177726746,0.26285,0.015513
956.0527079105377,0.264,0.015376
956.101393699646,0.26501,0.015483
956.1502113342285,0.26584,0.015462
956.2089514732361,0.26699,0.015454
956.2578101158142,0.26779,0.015537
956.3059556484222,0.2688,0.015528
956.3601245880127,0.26968,0.015557
956.4084441661835,0.27072,0.015462
956.459278345108,0.27163,0.015495
956.5124983787537,0.27272,0.015488
956.5609819889069,0.27456,0.015437
956.6091442108154,0.2748,0.015597
956.6617815494537,0.27563,0.015506
956.7091588973999,0.27669,0.015639
956.7617430686951,0.27757,0.0156
956.8094482421875,0.27872,0.015671
956.8635258674622,0.2796,0.015795
956.9110038280487,0.28069,0.015957
956.9728701114655,0.28157,0.016055
957.0238404273987,0.28245,0.015976
957.071676492691,0.28365,0.016351
957.1229939460754,0.28453,0.016443
957.1733949184418,0.28528,0.016887
957.2232649326324,0.28645,0.017357
957.2727425098419,0.28739,0.017383
957.3259057998657,0.28763,0.017293
957.3733747005463,0.28853,0.017621
957.4254643917084,0.29061,0.017674
957.4763309955597,0.29141,0.017973
957.5247645378113,0.29251,0.017911
957.574773311615,0.29344,0.017957
957.6279649734497,0.29435,0.018222
957.6756663322449,0.29448,0.018037
957.7274270057678,0.29547,0.016995
957.7777917385101,0.29637,0.016871
957.8269906044006,0.29747,0.016206
957.8779716491699,0.29944,0.016453
957.9283723831177,0.30035,0.015648
957.9750156402588,0.30109,0.015856
958.0284531116486,0.30235,0.015517
958.0783607959747,0.30221,0.015455
958.1287424564362,0.30333,0.015684
958.1791050434113,0.30427,0.015746
958.2310478687286,0.30528,0.015639
958.2796936035156,0.30709,0.015675
958.3285212516785,0.30813,0.015499
958.3794419765472,0.30901,0.015506
958.4326939582825,0.30925,0.01551
958.4855694770813,0.31021,0.015623
958.5326113700867,0.31091,0.015617
958.5849778652191,0.31309,0.015588
958.6343595981598,0.31411,0.015527
958.6839175224304,0.01856,0.015544
958.7380051612854,0.014293,0.014725
958.7866640090942,0.015547,0.0158
958.8357911109924,0.018053,0.015699
958.8892714977264,0.024187,0.015643
958.9351127147675,0.027307,0.015489
958.9891850948334,0.027493,0.015444
959.0386006832123,0.032053,0.015516
959.0869102478027,0.033387,0.015541
959.1401026248932,0.036347,0.015533
959.1875953674316,0.039307,0.015653
959.242796421051,0.04216,0.01556
959.2913753986359,0.0452,0.015753
959.3400943279266,0.048107,0.015714
959.3900234699249,0.050853,0.015747
959.4413492679596,0.05664,0.015683
959.4918751716614,0.05688,0.015549
959.5461201667786,0.059573,0.015794
959.5965549945831,0.062507,0.015462
959.6460671424866,0.065067,0.015693
959.6932952404022,0.068133,0.015637
959.7470088005066,0.070747,0.015593
959.7992870807648,0.073387,0.015693
959.8470163345337,0.076267,0.015621
959.8977315425873,0.07904,0.01579
959.9453873634338,0.08168,0.016006
959.9983911514282,0.08432,0.016018
960.0544600486755,0.086907,0.01598
960.1019251346588,0.089573,0.016107
960.1524312496185,0.092373,0.016133
960.2031228542328,0.094907,0.016174
960.253648519516,0.097707,0.016144
960.3044028282166,0.10027,0.016105
960.3490643501282,0.10269,0.016293
960.4048581123352,0.10549,0.01623
960.4553492069244,0.1072,0.016312
960.5069494247437,0.1088,0.016252
960.5553884506226,0.10973,0.01621
960.6050024032593,0.11107,0.016175
960.6572487354279,0.11248,0.016034
960.7074081897736,0.1136,0.01584
960.7577927112579,0.11475,0.015344
960.8072512149811,0.11605,0.015491
960.8591825962067,0.11736,0.015141
960.9072885513306,0.11731,0.015176
960.9570639133453,0.11848,0.015043
961.006814956665,0.12088,0.015003
961.0583510398865,0.12213,0.014847
961.1081504821777,0.12333,0.014706
961.1618959903717,0.12464,0.014628
961.2121539115906,0.12563,0.014566
961.2605457305908,0.12579,0.014733
961.3075795173645,0.1268,0.014675
961.3583719730377,0.12923,0.014876
961.414936542511,0.12912,0.014888
961.4630706310272,0.13051,0.015139
961.5130431652069,0.13163,0.015131
961.5688307285309,0.13403,0.015094
961.6165466308594,0.13523,0.015088
961.6683878898621,0.13637,0.015242
961.7187523841858,0.13752,0.015445
961.7676751613617,0.13859,0.01538
961.8166069984436,0.13877,0.015564
961.8678779602051,0.13997,0.015512
961.920910358429,0.14093,0.015581
961.9693689346313,0.14221,0.015629
962.0198450088501,0.14456,0.015652
962.0691692829132,0.14555,0.015723
962.119309425354,0.14547,0.015601
962.1679608821869,0.14683,0.015533
962.2191183567047,0.14773,0.015753
962.2705523967743,0.14877,0.015666
962.3203630447388,0.15,0.015568
962.3744761943817,0.1512,0.015671
962.4232976436615,0.15221,0.015553
962.472380399704,0.15445,0.015443
962.5202825069427,0.15549,0.015555
962.5749928951263,0.15555,0.015626
962.6248307228088,0.15661,0.015485
962.6727333068848,0.15784,0.01559
962.7230863571167,0.15883,0.015436
962.7787408828735,0.15976,0.015492
962.8259494304657,0.16093,0.01588
962.8757712841034,0.16192,0.015908
962.9293675422668,0.16339,0.01585
962.9772744178772,0.16555,0.015809
963.0293745994568,0.16525,0.015972
963.0782005786896,0.1664,0.015982
963.129536151886,0.16749,0.016154
963.1774451732635,0.16883,0.016286
963.2280068397522,0.16955,0.016462
963.2808785438538,0.17056,0.016314
963.3306596279144,0.17187,0.016614
963.382265329361,0.17309,0.016655
963.4355540275574,0.17411,0.016681
963.485303401947,0.17499,0.016691
963.5336480140686,0.17603,0.016709
963.5854163169861,0.17712,0.016381
963.6357939243317,0.17707,0.016425
963.6881768703461,0.17923,0.016162
963.7380404472351,0.18043,0.015907
963.78688621521,0.1812,0.015962
963.8396542072296,0.18219,0.015615
963.8917500972748,0.18333,0.015148
963.9416379928589,0.18336,0.015189
963.9903185367584,0.18525,0.015126
964.0417470932007,0.18547,0.014438
964.0965695381165,0.18763,0.014508
964.1437995433807,0.18867,0.014411
964.1962523460388,0.18955,0.014363
964.2438361644745,0.19064,0.014521
964.2970023155212,0.19163,0.014695
964.3478767871857,0.19264,0.014705
964.3969306945801,0.19381,0.014913
964.4456627368927,0.19368,0.015039
964.498174905777,0.19493,0.015223
964.5451319217682,0.19685,0.015127
964.5968086719513,0.19784,0.01505
964.6496117115021,0.19888,0.015151
964.6974866390228,0.20005,0.015069
964.749752998352,0.20091,0.015284
964.7983431816101,0.20096,0.015301
964.8480951786041,0.20275,0.015386
964.8991692066193,0.20301,0.01544
964.9464857578278,0.20512,0.015548
964.9997930526733,0.20605,0.01552
965.0517053604126,0.20699,0.015527
965.1008434295654,0.20803,0.015583
965.1520915031433,0.20835,0.015556
965.2020175457001,0.20891,0.01565
965.254340171814,0.21096,0.015577
965.3050856590271,0.21115,0.015392
965.3513617515564,0.21213,0.015443
965.403067111969,0.21408,0.015419
965.4571726322174,0.21536,0.015457
965.5052244663239,0.21592,0.015597
965.5563094615936,0.2172,0.01554
965.6060111522675,0.2172,0.015672
965.658882856369,0.21819,0.015623
965.7082805633545,0.21931,0.015655
965.7609145641327,0.22115,0.015682
965.8138425350189,0.22203,0.0158
965.8603384494781,0.22216,0.015826
965.9109313488007,0.22317,0.015904
965.9580540657043,0.22419,0.015989
966.0118379592896,0.22515,0.016354
966.0617363452911,0.22627,0.016351
966.1127438545227,0.22821,0.016426
966.1690826416016,0.22813,0.016647
966.2185339927673,0.22912,0.01681
966.2690081596375,0.23035,0.01714
966.3183040618896,0.23093,0.017483
966.3693420886993,0.23221,0.017325
966.4196870326996,0.23323,0.018089
966.4691581726074,0.23501,0.017877
966.5204083919525,0.23619,0.017819
966.5713860988617,0.23619,0.017742
966.6181683540344,0.23712,0.017773
966.6740398406982,0.23824,0.017574
966.7207624912262,0.23909,0.017652
966.7724936008453,0.24016,0.017112
966.8214495182037,0.23979,0.016294
966.872761964798,0.24133,0.01645
966.9239635467529,0.24341,0.015912
966.9724278450012,0.24411,0.015727
967.0272872447968,0.24507,0.015709
967.0742194652557,0.24624,0.015162
967.1240997314453,0.24709,0.014919
967.1758909225464,0.24803,0.015233
967.2282662391663,0.2492,0.015233
967.2803471088409,0.25013,0.015195
967.3294920921326,0.25099,0.015351
967.378155708313,0.25197,0.015319
967.4320859909058,0.25283,0.015543
967.4824526309967,0.25397,0.015403
967.5334379673004,0.25411,0.015502
967.5828828811646,0.25624,0.01563
967.6330165863037,0.25592,0.015539
967.6800971031189,0.25709,0.015539
967.7329306602478,0.25899,0.015652
967.7852635383606,0.26,0.01572
967.8373777866364,0.26075,0.015646
967.8852932453156,0.26195,0.015447
967.9360675811768,0.26283,0.015427
967.985746383667,0.26381,0.015552
968.0353312492371,0.26387,0.015532
968.0865843296051,0.26491,0.015433
968.14075922966,0.26677,0.015539
968.1925628185272,0.26768,0.015585
968.2435111999512,0.2688,0.01556
968.2958245277405,0.26968,0.015639
968.3459923267365,0.27072,0.015559
968.3918507099152,0.27155,0.015498
968.4445860385895,0.27144,0.015535
968.4956703186035,0.27344,0.015641
968.548556804657,0.27456,0.015717
968.5979795455933,0.27573,0.01582
968.6462304592133,0.27659,0.015689
968.6954884529114,0.27765,0.015749
968.7481741905212,0.27771,0.015832
968.798565864563,0.27955,0.01603
968.8498666286469,0.28059,0.016083
968.8974215984344,0.28131,0.01621
968.9455533027649,0.28163,0.016289
969.0034036636353,0.28256,0.01651
969.0522012710571,0.2836,0.016701
969.1061129570007,0.28451,0.016861
969.153333902359,0.28648,0.017262
969.2070116996765,0.28747,0.018025
969.2553038597107,0.2876,0.01798
969.3044865131378,0.28859,0.018427
969.3551211357117,0.28947,0.018896
969.4071071147919,0.29053,0.019218
969.4539918899536,0.29157,0.019698
969.5057902336121,0.29251,0.019078
969.5565867424011,0.29336,0.019695
969.6039094924927,0.29533,0.018551
969.6570308208466,0.29533,0.018907
969.7091765403748,0.29739,0.017887
969.7589132785797,0.29741,0.017168
969.8101530075073,0.29819,0.016611
969.8603942394257,0.29931,0.016554
969.9078845977783,0.30021,0.015879
969.9661602973938,0.3024,0.015483
970.0149674415588,0.30333,0.015374
970.0635240077972,0.30333,0.015364
970.1171460151672,0.30416,0.015382
970.1656470298767,0.30528,0.015703
970.2163512706757,0.30613,0.015502
970.2668073177338,0.30733,0.015583
970.3163268566132,0.30837,0.015549
970.3684070110321,0.30907,0.015626
970.4137918949127,0.31016,0.015659
970.4649744033813,0.31107,0.015724
970.518303155899,0.31211,0.01564
970.5658190250397,0.31296,0.015642
970.6170086860657,0.31413,0.01603
970.6720643043518,0.016027,0.015642
970.7245409488678,0.015787,0.01583
970.7720763683319,0.018267,0.015668
970.8203964233398,0.024027,0.015658
970.8742611408234,0.025627,0.015499
970.9222369194031,0.027333,0.015485
970.9712607860565,0.030427,0.015424
971.0247764587402,0.033307,0.015527
971.0721888542175,0.036267,0.01555
971.1244964599609,0.036427,0.015703
971.1725854873657,0.04224,0.01556
971.2279217243195,0.045093,0.015627
971.2771756649017,0.048053,0.015625
971.3254868984222,0.050827,0.015775
971.3804714679718,0.053733,0.015591
971.4295101165771,0.056507,0.015592
971.4789662361145,0.059333,0.015701
971.5287938117981,0.062133,0.015678
971.5786712169647,0.065067,0.015645
971.6322770118713,0.06776,0.015599
971.6820607185364,0.07088,0.015725
971.7314095497131,0.073307,0.015706
971.7829132080078,0.076107,0.015641
971.8293523788452,0.079013,0.015669
971.8770697116852,0.0788,0.015741
971.9290473461151,0.084187,0.015982
971.9779760837555,0.084107,0.016003
972.0302686691284,0.086987,0.015867
972.0832376480103,0.092133,0.015995
972.1369979381561,0.09472,0.016087
972.1846668720245,0.097467,0.015997
972.2380437850952,0.097493,0.016094
972.2883586883545,0.10283,0.016056
972.3347899913788,0.10536,0.01612
972.3859894275665,0.10539,0.016165
972.4378399848938,0.10709,0.015937
972.486264705658,0.10973,0.016057
972.5374546051025,0.11085,0.01607
972.589337348938,0.11115,0.016059
972.6373093128204,0.11344,0.015649
972.6913576126099,0.11483,0.015487
972.7398347854614,0.11605,0.015457
972.788818359375,0.11605,0.015404
972.8471193313599,0.11739,0.015057
972.8975045681,0.11971,0.01515
972.9461438655853,0.12109,0.014947
972.9958243370056,0.12219,0.015047
973.0447571277618,0.12219,0.01462
973.0980911254883,0.12349,0.014598
973.1491048336029,0.12453,0.014536
973.1940286159515,0.12571,0.014673
973.2481451034546,0.12821,0.014775
973.3001756668091,0.12925,0.014891
973.3518583774567,0.13048,0.014802
973.3997588157654,0.13179,0.015104
973.4513771533966,0.13189,0.015162
973.4998519420624,0.13304,0.015203
973.5494289398193,0.13427,0.015296
973.6014714241028,0.13632,0.01526
973.6559429168701,0.13733,0.015129
973.7064056396484,0.13771,0.015135
973.7553489208221,0.13867,0.015222
973.8052589893341,0.14085,0.015503
973.860981464386,0.14101,0.015465
973.9110157489777,0.14315,0.015669
973.9618759155273,0.14432,0.015718
974.0135548114777,0.14435,0.0156
974.0616385936737,0.14528,0.015604
974.1095736026764,0.14661,0.015638
974.1647617816925,0.14765,0.015711
974.211327791214,0.14875,0.015582
974.2622776031494,0.15099,0.015543
974.3153426647186,0.15213,0.015565
974.3659234046936,0.15232,0.015627
974.411966085434,0.15336,0.015559
974.467250585556,0.1544,0.015654
974.5151937007904,0.1556,0.01559
974.5666477680206,0.15669,0.015633
974.6179172992706,0.15776,0.015687
974.6697425842285,0.15787,0.01578
974.7220151424408,0.16011,0.015668
974.7711877822876,0.16107,0.015717
974.8208909034729,0.162,0.01576
974.8704013824463,0.1632,0.015701
974.9203796386719,0.16427,0.015865
974.9706807136536,0.16523,0.015813
975.0184986591339,0.16531,0.016081
975.068886756897,0.16755,0.016082
975.1219546794891,0.16851,0.016274
975.1754260063171,0.16955,0.016154
975.223423242569,0.17069,0.0162
975.278059720993,0.17179,0.016583
975.3256568908691,0.17299,0.016483
975.3768455982208,0.17296,0.016619
975.4266471862793,0.17504,0.016574
975.477203130722,0.17616,0.016546
975.5268745422363,0.17704,0.016712
975.5802412033081,0.17795,0.016309
975.6306793689728,0.17915,0.016095
975.679407119751,0.18032,0.015909
975.7319507598877,0.18096,0.015995
975.7807221412659,0.18131,0.01561
975.8320968151093,0.18347,0.015546
975.8790972232819,0.18448,0.015409
975.9304959774017,0.18544,0.015354
975.9816892147064,0.18651,0.014802
976.0308074951172,0.18752,0.014685
976.0823397636414,0.18757,0.014465
976.131395816803,0.18861,0.014411
976.182199716568,0.19064,0.014338
976.2322986125946,0.19171,0.01457
976.2845857143402,0.19283,0.014865
976.334799528122,0.19355,0.01472
976.3843133449554,0.19469,0.015094
976.4393968582153,0.19499,0.01516
976.4900722503662,0.19573,0.015159
976.5404236316681,0.19808,0.015214
976.5907564163208,0.19896,0.015124
976.640011548996,0.19979,0.01517
976.6887271404266,0.20101,0.01521
976.7402129173279,0.20123,0.015152
976.7892067432404,0.20197,0.015408
976.8408153057098,0.2032,0.015424
976.8937439918518,0.20395,0.015478
976.9419538974762,0.20605,0.015504
976.9950966835022,0.20699,0.01551
977.0417768955231,0.20787,0.015513
977.0937805175781,0.20792,0.015562
977.1470265388489,0.20907,0.015505
977.2000687122345,0.20995,0.015465
977.2532470226288,0.21107,0.015444
977.3016531467438,0.21211,0.015549
977.3512194156647,0.214,0.015329
977.4050765037537,0.21509,0.015466
977.4556138515472,0.21608,0.015559
977.5038108825684,0.21725,0.015445
977.5574905872345,0.21715,0.015557
977.6061537265778,0.218,0.015552
977.6557531356812,0.22021,0.015439
977.7093577384949,0.22107,0.015627
977.7597165107727,0.22112,0.015712
977.8120992183685,0.22229,0.015802
977.8622362613678,0.22328,0.016134
977.9120960235596,0.22408,0.016055
977.9628307819366,0.22501,0.016259
978.0136911869049,0.22712,0.016536
978.0631113052368,0.22808,0.016448
978.1124002933502,0.22821,0.01672
978.162713766098,0.22917,0.016896
978.2181856632233,0.23005,0.017214
978.2669172286987,0.23128,0.017537
978.3168189525604,0.23299,0.01782
978.3648962974548,0.23301,0.017756
978.420731306076,0.23507,0.018062
978.467791557312,0.23515,0.017923
978.5183367729187,0.23611,0.017912
978.5732481479645,0.23701,0.018023
978.6223471164703,0.23896,0.017856
978.6712274551392,0.23909,0.017643
978.7229127883911,0.24013,0.017809
978.7698111534119,0.2412,0.01708
978.8254697322845,0.24216,0.016326
978.873530626297,0.24307,0.015935
978.9242568016052,0.24408,0.015562
978.975310087204,0.24517,0.014834
979.0285692214966,0.24592,0.014755
979.0782155990601,0.24605,0.014793
979.1266012191772,0.24893,0.014904
979.176100730896,0.24904,0.015033
979.2274951934814,0.24997,0.015015
979.2776334285736,0.25085,0.015187
979.3302021026611,0.25181,0.015529
979.382782459259,0.25304,0.015481
979.4322364330292,0.254,0.015529
979.4820592403412,0.25469,0.015547
979.5327568054199,0.25592,0.015537
979.5828824043274,0.25691,0.01547
979.6350374221802,0.25805,0.015547
979.6833109855652,0.25875,0.015549
979.731810092926,0.25968,0.015694
979.7828812599182,0.26075,0.015571
979.839733839035,0.26176,0.015468
979.8910536766052,0.26285,0.015594
979.9413652420044,0.26381,0.015485
979.9896609783173,0.26384,0.015655
980.0399610996246,0.266,0.0155
980.09095287323,0.26672,0.015504
980.1413452625275,0.26763,0.015593
980.1918337345123,0.26883,0.015527
980.2411770820618,0.26984,0.015603
980.292661190033,0.27067,0.015506
980.3463399410248,0.27075,0.015511
980.3934297561646,0.27259,0.015421
980.447685956955,0.27355,0.015652
980.4941880702972,0.27477,0.015586
980.546261548996,0.2756,0.015529
980.5976779460907,0.27656,0.015567
980.6471827030182,0.27747,0.015661
980.6946456432343,0.27848,0.01589
980.7511653900146,0.27861,0.016162
980.7995402812958,0.28053,0.015961
980.8524730205536,0.2812,0.016232
980.9014985561371,0.2824,0.016135
980.9585916996002,0.28349,0.016283
981.0068938732147,0.28448,0.016781
981.0573134422302,0.28536,0.017372
981.1085162162781,0.28653,0.017925
981.1579406261444,0.28744,0.018367
981.2076373100281,0.28824,0.01886
981.2593224048615,0.28933,0.019705
981.3075470924377,0.28936,0.020006
981.3615775108337,0.2904,0.02026
981.4114108085632,0.29224,0.019786
981.4638998508453,0.29221,0.019657
981.5106890201569,0.29323,0.020097
981.5631244182587,0.29427,0.01873
981.6111779212952,0.29541,0.019046
981.6688582897186,0.29619,0.018679
981.7159879207611,0.29824,0.018015
981.7660596370697,0.29928,0.01809
981.8176021575928,0.30019,0.015796
981.8696849346161,0.30123,0.015609
981.9188644886017,0.30104,0.015686
981.9699604511261,0.30224,0.015204
982.0221974849701,0.30419,0.015328
982.0709578990936,0.30507,0.015018
982.1228995323181,0.30627,0.015172
982.1726794242859,0.30611,0.015527
982.2246632575989,0.30699,0.015484
982.279844045639,0.30789,0.015599
982.3311719894409,0.31003,0.015548
982.3804142475128,0.31117,0.01561
982.4338052272797,0.31115,0.015674
982.4821555614471,0.31307,0.015711
982.5349004268646,0.31395,0.015618
982.5827522277832,0.31387,0.01777
982.6361644268036,0.01432,0.015058
982.6856739521027,0.018027,0.015813
982.7342183589935,0.021013,0.015582
982.7858662605286,0.0208,0.015481
982.8342881202698,0.023893,0.015458
982.8889076709747,0.027093,0.015529
982.9356355667114,0.03008,0.015487
982.9857401847839,0.032907,0.015546
983.0395555496216,0.035947,0.015566
983.0911509990692,0.038933,0.015456
983.1395978927612,0.04192,0.015656
983.188924074173,0.047733,0.015647
983.2378304004669,0.05072,0.015708
983.2962367534637,0.05088,0.015668
983.3436176776886,0.0536,0.015654
983.3933491706848,0.056427,0.015601
983.4454426765442,0.059413,0.015734
983.4961197376251,0.062267,0.015673
983.5465836524963,0.06504,0.015628
983.5982573032379,0.07032,0.01564
983.6453652381897,0.071893,0.015581
983.6937742233276,0.073333,0.015719
983.7485296726227,0.076107,0.015709
983.799663066864,0.078667,0.015818
983.8506946563721,0.081387,0.015818
983.901153087616,0.08416,0.015909
983.9495177268982,0.089333,0.01588
983.9969475269318,0.08944,0.015944
984.0512638092041,0.092107,0.015894
984.0995790958405,0.0948,0.015904
984.1528251171112,0.09736,0.01597
984.2038373947144,0.10019,0.016011
984.2529056072235,0.10003,0.015963
984.2999126911163,0.1052,0.015842
984.3540825843811,0.10739,0.015963
984.406857252121,0.10848,0.015884
984.4551777839661,0.10979,0.015997
984.5032036304474,0.11109,0.015897
984.5568051338196,0.11219,0.015679
984.6046149730682,0.11339,0.015412
984.6531732082367,0.11485,0.015447
984.7073380947113,0.11619,0.015055
984.7559254169464,0.11717,0.015128
984.806398153305,0.11848,0.01511
984.8583500385284,0.11971,0.015048
984.9091196060181,0.12096,0.014914
984.9631958007812,0.12203,0.014798
985.0131967067719,0.12221,0.014924
985.0650336742401,0.12451,0.014799
985.1139390468597,0.12576,0.014821
985.1724951267242,0.12693,0.014983
985.2217416763306,0.12811,0.01493
985.2712318897247,0.12917,0.015015
985.3233625888824,0.13043,0.015149
985.37459897995,0.13056,0.015095
985.4236147403717,0.13269,0.015077
985.4726839065552,0.13395,0.015078
985.5245180130005,0.13517,0.015181
985.5819144248962,0.13621,0.015062
985.6340572834015,0.13749,0.01513
985.6851606369019,0.13733,0.015279
985.7375905513763,0.13976,0.015327
985.786687374115,0.14091,0.01535
985.8376786708832,0.14216,0.015515
985.8893103599548,0.14307,0.015563
985.935953617096,0.14411,0.015566
985.9866461753845,0.14547,0.015622
986.038783788681,0.14651,0.01535
986.0921061038971,0.14664,0.01562
986.1416828632355,0.14789,0.015572
986.1880078315735,0.14888,0.015543
986.2403004169464,0.15088,0.015717
986.2924861907959,0.15219,0.015594
986.3416171073914,0.15304,0.015565
986.3934533596039,0.15323,0.01554
986.4422409534454,0.15432,0.015489
986.4931325912476,0.15651,0.015513
986.5442233085632,0.15763,0.015558
986.5959055423737,0.15867,0.0157
986.6466977596283,0.15984,0.01569
986.6940588951111,0.1608,0.015736
986.7447052001953,0.16077,0.015688
986.7971289157867,0.162,0.015792
986.8466186523438,0.16304,0.015798
986.8958351612091,0.16405,0.015862
986.9484405517578,0.16613,0.016002
986.9966969490051,0.16736,0.015961
987.0509026050568,0.16851,0.015991
987.0986080169678,0.16832,0.016189
987.1489000320435,0.16963,0.016066
987.2008061408997,0.17061,0.016305
987.2489171028137,0.17168,0.016281
987.3005521297455,0.17379,0.016422
987.3550250530243,0.17493,0.016307
987.4040539264679,0.17597,0.016229
987.455991268158,0.17715,0.016381
987.5050506591797,0.17808,0.016331
987.5583126544952,0.178,0.015967
987.6074209213257,0.17923,0.015925
987.6569292545319,0.18016,0.015767
987.7102770805359,0.18099,0.015717
987.7615616321564,0.18325,0.015642
987.8154108524323,0.18413,0.015278
987.8654911518097,0.18536,0.014885
987.9149580001831,0.18539,0.014842
987.9640538692474,0.18629,0.014874
988.016021490097,0.18845,0.014629
988.0637774467468,0.18877,0.014558
988.1175847053528,0.19077,0.014619
988.167982339859,0.19147,0.014665
988.2158210277557,0.19251,0.014891
988.2668023109436,0.19283,0.014921
988.3215999603271,0.19371,0.015123
988.3700885772705,0.19483,0.015222
988.4170708656311,0.19573,0.015194
988.4712932109833,0.19765,0.015151
988.5216193199158,0.19787,0.015158
988.5724222660065,0.19995,0.015196
988.6227297782898,0.2,0.015122
988.6745963096619,0.20085,0.015273
988.7266552448273,0.20192,0.015254
988.7742674350739,0.20285,0.015375
988.8309795856476,0.20389,0.015439
988.8788101673126,0.20589,0.015439
988.9285655021667,0.206,0.015422
988.9820418357849,0.20688,0.015495
989.0299415588379,0.20811,0.015477
989.0800085067749,0.20893,0.015436
989.1309173107147,0.21013,0.015448
989.1762654781342,0.21101,0.015579
989.2325491905212,0.2112,0.015389
989.2816529273987,0.21299,0.015436
989.3360171318054,0.21397,0.015521
989.391143321991,0.21509,0.01551
989.4376814365387,0.216,0.01556
989.4854550361633,0.21709,0.015461
989.5398442745209,0.21821,0.015527
989.5916254520416,0.21901,0.015583
989.6394085884094,0.21915,0.015522
989.6948063373566,0.22112,0.015649
989.7438576221466,0.22288,0.015699
989.7919864654541,0.22323,0.015809
989.8435525894165,0.22413,0.015758
989.8946661949158,0.22515,0.015869
989.9449195861816,0.22605,0.016291
989.9985716342926,0.22701,0.016435
990.048454284668,0.22805,0.016349
990.0997016429901,0.23003,0.016981
990.1480729579926,0.22997,0.01659
990.1959331035614,0.23093,0.017183
990.2537353038788,0.23205,0.017972
990.305008649826,0.23291,0.017944
990.3505799770355,0.23389,0.018116
990.4062762260437,0.23483,0.018127
990.4541993141174,0.23603,0.017993
990.5043640136719,0.23701,0.017414
990.5527451038361,0.23821,0.018129
990.6061940193176,0.23901,0.017755
990.6562979221344,0.24011,0.017485
990.7107810974121,0.24104,0.016948
990.7593984603882,0.24128,0.017347
990.8084919452667,0.24317,0.01647
990.8563761711121,0.24397,0.016563
990.9123456478119,0.24507,0.016037
990.9650840759277,0.24589,0.014987
991.0238823890686,0.24707,0.014907
991.0731976032257,0.24787,0.015107
991.1231055259705,0.24899,0.015163
991.172924041748,0.24992,0.015195
991.2193675041199,0.25083,0.015413
991.2744598388672,0.25203,0.015611
991.3237550258636,0.25277,0.015559
991.3728382587433,0.25395,0.015679
991.4235708713531,0.25488,0.015555
991.4742696285248,0.25579,0.015592
991.5255444049835,0.25581,0.015511
991.5739703178406,0.25773,0.015591
991.6252562999725,0.25867,0.015746
991.6766405105591,0.25989,0.015752
991.7256011962891,0.26099,0.015699
991.7768490314484,0.26192,0.015511
991.8280200958252,0.26275,0.015663
991.8765456676483,0.26285,0.015575
991.9281096458435,0.26371,0.015598
991.9774782657623,0.26587,0.015489
992.0327408313751,0.26659,0.015395
992.0815131664276,0.26776,0.015458
992.1341834068298,0.2688,0.01553
992.1827490329742,0.26957,0.015419
992.2322976589203,0.27059,0.015613
992.2838160991669,0.27056,0.015474
992.3339250087738,0.27256,0.015573
992.3816800117493,0.27259,0.01561
992.4380373954773,0.27368,0.015563
992.4865772724152,0.27563,0.015556
992.54287981987,0.27653,0.015682
992.5915541648865,0.27755,0.01577
992.6390879154205,0.27744,0.015762
992.692417383194,0.27944,0.015938
992.7402839660645,0.2804,0.016144
992.7915871143341,0.28163,0.016056
992.8430669307709,0.28261,0.016114
992.8918995857239,0.28347,0.016227
992.9431812763214,0.28344,0.017248
992.9968037605286,0.28541,0.017475
993.0436754226685,0.28555,0.017969
993.0959632396698,0.28613,0.017892
993.1463460922241,0.28723,0.019263
993.1968698501587,0.28821,0.019377
993.2472071647644,0.29024,0.019944
993.2963547706604,0.29027,0.020106
993.3457200527191,0.2912,0.019921
993.3981437683105,0.29213,0.019651
993.4468688964844,0.29309,0.020032
993.4961426258087,0.29416,0.019801
993.5473248958588,0.29507,0.020171
993.5974147319794,0.296,0.018832
993.6521949768066,0.29712,0.018453
993.7020256519318,0.29845,0.016724
993.752046585083,0.29995,0.016622
993.8057940006256,0.30013,0.015959
993.8552355766296,0.30117,0.016263
993.902818441391,0.30208,0.015181
993.9565281867981,0.30301,0.014976
994.0041420459747,0.30381,0.015125
994.0553004741669,0.30496,0.015153
994.1059148311615,0.30597,0.01543
994.1551916599274,0.30699,0.015578
994.210902929306,0.30789,0.01575
994.2610890865326,0.30907,0.015625
994.311427116394,0.31011,0.015629
994.3623456954956,0.31064,0.015567
994.4103887081146,0.31107,0.015666
994.4638252258301,0.31408,0.015863
994.5130693912506,0.31387,0.017299
994.5610461235046,0.01312,0.014847
994.6154506206512,0.015227,0.014916
994.6645596027374,0.0176,0.015715
994.7134549617767,0.020747,0.015658
994.76327085495,0.023707,0.015402
994.8160984516144,0.02672,0.015425
994.8683702945709,0.029733,0.015319
994.9181604385376,0.032827,0.015506
994.9734237194061,0.032987,0.015551
995.0237152576447,0.038827,0.015514
995.0745983123779,0.041973,0.015676
995.1220536231995,0.044773,0.015619
995.173378944397,0.047547,0.015663
995.2264363765717,0.050587,0.015644
995.2761678695679,0.053413,0.015682
995.3221135139465,0.05632,0.015744
995.3802108764648,0.059093,0.015753
995.4299173355103,0.06192,0.015655
995.4803469181061,0.06472,0.015555
995.529433965683,0.06464,0.015752
995.5797519683838,0.067387,0.015627
995.6261098384857,0.073227,0.015763
995.6799943447113,0.07592,0.015645
995.7308468818665,0.078293,0.015726
995.7860994338989,0.081173,0.015729
995.8383238315582,0.084027,0.015762
995.890166759491,0.08664,0.01583
995.942971944809,0.089173,0.015683
995.9923436641693,0.09176,0.015674
996.040757894516,0.09448,0.01577
996.0925171375275,0.0972,0.015693
996.1416163444519,0.09968,0.015909
996.1949141025543,0.10237,0.015743
996.2433450222015,0.10491,0.015683
996.2978844642639,0.10704,0.015712
996.3448061943054,0.1084,0.015794
996.3975245952606,0.10976,0.015788
996.4491872787476,0.11096,0.015707
996.4984447956085,0.11205,0.015559
996.5443878173828,0.11323,0.015336
996.5993075370789,0.11464,0.015325
996.6488535404205,0.11552,0.015294
996.700475692749,0.11685,0.014963
996.7513320446014,0.11821,0.014927
996.8018612861633,0.11939,0.014906
996.8617975711823,0.1208,0.014745
996.9125106334686,0.12197,0.014888
996.9646413326263,0.12307,0.014897
997.0145971775055,0.12432,0.01484
997.0627512931824,0.12541,0.014861
997.1168098449707,0.12683,0.015009
997.1647288799286,0.12795,0.014954
997.2156586647034,0.12805,0.015023
997.2691187858582,0.13024,0.014954
997.3193018436432,0.13173,0.015147
997.3661594390869,0.13275,0.015102
997.4232501983643,0.13376,0.015032
997.4722392559052,0.13387,0.015
997.5220868587494,0.1352,0.015097
997.5748045444489,0.13723,0.015084
997.621013879776,0.13851,0.015234
997.6738424301147,0.13971,0.015326
997.7268643379211,0.1408,0.015322
997.7752521038055,0.14192,0.01547
997.8227427005768,0.14304,0.015431
997.8750851154327,0.14315,0.015609
997.9266419410706,0.14549,0.015631
997.9767520427704,0.1464,0.015545
998.0252461433411,0.14763,0.015573
998.0788860321045,0.14864,0.015703
998.1294102668762,0.14976,0.015668
998.1792619228363,0.15072,0.015573
998.2294421195984,0.15104,0.015727
998.283084154129,0.15195,0.015401
998.3324391841888,0.1544,0.015525
998.3810789585114,0.15544,0.015664
998.4320003986359,0.15656,0.015601
998.4824075698853,0.15765,0.015602
998.5317275524139,0.15768,0.015547
998.5826754570007,0.15869,0.015599
998.633796453476,0.15976,0.015584
998.686413526535,0.1608,0.015752
998.7350318431854,0.16317,0.015846
998.7819247245789,0.16411,0.015783
998.8365437984467,0.16416,0.015821
998.8861999511719,0.16616,0.015847
998.9313428401947,0.16664,0.015667
998.9862492084503,0.16717,0.015921
999.0364444255829,0.16843,0.015962
999.0873425006866,0.16947,0.016007
999.1368293762207,0.17072,0.016046
999.185524225235,0.1716,0.015908
999.2405788898468,0.17381,0.016074
999.2907302379608,0.17376,0.016034
999.3411748409271,0.17496,0.016031
999.3908731937408,0.17587,0.016016
999.4398717880249,0.17691,0.016144
999.4912812709808,0.17789,0.016138
999.542099237442,0.17888,0.01579
999.5881443023682,0.17907,0.015946
999.6398503780365,0.1812,0.015447
999.6898131370544,0.18219,0.015822
999.7405240535736,0.18341,0.015425
999.7945907115936,0.18421,0.015451
999.844119310379,0.18539,0.014995
999.8914573192596,0.18632,0.014934
999.9468042850494,0.18739,0.014925
999.9966118335724,0.18736,0.01481
1000.0415861606598,0.18875,0.015057
1000.0979652404785,0.18947,0.014905
1000.1489787101746,0.19171,0.014865
1000.1953568458557,0.19259,0.015068
1000.2490477561951,0.19365,0.015167
1000.2948319911957,0.19488,0.015225
1000.3541316986084,0.19579,0.01521
1000.4043297767639,0.19672,0.015168
1000.4606258869171,0.19789,0.015291
1000.5095117092133,0.19875,0.015273
1000.562249660492,0.19984,0.015263
1000.6111788749695,0.20083,0.015476
1000.6627652645111,0.20187,0.015465
1000.715390920639,0.20293,0.015394
1000.7630591392517,0.20381,0.015534
1000.8112387657166,0.20491,0.015509
1000.8646142482758,0.20597,0.015297
1000.9182612895966,0.20592,0.015474
1000.9659037590027,0.20795,0.015394
1001.016140460968,0.20901,0.015569
1001.0712566375732,0.21,0.015375
1001.1182625293732,0.21117,0.015443
1001.1725733280182,0.21216,0.015487
1001.2199940681458,0.2132,0.015606
1001.276068687439,0.214,0.015472
1001.3235375881195,0.21512,0.015675
1001.3769598007202,0.21693,0.015591
1001.4275743961334,0.21709,0.015535
1001.4750344753265,0.21813,0.015635
1001.5274395942688,0.21899,0.015598
1001.5746245384216,0.22003,0.015627
1001.6281428337097,0.22115,0.015726
1001.6783277988434,0.22101,0.015645
1001.724794626236,0.22208,0.01592
1001.7757806777954,0.22405,0.015892
1001.8252465724945,0.22509,0.015827
1001.8767657279968,0.22611,0.016175
1001.9281947612762,0.22597,0.015991
1001.980991601944,0.22696,0.016251
1002.0295000076294,0.22805,0.016366
1002.0797567367554,0.22912,0.016569
1002.1310975551605,0.23093,0.017038
1002.1843736171722,0.23211,0.016849
1002.2341642379761,0.23288,0.017137
1002.2828605175018,0.23389,0.01737
1002.3341209888458,0.23424,0.017614
1002.384134054184,0.23589,0.017631
1002.4339547157288,0.23592,0.017678
1002.4863429069519,0.23699,0.017613
1002.5358078479767,0.23901,0.017167
1002.5887475013733,0.23995,0.017503
1002.636067867279,0.24104,0.01655
1002.6928510665894,0.24195,0.016047
1002.7483928203583,0.24216,0.016465
1002.798041343689,0.24317,0.015905
1002.8459606170654,0.24491,0.015708
1002.8981819152832,0.24589,0.015395
1002.9484655857086,0.24701,0.014864
1002.9935295581818,0.24787,0.014938
1003.0486125946045,0.24824,0.015162
1003.0992002487183,0.25003,0.015248
1003.1497023105621,0.24989,0.015329
1003.201539516449,0.25184,0.01545
1003.2544646263123,0.25288,0.015536
1003.3010468482971,0.254,0.015502
1003.3539724349976,0.25397,0.015507
1003.4107663631439,0.25491,0.015464
1003.4599606990814,0.25675,0.015528
1003.5097119808197,0.25691,0.015708
1003.5659937858582,0.25784,0.015658
1003.6135942935944,0.2588,0.015487
1003.6678078174591,0.25971,0.015715
1003.7167241573334,0.26189,0.015487
1003.7666885852814,0.26269,0.015549
1003.8235869407654,0.2636,0.015549
1003.8789608478546,0.26467,0.015592
1003.9291372299194,0.26573,0.015451
1003.9784348011017,0.26693,0.015477
1004.028317451477,0.26675,0.015398
1004.0782914161682,0.2676,0.015437
1004.1320524215698,0.26971,0.015474
1004.1800134181976,0.27059,0.015445
1004.2318551540375,0.27179,0.015473
1004.279492855072,0.27165,0.015573
1004.3337845802307,0.27368,0.015507
1004.3803744316101,0.27368,0.015603
1004.430498123169,0.27453,0.015617
1004.4848344326019,0.27667,0.015672
1004.5352299213409,0.27747,0.015612
1004.5856235027313,0.27851,0.015777
1004.6319980621338,0.27955,0.015651
1004.6874196529388,0.27955,0.015958
1004.7345154285431,0.28037,0.016111
1004.7887716293335,0.2824,0.016038
1004.8385062217712,0.28339,0.016017
1004.8885350227356,0.28429,0.016286
1004.9396016597748,0.28547,0.016934
1004.9860978126526,0.28523,0.017874
1005.0389356613159,0.28627,0.017925
1005.0879693031311,0.28733,0.018304
1005.1365749835968,0.28843,0.019128
1005.1930735111237,0.29053,0.019459
1005.2427153587341,0.29131,0.019606
1005.2904849052429,0.29235,0.019491
1005.343813419342,0.29237,0.019203
1005.3947949409485,0.29331,0.019256
1005.4393923282623,0.29424,0.019799
1005.4936380386353,0.29624,0.018508
1005.5480079650879,0.29696,0.018824
1005.6008059978485,0.29725,0.018507
1005.6505854129791,0.29827,0.017293
1005.6991093158722,0.2992,0.016037
1005.755096912384,0.30117,0.016017
1005.8103487491608,0.30224,0.015286
1005.8587532043457,0.30211,0.015112
1005.9118237495422,0.30293,0.01501
1005.9599258899689,0.30397,0.014981
1006.0154905319214,0.30528,0.01542
1006.0634207725525,0.30629,0.015614
1006.1151640415192,0.30811,0.015604
1006.1648676395416,0.30891,0.015569
1006.2142901420593,0.30901,0.015614
1006.2670483589172,0.31003,0.015556
1006.3115344047546,0.31091,0.015606
1006.3669600486755,0.31192,0.015646
1006.4152255058289,0.31301,0.015694
1006.4666061401367,0.0168,0.015492
1006.517719745636,0.013573,0.015089
1006.5680418014526,0.015067,0.015688
1006.6223895549774,0.017707,0.015753
1006.6688370704651,0.020853,0.015466
1006.7229647636414,0.023627,0.015428
1006.7700734138489,0.026667,0.015413
1006.8241655826569,0.029627,0.015465
1006.8745040893555,0.032613,0.01543
1006.9225664138794,0.036,0.015429
1006.9763925075531,0.038907,0.01553
1007.0264911651611,0.04176,0.015649
1007.0751528739929,0.044827,0.015488
1007.1289682388306,0.0476,0.01561
1007.1771583557129,0.050293,0.015658
1007.2278983592987,0.053467,0.015605
1007.2776970863342,0.05608,0.015533
1007.3310551643372,0.058853,0.015649
1007.3799357414246,0.064747,0.015692
1007.4298295974731,0.06448,0.01564
1007.481632232666,0.067067,0.015505
1007.5303189754486,0.07032,0.015636
1007.5806770324707,0.07288,0.015605
1007.6308751106262,0.07544,0.015793
1007.6799566745758,0.078293,0.015738
1007.7342205047607,0.08088,0.015693
1007.7829282283783,0.083707,0.015812
1007.8342840671539,0.089093,0.015686
1007.8858501911163,0.089307,0.015695
1007.9334402084351,0.091893,0.015819
1007.9854166507721,0.094187,0.015624
1008.0375454425812,0.097013,0.015766
1008.0902569293976,0.099707,0.015688
1008.1381130218506,0.10248,0.015543
1008.19309425354,0.10493,0.015728
1008.24152135849,0.10696,0.015573
1008.2912631034851,0.10827,0.015591
1008.3416624069214,0.10963,0.015606
1008.3918237686157,0.11085,0.015576
1008.4412198066711,0.11203,0.015463
1008.4922711849213,0.11323,0.015521
1008.5440638065338,0.11328,0.015308
1008.5937559604645,0.11453,0.015162
1008.643381357193,0.11709,0.014986
1008.6936435699463,0.11824,0.014973
1008.7433769702911,0.11944,0.015031
1008.8005509376526,0.12067,0.014854
1008.8481464385986,0.12184,0.014845
1008.8979046344757,0.12325,0.014841
1008.9500215053558,0.12336,0.014898
1009.0006885528564,0.12435,0.014911
1009.0518925189972,0.12653,0.014967
1009.0989274978638,0.12789,0.015056
1009.1525366306305,0.12899,0.014991
1009.2046718597412,0.13021,0.015018
1009.2546367645264,0.13152,0.014889
1009.3038363456726,0.1316,0.015041
1009.351642370224,0.13371,0.014981
1009.4066660404205,0.13501,0.015001
1009.4590268135071,0.13597,0.015274
1009.5092666149139,0.13715,0.015252
1009.5556335449219,0.13733,0.015274
1009.6094110012054,0.13979,0.015242
1009.6584737300873,0.14064,0.015546
1009.7107448577881,0.14155,0.015392
1009.7593805789948,0.14179,0.015529
1009.8110375404358,0.14299,0.015569
1009.8599443435669,0.14504,0.015509
1009.9077258110046,0.14629,0.015638
1009.9604036808014,0.14627,0.015622
1010.0103678703308,0.14733,0.015631
1010.0603396892548,0.14851,0.015693
1010.1096177101135,0.14973,0.015451
1010.1621980667114,0.15077,0.0156
1010.2120132446289,0.15189,0.015519
1010.2613084316254,0.15397,0.015598
1010.3110558986664,0.15536,0.015547
1010.361855506897,0.15541,0.015436
1010.4120197296143,0.15624,0.015483
1010.4650473594666,0.15744,0.015434
1010.5135974884033,0.15859,0.01561
1010.5631959438324,0.15973,0.015553
1010.6154153347015,0.15952,0.015597
1010.6667582988739,0.16176,0.015531
1010.7162184715271,0.16379,0.015655
1010.7697396278381,0.16427,0.01575
1010.8187251091003,0.16501,0.015785
1010.8746123313904,0.16616,0.015736
1010.9246294498444,0.16728,0.015795
1010.9756834506989,0.16931,0.015802
1011.0251004695892,0.1692,0.015766
1011.0807354450226,0.17059,0.015713
1011.1295928955078,0.17163,0.015942
1011.1807096004486,0.17277,0.015559
1011.2286658287048,0.17373,0.015868
1011.2787442207336,0.17469,0.015868
1011.3323223590851,0.17579,0.015829
1011.3780751228333,0.17701,0.015713
1011.4316244125366,0.17893,0.015735
1011.4817311763763,0.17917,0.015559
1011.527467250824,0.18008,0.015631
1011.5841903686523,0.1812,0.015313
1011.6328580379486,0.18224,0.015511
1011.683340549469,0.18309,0.015221
1011.7358908653259,0.18413,0.015137
1011.7816762924194,0.18539,0.015095
1011.8373908996582,0.18632,0.015085
1011.8887550830841,0.18648,0.014932
1011.9384214878082,0.18848,0.015031
1011.9916064739227,0.18941,0.015031
1012.0433537960052,0.19045,0.014893
1012.0919404029846,0.1916,0.015171
1012.1416363716125,0.19157,0.015135
1012.1950950622559,0.19376,0.015271
1012.2431871891022,0.19379,0.015121
1012.2928440570831,0.19568,0.015136
1012.3432188034058,0.19672,0.015135
1012.3963854312897,0.19765,0.015196
1012.4458272457123,0.19776,0.015342
1012.4922857284546,0.19949,0.015179
1012.545574426651,0.20072,0.015211
1012.602438211441,0.20181,0.015257
1012.6518940925598,0.2028,0.01524
1012.702196598053,0.20299,0.01544
1012.7567660808563,0.20485,0.015365
1012.8082611560822,0.20592,0.015338
1012.8577325344086,0.20672,0.015475
1012.9068315029144,0.20787,0.015548
1012.9579019546509,0.20805,0.0155
1013.0118477344513,0.21013,0.015516
1013.0587129592896,0.21091,0.015546
1013.1077671051025,0.21203,0.015496
1013.160621881485,0.2132,0.015534
1013.2163555622101,0.21411,0.015625
1013.2661652565002,0.21501,0.015556
1013.3130080699921,0.21611,0.015504
1013.3681273460388,0.21693,0.015575
1013.418758392334,0.21797,0.015577
1013.4674348831177,0.21901,0.015601
1013.5169603824615,0.22024,0.015592
1013.5694501399994,0.22096,0.015659
1013.6199963092804,0.22197,0.015621
1013.6682133674622,0.22213,0.015572
1013.719560623169,0.22379,0.015775
1013.7695243358612,0.22491,0.015832
1013.8213369846344,0.22496,0.015954
1013.8700206279755,0.22597,0.015972
1013.9200758934021,0.22797,0.015859
1013.9723641872406,0.22899,0.015918
1014.0217885971069,0.23,0.016225
1014.0725121498108,0.23011,0.016061
1014.1250476837158,0.23093,0.016446
1014.1773073673248,0.23203,0.016894
1014.2236878871918,0.23333,0.016939
1014.2790513038635,0.23504,0.016883
1014.3313930034637,0.23613,0.017017
1014.3828217983246,0.23701,0.017116
1014.4374668598175,0.23805,0.017231
1014.48610496521,0.23893,0.016859
1014.5358142852783,0.23992,0.016687
1014.5899770259857,0.23973,0.016173
1014.6391744613647,0.24088,0.016246
1014.6917316913605,0.2428,0.015842
1014.7386152744293,0.24373,0.015367
1014.7946209907532,0.24477,0.01543
1014.8483688831329,0.24469,0.015383
1014.8973274230957,0.24592,0.015194
1014.946008682251,0.24712,0.015269
1015.0028595924377,0.24869,0.015331
1015.0548768043518,0.25003,0.015385
1015.0986437797546,0.24995,0.01547
1015.1545298099518,0.2516,0.015394
1015.2050104141235,0.25203,0.015438
1015.2556982040405,0.25272,0.015526
1015.3048896789551,0.25499,0.015398
1015.3554050922394,0.25576,0.015436
1015.4066512584686,0.25693,0.015544
1015.4597918987274,0.25691,0.015548
1015.5083706378937,0.25851,0.015623
1015.5587697029114,0.2588,0.01555
1015.6086783409119,0.25973,0.015537
1015.6560068130493,0.26061,0.015688
1015.7098326683044,0.26283,0.015658
1015.7618112564087,0.26373,0.01551
1015.8119895458221,0.26477,0.015596
1015.8587422370911,0.26557,0.015477
1015.9132018089294,0.26579,0.015567
1015.9607071876526,0.26683,0.015542
1016.0096294879913,0.26747,0.015635
1016.0624969005585,0.26856,0.015545
1016.1119902133942,0.26973,0.015591
1016.1629323959351,0.27043,0.015438
1016.2156927585602,0.27259,0.015477
1016.2638003826141,0.27285,0.015582
1016.3165616989136,0.27357,0.015461
1016.365309715271,0.27453,0.015598
1016.4167590141296,0.27648,0.015638
1016.4661486148834,0.27661,0.015661
1016.514999628067,0.27747,0.015626
1016.5654623508453,0.27859,0.015758
1016.6231367588043,0.27965,0.015866
1016.6730501651764,0.28163,0.015681
1016.7220849990845,0.28235,0.015903
1016.772145986557,0.28227,0.016107
1016.8229839801788,0.28341,0.016356
1016.8712341785431,0.28437,0.016169
1016.9242990016937,0.28547,0.017136
1016.9760632514954,0.28645,0.016881
1017.0224649906158,0.28832,0.017113
1017.0754947662354,0.28819,0.017451
1017.1255474090576,0.28928,0.01791
1017.1776359081268,0.29029,0.018761
1017.2307653427124,0.29109,0.018779
1017.279058933258,0.29219,0.018612
1017.3294258117676,0.29333,0.018813
1017.3780138492584,0.29435,0.018533
1017.4300343990326,0.29523,0.018028
1017.480607509613,0.29629,0.017931
1017.535885810852,0.29709,0.017516
1017.5840444564819,0.29816,0.016021
1017.6330082416534,0.29904,0.016042
1017.687343120575,0.29995,0.015467
1017.7380185127258,0.30099,0.015102
1017.7901933193207,0.30184,0.014911
1017.8455061912537,0.30307,0.014994
1017.8967568874359,0.30381,0.015217
1017.9451260566711,0.30475,0.015445
1017.9955821037292,0.30584,0.015633
1018.0489389896393,0.30699,0.015603
1018.1012420654297,0.30792,0.01565
1018.1497049331665,0.30888,0.015546
1018.2008481025696,0.31005,0.015558
1018.2522945404053,0.31091,0.015722
1018.3016047477722,0.31176,0.015591
1018.3504586219788,0.31213,0.015556
1018.4023311138153,0.31384,0.017715
1018.4520587921143,0.01312,0.015618
1018.50244307518,0.014747,0.015439
1018.5517840385437,0.017467,0.015755
1018.6005825996399,0.020373,0.015539
1018.6548104286194,0.023307,0.01552
1018.7044448852539,0.023627,0.015407
1018.7561478614807,0.029413,0.015281
1018.8033668994904,0.032293,0.015526
1018.8568849563599,0.032613,0.015528
1018.9095559120178,0.03856,0.015475
1018.9569852352142,0.041573,0.015521
1019.0120010375977,0.044427,0.015593
1019.0638475418091,0.047413,0.01569
1019.1099379062653,0.050267,0.015569
1019.166585445404,0.053147,0.01562
1019.2160487174988,0.052933,0.01559
1019.2643723487854,0.056053,0.015612
1019.3159561157227,0.06184,0.015675
1019.3666543960571,0.064533,0.015544
1019.4164152145386,0.067307,0.01567
1019.4690690040588,0.069867,0.015711
1019.5194473266602,0.072933,0.015679
1019.5687108039856,0.075547,0.015683
1019.6186895370483,0.078187,0.015541
1019.6691915988922,0.080907,0.015744
1019.721307516098,0.083573,0.015609
1019.7756505012512,0.086107,0.015687
1019.8223829269409,0.08912,0.015641
1019.8743169307709,0.091653,0.015751
1019.9291288852692,0.091787,0.015711
1019.979254245758,0.094187,0.015562
1020.0279219150543,0.097093,0.015643
1020.0797171592712,0.10224,0.015634
1020.1297330856323,0.10472,0.015513
1020.1777894496918,0.10704,0.015562
1020.2281975746155,0.10827,0.015591
1020.2783625125885,0.10827,0.015444
1020.3270602226257,0.10949,0.015432
1020.3822073936462,0.11216,0.015253
1020.4306035041809,0.11328,0.015318
1020.4819877147675,0.11456,0.015336
1020.5327386856079,0.11584,0.015177
1020.5813810825348,0.11691,0.015072
1020.6343266963959,0.11699,0.01491
1020.6810035705566,0.11827,0.014966
1020.7314147949219,0.11933,0.014946
1020.7830538749695,0.12067,0.014902
1020.8343648910522,0.12192,0.014836
1020.8834257125854,0.12443,0.014969
1020.9366135597229,0.1256,0.014853
1020.9869792461395,0.12664,0.014955
1021.0372929573059,0.12795,0.014887
1021.0855040550232,0.12824,0.015004
1021.1368365287781,0.12925,0.014952
1021.1882877349854,0.13027,0.015053
1021.2374670505524,0.13152,0.014962
1021.2904009819031,0.13272,0.015081
1021.3391585350037,0.13491,0.015185
1021.3886730670929,0.13531,0.015149
1021.4439661502838,0.13629,0.015427
1021.4923522472382,0.13736,0.015378
1021.5409231185913,0.1384,0.015523
1021.595157623291,0.13984,0.015557
1021.6464455127716,0.142,0.01549
1021.6975085735321,0.14323,0.015479
1021.744411945343,0.14315,0.015538
1021.7973299026489,0.14421,0.015526
1021.8458836078644,0.14528,0.015507
1021.8993055820465,0.14629,0.015625
1021.9481809139252,0.14768,0.015574
1021.9970290660858,0.14752,0.015641
1022.047566652298,0.14976,0.015667
1022.0998573303223,0.15085,0.015579
1022.1490707397461,0.15216,0.015625
1022.1986722946167,0.15301,0.015562
1022.2497410774231,0.15432,0.015639
1022.300954580307,0.15541,0.015614
1022.351423740387,0.15653,0.015508
1022.4005317687988,0.15875,0.015482
1022.45183634758,0.15872,0.015467
1022.5014522075653,0.15965,0.01559
1022.5505623817444,0.16085,0.015563
1022.6081638336182,0.16203,0.015744
1022.6583662033081,0.16312,0.015662
1022.7079946994781,0.16419,0.015565
1022.7547376155853,0.16515,0.015795
1022.808886051178,0.16624,0.015577
1022.8581380844116,0.16613,0.015753
1022.9083898067474,0.16739,0.015667
1022.9573647975922,0.16829,0.015726
1023.0091454982758,0.17048,0.015634
1023.0587103366852,0.17056,0.015775
1023.1085333824158,0.17237,0.015703
1023.161675453186,0.17373,0.015601
1023.2094111442566,0.17379,0.015616
1023.2586672306061,0.17496,0.015498
1023.308345079422,0.17691,0.015335
1023.3597176074982,0.17787,0.015365
1023.4089739322662,0.17885,0.015342
1023.4661908149719,0.18013,0.015165
1023.5136864185333,0.1812,0.015215
1023.5624732971191,0.18107,0.015236
1023.6206841468811,0.18213,0.015253
1023.6648874282837,0.18421,0.015143
1023.721527338028,0.18517,0.015189
1023.7714214324951,0.18635,0.015094
1023.8256118297577,0.1864,0.014978
1023.8745009899139,0.18736,0.015121
1023.9243233203888,0.18864,0.014967
1023.9748311042786,0.19032,0.015093
1024.0257635116577,0.19168,0.015239
1024.078814983368,0.19275,0.015264
1024.1293654441833,0.19387,0.015174
1024.1777307987213,0.19496,0.015212
1024.2298669815063,0.19483,0.01492
1024.2806317806244,0.19664,0.015192
1024.332912683487,0.19773,0.015166
1024.3812837600708,0.1988,0.015377
1024.4351863861084,0.19888,0.015287
1024.4818947315216,0.19989,0.015558
1024.5355582237244,0.20096,0.015529
1024.584062576294,0.20179,0.015419
1024.6361072063446,0.20389,0.015634
1024.6850671768188,0.20501,0.01544
1024.732451915741,0.20584,0.015413
1024.7843599319458,0.206,0.015467
1024.837074995041,0.208,0.015469
1024.8871366977692,0.20797,0.01551
1024.9362208843231,0.20976,0.015454
1024.9912323951721,0.21104,0.015531
1025.0411410331726,0.21189,0.015562
1025.0897109508514,0.21216,0.015414
1025.1409599781036,0.21304,0.015472
1025.1925172805786,0.21416,0.015471
1025.242401599884,0.21531,0.01544
1025.2934250831604,0.21597,0.015424
1025.3409173488617,0.21795,0.015593
1025.390961408615,0.21813,0.015473
1025.443274974823,0.21904,0.015554
1025.494866847992,0.22008,0.015534
1025.5412747859955,0.22096,0.015527
1025.5951085090637,0.22219,0.015654
1025.6437945365906,0.22312,0.015652
1025.6962399482727,0.22421,0.0157
1025.7464520931244,0.22611,0.01572
1025.8053786754608,0.22629,0.015864
1025.852576494217,0.22707,0.015738
1025.9052436351776,0.22819,0.015874
1025.9532451629639,0.22901,0.01591
1026.0049605369568,0.23019,0.015687
1026.0556049346924,0.2312,0.015991
1026.106282711029,0.23203,0.016279
1026.1547899246216,0.23315,0.016135
1026.2056362628937,0.23429,0.016129
1026.2568080425262,0.23507,0.016065
1026.3073935508728,0.23603,0.016648
1026.35649061203,0.23699,0.016095
1026.408360004425,0.23797,0.016402
1026.460830450058,0.23912,0.016389
1026.5099828243256,0.23992,0.016154
1026.558120727539,0.24091,0.015855
1026.6112296581268,0.24203,0.015693
1026.659420490265,0.242,0.015439
1026.7116632461548,0.24387,0.015419
1026.7622113227844,0.24597,0.015406
1026.812556028366,0.24573,0.015369
1026.8624470233917,0.24675,0.015286
1026.9140214920044,0.24789,0.015349
1026.963740825653,0.24888,0.01541
1027.011318206787,0.24987,0.015453
1027.0633878707886,0.24981,0.015344
1027.1190614700317,0.2516,0.015378
1027.1686398983002,0.25163,0.015396
1027.2188820838928,0.25381,0.015286
1027.2683889865875,0.25477,0.015483
1027.3161044120789,0.25557,0.015439
1027.3656032085419,0.25573,0.01559
1027.4197490215302,0.2568,0.015535
1027.4687604904175,0.25789,0.015605
1027.5182690620422,0.2596,0.015607
1027.5719242095947,0.26053,0.015612
1027.6227669715881,0.26171,0.01552
1027.678391456604,0.26251,0.015656
1027.7286837100983,0.26357,0.015636
1027.7803723812103,0.26461,0.015586
1027.8304467201233,0.2656,0.015488
1027.8789746761322,0.26648,0.015423
1027.9296536445618,0.26669,0.0156
1027.9773907661438,0.2684,0.015624
1028.0301551818848,0.26947,0.015557
1028.0818047523499,0.27059,0.01565
1028.1318860054016,0.27136,0.015567
1028.1835658550262,0.27139,0.015506
1028.2321588993073,0.27237,0.015604
1028.2822544574738,0.27355,0.015525
1028.3347806930542,0.27547,0.015526
1028.3869791030884,0.27656,0.01556
1028.4354424476624,0.27763,0.015588
1028.4876708984375,0.2784,0.015696
1028.5367538928986,0.27933,0.015789
1028.5890057086945,0.27936,0.01559
1028.6377549171448,0.28043,0.015413
1028.690302848816,0.28123,0.015659
1028.7384548187256,0.28333,0.015712
1028.7895276546478,0.28437,0.015808
1028.843267440796,0.2844,0.01581
1028.8929393291473,0.28531,0.016378
1028.9394991397858,0.28621,0.016572
1028.9932131767273,0.28733,0.016926
1029.043291568756,0.28832,0.016917
1029.0957374572754,0.29027,0.01739
1029.1452705860138,0.29128,0.017596
1029.1952629089355,0.29221,0.017389
1029.2435839176178,0.29237,0.017408
1029.2952344417572,0.29416,0.016793
1029.3467290401459,0.29413,0.01731
1029.3952224254608,0.2952,0.01673
1029.448319196701,0.29627,0.016473
1029.5001254081726,0.29701,0.016321
1029.547254562378,0.29821,0.015545
1029.5986516475677,0.29989,0.015083
1029.6495835781097,0.30008,0.014941
1029.7008595466614,0.30117,0.014777
1029.7513418197632,0.30216,0.014947
1029.8005285263062,0.30309,0.015165
1029.8519124984741,0.30397,0.015357
1029.9002623558044,0.30507,0.015488
1029.952074289322,0.30675,0.01565
1030.0070624351501,0.30688,0.01555
1030.0520973205566,0.30885,0.015619
1030.1061379909515,0.30893,0.01559
1030.1592700481415,0.30995,0.015793
1030.2088134288788,0.31101,0.015539
1030.2575743198395,0.31181,0.015704
1030.3096997737885,0.31288,0.015664
1030.3572602272034,0.314,0.015637
1030.41237616539,0.012667,0.015152
1030.4615995883942,0.014347,0.015699
1030.5126883983612,0.017413,0.015663
1030.5642387866974,0.020293,0.015544
1030.6123893260956,0.026347,0.015649
1030.6656095981598,0.02656,0.015544
1030.7161507606506,0.02952,0.015572
1030.765923500061,0.032507,0.015574
1030.8148818016052,0.03528,0.015573
1030.8651332855225,0.038533,0.015622
1030.918200492859,0.041493,0.015609
1030.9746224880219,0.04424,0.015657
1031.0221865177155,0.04728,0.015608
1031.0729262828827,0.050027,0.015653
1031.1246457099915,0.049973,0.01563
1031.1733012199402,0.05592,0.01567
1031.2231101989746,0.05872,0.015659
1031.277550458908,0.061493,0.015539
1031.326200723648,0.06424,0.015625
1031.375180721283,0.067253,0.015668
1031.4294719696045,0.069733,0.015626
1031.4817719459534,0.070133,0.015749
1031.529985666275,0.072827,0.015695
1031.5801751613617,0.07808,0.015621
1031.6340508460999,0.080987,0.015645
1031.6823184490204,0.0836,0.015691
1031.7322263717651,0.08632,0.015629
1031.7850954532623,0.0888,0.015678
1031.8328204154968,0.09152,0.015625
1031.887196779251,0.094267,0.015714
1031.9332418441772,0.096987,0.015746
1031.9852604866028,0.099413,0.015617
1032.0369448661804,0.10211,0.015683
1032.0853135585785,0.10467,0.015682
1032.1402089595795,0.10685,0.015484
1032.1888406276703,0.10837,0.015529
1032.2386121749878,0.10829,0.015488
1032.2879679203033,0.10976,0.015423
1032.343716621399,0.11107,0.015269
1032.3927872180939,0.11216,0.015274
1032.4448037147522,0.11453,0.015168
1032.4933288097382,0.11576,0.01513
1032.54354763031,0.11725,0.015177
1032.591702222824,0.11824,0.015205
1032.6452095508575,0.11963,0.015198
1032.6952831745148,0.1196,0.015021
1032.7460424900055,0.12184,0.014996
1032.8000457286835,0.12328,0.015025
1032.8531694412231,0.12416,0.015134
1032.9003469944,0.12437,0.015055
1032.9516565799713,0.12581,0.015011
1033.0030870437622,0.12771,0.015037
1033.0560383796692,0.12907,0.015078
1033.1072173118591,0.13008,0.015124
1033.1556816101074,0.13136,0.015083
1033.2098569869995,0.13253,0.015108
1033.2599747180939,0.13381,0.015248
1033.3083226680756,0.13496,0.015261
1033.35911154747,0.13611,0.015185
1033.4140956401825,0.13627,0.015243
1033.462031364441,0.13723,0.01537
1033.5131509304047,0.13957,0.015488
1033.5628485679626,0.14053,0.015461
1033.615351676941,0.14173,0.015454
1033.6652846336365,0.14293,0.015548
1033.7156329154968,0.14411,0.015575
1033.7657759189606,0.14515,0.015505
1033.819270849228,0.14528,0.015549
1033.8661160469055,0.14645,0.015459
1033.920261144638,0.1476,0.015562
1033.967104434967,0.14957,0.015473
1034.0183024406433,0.15083,0.015707
1034.073682308197,0.15205,0.015486
1034.1240351200104,0.15283,0.015749
1034.1754262447357,0.15304,0.015716
1034.2239603996277,0.15435,0.01564
1034.2746422290802,0.15536,0.015613
1034.3256998062134,0.15643,0.015591
1034.3785090446472,0.15741,0.015479
1034.4281063079834,0.15971,0.015603
1034.4762926101685,0.16088,0.015594
1034.5261199474335,0.16088,0.01559
1034.5779795646667,0.16296,0.015599
1034.630604505539,0.16299,0.015725
1034.6799144744873,0.16408,0.015644
1034.7303068637848,0.16531,0.015611
1034.7840175628662,0.16619,0.015646
1034.8353414535522,0.16835,0.015762
1034.883467912674,0.16949,0.015598
1034.9339606761932,0.17035,0.015619
1034.9914846420288,0.17163,0.015518
1035.0396950244904,0.17157,0.015701
1035.0892369747162,0.17256,0.015482
1035.1385085582733,0.17363,0.015612
1035.1908631324768,0.17469,0.015444
1035.241102218628,0.17584,0.015364
1035.289422750473,0.17691,0.015308
1035.3416616916656,0.17899,0.01533
1035.391849040985,0.17997,0.01533
1035.4476511478424,0.18107,0.015226
1035.493980884552,0.18117,0.015254
1035.5480370521545,0.18208,0.015057
1035.5948326587677,0.18317,0.015084
1035.6447739601135,0.18419,0.015047
1035.698337316513,0.18523,0.014912
1035.7504816055298,0.18629,0.014964
1035.7997484207153,0.1872,0.015012
1035.8484728336334,0.18944,0.01508
1035.904394865036,0.18933,0.015044
1035.953108549118,0.19037,0.015031
1036.006479024887,0.19152,0.015048
1036.0549223423004,0.19248,0.014994
1036.1065771579742,0.19357,0.015106
1036.157880306244,0.19469,0.015054
1036.2090365886688,0.19565,0.015164
1036.2596518993378,0.1968,0.015376
1036.3100357055664,0.19789,0.015466
1036.3582758903503,0.19877,0.015344
1036.4061477184296,0.19973,0.01538
1036.4604065418243,0.20067,0.015624
1036.510980606079,0.20192,0.015419
1036.555281162262,0.20267,0.015559
1036.606825351715,0.2036,0.01556
1036.658903837204,0.20493,0.015557
1036.7105431556702,0.20579,0.015509
1036.7610876560211,0.20675,0.015631
1036.8138070106506,0.20792,0.015515
1036.862676858902,0.20883,0.01549
1036.9148766994476,0.20979,0.015618
1036.9677667617798,0.21096,0.015501
1037.0178318023682,0.21203,0.015519
1037.068169593811,0.21293,0.01547
1037.1167075634003,0.21389,0.015497
1037.167341709137,0.2148,0.015479
1037.21577501297,0.21592,0.015471
1037.2702732086182,0.21691,0.0155
1037.3186740875244,0.21784,0.015423
1037.3713524341583,0.21899,0.015438
1037.422702074051,0.22003,0.015485
1037.4738445281982,0.22109,0.015485
1037.5217287540436,0.22192,0.015608
1037.5708978176117,0.22301,0.015519
1037.630841255188,0.22403,0.015684
1037.6847219467163,0.2252,0.015651
1037.7349054813385,0.22616,0.015454
1037.782874584198,0.22627,0.015689
1037.8336560726166,0.22744,0.015747
1037.88662815094,0.22915,0.015527
1037.9357678890228,0.23,0.015615
1037.988275051117,0.23091,0.015732
1038.0382251739502,0.23197,0.015515
1038.0849494934082,0.23309,0.015691
1038.1377606391907,0.23392,0.015609
1038.1871716976166,0.23389,0.015505
1038.2363014221191,0.23581,0.015801
1038.2879195213318,0.23701,0.015719
1038.3413853645325,0.23787,0.015511
1038.3897807598114,0.23888,0.015721
1038.4409267902374,0.23992,0.015577
1038.4901807308197,0.24093,0.015477
1038.5414702892303,0.24176,0.015446
1038.588593006134,0.24205,0.015337
1038.6414730548859,0.24304,0.015353
1038.6902828216553,0.24392,0.015314
1038.7415828704834,0.24595,0.015349
1038.7955379486084,0.24693,0.015292
1038.845540046692,0.24701,0.015274
1038.8961791992188,0.24893,0.015311
1038.947058916092,0.24992,0.015249
1038.9972534179688,0.24987,0.015224
1039.042863368988,0.25088,0.015184
1039.098070859909,0.25267,0.015315
1039.151939868927,0.25373,0.015225
1039.2015845775604,0.25467,0.015239
1039.2559940814972,0.2548,0.015525
1039.3059585094452,0.2568,0.015569
1039.356020450592,0.25768,0.015466
1039.4066519737244,0.25872,0.01526
1039.4585721492767,0.25981,0.015533
1039.5070490837097,0.25984,0.015566
1039.558732509613,0.26064,0.015572
1039.6085758209229,0.26173,0.015553
1039.6589350700378,0.26264,0.015641
1039.7080714702606,0.26461,0.01561
1039.7595117092133,0.26544,0.015588
1039.8098912239075,0.26581,0.015505
1039.858790397644,0.26739,0.015566
1039.9090490341187,0.26768,0.015398
1039.9639823436737,0.26867,0.01552
1040.0133802890778,0.26952,0.015528
1040.062178850174,0.27035,0.015503
1040.112812757492,0.27229,0.01552
1040.1613652706146,0.27357,0.015564
1040.2154710292816,0.27376,0.015507
1040.2640640735626,0.27541,0.015417
1040.3167428970337,0.27552,0.015504
1040.365311384201,0.2764,0.015452
1040.4150099754333,0.27736,0.015607
1040.4684476852417,0.27925,0.015539
1040.516994714737,0.27931,0.015603
1040.568855524063,0.28029,0.015466
1040.6218893527985,0.28125,0.015683
1040.672155380249,0.28232,0.015636
1040.7237083911896,0.2832,0.015625
1040.7745604515076,0.28416,0.015565
1040.8229911327362,0.28525,0.015574
1040.8742589950562,0.28635,0.015734
1040.9198486804962,0.28632,0.015903
1040.9774596691132,0.28941,0.015773
1041.0248663425446,0.28944,0.016306
1041.0747656822205,0.29021,0.015931
1041.1265606880188,0.29125,0.016075
1041.1758482456207,0.29197,0.015973
1041.2257280349731,0.29304,0.015482
1041.278079509735,0.29421,0.015792
1041.3255863189697,0.29512,0.015655
1041.3758676052094,0.29517,0.015324
1041.4266679286957,0.2972,0.015485
1041.4798467159271,0.29795,0.014984
1041.5271661281586,0.29912,0.015085
1041.5808227062225,0.29987,0.015139
1041.6315913200378,0.30093,0.015013
1041.6792426109314,0.302,0.015333
1041.7308473587036,0.30291,0.015417
1041.7836079597473,0.30379,0.015383
1041.8342871665955,0.30499,0.015287
1041.885434627533,0.30597,0.015445
1041.9343190193176,0.30691,0.015399
1041.988966703415,0.30803,0.015451
1042.0386807918549,0.3088,0.015549
1042.0946052074432,0.30995,0.015678
1042.142417192459,0.31085,0.01574
1042.1931200027466,0.31189,0.015655
1042.2449934482574,0.3128,0.01546
1042.29763174057,0.31389,0.015433
1042.3475317955017,0.014427,0.015915
1042.404360294342,0.014267,0.015739
1042.4518756866455,0.017387,0.015578
1042.504521369934,0.02008,0.015443
1042.555005311966,0.023227,0.015637
1042.6024806499481,0.02632,0.015607
1042.6546638011932,0.026427,0.015685
1042.706465959549,0.029333,0.015581
1042.7578411102295,0.035253,0.015551
1042.8067665100098,0.038293,0.015667
1042.8578464984894,0.03848,0.015703
1042.9058282375336,0.04416,0.015564
1042.9573447704315,0.047093,0.015626
1043.0045216083527,0.049947,0.015685
1043.0576691627502,0.052773,0.015695
1043.111010313034,0.055813,0.015683
1043.1586241722107,0.058373,0.015623
1043.2094187736511,0.061413,0.015643
1043.258987903595,0.063947,0.015674
1043.3134596347809,0.066987,0.015749
1043.3627305030823,0.069707,0.015606
1043.412840127945,0.07256,0.015672
1043.46439743042,0.07528,0.015736
1043.5120339393616,0.077947,0.015688
1043.5631387233734,0.080773,0.015755
1043.613950252533,0.083253,0.015695
1043.665840625763,0.086187,0.015564
1043.7121489048004,0.0888,0.015637
1043.7671892642975,0.088693,0.015672
1043.8176367282867,0.09144,0.015785
1043.8626284599304,0.096507,0.015542
1043.9168033599854,0.096773,0.015821
1043.9694845676422,0.10187,0.015667
1044.018676519394,0.10448,0.01567
1044.0760536193848,0.10675,0.015639
1044.1250987052917,0.10669,0.015649
1044.170691728592,0.10795,0.015409
1044.2253839969635,0.11051,0.015366
1044.275449514389,0.11187,0.015375
1044.323737859726,0.11307,0.015361
1044.3813860416412,0.11331,0.015323
1044.4340374469757,0.11424,0.015277
1044.482539176941,0.11565,0.015255
1044.5368828773499,0.11675,0.015175
1044.5827567577362,0.11923,0.015225
1044.6395015716553,0.12056,0.015158
1044.6875805854797,0.12163,0.015136
1044.7346580028534,0.12301,0.015166
1044.7864398956299,0.12408,0.015084
1044.8384034633636,0.12544,0.015095
1044.8898720741272,0.12643,0.015236
1044.941254377365,0.12651,0.015159
1044.992709159851,0.12779,0.015239
1045.0411829948425,0.12904,0.015254
1045.0921485424042,0.12995,0.015316
1045.148150920868,0.13253,0.015277
1045.1983318328857,0.13373,0.015361
1045.2470626831055,0.13467,0.01535
1045.2992227077484,0.13493,0.015472
1045.349398136139,0.13592,0.015527
1045.3970885276794,0.13709,0.015497
1045.4466087818146,0.13944,0.015288
1045.4995739459991,0.14061,0.015417
1045.5509910583496,0.14173,0.015563
1045.6016337871552,0.14176,0.015478
1045.6490952968597,0.1428,0.015663
1045.7036323547363,0.14395,0.015624
1045.7508046627045,0.14525,0.015582
1045.8025267124176,0.14635,0.015572
1045.8534677028656,0.1476,0.015676
1045.9001293182373,0.14965,0.015604
1045.9535520076752,0.14984,0.015706
1046.0039761066437,0.15075,0.015692
1046.0530366897583,0.15219,0.01545
1046.1044223308563,0.15435,0.015606
1046.1557157039642,0.15456,0.015666
1046.2090935707092,0.15525,0.015649
1046.257003068924,0.15643,0.015587
1046.3093211650848,0.15736,0.01571
1046.3587458133698,0.15856,0.015563
1046.4086525440216,0.15973,0.015628
1046.461068868637,0.16064,0.015695
1046.510281085968,0.16189,0.015604
1046.5614557266235,0.16312,0.015599
1046.6092145442963,0.16411,0.015681
1046.6631565093994,0.16528,0.015697
1046.711956501007,0.16624,0.015705
1046.7590119838715,0.16736,0.015686
1046.8093075752258,0.16821,0.015675
1046.8607287406921,0.16928,0.015686
1046.9138963222504,0.17045,0.01559
1046.9633512496948,0.17152,0.01548
1047.0146267414093,0.17267,0.015549
1047.0644776821136,0.17379,0.015416
1047.1168043613434,0.1748,0.01541
1047.1653892993927,0.17597,0.015543
1047.218122959137,0.17691,0.0154
1047.2654263973236,0.17709,0.015429
1047.319053888321,0.17901,0.015255
1047.3712403774261,0.17989,0.015314
1047.4183042049408,0.18104,0.015251
1047.472979068756,0.18213,0.015149
1047.5225944519043,0.18309,0.015223
1047.572060585022,0.18421,0.015242
1047.621862411499,0.18421,0.0151
1047.67293715477,0.18531,0.015123
1047.728803396225,0.18749,0.015031
1047.7751598358154,0.1884,0.014984
1047.828678369522,0.18936,0.015083
1047.8769431114197,0.19053,0.015121
1047.929143667221,0.19163,0.014912
1047.9815714359283,0.19275,0.015231
1048.0305154323578,0.19264,0.014949
1048.0840644836426,0.19459,0.015275
1048.1336815357208,0.19565,0.01527
1048.1848964691162,0.19661,0.015369
1048.2354896068573,0.19763,0.015383
1048.2888951301575,0.19867,0.015442
1048.3384091854095,0.19963,0.015551
1048.3882653713226,0.20064,0.015384
1048.4361052513123,0.20067,0.015588
1048.4934508800507,0.20291,0.015541
1048.543485403061,0.20384,0.015575
1048.5925705432892,0.20504,0.015637
1048.6451501846313,0.20571,0.01558
1048.692978143692,0.2068,0.015604
1048.7469294071198,0.20696,0.015484
1048.7955889701843,0.20893,0.015461
1048.848328590393,0.20893,0.015621
1048.903035402298,0.21088,0.015539
1048.9509971141815,0.21216,0.015515
1049.0011508464813,0.21285,0.015447
1049.052892446518,0.21405,0.015511
1049.1009812355042,0.21509,0.01548
1049.1557550430298,0.21589,0.015435
1049.208825826645,0.21707,0.015345
1049.258374929428,0.21707,0.015462
1049.307583808899,0.21893,0.015495
1049.3573670387268,0.21987,0.015417
1049.4127020835876,0.2212,0.015434
1049.4613120555878,0.22187,0.015529
1049.5115005970001,0.22304,0.015629
1049.5643076896667,0.22301,0.015587
1049.6142497062683,0.22403,0.015646
1049.664098739624,0.22539,0.015689
1049.717333316803,0.22608,0.015611
1049.765519618988,0.22789,0.015502
1049.8173670768738,0.22893,0.015647
1049.866816997528,0.22984,0.015785
1049.9162395000458,0.23013,0.015659
1049.968135356903,0.23112,0.015552
1050.0235388278961,0.23211,0.015533
1050.0669476985931,0.23296,0.015501
1050.120866060257,0.23408,0.015388
1050.175131559372,0.23584,0.015385
1050.2233247756958,0.23688,0.015334
1050.2751016616821,0.23677,0.015155
1050.3257629871368,0.23805,0.015297
1050.3746428489685,0.23899,0.015119
1050.4263014793396,0.23981,0.015265
1050.4756798744202,0.24091,0.015302
1050.534338235855,0.24288,0.015166
1050.5821557044983,0.24392,0.015062
1050.633502960205,0.24381,0.015295
1050.6845655441284,0.24584,0.015196
1050.7343018054962,0.2468,0.015279
1050.7843210697174,0.24669,0.015232
1050.836906194687,0.24872,0.015173
1050.889340877533,0.24965,0.015173
1050.9362981319427,0.2508,0.015243
1050.991191625595,0.25067,0.015397
1051.0383079051971,0.25173,0.015418
1051.0895981788635,0.25261,0.015443
1051.140644788742,0.25472,0.015555
1051.1928088665009,0.25475,0.015528
1051.2404489517212,0.25597,0.015626
1051.2912187576294,0.25685,0.015583
1051.3415038585663,0.25765,0.015611
1051.3917241096497,0.25883,0.01563
1051.442985534668,0.25973,0.01551
1051.4975717067719,0.26165,0.015562
1051.5446646213531,0.26176,0.015541
1051.5955090522766,0.26267,0.015518
1051.6448690891266,0.26373,0.015634
1051.6994633674622,0.26459,0.015548
1051.7467756271362,0.26544,0.015589
1051.7964205741882,0.26763,0.015569
1051.8509078025818,0.26864,0.015551
1051.9018125534058,0.26837,0.015515
1051.9516117572784,0.26952,0.015419
1051.9988265037537,0.27059,0.015521
1052.0517604351044,0.27136,0.015617
1052.1021893024445,0.27248,0.01552
1052.1518874168396,0.27323,0.015346
1052.1985347270966,0.27429,0.015298
1052.2582297325134,0.27611,0.015598
1052.309323310852,0.27629,0.015435
1052.3554265499115,0.27725,0.015609
1052.4097998142242,0.27837,0.015469
1052.4586877822876,0.27944,0.015485
1052.5105555057526,0.28032,0.015497
1052.5580682754517,0.28141,0.01562
1052.6110186576843,0.28208,0.015477
1052.6594669818878,0.28317,0.015555
1052.7087502479553,0.28437,0.015636
1052.762149810791,0.28515,0.015384
1052.8100452423096,0.28621,0.015365
1052.8612172603607,0.28728,0.015465
1052.912089586258,0.28805,0.015346
1052.9608867168427,0.28909,0.015374
1053.007642507553,0.29003,0.015453
1053.059675693512,0.29008,0.01537
1053.108901500702,0.29221,0.015285
1053.1645066738129,0.29301,0.015222
1053.2138283252716,0.29397,0.0152
1053.2607052326202,0.29493,0.015224
1053.314799785614,0.29589,0.015105
1053.3642354011536,0.29621,0.015295
1053.4133732318878,0.29792,0.01525
1053.4643955230713,0.29875,0.015204
1053.5157363414764,0.29984,0.015297
1053.565010547638,0.30011,0.015323
1053.616719007492,0.30197,0.015355
1053.6728127002716,0.30307,0.015395
1053.7205216884613,0.30288,0.015432
1053.77960896492,0.30389,0.015451
1053.832284450531,0.30573,0.015453
1053.884605884552,0.30683,0.015475
1053.9312918186188,0.30792,0.015701
1053.9840726852417,0.30875,0.01557
1054.0395774841309,0.30971,0.01561
1054.0853412151337,0.31072,0.015655
1054.1357045173645,0.31165,0.015623
1054.1902770996094,0.31272,0.015579
1054.237850189209,0.31256,0.015541
1054.291690826416,0.01264,0.015731
1054.3392398357391,0.014373,0.015359
1054.3921568393707,0.01704,0.015545
1054.4404430389404,0.019947,0.0157
1054.4918200969696,0.02296,0.01557
1054.5414254665375,0.026027,0.015615
1054.5932157039642,0.02584,0.015632
1054.6433291435242,0.029253,0.015571
1054.6929514408112,0.035307,0.015606
1054.7484321594238,0.03808,0.015714
1054.7962882518768,0.040987,0.015641
1054.8495500087738,0.043813,0.015668
1054.8989372253418,0.046747,0.015613
1054.9482662677765,0.046907,0.015735
1055.0000643730164,0.049813,0.015703
1055.050731420517,0.05552,0.01565
1055.100755929947,0.058187,0.015688
1055.1497876644135,0.061067,0.015366
1055.1993129253387,0.06408,0.015724
1055.2517666816711,0.0668,0.015622
1055.3067648410797,0.0668,0.015628
1055.3579738140106,0.069493,0.015666
1055.40886592865,0.072453,0.015578
1055.457287788391,0.07496,0.015652
1055.5054111480713,0.077707,0.015652
1055.5603640079498,0.08328,0.015667
1055.6082911491394,0.085947,0.015607
1055.6599123477936,0.088747,0.015678
1055.7088463306427,0.091307,0.015752
1055.7648878097534,0.093893,0.015686
1055.8148741722107,0.094,0.015717
1055.864103794098,0.099067,0.015631
1055.9181435108185,0.099307,0.015695
1055.967319726944,0.10173,0.015608
1056.0173916816711,0.10693,0.015696
1056.069552898407,0.10827,0.015614
1056.1230778694153,0.10939,0.015657
1056.1711461544037,0.11088,0.015519
1056.2206392288208,0.11189,0.01545
1056.271829366684,0.11208,0.01539
1056.324402332306,0.11312,0.015377
1056.374993801117,0.11448,0.015358
1056.4223370552063,0.11675,0.015314
1056.4745399951935,0.11816,0.015402
1056.523830652237,0.11936,0.015352
1056.5789723396301,0.12045,0.015349
1056.6261649131775,0.12051,0.015152
1056.680231809616,0.12147,0.015124
1056.7291209697723,0.12307,0.015213
1056.781724691391,0.12517,0.015213
1056.8308160305023,0.12515,0.015243
1056.8804140090942,0.12669,0.015262
1056.9323506355286,0.12757,0.015253
1056.9850749969482,0.12891,0.015362
1057.034307718277,0.12995,0.01527
1057.0816555023193,0.13123,0.015392
1057.133017539978,0.13355,0.015614
1057.1891417503357,0.13459,0.015421
1057.2354969978333,0.13488,0.015439
1057.287121772766,0.13584,0.015439
1057.3428885936737,0.13699,0.015572
1057.3936614990234,0.13824,0.015494
1057.4436385631561,0.13931,0.015597
1057.4911196231842,0.14173,0.015684
1057.5408334732056,0.14168,0.015606
1057.5932817459106,0.14277,0.015583
1057.6430025100708,0.14384,0.01556
1057.6933226585388,0.1452,0.015691
1057.7435374259949,0.14629,0.015365
1057.793791294098,0.14731,0.015723
1057.8470888137817,0.14869,0.015545
1057.8939726352692,0.15067,0.015684
1057.9469833374023,0.15093,0.015701
1057.994466304779,0.15176,0.01563
1058.0459306240082,0.15288,0.015625
1058.0942568778992,0.15389,0.015608
1058.1460587978363,0.15512,0.015661
1058.1997883319855,0.15629,0.015527
1058.2467813491821,0.15741,0.015641
1058.3010802268982,0.15963,0.015618
1058.3538446426392,0.15936,0.015663
1058.4034144878387,0.16051,0.015451
1058.4532668590546,0.16163,0.015783
1058.5035104751587,0.16259,0.015618
1058.5542061328888,0.16387,0.015478
1058.6037895679474,0.16507,0.015705
1058.657621383667,0.166,0.01564
1058.704746246338,0.16715,0.015742
1058.7541754245758,0.16808,0.015695
1058.8043413162231,0.16915,0.01571
1058.8567938804626,0.16947,0.015615
1058.907779455185,0.17029,0.015539
1058.9552800655365,0.17229,0.015599
1059.0079956054688,0.17347,0.015737
1059.0622873306274,0.17443,0.01553
1059.1134068965912,0.17555,0.015509
1059.162582397461,0.17656,0.015384
1059.2120304107666,0.17669,0.015417
1059.2635509967804,0.17781,0.015363
1059.3180856704712,0.17981,0.015411
1059.369117975235,0.18104,0.015356
1059.4174547195435,0.182,0.015383
1059.4676768779755,0.18304,0.015247
1059.5184319019318,0.18307,0.015264
1059.5672647953033,0.18397,0.015263
1059.6207911968231,0.18512,0.015166
1059.669835805893,0.18725,0.015327
1059.7177312374115,0.18827,0.01524
1059.770141363144,0.18928,0.01524
1059.8199627399445,0.1904,0.015233
1059.8721148967743,0.1912,0.015382
1059.9207737445831,0.19115,0.015301
1059.9711027145386,0.19245,0.01543
1060.0202813148499,0.19344,0.015307
1060.0710699558258,0.19427,0.015346
1060.12357711792,0.19632,0.015463
1060.176254272461,0.19741,0.015417
1060.2253313064575,0.19827,0.015426
1060.276360988617,0.19928,0.015644
1060.3252956867218,0.20035,0.015627
1060.3792865276337,0.20064,0.015538
1060.4303469657898,0.2016,0.015547
1060.4826202392578,0.2036,0.015574
1060.5311534404755,0.20448,0.015539
1060.580982685089,0.20555,0.015454
1060.6333549022675,0.20576,0.015626
1060.6823711395264,0.20669,0.015554
1060.7334263324738,0.20779,0.015484
1060.7853455543518,0.20864,0.015562
1060.8346056938171,0.20976,0.015438
1060.8821828365326,0.21168,0.015513
1060.9311392307281,0.2128,0.015495
1060.9846003055573,0.21272,0.01544
1061.0412838459015,0.21459,0.015508
1061.0862832069397,0.21467,0.01543
1061.1413731575012,0.21659,0.015411
1061.1926519870758,0.21693,0.01543
1061.2447254657745,0.21781,0.015514
1061.2947251796722,0.21883,0.015412
1061.3447697162628,0.21971,0.015472
1061.3959274291992,0.22192,0.0156
1061.4457354545593,0.22291,0.015577
1061.4927337169647,0.22368,0.015577
1061.544998407364,0.22395,0.015579
1061.595500946045,0.22499,0.015639
1061.6506321430206,0.22581,0.015677
1061.700112104416,0.22693,0.015643
1061.7495346069336,0.22781,0.015578
1061.8016781806946,0.22973,0.015628
1061.854897737503,0.23085,0.015559
1061.9050600528717,0.23189,0.01559
1061.9537191390991,0.23203,0.015469
1062.0048246383667,0.23299,0.015447
1062.0525124073029,0.23392,0.015315
1062.105283498764,0.2348,0.015402
1062.1555449962616,0.23544,0.015402
1062.2065336704254,0.23672,0.015378
1062.2573595046997,0.23885,0.015238
1062.3080501556396,0.23861,0.015251
1062.3595249652863,0.23979,0.015146
1062.408933877945,0.24085,0.015119
1062.4620513916016,0.24163,0.015188
1062.5108227729797,0.24288,0.015219
1062.5583674907684,0.24363,0.015105
1062.6103892326355,0.24491,0.015345
1062.6641726493835,0.24669,0.015172
1062.7107453346252,0.24675,0.015268
1062.7623744010925,0.24795,0.01529
1062.817913532257,0.24861,0.015336
1062.8654832839966,0.24957,0.015275
1062.9176054000854,0.25067,0.015479
1062.9627084732056,0.25165,0.015517
1063.013692855835,0.25272,0.015589
1063.068951845169,0.25272,0.015553
1063.1200280189514,0.25563,0.015543
1063.1714959144592,0.25579,0.015584
1063.220290184021,0.25669,0.015547
1063.2791948318481,0.25768,0.0156
1063.3323414325714,0.25864,0.015583
1063.3820135593414,0.2596,0.015509
1063.4328644275665,0.26141,0.015509
1063.483206987381,0.26163,0.015533
1063.5332851409912,0.26253,0.015518
1063.5838832855225,0.26341,0.01556
1063.634141921997,0.26445,0.015602
1063.6846811771393,0.26549,0.015577
1063.7343049049377,0.26643,0.015476
1063.784660100937,0.26739,0.015548
1063.8316786289215,0.26757,0.015528
1063.8889329433441,0.26941,0.015476
1063.9362213611603,0.27029,0.015555
1063.9864201545715,0.27139,0.01543
1064.0390555858612,0.27248,0.015509
1064.090497493744,0.27451,0.015653
1064.1445529460907,0.27424,0.015564
1064.194081544876,0.27544,0.015549
1064.2444152832031,0.27632,0.015515
1064.2928321361542,0.27731,0.015582
1064.3465130329132,0.27824,0.015594
1064.3967943191528,0.27925,0.015562
1064.450565814972,0.28019,0.015551
1064.5001683235168,0.28107,0.015533
1064.5486853122711,0.28208,0.015623
1064.599442243576,0.28317,0.015591
1064.655605316162,0.28312,0.015563
1064.70570063591,0.28501,0.015554
1064.7533223628998,0.28613,0.01549
1064.8005363941193,0.28691,0.015424
1064.8533828258514,0.28803,0.015484
1064.91233253479,0.28891,0.015213
1064.9613258838654,0.28987,0.015285
1065.0164754390717,0.29088,0.015197
1065.0642218589783,0.29205,0.015169
1065.1175339221954,0.29293,0.015086
1065.1684379577637,0.29408,0.015092
1065.2150917053223,0.2948,0.015247
1065.2656590938568,0.29595,0.015104
1065.3202149868011,0.29784,0.015168
1065.3672437667847,0.298,0.015123
1065.4267539978027,0.29883,0.015281
1065.4728844165802,0.29997,0.015295
1065.5270717144012,0.30077,0.01535
1065.575561285019,0.30168,0.015249
1065.6271560192108,0.30277,0.015413
1065.6824226379395,0.30496,0.015554
1065.7315709590912,0.30488,0.01542
1065.7853071689606,0.30565,0.015506
1065.8347296714783,0.30669,0.015478
1065.8854405879974,0.30752,0.015396
1065.9348211288452,0.30869,0.015561
1065.9887626171112,0.30973,0.015618
1066.0406804084778,0.31069,0.015606
1066.0890414714813,0.31163,0.015586
1066.1380836963654,0.31267,0.015498
1066.1902112960815,0.31344,0.015596
1066.2376220226288,0.01264,0.015548
1066.2891845703125,0.014027,0.015316
1066.3423912525177,0.016827,0.015577
1066.3905725479126,0.019733,0.015531
1066.4429998397827,0.019653,0.015525
1066.4928164482117,0.022773,0.015656
1066.5416479110718,0.0256,0.01569
1066.5925207138062,0.031813,0.015552
1066.6445891857147,0.034853,0.015449
1066.6989560127258,0.037947,0.015582
1066.746506690979,0.04064,0.015602
1066.7957637310028,0.043653,0.015639
1066.8464863300323,0.04656,0.015648
1066.9008753299713,0.049573,0.015623
1066.9460084438324,0.04968,0.015621
1066.998690366745,0.05248,0.01565
1067.0487823486328,0.055307,0.015703
1067.1017854213715,0.06096,0.01561
1067.1521711349487,0.063627,0.015579
1067.2013504505157,0.0664,0.015751
1067.251293182373,0.069147,0.01555
1067.301072359085,0.071733,0.015566
1067.3582639694214,0.071813,0.015594
1067.4103519916534,0.077627,0.015678
1067.461805820465,0.080213,0.015578
1067.5127856731415,0.0832,0.01565
1067.563949584961,0.08568,0.015662
1067.612134218216,0.088107,0.015729
1067.6668288707733,0.088053,0.015544
1067.7170531749725,0.09096,0.015691
1067.7670121192932,0.093787,0.015688
1067.8185708522797,0.099093,0.015617
1067.868775844574,0.10149,0.015531
1067.9165170192719,0.10408,0.015531
1067.9698569774628,0.10661,0.015638
1068.0184297561646,0.10669,0.015635
1068.072006702423,0.10787,0.015554
1068.1226332187653,0.10928,0.015572
1068.1725509166718,0.1104,0.015574
1068.2210845947266,0.11293,0.015571
1068.2727642059326,0.11403,0.015477
1068.324997663498,0.11557,0.015357
1068.3732452392578,0.11653,0.015427
1068.4246921539307,0.11656,0.015446
1068.4764275550842,0.11909,0.015382
1068.5259125232697,0.11925,0.015382
1068.5798699855804,0.1204,0.015331
1068.631625175476,0.1228,0.015265
1068.6794154644012,0.12387,0.015246
1068.7319288253784,0.12379,0.015356
1068.7794826030731,0.12533,0.015247
1068.8327758312225,0.1264,0.015393
1068.8766129016876,0.12771,0.015462
1068.9349267482758,0.12845,0.015386
1068.9824357032776,0.12976,0.015406
1069.0343351364136,0.13099,0.015313
1069.083004951477,0.13219,0.015399
1069.1340477466583,0.13445,0.015512
1069.1848142147064,0.13448,0.015571
1069.2361357212067,0.13685,0.015574
1069.2902245521545,0.13795,0.015461
1069.3381490707397,0.13808,0.015533
1069.387320280075,0.13931,0.015645
1069.4369328022003,0.14029,0.01551
1069.4896111488342,0.14163,0.015604
1069.540507555008,0.14392,0.015534
1069.5898549556732,0.14381,0.015601
1069.6405177116394,0.14491,0.015475
1069.6894266605377,0.146,0.015627
1069.7387919425964,0.14677,0.015594
1069.7899708747864,0.14821,0.015618
1069.8381745815277,0.14931,0.015625
1069.891209602356,0.1504,0.015675
1069.940453529358,0.15176,0.015558
1069.9900403022766,0.15288,0.015527
1070.0400605201721,0.15397,0.015647
1070.0887541770935,0.15504,0.015556
1070.1393253803253,0.15613,0.015476
1070.191482782364,0.15725,0.015641
1070.2423799037933,0.15813,0.015541
1070.2918817996979,0.15933,0.015716
1070.3422629833221,0.1604,0.015532
1070.3970861434937,0.16128,0.015559
1070.4496440887451,0.16259,0.015566
1070.5002477169037,0.16357,0.015554
1070.5483419895172,0.16485,0.015617
1070.6020827293396,0.16579,0.015682
1070.6491022109985,0.16688,0.015575
1070.7008006572723,0.16709,0.015559
1070.7503125667572,0.16907,0.015558
1070.803314447403,0.17011,0.015564
1070.851203918457,0.17115,0.015637
1070.9016678333282,0.17229,0.015637
1070.9561240673065,0.17352,0.015604
1071.00461769104,0.17459,0.015637
1071.0537683963776,0.17547,0.015562
1071.1061758995056,0.17664,0.015555
1071.1548097133636,0.17672,0.015556
1071.2081696987152,0.17765,0.015549
1071.2561447620392,0.17984,0.015424
1071.3082978725433,0.18077,0.015351
1071.3558468818665,0.18168,0.015533
1071.405179977417,0.18197,0.015405
1071.4582161903381,0.18312,0.015412
1071.5091171264648,0.18408,0.015446
1071.557154417038,0.18603,0.015344
1071.607112646103,0.18605,0.015339
1071.6586709022522,0.18712,0.01542
1071.7066941261292,0.18933,0.015302
1071.7590477466583,0.19045,0.015369
1071.80988407135,0.19125,0.015447
1071.8615777492523,0.19213,0.015505
1071.9128997325897,0.19219,0.015465
1071.9589471817017,0.19333,0.015397
1072.0104603767395,0.19536,0.015422
1072.061499118805,0.19629,0.015405
1072.109670162201,0.19741,0.015446
1072.1605036258698,0.19765,0.015451
1072.2092943191528,0.19856,0.015496
1072.258821964264,0.19949,0.01561
1072.31143283844,0.20016,0.015629
1072.3645787239075,0.20149,0.015702
1072.4158987998962,0.20256,0.015555
1072.4678807258606,0.20365,0.015555
1072.515875339508,0.20464,0.015451
1072.574599981308,0.20581,0.015446
1072.6208431720734,0.20771,0.015445
1072.6757950782776,0.20771,0.015431
1072.7235133647919,0.20856,0.015561
1072.7749817371368,0.20963,0.015486
1072.8265080451965,0.2108,0.015512
1072.8775503635406,0.21283,0.015428
1072.9279186725616,0.21368,0.015448
1072.9793450832367,0.21381,0.015301
1073.0267491340637,0.21485,0.015355
1073.0777487754822,0.21592,0.015435
1073.1254241466522,0.21669,0.015419
1073.1778371334076,0.218,0.015415
1073.225268125534,0.21883,0.015421
1073.2755737304688,0.21984,0.015498
1073.3276805877686,0.22093,0.01547
1073.3787698745728,0.22197,0.015488
1073.427612543106,0.22253,0.015513
1073.4795491695404,0.22395,0.015444
1073.5283951759338,0.22485,0.015546
1073.5809259414673,0.22579,0.015623
1073.629273891449,0.22677,0.015546
1073.6812245845795,0.2268,0.015538
1073.7294433116913,0.22877,0.015651
1073.7833313941956,0.22976,0.015483
1073.8330290317535,0.23091,0.015612
1073.8819324970245,0.23197,0.015525
1073.9348978996277,0.2328,0.015512
1073.9837527275085,0.23384,0.015544
1074.0323662757874,0.23456,0.015428
1074.0837926864624,0.23488,0.015378
1074.135550737381,0.23683,0.015367
1074.1839458942413,0.2376,0.015291
1074.2409267425537,0.23877,0.015245
1074.2906625270844,0.23965,0.015496
1074.342310667038,0.24091,0.015239
1074.390816450119,0.24181,0.015284
1074.4398605823517,0.24275,0.015267
1074.4983460903168,0.24347,0.015449
1074.5461947917938,0.24357,0.015377
1074.5948915481567,0.24552,0.015425
1074.6477527618408,0.24656,0.015278
1074.6970007419586,0.24771,0.015372
1074.7487933635712,0.24752,0.015479
1074.7969183921814,0.24963,0.015409
1074.851719379425,0.24973,0.015234
1074.9072086811066,0.2516,0.01545
1074.9557316303253,0.25269,0.015414
1075.0082097053528,0.25368,0.015476
1075.0557148456573,0.25469,0.015451
1075.106296300888,0.25555,0.015617
1075.1560819149017,0.25659,0.015627
1075.2102465629578,0.25747,0.01553
1075.2597517967224,0.25749,0.015579
1075.3088176250458,0.25947,0.015472
1075.3603057861328,0.26043,0.015594
1075.4084885120392,0.2604,0.015486
1075.4610896110535,0.26245,0.01556
1075.5138773918152,0.26243,0.015485
1075.5624313354492,0.26456,0.015503
1075.6118125915527,0.26528,0.01549
1075.6610927581787,0.26635,0.015514
1075.7183139324188,0.26651,0.01559
1075.7669167518616,0.26827,0.015419
1075.815200805664,0.26949,0.015495
1075.866641998291,0.26944,0.015568
1075.9154703617096,0.27045,0.015518
1075.967358827591,0.27139,0.015466
1076.018306016922,0.27309,0.015503
1076.06707406044,0.27408,0.015598
1076.1221845149994,0.27523,0.015562
1076.170553445816,0.27621,0.015465
1076.2216215133667,0.27717,0.015461
1076.273078918457,0.27731,0.015542
1076.321028470993,0.27821,0.01552
1076.372801542282,0.27928,0.015562
1076.4216752052307,0.28128,0.015537
1076.4724025726318,0.28205,0.015523
1076.5250046253204,0.28208,0.015401
1076.574422121048,0.28291,0.015473
1076.6207854747772,0.28395,0.015478
1076.6740362644196,0.28496,0.015563
1076.7251839637756,0.28693,0.015701
1076.7747972011566,0.28709,0.015575
1076.826908826828,0.28816,0.015458
1076.8741340637207,0.28992,0.015494
1076.925882101059,0.29005,0.015293
1076.9772074222565,0.29107,0.015272
1077.0239017009735,0.29192,0.015371
1077.078471660614,0.29312,0.015355
1077.1299850940704,0.29485,0.015276
1077.1783366203308,0.29597,0.015284
1077.2280027866364,0.29613,0.015295
1077.279102563858,0.29691,0.015405
1077.3335311412811,0.29787,0.01545
1077.38560962677,0.29896,0.015539
1077.4345335960388,0.29989,0.015506
1077.4846765995026,0.30096,0.015507
1077.5371148586273,0.30285,0.015471
1077.5861864089966,0.30288,0.015595
1077.6351220607758,0.30371,0.015514
1077.6861386299133,0.30491,0.015706
1077.736321926117,0.30573,0.015634
1077.7891566753387,0.30573,0.015559
1077.836900472641,0.30773,0.015633
1077.8885955810547,0.30861,0.015616
1077.9387078285217,0.30965,0.015473
1077.9850454330444,0.31072,0.015471
1078.0419883728027,0.31163,0.015569
1078.0897133350372,0.31251,0.015669
1078.1446177959442,0.31365,0.015497
1078.1924152374268,0.31357,0.015499
1078.2425475120544,0.01368,0.015415
1078.2951922416687,0.016587,0.015657
1078.343738079071,0.019413,0.015636
1078.3917319774628,0.02256,0.015741
1078.4452543258667,0.02552,0.015382
1078.4953348636627,0.025573,0.015554
1078.5461871623993,0.031467,0.015647
1078.5959196090698,0.03448,0.015379
1078.6441340446472,0.03776,0.01575
1078.6946346759796,0.040613,0.0156
1078.7449061870575,0.040667,0.015779
1078.7989678382874,0.04368,0.015579
1078.849553346634,0.049333,0.015718
1078.89816904068,0.052293,0.01546
1078.9453420639038,0.055307,0.015689
1078.998034477234,0.055413,0.015576
1079.0480515956879,0.057893,0.015666
1079.1007254123688,0.063733,0.015578
1079.1508221626282,0.066267,0.015671
1079.1964032649994,0.06904,0.015516
1079.2548670768738,0.072,0.015533
1079.3004033565521,0.074507,0.015681
1079.3533627986908,0.077253,0.015637
1079.4034867286682,0.080187,0.015632
1079.455318927765,0.0804,0.01567
1079.5015456676483,0.08296,0.015615
1079.5538988113403,0.085413,0.015535
1079.6035130023956,0.09088,0.015672
1079.6554260253906,0.093387,0.015697
1079.7056801319122,0.093387,0.015694
1079.7541856765747,0.096133,0.01554
1079.805150270462,0.0988,0.015468
1079.8578469753265,0.10419,0.015601
1079.9053065776825,0.10656,0.015558
1079.9557003974915,0.10781,0.015641
1080.0067398548126,0.10808,0.01558
1080.055169582367,0.10899,0.015699
1080.1079971790314,0.11019,0.015447
1080.1577599048615,0.11173,0.015559
1080.2091937065125,0.11299,0.015563
1080.2584788799286,0.11419,0.015565
1080.3090858459473,0.11541,0.01539
1080.359442949295,0.11787,0.015633
1080.4068410396576,0.11912,0.015459
1080.4607105255127,0.11915,0.015576
1080.5130505561829,0.12043,0.01547
1080.5612165927887,0.12152,0.015427
1080.6127882003784,0.12253,0.015514
1080.664698600769,0.12429,0.015486
1080.7130253314972,0.12536,0.01541
1080.7652697563171,0.12637,0.015444
1080.8161447048187,0.12749,0.015409
1080.8639452457428,0.12859,0.015485
1080.9190845489502,0.13,0.015537
1080.9673318862915,0.13117,0.015505
1081.0212669372559,0.13237,0.015497
1081.0682141780853,0.13349,0.015487
1081.1219761371613,0.13579,0.015587
1081.1724467277527,0.13589,0.015536
1081.2180643081665,0.13699,0.015578
1081.2683873176575,0.13827,0.015533
1081.3232674598694,0.13805,0.015582
1081.3775329589844,0.14051,0.015509
1081.4265859127045,0.14139,0.015624
1081.475732088089,0.14275,0.015524
1081.5244088172913,0.14395,0.015558
1081.5781865119934,0.14488,0.015609
1081.6298713684082,0.14619,0.01548
1081.6768746376038,0.14715,0.015633
1081.7300519943237,0.14843,0.015561
1081.7796766757965,0.14955,0.015582
1081.8301293849945,0.15069,0.015723
1081.882805109024,0.15069,0.015485
1081.92840218544,0.15291,0.01547
1081.9815764427185,0.15384,0.015634
1082.0317916870117,0.15496,0.015642
1082.0811278820038,0.15499,0.01556
1082.1298780441284,0.15725,0.015567
1082.1814329624176,0.15811,0.015606
1082.233644247055,0.15939,0.015659
1082.2805526256561,0.16051,0.015602
1082.3331909179688,0.16072,0.01565
1082.385238647461,0.16192,0.015605
1082.4310681819916,0.1628,0.015612
1082.484572649002,0.16459,0.015589
1082.5324487686157,0.16605,0.015745
1082.5866265296936,0.16709,0.015548
1082.6349658966064,0.16808,0.0156
1082.6802604198456,0.16899,0.015621
1082.734056711197,0.16925,0.015606
1082.7876780033112,0.17019,0.015573
1082.833652973175,0.17123,0.015649
1082.8884115219116,0.17344,0.015537
1082.9401977062225,0.17445,0.015629
1082.9957659244537,0.17549,0.015661
1083.046958208084,0.17667,0.015591
1083.0957252979279,0.17765,0.015474
1083.1438834667206,0.17792,0.015567
1083.1958720684052,0.17848,0.0156
1083.2447290420532,0.17984,0.015474
1083.2960288524628,0.18187,0.015418
1083.3489322662354,0.18291,0.015477
1083.3970036506653,0.18403,0.015495
1083.4527411460876,0.18499,0.015434
1083.5016827583313,0.18605,0.015503
1083.5502083301544,0.18621,0.015441
1083.60032081604,0.18704,0.015459
1083.6569802761078,0.18803,0.015428
1083.7069263458252,0.18901,0.015525
1083.756145477295,0.19109,0.015494
1083.813324689865,0.19203,0.015577
1083.8612315654755,0.19323,0.015418
1083.9138350486755,0.19325,0.015565
1083.9633774757385,0.19432,0.015622
1084.0145633220673,0.19624,0.015566
1084.061597585678,0.19635,0.015469
1084.111449956894,0.19709,0.015475
1084.1614212989807,0.19955,0.015493
1084.2130415439606,0.20048,0.015643
1084.2621533870697,0.20152,0.015546
1084.3140699863434,0.20251,0.015578
1084.3629386425018,0.20363,0.015536
1084.4131207466125,0.20336,0.015391
1084.4651832580566,0.20451,0.015527
1084.5129392147064,0.20552,0.015607
1084.563369512558,0.20677,0.015466
1084.6140649318695,0.20845,0.015508
1084.670315027237,0.20963,0.015498
1084.721429347992,0.21059,0.015458
1084.7712473869324,0.2108,0.015449
1084.821277141571,0.21173,0.015433
1084.8712453842163,0.21261,0.015497
1084.9207274913788,0.21371,0.015421
1084.9696831703186,0.21453,0.015555
1085.0196821689606,0.21664,0.015368
1085.0746405124664,0.21667,0.015377
1085.12251162529,0.21792,0.015467
1085.1767482757568,0.21872,0.015369
1085.2254967689514,0.21984,0.015562
1085.2736265659332,0.22096,0.015501
1085.3253400325775,0.22085,0.01555
1085.3791029453278,0.22275,0.015513
1085.4295635223389,0.22483,0.015308
1085.4778416156769,0.22576,0.015549
1085.5256307125092,0.22581,0.015467
1085.5766806602478,0.22675,0.015472
1085.6302964687347,0.22776,0.015564
1085.6813743114471,0.22885,0.015463
1085.732446193695,0.2288,0.015496
1085.7805104255676,0.23064,0.015569
1085.8313717842102,0.232,0.015595
1085.8823897838593,0.23277,0.015566
1085.9295017719269,0.23379,0.015511
1085.9837565422058,0.23483,0.015531
1086.0346217155457,0.23584,0.015482
1086.0839169025421,0.23688,0.015553
1086.1350302696228,0.23685,0.015457
1086.1856405735016,0.23781,0.015221
1086.2356312274933,0.23875,0.015125
1086.2906696796417,0.24085,0.015303
1086.339366197586,0.24179,0.015518
1086.389827489853,0.24285,0.015462
1086.4380042552948,0.2436,0.015476
1086.4851977825165,0.24469,0.015413
1086.5382678508759,0.24453,0.015554
1086.5891563892365,0.24563,0.015589
1086.6413547992706,0.24661,0.015466
1086.6905760765076,0.24757,0.01556
1086.7434856891632,0.24949,0.015507
1086.7913632392883,0.25067,0.015369
1086.8414614200592,0.25152,0.015458
1086.8964321613312,0.25253,0.015551
1086.948941707611,0.2536,0.015542
1086.9987013339996,0.25448,0.015519
1087.0480859279633,0.25459,0.015624
1087.0985300540924,0.25661,0.015462
1087.1519236564636,0.25765,0.01544
1087.1994063854218,0.25843,0.015405
1087.2510483264923,0.25949,0.015515
1087.302084684372,0.26051,0.015521
1087.3520729541779,0.26157,0.015461
1087.4053382873535,0.2616,0.01559
1087.4587297439575,0.26245,0.015594
1087.509408712387,0.26336,0.015423
1087.5600759983063,0.26541,0.015541
1087.6141993999481,0.2664,0.015402
1087.6651084423065,0.26741,0.015472
1087.7138404846191,0.26813,0.0155
1087.7663259506226,0.26933,0.015519
1087.8182318210602,0.26949,0.015581
1087.8704869747162,0.27032,0.015497
1087.9208724498749,0.27139,0.015629
1087.97048330307,0.27221,0.015638
1088.022512435913,0.27315,0.015547
1088.0732560157776,0.27531,0.01563
1088.118985414505,0.27624,0.015492
1088.1751520633698,0.27741,0.015465
1088.2243611812592,0.27835,0.01571
1088.2743928432465,0.27923,0.015598
1088.323891401291,0.27949,0.015497
1088.3758759498596,0.28008,0.015566
1088.4241983890533,0.28131,0.015573
1088.4755668640137,0.28325,0.015507
1088.5255720615387,0.28427,0.015501
1088.5772442817688,0.28509,0.015596
1088.6251542568207,0.28608,0.015508
1088.6753451824188,0.28704,0.015518
1088.7286508083344,0.28701,0.015463
1088.7755167484283,0.28792,0.015515
1088.8295321464539,0.28888,0.015631
1088.8796956539154,0.29077,0.015505
1088.9288699626923,0.29187,0.015571
1088.9820296764374,0.29208,0.015555
1089.0295231342316,0.29309,0.015341
1089.0816886425018,0.29387,0.015529
1089.1310727596283,0.29509,0.015526
1089.1840171813965,0.29675,0.01549
1089.2366347312927,0.29789,0.015581
1089.2840812206268,0.29795,0.015493
1089.333580493927,0.29888,0.015465
1089.3863027095795,0.29968,0.015481
1089.437358379364,0.30168,0.015451
1089.4872694015503,0.30256,0.015531
1089.5377757549286,0.30285,0.015656
1089.5868804454803,0.30379,0.01556
1089.635596036911,0.30459,0.015452
1089.6943402290344,0.30565,0.015615
1089.7408866882324,0.30667,0.015549
1089.7942984104156,0.30853,0.015567
1089.8498165607452,0.30867,0.015406
1089.9020438194275,0.30968,0.015579
1089.9505262374878,0.31056,0.015408
1090.0006675720215,0.31155,0.015577
1090.0492260456085,0.31261,0.015626
1090.102612733841,0.31355,0.015531
1090.153000831604,0.013173,0.015483
1090.2020645141602,0.014107,0.015494
1090.2503304481506,0.016587,0.015582
1090.3037102222443,0.019333,0.015553
1090.3530786037445,0.025413,0.015484
1090.4086198806763,0.0256,0.015643
1090.455245733261,0.028773,0.015622
1090.5068781375885,0.031467,0.015522
1090.5560405254364,0.03448,0.015576
1090.6111707687378,0.037573,0.015619
1090.6573004722595,0.043333,0.015687
1090.7099342346191,0.046427,0.015677
1090.7608904838562,0.046427,0.015499
1090.8106451034546,0.04912,0.015585
1090.8629069328308,0.052293,0.015396
1090.9106945991516,0.055173,0.015483
1090.959809064865,0.057947,0.015536
1091.011300086975,0.060853,0.015686
1091.0609726905823,0.06336,0.015616
1091.11083650589,0.066293,0.015686
1091.1656877994537,0.06888,0.015709
1091.214915752411,0.071893,0.015599
1091.2627058029175,0.074507,0.015593
1091.316445350647,0.07712,0.015629
1091.3646557331085,0.079707,0.015671
1091.417269229889,0.08256,0.015647
1091.464890241623,0.08536,0.01535
1091.5164198875427,0.088107,0.015576
1091.5723264217377,0.09072,0.015613
1091.6214997768402,0.093493,0.015677
1091.672173500061,0.096133,0.015539
1091.7202842235565,0.098693,0.015556
1091.7709472179413,0.098667,0.015586
1091.8228435516357,0.10384,0.01575
1091.873596906662,0.10645,0.015765
1091.9195699691772,0.10768,0.015609
1091.9737377166748,0.10915,0.015526
1092.025853395462,0.11027,0.015679
1092.0795216560364,0.11035,0.015598
1092.129565000534,0.11299,0.015631
1092.1796879768372,0.11408,0.015505
1092.2296342849731,0.11533,0.015528
1092.2742636203766,0.11653,0.015626
1092.3282058238983,0.11669,0.015499
1092.382155418396,0.11912,0.01541
1092.4281775951385,0.12013,0.015585
1092.4793329238892,0.12139,0.015457
1092.5325174331665,0.12272,0.015525
1092.5810005664825,0.12395,0.01549
1092.6335043907166,0.12387,0.015448
1092.6812365055084,0.12621,0.015453
1092.7357501983643,0.12733,0.015664
1092.783409357071,0.1284,0.015603
1092.831745147705,0.12992,0.01552
1092.8853464126587,0.12979,0.015564
1092.9425854682922,0.13085,0.015669
1092.9907629489899,0.13205,0.015611
1093.0401401519775,0.13432,0.015665
1093.093369960785,0.13563,0.015424
1093.1470110416412,0.13659,0.015546
1093.1928243637085,0.13781,0.015572
1093.2441847324371,0.13901,0.015667
1093.299631357193,0.14029,0.015653
1093.3499066829681,0.14032,0.015666
1093.397442817688,0.14123,0.015522
1093.4461710453033,0.14245,0.015572
1093.4999611377716,0.14365,0.01551
1093.5481750965118,0.14595,0.015587
1093.5989158153534,0.14611,0.015667
1093.649828195572,0.14707,0.015395
1093.7074327468872,0.14824,0.015635
1093.7554149627686,0.14933,0.015571
1093.8072447776794,0.15144,0.01559
1093.862678527832,0.15272,0.015455
1093.9110143184662,0.15392,0.015604
1093.9628791809082,0.15509,0.015545
1094.0159184932709,0.15477,0.015588
1094.063773393631,0.15619,0.015586
1094.1151766777039,0.1572,0.015666
1094.164469718933,0.15837,0.015651
1094.222084760666,0.16043,0.015473
1094.2680785655975,0.16173,0.015602
1094.3232951164246,0.16165,0.015545
1094.3751175403595,0.16373,0.015564
1094.427472114563,0.16384,0.015639
1094.4748775959015,0.16488,0.015651
1094.5265848636627,0.166,0.015562
1094.5756261348724,0.16701,0.015606
1094.6269376277924,0.16923,0.01568
1094.677785873413,0.17021,0.015563
1094.7269546985626,0.17027,0.015597
1094.778468132019,0.17133,0.015561
1094.8309962749481,0.17264,0.015607
1094.8790328502655,0.17443,0.015601
1094.9345245361328,0.17549,0.015655
1094.9852471351624,0.17653,0.015641
1095.0332367420197,0.17757,0.015585
1095.0869162082672,0.17763,0.015703
1095.1377491950989,0.17952,0.015535
1095.1867699623108,0.18061,0.015524
1095.2353374958038,0.18179,0.015563
1095.286387205124,0.18189,0.015569
1095.336853504181,0.18291,0.015489
1095.387075662613,0.18379,0.015529
1095.4343256950378,0.18485,0.015523
1095.4874279499054,0.18608,0.015628
1095.5383031368256,0.18709,0.015528
1095.5924637317657,0.18904,0.015467
1095.640530347824,0.19024,0.015498
1095.6908814907074,0.19024,0.015474
1095.7396919727325,0.19123,0.015548
1095.791746377945,0.19221,0.015572
1095.8422212600708,0.19331,0.015655
1095.888957977295,0.19424,0.015606
1095.9441084861755,0.19517,0.01559
1095.9889125823975,0.19624,0.015588
1096.043163061142,0.19816,0.015595
1096.094699382782,0.19851,0.015591
1096.150787115097,0.19936,0.015493
1096.1995363235474,0.20056,0.015491
1096.247245311737,0.20149,0.015595
1096.301183462143,0.20245,0.015595
1096.3506181240082,0.20357,0.015581
1096.3996796607971,0.20437,0.015609
1096.454693555832,0.20549,0.01557
1096.500517129898,0.20653,0.015633
1096.5521183013916,0.20736,0.015539
1096.6027896404266,0.20851,0.015574
1096.6538383960724,0.20955,0.015542
1096.7024312019348,0.21059,0.015505
1096.7522914409637,0.21165,0.015604
1096.8045501708984,0.21267,0.015527
1096.8578255176544,0.21368,0.015559
1096.91175198555,0.21464,0.015439
1096.9627075195312,0.21581,0.015494
1097.0115160942078,0.2168,0.015429
1097.0610582828522,0.21752,0.015488
1097.1150856018066,0.21867,0.015388
1097.1625521183014,0.21957,0.015401
1097.212605714798,0.22043,0.015434
1097.2672786712646,0.22168,0.015367
1097.3142757415771,0.22253,0.015485
1097.3652284145355,0.22275,0.015585
1097.4175457954407,0.22504,0.015369
1097.4660041332245,0.22552,0.015461
1097.517166376114,0.22675,0.015541
1097.5657756328583,0.22779,0.015523
1097.6178023815155,0.22872,0.015579
1097.6717660427094,0.22976,0.015533
1097.722184419632,0.23083,0.015506
1097.7753007411957,0.23069,0.015449
1097.824947834015,0.23261,0.015535
1097.8741006851196,0.23371,0.015569
1097.9268550872803,0.23477,0.015485
1097.978739976883,0.23563,0.015656
1098.0286345481873,0.23675,0.015567
1098.0788111686707,0.23755,0.015503
1098.1290321350098,0.23859,0.015545
1098.1796810626984,0.23856,0.015467
1098.228694677353,0.23968,0.015524
1098.2783513069153,0.24053,0.015574
1098.3319036960602,0.24248,0.015453
1098.3761236667633,0.24352,0.015417
1098.4341452121735,0.24448,0.015517
1098.4808900356293,0.24544,0.015503
1098.5334486961365,0.24643,0.015498
1098.587557554245,0.24749,0.015563
1098.6349086761475,0.24749,0.015549
1098.6861369609833,0.24856,0.015518
1098.7383205890656,0.25053,0.015403
1098.7896275520325,0.25149,0.015386
1098.839855670929,0.25237,0.015466
1098.8887815475464,0.25331,0.015515
1098.938060283661,0.25445,0.015494
1098.9902911186218,0.25443,0.015481
1099.0399956703186,0.25541,0.0155
1099.0884261131287,0.25624,0.015493
1099.139529466629,0.25848,0.01551
1099.189966917038,0.25928,0.015551
1099.2388608455658,0.25965,0.01559
1099.290549993515,0.26037,0.015473
1099.3395450115204,0.26136,0.015702
1099.3959443569183,0.26325,0.015587
1099.4451627731323,0.2644,0.015497
1099.4953644275665,0.26421,0.015532
1099.547836780548,0.26605,0.015527
1099.5983493328094,0.26632,0.015451
1099.6470942497253,0.26741,0.015565
1099.69699883461,0.26816,0.015519
1099.7479603290558,0.26917,0.015515
1099.7980694770813,0.27117,0.015441
1099.8477928638458,0.27117,0.015552
1099.8992519378662,0.27325,0.015483
1099.9493758678436,0.27312,0.015535
1099.998951435089,0.27405,0.01563
1100.0557239055634,0.27512,0.015514
1100.107224225998,0.27629,0.015581
1100.1523356437683,0.27811,0.015462
1100.2057456970215,0.27824,0.015547
1100.2549715042114,0.2792,0.015592
1100.3104529380798,0.28013,0.015573
1100.3599553108215,0.28099,0.015558
1100.4129302501678,0.28213,0.015536
1100.46404504776,0.28323,0.015584
1100.5129225254059,0.28387,0.015506
1100.5675783157349,0.28488,0.015538
1100.6154026985168,0.286,0.015571
1100.6677827835083,0.28787,0.015532
1100.7152132987976,0.28869,0.015547
1100.7729034423828,0.28899,0.015547
1100.8213913440704,0.28971,0.015626
1100.87362575531,0.29104,0.015532
1100.9262454509735,0.29187,0.015527
1100.9753925800323,0.29389,0.01556
1101.0263493061066,0.29376,0.015557
1101.0789678096771,0.29483,0.015471
1101.1267783641815,0.29568,0.015553
1101.1800870895386,0.29667,0.015584
1101.233476638794,0.29859,0.01549
1101.283495426178,0.2988,0.015569
1101.3325340747833,0.29955,0.015498
1101.3861119747162,0.30056,0.015533
1101.4365992546082,0.30171,0.015422
1101.4850842952728,0.30363,0.015598
1101.5366775989532,0.30459,0.015585
1101.5852098464966,0.30472,0.015613
1101.6388883590698,0.30549,0.015458
1101.686140537262,0.30776,0.015557
1101.7393822669983,0.3084,0.015509
1101.78742313385,0.30856,0.015479
1101.8385517597198,0.30955,0.015475
1101.8901069164276,0.31053,0.015584
1101.9396641254425,0.31155,0.015505
1101.9869060516357,0.31248,0.015593
1102.041579246521,0.31341,0.015567
1102.0882592201233,0.014373,0.015614
1102.1413669586182,0.013413,0.015653
1102.1892819404602,0.016267,0.015625
1102.2415189743042,0.019067,0.015592
1102.294615983963,0.020667,0.01553
1102.3439178466797,0.02552,0.01551
1102.3908095359802,0.02984,0.015587
1102.442364692688,0.031173,0.015651
1102.4922368526459,0.03456,0.015639
1102.548067331314,0.037307,0.015551
1102.5987341403961,0.040347,0.01565
1102.6485884189606,0.0432,0.015554
1102.7006533145905,0.043413,0.015599
1102.7497985363007,0.048907,0.015473
1102.8007917404175,0.05192,0.015564
1102.850653886795,0.05504,0.015653
1102.899002790451,0.057573,0.015592
1102.9540314674377,0.060507,0.015641
1103.0056521892548,0.063147,0.015686
1103.05446600914,0.066213,0.015667
1103.1053700447083,0.068853,0.015592
1103.154951095581,0.07152,0.015535
1103.2062330245972,0.071733,0.015687
1103.2544620037079,0.074347,0.01561
1103.303163766861,0.079707,0.015679
1103.3565146923065,0.08248,0.015813
1103.4063591957092,0.085147,0.015788
1103.4597318172455,0.08792,0.015696
1103.5076713562012,0.088,0.015516
1103.5567393302917,0.090453,0.015655
1103.6084303855896,0.095813,0.01568
1103.6572680473328,0.09824,0.015766
1103.7090923786163,0.10115,0.015626
1103.7609815597534,0.10115,0.015663
1103.8086817264557,0.10619,0.015633
1103.865419626236,0.10637,0.015547
1103.9141845703125,0.10776,0.015486
1103.9633779525757,0.11013,0.015583
1104.01784324646,0.11149,0.015598
1104.0679366588593,0.11259,0.015576
1104.1171634197235,0.11285,0.015357
1104.1685285568237,0.11408,0.015425
1104.2153284549713,0.11496,0.015569
1104.2732517719269,0.11621,0.015497
1104.3226964473724,0.11763,0.015416
1104.3724074363708,0.12011,0.015521
1104.423807144165,0.12128,0.015457
1104.4733536243439,0.12144,0.01546
1104.520836353302,0.12384,0.0155
1104.5740308761597,0.12365,0.015437
1104.6218836307526,0.12467,0.015361
1104.673957824707,0.12619,0.015474
1104.721158504486,0.12747,0.015494
1104.7765378952026,0.12971,0.015567
1104.8278963565826,0.1308,0.015642
1104.8772988319397,0.13211,0.015425
1104.9299640655518,0.13219,0.015397
1104.980744600296,0.13315,0.015555
1105.0332717895508,0.13432,0.015514
1105.082196712494,0.13555,0.015499
1105.1351239681244,0.13653,0.015572
1105.1808009147644,0.13784,0.015449
1105.2354485988617,0.14008,0.015559
1105.2825756072998,0.14011,0.01553
1105.3383865356445,0.14133,0.015562
1105.389219045639,0.14245,0.015537
1105.4379954338074,0.14357,0.015576
1105.491362810135,0.14464,0.015508
1105.537687778473,0.14568,0.015515
1105.5907878875732,0.14805,0.015457
1105.6383202075958,0.14824,0.015336
1105.6986675262451,0.14939,0.015647
1105.7471253871918,0.15013,0.015564
1105.7969896793365,0.15139,0.015575
1105.848170042038,0.15248,0.015577
1105.8983762264252,0.15357,0.015519
1105.9521765708923,0.15603,0.015539
1106.0004115104675,0.15688,0.015747
1106.0517642498016,0.15701,0.01549
1106.1017532348633,0.15811,0.015426
1106.150503873825,0.15923,0.015471
1106.2041664123535,0.16016,0.015585
1106.252364873886,0.16133,0.015607
1106.302639722824,0.16152,0.015563
1106.3534669876099,0.1636,0.015651
1106.4023497104645,0.16568,0.015639
1106.4579031467438,0.16675,0.015636
1106.5079472064972,0.16691,0.015662
1106.5555937290192,0.16789,0.015604
1106.6083571910858,0.1688,0.015552
1106.659146308899,0.16992,0.01554
1106.7099287509918,0.17091,0.015559
1106.7573885917664,0.17221,0.015694
1106.808543920517,0.17424,0.01556
1106.8593986034393,0.17416,0.015555
1106.9105007648468,0.17525,0.015533
1106.9594569206238,0.17645,0.015542
1107.0099277496338,0.17725,0.01559
1107.0639958381653,0.1784,0.015553
1107.1149682998657,0.17957,0.015673
1107.1676518917084,0.18056,0.015631
1107.2141439914703,0.18168,0.01529
1107.2642571926117,0.18283,0.015583
1107.3154394626617,0.18392,0.015607
1107.3673620224,0.18469,0.015694
1107.4172158241272,0.18584,0.015554
1107.4707398414612,0.18683,0.015508
1107.5198097229004,0.18792,0.015498
1107.5703794956207,0.18787,0.01554
1107.621850013733,0.18987,0.01549
1107.6708405017853,0.19107,0.015459
1107.7244083881378,0.19203,0.015483
1107.7729179859161,0.19307,0.015457
1107.8234324455261,0.19411,0.015679
1107.8713614940643,0.19515,0.015413
1107.9256007671356,0.19507,0.0155
1107.9740302562714,0.19699,0.015618
1108.0272598266602,0.19813,0.015425
1108.0761840343475,0.19912,0.015493
1108.1261925697327,0.20024,0.01549
1108.179000377655,0.20123,0.015545
1108.2286932468414,0.20224,0.01553
1108.2774608135223,0.20312,0.015451
1108.3260941505432,0.20413,0.015472
1108.3772814273834,0.20528,0.015506
1108.4273433685303,0.20605,0.015474
1108.4806485176086,0.20728,0.015568
1108.5302457809448,0.20749,0.015629
1108.5799028873444,0.20947,0.015614
1108.6297760009766,0.21029,0.015506
1108.6775598526,0.21043,0.015479
1108.7303037643433,0.21235,0.01548
1108.7787609100342,0.21347,0.015482
1108.8307192325592,0.21349,0.015451
1108.8821113109589,0.21459,0.01549
1108.9303159713745,0.21555,0.01537
1108.9810214042664,0.21659,0.015371
1109.031525850296,0.21739,0.015417
1109.0879437923431,0.21949,0.015396
1109.1374688148499,0.2196,0.015466
1109.1879706382751,0.22051,0.015429
1109.2351348400116,0.22149,0.015245
1109.2918322086334,0.22256,0.015297
1109.3383309841156,0.22445,0.015409
1109.390697002411,0.22443,0.015477
1109.4406595230103,0.22547,0.01555
1109.492154121399,0.22659,0.015547
1109.5410623550415,0.22776,0.015444
1109.5939054489136,0.22883,0.015546
1109.64595246315,0.22968,0.015506
1109.695273399353,0.23056,0.01546
1109.7424178123474,0.23259,0.015467
1109.7966885566711,0.23328,0.015527
1109.8479390144348,0.2336,0.01565
1109.897462129593,0.23432,0.01557
1109.9456136226654,0.23536,0.015671
1109.9971005916595,0.23648,0.015565
1110.0472166538239,0.23752,0.015481
1110.1008050441742,0.23848,0.015506
1110.149173259735,0.23939,0.015476
1110.20605134964,0.24125,0.015519
1110.2547497749329,0.24136,0.015456
1110.3057000637054,0.24251,0.015577
1110.352900505066,0.24349,0.015466
1110.4079794883728,0.24424,0.015499
1110.4584217071533,0.24528,0.015494
1110.5061507225037,0.24741,0.015485
1110.560872554779,0.24832,0.015529
1110.6107738018036,0.2484,0.015513
1110.6605002880096,0.24933,0.015422
1110.7099692821503,0.25016,0.015447
1110.759785413742,0.25115,0.015424
1110.813333272934,0.25224,0.015527
1110.8636751174927,0.2532,0.015469
1110.9157361984253,0.25437,0.015549
1110.9644658565521,0.25536,0.015719
1111.0124785900116,0.25728,0.015549
1111.0634965896606,0.25712,0.01571
1111.1168208122253,0.25835,0.015433
1111.1659941673279,0.2592,0.015512
1111.2150073051453,0.26013,0.01578
1111.2654123306274,0.26115,0.015545
1111.3196744918823,0.26133,0.015542
1111.3713703155518,0.26227,0.015674
1111.4227368831635,0.26408,0.015511
1111.4707851409912,0.26507,0.015702
1111.5190513134003,0.26619,0.015562
1111.5726578235626,0.26709,0.015643
1111.6216840744019,0.26821,0.015553
1111.671889781952,0.26819,0.015694
1111.720127105713,0.27008,0.015511
1111.7752809524536,0.27112,0.015537
1111.8258385658264,0.27211,0.015539
1111.874683380127,0.27307,0.015545
1111.9284539222717,0.27397,0.015465
1111.9756264686584,0.27491,0.015735
1112.0258374214172,0.27592,0.015406
1112.0761585235596,0.27691,0.015473
1112.1270439624786,0.27805,0.015493
1112.17977976799,0.27891,0.015639
1112.2308871746063,0.28,0.015584
1112.2803943157196,0.28085,0.015467
1112.3318040370941,0.28176,0.01557
1112.380117893219,0.28291,0.015532
1112.427897453308,0.28397,0.015582
1112.4831578731537,0.28483,0.015478
1112.5324985980988,0.28581,0.015231
1112.580612897873,0.28699,0.015494
1112.6297919750214,0.28795,0.015508
1112.6837408542633,0.28781,0.015572
1112.7331330776215,0.28864,0.015551
1112.7831461429596,0.28995,0.015443
1112.8335309028625,0.29101,0.015502
1112.8831796646118,0.29283,0.015472
1112.9362034797668,0.29373,0.015516
1112.9893682003021,0.29483,0.015573
1113.0403428077698,0.29571,0.015548
1113.0888166427612,0.29659,0.015539
1113.1400654315948,0.29672,0.015484
1113.189614534378,0.29768,0.015643
1113.2403469085693,0.29875,0.015536
1113.2933340072632,0.30067,0.015649
1113.3424196243286,0.30157,0.015743
1113.3923058509827,0.30261,0.015546
1113.44291305542,0.30264,0.015529
1113.4983925819397,0.30365,0.015471
1113.5453023910522,0.30475,0.015715
1113.5953497886658,0.30667,0.015647
1113.648693561554,0.30747,0.015539
1113.6985743045807,0.30763,0.015532
1113.7467772960663,0.30944,0.015502
1113.8006846904755,0.3096,0.015631
1113.848876953125,0.31043,0.015466
1113.9018003940582,0.31149,0.015565
1113.9505515098572,0.31219,0.015768
1114.0008854866028,0.012773,0.015542
1114.0521368980408,0.014373,0.015431
1114.1019027233124,0.01328,0.015615
1114.1507325172424,0.016027,0.015621
1114.2066740989685,0.018667,0.015561
1114.2558543682098,0.022027,0.015489
1114.3055913448334,0.025013,0.015561
1114.358967781067,0.03104,0.015575
1114.4076700210571,0.032667,0.015634
1114.4592595100403,0.03432,0.01557
1114.5082261562347,0.037067,0.015564
1114.5559635162354,0.04,0.015648
1114.607547044754,0.042907,0.015642
1114.6618387699127,0.046027,0.0155
1114.7099475860596,0.046,0.015602
1114.7589852809906,0.05144,0.015472
1114.811504125595,0.056107,0.015541
1114.861228466034,0.057573,0.015549
1114.9111287593842,0.06032,0.015593
1114.9638781547546,0.06328,0.015533
1115.0148658752441,0.065813,0.015623
1115.0624074935913,0.068533,0.015612
1115.1148858070374,0.0712,0.015613
1115.1628723144531,0.07408,0.015659
1115.2182116508484,0.07696,0.015722
1115.271236896515,0.07976,0.015671
1115.3176634311676,0.0824,0.0158
1115.372778892517,0.085067,0.015804
1115.422791481018,0.08768,0.015662
1115.4709420204163,0.090373,0.015574
1115.522209405899,0.093173,0.015546
1115.577283859253,0.095413,0.015613
1115.6261615753174,0.09832,0.01562
1115.6756799221039,0.10099,0.015528
1115.7251756191254,0.10357,0.015732
1115.7727019786835,0.10613,0.015609
1115.8282263278961,0.10787,0.015551
1115.8757083415985,0.10888,0.015638
1115.9261088371277,0.11035,0.015698
1115.9773843288422,0.11139,0.015541
1116.0288889408112,0.11251,0.015605
1116.079573392868,0.11395,0.015544
1116.131361246109,0.11512,0.015579
1116.1815547943115,0.11629,0.015489
1116.2337634563446,0.11757,0.015565
1116.2856566905975,0.11883,0.01551
1116.3378732204437,0.11984,0.01554
1116.387502193451,0.12104,0.015418
1116.4381461143494,0.12245,0.015457
1116.4868605136871,0.12269,0.015478
1116.5382795333862,0.12352,0.015521
1116.5868692398071,0.12619,0.015395
1116.636214017868,0.12739,0.015469
1116.6859712600708,0.12853,0.015531
1116.7395401000977,0.12971,0.01551
1116.7904114723206,0.12987,0.015405
1116.8408463001251,0.13205,0.015389
1116.8921678066254,0.13331,0.015442
1116.9410290718079,0.13424,0.015538
1116.9897825717926,0.13453,0.015414
1117.0416495800018,0.13565,0.015581
1117.0927374362946,0.13765,0.015411
1117.1436562538147,0.13797,0.015405
1117.1919932365417,0.14013,0.015648
1117.2432599067688,0.14128,0.015556
1117.2942538261414,0.14128,0.015572
1117.3410966396332,0.14352,0.015574
1117.3964924812317,0.14357,0.015457
1117.4440760612488,0.14472,0.015583
1117.493765592575,0.14573,0.015566
1117.5438492298126,0.14699,0.015585
1117.6002490520477,0.14821,0.015598
1117.6494114398956,0.15051,0.015627
1117.6984148025513,0.15139,0.015542
1117.750245809555,0.15149,0.015566
1117.8047189712524,0.15272,0.015667
1117.8535931110382,0.15357,0.015627
1117.9045541286469,0.15467,0.015568
1117.9574296474457,0.15557,0.015469
1118.0059611797333,0.158,0.015678
1118.057187795639,0.15896,0.015567
1118.10697889328,0.15912,0.015587
1118.1577973365784,0.16139,0.015678
1118.208012342453,0.16125,0.015513
1118.2652769088745,0.16245,0.015625
1118.3136348724365,0.16341,0.015644
1118.363686800003,0.16565,0.015542
1118.4135239124298,0.16677,0.015538
1118.4654333591461,0.16773,0.015509
1118.515703678131,0.16773,0.015615
1118.5652866363525,0.16912,0.015707
1118.6173238754272,0.16979,0.015709
1118.666190624237,0.17088,0.015532
1118.7179546356201,0.17208,0.01567
1118.767002105713,0.17323,0.015627
1118.823005437851,0.17528,0.015543
1118.8695187568665,0.17528,0.015498
1118.9227259159088,0.17637,0.015559
1118.972886800766,0.17728,0.015292
1119.020981311798,0.17837,0.015465
1119.0710787773132,0.17941,0.015365
1119.1201283931732,0.18043,0.01557
1119.173649072647,0.18165,0.015518
1119.2244119644165,0.18165,0.015445
1119.2733778953552,0.18381,0.015617
1119.3247578144073,0.1848,0.015348
1119.3739120960236,0.18573,0.015487
1119.4251313209534,0.18699,0.015569
1119.477021932602,0.18789,0.015381
1119.5264887809753,0.18901,0.01554
1119.5781874656677,0.18904,0.015573
1119.629585981369,0.19107,0.015455
1119.680291891098,0.19312,0.015445
1119.727378129959,0.19323,0.015644
1119.7803254127502,0.19411,0.015325
1119.8295094966888,0.19515,0.015478
1119.881319284439,0.19523,0.015585
1119.9296991825104,0.19621,0.015451
1119.9787156581879,0.19835,0.015536
1120.0320060253143,0.19925,0.015521
1120.0782759189606,0.2004,0.015581
1120.1390447616577,0.20131,0.015533
1120.1868686676025,0.20232,0.015445
1120.2374358177185,0.20213,0.015698
1120.288507938385,0.20427,0.015683
1120.3389139175415,0.20549,0.015489
1120.3907668590546,0.20637,0.015893
1120.4423286914825,0.20731,0.015643
1120.4928705692291,0.2084,0.015576
1120.5404150485992,0.20947,0.015649
1120.592685699463,0.20944,0.015553
1120.6464958190918,0.21141,0.015566
1120.6933333873749,0.21245,0.01557
1120.7492053508759,0.21349,0.01555
1120.7959887981415,0.21437,0.015468
1120.8473658561707,0.21547,0.015606
1120.9015774726868,0.21539,0.015508
1120.9491920471191,0.21736,0.015515
1120.999552488327,0.21755,0.015647
1121.051296710968,0.21856,0.015556
1121.1044943332672,0.22048,0.015526
1121.151335477829,0.22157,0.015566
1121.2045874595642,0.22267,0.015478
1121.2566876411438,0.22363,0.015566
1121.304920911789,0.22464,0.015628
1121.3546423912048,0.22544,0.015551
1121.4061617851257,0.22544,0.01549
1121.4573464393616,0.22656,0.015489
1121.5067307949066,0.22757,0.015581
1121.5625205039978,0.2296,0.015521
1121.610328912735,0.23029,0.015427
1121.6619367599487,0.23045,0.015477
1121.7102477550507,0.23155,0.015495
1121.7594811916351,0.23347,0.015503
1121.8123786449432,0.23355,0.015533
1121.8615658283234,0.23424,0.015483
1121.9097881317139,0.23645,0.01551
1121.963033914566,0.23736,0.015508
1122.0134394168854,0.23813,0.015543
1122.0657875537872,0.23912,0.015455
1122.118995666504,0.23947,0.015466
1122.168505191803,0.24051,0.015449
1122.2155981063843,0.24232,0.015429
1122.2680685520172,0.24336,0.015511
1122.3201801776886,0.24427,0.01548
1122.3678486347198,0.24544,0.015557
1122.4156527519226,0.24627,0.015511
1122.4696671962738,0.24651,0.015478
1122.5196568965912,0.2484,0.015544
1122.5700426101685,0.24941,0.015518
1122.6210722923279,0.24947,0.01545
1122.6722192764282,0.2512,0.015438
1122.7187337875366,0.25128,0.015522
1122.770367860794,0.2524,0.015435
1122.8234496116638,0.25333,0.015432
1122.8715867996216,0.25416,0.015491
1122.9210147857666,0.25645,0.015565
1122.976243019104,0.25709,0.015434
1123.0279655456543,0.25715,0.015496
1123.07719540596,0.25816,0.015499
1123.1272349357605,0.25912,0.015491
1123.179414510727,0.26104,0.01555
1123.2273581027985,0.26112,0.015661
1123.2790319919586,0.26235,0.015539
1123.3315415382385,0.26323,0.015635
1123.380644083023,0.26389,0.015553
1123.4312510490417,0.26504,0.01557
1123.4802572727203,0.26621,0.015846
1123.5348353385925,0.26811,0.015637
1123.5876960754395,0.26811,0.015624
1123.6383492946625,0.26917,0.015454
1123.6869492530823,0.27008,0.015528
1123.7365562915802,0.27101,0.015548
1123.7887201309204,0.27211,0.015401
1123.841740846634,0.27283,0.015544
1123.8943104743958,0.27496,0.015606
1123.9415230751038,0.2748,0.015701
1123.9909591674805,0.27611,0.015681
1124.0405926704407,0.27701,0.015487
1124.0977993011475,0.27784,0.015567
1124.1487438678741,0.27883,0.015529
1124.2010123729706,0.28096,0.015579
1124.2485315799713,0.28168,0.015593
1124.2993364334106,0.28157,0.015592
1124.3520805835724,0.28283,0.015537
1124.4015204906464,0.28371,0.015538
1124.4505171775818,0.28456,0.015513
1124.4989013671875,0.28544,0.015668
1124.5525555610657,0.28653,0.015587
1124.6000969409943,0.2876,0.015551
1124.650193452835,0.28853,0.015599
1124.7051956653595,0.28963,0.015504
1124.7552347183228,0.2904,0.015604
1124.8043377399445,0.29165,0.015502
1124.8526599407196,0.29243,0.015552
1124.9045143127441,0.29347,0.015459
1124.9572577476501,0.29461,0.015412
1125.0059206485748,0.29544,0.015451
1125.055990934372,0.29645,0.01547
1125.1081709861755,0.29768,0.015494
1125.1583230495453,0.29859,0.015546
1125.2044820785522,0.29941,0.015507
1125.2582700252533,0.30043,0.015458
1125.3130202293396,0.30048,0.015516
1125.3592250347137,0.30248,0.015572
1125.4113845825195,0.30347,0.01554
1125.466387271881,0.30445,0.015482
1125.5204384326935,0.30555,0.015637
1125.5721712112427,0.30613,0.01554
1125.623272895813,0.30736,0.015528
1125.6743485927582,0.30848,0.015576
1125.7270412445068,0.3092,0.015529
1125.7778751850128,0.31024,0.015667
1125.82475399971,0.31139,0.015645
1125.8761763572693,0.31229,0.015552
1125.9244403839111,0.31309,0.01557
1125.9764032363892,0.0144,0.015413
1126.029072523117,0.012933,0.015621
1126.0795822143555,0.01576,0.015572
1126.132290840149,0.018507,0.015501
1126.1817326545715,0.021573,0.015453
1126.2331352233887,0.02472,0.015538
1126.27814245224,0.027893,0.015535
1126.3310391902924,0.02784,0.015584
1126.3860290050507,0.03384,0.015562
1126.4332704544067,0.036987,0.015654
1126.4852147102356,0.039973,0.015722
1126.5374600887299,0.0428,0.015554
1126.5863914489746,0.045653,0.01561
1126.64115524292,0.048773,0.01557
1126.688053369522,0.051573,0.015623
1126.7372343540192,0.054453,0.015627
1126.788073539734,0.057173,0.015613
1126.841765165329,0.060107,0.01568
1126.8931002616882,0.06296,0.015562
1126.9454007148743,0.065707,0.015659
1126.9911930561066,0.06584,0.015645
1127.0463173389435,0.068667,0.01559
1127.0923354625702,0.07384,0.015662
1127.1462571620941,0.076747,0.01564
1127.1948206424713,0.079493,0.015606
1127.2482199668884,0.07968,0.015599
1127.2980797290802,0.084747,0.015592
1127.3453350067139,0.08736,0.015603
1127.399891614914,0.087387,0.015595
1127.4503972530365,0.090187,0.015549
1127.4961502552032,0.095467,0.015667
1127.5497641563416,0.097813,0.015582
1127.596956729889,0.1008,0.015649
1127.6486551761627,0.10331,0.015627
1127.70152926445,0.10595,0.015625
1127.748562335968,0.10611,0.015647
1127.8025953769684,0.1076,0.015589
1127.8535313606262,0.11019,0.015601
1127.9039597511292,0.11144,0.015495
1127.9549601078033,0.11243,0.01554
1128.0024933815002,0.11384,0.015534
1128.0518758296967,0.11373,0.015449
1128.1042931079865,0.11493,0.015554
1128.1576800346375,0.11744,0.015477
1128.2075018882751,0.11768,0.015497
1128.2561361789703,0.11979,0.015555
1128.3102324008942,0.12005,0.015485
1128.3597552776337,0.12125,0.015523
1128.4083936214447,0.12253,0.015539
1128.4612424373627,0.12365,0.015518
1128.5090534687042,0.12475,0.015506
1128.5560700893402,0.12491,0.015635
1128.6119637489319,0.1272,0.015573
1128.6583211421967,0.12827,0.015576
1128.7167887687683,0.1296,0.015406
1128.7645962238312,0.13077,0.015518
1128.81742978096,0.13181,0.015609
1128.8661496639252,0.13315,0.015409
1128.9150998592377,0.1344,0.015548
1128.9647598266602,0.13552,0.015559
1129.0173952579498,0.13763,0.015556
1129.0661280155182,0.13776,0.015514
1129.114676952362,0.13891,0.015525
1129.1685318946838,0.14027,0.015473
1129.2184178829193,0.14101,0.015476
1129.2684931755066,0.14216,0.015486
1129.3191468715668,0.14347,0.015491
1129.3691744804382,0.14469,0.015455
1129.419028043747,0.14579,0.015533
1129.4704048633575,0.14693,0.015546
1129.5190975666046,0.14816,0.015542
1129.5706532001495,0.14901,0.015529
1129.62273478508,0.15024,0.015587
1129.673014163971,0.15117,0.015561
1129.7231795787811,0.15261,0.015567
1129.7726418972015,0.15349,0.015592
1129.8283183574677,0.15445,0.015526
1129.8754198551178,0.15549,0.015527
1129.9261610507965,0.15685,0.015615
1129.9769632816315,0.15795,0.015596
1130.028299331665,0.15787,0.015523
1130.0817818641663,0.15909,0.015489
1130.1298513412476,0.16221,0.015592
1130.1806163787842,0.16243,0.015542
1130.2313854694366,0.16347,0.015574
1130.282749414444,0.16445,0.015554
1130.330359697342,0.16552,0.015331
1130.3823778629303,0.16659,0.015177
1130.432060956955,0.1668,0.015533
1130.484341621399,0.16763,0.015597
1130.533035516739,0.17005,0.015604
1130.5835378170013,0.17109,0.015581
1130.6338334083557,0.17205,0.015514
1130.6835796833038,0.17216,0.015626
1130.7353086471558,0.17429,0.015478
1130.7854232788086,0.17533,0.015305
1130.8340618610382,0.17627,0.015407
1130.886262178421,0.17624,0.015538
1130.9380145072937,0.17848,0.015477
1130.9829936027527,0.17965,0.015541
1131.0373766422272,0.17981,0.015493
1131.0875787734985,0.18155,0.015492
1131.139865398407,0.1816,0.015547
1131.1873676776886,0.18357,0.015469
1131.2468025684357,0.18371,0.015457
1131.3009223937988,0.18581,0.015422
1131.3495419025421,0.18579,0.015505
1131.3990840911865,0.18683,0.015548
1131.4532973766327,0.18885,0.015477
1131.5038142204285,0.18997,0.015485
1131.5541372299194,0.19104,0.015487
1131.6055526733398,0.19192,0.01549
1131.652223110199,0.19232,0.015506
1131.7066853046417,0.19317,0.015535
1131.7529242038727,0.19504,0.015468
1131.8106033802032,0.19592,0.015568
1131.859578371048,0.19712,0.015405
1131.908864736557,0.19736,0.015557
1131.9600777626038,0.19915,0.01562
1132.0080664157867,0.20016,0.015567
1132.0602071285248,0.20019,0.015416
1132.1119184494019,0.20128,0.015577
1132.1593322753906,0.20245,0.015476
1132.2147963047028,0.20419,0.015555
1132.263412475586,0.20528,0.01549
1132.3154010772705,0.20632,0.01546
1132.3661725521088,0.20632,0.015518
1132.4141821861267,0.20739,0.015608
1132.4719507694244,0.20824,0.015457
1132.5222642421722,0.20941,0.015482
1132.5691854953766,0.21048,0.015567
1132.6221415996552,0.2124,0.015587
1132.6720173358917,0.21352,0.015506
1132.7272832393646,0.21347,0.015637
1132.774028301239,0.21547,0.015649
1132.8268883228302,0.21643,0.015639
1132.8758804798126,0.21669,0.015369
1132.9251618385315,0.21755,0.015607
1132.9779877662659,0.21851,0.015532
1133.028329372406,0.2204,0.015506
1133.0784726142883,0.22136,0.015498
1133.1290366649628,0.22251,0.015507
1133.17831325531,0.22331,0.015508
1133.228798866272,0.2236,0.015588
1133.276653766632,0.22459,0.015441
1133.3307900428772,0.22552,0.015316
1133.3794808387756,0.22635,0.015516
1133.4285175800323,0.22728,0.015552
1133.4785978794098,0.22949,0.015544
1133.5301101207733,0.22952,0.015465
1133.584874868393,0.23056,0.01544
1133.63609790802,0.23163,0.015469
1133.6854133605957,0.23245,0.015565
1133.736569404602,0.23339,0.015506
1133.78568983078,0.23424,0.015435
1133.8326001167297,0.23528,0.015357
1133.8899714946747,0.23621,0.015417
1133.9406921863556,0.23725,0.015413
1133.9928617477417,0.23827,0.015415
1134.0435869693756,0.23917,0.015345
1134.09316945076,0.24043,0.015426
1134.1438307762146,0.24139,0.015451
1134.1953692436218,0.24251,0.015391
1134.2487440109253,0.24328,0.015464
1134.2977459430695,0.24435,0.015389
1134.3483872413635,0.24539,0.015492
1134.3987662792206,0.24632,0.015463
1134.44598031044,0.2472,0.015354
1134.4987540245056,0.2484,0.015445
1134.5474870204926,0.24925,0.015528
1134.5998811721802,0.25032,0.015369
1134.647314786911,0.25101,0.015496
1134.6969809532166,0.25219,0.015507
1134.7509288787842,0.25317,0.015434
1134.7996616363525,0.25405,0.015423
1134.8493757247925,0.2552,0.015475
1134.8992834091187,0.25608,0.015569
1134.9473702907562,0.25725,0.015435
1135.0020661354065,0.25715,0.015466
1135.0510647296906,0.25907,0.015502
1135.103155374527,0.26005,0.015435
1135.1514856815338,0.26117,0.015512
1135.2022624015808,0.26131,0.015523
1135.2519791126251,0.26312,0.015455
1135.3021793365479,0.26331,0.015478
1135.353558063507,0.26405,0.015464
1135.4038071632385,0.26509,0.015439
1135.4545435905457,0.26699,0.015539
1135.5041377544403,0.26784,0.015504
1135.5575222969055,0.26891,0.015458
1135.605003118515,0.27016,0.015302
1135.65873837471,0.27101,0.015507
1135.717081785202,0.27203,0.015494
1135.7672626972198,0.27197,0.015416
1135.8184716701508,0.27397,0.015453
1135.8669710159302,0.27496,0.015543
1135.9220547676086,0.27475,0.015515
1135.9718387126923,0.27701,0.015569
1136.0210464000702,0.27795,0.015629
1136.0689799785614,0.27885,0.015634
1136.1203517913818,0.27989,0.0156
1136.1744129657745,0.28091,0.015573
1136.2199430465698,0.28195,0.015568
1136.2734842300415,0.28187,0.015517
1136.3279712200165,0.28293,0.015427
1136.378496646881,0.28485,0.0155
1136.4302356243134,0.28555,0.015547
1136.4794392585754,0.28675,0.015627
1136.5266573429108,0.28675,0.015483
1136.5822591781616,0.28781,0.015536
1136.630386352539,0.28888,0.015513
1136.678677558899,0.29059,0.01555
1136.727998495102,0.29181,0.015508
1136.779468536377,0.29264,0.015556
1136.8292560577393,0.2936,0.015496
1136.884563922882,0.29376,0.015476
1136.9340295791626,0.29461,0.015553
1136.9865853786469,0.29555,0.015533
1137.0358760356903,0.29672,0.01559
1137.0893335342407,0.29853,0.015649
1137.1375439167023,0.29965,0.015546
1137.1889612674713,0.30069,0.015476
1137.2378623485565,0.30064,0.015511
1137.2911348342896,0.30245,0.015544
1137.339387178421,0.3036,0.01547
1137.3951926231384,0.30448,0.015512
1137.444881439209,0.30456,0.015459
1137.4922580718994,0.30664,0.015504
1137.542109966278,0.30651,0.015506
1137.5958819389343,0.30733,0.015675
1137.647057056427,0.3084,0.015434
1137.6952192783356,0.30947,0.015283
1137.746609210968,0.3104,0.015552
1137.7975177764893,0.31227,0.015561
1137.8471026420593,0.31328,0.015428
1137.8973336219788,0.014347,0.015497
1137.946144104004,0.011093,0.015518
1137.999794960022,0.013147,0.015667
1138.0484170913696,0.015573,0.015703
1138.101446390152,0.018773,0.015492
1138.147881269455,0.02456,0.015574
1138.1989257335663,0.024907,0.015589
1138.2521917819977,0.02808,0.015539
1138.3013966083527,0.030773,0.015734
1138.3541631698608,0.03384,0.015607
1138.4034941196442,0.036853,0.01554
1138.4548571109772,0.03984,0.015541
1138.503540277481,0.04256,0.015661
1138.5541903972626,0.0456,0.015611
1138.6040797233582,0.04872,0.015617
1138.655518770218,0.05144,0.015588
1138.7033019065857,0.054267,0.015671
1138.75847864151,0.05712,0.015769
1138.8064515590668,0.06,0.015646
1138.8550827503204,0.062773,0.015622
1138.9073803424835,0.065413,0.015708
1138.957326889038,0.068373,0.015685
1139.0066599845886,0.07104,0.015618
1139.0604147911072,0.07368,0.015616
1139.108053445816,0.07664,0.015694
1139.1611239910126,0.079333,0.015551
1139.2101125717163,0.08192,0.015708
1139.257640361786,0.08208,0.015658
1139.3107554912567,0.084507,0.015601
1139.3608484268188,0.090107,0.015638
1139.4112572669983,0.092693,0.015483
1139.4623005390167,0.0952,0.015562
1139.5161111354828,0.097947,0.015661
1139.5651860237122,0.10061,0.015489
1139.6140172481537,0.10312,0.015522
1139.6692371368408,0.10584,0.015574
1139.719321489334,0.10597,0.015586
1139.7666416168213,0.10861,0.015475
1139.8206593990326,0.10989,0.015525
1139.8661830425262,0.1112,0.01553
1139.91996383667,0.11261,0.015555
1139.9730432033539,0.11365,0.015536
1140.0224783420563,0.11376,0.015588
1140.0703444480896,0.11485,0.015352
1140.121047258377,0.11755,0.015498
1140.1737217903137,0.1184,0.015523
1140.2225096225739,0.11997,0.015605
1140.2691493034363,0.12112,0.015644
1140.3220262527466,0.12245,0.015619
1140.3728342056274,0.12352,0.015549
1140.4246385097504,0.12363,0.015585
1140.47362947464,0.12464,0.015459
1140.5221362113953,0.1272,0.015642
1140.5747592449188,0.12832,0.015559
1140.6268830299377,0.12837,0.015502
1140.6763322353363,0.13069,0.015532
1140.725566625595,0.13061,0.015681
1140.7750673294067,0.13301,0.015554
1140.8296377658844,0.13312,0.015578
1140.8792161941528,0.13424,0.015535
1140.927463054657,0.13544,0.015517
1140.9780809879303,0.13648,0.015455
1141.028909444809,0.13789,0.015475
1141.0787332057953,0.14,0.015511
1141.1285405158997,0.14109,0.015421
1141.1824777126312,0.14104,0.015514
1141.2320339679718,0.14331,0.015562
1141.281070947647,0.14352,0.015404
1141.3324000835419,0.14451,0.015522
1141.3847680091858,0.14579,0.015581
1141.43554854393,0.14803,0.015528
1141.4864509105682,0.14792,0.015632
1141.5364966392517,0.14907,0.015615
1141.5887248516083,0.15008,0.015536
1141.636640071869,0.15133,0.015557
1141.686493396759,0.15235,0.015526
1141.7388408184052,0.15459,0.015531
1141.7881317138672,0.15472,0.015608
1141.8416516780853,0.15584,0.015645
1141.8899841308594,0.15696,0.015766
1141.9410147666931,0.15792,0.01568
1141.9935894012451,0.15907,0.01567
1142.0414457321167,0.16019,0.015552
1142.0941529273987,0.16235,0.015608
1142.1438355445862,0.16253,0.015644
1142.1952600479126,0.16349,0.015533
1142.2459557056427,0.16464,0.015498
1142.294110774994,0.16576,0.015641
1142.3434345722198,0.16667,0.015686
1142.3951833248138,0.16781,0.015402
1142.4450378417969,0.16899,0.015453
1142.4982223510742,0.1708,0.015596
1142.5486900806427,0.17093,0.015623
1142.5980138778687,0.17195,0.015655
1142.6481561660767,0.17312,0.015471
1142.6979908943176,0.17411,0.015465
1142.7482964992523,0.17528,0.015511
1142.8003046512604,0.17547,0.01547
1142.8497776985168,0.17661,0.015498
1142.900400876999,0.17843,0.015485
1142.9507460594177,0.17955,0.015407
1143.0053646564484,0.18056,0.015452
1143.053940296173,0.18152,0.015514
1143.1029374599457,0.18272,0.015459
1143.1570637226105,0.18376,0.01544
1143.203509092331,0.18469,0.015507
1143.2575013637543,0.18573,0.015536
1143.3075160980225,0.18696,0.01542
1143.354730606079,0.18803,0.015582
1143.4073977470398,0.18912,0.015364
1143.4552881717682,0.18995,0.015558
1143.507215976715,0.19008,0.015462
1143.5578606128693,0.19195,0.01542
1143.6071665287018,0.19323,0.015561
1143.6606554985046,0.194,0.015534
1143.7086596488953,0.19427,0.015555
1143.7660555839539,0.19603,0.015449
1143.8173158168793,0.19709,0.015634
1143.865698814392,0.19808,0.015585
1143.917714357376,0.19912,0.015621
1143.9673445224762,0.20024,0.015484
1144.0171780586243,0.20107,0.015617
1144.0666184425354,0.20219,0.015583
1144.1166212558746,0.20253,0.01558
1144.1652731895447,0.2044,0.015497
1144.2196066379547,0.20536,0.01558
1144.2711851596832,0.20637,0.015658
1144.3185522556305,0.2064,0.015554
1144.3716216087341,0.20733,0.015463
1144.4203913211823,0.20939,0.015447
1144.4710185527802,0.21043,0.015505
1144.520593881607,0.21048,0.015625
1144.5722305774689,0.21245,0.015503
1144.6211404800415,0.21245,0.015637
1144.6753330230713,0.21355,0.015419
1144.7236456871033,0.21445,0.015597
1144.774931192398,0.21536,0.01563
1144.823893547058,0.21757,0.015597
1144.8796105384827,0.21837,0.0156
1144.9274559020996,0.21928,0.015477
1144.977994441986,0.22045,0.015517
1145.0304749011993,0.22048,0.015687
1145.0766732692719,0.22152,0.01561
1145.1293618679047,0.22261,0.01542
1145.1790254116058,0.22333,0.015576
1145.2300045490265,0.22555,0.01558
1145.2847237586975,0.22568,0.015453
1145.3305723667145,0.22643,0.015651
1145.3833215236664,0.22747,0.015529
1145.4385855197906,0.22856,0.01552
1145.484527349472,0.22923,0.015546
1145.5418772697449,0.23051,0.015434
1145.5966365337372,0.23269,0.015594
1145.6498551368713,0.23357,0.015416
1145.7017772197723,0.2344,0.015393
1145.751651763916,0.23533,0.015425
1145.8023054599762,0.23648,0.015427
1145.8487174510956,0.23744,0.015412
1145.9007539749146,0.23851,0.015481
1145.9520952701569,0.2384,0.015343
1145.9991981983185,0.23936,0.015425
1146.050446510315,0.24115,0.015386
1146.1075730323792,0.24243,0.015418
1146.1531026363373,0.24336,0.015472
1146.2093269824982,0.24344,0.015448
1146.257743358612,0.24453,0.015427
1146.308128118515,0.24517,0.015429
1146.3585848808289,0.24627,0.015501
1146.4117538928986,0.24723,0.015376
1146.4600801467896,0.24853,0.015487
1146.5094985961914,0.25029,0.015425
1146.5618307590485,0.25131,0.015396
1146.6142039299011,0.25136,0.015433
1146.6646800041199,0.25229,0.015467
1146.7159111499786,0.2532,0.01558
1146.7623269557953,0.25427,0.015696
1146.8111317157745,0.25517,0.015431
1146.8673088550568,0.25616,0.015405
1146.915291070938,0.25728,0.015445
1146.967367887497,0.25915,0.015573
1147.0184426307678,0.26021,0.015614
1147.0711631774902,0.26016,0.015438
1147.1183977127075,0.26101,0.015434
1147.1686635017395,0.26232,0.015516
1147.222142457962,0.26312,0.015597
1147.2717843055725,0.26413,0.015489
1147.3189594745636,0.26523,0.01545
1147.3726153373718,0.26707,0.015567
1147.4224679470062,0.26723,0.015448
1147.4725980758667,0.26819,0.015445
1147.5218677520752,0.26923,0.015403
1147.5688433647156,0.27,0.015453
1147.6214661598206,0.27093,0.01547
1147.6734025478363,0.27203,0.015583
1147.7245411872864,0.27195,0.015471
1147.7712769508362,0.274,0.015564
1147.8231091499329,0.27485,0.015461
1147.8762974739075,0.27579,0.015598
1147.9236783981323,0.27701,0.015454
1147.9751505851746,0.27776,0.015541
1148.0246794223785,0.27891,0.0155
1148.0766952037811,0.27883,0.015647
1148.1267359256744,0.28093,0.015553
1148.1767690181732,0.28187,0.015488
1148.2289624214172,0.2828,0.015549
1148.2761702537537,0.28371,0.015459
1148.331833600998,0.28491,0.015467
1148.3796155452728,0.28581,0.015485
1148.4305577278137,0.28675,0.015401
1148.4814262390137,0.28779,0.015568
1148.5313255786896,0.28859,0.015471
1148.5816428661346,0.28872,0.015445
1148.6340146064758,0.28957,0.015584
1148.6837446689606,0.29056,0.015523
1148.737087726593,0.29272,0.015516
1148.7836773395538,0.2936,0.015592
1148.8353779315948,0.29451,0.015453
1148.8889775276184,0.2956,0.015494
1148.9386277198792,0.29661,0.015513
1148.9885938167572,0.29659,0.015544
1149.0362646579742,0.29763,0.015545
1149.087459564209,0.2988,0.01549
1149.1384196281433,0.2996,0.01547
1149.186217546463,0.3016,0.015576
1149.2400467395782,0.3016,0.015581
1149.2924318313599,0.30339,0.01553
1149.339040517807,0.30435,0.015478
1149.4016072750092,0.30445,0.015566
1149.4501693248749,0.30539,0.015525
1149.4995937347412,0.30749,0.015566
1149.5510349273682,0.30835,0.015512
1149.6004285812378,0.30909,0.015569
1149.6540205478668,0.31037,0.01552
1149.7018060684204,0.31024,0.015559
1149.7534518241882,0.31136,0.015637
1149.802265405655,0.31219,0.01548
1149.8535163402557,0.31317,0.015495
1149.9055857658386,0.01184,0.015552
1149.9570989608765,0.015627,0.015621
1150.0057668685913,0.018427,0.015584
1150.0571916103363,0.021573,0.015593
1150.1046781539917,0.024667,0.01559
1150.1618411540985,0.024667,0.015578
1150.2106087207794,0.027707,0.015557
1150.2625715732574,0.033627,0.015575
1150.3107075691223,0.036587,0.015582
1150.3635349273682,0.03672,0.01562
1150.4101769924164,0.0424,0.015586
1150.4625198841095,0.042507,0.015493
1150.5101702213287,0.045547,0.015586
1150.566888332367,0.04816,0.015615
1150.6156213283539,0.05128,0.01562
1150.6666224002838,0.056853,0.015524
1150.7185623645782,0.05704,0.015617
1150.769919872284,0.062507,0.01555
1150.8167684078217,0.06288,0.015643
1150.870040178299,0.065333,0.015616
1150.9193842411041,0.06832,0.015592
1150.9672887325287,0.071147,0.015643
1151.0189554691315,0.072533,0.015675
1151.0719661712646,0.07912,0.015621
1151.1219546794891,0.082027,0.01561
1151.174020767212,0.081947,0.015602
1151.2199566364288,0.084747,0.015589
1151.2723565101624,0.087307,0.015581
1151.3260986804962,0.089787,0.015557
1151.3777713775635,0.09512,0.015749
1151.4251096248627,0.096667,0.015592
1151.4769597053528,0.098,0.015627
1151.5265464782715,0.10059,0.015717
1151.5773267745972,0.10317,0.015663
1151.6263659000397,0.10579,0.015665
1151.6789376735687,0.10755,0.015714
1151.7332835197449,0.10883,0.015645
1151.781726360321,0.11021,0.01559
1151.832522392273,0.11131,0.015697
1151.8822193145752,0.11256,0.015574
1151.932481765747,0.11499,0.015566
1151.985202074051,0.11477,0.015636
1152.0373208522797,0.11635,0.015571
1152.0879781246185,0.11728,0.015572
1152.140882730484,0.11877,0.015577
1152.1863992214203,0.11992,0.015613
1152.240128993988,0.11984,0.01562
1152.2927312850952,0.12237,0.015584
1152.3416855335236,0.12352,0.015647
1152.393836736679,0.12461,0.015701
1152.4453444480896,0.12576,0.015577
1152.4940919876099,0.12701,0.015645
1152.5446372032166,0.12819,0.015482
1152.5966267585754,0.12947,0.015437
1152.645975112915,0.13067,0.01561
1152.6991453170776,0.13181,0.015566
1152.7499277591705,0.13317,0.015696
1152.7938957214355,0.13416,0.015644
1152.8508932590485,0.13536,0.015616
1152.8988771438599,0.13648,0.015705
1152.9484648704529,0.13784,0.015477
1152.9986069202423,0.13893,0.015556
1153.051914215088,0.14013,0.015601
1153.1028504371643,0.14013,0.015635
1153.152550458908,0.14213,0.015602
1153.202833890915,0.14341,0.01563
1153.2548060417175,0.14445,0.01561
1153.3027040958405,0.14563,0.015719
1153.3519520759583,0.14683,0.015556
1153.40194606781,0.148,0.015606
1153.4548530578613,0.14787,0.01558
1153.502376317978,0.15016,0.015614
1153.5549042224884,0.15115,0.015614
1153.6071481704712,0.15253,0.01562
1153.6625616550446,0.15357,0.015623
1153.71293258667,0.15461,0.01565
1153.7620463371277,0.15563,0.015675
1153.8109447956085,0.15688,0.015732
1153.857712507248,0.15795,0.015481
1153.9116342067719,0.15792,0.015658
1153.962287902832,0.15907,0.015625
1154.0099790096283,0.1612,0.015553
1154.063176393509,0.16229,0.015646
1154.113492012024,0.16331,0.015649
1154.1673641204834,0.16435,0.015538
1154.219524383545,0.16565,0.015586
1154.2680461406708,0.16552,0.015668
1154.3181338310242,0.16661,0.015627
1154.3683683872223,0.16768,0.015597
1154.420022726059,0.16984,0.01554
1154.4719331264496,0.17099,0.015617
1154.5214071273804,0.17216,0.015635
1154.5722441673279,0.17227,0.015667
1154.6231758594513,0.17432,0.015574
1154.671641588211,0.17509,0.015636
1154.7220339775085,0.17515,0.015571
1154.7744352817535,0.17627,0.015565
1154.8227915763855,0.17736,0.015437
1154.8762459754944,0.1784,0.015542
1154.9278900623322,0.18045,0.015504
1154.974723815918,0.18048,0.015592
1155.026210308075,0.18147,0.01554
1155.0795073509216,0.18376,0.015482
1155.1289920806885,0.18368,0.015581
1155.1794500350952,0.18456,0.015548
1155.2286908626556,0.18573,0.015571
1155.281305551529,0.18683,0.015402
1155.3320808410645,0.18792,0.015703
1155.3818278312683,0.18888,0.015477
1155.4292991161346,0.19093,0.015515
1155.4790387153625,0.19107,0.015558
1155.529197216034,0.19301,0.015426
1155.5830795764923,0.19299,0.01553
1155.6311933994293,0.19411,0.015519
1155.6831228733063,0.19501,0.015422
1155.7319173812866,0.19605,0.015561
1155.7887654304504,0.19704,0.015532
1155.838332414627,0.19896,0.015531
1155.8886423110962,0.19933,0.015435
1155.938913822174,0.20016,0.01551
1155.9897067546844,0.20117,0.015506
1156.0365340709686,0.20235,0.015475
1156.0881595611572,0.20336,0.015599
1156.139117717743,0.20435,0.015426
1156.1864285469055,0.20536,0.015569
1156.2394638061523,0.20635,0.015452
1156.2898607254028,0.20741,0.015515
1156.3399498462677,0.20832,0.015576
1156.3935480117798,0.21045,0.015574
1156.442411184311,0.21053,0.0157
1156.4916243553162,0.21136,0.015532
1156.542193889618,0.21235,0.015557
1156.5940098762512,0.21317,0.015748
1156.6443507671356,0.21435,0.015571
1156.6945190429688,0.21555,0.015578
1156.747440814972,0.21648,0.015062
1156.7961857318878,0.21739,0.015679
1156.847021818161,0.21835,0.015568
1156.8974840641022,0.21931,0.015629
1156.9502222537994,0.22032,0.015612
1156.999815940857,0.22141,0.015599
1157.0490944385529,0.22141,0.015602
1157.0997879505157,0.22328,0.015559
1157.1495983600616,0.22352,0.015637
1157.201255083084,0.22536,0.015569
1157.2529475688934,0.22645,0.015493
1157.3040478229523,0.22744,0.015515
1157.3517286777496,0.22832,0.0155
1157.4024813175201,0.22941,0.015548
1157.4530448913574,0.23051,0.015516
1157.5075600147247,0.23059,0.015534
1157.5560150146484,0.23165,0.015495
1157.603586435318,0.23347,0.015457
1157.6545972824097,0.23437,0.015478
1157.7067728042603,0.23544,0.015507
1157.7552559375763,0.23621,0.01549
1157.8066666126251,0.23736,0.015322
1157.8595926761627,0.23747,0.015469
1157.9054501056671,0.23925,0.015445
1157.9584851264954,0.24029,0.015421
1158.0086197853088,0.24131,0.015431
1158.056908607483,0.24224,0.015477
1158.1094846725464,0.24339,0.015342
1158.1577441692352,0.24445,0.015459
1158.208088874817,0.24435,0.015357
1158.257536649704,0.24528,0.015484
1158.3091640472412,0.24619,0.015555
1158.357753753662,0.24717,0.015468
1158.4073333740234,0.24835,0.015452
1158.4580183029175,0.24909,0.015457
1158.5092623233795,0.25136,0.015467
1158.560144662857,0.25117,0.015583
1158.6121001243591,0.25216,0.015455
1158.6615507602692,0.25429,0.015499
1158.7114009857178,0.25416,0.015439
1158.7677409648895,0.25509,0.015555
1158.8213880062103,0.2572,0.0154
1158.87157869339,0.25795,0.015501
1158.9196000099182,0.25901,0.015526
1158.973505973816,0.25912,0.015494
1159.0221967697144,0.26013,0.015491
1159.0756297111511,0.26099,0.015445
1159.1261978149414,0.26293,0.015572
1159.1737911701202,0.26427,0.015448
1159.2258772850037,0.26411,0.01557
1159.275497674942,0.26603,0.015633
1159.3289637565613,0.26587,0.015444
1159.3763401508331,0.26691,0.015431
1159.4257361888885,0.26789,0.015494
1159.4761345386505,0.26896,0.01545
1159.5301957130432,0.26987,0.015384
1159.57821059227,0.27096,0.015532
1159.6290664672852,0.27187,0.015524
1159.6783740520477,0.27261,0.015471
1159.7299733161926,0.27371,0.015506
1159.7797837257385,0.27493,0.01538
1159.8333349227905,0.27579,0.01551
1159.880074262619,0.27675,0.015507
1159.9328467845917,0.27779,0.015469
1159.9831173419952,0.2788,0.015525
1160.0388910770416,0.27973,0.015483
1160.0879185199738,0.28061,0.015852
1160.1370513439178,0.28157,0.015532
1160.1882557868958,0.28243,0.015695
1160.2441782951355,0.28349,0.015627
1160.2931866645813,0.28451,0.015624
1160.3432490825653,0.28552,0.015614
1160.3942985534668,0.28648,0.015523
1160.4434931278229,0.28765,0.015546
1160.4965143203735,0.28856,0.015501
1160.544276714325,0.28955,0.015475
1160.596114873886,0.29048,0.015479
1160.6447892189026,0.29128,0.015596
1160.6965546607971,0.29155,0.015481
1160.7477715015411,0.29328,0.015416
1160.7970879077911,0.29437,0.015582
1160.8456621170044,0.29528,0.015605
1160.8985710144043,0.29619,0.015592
1160.9484193325043,0.29731,0.01551
1160.996779203415,0.29835,0.015544
1161.0473244190216,0.2992,0.015535
1161.096966266632,0.30005,0.015428
1161.150013923645,0.30109,0.01552
1161.2022547721863,0.30216,0.015455
1161.2512383460999,0.30336,0.015565
1161.2988896369934,0.30424,0.015499
1161.3520488739014,0.30512,0.01549
1161.4055876731873,0.30619,0.015541
1161.453465461731,0.30624,0.015281
1161.5062637329102,0.30816,0.015455
1161.5562283992767,0.30917,0.015534
1161.6065855026245,0.31013,0.015643
1161.6553056240082,0.3112,0.015641
1161.7086107730865,0.31195,0.01555
1161.756501197815,0.31307,0.015536
1161.8060412406921,0.013307,0.015583
1161.8572490215302,0.010827,0.015678
1161.9116008281708,0.012693,0.01567
1161.9597988128662,0.018267,0.015688
1162.0097422599792,0.021333,0.015611
1162.0625834465027,0.024027,0.015581
1162.1135478019714,0.027307,0.015368
1162.1616008281708,0.030293,0.01573
1162.211580991745,0.030427,0.015593
1162.2646503448486,0.036667,0.015584
1162.315423965454,0.039467,0.015672
1162.3648512363434,0.04216,0.015731
1162.4163620471954,0.045387,0.015653
1162.4640564918518,0.048187,0.015454
1162.5162389278412,0.04832,0.015515
1162.56640458107,0.05112,0.015638
1162.6165916919708,0.054027,0.015625
1162.6669781208038,0.056827,0.015769
1162.7157883644104,0.059867,0.015603
1162.7653367519379,0.06272,0.015707
1162.8178424835205,0.065253,0.015633
1162.8675003051758,0.06832,0.015644
1162.917319536209,0.070773,0.015568
1162.9683501720428,0.073493,0.01564
1163.0173499584198,0.07624,0.015652
1163.067137002945,0.07896,0.015711
1163.119209766388,0.08424,0.015727
1163.1700129508972,0.087067,0.015539
1163.2181251049042,0.087067,0.015762
1163.2716364860535,0.089627,0.01573
1163.326830148697,0.092587,0.015704
1163.3805606365204,0.09512,0.015641
1163.42968583107,0.097787,0.015741
1163.479475736618,0.10283,0.015677
1163.5291941165924,0.10536,0.015787
1163.5802354812622,0.10541,0.015644
1163.6297686100006,0.10744,0.015563
1163.6819579601288,0.10875,0.015814
1163.7330145835876,0.10989,0.015692
1163.7799825668335,0.11125,0.015686
1163.8331406116486,0.11363,0.015704
1163.8830699920654,0.11368,0.015754
1163.9314031600952,0.11499,0.015606
1163.9854373931885,0.11611,0.0156
1164.0340609550476,0.11749,0.015702
1164.08554148674,0.11851,0.015546
1164.1349053382874,0.11981,0.015667
1164.185012102127,0.11984,0.015685
1164.2369034290314,0.12211,0.015744
1164.284892320633,0.12357,0.015613
1164.3360950946808,0.12453,0.015703
1164.390543937683,0.12584,0.015603
1164.4423069953918,0.12712,0.015597
1164.489010334015,0.12816,0.015454
1164.5404484272003,0.13067,0.01561
1164.5951478481293,0.13048,0.015514
1164.643482685089,0.13168,0.01553
1164.6945481300354,0.13296,0.01564
1164.7487788200378,0.13416,0.015594
1164.795338153839,0.13512,0.015451
1164.8492169380188,0.13635,0.015367
1164.8978152275085,0.13749,0.015621
1164.9567427635193,0.13851,0.015449
1165.0061497688293,0.13989,0.015714
1165.0594964027405,0.14091,0.015503
1165.110160112381,0.1408,0.01554
1165.1602368354797,0.14429,0.015575
1165.213660478592,0.14427,0.015562
1165.2641696929932,0.14539,0.015548
1165.3157896995544,0.14677,0.015566
1165.3643724918365,0.14765,0.015526
1165.4161953926086,0.14779,0.015598
1165.4647715091705,0.15027,0.015561
1165.5161702632904,0.15123,0.015582
1165.5675599575043,0.15211,0.01555
1165.6186923980713,0.15349,0.015654
1165.6693258285522,0.15461,0.01556
1165.7169435024261,0.15568,0.01557
1165.7718918323517,0.1556,0.015538
1165.821771621704,0.15784,0.015599
1165.8704197406769,0.15896,0.015608
1165.9260518550873,0.15989,0.015582
1165.9747860431671,0.1612,0.015641
1166.02494430542,0.16216,0.01551
1166.0732774734497,0.16315,0.015653
1166.1261942386627,0.16331,0.015731
1166.1748476028442,0.16544,0.015552
1166.2268204689026,0.1664,0.015673
1166.2760317325592,0.16741,0.015696
1166.327425479889,0.16752,0.015703
1166.3790225982666,0.16955,0.015697
1166.4258878231049,0.17075,0.01568
1166.4801325798035,0.172,0.015498
1166.5311961174011,0.17301,0.015672
1166.577346086502,0.17405,0.015589
1166.6325056552887,0.174,0.015626
1166.6811113357544,0.17515,0.015616
1166.7303671836853,0.17611,0.015635
1166.7818632125854,0.17725,0.015474
1166.8332586288452,0.17936,0.015588
1166.8844916820526,0.1804,0.015519
1166.934122800827,0.18149,0.015657
1166.9886026382446,0.18131,0.015593
1167.0343008041382,0.18227,0.01556
1167.086751461029,0.18461,0.015651
1167.1367192268372,0.18464,0.015589
1167.1877264976501,0.18544,0.01569
1167.2390246391296,0.18672,0.015622
1167.2908508777618,0.18765,0.015604
1167.341709136963,0.18869,0.015617
1167.3879392147064,0.1908,0.015606
1167.4418523311615,0.19075,0.015513
1167.4897186756134,0.19275,0.015536
1167.538353919983,0.19283,0.015377
1167.590173482895,0.19376,0.015615
1167.6436467170715,0.196,0.015559
1167.6918542385101,0.19685,0.015483
1167.7416024208069,0.19701,0.015545
1167.7954728603363,0.19819,0.015547
1167.8455543518066,0.19891,0.015561
1167.895438671112,0.19987,0.015591
1167.9454061985016,0.20107,0.015481
1167.994692325592,0.20197,0.01562
1168.0492730140686,0.20291,0.015634
1168.0970494747162,0.20517,0.015555
1168.1470506191254,0.20603,0.01563
1168.1987552642822,0.20616,0.015455
1168.250610113144,0.20709,0.015524
1168.299643754959,0.20808,0.015506
1168.3468630313873,0.2092,0.015401
1168.3997044563293,0.21005,0.015555
1168.4492082595825,0.21115,0.015558
1168.504072189331,0.21317,0.015486
1168.5518066883087,0.21331,0.015559
1168.6028320789337,0.21528,0.015583
1168.6548943519592,0.21528,0.015608
1168.7065358161926,0.21621,0.015545
1168.7552881240845,0.21744,0.015529
1168.8063123226166,0.21835,0.01563
1168.855830669403,0.21928,0.015689
1168.9058785438538,0.22035,0.015571
1168.957073688507,0.22139,0.015593
1169.0052542686462,0.22232,0.015506
1169.061255455017,0.22333,0.015607
1169.109775543213,0.22437,0.015515
1169.1612737178802,0.22536,0.015537
1169.211085319519,0.22632,0.015481
1169.2638945579529,0.22843,0.015425
1169.311330795288,0.2284,0.01551
1169.3608832359314,0.22936,0.015507
1169.4117012023926,0.2304,0.015557
1169.464246749878,0.23133,0.015428
1169.5141215324402,0.23245,0.0155
1169.5661697387695,0.23331,0.015535
1169.6193034648895,0.23339,0.015543
1169.6661570072174,0.2352,0.015521
1169.7186460494995,0.23643,0.01555
1169.7682015895844,0.23712,0.01539
1169.8237404823303,0.23832,0.015493
1169.8718008995056,0.23928,0.015457
1169.922104358673,0.24056,0.015418
1169.9741263389587,0.2412,0.015413
1170.0220274925232,0.24219,0.015247
1170.076208114624,0.2432,0.015463
1170.128811597824,0.24336,0.015499
1170.1785895824432,0.24509,0.015468
1170.229346036911,0.24611,0.015495
1170.278431892395,0.24707,0.015504
1170.327904701233,0.24816,0.01549
1170.3775777816772,0.24824,0.015516
1170.429933309555,0.25021,0.015398
1170.48184466362,0.25125,0.015506
1170.526775598526,0.25208,0.01546
1170.5803034305573,0.25317,0.015479
1170.6301183700562,0.25408,0.015401
1170.6818645000458,0.25493,0.015524
1170.73255610466,0.25504,0.015495
1170.783968448639,0.25707,0.015506
1170.8331496715546,0.25808,0.015479
1170.8814878463745,0.25912,0.015493
1170.9343764781952,0.25923,0.015557
1170.9854125976562,0.26112,0.015607
1171.0350971221924,0.26213,0.015452
1171.0854527950287,0.26296,0.015495
1171.1438586711884,0.26333,0.015554
1171.1915228366852,0.264,0.015559
1171.243034362793,0.26592,0.015581
1171.2930765151978,0.26696,0.01553
1171.3437299728394,0.26797,0.015556
1171.3933217525482,0.26877,0.015523
1171.4438934326172,0.26997,0.015446
1171.4934811592102,0.27083,0.015505
1171.545060634613,0.27096,0.015517
1171.5925171375275,0.27189,0.015508
1171.6431622505188,0.27376,0.01527
1171.6958615779877,0.27373,0.01554
1171.7454030513763,0.27579,0.015553
1171.7966377735138,0.27573,0.015578
1171.8446848392487,0.27685,0.015575
1171.8929553031921,0.27883,0.015541
1171.947275876999,0.27968,0.015508
1171.9978148937225,0.27949,0.015643
1172.0467987060547,0.28072,0.015422
1172.096385717392,0.28179,0.015715
1172.1467168331146,0.28264,0.015642
1172.196147441864,0.28453,0.015488
1172.2477629184723,0.28469,0.0155
1172.3009188175201,0.2856,0.01547
1172.3511545658112,0.28661,0.01557
1172.4017980098724,0.28765,0.015405
1172.4484822750092,0.28861,0.015519
1172.5012691020966,0.28947,0.015483
1172.5508036613464,0.29045,0.015524
1172.6019673347473,0.29251,0.0155
1172.652572631836,0.29245,0.015483
1172.7062060832977,0.29336,0.015416
1172.7538318634033,0.29456,0.015513
1172.8101947307587,0.29541,0.015451
1172.8597259521484,0.29637,0.015558
1172.9098436832428,0.29747,0.015514
1172.9573512077332,0.29837,0.015444
1173.0098609924316,0.30032,0.015495
1173.0584950447083,0.30032,0.015474
1173.1094415187836,0.30245,0.015457
1173.159393787384,0.30237,0.015555
1173.211874961853,0.30339,0.015457
1173.2605431079865,0.30453,0.015499
1173.3100533485413,0.30539,0.015548
1173.3629364967346,0.30629,0.015463
1173.4142172336578,0.30728,0.015513
1173.4601633548737,0.30832,0.015651
1173.5156412124634,0.30915,0.015586
1173.5632863044739,0.31024,0.015496
1173.6134865283966,0.31144,0.015675
1173.6634619235992,0.31213,0.015478
1173.7153952121735,0.31315,0.015579
1173.7687695026398,0.012667,0.015724
1173.8183751106262,0.013147,0.015661
1173.865695476532,0.0124,0.015709
1173.918585062027,0.01808,0.015713
1173.9684472084045,0.021307,0.015614
1174.0202236175537,0.024133,0.015587
1174.0687465667725,0.027147,0.015872
1174.1229531764984,0.027253,0.015617
1174.1727855205536,0.033173,0.01559
1174.221287727356,0.036187,0.015517
1174.2717814445496,0.039307,0.015392
1174.3213970661163,0.0424,0.015951
1174.3727061748505,0.045093,0.015524
1174.424327135086,0.048107,0.015633
1174.4732983112335,0.05088,0.015687
1174.5234298706055,0.051173,0.015621
1174.5802237987518,0.053573,0.015683
1174.628919839859,0.0568,0.015665
1174.679790019989,0.05952,0.015663
1174.733072757721,0.065227,0.015598
1174.781044960022,0.068,0.015539
1174.8308517932892,0.070667,0.015629
1174.8838136196136,0.07336,0.015717
1174.9325549602509,0.076267,0.015753
1174.9840326309204,0.077653,0.015662
1175.035261631012,0.078987,0.015624
1175.0834267139435,0.081573,0.015693
1175.1385123729706,0.08432,0.01584
1175.1857888698578,0.089653,0.015776
1175.239953994751,0.092267,0.015582
1175.2882425785065,0.094907,0.015832
1175.3388848304749,0.095227,0.015847
1175.3895621299744,0.09768,0.015894
1175.43980717659,0.10024,0.015596
1175.4885745048523,0.10293,0.015734
1175.5422439575195,0.10728,0.015805
1175.589063167572,0.10859,0.015754
1175.640524148941,0.10989,0.015828
1175.6893966197968,0.10984,0.015714
1175.7416186332703,0.11123,0.015804
1175.794272661209,0.11245,0.015717
1175.843169927597,0.11357,0.01569
1175.8956353664398,0.11507,0.015709
1175.944473028183,0.11619,0.015493
1175.9968328475952,0.11869,0.015532
1176.0460500717163,0.11979,0.015522
1176.0987462997437,0.12096,0.015627
1176.1485950946808,0.12109,0.015823
1176.1962003707886,0.12208,0.015569
1176.2500202655792,0.12312,0.015675
1176.2982881069183,0.12477,0.01569
1176.3500933647156,0.12592,0.015708
1176.4020781517029,0.12701,0.01565
1176.4502818584442,0.12941,0.015523
1176.5020849704742,0.12963,0.015637
1176.5492193698883,0.13072,0.015473
1176.602369070053,0.13173,0.015542
1176.652306318283,0.1328,0.015485
1176.7079968452454,0.13411,0.015624
1176.758538722992,0.13629,0.015648
1176.8089010715485,0.13643,0.015531
1176.8588519096375,0.13752,0.015434
1176.9077608585358,0.13853,0.015654
1176.9584143161774,0.13992,0.015617
1177.0064151287079,0.14072,0.015613
1177.0600192546844,0.14211,0.015598
1177.1129863262177,0.14328,0.015535
1177.1613161563873,0.14411,0.015539
1177.2108159065247,0.14539,0.015617
1177.2633924484253,0.14661,0.015767
1177.31680893898,0.14768,0.015729
1177.3629343509674,0.14979,0.015749
1177.4161386489868,0.14997,0.015646
1177.4688301086426,0.1512,0.01551
1177.5182900428772,0.15229,0.015573
1177.5697541236877,0.15333,0.015711
1177.6177248954773,0.15435,0.015618
1177.6684322357178,0.15533,0.015606
1177.7186391353607,0.15656,0.015741
1177.7715716362,0.15787,0.015787
1177.8245303630829,0.15896,0.015593
1177.8702807426453,0.15997,0.01569
1177.924976348877,0.16123,0.015626
1177.97101688385,0.16203,0.01553
1178.0212650299072,0.16325,0.015517
1178.0795097351074,0.16445,0.015565
1178.126858472824,0.1664,0.015485
1178.1771032810211,0.16632,0.015654
1178.2293734550476,0.16749,0.015527
1178.2797932624817,0.16859,0.015649
1178.3311228752136,0.16952,0.015742
1178.3797159194946,0.17069,0.015788
1178.4346866607666,0.17184,0.015647
1178.4808995723724,0.17283,0.015867
1178.5348410606384,0.17389,0.015752
1178.5854511260986,0.17475,0.015662
1178.6369006633759,0.17605,0.015505
1178.6884245872498,0.17725,0.015641
1178.7403542995453,0.17813,0.015628
1178.7891747951508,0.17915,0.015687
1178.8456575870514,0.18008,0.015463
1178.8972330093384,0.18128,0.015519
1178.9479429721832,0.18211,0.01569
1178.9968276023865,0.18344,0.015591
1179.0459396839142,0.18325,0.01565
1179.0969953536987,0.18445,0.015705
1179.1450049877167,0.1864,0.015566
1179.2004153728485,0.18744,0.015509
1179.2471249103546,0.18859,0.015487
1179.302901506424,0.18957,0.015585
1179.3531620502472,0.19064,0.015437
1179.399240732193,0.19171,0.015437
1179.4509468078613,0.19171,0.015575
1179.5037648677826,0.1936,0.015541
1179.5520522594452,0.19475,0.015584
1179.601120710373,0.19581,0.015625
1179.6530599594116,0.19693,0.015398
1179.7043931484222,0.1976,0.01553
1179.7546436786652,0.19896,0.015464
1179.8064904212952,0.20005,0.015552
1179.8504445552826,0.20109,0.015552
1179.9047865867615,0.20184,0.015619
1179.9575395584106,0.20203,0.01557
1180.007619380951,0.20307,0.0156
1180.05579829216,0.20389,0.01547
1180.1104199886322,0.20627,0.015601
1180.1626527309418,0.20696,0.015621
1180.2120912075043,0.20821,0.015593
1180.2608408927917,0.20824,0.015518
1180.3107175827026,0.20899,0.015576
1180.3604564666748,0.21029,0.01551
1180.4142122268677,0.21227,0.015497
1180.4590396881104,0.21328,0.015512
1180.5162897109985,0.2132,0.01559
1180.566162109375,0.21512,0.015719
1180.6151859760284,0.21547,0.015381
1180.665776014328,0.21725,0.015538
1180.7183861732483,0.21733,0.015528
1180.7682161331177,0.21931,0.015659
1180.817804813385,0.22032,0.015614
1180.8687150478363,0.22027,0.01556
1180.9210658073425,0.22232,0.015574
1180.9695839881897,0.22219,0.015631
1181.0182237625122,0.22432,0.015839
1181.069037437439,0.22445,0.015547
1181.12349319458,0.22544,0.015564
1181.1713042259216,0.22637,0.015562
1181.2235498428345,0.22725,0.015496
1181.2711281776428,0.22821,0.015541
1181.3293132781982,0.22917,0.015609
1181.3769261837006,0.23115,0.015536
1181.4283485412598,0.23123,0.015594
1181.4802510738373,0.23227,0.015465
1181.531105518341,0.23419,0.015445
1181.5770392417908,0.23424,0.015646
1181.6332864761353,0.23523,0.015618
1181.682427406311,0.23629,0.015517
1181.7314217090607,0.23808,0.015533
1181.7802519798279,0.23797,0.015626
1181.8362138271332,0.23909,0.015557
1181.8866629600525,0.2404,0.015433
1181.9369854927063,0.24096,0.015397
1181.9867968559265,0.24232,0.015589
1182.035855293274,0.24317,0.015517
1182.0878479480743,0.24416,0.01558
1182.1387677192688,0.24507,0.015436
1182.1866211891174,0.24621,0.015482
1182.237581729889,0.24789,0.015614
1182.2833878993988,0.24808,0.015451
1182.339263677597,0.24899,0.015428
1182.3877844810486,0.24992,0.01543
1182.4392673969269,0.24976,0.015419
1182.4921743869781,0.25301,0.015477
1182.5385074615479,0.25291,0.015459
1182.591288805008,0.25309,0.015368
1182.6446516513824,0.25496,0.015487
1182.6916494369507,0.25571,0.015486
1182.7458941936493,0.25685,0.015548
1182.7954406738281,0.25792,0.015517
1182.842651605606,0.25899,0.01555
1182.8953869342804,0.25891,0.015466
1182.9458754062653,0.25989,0.015583
1182.998356103897,0.26211,0.015482
1183.0469872951508,0.26283,0.015475
1183.100328207016,0.26384,0.015407
1183.1512579917908,0.26485,0.015498
1183.2052652835846,0.26573,0.015411
1183.2545473575592,0.26581,0.015478
1183.3038265705109,0.26645,0.01553
1183.355620622635,0.26869,0.015478
1183.4033162593842,0.26981,0.015423
1183.459324836731,0.27069,0.015462
1183.505723953247,0.27184,0.015479
1183.5571064949036,0.27267,0.015358
1183.6082611083984,0.27363,0.015578
1183.6647882461548,0.27387,0.015403
1183.714751958847,0.27456,0.015509
1183.7646181583405,0.27664,0.015365
1183.8143405914307,0.27763,0.015433
1183.8666565418243,0.27859,0.015387
1183.9162063598633,0.27955,0.015562
1183.9654142856598,0.28061,0.015454
1184.0177505016327,0.28147,0.015611
1184.064079284668,0.28243,0.015544
1184.1150979995728,0.28232,0.015664
1184.1657359600067,0.28437,0.015523
1184.21937251091,0.28445,0.015464
1184.267776966095,0.28533,0.0154
1184.317423582077,0.28645,0.015565
1184.368599653244,0.28835,0.015366
1184.4212567806244,0.28955,0.015524
1184.4702849388123,0.29035,0.01545
1184.520985841751,0.29059,0.015531
1184.5716145038605,0.29125,0.01548
1184.6258733272552,0.29243,0.015444
1184.6742327213287,0.29333,0.015587
1184.7260851860046,0.2944,0.01551
1184.774350643158,0.29539,0.015527
1184.8267335891724,0.29736,0.01556
1184.8805782794952,0.29837,0.015468
1184.9368689060211,0.29949,0.015512
1184.982753276825,0.29931,0.015461
1185.0359811782837,0.30029,0.015486
1185.0862340927124,0.30211,0.015493
1185.1373982429504,0.30221,0.015516
1185.1877193450928,0.30317,0.015557
1185.2376453876495,0.30419,0.015557
1185.2865710258484,0.3052,0.015527
1185.3368282318115,0.30723,0.015401
1185.3874456882477,0.308,0.015574
1185.4389605522156,0.30907,0.015554
1185.4883742332458,0.31,0.015511
1185.538475036621,0.31032,0.015541
1185.5893647670746,0.31128,0.01559
1185.637847185135,0.312,0.015564
1185.691547870636,0.31293,0.015581
1185.7403070926666,0.012587,0.015575
1185.79128241539,0.015147,0.01579
1185.8464696407318,0.01776,0.015587
1185.897898197174,0.020933,0.01557
1185.9461438655853,0.020853,0.015618
1185.9977004528046,0.024053,0.015615
1186.0447392463684,0.027227,0.015635
1186.0974435806274,0.030027,0.01564
1186.1477029323578,0.033093,0.015625
1186.1994304656982,0.039093,0.015664
1186.2473194599152,0.039253,0.015758
1186.29482960701,0.044747,0.015505
1186.353872537613,0.045067,0.015578
1186.4015486240387,0.047813,0.015634
1186.4527204036713,0.05088,0.015567
1186.5043079853058,0.053493,0.015656
1186.551958322525,0.05648,0.015569
1186.6080849170685,0.059387,0.015626
1186.6561386585236,0.062027,0.015647
1186.7070853710175,0.064747,0.015676
1186.7565188407898,0.07048,0.015668
1186.8107209205627,0.073307,0.015599
1186.8593056201935,0.073227,0.015776
1186.9089405536652,0.075947,0.015582
1186.9629483222961,0.078747,0.015783
1187.0123133659363,0.078747,0.015669
1187.063306570053,0.086907,0.015804
1187.111531496048,0.086613,0.015859
1187.1638131141663,0.089467,0.015831
1187.213451385498,0.092293,0.015864
1187.2683753967285,0.094693,0.015854
1187.3175542354584,0.099893,0.016001
1187.368911743164,0.10008,0.015937
1187.4165320396423,0.10283,0.016058
1187.468141078949,0.10507,0.015776
1187.518173456192,0.10725,0.015892
1187.5658707618713,0.10843,0.015746
1187.6215806007385,0.11091,0.015698
1187.6663279533386,0.11101,0.015895
1187.7183754444122,0.11229,0.015885
1187.7677640914917,0.11341,0.015758
1187.821251630783,0.11483,0.015762
1187.8728728294373,0.116,0.015526
1187.9200801849365,0.11696,0.015566
1187.9737811088562,0.11709,0.015531
1188.0238423347473,0.11963,0.015697
1188.0758738517761,0.1208,0.015552
1188.1278088092804,0.12195,0.015646
1188.1777148246765,0.12336,0.015678
1188.2259645462036,0.12424,0.015594
1188.2778804302216,0.12563,0.01553
1188.3324291706085,0.12691,0.015493
1188.3810291290283,0.12816,0.01552
1188.4305486679077,0.12909,0.015574
1188.480882883072,0.13045,0.015578
1188.5322411060333,0.13155,0.015405
1188.5828216075897,0.13253,0.015505
1188.6307547092438,0.13395,0.015573
1188.6834681034088,0.13491,0.01555
1188.733360528946,0.13493,0.015619
1188.7811465263367,0.13619,0.01556
1188.8391222953796,0.13835,0.015611
1188.886087179184,0.13949,0.015509
1188.9370160102844,0.13976,0.015633
1188.9875333309174,0.14165,0.015645
1189.0375699996948,0.14288,0.01577
1189.0906701087952,0.14293,0.015667
1189.1348118782043,0.14432,0.015777
1189.1906836032867,0.14528,0.015712
1189.241577386856,0.14768,0.01563
1189.2899761199951,0.14872,0.015582
1189.338105916977,0.14973,0.015711
1189.3935837745667,0.14997,0.015551
1189.4425053596497,0.15189,0.015638
1189.4912545681,0.15184,0.01559
1189.5407299995422,0.15429,0.015733
1189.5940299034119,0.15541,0.015676
1189.650153875351,0.15643,0.015705
1189.706262588501,0.15752,0.015662
1189.7556326389313,0.15768,0.015663
1189.8066091537476,0.1596,0.015723
1189.8571209907532,0.15968,0.015785
1189.906195640564,0.16075,0.015617
1189.9579482078552,0.16309,0.015631
1190.0112838745117,0.16411,0.015703
1190.060247182846,0.16528,0.015723
1190.110603570938,0.16547,0.015749
1190.1590740680695,0.1664,0.015819
1190.2112109661102,0.16747,0.015817
1190.2633554935455,0.16853,0.015848
1190.3136954307556,0.16949,0.015704
1190.3600251674652,0.17176,0.015608
1190.413554430008,0.17277,0.015781
1190.4634220600128,0.17389,0.015735
1190.5107374191284,0.17477,0.015781
1190.5622954368591,0.17501,0.015739
1190.6137330532074,0.17587,0.015704
1190.6632018089294,0.17712,0.015536
1190.714114665985,0.17805,0.01568
1190.7633109092712,0.17923,0.015742
1190.8192822933197,0.18011,0.015629
1190.8649904727936,0.18123,0.015521
1190.919359922409,0.18333,0.015639
1190.972243309021,0.18448,0.015533
1191.0210030078888,0.18555,0.015739
1191.0706946849823,0.18632,0.015704
1191.1221339702606,0.18667,0.015693
1191.1692879199982,0.18755,0.015595
1191.2223749160767,0.18859,0.015583
1191.274341583252,0.18973,0.015688
1191.3297228813171,0.19173,0.015702
1191.3762278556824,0.19253,0.015588
1191.4309794902802,0.1928,0.015524
1191.479995250702,0.19365,0.015569
1191.532711982727,0.19459,0.015495
1191.5845568180084,0.19672,0.015502
1191.6335225105286,0.19669,0.015521
1191.6855998039246,0.19781,0.015634
1191.734755039215,0.19893,0.015585
1191.7839214801788,0.20096,0.015619
1191.8362612724304,0.20085,0.015648
1191.8877635002136,0.20192,0.015511
1191.9381437301636,0.20307,0.015563
1191.9915750026703,0.20411,0.015575
1192.0424246788025,0.20496,0.015526
1192.0899460315704,0.20595,0.01559
1192.1454520225525,0.20723,0.015541
1192.1924097537994,0.20795,0.015484
1192.246651172638,0.20896,0.015402
1192.3001837730408,0.21117,0.015434
1192.3484292030334,0.21125,0.015371
1192.3995521068573,0.21195,0.01549
1192.448793888092,0.21293,0.015385
1192.499981880188,0.21499,0.015537
1192.5503811836243,0.21501,0.015526
1192.5994913578033,0.21648,0.015429
1192.6523306369781,0.21693,0.015574
1192.7009570598602,0.21797,0.015514
1192.7533011436462,0.21923,0.015584
1192.7995254993439,0.22021,0.015441
1192.853415966034,0.22136,0.015481
1192.9049603939056,0.22232,0.015498
1192.953983783722,0.22312,0.015454
1193.008204460144,0.22419,0.015552
1193.0597610473633,0.22619,0.015513
1193.1109323501587,0.22619,0.015407
1193.161773443222,0.22733,0.015502
1193.2085211277008,0.22824,0.015626
1193.2630677223206,0.22936,0.015637
1193.3141374588013,0.23021,0.015491
1193.3607823848724,0.23112,0.015678
1193.414746761322,0.23224,0.015502
1193.4628248214722,0.23323,0.015672
1193.512001991272,0.23424,0.015372
1193.564223766327,0.23517,0.015679
1193.6144025325775,0.23637,0.015583
1193.6641495227814,0.23709,0.015551
1193.7172904014587,0.23731,0.015671
1193.768761396408,0.23824,0.015559
1193.8176760673523,0.23995,0.015628
1193.8701717853546,0.24088,0.015531
1193.921221256256,0.24203,0.015438
1193.9699883460999,0.24315,0.015496
1194.0188188552856,0.24312,0.015431
1194.0704984664917,0.24499,0.015571
1194.1211066246033,0.24501,0.015477
1194.1680040359497,0.24699,0.015543
1194.2223808765411,0.24704,0.015432
1194.2733397483826,0.24909,0.015492
1194.3221278190613,0.25003,0.015463
1194.3754777908325,0.25085,0.015441
1194.4222388267517,0.25227,0.015443
1194.4792733192444,0.25288,0.015505
1194.526603460312,0.25395,0.015497
1194.5759773254395,0.25408,0.015476
1194.6271886825562,0.25595,0.015547
1194.6807234287262,0.25691,0.015593
1194.729595899582,0.25781,0.015531
1194.7804117202759,0.2588,0.015666
1194.8334867954254,0.25971,0.01551
1194.88197183609,0.26077,0.015484
1194.9352219104767,0.26168,0.015495
1194.9901974201202,0.26277,0.015346
1195.038932800293,0.26379,0.015536
1195.088063955307,0.26488,0.015395
1195.1402487754822,0.26504,0.01533
1195.1880168914795,0.26592,0.015487
1195.242201089859,0.26677,0.015472
1195.291372537613,0.26752,0.015515
1195.346426486969,0.2696,0.015308
1195.3935940265656,0.27067,0.015388
1195.4486865997314,0.27165,0.015484
1195.4983005523682,0.27171,0.015355
1195.5460402965546,0.27277,0.015373
1195.5982410907745,0.2736,0.015338
1195.6516253948212,0.27469,0.015353
1195.7010650634766,0.2764,0.015415
1195.7524046897888,0.27739,0.015349
1195.8023567199707,0.27856,0.015282
1195.8520596027374,0.27856,0.015385
1195.9037818908691,0.28061,0.015606
1195.950517654419,0.28136,0.015677
1196.0038712024689,0.28163,0.0156
1196.057210445404,0.28323,0.01553
1196.1060321331024,0.28336,0.015615
1196.1548199653625,0.28451,0.015437
1196.208190202713,0.28533,0.015481
1196.2572832107544,0.28741,0.015475
1196.3071846961975,0.28835,0.015511
1196.3579423427582,0.28931,0.01551
1196.4073193073273,0.28936,0.015679
1196.4628038406372,0.29115,0.015622
1196.5116901397705,0.29139,0.015517
1196.5620274543762,0.29221,0.015539
1196.611171722412,0.29317,0.015561
1196.6669569015503,0.29501,0.015706
1196.716105222702,0.29605,0.01555
1196.7648618221283,0.29704,0.015573
1196.815877199173,0.29789,0.01559
1196.8673272132874,0.29824,0.015557
1196.9170546531677,0.29907,0.015459
1196.9679551124573,0.30008,0.015537
1197.0177097320557,0.30115,0.015589
1197.070242881775,0.302,0.015504
1197.1195163726807,0.30408,0.01541
1197.1713752746582,0.30475,0.015364
1197.2192115783691,0.30499,0.015402
1197.2719094753265,0.30608,0.015402
1197.3202152252197,0.30701,0.015473
1197.373375415802,0.308,0.01555
1197.4211270809174,0.30904,0.015586
1197.472981452942,0.31104,0.015638
1197.5231761932373,0.31099,0.015464
1197.5729084014893,0.31307,0.015631
1197.6230783462524,0.31304,0.015572
1197.6731419563293,0.012347,0.015654
1197.725772857666,0.01232,0.015957
1197.779281616211,0.014853,0.015731
1197.8265767097473,0.01776,0.015738
1197.877031326294,0.020907,0.015719
1197.9290175437927,0.023707,0.015717
1197.9803490638733,0.026587,0.015695
1198.0273265838623,0.02968,0.015652
1198.0802993774414,0.03272,0.015651
1198.1286325454712,0.03584,0.015616
1198.1798810958862,0.038907,0.015642
1198.230849981308,0.04176,0.015633
1198.2830710411072,0.044667,0.015725
1198.3315289020538,0.047707,0.015659
1198.3848464488983,0.050453,0.015621
1198.433839082718,0.053173,0.015547
1198.4867777824402,0.056053,0.01568
1198.5342059135437,0.058907,0.015706
1198.5900764465332,0.061653,0.015626
1198.6378693580627,0.06464,0.015673
1198.6883535385132,0.06736,0.015573
1198.7461144924164,0.07008,0.015658
1198.7950100898743,0.072693,0.015631
1198.844702243805,0.075653,0.015792
1198.893904209137,0.078267,0.0158
1198.9459171295166,0.08112,0.015892
1198.9948024749756,0.083573,0.015803
1199.0479259490967,0.086373,0.015944
1199.098206281662,0.089227,0.015837
1199.1494216918945,0.089093,0.016026
1199.2000699043274,0.094347,0.015985
1199.2525901794434,0.097413,0.016042
1199.3073344230652,0.09968,0.016045
1199.3549885749817,0.1024,0.016065
1199.407387971878,0.10501,0.016097
1199.4595448970795,0.10712,0.016071
1199.5095646381378,0.10843,0.015992
1199.558058977127,0.10965,0.015965
1199.6073815822601,0.11088,0.015992
1199.6563186645508,0.11195,0.015921
1199.7104868888855,0.11328,0.015941
1199.7574660778046,0.11456,0.015732
1199.8113315105438,0.1156,0.015698
1199.8601319789886,0.11685,0.015723
1199.912150144577,0.11821,0.015612
1199.9645810127258,0.11952,0.015581
1200.015706062317,0.11976,0.015474
1200.066670179367,0.12067,0.015454
1200.1184158325195,0.12307,0.015427
1200.170975446701,0.12424,0.015555
1200.219710111618,0.12445,0.01547
1200.2677011489868,0.12664,0.015473
1200.31995844841,0.12667,0.015499
1200.372673034668,0.1292,0.015495
1200.4220666885376,0.12941,0.015424
1200.469356060028,0.13144,0.015472
1200.522948026657,0.1328,0.015481
1200.5712037086487,0.13387,0.015488
1200.6189563274384,0.13491,0.015499
1200.6748566627502,0.13496,0.015548
1200.7221415042877,0.13736,0.015554
1200.7754838466644,0.13747,0.01542
1200.823551416397,0.13843,0.01563
1200.8723678588867,0.14077,0.015512
1200.9268860816956,0.14061,0.015555
1200.9758341312408,0.14293,0.015577
1201.027089357376,0.14301,0.015562
1201.0777022838593,0.14387,0.015643
1201.127067565918,0.14517,0.01571
1201.1786143779755,0.14645,0.015649
1201.225646495819,0.14755,0.015649
1201.2748053073883,0.14992,0.01561
1201.3309199810028,0.15088,0.015678
1201.380973815918,0.15101,0.015533
1201.4261519908905,0.15315,0.015692
1201.4789381027222,0.15317,0.015735
1201.5279812812805,0.15416,0.01556
1201.5829043388367,0.15549,0.015487
1201.6350865364075,0.15651,0.015594
1201.6826548576355,0.15872,0.01569
1201.7329857349396,0.15976,0.015751
1201.787202835083,0.15971,0.01566
1201.8350718021393,0.16091,0.015696
1201.8883984088898,0.16187,0.015768
1201.935215473175,0.16296,0.015651
1201.9882504940033,0.16413,0.015833
1202.0392384529114,0.16629,0.015657
1202.088992357254,0.1664,0.015888
1202.143108844757,0.16733,0.015966
1202.1958088874817,0.16835,0.015857
1202.2414302825928,0.1696,0.015914
1202.2965755462646,0.17051,0.015957
1202.3447678089142,0.17171,0.015895
1202.396006345749,0.17248,0.016074
1202.4473538398743,0.17483,0.015889
1202.4999370574951,0.17565,0.015874
1202.5494015216827,0.17677,0.015913
1202.6011230945587,0.17677,0.015793
1202.6489925384521,0.17787,0.015633
1202.7007329463959,0.17896,0.015793
1202.7486126422882,0.18011,0.015719
1202.8001198768616,0.18101,0.015579
1202.8510284423828,0.1824,0.015649
1202.9001114368439,0.18325,0.015596
1202.9534740447998,0.18445,0.01555
1203.0025248527527,0.18541,0.01554
1203.0515398979187,0.18645,0.015566
1203.1085052490234,0.18768,0.015637
1203.1569440364838,0.18835,0.015567
1203.2085926532745,0.18947,0.015593
1203.2571461200714,0.19053,0.015553
1203.3079447746277,0.19173,0.015509
1203.3598809242249,0.19275,0.015638
1203.4117681980133,0.19376,0.015542
1203.4587035179138,0.19475,0.015545
1203.5120615959167,0.19571,0.015495
1203.562008857727,0.19677,0.015555
1203.612209558487,0.19771,0.015541
1203.6616487503052,0.19877,0.015576
1203.7095940113068,0.19984,0.015605
1203.7589781284332,0.20091,0.015513
1203.8085565567017,0.20203,0.015629
1203.862405538559,0.20307,0.015547
1203.9135887622833,0.20395,0.015546
1203.9605691432953,0.20491,0.015548
1204.016649723053,0.20504,0.015503
1204.0632650852203,0.20603,0.015547
1204.114863872528,0.20693,0.01556
1204.1739103794098,0.20915,0.015507
1204.2227957248688,0.21019,0.01565
1204.2730650901794,0.21125,0.015562
1204.3243696689606,0.21208,0.015666
1204.3739023208618,0.21328,0.015698
1204.4243969917297,0.21344,0.015574
1204.476124048233,0.21437,0.015586
1204.5240919589996,0.21603,0.015575
1204.579701423645,0.21723,0.015632
1204.6284120082855,0.21821,0.015586
1204.6796832084656,0.21909,0.015494
1204.728425502777,0.22021,0.01562
1204.7841668128967,0.22013,0.015616
1204.8331747055054,0.22112,0.015637
1204.8846909999847,0.22291,0.015591
1204.9328663349152,0.22408,0.015701
1204.9862611293793,0.22504,0.015743
1205.0346703529358,0.22616,0.015727
1205.0849919319153,0.2272,0.015575
1205.136393547058,0.2284,0.01577
1205.185296535492,0.22829,0.015787
1205.236056804657,0.2304,0.015637
1205.2865550518036,0.2312,0.015769
1205.3397426605225,0.23221,0.015843
1205.3892767429352,0.23323,0.015773
1205.4386627674103,0.23403,0.015727
1205.4899983406067,0.23427,0.015857
1205.5406501293182,0.23531,0.015707
1205.5908877849579,0.23627,0.015662
1205.6462624073029,0.23725,0.015705
1205.6966507434845,0.23805,0.015538
1205.7430212497711,0.24013,0.015548
1205.7966978549957,0.24107,0.015481
1205.8417875766754,0.24213,0.015564
1205.8974702358246,0.24213,0.015479
1205.9432399272919,0.24408,0.015341
1205.9981198310852,0.24491,0.015528
1206.0479745864868,0.24523,0.015494
1206.096741437912,0.24605,0.015552
1206.1474595069885,0.2472,0.015547
1206.198457956314,0.24915,0.015535
1206.2495589256287,0.24909,0.015424
1206.2993369102478,0.25027,0.015516
1206.3520119190216,0.25101,0.015365
1206.3986043930054,0.25221,0.015262
1206.452572107315,0.25317,0.015283
1206.5003020763397,0.25405,0.015667
1206.55419754982,0.256,0.015384
1206.603077173233,0.25696,0.015316
1206.652235031128,0.25723,0.015483
1206.7046163082123,0.25805,0.015389
1206.7516677379608,0.25888,0.015609
1206.805372953415,0.25995,0.015491
1206.852882862091,0.26099,0.015538
1206.9086182117462,0.26176,0.015417
1206.959261894226,0.26304,0.015488
1207.0058705806732,0.26405,0.015367
1207.0578145980835,0.26501,0.015139
1207.1091232299805,0.26592,0.015283
1207.1592056751251,0.26691,0.015279
1207.2131502628326,0.26805,0.01527
1207.259480714798,0.26893,0.015117
1207.3124997615814,0.27077,0.015126
1207.361778974533,0.27104,0.015093
1207.410496711731,0.27157,0.015377
1207.4709372520447,0.27267,0.015323
1207.5195355415344,0.27365,0.015462
1207.570951461792,0.27475,0.015411
1207.6206305027008,0.27565,0.015398
1207.672654390335,0.27669,0.015341
1207.7216231822968,0.27771,0.01554
1207.7733688354492,0.27843,0.015484
1207.8230051994324,0.27957,0.015446
1207.8720200061798,0.28067,0.015522
1207.9245076179504,0.2816,0.015524
1207.9793214797974,0.28259,0.015665
1208.0299849510193,0.28363,0.015651
1208.0758419036865,0.28464,0.015727
1208.1296293735504,0.28565,0.015477
1208.176174879074,0.28651,0.015656
1208.230307340622,0.28752,0.015537
1208.283796787262,0.28853,0.015678
1208.3360567092896,0.28947,0.015747
1208.384603023529,0.29048,0.015614
1208.4377024173737,0.29251,0.015621
1208.4848988056183,0.29235,0.01544
1208.5373442173004,0.29333,0.015635
1208.5878040790558,0.29429,0.015639
1208.6358089447021,0.29448,0.015494
1208.6869509220123,0.29533,0.015574
1208.7371945381165,0.29739,0.015666
1208.7855324745178,0.29741,0.015559
1208.8396422863007,0.2992,0.01537
1208.8900847434998,0.30027,0.015528
1208.9417939186096,0.3012,0.015544
1208.9880905151367,0.30229,0.015491
1209.039636850357,0.30325,0.015449
1209.0892837047577,0.30411,0.015317
1209.1424684524536,0.30509,0.015443
1209.1919872760773,0.30507,0.015549
1209.2455034255981,0.3072,0.015361
1209.3006966114044,0.30813,0.015471
1209.3475291728973,0.30904,0.015471
1209.3966126441956,0.31,0.015615
1209.4495911598206,0.31104,0.015426
1209.499837398529,0.31109,0.015544
1209.5488319396973,0.31307,0.015467
1209.5996751785278,0.31323,0.01569
1209.6578793525696,0.011813,0.01556
1209.7053184509277,0.014613,0.015745
1209.7574195861816,0.01616,0.015603
1209.80730342865,0.020587,0.015535
1209.853334903717,0.020667,0.01565
1209.90403008461,0.026693,0.015561
1209.9633288383484,0.02664,0.015586
1210.0123150348663,0.02992,0.015489
1210.0619232654572,0.035787,0.015466
1210.1187477111816,0.0388,0.015626
1210.1686058044434,0.04168,0.015686
1210.2204704284668,0.0444,0.015601
1210.270180463791,0.047573,0.015626
1210.3174555301666,0.05024,0.015599
1210.3706798553467,0.050347,0.015575
1210.421490430832,0.0532,0.015689
1210.4742913246155,0.056187,0.015657
1210.523417711258,0.061813,0.015723
1210.5729596614838,0.06456,0.015677
1210.6268723011017,0.067067,0.015617
1210.6793122291565,0.070107,0.0158
1210.7275171279907,0.07296,0.01587
1210.7791044712067,0.07568,0.015904
1210.8261504173279,0.075733,0.015721
1210.8788397312164,0.078453,0.015878
1210.9276285171509,0.08376,0.015915
1210.9835443496704,0.08632,0.016071
1211.0325767993927,0.08912,0.016113
1211.0841579437256,0.091813,0.015987
1211.1319634914398,0.094453,0.016165
1211.1832349300385,0.094693,0.016211
1211.2355964183807,0.099733,0.01628
1211.2836117744446,0.10221,0.016236
1211.3346538543701,0.10224,0.016289
1211.386907339096,0.10496,0.016201
1211.4379589557648,0.10843,0.016005
1211.4865367412567,0.10845,0.016319
1211.5368700027466,0.10979,0.015919
1211.5868964195251,0.11083,0.015807
1211.6382553577423,0.11211,0.015904
1211.6863403320312,0.11469,0.01579
1211.7391233444214,0.1148,0.015587
1211.7888193130493,0.11584,0.01554
1211.8365287780762,0.11709,0.015459
1211.892091035843,0.11845,0.015322
1211.940092086792,0.11955,0.015257
1211.989221572876,0.12189,0.015035
1212.0445692539215,0.12325,0.01524
1212.098649263382,0.12315,0.015191
1212.1479239463806,0.12432,0.015201
1212.197774887085,0.12557,0.015317
1212.2475521564484,0.12661,0.015216
1212.3001546859741,0.12784,0.015473
1212.3472440242767,0.12896,0.015093
1212.3979833126068,0.12992,0.015415
1212.4484248161316,0.13235,0.015279
1212.4981212615967,0.13379,0.015424
1212.5495846271515,0.13357,0.015504
1212.6004362106323,0.13485,0.015513
1212.6529412269592,0.13608,0.015638
1212.7020153999329,0.13739,0.015659
1212.7543494701385,0.13859,0.015613
1212.8023533821106,0.13955,0.01552
1212.8521358966827,0.14067,0.015644
1212.9041531085968,0.14184,0.015651
1212.9553291797638,0.14413,0.015584
1213.0080482959747,0.14419,0.015758
1213.0540504455566,0.14549,0.015711
1213.1068296432495,0.14659,0.015633
1213.159346818924,0.14773,0.015585
1213.2066826820374,0.1488,0.015697
1213.2593212127686,0.14987,0.015676
1213.3101608753204,0.15099,0.015756
1213.357343196869,0.15205,0.01565
1213.4142451286316,0.15299,0.01573
1213.4633438587189,0.15419,0.015843
1213.513367652893,0.15525,0.015844
1213.5640096664429,0.15648,0.015742
1213.6166343688965,0.15651,0.015646
1213.6627225875854,0.15875,0.015727
1213.717372894287,0.15995,0.015652
1213.7660450935364,0.16096,0.015731
1213.816891670227,0.162,0.015691
1213.8638880252838,0.16277,0.015817
1213.9187505245209,0.16435,0.01585
1213.969638824463,0.16416,0.016061
1214.0229930877686,0.16627,0.015997
1214.0704131126404,0.16763,0.016145
1214.123701095581,0.16824,0.016022
1214.1741852760315,0.16952,0.016071
1214.2218492031097,0.17048,0.016019
1214.2765016555786,0.17181,0.016213
1214.3253741264343,0.17149,0.016098
1214.3786008358002,0.17373,0.016238
1214.4288148880005,0.17477,0.016065
1214.4762694835663,0.17584,0.016024
1214.5277967453003,0.17688,0.015893
1214.5793735980988,0.17792,0.015833
1214.6262984275818,0.17904,0.015743
1214.6788938045502,0.17907,0.015758
1214.7307324409485,0.18144,0.015782
1214.7777121067047,0.18227,0.015505
1214.8313767910004,0.18317,0.015243
1214.8849568367004,0.18456,0.015523
1214.9387850761414,0.18536,0.015371
1214.9911711215973,0.18648,0.015397
1215.0397663116455,0.1876,0.015397
1215.0903549194336,0.18859,0.015288
1215.1415510177612,0.18861,0.015623
1215.1880276203156,0.19059,0.015337
1215.2404980659485,0.19168,0.015396
1215.2916955947876,0.19251,0.01552
1215.3393383026123,0.19275,0.015483
1215.3940107822418,0.19464,0.015553
1215.4436979293823,0.1948,0.015619
1215.497879743576,0.19565,0.015612
1215.5467109680176,0.19677,0.015551
1215.599868297577,0.19893,0.015569
1215.651171207428,0.20008,0.015531
1215.6987991333008,0.2008,0.015554
1215.751139640808,0.20173,0.015527
1215.800614118576,0.20285,0.015633
1215.8500714302063,0.20387,0.015602
1215.9010083675385,0.20499,0.0155
1215.9506177902222,0.20579,0.015447
1216.0020203590393,0.20685,0.015609
1216.0502684116364,0.20683,0.015594
1216.1030328273773,0.20795,0.015526
1216.1543431282043,0.20893,0.015674
1216.2102422714233,0.20976,0.015568
1216.2572519779205,0.21205,0.015817
1216.308641910553,0.21307,0.015669
1216.3610949516296,0.21384,0.015555
1216.4072551727295,0.2152,0.015465
1216.4604630470276,0.21531,0.015581
1216.5104422569275,0.21699,0.015548
1216.5592777729034,0.21707,0.015458
1216.6092541217804,0.218,0.015653
1216.6600017547607,0.2192,0.0158
1216.714165687561,0.21989,0.01563
1216.7617492675781,0.22195,0.015777
1216.8171117305756,0.22299,0.015819
1216.8647837638855,0.22376,0.015826
1216.9146587848663,0.22509,0.015842
1216.9640798568726,0.22496,0.015806
1217.0199484825134,0.22592,0.015922
1217.0694012641907,0.22805,0.015892
1217.1187317371368,0.22899,0.01593
1217.1697404384613,0.22904,0.015897
1217.2210230827332,0.22987,0.015915
1217.268397808075,0.23085,0.016043
1217.3213753700256,0.23168,0.015976
1217.37198472023,0.23299,0.015796
1217.420658826828,0.23485,0.015854
1217.472086906433,0.23613,0.015766
1217.521107673645,0.23595,0.015613
1217.5743155479431,0.2368,0.015604
1217.625685930252,0.23797,0.015597
1217.6744709014893,0.23805,0.015669
1217.7231121063232,0.23973,0.015413
1217.7761905193329,0.24083,0.015509
1217.8284063339233,0.242,0.015478
1217.8762905597687,0.24301,0.015409
1217.927199602127,0.24397,0.015527
1217.977082490921,0.24491,0.015406
1218.028133392334,0.24667,0.015402
1218.0778720378876,0.24685,0.015478
1218.1302630901337,0.24795,0.015458
1218.177767753601,0.24872,0.015533
1218.2288136482239,0.24883,0.01552
1218.2775201797485,0.25101,0.015538
1218.329353094101,0.25203,0.015512
1218.3828568458557,0.25301,0.0155
1218.4303615093231,0.25408,0.015581
1218.4813466072083,0.25483,0.015466
1218.531943321228,0.25587,0.015479
1218.5848820209503,0.25683,0.01547
1218.6338262557983,0.2576,0.015563
1218.685188293457,0.25875,0.015454
1218.7345283031464,0.25979,0.015341
1218.7818892002106,0.26059,0.015568
1218.83495926857,0.26168,0.015465
1218.8842511177063,0.26253,0.015664
1218.9377975463867,0.26272,0.015464
1218.9914302825928,0.26469,0.015428
1219.0397698879242,0.26576,0.015345
1219.091070175171,0.26653,0.015213
1219.1436650753021,0.26768,0.015247
1219.1909189224243,0.26867,0.01532
1219.2430012226105,0.26968,0.015139
1219.2925770282745,0.27059,0.015054
1219.3407039642334,0.2708,0.015228
1219.3971259593964,0.27163,0.015225
1219.4451501369476,0.27253,0.01531
1219.4942512512207,0.27461,0.01553
1219.5469269752502,0.27552,0.015379
1219.5977206230164,0.27645,0.015424
1219.6465401649475,0.27752,0.015583
1219.6976103782654,0.27749,0.015532
1219.7510886192322,0.27944,0.015623
1219.7988114356995,0.27944,0.015679
1219.8489809036255,0.28056,0.015663
1219.898731470108,0.28245,0.015701
1219.9479625225067,0.28317,0.015767
1220.0013329982758,0.28432,0.015863
1220.053637266159,0.28432,0.015776
1220.0996887683868,0.28637,0.01577
1220.1532287597656,0.28731,0.015749
1220.206050157547,0.28819,0.01578
1220.2561855316162,0.2892,0.015873
1220.3088121414185,0.28925,0.015698
1220.3590276241302,0.29109,0.015651
1220.4083478450775,0.2912,0.015575
1220.4623956680298,0.29216,0.015582
1220.5108284950256,0.29331,0.01564
1220.5628261566162,0.29509,0.015577
1220.6120734214783,0.29629,0.015561
1220.6599898338318,0.29715,0.015533
1220.7156500816345,0.29712,0.015469
1220.7644820213318,0.29907,0.015474
1220.8125357627869,0.29995,0.015426
1220.8624868392944,0.30011,0.015446
1220.9164559841156,0.30101,0.015464
1220.9669544696808,0.30211,0.015425
1221.015778541565,0.30296,0.015486
1221.064864873886,0.30488,0.015568
1221.1172015666962,0.30605,0.015474
1221.1701154708862,0.30691,0.015553
1221.2220730781555,0.30715,0.015586
1221.270047903061,0.30893,0.01555
1221.319705247879,0.30891,0.015439
1221.3703241348267,0.30981,0.015579
1221.4221367835999,0.30992,0.015219
1221.474748134613,0.31195,0.015594
1221.5262367725372,0.011573,0.015295
1221.5752804279327,0.012053,0.015685
1221.6272912025452,0.011627,0.015147
1221.6760048866272,0.014293,0.015738
1221.7251007556915,0.017253,0.015647
1221.7714867591858,0.02024,0.015626
1221.828067779541,0.02328,0.01559
1221.8744549751282,0.026453,0.015562
1221.9301795959473,0.029333,0.015588
1221.9790835380554,0.03272,0.015673
1222.0294423103333,0.035733,0.015634
1222.0794413089752,0.038587,0.015693
1222.1310086250305,0.041493,0.015719
1222.1812562942505,0.044507,0.015561
1222.2315394878387,0.04744,0.015671
1222.280157327652,0.050347,0.015741
1222.3329348564148,0.05296,0.015683
1222.3801383972168,0.055947,0.015663
1222.4340240955353,0.058667,0.015693
1222.4829683303833,0.059147,0.015721
1222.5347361564636,0.064293,0.015719
1222.582277059555,0.067307,0.015829
1222.635987520218,0.069973,0.015706
1222.682543039322,0.07264,0.015789
1222.7346603870392,0.07544,0.015545
1222.787742137909,0.07824,0.015869
1222.8347373008728,0.07832,0.016177
1222.8891503810883,0.08352,0.016151
1222.936374425888,0.086213,0.016144
1222.9899830818176,0.08912,0.016199
1223.0380909442902,0.091493,0.016274
1223.0882861614227,0.094107,0.016256
1223.1392698287964,0.096907,0.016234
1223.1928508281708,0.099547,0.016255
1223.23961520195,0.10227,0.016291
1223.2911241054535,0.10224,0.016352
1223.3396513462067,0.10475,0.016203
1223.3910562992096,0.10811,0.016277
1223.4412252902985,0.10963,0.016268
1223.491554737091,0.11059,0.016023
1223.5415205955505,0.11088,0.015793
1223.591076850891,0.11211,0.015867
1223.6427204608917,0.1132,0.015539
1223.6940250396729,0.11579,0.015549
1223.7450597286224,0.11712,0.015369
1223.7941904067993,0.11811,0.015165
1223.8459429740906,0.11824,0.015123
1223.8969988822937,0.11925,0.014922
1223.9434821605682,0.12067,0.015005
1223.996980190277,0.12189,0.015038
1224.0460860729218,0.12309,0.014986
1224.0927193164825,0.1256,0.014917
1224.14555311203,0.12565,0.014927
1224.1986901760101,0.12667,0.015059
1224.246192932129,0.1276,0.015095
1224.296823978424,0.12888,0.015214
1224.3473291397095,0.13024,0.015277
1224.3966336250305,0.13139,0.015285
1224.4485352039337,0.13256,0.015406
1224.5000512599945,0.13395,0.015457
1224.5486178398132,0.13608,0.015513
1224.6011695861816,0.1372,0.015551
1224.6514525413513,0.13816,0.015605
1224.7032322883606,0.13829,0.015494
1224.754418373108,0.13949,0.015561
1224.8070139884949,0.14069,0.015646
1224.853304386139,0.14157,0.015689
1224.9100592136383,0.14419,0.015544
1224.9623956680298,0.14408,0.015587
1225.0100841522217,0.14515,0.015572
1225.0634739398956,0.14616,0.01566
1225.1100227832794,0.14741,0.015601
1225.1614682674408,0.14851,0.015536
1225.2122023105621,0.14957,0.015593
1225.2646796703339,0.15067,0.015579
1225.3107361793518,0.15165,0.015587
1225.3630757331848,0.15413,0.015546
1225.411108493805,0.15403,0.01558
1225.4634907245636,0.15515,0.015671
1225.5189394950867,0.1564,0.015553
1225.5682373046875,0.15765,0.015671
1225.617228269577,0.15883,0.015634
1225.6661260128021,0.15941,0.015753
1225.7208840847015,0.16072,0.015871
1225.7684121131897,0.16189,0.015673
1225.8238198757172,0.1628,0.015786
1225.874000787735,0.16397,0.015972
1225.9212992191315,0.16504,0.01623
1225.973694562912,0.16571,0.016291
1226.0227890014648,0.16696,0.016273
1226.0725514888763,0.16805,0.016239
1226.1216967105865,0.16813,0.016327
1226.1750428676605,0.16997,0.016311
1226.229439496994,0.17125,0.01633
1226.2793934345245,0.1724,0.016299
1226.3289997577667,0.17331,0.016237
1226.3788316249847,0.17429,0.01614
1226.4345417022705,0.17539,0.016051
1226.4819428920746,0.17656,0.015889
1226.5329134464264,0.17739,0.015859
1226.583871126175,0.17877,0.015762
1226.633457660675,0.17963,0.015614
1226.6850826740265,0.17979,0.015408
1226.740095615387,0.18187,0.015311
1226.7893998622894,0.18291,0.015291
1226.8389303684235,0.18381,0.015229
1226.8858737945557,0.18488,0.015234
1226.9397757053375,0.18605,0.015131
1226.9869046211243,0.18709,0.015137
1227.0413274765015,0.18805,0.015178
1227.0921294689178,0.18909,0.015253
1227.1392133235931,0.19021,0.015126
1227.1905045509338,0.1912,0.015228
1227.2443888187408,0.19123,0.015171
1227.294834136963,0.19237,0.015249
1227.343393087387,0.19443,0.015368
1227.3978083133698,0.19533,0.015339
1227.4487743377686,0.19661,0.015477
1227.5066180229187,0.19741,0.015557
1227.5614354610443,0.19848,0.015634
1227.6100399494171,0.19968,0.015484
1227.6621372699738,0.20053,0.015447
1227.7093167304993,0.20168,0.015447
1227.7577049732208,0.20264,0.015641
1227.810963153839,0.20349,0.015576
1227.861676454544,0.20368,0.015515
1227.910438299179,0.20571,0.015615
1227.9630222320557,0.2056,0.015667
1228.0119383335114,0.20747,0.015597
1228.0625531673431,0.20885,0.015582
1228.1128661632538,0.20973,0.015546
1228.1645441055298,0.21075,0.015615
1228.213082075119,0.2108,0.015637
1228.266622543335,0.2128,0.01554
1228.3142583370209,0.21376,0.015487
1228.3700280189514,0.21379,0.015574
1228.4175336360931,0.21576,0.015511
1228.4710400104523,0.21579,0.015514
1228.519504070282,0.21675,0.015583
1228.569256067276,0.21875,0.015459
1228.6271524429321,0.21981,0.015631
1228.6775736808777,0.22085,0.015643
1228.725035905838,0.22184,0.015714
1228.7758889198303,0.22288,0.015848
1228.8326570987701,0.22371,0.015902
1228.8819127082825,0.2248,0.0159
1228.9360089302063,0.22459,0.015865
1228.9839038848877,0.22669,0.015949
1229.0328855514526,0.22773,0.016187
1229.0840363502502,0.22867,0.015844
1229.1378877162933,0.22896,0.016136
1229.1870136260986,0.22987,0.016011
1229.2381072044373,0.23061,0.016117
1229.2880659103394,0.23267,0.016169
1229.3378269672394,0.23373,0.015966
1229.387125492096,0.23491,0.016002
1229.4372520446777,0.23485,0.015741
1229.4897525310516,0.2368,0.015827
1229.535783290863,0.23776,0.015731
1229.5889525413513,0.23779,0.015743
1229.6401662826538,0.23883,0.015671
