Tiempo (s),Monitoreo_X_CH1 (V),Scattering_CH2 (V)
0.04864096641540527,0.053853,0.014285
0.09770393371582031,0.05396,0.014358
0.14624309539794922,0.05372,0.014238
0.19517970085144043,0.053987,0.014459
0.24041008949279785,0.05388,0.014315
0.28792595863342285,0.05384,0.014294
0.33554911613464355,0.053907,0.014431
0.3830299377441406,0.054027,0.014249
0.43330907821655273,0.054293,0.014226
0.4821665287017822,0.053987,0.014316
0.531322717666626,0.053973,0.014402
0.5810544490814209,0.05372,0.014266
0.6277949810028076,0.05388,0.014206
0.6732332706451416,0.05404,0.014307
0.7215783596038818,0.053853,0.014322
0.7717263698577881,0.05384,0.014356
0.8202250003814697,0.053893,0.014324
0.8654124736785889,0.05392,0.014242
0.9126603603363037,0.053933,0.014429
0.9560756683349609,0.054107,0.014275
1.0037360191345215,0.05388,0.01435
1.05014967918396,0.053973,0.01436
1.0973749160766602,0.054053,0.014265
1.146130084991455,0.053893,0.01429
1.194389820098877,0.05396,0.014283
1.2462067604064941,0.054107,0.014327
1.2933626174926758,0.054053,0.014288
1.3410725593566895,0.05396,0.014339
1.3880224227905273,0.05404,0.014297
1.435776710510254,0.054107,0.014382
1.4816553592681885,0.053933,0.014368
1.528412103652954,0.053973,0.014442
1.5748357772827148,0.05408,0.014263
1.6230318546295166,0.053973,0.014292
1.6712191104888916,0.05408,0.01408
1.7180590629577637,0.054093,0.014245
1.766556739807129,0.0538,0.014364
1.8165152072906494,0.05396,0.0143
1.8689367771148682,0.053933,0.014376
1.9179418087005615,0.053827,0.014315
1.9657022953033447,0.05388,0.014385
2.0135674476623535,0.053813,0.014278
2.0629076957702637,0.053787,0.01437
2.109086275100708,0.054,0.014188
2.1576294898986816,0.053853,0.014383
2.2035598754882812,0.05392,0.01438
2.2523200511932373,0.053747,0.014318
2.3004848957061768,0.053813,0.014272
2.3493521213531494,0.053973,0.014349
2.3961915969848633,0.054,0.014312
2.4469523429870605,0.05412,0.014326
2.4970476627349854,0.053907,0.01424
2.5425400733947754,0.053867,0.014325
2.589644193649292,0.053707,0.014311
2.637671709060669,0.05392,0.014269
2.685957431793213,0.054027,0.01428
2.734520196914673,0.05396,0.014334
2.7863874435424805,0.054147,0.014255
2.83720064163208,0.054027,0.014327
2.886596441268921,0.054053,0.014251
2.9303083419799805,0.053813,0.01438
2.9799611568450928,0.053947,0.014251
3.0266077518463135,0.05384,0.014329
3.0745818614959717,0.05384,0.014375
3.123065710067749,0.054067,0.014285
3.1723976135253906,0.05392,0.014361
3.225299835205078,0.054013,0.014238
3.270819902420044,0.05404,0.014234
3.3186492919921875,0.054053,0.014288
3.3639883995056152,0.05404,0.014363
3.4165797233581543,0.053933,0.014373
3.4634222984313965,0.05384,0.014391
3.512835741043091,0.053987,0.014405
3.561337471008301,0.05412,0.014286
3.608038902282715,0.053987,0.014343
3.655911445617676,0.053907,0.014275
3.701963424682617,0.05408,0.014271
3.7482757568359375,0.053933,0.014312
3.7965567111968994,0.053733,0.014364
3.8457868099212646,0.053827,0.014294
3.89581561088562,0.05388,0.014359
3.9488327503204346,0.053867,0.014387
3.9998064041137695,0.054147,0.014382
4.052145957946777,0.053973,0.014287
4.1025261878967285,0.053867,0.01432
4.151930809020996,0.053773,0.01423
4.202428102493286,0.054013,0.014276
4.252001523971558,0.053827,0.01434
4.298507213592529,0.05396,0.01441
4.343706369400024,0.053853,0.014364
4.392159700393677,0.06264,0.014345
4.4402101039886475,0.07108,0.014499
4.48882269859314,0.08488,0.01465
4.535307884216309,0.093973,0.014785
4.585066556930542,0.0966,0.01473
4.6317057609558105,0.10307,0.014694
4.677825450897217,0.10816,0.014108
4.724512815475464,0.113,0.013971
4.7701756954193115,0.11557,0.013939
4.819258213043213,0.12155,0.013925
4.867313385009766,0.12849,0.013679
4.913156032562256,0.13567,0.01379
4.960958003997803,0.14144,0.014075
5.009502410888672,0.14467,0.014154
5.056236028671265,0.15036,0.014352
5.103691101074219,0.15472,0.014383
5.153294563293457,0.15917,0.014678
5.204207181930542,0.16445,0.014906
5.250268459320068,0.16889,0.014989
5.300672292709351,0.17312,0.01453
5.351162433624268,0.17756,0.01401
5.399505853652954,0.18173,0.013896
5.449328184127808,0.18899,0.014059
5.4958412647247314,0.19195,0.01393
5.543971538543701,0.19612,0.013785
5.593129634857178,0.20124,0.01412
5.641181945800781,0.20539,0.014281
5.688400506973267,0.20939,0.014258
5.737974405288696,0.21255,0.014385
5.789400577545166,0.21769,0.014916
5.83913516998291,0.21963,0.015028
5.8879053592681885,0.22444,0.015073
5.9355738162994385,0.22955,0.014521
5.981487512588501,0.23769,0.013945
6.029479265213013,0.24083,0.013794
6.0781097412109375,0.24367,0.013735
6.123905181884766,0.24881,0.013952
6.17633056640625,0.24973,0.01392
6.221811532974243,0.25563,0.0141
6.268272638320923,0.25861,0.014154
6.31436824798584,0.2636,0.014358
6.360596418380737,0.26756,0.01455
6.40877366065979,0.27151,0.014826
6.457544326782227,0.27436,0.0159
6.509178400039673,0.27933,0.015756
6.557010650634766,0.28228,0.016612
6.606064558029175,0.28735,0.015548
6.658369064331055,0.29511,0.015031
6.709351301193237,0.29903,0.014316
6.757789134979248,0.30309,0.014365
6.805523872375488,0.30908,0.014265
6.852483034133911,0.31935,0.013652
6.904134511947632,0.059373,0.013966
6.954103708267212,0.069027,0.013964
7.000656604766846,0.07692,0.013912
7.052338123321533,0.09,0.013999
7.100005865097046,0.096427,0.013877
7.150254726409912,0.10276,0.013864
7.1967597007751465,0.11291,0.013654
7.243160724639893,0.11647,0.013694
7.289480924606323,0.12136,0.013933
7.340914011001587,0.12611,0.014055
7.392105340957642,0.13079,0.014198
7.440545320510864,0.13429,0.014363
7.490415573120117,0.14125,0.014514
7.539182424545288,0.14461,0.014777
7.587374687194824,0.14916,0.014911
7.639176845550537,0.15471,0.01467
7.6867640018463135,0.15781,0.014319
7.730625867843628,0.16765,0.014139
7.7778966426849365,0.1688,0.013953
7.8264319896698,0.17529,0.013875
7.874978542327881,0.17836,0.01397
7.925024032592773,0.18348,0.013875
7.971904754638672,0.18768,0.013805
8.018179178237915,0.19076,0.014239
8.063802719116211,0.19492,0.014303
8.11150336265564,0.19915,0.014298
8.160579919815063,0.20211,0.014351
8.208515644073486,0.21035,0.014488
8.258904457092285,0.21433,0.014497
8.308239698410034,0.21843,0.015013
8.354175567626953,0.22243,0.014957
8.403910398483276,0.22657,0.014879
8.451181650161743,0.2304,0.013798
8.501587629318237,0.23371,0.013758
8.54984450340271,0.23963,0.013616
8.599222898483276,0.24152,0.013984
8.647154331207275,0.24756,0.013905
8.696478128433228,0.25065,0.014068
8.74664568901062,0.25436,0.014433
8.80079698562622,0.25735,0.014498
8.847244501113892,0.26344,0.014547
8.902307033538818,0.27137,0.014906
8.950199127197266,0.27327,0.015359
8.997844696044922,0.27825,0.015537
9.046069145202637,0.28224,0.016452
9.094011306762695,0.28707,0.01577
9.13977313041687,0.28911,0.014636
9.186940670013428,0.29513,0.014384
9.23730993270874,0.29593,0.014306
9.28517484664917,0.29993,0.014447
9.333714723587036,0.31256,0.01437
9.381560564041138,0.05836,0.014345
9.429725646972656,0.066373,0.01385
9.480270624160767,0.07872,0.014073
9.531060695648193,0.084093,0.013771
9.580899000167847,0.09468,0.013915
9.626949548721313,0.099947,0.013895
9.674782752990723,0.10388,0.013814
9.723172903060913,0.10888,0.013527
9.772798776626587,0.1138,0.013945
9.817330837249756,0.12011,0.013997
9.865820407867432,0.12124,0.014162
9.914468765258789,0.13069,0.014152
9.959710359573364,0.13871,0.014465
10.008328437805176,0.13997,0.014417
10.056419134140015,0.14653,0.014638
10.105960130691528,0.14997,0.014684
10.15428638458252,0.15439,0.014746
10.202233791351318,0.15752,0.01423
10.249231576919556,0.16435,0.013951
10.295655012130737,0.16765,0.013848
10.342453241348267,0.17163,0.013944
10.391519784927368,0.17707,0.01398
10.439564943313599,0.18017,0.013667
10.486678838729858,0.18528,0.013781
10.537450551986694,0.19375,0.014099
10.584593296051025,0.19795,0.014216
10.632678985595703,0.20191,0.01428
10.682976245880127,0.20604,0.014309
10.732204675674438,0.21017,0.014293
10.783750534057617,0.21428,0.014616
10.832663774490356,0.21717,0.015028
10.881278276443481,0.22123,0.014441
10.930802822113037,0.22533,0.013871
10.980350971221924,0.23428,0.013536
11.027461051940918,0.23737,0.01354
11.08012080192566,0.23932,0.013595
11.130724906921387,0.2444,0.013822
11.177956342697144,0.24836,0.013995
11.226131916046143,0.25221,0.014225
11.275562524795532,0.25525,0.014422
11.32340693473816,0.26043,0.014377
11.370666980743408,0.26332,0.014302
11.418674230575562,0.26727,0.014699
11.467177629470825,0.27213,0.015434
11.514756917953491,0.27807,0.015884
11.560417175292969,0.28496,0.016414
11.605243444442749,0.28583,0.016145
11.654382705688477,0.29111,0.01526
11.703946828842163,0.29588,0.014663
11.748818159103394,0.29877,0.014623
11.79549527168274,0.30272,0.014278
11.842896699905396,0.31049,0.014257
11.892704248428345,0.31655,0.014327
11.944676637649536,0.059013,0.013891
11.99650239944458,0.075933,0.013802
12.044222116470337,0.08916,0.013913
12.091599702835083,0.094867,0.013862
12.13973355293274,0.099853,0.013909
12.187891960144043,0.10361,0.013653
12.23773741722107,0.10999,0.013841
12.288069725036621,0.11369,0.01379
12.336911678314209,0.11977,0.01397
12.38286542892456,0.1246,0.014231
12.431397914886475,0.12928,0.014288
12.480318069458008,0.13157,0.014283
12.53006911277771,0.14304,0.014331
12.582422494888306,0.14771,0.014738
12.636496305465698,0.15187,0.014748
12.684929847717285,0.15547,0.0144
12.73209810256958,0.16083,0.014318
12.778719663619995,0.163,0.013856
12.825641870498657,0.16952,0.013791
12.874357461929321,0.17169,0.013901
12.925474405288696,0.17793,0.013656
12.973104238510132,0.18105,0.013711
13.026146173477173,0.18943,0.014026
13.07656216621399,0.19456,0.01411
13.123331069946289,0.19765,0.014158
13.17256784439087,0.20095,0.014213
13.221279621124268,0.20899,0.014384
13.272049188613892,0.21203,0.014584
13.317328214645386,0.21697,0.014722
13.365398645401001,0.21931,0.014518
13.411611795425415,0.22216,0.014601
13.462515115737915,0.22627,0.013715
13.509892702102661,0.23232,0.013658
13.560392618179321,0.23531,0.013649
13.605076313018799,0.23831,0.013719
13.650074243545532,0.24113,0.013722
13.700548887252808,0.247,0.013967
13.748340129852295,0.25613,0.014261
13.797020673751831,0.25613,0.014218
13.84519338607788,0.26407,0.014255
13.893436908721924,0.26797,0.014292
13.938639163970947,0.27101,0.014556
13.985036849975586,0.274,0.014549
14.032127618789673,0.27792,0.015216
14.080303192138672,0.28192,0.01608
14.130085706710815,0.28577,0.015427
14.178881883621216,0.29072,0.01454
14.22230076789856,0.29261,0.014342
14.269132375717163,0.2976,0.014416
14.316475868225098,0.30149,0.014289
14.363832235336304,0.3058,0.014409
14.413029432296753,0.31829,0.014377
14.464181423187256,0.065187,0.01413
14.513041019439697,0.07792,0.013902
14.562307834625244,0.088547,0.013741
14.60918378829956,0.093293,0.013797
14.659192562103271,0.10081,0.013722
14.70613694190979,0.10463,0.013641
14.753469228744507,0.10981,0.013739
14.80422830581665,0.11347,0.013954
14.852901220321655,0.11935,0.014026
14.901796817779541,0.12885,0.014179
14.95407247543335,0.13137,0.014043
15.004577875137329,0.13708,0.014171
15.053361177444458,0.14159,0.014561
15.100242853164673,0.14615,0.014677
15.150933980941772,0.14944,0.014761
15.196989297866821,0.15511,0.014449
15.243367671966553,0.16048,0.014029
15.30028247833252,0.16373,0.013805
15.347881317138672,0.17031,0.01371
15.397535562515259,0.17553,0.013799
15.4425630569458,0.17973,0.01379
15.488957643508911,0.183,0.013762
15.5398108959198,0.18701,0.013926
15.592580318450928,0.19244,0.014173
15.645034551620483,0.19652,0.014223
15.692956447601318,0.20056,0.014351
15.739439249038696,0.20363,0.014333
15.788615465164185,0.21184,0.01438
15.841578006744385,0.21493,0.014567
15.89246678352356,0.22092,0.014696
15.93984866142273,0.22391,0.0143
15.98905873298645,0.22699,0.013834
16.03627371788025,0.23092,0.013655
16.08447790145874,0.23493,0.01359
16.134458541870117,0.23795,0.013738
16.18204092979431,0.24792,0.013794
16.22811245918274,0.25093,0.014016
16.277069568634033,0.25595,0.014123
16.32891869544983,0.25869,0.014244
16.378234148025513,0.26272,0.014251
16.42911195755005,0.26973,0.014348
16.478275060653687,0.27257,0.014961
16.52591562271118,0.27577,0.015452
16.572941780090332,0.27755,0.016035
16.622250080108643,0.28375,0.01572
16.67538571357727,0.28655,0.014778
16.72641348838806,0.29539,0.01444
16.77435874938965,0.29937,0.014259
16.825779676437378,0.30227,0.014193
16.87205457687378,0.31161,0.014211
16.927397966384888,0.31985,0.014733
16.975232124328613,0.060413,0.014484
17.02542519569397,0.06716,0.013963
17.07665753364563,0.07764,0.013803
17.12785005569458,0.094253,0.013865
17.17680549621582,0.10087,0.013801
17.228862524032593,0.10569,0.013792
17.279024362564087,0.11191,0.013783
17.33521342277527,0.11568,0.013955
17.384751558303833,0.12024,0.014147
17.4362154006958,0.12519,0.014161
17.485854625701904,0.13099,0.014385
17.53243350982666,0.13575,0.014365
17.579430103302002,0.14033,0.014381
17.629284381866455,0.1496,0.014656
17.67359685897827,0.15257,0.014646
17.722346544265747,0.15824,0.014531
17.772555112838745,0.16155,0.014321
17.819923877716064,0.16461,0.014275
17.86779499053955,0.16996,0.013731
17.916215419769287,0.17431,0.013817
17.961283206939697,0.17751,0.013762
18.00800395011902,0.18292,0.013777
18.052112579345703,0.19016,0.014062
18.102279663085938,0.19411,0.014044
18.152951955795288,0.19828,0.014218
18.203452587127686,0.20247,0.014146
18.253129243850708,0.20649,0.014189
18.301878452301025,0.20967,0.014473
18.34784746170044,0.21372,0.014623
18.396266222000122,0.21868,0.014678
18.44424057006836,0.22177,0.014517
18.49669575691223,0.22699,0.014017
18.548811435699463,0.23092,0.013697
18.598939418792725,0.2388,0.013653
18.647125244140625,0.24293,0.013792
18.700040578842163,0.24585,0.013772
18.749186992645264,0.24971,0.013874
18.79690980911255,0.25384,0.014164
18.842901706695557,0.25767,0.01423
18.888654232025146,0.26163,0.014244
18.935775995254517,0.26467,0.014264
18.985908269882202,0.27056,0.014819
19.034255981445312,0.27456,0.015071
19.082908391952515,0.27856,0.015636
19.132211446762085,0.27963,0.015397
19.180383443832397,0.28932,0.015296
19.224452257156372,0.29333,0.01438
19.27534246444702,0.29529,0.01434
19.326225519180298,0.30121,0.014256
19.38290786743164,0.30212,0.01435
19.435996055603027,0.31331,0.014193
19.48517084121704,0.066427,0.013761
19.534773349761963,0.071693,0.01375
19.58126735687256,0.082493,0.013678
19.629918336868286,0.092773,0.013684
19.678192377090454,0.099267,0.01371
19.724559783935547,0.10311,0.013695
19.7726628780365,0.10817,0.013767
19.825366735458374,0.11428,0.013911
19.87356400489807,0.11908,0.013932
19.9225172996521,0.12147,0.014143
19.970765113830566,0.12743,0.014089
20.01727604866028,0.13092,0.014341
20.063661813735962,0.14145,0.014276
20.111486673355103,0.14584,0.014433
20.16221570968628,0.14925,0.01463
20.20690417289734,0.15349,0.01461
20.25273036956787,0.15793,0.014516
20.298816919326782,0.16117,0.014248
20.349276065826416,0.16667,0.014047
20.40134286880493,0.17093,0.013735
20.44994044303894,0.17512,0.013811
20.498183012008667,0.18069,0.013803
20.547650814056396,0.18469,0.013943
20.596907377243042,0.19101,0.013924
20.647050142288208,0.19505,0.014087
20.69719409942627,0.19927,0.014263
20.744115352630615,0.20417,0.014215
20.790818691253662,0.20739,0.014211
20.84323477745056,0.21261,0.014495
20.88974642753601,0.21461,0.014541
20.939291954040527,0.22045,0.014412
20.987903356552124,0.22453,0.014223
21.036436796188354,0.22757,0.014009
21.084876537322998,0.23569,0.013701
21.135629415512085,0.23844,0.013659
21.18675136566162,0.24276,0.013836
21.237436771392822,0.24553,0.013904
21.285122871398926,0.25056,0.01422
21.33398985862732,0.2544,0.014238
21.382224082946777,0.25869,0.01431
21.430943727493286,0.26052,0.014126
21.4826397895813,0.27032,0.014209
21.531481504440308,0.27345,0.014631
21.58461046218872,0.27747,0.014867
21.63269567489624,0.28223,0.015372
21.68197464942932,0.28647,0.014824
21.72788143157959,0.28932,0.014769
21.77341604232788,0.29224,0.014509
21.826114892959595,0.29421,0.014186
21.872204065322876,0.30023,0.014203
21.922335624694824,0.30884,0.014234
21.970447778701782,0.3214,0.014193
22.018421173095703,0.059173,0.013776
22.064538955688477,0.075347,0.014046
22.114399194717407,0.08216,0.013762
22.165027141571045,0.093907,0.013702
22.222912073135376,0.0964,0.013713
22.27873396873474,0.10411,0.013744
22.327366590499878,0.11148,0.01375
22.376333475112915,0.11771,0.013953
22.42727017402649,0.12265,0.01383
22.47607135772705,0.12829,0.014197
22.52506184577942,0.13192,0.01418
22.57338833808899,0.13649,0.014419
22.62241005897522,0.14125,0.014541
22.669665813446045,0.14665,0.0145
22.716315507888794,0.15116,0.014493
22.764593839645386,0.15445,0.014408
22.813149213790894,0.16309,0.014273
22.86162567138672,0.16664,0.013887
22.912145614624023,0.16967,0.013754
22.95983076095581,0.17625,0.013754
23.015914916992188,0.18028,0.013885
23.064507007598877,0.18455,0.013911
23.117926836013794,0.18853,0.014044
23.166840314865112,0.19284,0.014143
23.21430015563965,0.19824,0.014198
23.266380071640015,0.20212,0.014235
23.312651872634888,0.20933,0.014371
23.359310388565063,0.21429,0.014332
23.405208826065063,0.21849,0.014352
23.454214811325073,0.22143,0.014389
23.504298210144043,0.22649,0.014245
23.54995369911194,0.22936,0.014045
23.598270416259766,0.23232,0.01388
23.6478168964386,0.23647,0.013843
23.698835134506226,0.24048,0.01386
23.751752376556396,0.24744,0.013988
23.805439949035645,0.25243,0.014131
23.856069326400757,0.25548,0.014331
23.908210515975952,0.26144,0.014138
23.958005905151367,0.26463,0.014351
24.008126974105835,0.26636,0.01425
24.05658197402954,0.27237,0.014547
24.10442876815796,0.2762,0.014918
24.151858806610107,0.28321,0.014651
24.199304580688477,0.28724,0.014703
24.24600863456726,0.29224,0.014486
24.29386258125305,0.29485,0.014293
24.343624114990234,0.29791,0.014253
24.393874406814575,0.30291,0.014131
24.444629430770874,0.31287,0.014244
24.490402936935425,0.31887,0.013896
24.536717891693115,0.058907,0.014143
24.58133888244629,0.068587,0.014022
24.63169527053833,0.07628,0.013785
24.680087089538574,0.086747,0.013692
24.728311777114868,0.095027,0.013765
24.7755184173584,0.10392,0.013737
24.823136568069458,0.11023,0.013754
24.87088394165039,0.11615,0.013847
24.919472455978394,0.12108,0.013997
24.965744495391846,0.12476,0.014083
25.01925802230835,0.12945,0.014233
25.07127285003662,0.13532,0.014189
25.122029304504395,0.14093,0.014388
25.171027421951294,0.14553,0.014463
25.22002649307251,0.14768,0.014498
25.274359464645386,0.15447,0.014282
25.323927879333496,0.15871,0.014323
25.37294101715088,0.1674,0.014075
25.421945810317993,0.17172,0.013894
25.470064640045166,0.17395,0.01389
25.519212007522583,0.17811,0.013701
25.56620502471924,0.18228,0.014043
25.616373538970947,0.18843,0.013998
25.666884422302246,0.19075,0.014093
25.714531421661377,0.19979,0.014138
25.762906789779663,0.20189,0.014203
25.813725233078003,0.20811,0.014314
25.861785888671875,0.21235,0.014212
25.912336111068726,0.21628,0.014238
25.967148780822754,0.22032,0.014273
26.022945404052734,0.22339,0.014119
26.07467031478882,0.22724,0.014037
26.12485980987549,0.23229,0.013884
26.176689624786377,0.2404,0.01384
26.22501254081726,0.24551,0.013896
26.27410864830017,0.24733,0.014037
26.32291340827942,0.25121,0.014124
26.36929678916931,0.25725,0.014128
26.41614556312561,0.2592,0.01434
26.46640944480896,0.26303,0.014039
26.514666080474854,0.26808,0.014112
26.563307762145996,0.27215,0.014422
26.612669467926025,0.27596,0.014554
26.66080117225647,0.28113,0.014659
26.713817596435547,0.28411,0.014601
26.761757612228394,0.28803,0.014321
26.811121463775635,0.29096,0.014183
26.861737728118896,0.29868,0.014201
26.908092260360718,0.30431,0.014256
26.956204652786255,0.31024,0.014225
27.002970695495605,0.05608,0.014143
27.054084062576294,0.0584,0.014038
27.101159811019897,0.068067,0.013825
27.14767289161682,0.078453,0.013825
27.19296646118164,0.093573,0.013869
27.23861813545227,0.09876,0.013925
27.288729429244995,0.10384,0.013786
27.338239431381226,0.10881,0.013894
27.388534784317017,0.11256,0.013966
27.439560174942017,0.11612,0.014114
27.486890077590942,0.12092,0.014103
27.536078214645386,0.12691,0.014259
27.58718776702881,0.13397,0.014251
27.637803554534912,0.13856,0.014378
27.686028957366943,0.14777,0.014328
27.735889196395874,0.15196,0.014408
27.78647470474243,0.15653,0.014318
27.8353111743927,0.16089,0.014301
27.88208270072937,0.16292,0.014294
27.930105924606323,0.16932,0.013933
27.979517221450806,0.17169,0.013837
28.026458978652954,0.17693,0.013847
28.07585382461548,0.18231,0.013966
28.124175310134888,0.18647,0.014208
28.17064666748047,0.19059,0.014206
28.218586683273315,0.19363,0.014215
28.26589322090149,0.19771,0.014233
28.315677881240845,0.20189,0.014293
28.363802909851074,0.20985,0.014225
28.41519594192505,0.21516,0.014249
28.462426900863647,0.21819,0.014249
28.51486349105835,0.22219,0.014474
28.568745613098145,0.22721,0.01406
28.615086793899536,0.23109,0.013985
28.67120862007141,0.23511,0.014008
28.720075368881226,0.23904,0.014005
28.774331092834473,0.24411,0.014101
28.824422121047974,0.25121,0.014267
28.873892068862915,0.25519,0.014291
28.922198057174683,0.26012,0.014234
28.970983743667603,0.26307,0.014219
29.01986575126648,0.268,0.013928
29.0696120262146,0.27207,0.014124
29.11603617668152,0.27596,0.014376
29.165163040161133,0.28095,0.014489
29.213408708572388,0.28393,0.014422
29.263322353363037,0.28788,0.014145
29.317923069000244,0.29177,0.01425
29.36579728126526,0.29969,0.014179
29.418824434280396,0.30367,0.01413
29.465306520462036,0.31009,0.014277
29.513317584991455,0.31636,0.014223
29.5626003742218,0.060333,0.014285
29.611173152923584,0.070333,0.01405
29.660935401916504,0.075507,0.013866
29.708058834075928,0.08868,0.013951
29.754446506500244,0.095947,0.013909
29.806230068206787,0.098373,0.013788
29.855483531951904,0.106,0.013872
29.9066264629364,0.11727,0.014049
29.95737314224243,0.12199,0.014179
30.005611181259155,0.12539,0.014164
30.054024696350098,0.13021,0.014262
30.100311040878296,0.13584,0.014291
30.148863792419434,0.13828,0.014235
30.19636869430542,0.14296,0.014361
30.25432300567627,0.14861,0.01442
30.304117918014526,0.151,0.014239
30.359625339508057,0.16256,0.014356
30.410950422286987,0.16592,0.014185
30.45897650718689,0.17143,0.014085
30.507972955703735,0.17563,0.014117
30.558390140533447,0.17784,0.013983
30.609721183776855,0.18192,0.014179
30.658634901046753,0.18815,0.014288
30.709726572036743,0.19233,0.014307
30.76021695137024,0.19627,0.01418
30.81096649169922,0.2058,0.01418
30.859939575195312,0.20985,0.014312
30.906111001968384,0.214,0.014247
30.954025506973267,0.21791,0.014274
30.999722719192505,0.22104,0.014416
31.049043893814087,0.22399,0.014163
31.099873304367065,0.22913,0.014192
31.147714138031006,0.23209,0.014051
31.194305181503296,0.23707,0.014071
31.241472244262695,0.24211,0.014144
31.290987253189087,0.24321,0.014247
31.337363481521606,0.24889,0.014272
31.385465145111084,0.25413,0.014233
31.43315100669861,0.25673,0.014255
31.4814395904541,0.25989,0.014167
31.528838634490967,0.26887,0.014169
31.578046083450317,0.27188,0.01404
31.62777590751648,0.27588,0.014192
31.67706871032715,0.28069,0.014285
31.72260022163391,0.28469,0.014378
31.770823001861572,0.28664,0.014226
31.81940197944641,0.29161,0.014302
31.86806058883667,0.29555,0.014177
31.916059255599976,0.29936,0.014212
31.96347403526306,0.30359,0.014414
32.01029086112976,0.30975,0.014393
32.05464744567871,0.059587,0.01417
32.10575270652771,0.071173,0.014321
32.153292417526245,0.07756,0.014072
32.201194047927856,0.082947,0.014001
32.248018741607666,0.09552,0.013965
32.296810150146484,0.10209,0.014041
32.344356536865234,0.10833,0.013948
32.39252281188965,0.11207,0.013984
32.44210147857666,0.11815,0.014124
32.493422985076904,0.12292,0.014247
32.54210686683655,0.12653,0.014276
32.590850591659546,0.13244,0.014214
32.63893365859985,0.13608,0.0143
32.689138650894165,0.14049,0.014301
32.73915505409241,0.14492,0.014317
32.79036068916321,0.15405,0.01426
32.84349322319031,0.15816,0.014269
32.8914475440979,0.16251,0.014095
32.9447820186615,0.16603,0.013922
32.99058556556702,0.16792,0.014066
33.03834867477417,0.17225,0.014084
33.0884964466095,0.18379,0.013921
33.137314558029175,0.18697,0.014195
33.18837094306946,0.19109,0.01417
33.23640060424805,0.19515,0.014244
33.28327703475952,0.19945,0.014096
33.32887244224548,0.20355,0.01418
33.37934613227844,0.20675,0.014184
33.42728805541992,0.21264,0.014277
33.47426462173462,0.21676,0.014209
33.52201747894287,0.21983,0.014327
33.570900440216064,0.22388,0.014226
33.62035155296326,0.22987,0.01416
33.670472145080566,0.23577,0.014147
33.71697735786438,0.23881,0.014189
33.765573024749756,0.24277,0.014127
33.812278509140015,0.24568,0.014226
33.861547231674194,0.25177,0.014239
33.91077542304993,0.25477,0.014183
33.95845127105713,0.25868,0.014251
34.0065803527832,0.26276,0.014119
34.05389904975891,0.26972,0.014065
34.10002088546753,0.27469,0.014054
34.14590406417847,0.27568,0.013924
34.19158935546875,0.28067,0.014285
34.23834705352783,0.28344,0.014327
34.28546476364136,0.28847,0.014332
34.33482003211975,0.29243,0.014233
34.383137941360474,0.29636,0.014272
34.4316508769989,0.30353,0.014312
34.48002076148987,0.30944,0.014281
34.530593156814575,0.31639,0.014209
34.57522988319397,0.059427,0.014199
34.624889850616455,0.069187,0.014135
34.67435646057129,0.075813,0.014087
34.72582411766052,0.086693,0.014029
34.774876832962036,0.095427,0.014012
34.82392954826355,0.10057,0.014045
34.8735728263855,0.10924,0.013959
34.919734477996826,0.11556,0.014088
34.966200828552246,0.12041,0.014122
35.01449751853943,0.12403,0.014204
35.05916452407837,0.13099,0.014177
35.107471227645874,0.13341,0.01418
35.153685092926025,0.13911,0.014161
35.20110273361206,0.14349,0.014249
35.252745389938354,0.14816,0.014276
35.30207657814026,0.15249,0.014232
35.34783577919006,0.15919,0.014265
35.397871255874634,0.16156,0.014386
35.4474823474884,0.16911,0.014233
35.493163108825684,0.17319,0.014133
35.544243574142456,0.17748,0.014146
35.594687700271606,0.18084,0.014091
35.642303705215454,0.18447,0.014131
35.68786859512329,0.18993,0.014267
35.73620843887329,0.19093,0.014301
35.78377342224121,0.19727,0.014235
35.831151247024536,0.19924,0.014239
35.87985897064209,0.20443,0.014235
35.928749084472656,0.21337,0.014287
35.97667670249939,0.21655,0.014261
36.02432465553284,0.22061,0.014244
36.07214283943176,0.22367,0.014252
36.121761322021484,0.22856,0.014189
36.1726336479187,0.23249,0.014123
36.2208685874939,0.23675,0.014263
36.268280029296875,0.24076,0.014091
36.31601810455322,0.24477,0.014213
36.363662242889404,0.25253,0.014212
36.40914845466614,0.25467,0.014274
36.4581253528595,0.25959,0.014227
36.50962424278259,0.26448,0.014159
36.562047719955444,0.26751,0.014128
36.61092162132263,0.27151,0.014092
36.66034173965454,0.27637,0.014146
36.71316957473755,0.27915,0.014243
36.76105260848999,0.2862,0.014269
36.80721569061279,0.2912,0.014354
36.85418772697449,0.29413,0.014217
36.90112018585205,0.29813,0.014281
36.95183968544006,0.30095,0.014354
36.996822118759155,0.31105,0.014313
37.04412865638733,0.31501,0.014246
37.09173226356506,0.056627,0.014253
37.140663862228394,0.066093,0.014151
37.19149684906006,0.079427,0.014021
37.23886728286743,0.084747,0.014043
37.28895425796509,0.093813,0.014101
37.340035915374756,0.098893,0.014072
37.387202739715576,0.10655,0.0142
37.432929277420044,0.11647,0.014138
37.480860233306885,0.11913,0.014201
37.52914619445801,0.12611,0.014193
37.57462239265442,0.12965,0.014241
37.622750997543335,0.13423,0.014233
37.67440843582153,0.14013,0.014296
37.723891496658325,0.14353,0.014335
37.770118713378906,0.14916,0.014307
37.81667447090149,0.15452,0.014313
37.86766266822815,0.15575,0.014263
37.9196400642395,0.16225,0.014237
37.9726140499115,0.16643,0.014134
38.01975917816162,0.17091,0.014124
38.067166805267334,0.17619,0.014195
38.11923837661743,0.18455,0.014207
38.16534638404846,0.18769,0.014182
38.21288824081421,0.19095,0.014239
38.26415276527405,0.19509,0.014094
38.312429428100586,0.20016,0.014203
38.35835814476013,0.20315,0.01413
38.40311312675476,0.20725,0.01428
38.45127749443054,0.21245,0.014208
38.498207092285156,0.21547,0.014293
38.54707074165344,0.22063,0.014236
38.59335231781006,0.22461,0.014268
38.638896226882935,0.22945,0.014116
38.690847635269165,0.23139,0.014034
38.7409029006958,0.23667,0.014189
38.78744959831238,0.24353,0.014222
38.83381628990173,0.24735,0.014233
38.88227319717407,0.25239,0.014242
38.93352389335632,0.25556,0.014281
38.98270034790039,0.25959,0.014173
39.03614091873169,0.26344,0.014158
39.0858268737793,0.26737,0.014202
39.135764360427856,0.27523,0.014121
39.18320894241333,0.27907,0.014287
39.233299016952515,0.28232,0.014339
39.286659717559814,0.28511,0.014254
39.33160853385925,0.29007,0.014347
39.378986120224,0.292,0.014336
39.4252028465271,0.29791,0.014304
39.47189521789551,0.29905,0.014324
39.520092725753784,0.30665,0.014365
39.569618940353394,0.054187,0.01419
39.61924743652344,0.065893,0.014265
39.666083574295044,0.073573,0.014229
39.71393346786499,0.084147,0.014198
39.761740922927856,0.093627,0.014066
39.80857300758362,0.098867,0.014152
39.85590934753418,0.10505,0.014269
39.901713371276855,0.11143,0.01421
39.953344106674194,0.11379,0.014107
39.999677419662476,0.11981,0.014108
40.04779815673828,0.12463,0.014201
40.096423387527466,0.12944,0.014334
40.144609451293945,0.13289,0.014288
40.19067120552063,0.13864,0.014317
40.238539695739746,0.14105,0.014411
40.28674006462097,0.14775,0.01436
40.336037158966064,0.15089,0.014322
40.384013414382935,0.15548,0.014324
40.42876434326172,0.16415,0.014311
40.47738313674927,0.16852,0.014204
40.52546572685242,0.17388,0.014299
40.572144985198975,0.17715,0.014132
40.61855602264404,0.18229,0.014219
40.66566038131714,0.18344,0.014242
40.714016914367676,0.19063,0.014188
40.75979399681091,0.19387,0.014322
40.80680847167969,0.19581,0.014277
40.85567545890808,0.20209,0.014227
40.902587890625,0.20592,0.014239
40.95264434814453,0.2102,0.014252
40.99871516227722,0.21232,0.014329
41.04991888999939,0.22216,0.014296
41.09595441818237,0.22623,0.014281
41.14045429229736,0.22929,0.014261
41.18819880485535,0.2352,0.014293
41.23481059074402,0.23641,0.01429
41.28712511062622,0.24209,0.014237
41.33708357810974,0.24423,0.014231
41.38435173034668,0.24836,0.01418
41.433424949645996,0.2534,0.014326
41.48104548454285,0.25707,0.014283
41.52966666221619,0.26011,0.014109
41.58415627479553,0.26909,0.014187
41.636289834976196,0.27317,0.014259
41.68735337257385,0.27609,0.014268
41.735926389694214,0.28088,0.014238
41.78456521034241,0.28385,0.014293
41.83755397796631,0.28789,0.014301
41.88472247123718,0.29579,0.014261
41.93037462234497,0.29977,0.014202
41.97822022438049,0.30431,0.014326
42.02411913871765,0.3126,0.01417
42.07193851470947,0.052067,0.014132
42.118754625320435,0.05812,0.014365
42.16630434989929,0.07328,0.014108
42.21430540084839,0.081187,0.014197
42.26252365112305,0.0894,0.014198
42.31408715248108,0.098547,0.01411
42.36116075515747,0.10109,0.013969
42.40939164161682,0.10732,0.014102
42.45845818519592,0.11232,0.014245
42.50852370262146,0.11603,0.014215
42.55553197860718,0.12228,0.014212
42.59902596473694,0.1306,0.014196
42.644463300704956,0.13628,0.014231
42.69310188293457,0.13955,0.014321
42.73952889442444,0.14513,0.014179
42.78787922859192,0.1486,0.014284
42.83838653564453,0.15313,0.014287
42.88648533821106,0.15848,0.014201
42.93589639663696,0.16192,0.014304
42.983285427093506,0.16636,0.014275
43.03327035903931,0.17041,0.014293
43.08509612083435,0.17472,0.014169
43.13139081001282,0.17804,0.014279
43.17873287200928,0.18312,0.014204
43.2259476184845,0.19273,0.014287
43.27400326728821,0.19461,0.014183
43.320199489593506,0.20076,0.014243
43.36707782745361,0.20184,0.014277
43.41566443443298,0.20579,0.014291
43.459991455078125,0.21197,0.014284
43.50833225250244,0.21503,0.014186
43.554686069488525,0.21808,0.014284
43.60116624832153,0.22295,0.014257
43.65095853805542,0.22707,0.014301
43.6984326839447,0.23137,0.014284
43.74933671951294,0.23513,0.014324
43.80091309547424,0.24007,0.014298
43.84555172920227,0.24715,0.01425
43.89438438415527,0.24997,0.014273
43.946640491485596,0.25609,0.014186
43.996211767196655,0.25805,0.014237
44.041489124298096,0.26188,0.0142
44.08928561210632,0.26599,0.014301
44.1378870010376,0.27097,0.014303
44.18394207954407,0.27203,0.01427
44.22988224029541,0.27797,0.014399
44.277759313583374,0.28277,0.014305
44.32578086853027,0.28969,0.014411
44.371455907821655,0.29284,0.01433
44.41995859146118,0.29768,0.014281
44.46857953071594,0.30139,0.014319
44.51778221130371,0.30597,0.014248
44.566591024398804,0.3142,0.014199
44.6207058429718,0.05304,0.014261
44.66990685462952,0.062253,0.014242
44.71595358848572,0.075267,0.014245
44.76813817024231,0.09136,0.014216
44.81670546531677,0.09592,0.01421
44.86578297615051,0.10216,0.014254
44.913275957107544,0.10856,0.014229
44.96069669723511,0.11337,0.014256
45.009835958480835,0.11851,0.014222
45.06011128425598,0.12312,0.014212
45.10558533668518,0.12661,0.014273
45.15405321121216,0.13016,0.014313
45.202940702438354,0.13716,0.014259
45.253156900405884,0.13923,0.014344
45.30139422416687,0.14608,0.014333
45.351585149765015,0.14969,0.014322
45.39991068840027,0.15509,0.014345
45.44653654098511,0.16272,0.014331
45.49412441253662,0.16815,0.014324
45.54126214981079,0.17344,0.01424
45.58912181854248,0.17663,0.014245
45.63800597190857,0.18075,0.014179
45.68868947029114,0.18603,0.014343
45.73898720741272,0.19131,0.014247
45.78857493400574,0.19349,0.014272
45.8334379196167,0.19848,0.014231
45.882384061813354,0.20267,0.014253
45.93289828300476,0.20763,0.014281
45.98153901100159,0.21093,0.014341
46.02918291091919,0.21567,0.014243
46.080164194107056,0.22193,0.014352
46.1313910484314,0.22689,0.014365
46.18034052848816,0.22881,0.014232
46.228822231292725,0.23377,0.014293
46.27855658531189,0.23788,0.014358
46.327396392822266,0.24173,0.014232
46.37606739997864,0.24387,0.014196
46.424580812454224,0.24977,0.014279
46.471251249313354,0.25676,0.014289
46.516963481903076,0.26077,0.014183
46.567986249923706,0.26467,0.014214
46.6161892414093,0.2686,0.014262
46.66394567489624,0.27264,0.014273
46.712701082229614,0.27659,0.014185
46.75951862335205,0.28063,0.014252
46.80803656578064,0.28449,0.014332
46.856709480285645,0.28853,0.01438
46.9061381816864,0.29243,0.014405
46.95423913002014,0.30017,0.014433
47.000800132751465,0.30565,0.014169
47.04566550254822,0.3094,0.014214
47.09380626678467,0.31579,0.014264
47.142287254333496,0.064187,0.014327
47.192272424697876,0.07204,0.014273
47.240039587020874,0.082773,0.01418
47.291072845458984,0.092827,0.014136
47.34162163734436,0.098133,0.014245
47.393635511398315,0.10209,0.014175
47.44375729560852,0.10703,0.014129
47.495685338974,0.11189,0.01416
47.54611778259277,0.11689,0.014225
47.593366622924805,0.12872,0.014159
47.639161825180054,0.13232,0.014161
47.68603038787842,0.13797,0.014268
47.7347617149353,0.14143,0.014276
47.78564667701721,0.14609,0.014263
47.83723282814026,0.15044,0.014239
47.88671326637268,0.15483,0.014268
47.9336051940918,0.15929,0.014289
47.98321843147278,0.16244,0.014283
48.02990651130676,0.16573,0.014274
48.07973909378052,0.17311,0.014402
48.130924463272095,0.17757,0.014312
48.17747497558594,0.18481,0.014274
48.225281715393066,0.18693,0.014222
48.27617263793945,0.19312,0.014082
48.326621770858765,0.19631,0.014298
48.37368297576904,0.20041,0.014238
48.42427945137024,0.20448,0.014273
48.472503423690796,0.20959,0.014307
48.52019810676575,0.21263,0.014229
48.575573205947876,0.2176,0.014255
48.627713203430176,0.2258,0.014375
48.679535150527954,0.22879,0.014463
48.72898745536804,0.23372,0.014247
48.78111696243286,0.23672,0.014394
48.82903814315796,0.24189,0.014312
48.87708926200867,0.24588,0.014232
48.92816376686096,0.24979,0.014092
48.97773289680481,0.25385,0.014212
49.02628254890442,0.25776,0.014252
49.07451629638672,0.26271,0.014218
49.12440514564514,0.26667,0.01423
49.17361807823181,0.27061,0.014339
49.22196292877197,0.27857,0.014375
49.26824378967285,0.28353,0.014252
49.31267285346985,0.28541,0.014458
49.358717918395996,0.29115,0.014479
49.40711259841919,0.29235,0.014388
49.45793342590332,0.29737,0.014389
49.506749868392944,0.30143,0.014288
49.55672311782837,0.30909,0.014336
49.602442264556885,0.051093,0.014275
49.64952349662781,0.056347,0.014303
49.69683218002319,0.07424,0.014183
49.74782419204712,0.08244,0.014177
49.79715847969055,0.0926,0.014193
49.847251176834106,0.098027,0.014271
49.89568758010864,0.10436,0.014255
49.943955421447754,0.10691,0.014165
49.9906325340271,0.11185,0.014269
50.039572954177856,0.11791,0.014219
50.08780646324158,0.12504,0.014277
50.13690638542175,0.12873,0.014169
50.185030698776245,0.13447,0.014239
50.23307800292969,0.13797,0.014289
50.28060054779053,0.14357,0.014353
50.325867891311646,0.14912,0.014434
50.377286195755005,0.15112,0.014416
50.4267942905426,0.15823,0.014347
50.47038149833679,0.16144,0.014119
50.51784873008728,0.16569,0.014234
50.56516647338867,0.17119,0.014267
50.61445951461792,0.1742,0.014351
50.6622519493103,0.17853,0.014349
50.70914697647095,0.1826,0.014329
50.757529735565186,0.19196,0.014343
50.80132269859314,0.19521,0.014254
50.84873676300049,0.19521,0.014247
50.8968243598938,0.20432,0.014288
50.9501838684082,0.20825,0.01426
50.99603605270386,0.21131,0.014389
51.05066704750061,0.21452,0.014353
51.099196672439575,0.22059,0.014417
51.14657187461853,0.22457,0.014412
51.19339084625244,0.22753,0.014435
51.24128198623657,0.23576,0.014378
51.28765535354614,0.23969,0.014335
51.33493781089783,0.24257,0.014418
51.38410449028015,0.24673,0.014156
51.43168044090271,0.24865,0.014324
51.48006892204285,0.25271,0.014258
51.52782940864563,0.25943,0.01422
51.57423996925354,0.26157,0.014239
51.62222409248352,0.26645,0.014319
51.671871185302734,0.27112,0.014319
51.72345972061157,0.27336,0.014442
51.77111887931824,0.27829,0.014449
51.81929659843445,0.28129,0.014563
51.866907835006714,0.28907,0.014506
51.91436767578125,0.29421,0.014446
51.96076488494873,0.29771,0.014385
52.011756896972656,0.30096,0.014476
52.058923959732056,0.30716,0.014349
52.10873031616211,0.31529,0.014484
52.1577262878418,0.053467,0.014162
52.202922105789185,0.06224,0.014257
52.25013089179993,0.07392,0.014073
52.29929232597351,0.087253,0.014255
52.34690022468567,0.09908,0.014263
52.39602756500244,0.10416,0.014217
52.444334983825684,0.10911,0.014338
52.490752935409546,0.11172,0.014256
52.53810715675354,0.11783,0.014534
52.58393669128418,0.12137,0.014441
52.63252663612366,0.12592,0.014281
52.687875747680664,0.13076,0.014303
52.73863172531128,0.14012,0.014335
52.78914189338684,0.14456,0.014225
52.837050914764404,0.14785,0.014358
52.8884801864624,0.15236,0.014417
52.93667674064636,0.16021,0.014426
52.98840951919556,0.16225,0.0144
53.03506803512573,0.16883,0.014284
53.08287572860718,0.17187,0.014173
53.13128352165222,0.17619,0.014309
53.17872452735901,0.18124,0.014202
53.2322039604187,0.18355,0.014212
53.2809374332428,0.19092,0.014244
53.327709436416626,0.19383,0.014296
53.375428199768066,0.19804,0.014341
53.4238383769989,0.20312,0.014341
53.47181963920593,0.20525,0.014441
53.52254033088684,0.21244,0.014397
53.57174062728882,0.21763,0.014415
53.62346935272217,0.22261,0.014599
53.672372579574585,0.22656,0.01453
53.72247624397278,0.2304,0.014495
53.77135729789734,0.23357,0.014375
53.82159876823425,0.23647,0.01433
53.86944818496704,0.24256,0.014336
53.91741156578064,0.24551,0.014395
53.96727156639099,0.25036,0.014409
54.01675486564636,0.25841,0.014386
54.06471228599548,0.26321,0.014387
54.113980293273926,0.26321,0.01436
54.16232681274414,0.27111,0.014496
54.209365129470825,0.27523,0.014366
54.25587821006775,0.27924,0.014634
54.30362153053284,0.28228,0.014821
54.35391974449158,0.28728,0.01476
54.40384888648987,0.29088,0.014533
54.45345878601074,0.29403,0.014535
54.50075697898865,0.29895,0.014456
54.55042314529419,0.3008,0.014275
54.59781742095947,0.31059,0.014245
54.6457462310791,0.29267,0.014149
54.693035364151,0.055227,0.014302
54.74229955673218,0.078867,0.014338
54.79358911514282,0.089707,0.014249
54.84220361709595,0.09624,0.014153
54.890952825546265,0.10147,0.014163
54.93674993515015,0.10524,0.014105
54.98591899871826,0.11025,0.014183
55.03216314315796,0.11612,0.01427
55.0796160697937,0.11991,0.014404
55.12661790847778,0.12585,0.014351
55.17759466171265,0.12944,0.014414
55.224448680877686,0.13532,0.014328
55.27119469642639,0.14104,0.014407
55.32238960266113,0.14332,0.014565
55.37082242965698,0.14661,0.014549
55.42047071456909,0.15443,0.014546
55.469961166381836,0.16301,0.014423
55.51561999320984,0.16517,0.014465
55.56346130371094,0.17043,0.014325
55.61118245124817,0.17497,0.014326
55.65707039833069,0.17816,0.014256
55.7026846408844,0.18339,0.014297
55.75065231323242,0.18657,0.014208
55.79763388633728,0.19149,0.014209
55.84520173072815,0.19589,0.014271
55.8962881565094,0.2,0.01426
55.94270634651184,0.20296,0.014322
55.988144636154175,0.20807,0.014332
56.03822040557861,0.21113,0.014555
56.08600926399231,0.22043,0.014607
56.13449740409851,0.22132,0.014595
56.18396210670471,0.22636,0.014508
56.23421931266785,0.22921,0.014369
56.28343939781189,0.23331,0.014443
56.32975196838379,0.23636,0.014431
56.37577843666077,0.24139,0.014314
56.42137670516968,0.24937,0.014311
56.47079157829285,0.25241,0.014342
56.518539905548096,0.25721,0.014295
56.565648555755615,0.26001,0.014305
56.61338448524475,0.2642,0.014338
56.66164493560791,0.26724,0.014493
56.708375215530396,0.272,0.014758
56.75531268119812,0.27608,0.014834
56.80343222618103,0.28129,0.014821
56.85203695297241,0.28491,0.014818
56.9015474319458,0.28891,0.014571
56.94937992095947,0.29192,0.014595
56.997793197631836,0.2998,0.014636
57.04352402687073,0.30433,0.014295
57.09113693237305,0.30944,0.014289
57.13856863975525,0.050707,0.014474
57.18728685379028,0.05756,0.014113
57.23546123504639,0.070533,0.01409
57.28493523597717,0.080827,0.014218
57.331278562545776,0.089027,0.014139
57.37700533866882,0.09468,0.014135
57.43014717102051,0.10113,0.014199
57.478309631347656,0.11011,0.014191
57.52863025665283,0.11485,0.014179
57.57628130912781,0.11977,0.014261
57.62459135055542,0.12463,0.014272
57.67345881462097,0.13035,0.014321
57.72327661514282,0.13283,0.014371
57.77188158035278,0.13849,0.014438
57.824212074279785,0.14309,0.014532
57.87085270881653,0.152,0.014644
57.918734073638916,0.15639,0.014164
57.96771311759949,0.16072,0.014463
58.01538300514221,0.16492,0.014323
58.06399607658386,0.16817,0.01412
58.11063861846924,0.17265,0.014144
58.16202139854431,0.17684,0.01424
58.21063828468323,0.18217,0.014171
58.2558331489563,0.18528,0.014198
58.301974296569824,0.18927,0.014263
58.34913873672485,0.19265,0.014352
58.397884130477905,0.19672,0.014218
58.44736361503601,0.20088,0.014195
58.49263405799866,0.20589,0.014457
58.544886350631714,0.21371,0.014565
58.59266710281372,0.21709,0.014684
58.63911437988281,0.22207,0.01465
58.6891393661499,0.22501,0.014554
58.736767053604126,0.22981,0.014447
58.78660821914673,0.2318,0.014528
58.83411955833435,0.23688,0.014608
58.882243394851685,0.23983,0.014284
58.92885136604309,0.24907,0.014171
58.977139949798584,0.25285,0.014432
59.02327847480774,0.25511,0.014272
59.07544565200806,0.26,0.014129
59.123327016830444,0.264,0.014205
59.16851449012756,0.26889,0.014462
59.215649127960205,0.27197,0.014638
59.26427865028381,0.27584,0.015043
59.31206727027893,0.27987,0.01493
59.35766935348511,0.28271,0.014929
59.40892219543457,0.28776,0.014935
59.46259522438049,0.29445,0.014813
59.5093457698822,0.29853,0.014388
59.55685806274414,0.30397,0.014326
59.615448236465454,0.31027,0.014386
59.66329097747803,0.049933,0.014751
59.709712982177734,0.06212,0.014142
59.75800037384033,0.069787,0.014039
59.806039810180664,0.083413,0.014286
59.854153871536255,0.091427,0.014205
59.9016215801239,0.097147,0.014139
59.94685101509094,0.10732,0.014052
59.99477481842041,0.11109,0.01396
60.04139065742493,0.11587,0.014241
60.08992862701416,0.11844,0.014323
60.140777826309204,0.12315,0.014163
60.18958497047424,0.13008,0.014285
60.241193771362305,0.13361,0.014493
60.29132962226868,0.13917,0.014536
60.34452176094055,0.14513,0.014657
60.392094373703,0.14867,0.014837
60.439820766448975,0.15196,0.014753
60.485283613204956,0.16277,0.014513
60.53302621841431,0.16712,0.014309
60.57935547828674,0.17027,0.014341
60.62977194786072,0.17336,0.01401
60.67660665512085,0.17772,0.014196
60.72426080703735,0.18209,0.014037
60.77978730201721,0.18599,0.014159
60.825695514678955,0.19225,0.014191
60.875309228897095,0.1958,0.014146
60.920376777648926,0.20165,0.014351
60.96735644340515,0.20573,0.014317
61.017383337020874,0.21103,0.014538
61.06440353393555,0.21371,0.014627
61.1158881187439,0.21792,0.014897
61.16712665557861,0.22311,0.014881
61.2145893573761,0.22599,0.014468
61.26305055618286,0.23009,0.014311
61.3205087184906,0.23487,0.014282
61.36730885505676,0.23804,0.014249
61.41653037071228,0.24212,0.014181
61.4649133682251,0.25104,0.014273
61.51336741447449,0.254,0.014339
61.56325554847717,0.25804,0.014317
61.61374306678772,0.26415,0.014372
61.66133141517639,0.26701,0.014354
61.712623596191406,0.27081,0.015051
61.75907111167908,0.27569,0.015317
61.808478355407715,0.27872,0.015496
61.85725140571594,0.28263,0.015169
61.90658259391785,0.28683,0.014785
61.95456528663635,0.29147,0.014659
62.002946853637695,0.29356,0.014529
62.05259680747986,0.30037,0.01446
62.10121989250183,0.30237,0.014347
62.146947145462036,0.31404,0.014362
62.19534611701965,0.051987,0.014486
62.245583057403564,0.061827,0.014034
62.29251670837402,0.082867,0.014104
62.3433723449707,0.08828,0.014046
62.3938512802124,0.096973,0.014045
62.443838119506836,0.10195,0.014108
62.49350023269653,0.10691,0.014185
62.54163670539856,0.117,0.01413
62.58849382400513,0.11931,0.014191
62.63726544380188,0.12408,0.014306
62.686846017837524,0.12767,0.014341
62.73596000671387,0.13208,0.014442
62.78306341171265,0.13707,0.014443
62.83187484741211,0.1414,0.014757
62.87977838516235,0.15044,0.014856
62.92818307876587,0.15373,0.01487
62.97913670539856,0.15928,0.014665
63.024959325790405,0.1604,0.014198
63.07280111312866,0.16684,0.014132
63.11980080604553,0.17016,0.014085
63.16803336143494,0.17556,0.014161
63.21797847747803,0.17856,0.01416
63.267446517944336,0.18377,0.01437
63.31613564491272,0.188,0.014269
63.36567687988281,0.19647,0.014329
63.412704944610596,0.19932,0.014284
63.46280360221863,0.20372,0.01434
63.50956130027771,0.20859,0.01445
63.55345392227173,0.21067,0.014491
63.59924292564392,0.21573,0.015067
63.64817714691162,0.21869,0.015139
63.69469738006592,0.22368,0.014936
63.74488377571106,0.22784,0.014689
63.79251503944397,0.23284,0.014292
63.83976650238037,0.23665,0.014275
63.88919544219971,0.24185,0.014187
63.93657374382019,0.24381,0.014252
63.98224139213562,0.24871,0.014264
64.0306465625763,0.25473,0.014266
64.08016204833984,0.25799,0.014296
64.13237714767456,0.26399,0.014414
64.1804883480072,0.26765,0.014511
64.22778105735779,0.26964,0.015162
64.27799558639526,0.27455,0.015551
64.32683658599854,0.27841,0.015429
64.37313103675842,0.28225,0.015135
64.42189717292786,0.28647,0.014776
64.4704806804657,0.29027,0.014439
64.52028393745422,0.29536,0.014698
64.56793260574341,0.29917,0.014497
64.621169090271,0.3112,0.014095
64.67054915428162,0.047173,0.014896
64.7172441482544,0.058507,0.01413
64.76464748382568,0.068707,0.013991
64.81262683868408,0.07972,0.013993
64.86080861091614,0.090333,0.013977
64.91010999679565,0.09408,0.01406
64.95628714561462,0.10168,0.014018
65.00526475906372,0.10427,0.014059
65.05508184432983,0.11161,0.013985
65.10442328453064,0.12033,0.01409
65.15064239501953,0.12517,0.014143
65.20015525817871,0.12985,0.014163
65.25202059745789,0.13444,0.01436
65.30351066589355,0.13904,0.014623
65.35245156288147,0.1434,0.01473
65.40005493164062,0.14909,0.014929
65.44977378845215,0.15263,0.014701
65.49477648735046,0.15577,0.014552
65.54207420349121,0.16031,0.014182
65.59033441543579,0.16465,0.014071
65.6383125782013,0.17408,0.014095
65.68446230888367,0.17635,0.014009
65.73141193389893,0.18077,0.014047
65.78286218643188,0.18377,0.014212
65.83088946342468,0.18908,0.014223
65.87824010848999,0.19292,0.014271
65.9268250465393,0.19737,0.014299
65.97252821922302,0.20037,0.014545
66.0202054977417,0.20655,0.01478
66.06877040863037,0.20979,0.015107
66.11616969108582,0.21376,0.015315
66.1663384437561,0.21865,0.015063
66.21406698226929,0.22663,0.014611
66.26181983947754,0.23093,0.014335
66.30997824668884,0.23476,0.013845
66.35777187347412,0.23761,0.014208
66.4069128036499,0.24267,0.014315
66.4563045501709,0.24667,0.014269
66.5042655467987,0.24983,0.01421
66.55181908607483,0.25465,0.014371
66.59823989868164,0.25772,0.014367
66.64816236495972,0.26171,0.014733
66.6953387260437,0.26651,0.015151
66.74738574028015,0.26951,0.015823
66.79469919204712,0.27456,0.016067
66.84656858444214,0.27768,0.015926
66.89440751075745,0.28653,0.015525
66.94240474700928,0.29012,0.014805
66.99145340919495,0.29432,0.014481
67.04170608520508,0.29807,0.014279
67.08952021598816,0.30209,0.014367
67.13783097267151,0.31132,0.016064
67.19034099578857,0.049213,0.014033
67.2400152683258,0.058467,0.014122
67.29383635520935,0.065773,0.013965
67.34335732460022,0.076533,0.014071
67.3916540145874,0.090147,0.014092
67.43860101699829,0.10049,0.013908
67.48822855949402,0.10049,0.01395
67.53553009033203,0.11173,0.014049
67.5836911201477,0.1154,0.014136
67.63075733184814,0.12244,0.01421
67.67616391181946,0.12499,0.014345
67.72478914260864,0.12977,0.014357
67.77203512191772,0.1356,0.014693
67.81786370277405,0.14121,0.014531
67.86705541610718,0.14464,0.014859
67.91364359855652,0.14788,0.014962
67.96415996551514,0.15132,0.014815
68.01451706886292,0.15792,0.014322
68.06341123580933,0.16111,0.014078
68.11249589920044,0.17084,0.014046
68.16195631027222,0.17511,0.014003
68.2170615196228,0.17927,0.01405
68.26796555519104,0.18359,0.014147
68.31430172920227,0.18684,0.01408
68.36198568344116,0.18964,0.014308
68.41041445732117,0.19396,0.014279
68.46002006530762,0.20007,0.014411
68.5086042881012,0.20507,0.014652
68.56146264076233,0.20736,0.015133
68.61225390434265,0.21548,0.015275
68.66152048110962,0.22061,0.01513
68.71005606651306,0.22364,0.01486
68.76024103164673,0.22757,0.0142
68.80938339233398,0.23053,0.014052
68.85832834243774,0.23452,0.014043
68.9062910079956,0.23856,0.014122
68.95398187637329,0.24744,0.01424
69.00524425506592,0.24949,0.014245
69.0592634677887,0.25441,0.014322
69.11015224456787,0.25837,0.014473
69.15874361991882,0.26239,0.014731
69.20629644393921,0.26647,0.015066
69.25739097595215,0.27025,0.01596
69.30739831924438,0.27539,0.016298
69.35509324073792,0.28308,0.015941
69.40090703964233,0.28627,0.015631
69.45080184936523,0.2892,0.014897
69.49757885932922,0.29405,0.014469
69.54649305343628,0.29797,0.014371
69.596271276474,0.30189,0.014423
69.64419913291931,0.3108,0.014385
69.69309735298157,0.048907,0.014279
69.7440435886383,0.055173,0.014956
69.78982520103455,0.07064,0.013917
69.83901786804199,0.08432,0.013928
69.8903980255127,0.093773,0.014024
69.94052290916443,0.0988,0.013944
69.98732280731201,0.10396,0.013932
70.03572392463684,0.10771,0.014047
70.08371019363403,0.11392,0.014097
70.13256430625916,0.119,0.014257
70.18605852127075,0.12389,0.014319
70.23479723930359,0.12837,0.01439
70.28228783607483,0.13176,0.01454
70.32935762405396,0.13877,0.014621
70.38207936286926,0.14661,0.014851
70.43053150177002,0.15117,0.014983
70.47739934921265,0.15668,0.014829
70.52605152130127,0.1612,0.014479
70.57490563392639,0.16424,0.014223
70.62433981895447,0.16955,0.013845
70.67117214202881,0.17277,0.013898
70.71934819221497,0.17711,0.013916
70.77076053619385,0.18456,0.01405
70.82236456871033,0.18869,0.014211
70.87181305885315,0.19273,0.014234
70.91707420349121,0.19677,0.014168
70.96549534797668,0.20104,0.01454
71.01470112800598,0.20415,0.014654
71.06497406959534,0.20712,0.01523
71.1130645275116,0.21223,0.01534
71.1620991230011,0.21635,0.015488
71.21003103256226,0.22131,0.014886
71.25775456428528,0.22929,0.014488
71.30497217178345,0.23237,0.014184
71.35620284080505,0.23639,0.014129
71.40417313575745,0.24128,0.014102
71.44876003265381,0.24344,0.014124
71.49673342704773,0.24837,0.014024
71.54485511779785,0.25315,0.014315
71.59343552589417,0.25637,0.014418
71.64216923713684,0.26117,0.014457
71.68847298622131,0.26429,0.015026
71.7373161315918,0.26815,0.015869
71.78574633598328,0.27201,0.016364
71.83358860015869,0.27624,0.016329
71.88466691970825,0.28101,0.015589
71.93168354034424,0.28799,0.015127
71.97730660438538,0.29276,0.014759
72.02457928657532,0.29592,0.014485
72.07058572769165,0.2998,0.01424
72.1193630695343,0.3028,0.014442
72.16711807250977,0.31489,0.014475
72.21917986869812,0.052413,0.015223
72.26964688301086,0.062307,0.014078
72.31887698173523,0.073027,0.013855
72.3718798160553,0.08388,0.01393
72.42168998718262,0.093547,0.013974
72.47212743759155,0.097467,0.013892
72.51995539665222,0.10259,0.013787
72.56484460830688,0.11259,0.013777
72.61230111122131,0.1164,0.014012
72.65943241119385,0.12333,0.013991
72.70679044723511,0.12704,0.014438
72.7593731880188,0.13168,0.014419
72.8097243309021,0.13631,0.014506
72.85914325714111,0.14071,0.014886
72.90719485282898,0.14547,0.014994
72.95465850830078,0.15097,0.014795
73.00277423858643,0.15551,0.014643
73.05192804336548,0.16209,0.014139
73.10069727897644,0.16505,0.014033
73.14954972267151,0.16943,0.013991
73.19977355003357,0.17277,0.013906
73.2478621006012,0.17801,0.013836
73.29660105705261,0.18229,0.014047
73.3426501750946,0.18643,0.014193
73.38785886764526,0.19035,0.014274
73.43442249298096,0.19372,0.014387
73.484050989151,0.19868,0.014305
73.53384256362915,0.20791,0.014538
73.58549547195435,0.21112,0.015025
73.63415145874023,0.21507,0.015244
73.68909955024719,0.22021,0.015309
73.74250078201294,0.22421,0.014403
73.7907989025116,0.22847,0.014087
73.8444013595581,0.23209,0.01424
73.89233875274658,0.23529,0.014259
73.94243216514587,0.24029,0.014066
73.99607729911804,0.24835,0.014147
74.04455351829529,0.25207,0.01404
74.09172677993774,0.25517,0.014267
74.13946390151978,0.25912,0.014523
74.18811440467834,0.26427,0.014419
74.24059915542603,0.26521,0.015279
74.28822493553162,0.26996,0.016171
74.33423519134521,0.27503,0.016649
74.38365149497986,0.28281,0.015846
74.43121480941772,0.2868,0.015429
74.47944068908691,0.29096,0.014934
74.53003525733948,0.29183,0.014709
74.5760006904602,0.29863,0.014597
74.62695646286011,0.30067,0.014363
74.6751160621643,0.30801,0.014422
74.72134900093079,0.3142,0.014613
74.76853823661804,0.051653,0.014237
74.81828999519348,0.061667,0.013836
74.86388611793518,0.08612,0.013946
74.91279363632202,0.093373,0.01385
74.9623613357544,0.099867,0.013746
75.01041221618652,0.1036,0.013739
75.0585024356842,0.10881,0.013686
75.10877895355225,0.11449,0.014142
75.15556240081787,0.11847,0.014142
75.2045259475708,0.12313,0.014105
75.25235390663147,0.12904,0.01442
75.30051612854004,0.13284,0.014459
75.34852457046509,0.13965,0.01488
75.39989495277405,0.14409,0.014913
75.45128846168518,0.14844,0.014969
75.50525879859924,0.15639,0.014489
75.55329704284668,0.16073,0.014349
75.604172706604,0.16501,0.014073
75.65074563026428,0.16949,0.01405
75.70048499107361,0.17256,0.013959
75.75058841705322,0.17872,0.013966
75.79911923408508,0.18304,0.014166
75.8460488319397,0.18712,0.014219
75.89492678642273,0.19041,0.014193
75.94189810752869,0.19463,0.014472
75.99130201339722,0.19869,0.014443
76.04060912132263,0.20287,0.014894
76.09119272232056,0.20597,0.014915
76.13780999183655,0.21611,0.015324
76.18773078918457,0.21992,0.01527
76.23440647125244,0.22387,0.014835
76.28244948387146,0.22795,0.014284
76.33040714263916,0.23104,0.014259
76.37870001792908,0.23497,0.014112
76.4356861114502,0.23808,0.013996
76.48337745666504,0.24395,0.014088
76.53067421913147,0.24912,0.014259
76.5771267414093,0.25289,0.014252
76.62299489974976,0.25915,0.014434
76.66953635215759,0.26192,0.014523
76.71719646453857,0.26593,0.014614
76.7650945186615,0.26891,0.014947
76.81535220146179,0.27485,0.015899
76.86051821708679,0.27584,0.016871
76.9080421924591,0.28264,0.016078
76.95862364768982,0.2858,0.01496
77.00890016555786,0.29068,0.014457
77.05842971801758,0.29348,0.014552
77.11099195480347,0.29868,0.014274
77.15724396705627,0.30793,0.014345
77.20350408554077,0.31189,0.014405
77.2554259300232,0.056227,0.013996
77.30647492408752,0.06416,0.014225
77.35520839691162,0.07212,0.013989
77.4066870212555,0.085787,0.013958
77.45291352272034,0.09556,0.013913
77.50088214874268,0.099507,0.013836
77.55146026611328,0.1046,0.013662
77.5998764038086,0.11444,0.013702
77.64849615097046,0.11823,0.014063
77.69903564453125,0.12307,0.014129
77.74662661552429,0.12904,0.014265
77.792959690094,0.13364,0.014293
77.84547090530396,0.13581,0.014688
77.89678955078125,0.14167,0.014712
77.9486231803894,0.1504,0.014939
77.99678468704224,0.15383,0.01443
78.0447096824646,0.15725,0.014021
78.09385824203491,0.16241,0.014014
78.14194560050964,0.16904,0.014022
78.19329404830933,0.17343,0.013927
78.24185252189636,0.17759,0.013766
78.28957438468933,0.18172,0.013718
78.33400225639343,0.18397,0.01413
78.38261461257935,0.18921,0.014265
78.43077063560486,0.19229,0.014249
78.47710084915161,0.19735,0.014384
78.52369928359985,0.2004,0.014667
78.57026553153992,0.20876,0.014786
78.61839532852173,0.20876,0.015172
78.66551232337952,0.21679,0.015322
78.71427798271179,0.22197,0.015125
78.76362419128418,0.22589,0.014412
78.81125259399414,0.23011,0.014199
78.86191987991333,0.23192,0.014211
78.91106057167053,0.23689,0.014178
78.9598319530487,0.24096,0.014047
79.00625681877136,0.24693,0.013966
79.0540783405304,0.252,0.014215
79.10424447059631,0.2568,0.014225
79.15217018127441,0.25984,0.014372
79.19896531105042,0.26189,0.014559
79.25313115119934,0.26989,0.015082
79.29971742630005,0.27285,0.015675
79.35071611404419,0.27873,0.016476
79.39888024330139,0.28165,0.015806
79.44658851623535,0.28359,0.015017
79.49633574485779,0.28763,0.01459
79.54394316673279,0.29239,0.014666
79.59236645698547,0.29543,0.014541
79.64125537872314,0.30025,0.014265
79.69249701499939,0.30328,0.014467
79.73696565628052,0.31357,0.014304
79.78521752357483,0.050787,0.014193
79.83438420295715,0.07448,0.013754
79.88137435913086,0.085053,0.013967
79.9262683391571,0.091573,0.013896
79.97461938858032,0.096747,0.013883
80.02284407615662,0.10309,0.013758
80.07348585128784,0.10825,0.01354
80.1259217262268,0.11431,0.013706
80.1748034954071,0.11924,0.013919
80.22330904006958,0.12412,0.014264
80.2723639011383,0.12873,0.014323
80.3192138671875,0.1346,0.01432
80.36856698989868,0.13579,0.014664
80.41711187362671,0.1472,0.014822
80.46296620368958,0.14935,0.01477
80.50827884674072,0.15167,0.014613
80.55460405349731,0.15715,0.014315
80.60665369033813,0.16135,0.013895
80.65566325187683,0.16692,0.013994
80.70337867736816,0.17,0.014017
80.74946618080139,0.17551,0.013818
80.79758214950562,0.17955,0.013625
80.84532380104065,0.18169,0.014033
80.8918092250824,0.19107,0.014116
80.94182467460632,0.19413,0.01424
80.98812341690063,0.19731,0.014246
81.03663420677185,0.20349,0.014398
81.08349990844727,0.20865,0.014923
81.13520884513855,0.21067,0.015156
81.18902134895325,0.21451,0.015203
81.23804450035095,0.21977,0.014887
81.28646159172058,0.22583,0.014244
81.33501768112183,0.22988,0.014107
81.38427233695984,0.23571,0.014128
81.43226385116577,0.23888,0.014066
81.48285555839539,0.24281,0.013873
81.53040957450867,0.24664,0.014253
81.5765368938446,0.25069,0.014299
81.6323549747467,0.25465,0.014372
81.67876267433167,0.26068,0.014441
81.72937107086182,0.26364,0.014439
81.77912783622742,0.26771,0.014998
81.82786464691162,0.27364,0.015421
81.87634921073914,0.27863,0.016183
81.92329406738281,0.28156,0.015659
81.97074580192566,0.28544,0.014869
82.02138447761536,0.28833,0.014736
82.07186961174011,0.29336,0.014654
82.1203281879425,0.29637,0.014344
82.17016053199768,0.30009,0.014081
82.2209222316742,0.046667,0.016058
82.26971220970154,0.051547,0.014312
82.3213164806366,0.057813,0.013819
82.36917209625244,0.07256,0.013886
82.41620898246765,0.082187,0.01382
82.46315836906433,0.092733,0.013834
82.5146095752716,0.097933,0.013637
82.56078815460205,0.10296,0.013611
82.60920023918152,0.11172,0.013694
82.65618062019348,0.11563,0.013831
82.70463824272156,0.12028,0.01399
82.75190472602844,0.12863,0.014202
82.80032277107239,0.1332,0.01425
82.8475661277771,0.13681,0.014283
82.89522051811218,0.14135,0.014497
82.94602131843567,0.14477,0.014652
82.99604964256287,0.14693,0.014617
83.04649496078491,0.15357,0.014268
83.09543490409851,0.16336,0.01384
83.14497089385986,0.16556,0.013825
83.1917884349823,0.17099,0.013913
83.23882937431335,0.17521,0.013849
83.2873888015747,0.17939,0.013722
83.33437728881836,0.18261,0.013713
83.38831925392151,0.18897,0.013977
83.43957567214966,0.19307,0.014036
83.48745036125183,0.19712,0.014326
83.53934168815613,0.20111,0.014466
83.5879168510437,0.20524,0.014611
83.64063429832458,0.20932,0.014978
83.69357180595398,0.21755,0.015054
83.73931908607483,0.22068,0.015026
83.78697752952576,0.22457,0.014531
83.83616781234741,0.22879,0.014008
83.89299368858337,0.2316,0.014044
83.94056272506714,0.23671,0.013997
83.98459577560425,0.24463,0.013831
84.03217816352844,0.24753,0.013972
84.0779173374176,0.24964,0.014083
84.1259868144989,0.25364,0.014298
84.17403864860535,0.25837,0.014146
84.22397589683533,0.26057,0.01468
84.27084231376648,0.26545,0.014875
84.31821131706238,0.26941,0.015768
84.36601710319519,0.27719,0.016117
84.41476607322693,0.28012,0.015945
84.46316003799438,0.28432,0.01521
84.5097234249115,0.28824,0.014738
84.55934166908264,0.29212,0.014666
84.60897707939148,0.29604,0.013815
84.65631675720215,0.3008,0.013815
84.7045385837555,0.30455,0.014328
84.75125503540039,0.045573,0.013682
84.7994794845581,0.055093,0.014231
84.84632802009583,0.059907,0.013741
84.89472699165344,0.07068,0.013852
84.93939208984375,0.08408,0.013871
84.98704886436462,0.095,0.013897
85.03101372718811,0.09772,0.013715
85.07973217964172,0.104,0.013626
85.12678027153015,0.10796,0.013801
85.17652440071106,0.11411,0.013836
85.22588419914246,0.1248,0.014039
85.27446150779724,0.12956,0.014134
85.3208692073822,0.13303,0.014314
85.36897015571594,0.13767,0.014381
85.41570711135864,0.14324,0.014539
85.46556854248047,0.14561,0.014606
85.51333498954773,0.15113,0.014552
85.56211948394775,0.15548,0.014086
85.61367893218994,0.15884,0.013887
85.66386914253235,0.16439,0.01384
85.71235299110413,0.16859,0.013826
85.7607364654541,0.17387,0.013813
85.8116283416748,0.18032,0.013773
85.86089611053467,0.18557,0.013951
85.90896677970886,0.18771,0.013961
85.9554090499878,0.19385,0.014198
86.00414443016052,0.19781,0.014396
86.05171966552734,0.20183,0.014327
86.0983362197876,0.20515,0.014644
86.1458625793457,0.20819,0.01482
86.19227313995361,0.21616,0.014932
86.24026775360107,0.21831,0.014839
86.28954434394836,0.22435,0.014152
86.33782982826233,0.22867,0.014054
86.3864209651947,0.23133,0.01396
86.43408703804016,0.23545,0.013939
86.48322367668152,0.24235,0.013903
86.53233885765076,0.24533,0.013981
86.58183431625366,0.24933,0.014133
86.62982726097107,0.25337,0.014219
86.67676997184753,0.25728,0.0143
86.72505784034729,0.26119,0.014251
86.77030992507935,0.2642,0.014808
86.81723237037659,0.26921,0.015173
86.86733436584473,0.27333,0.015765
86.91368460655212,0.27799,0.015698
86.96152305603027,0.28499,0.015027
87.00735211372375,0.28804,0.014977
87.05484867095947,0.29176,0.014513
87.10088610649109,0.29571,0.014343
87.15306663513184,0.29945,0.014261
87.20247745513916,0.30255,0.014169
87.24869894981384,0.31043,0.014319
87.29995846748352,0.046973,0.01458
87.3475022315979,0.057067,0.013698
87.39577794075012,0.067413,0.013736
87.44394302368164,0.089213,0.013764
87.49106550216675,0.095987,0.01384
87.5384590625763,0.099813,0.013707
87.58521604537964,0.10375,0.013665
87.63479781150818,0.10877,0.01382
87.68209433555603,0.11503,0.013924
87.72881245613098,0.11973,0.014119
87.77406716346741,0.12593,0.014095
87.82180213928223,0.12813,0.014263
87.86795330047607,0.13499,0.014313
87.91237187385559,0.13848,0.014506
87.96228265762329,0.14296,0.014639
88.01050853729248,0.14632,0.014573
88.05990290641785,0.15191,0.014317
88.10557413101196,0.16184,0.014003
88.15455317497253,0.16396,0.01381
88.20175576210022,0.16723,0.013714
88.25135254859924,0.17257,0.013733
88.29815673828125,0.17685,0.013916
88.34728217124939,0.18221,0.013757
88.39426517486572,0.18647,0.014073
88.4423131942749,0.19029,0.013982
88.48672437667847,0.19457,0.01426
88.53654956817627,0.19887,0.014433
88.58245515823364,0.20297,0.014528
88.63257622718811,0.20679,0.014591
88.68158459663391,0.21215,0.014779
88.72886061668396,0.21503,0.014742
88.77573585510254,0.21811,0.014615
88.83053135871887,0.22321,0.014275
88.87839102745056,0.23225,0.013974
88.9281656742096,0.23517,0.013865
88.97743725776672,0.23917,0.013896
89.02570629119873,0.24328,0.013885
89.07323837280273,0.24708,0.014135
89.12022924423218,0.25127,0.014307
89.16560196876526,0.25419,0.01426
89.21177458763123,0.25917,0.014337
89.25829529762268,0.26213,0.014401
89.30911874771118,0.26503,0.014925
89.35777831077576,0.27191,0.014953
89.40791535377502,0.27408,0.015634
89.45716547966003,0.28381,0.015366
89.50928473472595,0.28807,0.014681
89.56440877914429,0.29092,0.014579
89.61128520965576,0.29483,0.014134
89.66037774085999,0.29945,0.014263
89.70807433128357,0.30401,0.014186
89.75656342506409,0.30601,0.01387
89.80466747283936,0.04664,0.014509
89.85070562362671,0.056293,0.01381
89.8958990573883,0.064427,0.013769
89.94464349746704,0.080653,0.013768
89.99722647666931,0.08884,0.013682
90.04438185691833,0.10224,0.013738
90.0930278301239,0.10741,0.01371
90.14326071739197,0.11221,0.013688
90.19144678115845,0.11716,0.013862
90.23568677902222,0.12088,0.01387
90.28584098815918,0.12456,0.014114
90.33548426628113,0.12901,0.014205
90.38426566123962,0.13592,0.014404
90.4333508014679,0.14056,0.014538
90.4793291091919,0.144,0.014605
90.52898168563843,0.14733,0.01448
90.57802724838257,0.15296,0.014302
90.62423419952393,0.15856,0.013923
90.67269778251648,0.16277,0.01397
90.72151613235474,0.17047,0.013644
90.77005958557129,0.17367,0.013716
90.81601166725159,0.1788,0.013828
90.86518931388855,0.18309,0.014041
90.91375875473022,0.18508,0.014057
90.9602723121643,0.1904,0.014179
91.01230072975159,0.19567,0.014349
91.0574963092804,0.20361,0.014385
91.10599660873413,0.20575,0.014507
91.15887832641602,0.21003,0.014538
91.20538544654846,0.21291,0.014749
91.25572156906128,0.21799,0.014798
91.30402064323425,0.22111,0.014327
91.35266160964966,0.22616,0.014089
91.4030499458313,0.22912,0.013954
91.44802522659302,0.23715,0.013626
91.49587488174438,0.24195,0.013909
91.54694437980652,0.24421,0.013993
91.5959689617157,0.24911,0.014251
91.64392232894897,0.25296,0.014328
91.69084215164185,0.25884,0.014308
91.73570609092712,0.26291,0.01437
91.78140044212341,0.26481,0.014227
91.82707142829895,0.27084,0.014689
91.87460613250732,0.27283,0.015019
91.9200177192688,0.27773,0.015282
91.96789598464966,0.28172,0.015036
92.01513814926147,0.28581,0.014614
92.06104707717896,0.28849,0.014366
92.11043524742126,0.29153,0.014199
92.15913820266724,0.29755,0.014325
92.20865750312805,0.30137,0.014208
92.25707912445068,0.30549,0.014235
92.30258393287659,0.05352,0.013729
92.35090517997742,0.05352,0.013993
92.39841771125793,0.0612,0.013573
92.44646143913269,0.08436,0.013835
92.49363350868225,0.09292,0.013765
92.54188203811646,0.098253,0.013699
92.59105515480042,0.1034,0.013763
92.63969683647156,0.10828,0.013731
92.68724584579468,0.11219,0.013795
92.73771810531616,0.1172,0.014048
92.78383278846741,0.1218,0.014154
92.83120250701904,0.12911,0.014249
92.87988138198853,0.13708,0.014264
92.9289038181305,0.13824,0.014345
92.97751760482788,0.14387,0.014384
93.02624940872192,0.14941,0.014404
93.07494878768921,0.15269,0.014293
93.12206077575684,0.15707,0.014246
93.16820454597473,0.16155,0.013914
93.21835947036743,0.17021,0.013857
93.26553964614868,0.17228,0.013683
93.31371450424194,0.17764,0.013864
93.36781573295593,0.18088,0.013918
93.417897939682,0.18492,0.014189
93.46577477455139,0.1892,0.014247
93.51288223266602,0.19631,0.014176
93.56062698364258,0.19955,0.014349
93.60861206054688,0.20459,0.014372
93.65602684020996,0.20863,0.014398
93.70539712905884,0.21265,0.014632
93.75336956977844,0.21587,0.014588
93.80006337165833,0.222,0.014615
93.84841799736023,0.22284,0.014317
93.89181637763977,0.22783,0.013934
93.94517493247986,0.23192,0.013859
93.99181842803955,0.23992,0.013936
94.03858542442322,0.24501,0.014059
94.08599519729614,0.24883,0.014112
94.13854813575745,0.25181,0.014178
94.18532538414001,0.25587,0.014328
94.23314809799194,0.26103,0.014303
94.28081893920898,0.26389,0.01421
94.32987022399902,0.26865,0.014564
94.37954187393188,0.27083,0.014853
94.42891550064087,0.27573,0.01478
94.47755241394043,0.27957,0.014869
94.52548217773438,0.28353,0.014485
94.57576966285706,0.28667,0.014319
94.62569308280945,0.29643,0.014254
94.67188239097595,0.2994,0.014052
94.71887278556824,0.30296,0.014152
94.76665425300598,0.30927,0.01397
94.81788086891174,0.04552,0.014421
94.86442828178406,0.05512,0.013689
94.9098253250122,0.06616,0.01365
94.95916152000427,0.074133,0.013862
95.01528000831604,0.08776,0.013679
95.06172013282776,0.10177,0.013663
95.11130499839783,0.10571,0.013613
95.1590747833252,0.11069,0.013714
95.20834922790527,0.11557,0.013898
95.26001286506653,0.11927,0.014074
95.30777311325073,0.12407,0.014329
95.35828852653503,0.13113,0.014253
95.4093873500824,0.13803,0.014343
95.45729184150696,0.14253,0.014333
95.50520515441895,0.14693,0.0144
95.55373167991638,0.15145,0.014371
95.60238409042358,0.15583,0.014173
95.64857792854309,0.15704,0.014048
95.69642329216003,0.16263,0.014004
95.7443699836731,0.16671,0.01379
95.79312419891357,0.17216,0.013823
95.8400206565857,0.17936,0.013902
95.88515710830688,0.18471,0.014031
95.93456101417542,0.18783,0.014096
95.98441171646118,0.19288,0.014094
96.0340404510498,0.19707,0.014122
96.08136439323425,0.20021,0.01409
96.12911295890808,0.20336,0.014189
96.17641139030457,0.20748,0.014363
96.22576022148132,0.21259,0.014423
96.27496385574341,0.2168,0.014318
96.32423162460327,0.22265,0.014299
96.37153053283691,0.22665,0.01431
96.41789865493774,0.23183,0.014013
96.46625113487244,0.23688,0.013963
96.51345443725586,0.23883,0.013984
96.56587767601013,0.2438,0.014092
96.6155936717987,0.24787,0.014168
96.6625165939331,0.2518,0.014148
96.71012949943542,0.25676,0.014154
96.75779891014099,0.25961,0.014039
96.80800414085388,0.26352,0.014228
96.85401773452759,0.26745,0.0143
96.90235996246338,0.27549,0.014433
96.94943356513977,0.27832,0.014805
96.99616980552673,0.28451,0.01461
97.04385232925415,0.28617,0.014402
97.09070873260498,0.29228,0.014241
97.1383171081543,0.29425,0.014199
97.18426489830017,0.29712,0.014097
97.23307752609253,0.30024,0.014156
97.28154754638672,0.30497,0.014332
97.3285264968872,0.043333,0.014318
97.37608981132507,0.065693,0.013828
97.42599558830261,0.07412,0.013723
97.48103380203247,0.087467,0.013895
97.53401160240173,0.09528,0.013884
97.5806941986084,0.10065,0.013745
97.62907886505127,0.10557,0.013739
97.68004775047302,0.10915,0.013976
97.72944378852844,0.11423,0.014096
97.78199577331543,0.11912,0.014167
97.83141469955444,0.12507,0.014189
97.87894320487976,0.13436,0.01421
97.92904806137085,0.13796,0.014135
97.9781060218811,0.1414,0.014298
98.02831363677979,0.14808,0.014278
98.07775211334229,0.15147,0.014301
98.12688422203064,0.15457,0.014249
98.17903161048889,0.15912,0.014202
98.22894048690796,0.16439,0.013944
98.28165030479431,0.17295,0.013862
98.32928466796875,0.17828,0.013839
98.37740898132324,0.1794,0.014055
98.42481875419617,0.18455,0.013984
98.47373127937317,0.18887,0.014195
98.52116084098816,0.19385,0.014248
98.56989860534668,0.19917,0.014209
98.62066411972046,0.20331,0.014279
98.66909980773926,0.20753,0.014217
98.72177743911743,0.21053,0.014275
98.76949143409729,0.21436,0.014279
98.81697988510132,0.22241,0.014379
98.86495590209961,0.22651,0.014341
98.9192430973053,0.23065,0.014128
98.9684853553772,0.23476,0.014065
99.02035522460938,0.23857,0.014113
99.07005500793457,0.24247,0.014139
99.11718344688416,0.24652,0.014164
99.16490316390991,0.25149,0.014154
99.21706032752991,0.25859,0.014192
99.26445960998535,0.26156,0.014191
99.31100821495056,0.26544,0.014374
99.35799360275269,0.26943,0.01431
99.40621829032898,0.27335,0.014221
99.45395183563232,0.27744,0.014391
99.50057554244995,0.28143,0.014311
99.54786562919617,0.28521,0.014173
99.59709334373474,0.28827,0.014286
99.64422941207886,0.29313,0.014292
99.694748878479,0.29705,0.014216
99.74071288108826,0.30001,0.014241
99.78675675392151,0.30461,0.014284
99.83503842353821,0.040747,0.014218
99.88070511817932,0.06256,0.01395
99.92508625984192,0.070747,0.013935
99.97140312194824,0.070747,0.013938
100.01762533187866,0.078947,0.013807
100.06797122955322,0.097747,0.013907
100.11812663078308,0.10404,0.013985
100.16796231269836,0.10775,0.014073
100.21772408485413,0.11291,0.014062
100.26390051841736,0.11647,0.014218
100.31309652328491,0.12353,0.01408
100.35953974723816,0.13063,0.014179
100.41026854515076,0.13525,0.014267
100.46176719665527,0.13973,0.014277
100.51347804069519,0.14333,0.014275
100.56296801567078,0.14796,0.014332
100.60839104652405,0.15217,0.014427
100.65629720687866,0.15671,0.014315
100.70470142364502,0.1622,0.014154
100.75244688987732,0.16856,0.014042
100.7976016998291,0.17287,0.014111
100.84844279289246,0.17809,0.013949
100.89436745643616,0.18245,0.014075
100.9430832862854,0.18659,0.014096
100.99383735656738,0.19067,0.014067
101.0398805141449,0.19579,0.014298
101.08898830413818,0.19977,0.014312
101.1383376121521,0.20307,0.014255
101.18805885314941,0.20717,0.014281
101.23502802848816,0.21132,0.01445
101.28148198127747,0.21549,0.014323
101.33638501167297,0.21743,0.014314
101.39058113098145,0.22853,0.014243
101.43883657455444,0.23027,0.014206
101.48467588424683,0.23543,0.014031
101.53771567344666,0.23952,0.014068
101.5864987373352,0.24347,0.01413
101.63526511192322,0.24828,0.01417
101.6832811832428,0.25137,0.014213
101.7293610572815,0.25536,0.014175
101.78153371810913,0.25939,0.014265
101.82946753501892,0.26307,0.014237
101.87834429740906,0.26824,0.014344
101.92637181282043,0.27603,0.014174
101.97405004501343,0.27824,0.014437
102.02137851715088,0.28193,0.014319
102.06958317756653,0.28609,0.014256
102.12158226966858,0.28924,0.014296
102.16979026794434,0.29297,0.014134
102.21700835227966,0.30081,0.0142
102.26480412483215,0.3044,0.014107
102.3099513053894,0.042173,0.014228
102.35769009590149,0.046627,0.014324
102.4074649810791,0.059333,0.014102
102.45685315132141,0.073187,0.014059
102.50655603408813,0.081173,0.013909
102.55304408073425,0.093627,0.013956
102.60179257392883,0.097373,0.014017
102.65000176429749,0.10261,0.013974
102.70000267028809,0.10897,0.014076
102.74731159210205,0.11385,0.014062
102.79505324363708,0.11745,0.014157
102.84429430961609,0.12357,0.013998
102.893399477005,0.13296,0.014088
102.94295001029968,0.13885,0.014178
102.98944354057312,0.14199,0.014197
103.03672289848328,0.14545,0.014246
103.08252382278442,0.15085,0.01429
103.13043880462646,0.15425,0.014217
103.179119348526,0.15875,0.014199
103.2305645942688,0.16321,0.013869
103.27759885787964,0.16853,0.01407
103.32510089874268,0.17169,0.01402
103.37410545349121,0.17679,0.014075
103.42256355285645,0.18216,0.014048
103.4704818725586,0.18528,0.01416
103.51951909065247,0.18949,0.014148
103.56703352928162,0.19687,0.014153
103.61247777938843,0.20184,0.014061
103.66364598274231,0.20708,0.01423
103.71115946769714,0.20983,0.014228
103.75876951217651,0.21424,0.01436
103.8072612285614,0.21805,0.014275
103.85635566711426,0.22324,0.014424
103.90357828140259,0.22432,0.014249
103.95419526100159,0.23135,0.014207
104.00106859207153,0.23235,0.014221
104.04884457588196,0.23945,0.013932
104.09707355499268,0.24241,0.014321
104.14442491531372,0.24635,0.014213
104.18972158432007,0.25032,0.014316
104.23797082901001,0.25417,0.014177
104.28670859336853,0.25823,0.014471
104.33364248275757,0.26605,0.014161
104.38325238227844,0.26907,0.014336
104.42858672142029,0.27404,0.014181
104.47791409492493,0.27804,0.014405
104.52561497688293,0.28189,0.014388
104.57403635978699,0.28493,0.014241
104.62020874023438,0.29085,0.014335
104.66844034194946,0.29389,0.014352
104.71646475791931,0.29884,0.014242
104.76307773590088,0.3008,0.014117
104.81060552597046,0.31035,0.014313
104.85789251327515,0.046333,0.014268
104.9069333076477,0.059067,0.013914
104.95911598205566,0.064267,0.014249
105.0097427368164,0.078067,0.014086
105.05853247642517,0.089053,0.014032
105.10405349731445,0.10101,0.014099
105.15005731582642,0.10365,0.014119
105.20126557350159,0.11123,0.014089
105.25043106079102,0.11613,0.014233
105.29764676094055,0.11972,0.014181
105.3478331565857,0.12545,0.014157
105.4008891582489,0.13045,0.014152
105.44804191589355,0.13272,0.01421
105.49875521659851,0.13949,0.014185
105.54623103141785,0.14304,0.014349
105.59716629981995,0.15192,0.014123
105.64432048797607,0.15632,0.014147
105.69243431091309,0.16059,0.014211
105.74142074584961,0.16508,0.01413
105.79055380821228,0.16848,0.014189
105.84038853645325,0.17464,0.014061
105.88919043540955,0.17776,0.014117
105.93649554252625,0.18216,0.014045
105.98369526863098,0.18528,0.014077
106.0358989238739,0.1896,0.014146
106.08442544937134,0.19432,0.014249
106.13351845741272,0.19776,0.014146
106.18279790878296,0.2078,0.014084
106.23137736320496,0.21096,0.014203
106.2796585559845,0.21485,0.014271
106.32851505279541,0.21904,0.014199
106.37466073036194,0.22321,0.014371
106.42328667640686,0.22615,0.014253
106.47198629379272,0.23121,0.014295
106.5173122882843,0.23527,0.014141
106.56460452079773,0.2392,0.014162
106.61281681060791,0.244,0.014104
106.65997910499573,0.24613,0.014186
106.70746850967407,0.25204,0.01427
106.75621795654297,0.25495,0.014052
106.8011736869812,0.26003,0.014168
106.84662795066833,0.26195,0.0142
106.89589858055115,0.26584,0.014214
106.94474172592163,0.27391,0.014261
106.99190282821655,0.27689,0.01426
107.03847599029541,0.2838,0.014308
107.08879327774048,0.28672,0.014323
107.13665199279785,0.28971,0.014343
107.18484544754028,0.29476,0.014276
107.23102140426636,0.2976,0.014215
107.27848291397095,0.30155,0.01414
107.32667255401611,0.30991,0.014332
107.37608671188354,0.041627,0.014197
107.42344784736633,0.055693,0.014098
107.47334623336792,0.063973,0.014146
107.52162981033325,0.080467,0.01411
107.57107448577881,0.097,0.014131
107.6181263923645,0.099693,0.013987
107.66515684127808,0.10599,0.014105
107.71287941932678,0.11099,0.014063
107.7622332572937,0.11612,0.01412
107.80896520614624,0.1194,0.014162
107.85654711723328,0.12541,0.014169
107.90574741363525,0.12893,0.014062
107.95657706260681,0.13467,0.014195
108.00894451141357,0.13712,0.014151
108.05633854866028,0.14379,0.014178
108.10201716423035,0.15265,0.014247
108.15322494506836,0.15392,0.014176
108.20033979415894,0.15955,0.014184
108.24800992012024,0.16279,0.014228
108.29598903656006,0.16791,0.014178
108.3444275856018,0.17464,0.014111
108.39137983322144,0.17464,0.014085
108.43911576271057,0.18389,0.014234
108.4859938621521,0.186,0.014262
108.53832221031189,0.19332,0.014126
108.5867486000061,0.19439,0.014122
108.63447690010071,0.2014,0.014214
108.6819121837616,0.2056,0.014212
108.728196144104,0.21068,0.014147
108.77674603462219,0.21377,0.014125
108.82764101028442,0.21797,0.014262
108.87455701828003,0.22181,0.014219
108.92303347587585,0.22587,0.014208
108.97605848312378,0.22905,0.014204
109.0237181186676,0.23709,0.014108
109.071937084198,0.24193,0.014238
109.11972832679749,0.24388,0.014116
109.17133855819702,0.24885,0.014145
109.21774506568909,0.25292,0.014205
109.26586174964905,0.25681,0.014166
109.314462184906,0.25991,0.014219
109.36211609840393,0.26481,0.014227
109.41032648086548,0.26876,0.014291
109.4579746723175,0.27289,0.014331
109.5057258605957,0.27473,0.01423
109.55001521110535,0.28069,0.014207
109.5976574420929,0.28865,0.014255
109.64525270462036,0.29063,0.014204
109.69508194923401,0.29548,0.014247
109.74355292320251,0.29729,0.014238
109.79069232940674,0.30559,0.014085
109.83905506134033,0.043307,0.014142
109.88595414161682,0.04772,0.014124
109.93569326400757,0.060453,0.014107
109.97948098182678,0.071587,0.014127
110.02792429924011,0.07716,0.014052
110.07420635223389,0.085213,0.014072
110.12456703186035,0.095693,0.013938
110.17264819145203,0.10327,0.013998
110.22126913070679,0.10944,0.014073
110.2733383178711,0.11447,0.014117
110.32063317298889,0.12153,0.014288
110.3685290813446,0.12652,0.014135
110.42024159431458,0.13132,0.01423
110.46697783470154,0.13589,0.014225
110.51353144645691,0.14036,0.014267
110.56297516822815,0.1426,0.014116
110.61101126670837,0.14948,0.014196
110.66043639183044,0.15255,0.014144
110.7073769569397,0.15707,0.014088
110.75945925712585,0.16236,0.014027
110.80822730064392,0.17016,0.014125
110.8567864894867,0.17432,0.014171
110.90481686592102,0.17948,0.014187
110.95105743408203,0.18373,0.014205
111.00120735168457,0.18801,0.014157
111.04666376113892,0.19223,0.01409
111.09436082839966,0.19616,0.014151
111.1417407989502,0.19939,0.014199
111.18893361091614,0.20348,0.014278
111.23940443992615,0.20768,0.014226
111.28829956054688,0.21269,0.014199
111.33850145339966,0.21553,0.014271
111.38573288917542,0.22375,0.01427
111.43352127075195,0.22568,0.014295
111.48316192626953,0.23072,0.014217
111.53329300880432,0.23463,0.014468
111.58227872848511,0.23772,0.014255
111.6294116973877,0.2428,0.014222
111.67887425422668,0.24685,0.014124
111.72602963447571,0.25185,0.014127
111.77410173416138,0.25476,0.014143
111.82326865196228,0.26273,0.014131
111.87140083312988,0.26636,0.014138
111.92057847976685,0.26963,0.014137
111.97224617004395,0.2726,0.014265
112.01946568489075,0.27848,0.014201
112.0689377784729,0.28141,0.014194
112.11672925949097,0.28552,0.014182
112.16531229019165,0.2904,0.014241
112.21143651008606,0.29417,0.014182
112.25639986991882,0.29833,0.014158
112.30624294281006,0.30113,0.014108
112.3533673286438,0.30503,0.01433
112.40020751953125,0.044587,0.014191
112.44785737991333,0.06572,0.014082
112.49536490440369,0.071173,0.01406
112.54651069641113,0.08216,0.014458
112.59420418739319,0.094,0.014187
112.6405725479126,0.097907,0.014144
112.68863916397095,0.10181,0.014169
112.74224185943604,0.1094,0.014225
112.79024887084961,0.11055,0.014202
112.83483934402466,0.11904,0.014232
112.88333463668823,0.12027,0.014347
112.93485379219055,0.1322,0.014242
112.98271203041077,0.13781,0.014194
113.03193950653076,0.14119,0.014302
113.07911086082458,0.14572,0.014188
113.1270112991333,0.14928,0.014241
113.17543601989746,0.15459,0.014041
113.21942353248596,0.15911,0.01414
113.26604557037354,0.16135,0.014179
113.31551265716553,0.16992,0.014199
113.3648943901062,0.17415,0.014144
113.41105580329895,0.17415,0.014116
113.46064901351929,0.17948,0.013993
113.51002526283264,0.18909,0.014081
113.55385494232178,0.19305,0.014243
113.60132336616516,0.19305,0.013968
113.64990782737732,0.20001,0.01423
113.6972713470459,0.20533,0.014248
113.74537348747253,0.20748,0.014179
113.79347848892212,0.2136,0.014381
113.84247756004333,0.21661,0.014207
113.88912725448608,0.22076,0.014256
113.9365005493164,0.22559,0.014357
113.98431944847107,0.22961,0.014206
114.03195834159851,0.23355,0.014274
114.08087658882141,0.23661,0.014322
114.13011264801025,0.24161,0.014236
114.17831301689148,0.24657,0.014257
114.2289924621582,0.24851,0.014115
114.27884483337402,0.25749,0.014119
114.32437825202942,0.26047,0.014199
114.37300658226013,0.2646,0.014137
114.41925430297852,0.26852,0.014247
114.46672749519348,0.27336,0.01388
114.52118229866028,0.27719,0.014324
114.56874775886536,0.28129,0.014264
114.61621141433716,0.28519,0.014458
114.66424226760864,0.28709,0.014388
114.71389889717102,0.29297,0.014119
114.76572465896606,0.29693,0.014248
114.81424474716187,0.30496,0.01414
114.86142468452454,0.03976,0.014242
114.90792560577393,0.048973,0.014198
114.95642733573914,0.05976,0.014093
115.00795698165894,0.070747,0.014278
115.05645871162415,0.08432,0.014245
115.10361623764038,0.089987,0.014161
115.15151619911194,0.10149,0.014282
115.19977068901062,0.10417,0.014178
115.24726057052612,0.11055,0.014166
115.29367542266846,0.11548,0.014212
115.34393811225891,0.11891,0.014234
115.39351844787598,0.12495,0.014202
115.44061732292175,0.12848,0.014163
115.4886691570282,0.13415,0.014193
115.53531813621521,0.13884,0.014266
115.58110117912292,0.1446,0.014254
115.63036489486694,0.14897,0.014181
115.6776282787323,0.15341,0.014311
115.72465419769287,0.15668,0.014213
115.77454090118408,0.16217,0.014229
115.82003569602966,0.16648,0.014229
115.87032103538513,0.17285,0.014134
115.92362403869629,0.17727,0.014128
115.97174906730652,0.18141,0.014184
116.01748156547546,0.18447,0.013965
116.06980085372925,0.18979,0.01419
116.11769437789917,0.19488,0.014216
116.16567420959473,0.19892,0.014198
116.2168824672699,0.20627,0.014162
116.26607775688171,0.20923,0.014171
116.31608700752258,0.21328,0.014236
116.36380052566528,0.21857,0.014238
116.41265654563904,0.22139,0.01423
116.4624183177948,0.22436,0.014331
116.51101660728455,0.22843,0.014266
116.55946660041809,0.23368,0.014324
116.61046195030212,0.24225,0.014124
116.65882730484009,0.24637,0.014447
116.70495986938477,0.24943,0.014071
116.75284099578857,0.25148,0.014394
116.80073833465576,0.25719,0.014175
116.84817218780518,0.26033,0.014199
116.89400267601013,0.2644,0.014251
116.94756722450256,0.26911,0.014233
116.99167537689209,0.27405,0.014233
117.03659653663635,0.27513,0.014439
117.08274364471436,0.28107,0.014317
117.12824606895447,0.28403,0.014355
117.17580604553223,0.29003,0.014423
117.22211170196533,0.29093,0.014357
117.26975727081299,0.29589,0.014046
117.31667757034302,0.29869,0.014144
117.36792469024658,0.30643,0.01422
117.41953778266907,0.043827,0.014139
117.46752262115479,0.06352,0.014101
117.51581406593323,0.07308,0.014123
117.56337642669678,0.08396,0.014107
117.61419582366943,0.09352,0.014145
117.6632170677185,0.09616,0.014126
117.71182870864868,0.10396,0.014104
117.76044535636902,0.10895,0.014121
117.80865287780762,0.11384,0.014161
117.8556478023529,0.1176,0.014097
117.90364074707031,0.12468,0.014143
117.95140385627747,0.1272,0.014238
118.0006935596466,0.13273,0.014098
118.0488703250885,0.14213,0.0143
118.10148501396179,0.14656,0.0142
118.14887404441833,0.15241,0.01427
118.20051693916321,0.15544,0.01426
118.24964785575867,0.15991,0.014332
118.29975366592407,0.16419,0.014223
118.34825205802917,0.17061,0.014206
118.39475154876709,0.17365,0.014125
118.44346070289612,0.17797,0.01421
118.49363946914673,0.18225,0.014122
118.53956580162048,0.18641,0.014185
118.58595108985901,0.19051,0.01422
118.6321189403534,0.19477,0.014247
118.68083953857422,0.19669,0.014261
118.72921109199524,0.20295,0.014241
118.77541089057922,0.20592,0.014323
118.82427597045898,0.21409,0.014308
118.87119793891907,0.22013,0.014416
118.92101573944092,0.22131,0.014268
118.96888542175293,0.22819,0.014345
119.01584124565125,0.23115,0.014341
119.06437563896179,0.23441,0.014344
119.11175966262817,0.23815,0.014109
119.16041469573975,0.24332,0.01417
119.2084367275238,0.24741,0.014288
119.25508904457092,0.25124,0.014157
119.30471634864807,0.25519,0.014175
119.35463404655457,0.25816,0.01429
119.39986991882324,0.26311,0.014276
119.44884896278381,0.26616,0.014301
119.49753260612488,0.27308,0.014388
119.54741263389587,0.28001,0.014505
119.59694051742554,0.28285,0.014438
119.64842820167542,0.28683,0.014474
119.6971230506897,0.29064,0.014382
119.74398064613342,0.29463,0.014284
119.78958749771118,0.29876,0.014205
119.84135341644287,0.30149,0.014249
119.89207077026367,0.040653,0.014338
119.94147109985352,0.05056,0.014423
119.98959684371948,0.06148,0.014237
120.03987765312195,0.0726,0.014186
120.08633303642273,0.086253,0.013975
120.13229131698608,0.094627,0.014149
120.1820821762085,0.099747,0.014189
120.2288031578064,0.10508,0.014024
120.27661347389221,0.10976,0.014084
120.32417249679565,0.11357,0.014087
120.3724455833435,0.12341,0.014175
120.4187536239624,0.12689,0.014193
120.46617531776428,0.13016,0.014228
120.51527190208435,0.13259,0.014233
120.56585025787354,0.13953,0.014437
120.61611032485962,0.14739,0.014137
120.66300201416016,0.15184,0.014327
120.7150411605835,0.15633,0.014418
120.76498222351074,0.16081,0.014185
120.81366205215454,0.16508,0.014121
120.8598358631134,0.16927,0.014195
120.90670251846313,0.17379,0.014178
120.95339727401733,0.178,0.014007
121.0015435218811,0.18205,0.014102
121.04938197135925,0.18636,0.01411
121.0974018573761,0.19039,0.01418
121.14558148384094,0.19444,0.014118
121.20019745826721,0.19969,0.014285
121.24689245223999,0.2018,0.01424
121.29462766647339,0.211,0.014
121.3428168296814,0.21491,0.014445
121.39017581939697,0.21825,0.014205
121.43916702270508,0.22417,0.014257
121.49387717247009,0.22812,0.014324
121.53997588157654,0.23123,0.014259
121.59270429611206,0.23541,0.014244
121.64298391342163,0.23813,0.014175
121.68917322158813,0.24323,0.014219
121.73562145233154,0.24719,0.014177
121.78359341621399,0.25603,0.014256
121.83119773864746,0.25811,0.014291
121.87565469741821,0.26004,0.014169
121.92326879501343,0.26593,0.014291
121.97048735618591,0.26884,0.014312
122.02018785476685,0.27313,0.014434
122.06906867027283,0.27781,0.014568
122.11683416366577,0.28083,0.014473
122.16514754295349,0.28491,0.014468
122.21710395812988,0.28773,0.014343
122.26596403121948,0.29767,0.01426
122.31439900398254,0.30152,0.014304
122.36650538444519,0.30693,0.014253
122.41324400901794,0.040747,0.014107
122.45971155166626,0.05048,0.014304
122.50952696800232,0.058667,0.014298
122.5605833530426,0.072213,0.014217
122.60876679420471,0.080507,0.014232
122.65561246871948,0.091187,0.014121
122.7036406993866,0.0984,0.014169
122.74975824356079,0.10224,0.014165
122.79773092269897,0.1122,0.013868
122.84534358978271,0.11833,0.014203
122.89240789413452,0.12067,0.014244
122.93886280059814,0.12789,0.014284
122.9857747554779,0.13263,0.014356
123.03375816345215,0.13708,0.014311
123.0812599658966,0.14061,0.014203
123.12961888313293,0.14597,0.014278
123.17693257331848,0.15183,0.014418
123.22281765937805,0.15613,0.014535
123.27009654045105,0.16064,0.014345
123.31843495368958,0.16491,0.014338
123.36611723899841,0.16827,0.014105
123.4109480381012,0.1714,0.014179
123.45765614509583,0.17665,0.014164
123.50404167175293,0.17885,0.014226
123.55245423316956,0.18505,0.014187
123.60130476951599,0.19248,0.014269
123.64927554130554,0.19649,0.0144
123.6987476348877,0.20053,0.013695
123.74852132797241,0.20465,0.014288
123.79961133003235,0.20879,0.014544
123.84861397743225,0.21283,0.014697
123.89584159851074,0.21993,0.014713
123.9438624382019,0.22308,0.014468
123.99181342124939,0.22788,0.014463
124.04297828674316,0.23001,0.014346
124.0915801525116,0.23489,0.014193
124.13892555236816,0.24189,0.01433
124.18713092803955,0.24481,0.014262
124.23615264892578,0.24783,0.014205
124.28553676605225,0.25192,0.014275
124.34016251564026,0.25489,0.014187
124.385737657547,0.25988,0.014283
124.43082809448242,0.26184,0.014409
124.47435450553894,0.26981,0.014476
124.52126216888428,0.27372,0.014554
124.56888127326965,0.27765,0.014756
124.617431640625,0.28159,0.014716
124.6690137386322,0.28356,0.014587
124.71593976020813,0.28947,0.014353
124.76203942298889,0.29244,0.014434
124.81028270721436,0.29552,0.014231
124.85816431045532,0.30137,0.01435
124.90576481819153,0.30647,0.014121
124.95506000518799,0.04204,0.014151
125.00285363197327,0.063373,0.014168
125.05218863487244,0.074373,0.014215
125.10182309150696,0.082707,0.014254
125.15182828903198,0.092933,0.0141
125.20145058631897,0.10084,0.014069
125.24932169914246,0.10572,0.014125
125.29651212692261,0.10971,0.014125
125.3446569442749,0.11567,0.014228
125.39322090148926,0.12059,0.014276
125.44116187095642,0.12409,0.014162
125.48995399475098,0.12888,0.014187
125.53910946846008,0.13357,0.01432
125.58865070343018,0.14247,0.014405
125.63367938995361,0.14599,0.014473
125.68289756774902,0.15021,0.014479
125.73105692863464,0.15375,0.01421
125.77812719345093,0.15935,0.014197
125.82575726509094,0.16252,0.01405
125.8732237815857,0.16813,0.014189
125.9209680557251,0.17023,0.014119
125.96714067459106,0.17649,0.014077
126.01361107826233,0.18056,0.014193
126.0618200302124,0.18388,0.014153
126.10940074920654,0.18799,0.014275
126.15900349617004,0.19209,0.014251
126.20719933509827,0.1954,0.014176
126.25477313995361,0.20359,0.014399
126.30220937728882,0.20861,0.014593
126.3532440662384,0.21273,0.014619
126.3996570110321,0.21665,0.014848
126.44781827926636,0.22065,0.014461
126.49913740158081,0.22473,0.014367
126.54722499847412,0.22875,0.014353
126.59442615509033,0.23387,0.014102
126.64572072029114,0.23667,0.014203
126.69484853744507,0.24175,0.014244
126.74616980552673,0.25075,0.01423
126.79584240913391,0.25271,0.01413
126.84556818008423,0.25668,0.014224
126.89509510993958,0.26063,0.014333
126.9439070224762,0.2646,0.014594
126.99242734909058,0.2686,0.014797
127.04034376144409,0.27351,0.014845
127.09106850624084,0.27559,0.014842
127.13939809799194,0.27964,0.01471
127.18761229515076,0.28848,0.014707
127.23768162727356,0.29221,0.014404
127.2876832485199,0.29616,0.014263
127.33763217926025,0.30021,0.014326
127.3865213394165,0.30516,0.01425
127.43518829345703,0.041827,0.014656
127.48475766181946,0.046813,0.014103
127.53369927406311,0.063053,0.014275
127.58339333534241,0.068467,0.014195
127.63355040550232,0.08224,0.014139
127.68202376365662,0.092613,0.014113
127.73664474487305,0.099133,0.014148
127.78692674636841,0.10924,0.014089
127.83916783332825,0.1132,0.014058
127.88664937019348,0.11792,0.014254
127.93756341934204,0.12269,0.014191
127.98401427268982,0.12757,0.014483
128.030024766922,0.13095,0.0144
128.07809829711914,0.13789,0.014543
128.12866878509521,0.14247,0.014499
128.17986512184143,0.14487,0.014549
128.22809386253357,0.15157,0.014581
128.27560567855835,0.1538,0.014337
128.32260632514954,0.16225,0.014126
128.37164664268494,0.16879,0.014129
128.41863298416138,0.17425,0.014186
128.46641087532043,0.17623,0.014101
128.51540350914001,0.18056,0.01413
128.56449794769287,0.18577,0.014219
128.6119029521942,0.19003,0.014163
128.66070365905762,0.19112,0.014392
128.70967316627502,0.19725,0.014415
128.75671815872192,0.20233,0.014445
128.80631804466248,0.20529,0.014696
128.8556354045868,0.21053,0.01488
128.90271282196045,0.21461,0.014835
128.95115089416504,0.21863,0.014625
128.99898171424866,0.2228,0.014497
129.0497407913208,0.23073,0.014261
129.10065817832947,0.23569,0.014065
129.14609336853027,0.23969,0.0141
129.19316267967224,0.24367,0.014153
129.23826694488525,0.24765,0.014162
129.28524827957153,0.25156,0.014194
129.33637261390686,0.25375,0.013882
129.38382959365845,0.25869,0.014279
129.4296269416809,0.26253,0.014566
129.48002314567566,0.26543,0.014973
129.52767658233643,0.26953,0.015141
129.5738708972931,0.27441,0.015227
129.6225085258484,0.27736,0.01487
129.67075061798096,0.28337,0.014601
129.7180733680725,0.28635,0.014347
129.76669669151306,0.29136,0.014176
129.81608748435974,0.29803,0.014205
129.8647129535675,0.30111,0.014183
129.9111626148224,0.035973,0.015071
129.95899534225464,0.041387,0.0147
130.00595331192017,0.051493,0.014068
130.0548975467682,0.0598,0.014102
130.10459303855896,0.079173,0.014091
130.15013718605042,0.087267,0.013987
130.200457572937,0.095227,0.014018
130.2476782798767,0.097787,0.014038
130.29484057426453,0.10911,0.014065
130.34222221374512,0.11256,0.014101
130.3872845172882,0.11777,0.014032
130.4372420310974,0.12379,0.014126
130.48748302459717,0.12725,0.014261
130.5377094745636,0.13071,0.014376
130.58955216407776,0.13544,0.014542
130.63958716392517,0.14113,0.014669
130.68804812431335,0.15019,0.014651
130.7388768196106,0.15333,0.014668
130.78759670257568,0.15775,0.014343
130.83428263664246,0.16115,0.014149
130.88196730613708,0.16643,0.013995
130.9317228794098,0.17189,0.014057
130.9808177947998,0.17615,0.01411
131.03002524375916,0.18032,0.014287
131.07776141166687,0.18341,0.014192
131.1272325515747,0.18875,0.014193
131.17638421058655,0.19281,0.014233
131.2239227294922,0.20008,0.0143
131.2709605693817,0.20437,0.014349
131.31976962089539,0.20832,0.014784
131.37031292915344,0.21139,0.015047
131.41730570793152,0.21735,0.015176
131.46504259109497,0.21952,0.014658
131.5170795917511,0.22444,0.014151
131.56455159187317,0.22939,0.014223
131.61323523521423,0.23183,0.014239
131.66220831871033,0.24047,0.014293
131.7143051624298,0.24351,0.014123
131.76104712486267,0.24849,0.014218
131.80696415901184,0.25159,0.014311
131.855206489563,0.25447,0.014339
131.9038314819336,0.25648,0.014593
131.95130348205566,0.26235,0.0149
131.9966390132904,0.26635,0.01514
132.04517316818237,0.27019,0.015375
132.09241008758545,0.27817,0.015251
132.1411280632019,0.28019,0.015243
132.18499445915222,0.28604,0.014605
132.23158049583435,0.28805,0.014309
132.2810606956482,0.29411,0.01421
132.32800889015198,0.29583,0.014225
132.37579369544983,0.30284,0.014336
132.42235493659973,0.037333,0.015513
132.47097444534302,0.04304,0.014068
132.52330493927002,0.050973,0.014303
132.5720977783203,0.064893,0.014072
132.62149858474731,0.078493,0.014063
132.66914224624634,0.086867,0.014013
132.72257447242737,0.094907,0.014005
132.77032327651978,0.10029,0.013996
132.8188352584839,0.11028,0.013968
132.87185668945312,0.11523,0.014113
132.91899943351746,0.11999,0.014214
132.96613597869873,0.12241,0.014103
133.0136058330536,0.12919,0.014366
133.06630444526672,0.13288,0.014537
133.11468887329102,0.13991,0.014585
133.16506242752075,0.1444,0.014814
133.21079802513123,0.14891,0.014815
133.256929397583,0.14984,0.01436
133.30466961860657,0.15556,0.014305
133.35535717010498,0.15987,0.014075
133.4065442085266,0.16948,0.013962
133.45328307151794,0.17369,0.014052
133.5014626979828,0.17711,0.014164
133.555766582489,0.18252,0.014099
133.60410976409912,0.18536,0.014249
133.64987778663635,0.19075,0.014271
133.701434135437,0.19479,0.014316
133.74963212013245,0.19887,0.014472
133.7966170310974,0.20317,0.014617
133.84396386146545,0.20616,0.014855
133.89197874069214,0.2102,0.01512
133.94066429138184,0.21935,0.015081
133.98778462409973,0.22335,0.014824
134.03490781784058,0.22516,0.014344
134.08268475532532,0.23141,0.014057
134.128972530365,0.23428,0.014106
134.1752049922943,0.23927,0.014229
134.22236275672913,0.24135,0.014196
134.27130341529846,0.24741,0.014206
134.31897950172424,0.2512,0.014296
134.367924451828,0.25516,0.014388
134.41541004180908,0.25815,0.014585
134.46301674842834,0.26313,0.014868
134.51208233833313,0.26624,0.015254
134.5597414970398,0.27413,0.015669
134.60812401771545,0.27703,0.015473
134.6533441543579,0.28101,0.014938
134.69887948036194,0.28589,0.014635
134.74719405174255,0.2898,0.014263
134.79800868034363,0.29272,0.014171
134.8481888771057,0.29681,0.014321
134.89493823051453,0.30079,0.014477
134.9452714920044,0.30613,0.014049
134.9935896396637,0.04284,0.01457
135.04782629013062,0.049453,0.013835
135.09637308120728,0.06144,0.014061
135.14661693572998,0.083733,0.014096
135.19498372077942,0.09484,0.014077
135.24482011795044,0.09852,0.014025
135.29402375221252,0.10489,0.013954
135.34666347503662,0.10992,0.013855
135.392963886261,0.11512,0.014067
135.44229245185852,0.11987,0.014217
135.49132657051086,0.12813,0.014231
135.53980612754822,0.1314,0.014179
135.58837485313416,0.13527,0.014359
135.6345932483673,0.13965,0.014549
135.68298053741455,0.14536,0.014803
135.73318576812744,0.1498,0.014518
135.78106212615967,0.1552,0.014173
135.82777953147888,0.15861,0.014068
135.88031721115112,0.16291,0.01399
135.92693090438843,0.16615,0.013956
135.97762513160706,0.17135,0.013883
136.02535223960876,0.18104,0.013947
136.073810338974,0.18315,0.014036
136.12495589256287,0.18628,0.0141
136.17241978645325,0.19253,0.014157
136.22090196609497,0.19567,0.014337
136.27294778823853,0.19872,0.014698
136.31875109672546,0.20387,0.014871
136.36681723594666,0.20899,0.015225
136.41618752479553,0.21504,0.015223
136.46426725387573,0.21921,0.01495
136.51362681388855,0.22303,0.014663
136.56309580802917,0.22728,0.014286
136.61597967147827,0.23219,0.014163
136.66176629066467,0.23615,0.014088
136.71039485931396,0.24012,0.014154
136.75852847099304,0.2442,0.014284
136.80605816841125,0.24911,0.014279
136.8545377254486,0.25215,0.014314
136.90100502967834,0.2572,0.014508
136.94920301437378,0.26116,0.014644
136.99779987335205,0.26416,0.015159
137.04621958732605,0.26919,0.015803
137.0949866771698,0.27213,0.015651
137.14254546165466,0.27605,0.015306
137.191468000412,0.28483,0.014586
137.24143242835999,0.28876,0.014295
137.28920888900757,0.29271,0.01415
137.34024786949158,0.29561,0.014262
137.38672494888306,0.29957,0.014327
137.43514847755432,0.30247,0.014091
137.48097729682922,0.037453,0.014123
137.5295443534851,0.042333,0.013842
137.57873249053955,0.055653,0.01396
137.62556624412537,0.08044,0.014138
137.6717586517334,0.083093,0.014049
137.71972274780273,0.0972,0.013973
137.76723313331604,0.099613,0.013877
137.81460094451904,0.10475,0.013869
137.8636829853058,0.10829,0.013925
137.9111843109131,0.11364,0.01408
137.96249341964722,0.12331,0.014071
138.01008367538452,0.12677,0.014292
138.05710339546204,0.13145,0.014486
138.10385990142822,0.135,0.014582
138.14941954612732,0.14081,0.014709
138.1952567100525,0.14303,0.01481
138.24350810050964,0.14871,0.014679
138.29234218597412,0.15405,0.014196
138.34178709983826,0.15853,0.013943
138.38814735412598,0.16293,0.013883
138.43573808670044,0.1672,0.013861
138.48929238319397,0.17447,0.013942
138.53962564468384,0.17871,0.013886
138.58960032463074,0.18316,0.013994
138.6411509513855,0.18836,0.014078
138.68915677070618,0.19251,0.014396
138.73945999145508,0.19656,0.01435
138.79455971717834,0.1996,0.014585
138.84845972061157,0.20792,0.014929
138.89691424369812,0.21192,0.015345
138.94769859313965,0.21495,0.015215
138.99653840065002,0.222,0.014647
139.04730033874512,0.22603,0.014292
139.09505224227905,0.22997,0.014213
139.1428096294403,0.23323,0.014167
139.1937756538391,0.23797,0.014102
139.240709066391,0.24423,0.014162
139.28896236419678,0.24496,0.014189
139.33422684669495,0.25097,0.014331
139.381756067276,0.25413,0.014401
139.43076038360596,0.25701,0.014389
139.4765591621399,0.26001,0.014941
139.5266969203949,0.26603,0.015453
139.57490229606628,0.26896,0.015891
139.62582564353943,0.27684,0.015726
139.6748378276825,0.28071,0.015315
139.7227509021759,0.28481,0.014401
139.77109503746033,0.28875,0.014393
139.8263235092163,0.29344,0.014191
139.87608742713928,0.29859,0.014253
139.92272543907166,0.30151,0.014332
139.97154068946838,0.034853,0.01487
140.0167272090912,0.049627,0.014292
140.0643858909607,0.057973,0.013987
140.10976457595825,0.068827,0.014056
140.15678930282593,0.080027,0.014031
140.20475029945374,0.091027,0.013987
140.25056886672974,0.097053,0.013891
140.29814386367798,0.10336,0.013849
140.34437012672424,0.10721,0.013892
140.39150071144104,0.11093,0.014037
140.444500207901,0.11585,0.014117
140.49235081672668,0.12192,0.014155
140.53702569007874,0.12656,0.014256
140.58631658554077,0.13473,0.014366
140.63785672187805,0.13936,0.014601
140.68533778190613,0.14393,0.014697
140.7327344417572,0.14828,0.014693
140.78417778015137,0.15165,0.014211
140.83332324028015,0.15724,0.014015
140.8799467086792,0.16161,0.013955
140.92980575561523,0.16576,0.013885
140.97957038879395,0.16908,0.013825
141.0279576778412,0.17877,0.013841
141.0795934200287,0.18183,0.013813
141.12551975250244,0.18611,0.014035
141.1735384464264,0.18915,0.014212
141.22368097305298,0.19337,0.014397
141.27034997940063,0.19864,0.01442
141.32052779197693,0.20175,0.014972
141.36817002296448,0.20667,0.015096
141.41403913497925,0.20979,0.015316
141.46179938316345,0.21492,0.015221
141.5128300189972,0.21791,0.014267
141.56171870231628,0.22585,0.0143
141.60873126983643,0.23075,0.014125
141.65748834609985,0.23381,0.014194
141.70593857765198,0.23788,0.013918
141.75517177581787,0.2418,0.014097
141.80400943756104,0.24391,0.014192
141.8513855934143,0.24895,0.014242
141.8987729549408,0.25675,0.014278
141.94779753684998,0.25992,0.014455
141.99576711654663,0.26473,0.014694
142.0438995361328,0.26887,0.015213
142.09550857543945,0.27265,0.015777
142.14278626441956,0.27663,0.015643
142.1905608177185,0.27868,0.014635
142.23740911483765,0.28457,0.01443
142.2841510772705,0.28739,0.014375
142.33400893211365,0.29159,0.014208
142.38305830955505,0.30028,0.014158
142.43077301979065,0.30128,0.013835
142.47956824302673,0.033893,0.014087
142.52759099006653,0.041373,0.013639
142.5776915550232,0.057533,0.013976
142.6265091896057,0.06448,0.014117
142.67553806304932,0.073893,0.013975
142.7261447906494,0.08772,0.013942
142.77368545532227,0.099453,0.013834
142.8199963569641,0.10443,0.013798
142.86864304542542,0.10812,0.013667
142.91504335403442,0.11564,0.013873
142.96260952949524,0.11676,0.014164
143.01044130325317,0.12284,0.014304
143.0583598613739,0.12651,0.014236
143.10889792442322,0.13104,0.014387
143.15717458724976,0.14023,0.014584
143.2029528617859,0.14023,0.014718
143.25200843811035,0.14473,0.014605
143.30200743675232,0.15593,0.014397
143.35003447532654,0.15907,0.014175
143.3954610824585,0.16345,0.013824
143.44266557693481,0.16796,0.013945
143.49250626564026,0.17107,0.013938
143.54142880439758,0.1742,0.013757
143.5891351699829,0.1796,0.014241
143.63800406455994,0.18165,0.014047
143.68689274787903,0.18576,0.014218
143.734384059906,0.19523,0.014257
143.78168058395386,0.19935,0.014181
143.829571723938,0.20352,0.014607
143.87811660766602,0.20737,0.015061
143.93116068840027,0.21151,0.015354
143.98003578186035,0.21673,0.014667
144.02827286720276,0.22064,0.014208
144.07338571548462,0.22471,0.014162
144.1241044998169,0.22656,0.014204
144.1722469329834,0.23275,0.014196
144.2206289768219,0.23664,0.013941
144.2691946029663,0.23979,0.014115
144.31869268417358,0.24468,0.014211
144.36571979522705,0.25249,0.014176
144.41503381729126,0.25767,0.014283
144.4617977142334,0.2606,0.01441
144.51171040534973,0.2636,0.014937
144.56082224845886,0.26845,0.015065
144.60772252082825,0.27353,0.015651
144.65355134010315,0.27571,0.015089
144.6969485282898,0.28059,0.015089
144.74349641799927,0.28231,0.014502
144.78928136825562,0.28847,0.014502
144.83986449241638,0.29224,0.014039
144.8878767490387,0.29521,0.014005
144.93583798408508,0.29813,0.014323
144.9883098602295,0.30216,0.014404
145.03619027137756,0.03416,0.014367
145.08544778823853,0.05716,0.013652
145.133291721344,0.07084,0.013933
145.18072891235352,0.081893,0.013944
145.2268831729889,0.092613,0.014
145.27418088912964,0.096653,0.013903
145.323308467865,0.10179,0.013601
145.37008690834045,0.10569,0.013823
145.41697120666504,0.11308,0.013802
145.46577668190002,0.11543,0.013976
145.51412415504456,0.12032,0.014144
145.56423258781433,0.12647,0.014334
145.61253142356873,0.12977,0.014363
145.65908932685852,0.13551,0.014505
145.70703840255737,0.14352,0.014608
145.75553107261658,0.14896,0.014588
145.80882334709167,0.15259,0.014253
145.85380578041077,0.15899,0.014089
145.9020516872406,0.16208,0.013832
145.95179414749146,0.16552,0.013875
146.00024461746216,0.17093,0.013695
146.04791355133057,0.17507,0.013661
146.09530115127563,0.17924,0.013845
146.1454894542694,0.18368,0.01402
146.19631099700928,0.18788,0.014147
146.2461109161377,0.19089,0.013994
146.2926218509674,0.19611,0.014419
146.34301924705505,0.20128,0.014492
146.3921775817871,0.20935,0.014963
146.44053959846497,0.21252,0.01505
146.4851212501526,0.21735,0.014942
146.5335669517517,0.22045,0.014336
146.58186054229736,0.22673,0.014091
146.63278460502625,0.22957,0.014169
146.68244743347168,0.23357,0.013786
146.7290301322937,0.23665,0.013898
146.7765531539917,0.23985,0.014167
146.82403111457825,0.24544,0.014221
146.871009349823,0.24955,0.014211
146.9166955947876,0.25249,0.014323
146.9646224975586,0.25641,0.01444
147.01368618011475,0.25947,0.01493
147.06083011627197,0.26756,0.015122
147.1092541217804,0.27239,0.015479
147.16293025016785,0.27543,0.014984
147.2118215560913,0.28035,0.014558
147.2587947845459,0.28324,0.014455
147.30761528015137,0.28528,0.014289
147.3568012714386,0.29397,0.014145
147.40430450439453,0.29799,0.01409
147.44985818862915,0.30293,0.014165
147.49702215194702,0.032373,0.01412
147.54385924339294,0.045693,0.014649
147.59160566329956,0.050893,0.013807
147.63931035995483,0.06472,0.013975
147.69158577919006,0.078427,0.01404
147.73832488059998,0.08692,0.013917
147.7848036289215,0.09496,0.013848
147.82895755767822,0.09892,0.013754
147.87745928764343,0.10263,0.013611
147.92479062080383,0.11029,0.013782
147.97226071357727,0.11271,0.013977
148.02145314216614,0.11899,0.01411
148.07032442092896,0.12844,0.014159
148.11909866333008,0.13299,0.014313
148.16730332374573,0.13759,0.014303
148.21713876724243,0.1432,0.014643
148.26527166366577,0.14671,0.014439
148.31533002853394,0.15215,0.01413
148.36886429786682,0.15569,0.013719
148.41413187980652,0.15975,0.013838
148.4626863002777,0.16212,0.013892
148.50975894927979,0.17296,0.013811
148.5595428943634,0.17516,0.01367
148.60799646377563,0.18141,0.013764
148.65594053268433,0.18535,0.013979
148.70359230041504,0.18965,0.014099
148.75069522857666,0.19292,0.014173
148.7990918159485,0.19791,0.014274
148.85006093978882,0.19995,0.014674
148.89857244491577,0.20512,0.014946
148.95006775856018,0.21024,0.015034
148.9998209476471,0.21419,0.014598
149.04876279830933,0.21836,0.014189
149.09732627868652,0.22225,0.014098
149.14563059806824,0.22741,0.014155
149.19321179389954,0.23127,0.013923
149.24186611175537,0.23932,0.013883
149.28899931907654,0.24153,0.013981
149.34000945091248,0.24621,0.014113
149.38815116882324,0.25139,0.014193
149.4355251789093,0.25419,0.014262
149.48563933372498,0.25937,0.014684
149.53334951400757,0.26333,0.014839
149.5834538936615,0.26635,0.015313
149.63326597213745,0.27125,0.015445
149.68121004104614,0.2742,0.014838
149.7271785736084,0.27913,0.014632
149.77542424201965,0.28123,0.014239
149.82167649269104,0.28981,0.014212
149.86701369285583,0.29487,0.014079
149.91513991355896,0.29567,0.014037
149.96139574050903,0.30281,0.014151
150.016925573349,0.035093,0.013939
150.06645560264587,0.042293,0.014422
150.11502313613892,0.055947,0.013684
150.16220426559448,0.07004,0.0138
150.20913577079773,0.0756,0.013722
150.25940442085266,0.086547,0.013813
150.3087191581726,0.094813,0.01363
150.35530591011047,0.099987,0.013724
150.40347933769226,0.10503,0.0137
150.4504418373108,0.11624,0.013755
150.49750423431396,0.11987,0.013977
150.5483627319336,0.12575,0.014109
150.59770131111145,0.12925,0.014176
150.6481432914734,0.134,0.014415
150.69560074806213,0.13868,0.014548
150.7465374469757,0.14307,0.014557
150.7938268184662,0.14872,0.014522
150.84051752090454,0.15112,0.014283
150.88731217384338,0.15979,0.013979
150.93516063690186,0.16517,0.01377
150.98274993896484,0.16613,0.013826
151.03075885772705,0.1728,0.013818
151.07989835739136,0.17803,0.013671
151.13218307495117,0.18216,0.013865
151.18081736564636,0.18628,0.013981
151.2263786792755,0.19152,0.014132
151.2746090888977,0.19345,0.014227
151.32184290885925,0.19876,0.014485
151.3695101737976,0.20293,0.014733
151.41702961921692,0.20708,0.01473
151.46483731269836,0.21016,0.01502
151.51097965240479,0.21521,0.01483
151.5586395263672,0.2162,0.014474
151.60618996620178,0.22621,0.014171
151.65431332588196,0.23008,0.014021
151.70302295684814,0.23124,0.013829
151.75207924842834,0.23732,0.013977
151.8013756275177,0.24127,0.014068
151.84757137298584,0.24607,0.014129
151.8950960636139,0.2492,0.014226
151.9431507587433,0.25309,0.014224
151.99239587783813,0.25604,0.014357
152.04105710983276,0.26427,0.014575
152.08994460105896,0.26924,0.014859
152.13636350631714,0.27101,0.015126
152.1846044063568,0.27512,0.015447
152.2338466644287,0.28009,0.014377
152.2823827266693,0.28409,0.014153
152.3300051689148,0.28793,0.014179
152.3775064945221,0.29068,0.014036
152.42413067817688,0.29868,0.014051
152.47145342826843,0.30167,0.014109
152.52085256576538,0.031547,0.013924
152.57079339027405,0.04192,0.013715
152.6193916797638,0.052907,0.013691
152.66379022598267,0.058267,0.013982
152.71423768997192,0.072333,0.013887
152.76329278945923,0.083147,0.013923
152.8106780052185,0.099813,0.013777
152.85913109779358,0.10372,0.013695
152.906174659729,0.11004,0.013763
152.95347356796265,0.11487,0.013767
153.00160312652588,0.11745,0.013804
153.04787254333496,0.12449,0.013911
153.09795665740967,0.12688,0.014011
153.145911693573,0.13265,0.014204
153.19475054740906,0.13721,0.01447
153.24488878250122,0.14067,0.014507
153.29427480697632,0.14728,0.014489
153.34230136871338,0.1518,0.014106
153.390625,0.15519,0.013807
153.4384138584137,0.16043,0.013814
153.48573446273804,0.16308,0.013726
153.53121089935303,0.16811,0.013701
153.5815351009369,0.17236,0.013709
153.63007760047913,0.18196,0.013757
153.67851424217224,0.18525,0.013808
153.72684788703918,0.18931,0.01401
153.7757248878479,0.19344,0.0142
153.82500910758972,0.19847,0.014246
153.87167024612427,0.20276,0.014369
153.92264199256897,0.20789,0.014591
153.96876001358032,0.21079,0.014735
154.02102041244507,0.21499,0.014448
154.07076382637024,0.21996,0.014097
154.11815977096558,0.22099,0.014011
154.16635704040527,0.22711,0.013897
154.2148630619049,0.23005,0.013925
154.2636353969574,0.23525,0.013867
154.3083095550537,0.23821,0.013952
154.35887813568115,0.24185,0.014055
154.40368723869324,0.25205,0.014221
154.45125126838684,0.25599,0.014181
154.49699926376343,0.25713,0.014269
154.5429573059082,0.26193,0.014495
154.5907804965973,0.26683,0.014563
154.63891768455505,0.27085,0.015003
154.68573665618896,0.27572,0.015052
154.733553647995,0.27776,0.01507
154.78031396865845,0.28359,0.014504
154.8280119895935,0.28579,0.013897
154.8767580986023,0.2914,0.013904
154.92782855033875,0.29451,0.014191
154.97184133529663,0.29936,0.014063
155.01717853546143,0.3022,0.014755
155.06649923324585,0.03888,0.013868
155.11513328552246,0.05516,0.013732
155.16979241371155,0.06616,0.013801
155.21870589256287,0.077253,0.013799
155.2677936553955,0.085547,0.014009
155.3200488090515,0.0944,0.013848
155.36759519577026,0.099453,0.01355
155.41322898864746,0.10591,0.013545
155.46096968650818,0.10841,0.013786
155.5058274269104,0.11472,0.013949
155.55159997940063,0.11831,0.01406
155.59848976135254,0.12333,0.014055
155.64640593528748,0.12676,0.014295
155.6946518421173,0.13716,0.014347
155.7400541305542,0.14157,0.014371
155.78938627243042,0.14609,0.014416
155.83663296699524,0.15065,0.014336
155.88453698158264,0.15491,0.014087
155.93355178833008,0.16041,0.014039
155.9867172241211,0.16141,0.013531
156.0349259376526,0.16813,0.013548
156.08146214485168,0.17137,0.013754
156.126225233078,0.17657,0.013776
156.17619514465332,0.18184,0.013894
156.22693037986755,0.18812,0.013999
156.27468085289001,0.19313,0.014225
156.3225724697113,0.19649,0.014238
156.37082433700562,0.20039,0.014287
156.4215443134308,0.20545,0.014464
156.46883392333984,0.21073,0.014758
156.51604914665222,0.21471,0.014593
156.5627725124359,0.21884,0.0145
156.61117887496948,0.22184,0.014047
156.6578712463379,0.22489,0.013971
156.70478630065918,0.22771,0.013872
156.75273489952087,0.23393,0.013944
156.7998390197754,0.23584,0.013951
156.85004043579102,0.24361,0.014054
156.8998303413391,0.24992,0.01421
156.9480152130127,0.25076,0.014188
156.99650287628174,0.2568,0.01431
157.04701137542725,0.26064,0.014458
157.09329223632812,0.26479,0.014685
157.13947343826294,0.26876,0.014755
157.18437433242798,0.27257,0.014932
157.23446249961853,0.27556,0.014722
157.28207087516785,0.2814,0.01427
157.3301329612732,0.28551,0.014088
157.37729144096375,0.29056,0.013972
157.42859625816345,0.29636,0.014035
157.48184895515442,0.29845,0.01408
157.52942633628845,0.032253,0.014518
157.57863998413086,0.033427,0.013688
157.62539100646973,0.051867,0.013762
157.67268133163452,0.054653,0.013835
157.7218554019928,0.071387,0.013785
157.76779294013977,0.082227,0.013817
157.81584906578064,0.09272,0.013736
157.86387515068054,0.096693,0.013703
157.91090416908264,0.10189,0.01376
157.95677423477173,0.10695,0.013748
158.00479698181152,0.11811,0.013912
158.05276727676392,0.12151,0.014022
158.0995421409607,0.12648,0.014169
158.15021443367004,0.13225,0.014255
158.19554805755615,0.13579,0.014228
158.24223351478577,0.138,0.014293
158.2905330657959,0.14499,0.014363
158.33800721168518,0.14932,0.01432
158.3857662677765,0.1536,0.013913
158.4356071949005,0.15924,0.013888
158.4840452671051,0.16245,0.01368
158.5352029800415,0.16664,0.013644
158.58180594444275,0.17513,0.013754
158.62749457359314,0.17947,0.013836
158.6764235496521,0.18281,0.013958
158.72094082832336,0.18795,0.014075
158.76924419403076,0.19097,0.014203
158.81664299964905,0.19517,0.014135
158.864515542984,0.20141,0.014274
158.9177086353302,0.2034,0.014455
158.96613788604736,0.20843,0.014448
159.01402974128723,0.21252,0.014613
159.06068587303162,0.21677,0.014527
159.11375737190247,0.22067,0.014152
159.16177082061768,0.22473,0.013965
159.2105152606964,0.22873,0.01392
159.25725197792053,0.23173,0.013947
159.30421137809753,0.23763,0.014059
159.35286235809326,0.24471,0.014013
159.40029573440552,0.24861,0.014277
159.44837951660156,0.25159,0.014228
159.49926495552063,0.25676,0.014176
159.54929399490356,0.25769,0.014381
159.59661602973938,0.26639,0.014615
159.64436721801758,0.27059,0.014724
159.69172763824463,0.27449,0.014802
159.7411026954651,0.27737,0.01479
159.78880310058594,0.28129,0.014379
159.8353989124298,0.2854,0.014237
159.88218140602112,0.28927,0.014051
159.93151354789734,0.29319,0.014011
159.9816997051239,0.29708,0.014173
160.03441739082336,0.29995,0.014231
160.0823254585266,0.030307,0.014236
160.13089060783386,0.048613,0.01401
160.1794352531433,0.059653,0.013772
160.22848963737488,0.068,0.013996
160.27978038787842,0.081867,0.013876
160.325941324234,0.095013,0.013742
160.37586498260498,0.09912,0.013794
160.42293667793274,0.10559,0.013957
160.4706301689148,0.10928,0.013913
160.51948380470276,0.11311,0.013987
160.56899404525757,0.11801,0.014068
160.61456847190857,0.12747,0.014155
160.66248226165771,0.13233,0.014301
160.71063470840454,0.13683,0.014277
160.761164188385,0.14007,0.014407
160.8102478981018,0.14699,0.014419
160.85763812065125,0.1502,0.014395
160.9087736606598,0.15449,0.014005
160.95874905586243,0.15899,0.014061
161.00630259513855,0.16336,0.013908
161.0519757270813,0.16643,0.013795
161.09717512130737,0.17295,0.013835
161.14211225509644,0.17403,0.013849
161.190354347229,0.18035,0.014008
161.23613214492798,0.18776,0.014155
161.28268718719482,0.1898,0.014183
161.33521795272827,0.19708,0.014347
161.38570642471313,0.20009,0.014398
161.4349765777588,0.20432,0.014557
161.4824845790863,0.20848,0.01442
161.52898025512695,0.21548,0.014521
161.57867407798767,0.21857,0.014522
161.62677717208862,0.22256,0.014348
161.67297315597534,0.22545,0.014141
161.71851205825806,0.22843,0.01402
161.7638807296753,0.23461,0.013897
161.81370639801025,0.23555,0.01406
161.86077165603638,0.24241,0.014191
161.90874218940735,0.24459,0.014199
161.95514130592346,0.25035,0.014191
162.00113344192505,0.25365,0.014271
162.05065822601318,0.25761,0.014176
162.1001000404358,0.26051,0.014403
162.15017104148865,0.26837,0.014496
162.20017004013062,0.27435,0.014642
162.25163984298706,0.27728,0.014643
162.30491256713867,0.28224,0.014359
162.35722470283508,0.28609,0.013926
162.40613102912903,0.28991,0.014109
162.45406365394592,0.29413,0.014035
162.50188159942627,0.30191,0.014108
162.55118370056152,0.029507,0.014082
162.60112762451172,0.034867,0.014425
162.6488115787506,0.045267,0.014273
162.69705891609192,0.0564,0.014059
162.74207186698914,0.072893,0.01405
162.79590439796448,0.075973,0.013884
162.84198880195618,0.092347,0.013839
162.89128804206848,0.09748,0.013845
162.93711805343628,0.10781,0.013814
162.9881694316864,0.11156,0.013889
163.0339674949646,0.11533,0.01396
163.0841941833496,0.12133,0.014092
163.1320607662201,0.12481,0.014194
163.17849278450012,0.13077,0.01427
163.22837829589844,0.13541,0.014332
163.27539205551147,0.13873,0.014395
163.323965549469,0.14444,0.014387
163.37107372283936,0.15093,0.014328
163.41869068145752,0.15787,0.0142
163.4665403366089,0.16009,0.014057
163.51585054397583,0.16309,0.013957
163.56362986564636,0.16841,0.013892
163.6138632297516,0.17279,0.01391
163.6617076396942,0.17604,0.01397
163.70944118499756,0.17917,0.014021
163.7552044391632,0.18957,0.014134
163.8036093711853,0.19373,0.014164
163.85278582572937,0.19711,0.014173
163.9014446735382,0.20091,0.014286
163.9476079940796,0.20504,0.014254
163.996572971344,0.20919,0.014429
164.04478549957275,0.21432,0.014527
164.09206533432007,0.21832,0.014392
164.13971519470215,0.22156,0.014286
164.18777227401733,0.22435,0.013971
164.2332739830017,0.23231,0.01411
164.27941799163818,0.23463,0.014147
164.3295385837555,0.23837,0.014063
164.37825894355774,0.24336,0.014097
164.4244523048401,0.2482,0.014303
164.470064163208,0.25123,0.014206
164.5213005542755,0.25331,0.014165
164.5700557231903,0.25729,0.014351
164.61800527572632,0.26632,0.014339
164.66658782958984,0.27025,0.014416
164.71358156204224,0.27331,0.014383
164.76024842262268,0.27791,0.014508
164.80918288230896,0.28101,0.014439
164.85682797431946,0.28427,0.014366
164.9044268131256,0.28908,0.014115
164.95329880714417,0.29307,0.0142
164.99915313720703,0.29753,0.014367
165.04686737060547,0.3016,0.014354
165.0965085029602,0.02984,0.014254
165.14118790626526,0.044933,0.013825
165.18585109710693,0.05324,0.014044
165.2328770160675,0.0644,0.014154
165.27962040901184,0.078333,0.013839
165.3270983695984,0.087747,0.013953
165.37748003005981,0.09476,0.01384
165.42709946632385,0.099973,0.013923
165.47522163391113,0.10895,0.013896
165.51920247077942,0.11507,0.01394
165.56723189353943,0.11731,0.014109
165.61468744277954,0.12363,0.014159
165.6634283065796,0.12819,0.014271
165.70934534072876,0.134,0.014237
165.75936245918274,0.13504,0.014211
165.80465841293335,0.14188,0.01427
165.8528242111206,0.14656,0.014302
165.899423122406,0.15213,0.014218
165.95021104812622,0.15535,0.014187
165.99898743629456,0.15968,0.013982
166.04723024368286,0.163,0.013912
166.0927698612213,0.17376,0.013882
166.13841915130615,0.17693,0.013907
166.18636989593506,0.18128,0.014053
166.23238468170166,0.18548,0.014037
166.2794291973114,0.18949,0.01402
166.32688164710999,0.19271,0.014189
166.3745460510254,0.19787,0.014197
166.42135453224182,0.20301,0.014117
166.47383642196655,0.20401,0.014335
166.5201165676117,0.20996,0.014395
166.56995582580566,0.21308,0.014255
166.61974549293518,0.21719,0.013961
166.66779947280884,0.22236,0.014043
166.714186668396,0.22829,0.014097
166.76342368125916,0.22829,0.014041
166.81130933761597,0.23808,0.014068
166.8618700504303,0.24205,0.014116
166.909161567688,0.24441,0.014168
166.9544162750244,0.24912,0.014219
167.0018768310547,0.25211,0.014177
167.04521799087524,0.25796,0.014173
167.0921037197113,0.26017,0.014245
167.14052939414978,0.26611,0.014247
167.19287514686584,0.26917,0.014323
167.24073481559753,0.27508,0.014376
167.28948545455933,0.27889,0.014306
167.33930945396423,0.28192,0.014278
167.38367986679077,0.28595,0.014176
167.43571376800537,0.28973,0.014132
167.48811888694763,0.29367,0.014192
167.536541223526,0.29859,0.014151
167.5841145515442,0.031227,0.014185
167.62874841690063,0.041867,0.014292
167.6776580810547,0.0528,0.013827
167.72695755958557,0.058187,0.01413
167.7727165222168,0.074893,0.014099
167.8179121017456,0.08328,0.014097
167.86400985717773,0.08584,0.013926
167.9128770828247,0.09724,0.014001
167.9599964618683,0.10363,0.013949
168.00901532173157,0.10749,0.014162
168.0567491054535,0.11455,0.014066
168.10598230361938,0.11728,0.01412
168.15521597862244,0.12907,0.014124
168.2038233280182,0.13364,0.014234
168.2523124217987,0.13837,0.014209
168.30156230926514,0.1418,0.014277
168.3521432876587,0.14636,0.014184
168.40286207199097,0.15207,0.014223
168.45210576057434,0.15513,0.014106
168.50153517723083,0.16064,0.013975
168.55258512496948,0.16503,0.013969
168.60135126113892,0.16931,0.013924
168.65057682991028,0.17372,0.013993
168.70142340660095,0.17769,0.014031
168.74927496910095,0.18521,0.014142
168.79467821121216,0.19033,0.014161
168.84281206130981,0.19347,0.014017
168.89302587509155,0.19765,0.014121
168.9449110031128,0.20268,0.014227
168.99855303764343,0.20688,0.014215
169.04915237426758,0.21184,0.014318
169.0985746383667,0.21588,0.014333
169.146790266037,0.21991,0.014129
169.1965572834015,0.226,0.014094
169.24433994293213,0.23107,0.014105
169.2923605442047,0.23513,0.014063
169.34242987632751,0.23808,0.01408
169.38977146148682,0.24309,0.014202
169.4429190158844,0.24507,0.01407
169.49221467971802,0.25092,0.014176
169.5406665802002,0.25301,0.014305
169.59342050552368,0.25981,0.01427
169.6432909965515,0.26389,0.014312
169.69032049179077,0.26795,0.014227
169.73812460899353,0.26967,0.014276
169.78603506088257,0.27964,0.014408
169.83126282691956,0.28377,0.014244
169.87542462348938,0.28473,0.014289
169.92171263694763,0.28971,0.014143
169.98130130767822,0.29349,0.014134
170.03068280220032,0.29743,0.01423
170.078063249588,0.30144,0.014246
170.12713503837585,0.028493,0.014148
170.17039513587952,0.039733,0.014181
170.2186040878296,0.046653,0.014026
170.26659321784973,0.07464,0.014169
170.315612077713,0.085653,0.014069
170.36449646949768,0.09416,0.014011
170.41449213027954,0.098267,0.013916
170.46442580223083,0.10335,0.014092
170.511727809906,0.10821,0.014006
170.55870628356934,0.1146,0.014138
170.60642290115356,0.11687,0.014159
170.65408539772034,0.12311,0.014161
170.70129776000977,0.12892,0.014167
170.74698877334595,0.13231,0.014197
170.79479551315308,0.137,0.014327
170.84697127342224,0.14277,0.014255
170.89182138442993,0.14733,0.014193
170.93993496894836,0.1508,0.014204
170.98754167556763,0.15496,0.01414
171.036438703537,0.15924,0.014043
171.08757543563843,0.17009,0.014125
171.13726806640625,0.17343,0.014059
171.1850824356079,0.17761,0.014106
171.23146557807922,0.18061,0.014165
171.2808599472046,0.18499,0.014026
171.3287787437439,0.19035,0.014203
171.37937831878662,0.19336,0.014107
171.4279179573059,0.20159,0.014114
171.4743525981903,0.20563,0.014141
171.5262291431427,0.20967,0.014164
171.57199358940125,0.21372,0.014046
171.61611199378967,0.21671,0.014104
171.66160988807678,0.22077,0.014188
171.71005725860596,0.22573,0.014191
171.75862312316895,0.23005,0.014044
171.80469417572021,0.23373,0.014304
171.85254859924316,0.23793,0.014272
171.90192890167236,0.24175,0.014198
171.95158505439758,0.24379,0.014223
171.99821734428406,0.253,0.014258
172.04589557647705,0.25596,0.014179
172.09466934204102,0.25984,0.014049
172.14144468307495,0.26379,0.014142
172.19194221496582,0.26665,0.014191
172.2394437789917,0.27257,0.014218
172.28786706924438,0.27656,0.014213
172.33377170562744,0.28052,0.014289
172.38171887397766,0.28172,0.01418
172.4279055595398,0.28743,0.014171
172.47592973709106,0.29251,0.014119
172.52388548851013,0.29647,0.014236
172.57245349884033,0.028613,0.014294
172.6244330406189,0.032973,0.014047
172.6707124710083,0.04336,0.014202
172.71739983558655,0.051893,0.013995
172.76669025421143,0.06868,0.014199
172.81629252433777,0.079533,0.014068
172.86571884155273,0.09068,0.014071
172.91392517089844,0.095333,0.01411
172.96189284324646,0.1044,0.014136
173.01133608818054,0.10944,0.014072
173.0580906867981,0.11436,0.014191
173.1063039302826,0.1178,0.014172
173.1562807559967,0.12259,0.014159
173.20705389976501,0.12771,0.014173
173.25305771827698,0.13124,0.014231
173.30068254470825,0.13805,0.014227
173.3485517501831,0.14603,0.014229
173.3959972858429,0.14928,0.014249
173.4464521408081,0.15369,0.014103
173.4929974079132,0.15811,0.014199
173.5415654182434,0.16372,0.014092
173.5908169746399,0.16703,0.014128
173.6411600112915,0.16903,0.01404
173.6931004524231,0.17533,0.013954
173.74072074890137,0.18288,0.01417
173.7892816066742,0.18708,0.014087
173.83641815185547,0.19003,0.014131
173.88546442985535,0.1944,0.014197
173.93362426757812,0.19815,0.014132
173.97898030281067,0.20237,0.014194
174.02863311767578,0.2098,0.014179
174.07817125320435,0.21271,0.014165
174.12468791007996,0.21672,0.014279
174.17068815231323,0.22196,0.014199
174.2201750278473,0.22289,0.014015
174.26965045928955,0.22885,0.014112
174.3140161037445,0.23283,0.014197
174.35930252075195,0.23689,0.01417
174.4078552722931,0.24085,0.014094
174.45661783218384,0.24468,0.014055
174.50470280647278,0.24859,0.014153
174.55544233322144,0.25289,0.01415
174.60655736923218,0.26169,0.014199
174.6523060798645,0.26261,0.014312
174.70021033287048,0.26855,0.014129
174.74724006652832,0.27255,0.014243
174.79324960708618,0.27561,0.014257
174.83802366256714,0.28061,0.014169
174.88456273078918,0.28359,0.014209
174.92819666862488,0.28749,0.014261
174.97792077064514,0.2914,0.014255
175.02443408966064,0.29544,0.014191
175.07225823402405,0.3022,0.014193
175.1211371421814,0.03016,0.014035
175.16868615150452,0.040387,0.014097
175.21565461158752,0.045693,0.014221
175.26096200942993,0.057013,0.014159
175.30934023857117,0.068,0.014234
175.35473132133484,0.084653,0.014201
175.40883827209473,0.087373,0.014124
175.4611678123474,0.10312,0.014217
175.51084232330322,0.10684,0.014083
175.55959582328796,0.11169,0.014119
175.60771679878235,0.11539,0.014147
175.6535768508911,0.12144,0.014142
175.70293879508972,0.12732,0.014194
175.74952697753906,0.13325,0.014203
175.7990643978119,0.13667,0.014216
175.8438684940338,0.14236,0.014248
175.88918471336365,0.14559,0.014234
175.93522930145264,0.15147,0.01418
175.98404335975647,0.15463,0.01419
176.03415536880493,0.16137,0.014222
176.08048176765442,0.16568,0.014072
176.13025498390198,0.16877,0.014101
176.18489861488342,0.17413,0.014071
176.23024535179138,0.18057,0.014215
176.27643013000488,0.18479,0.014137
176.32539892196655,0.18888,0.014122
176.37168836593628,0.19189,0.014224
176.42088508605957,0.19711,0.014019
176.4689371585846,0.20205,0.014108
176.51629447937012,0.20531,0.014139
176.56455183029175,0.21033,0.01431
176.6119167804718,0.21345,0.014299
176.66099762916565,0.22029,0.01419
176.707683801651,0.22344,0.014094
176.75545501708984,0.22865,0.014171
176.80134439468384,0.23256,0.014152
176.84958457946777,0.23444,0.014238
176.90094089508057,0.23964,0.014137
176.94863080978394,0.24459,0.014171
176.99523258209229,0.2466,0.014154
177.04129719734192,0.25047,0.014128
177.08648300170898,0.25636,0.014128
177.13916993141174,0.25839,0.014233
177.18754649162292,0.26457,0.014203
177.23868870735168,0.27136,0.014307
177.28606843948364,0.27536,0.014262
177.33350205421448,0.27919,0.014227
177.38236689567566,0.28131,0.014177
177.4316987991333,0.28635,0.014283
177.48012971878052,0.29116,0.014311
177.52857995033264,0.29507,0.014305
177.57567381858826,0.29909,0.01414
177.62989115715027,0.025773,0.014157
177.68123126029968,0.034093,0.01425
177.7282965183258,0.04792,0.014093
177.77584600448608,0.059173,0.014249
177.82748079299927,0.06772,0.014182
177.87601399421692,0.07872,0.014161
177.92198204994202,0.09212,0.014207
177.96985602378845,0.097733,0.014177
178.01530623435974,0.10125,0.014116
178.06163811683655,0.11387,0.01398
178.10674238204956,0.11756,0.014149
178.1545352935791,0.12256,0.014165
178.20344495773315,0.12723,0.01419
178.24869108200073,0.13189,0.014255
178.29795718193054,0.13524,0.014266
178.34488725662231,0.13997,0.014223
178.39329648017883,0.14339,0.014234
178.4419059753418,0.14681,0.014178
178.49077820777893,0.15783,0.014261
178.5403447151184,0.16212,0.01412
178.59140253067017,0.16427,0.014152
178.6402509212494,0.16865,0.014105
178.68775963783264,0.17385,0.014152
178.73561835289001,0.176,0.014164
178.7832634449005,0.18244,0.0141
178.83410120010376,0.18652,0.014206
178.87966012954712,0.18973,0.014256
178.92741584777832,0.19381,0.014105
178.97478032112122,0.19821,0.014243
179.02300214767456,0.20643,0.014222
179.0695686340332,0.21024,0.014148
179.1187608242035,0.21637,0.014186
179.1686041355133,0.21839,0.014255
179.2202877998352,0.22245,0.014216
179.26871848106384,0.22955,0.014223
179.31748604774475,0.2334,0.014025
179.36787295341492,0.23663,0.014109
179.41407704353333,0.24052,0.014129
179.462877035141,0.24455,0.014142
179.5112500190735,0.24953,0.014141
179.5643014907837,0.25561,0.014182
179.61603093147278,0.25844,0.014269
179.66774797439575,0.26216,0.014065
179.71594142913818,0.26637,0.014213
179.76482963562012,0.27025,0.014227
179.8148798942566,0.27509,0.014252
179.86157155036926,0.27723,0.014252
179.907812833786,0.28113,0.014355
179.95140433311462,0.28611,0.014193
179.9958941936493,0.29011,0.014229
180.04745197296143,0.29316,0.014242
180.09470224380493,0.30092,0.014124
180.14186573028564,0.031547,0.014165
180.1905333995819,0.042093,0.014178
180.23796820640564,0.053093,0.01416
180.2841339111328,0.06128,0.01423
180.33440804481506,0.072693,0.014214
180.38682103157043,0.086373,0.01422
180.43363857269287,0.096067,0.014189
180.47983288764954,0.10135,0.014007
180.5275959968567,0.10505,0.014179
180.5805950164795,0.11003,0.014206
180.63196873664856,0.11493,0.01407
180.68055415153503,0.11977,0.01418
180.72901678085327,0.12223,0.014201
180.77802348136902,0.13512,0.014267
180.82488179206848,0.13745,0.014215
180.8711576461792,0.14203,0.014158
180.9228663444519,0.14653,0.014335
180.9709928035736,0.15205,0.014238
181.0223569869995,0.15644,0.014205
181.06812000274658,0.15867,0.014225
181.1176676750183,0.16409,0.014153
181.16623616218567,0.17283,0.014179
181.21558356285095,0.177,0.01411
181.26859045028687,0.18124,0.014164
181.31768226623535,0.18548,0.014149
181.3684573173523,0.18955,0.014161
181.42339849472046,0.19477,0.014092
181.4725320339203,0.19881,0.014266
181.52102494239807,0.20313,0.014307
181.56833124160767,0.20684,0.014124
181.61585235595703,0.20803,0.01427
181.66251301765442,0.21315,0.014277
181.71206855773926,0.21923,0.014333
181.76293182373047,0.22624,0.01425
181.81020617485046,0.23131,0.014148
181.8578441143036,0.23631,0.014271
181.9051034450531,0.23929,0.014327
181.95673632621765,0.24413,0.014133
182.00366353988647,0.2482,0.014139
182.05443572998047,0.24928,0.014163
182.10332131385803,0.25435,0.014302
182.1493809223175,0.25823,0.014212
182.19640731811523,0.26108,0.01416
182.24346661567688,0.26696,0.014246
182.293306350708,0.27005,0.014291
182.33839178085327,0.27493,0.014237
182.38543963432312,0.28296,0.014222
182.43267250061035,0.28404,0.014436
182.4813084602356,0.28907,0.014333
182.52669739723206,0.29372,0.014267
182.5759460926056,0.29669,0.014261
182.61996746063232,0.30183,0.014367
182.66810774803162,0.03344,0.01424
182.71565127372742,0.041707,0.014156
182.76207041740417,0.055613,0.014206
182.8067171573639,0.06392,0.014256
182.85253834724426,0.072307,0.014281
182.90147733688354,0.086067,0.014319
182.95155239105225,0.093347,0.014169
182.9992036819458,0.10103,0.01418
183.0484480857849,0.10488,0.014094
183.09821557998657,0.1076,0.014283
183.14529371261597,0.11959,0.014182
183.19576978683472,0.12467,0.014114
183.24457168579102,0.12791,0.014172
183.29294633865356,0.13267,0.014245
183.33982872962952,0.13721,0.014324
183.39069414138794,0.14185,0.014335
183.43831396102905,0.14748,0.014226
183.48691248893738,0.14967,0.014158
183.54003238677979,0.15412,0.014298
183.58896708488464,0.16381,0.014257
183.6362841129303,0.16819,0.014189
183.68282198905945,0.17367,0.014215
183.73059916496277,0.17683,0.014189
183.77996730804443,0.18095,0.014055
183.83093523979187,0.18631,0.014109
183.8781135082245,0.18915,0.014205
183.92846632003784,0.19355,0.014171
183.97587728500366,0.19757,0.014224
184.0262348651886,0.20257,0.014232
184.076030254364,0.20591,0.014309
184.12449431419373,0.2138,0.014377
184.17537093162537,0.217,0.014374
184.22321391105652,0.22193,0.014264
184.27353763580322,0.22505,0.014229
184.32236218452454,0.22905,0.01429
184.3709692955017,0.23504,0.014201
184.4207570552826,0.23817,0.014146
184.46729278564453,0.24221,0.014191
184.5139241218567,0.24619,0.014078
184.56094980239868,0.24905,0.014247
184.6100480556488,0.25508,0.014234
184.6572301387787,0.25781,0.0142
184.7052185535431,0.26285,0.014288
184.75291919708252,0.26501,0.014425
184.8001458644867,0.26887,0.014439
184.84709119796753,0.27777,0.014333
184.89408898353577,0.28175,0.014343
184.93957614898682,0.28569,0.014389
184.98794841766357,0.28973,0.014348
185.03490662574768,0.29252,0.014342
185.08140349388123,0.29748,0.01425
185.13018226623535,0.30033,0.014363
185.180401802063,0.030413,0.014254
185.22858119010925,0.043827,0.014142
185.27268433570862,0.052067,0.014275
185.31868934631348,0.0636,0.014123
185.3674156665802,0.071813,0.014272
185.4145781993866,0.085427,0.014213
185.45992517471313,0.094373,0.014178
185.50902795791626,0.099413,0.014183
185.55641150474548,0.10464,0.014049
185.6048002243042,0.1094,0.014244
185.65169644355774,0.11941,0.014194
185.69934368133545,0.12295,0.014214
185.74754667282104,0.12899,0.014226
185.79647707939148,0.13348,0.014382
185.85037875175476,0.13821,0.014277
185.89608645439148,0.14164,0.014332
185.94392728805542,0.14609,0.014391
185.98784470558167,0.15056,0.014353
186.03510332107544,0.15393,0.014302
186.0837562084198,0.15963,0.014273
186.1303219795227,0.16276,0.014217
186.17911291122437,0.17143,0.014057
186.22681331634521,0.1756,0.014092
186.27261352539062,0.17979,0.014228
186.32138299942017,0.18288,0.014182
186.3713071346283,0.18703,0.014237
186.42225813865662,0.19236,0.014274
186.47017788887024,0.19435,0.014338
186.5173909664154,0.19947,0.014228
186.56390237808228,0.20156,0.014224
186.61323523521423,0.21168,0.01434
186.66233777999878,0.21581,0.014349
186.7105152606964,0.21975,0.014264
186.75786995887756,0.22375,0.014265
186.8054485321045,0.22792,0.014324
186.85346388816833,0.23188,0.014167
186.9010910987854,0.23501,0.014158
186.9507339000702,0.23887,0.01414
186.99888825416565,0.24579,0.014225
187.04740118980408,0.24885,0.014117
187.09634160995483,0.25395,0.014219
187.14617085456848,0.25784,0.014286
187.1920154094696,0.26169,0.014314
187.2407660484314,0.26568,0.014387
187.28897428512573,0.26863,0.014593
187.33709406852722,0.27373,0.014518
187.3844859600067,0.27659,0.01442
187.43054628372192,0.27941,0.014383
187.48142766952515,0.28572,0.014252
187.5271499156952,0.28977,0.014378
187.57496452331543,0.29259,0.014182
187.62935829162598,0.29745,0.014264
187.67625212669373,0.02992,0.014139
187.72182321548462,0.034813,0.014216
187.76748871803284,0.0488,0.014187
187.8150978088379,0.065813,0.014257
187.86163187026978,0.0686,0.014332
187.90669107437134,0.08244,0.014281
187.95467972755432,0.09284,0.014159
188.00055646896362,0.099267,0.014175
188.04806351661682,0.10191,0.014147
188.09519839286804,0.10957,0.01435
188.14259886741638,0.11315,0.01422
188.1896870136261,0.11792,0.014175
188.23730659484863,0.12165,0.014176
188.28552436828613,0.12883,0.014261
188.33582973480225,0.13212,0.014204
188.3824360370636,0.14149,0.014374
188.43046116828918,0.14596,0.014731
188.47809743881226,0.14831,0.01434
188.52680277824402,0.15493,0.014347
188.57709217071533,0.15931,0.014332
188.62351655960083,0.16337,0.01423
188.6720769405365,0.16576,0.01411
188.719961643219,0.17113,0.014077
188.76709628105164,0.1754,0.014181
188.81850361824036,0.17853,0.014249
188.86630702018738,0.18188,0.014104
188.915913105011,0.19305,0.014211
188.96310353279114,0.19641,0.014246
189.00909996032715,0.19948,0.014203
189.05727076530457,0.20575,0.014364
189.11039686203003,0.20641,0.014391
189.15636157989502,0.21376,0.014426
189.20535278320312,0.21775,0.014462
189.25239610671997,0.21976,0.014363
189.29907774925232,0.22484,0.014271
189.34801244735718,0.22999,0.014192
189.39958667755127,0.23377,0.014154
189.4511320590973,0.23775,0.014206
189.50330018997192,0.24165,0.014132
189.5509898662567,0.24579,0.014186
189.59882712364197,0.24969,0.014303
189.64814686775208,0.25453,0.014276
189.6950762271881,0.26269,0.014417
189.74395155906677,0.26568,0.014375
189.79167795181274,0.26959,0.014508
189.8434202671051,0.2714,0.014552
189.8943066596985,0.27737,0.014485
189.9418385028839,0.28144,0.014344
189.99232983589172,0.28627,0.01433
190.03899812698364,0.28729,0.014313
190.08816862106323,0.2932,0.0142
190.14183115959167,0.30013,0.014252
190.1858310699463,0.029333,0.01443
190.22954773902893,0.037227,0.014325
190.2781960964203,0.045467,0.014136
190.32524347305298,0.062453,0.014298
190.37118101119995,0.068067,0.014169
190.4188849925995,0.083253,0.014206
190.4687066078186,0.092587,0.014203
190.51341462135315,0.096427,0.014172
190.5589098930359,0.10177,0.014216
190.6060426235199,0.11055,0.014227
190.65506720542908,0.11545,0.014292
190.70179152488708,0.12025,0.014291
190.75059008598328,0.12509,0.014242
190.79747653007507,0.12979,0.014253
190.84472227096558,0.13432,0.014325
190.8906967639923,0.13788,0.014483
190.93538308143616,0.14349,0.014483
190.9849944114685,0.14576,0.014345
191.03488540649414,0.15247,0.014272
191.08066129684448,0.15672,0.014106
191.12790822982788,0.16228,0.014097
191.1740334033966,0.16451,0.014172
191.2227692604065,0.17001,0.014025
191.27073621749878,0.17205,0.014241
191.31868720054626,0.17831,0.014182
191.36825156211853,0.18689,0.014231
191.41628861427307,0.19092,0.014139
191.46306157112122,0.19399,0.014236
191.51585698127747,0.20015,0.014287
191.563068151474,0.20321,0.014468
191.61316752433777,0.20831,0.01448
191.66250228881836,0.21255,0.01451
191.71340918540955,0.21748,0.01427
191.7634928226471,0.22155,0.014224
191.81175088882446,0.2258,0.014213
191.85883212089539,0.22959,0.014087
191.90630388259888,0.23167,0.014039
191.95716905593872,0.23652,0.014034
192.00557446479797,0.24053,0.014123
192.05255770683289,0.24959,0.014113
192.09949684143066,0.25155,0.014229
192.14504742622375,0.25557,0.01427
192.1919460296631,0.26055,0.014328
192.24077033996582,0.26447,0.014586
192.2881202697754,0.26843,0.014661
192.33781123161316,0.27137,0.014782
192.3841564655304,0.27652,0.01473
192.43272995948792,0.28032,0.014648
192.4808325767517,0.28629,0.014124
192.53058576583862,0.28821,0.014194
192.5797152519226,0.29316,0.013931
192.62752151489258,0.29711,0.014239
192.67926406860352,0.26348,0.014155
192.7303750514984,0.02852,0.014001
192.77910113334656,0.039653,0.014209
192.828950881958,0.06208,0.014105
192.87702703475952,0.06912,0.014371
192.92360472679138,0.07884,0.014253
192.9703652858734,0.089787,0.014197
193.01634907722473,0.097653,0.01386
193.06385707855225,0.10024,0.014275
193.11079668998718,0.10665,0.014175
193.1587176322937,0.11153,0.014241
193.2068750858307,0.11767,0.014115
193.25522804260254,0.12009,0.014272
193.3029909133911,0.13071,0.014322
193.3490605354309,0.13531,0.014407
193.3961799144745,0.13889,0.01444
193.43929719924927,0.14349,0.014594
193.48716282844543,0.1468,0.014531
193.53221702575684,0.15239,0.014606
193.58030819892883,0.15773,0.014203
193.62823057174683,0.16213,0.014162
193.67864108085632,0.16545,0.014031
193.72554659843445,0.17079,0.014057
193.77532076835632,0.17185,0.01418
193.82233452796936,0.17715,0.014096
193.8704845905304,0.18235,0.014174
193.91744780540466,0.18467,0.01419
193.9714298248291,0.19391,0.014196
194.02055096626282,0.19603,0.014408
194.06788897514343,0.20217,0.014427
194.11409521102905,0.20517,0.014607
194.16011548042297,0.20936,0.014629
194.20812678337097,0.21247,0.014518
194.25381994247437,0.21825,0.014254
194.3015580177307,0.22029,0.014049
194.34836220741272,0.22539,0.013883
194.39721846580505,0.2296,0.014005
194.44306874275208,0.23444,0.014045
194.49026370048523,0.23753,0.014161
194.53901386260986,0.24265,0.014091
194.59049129486084,0.25047,0.014051
194.642409324646,0.25463,0.014235
194.68992853164673,0.25839,0.014362
194.73681330680847,0.26327,0.014708
194.78350615501404,0.26619,0.014995
194.83161997795105,0.27035,0.014926
194.8785274028778,0.27333,0.014748
194.92573285102844,0.27617,0.014409
194.97158908843994,0.28105,0.014198
195.01700377464294,0.28511,0.014271
195.0652289390564,0.28816,0.014136
195.11665177345276,0.29795,0.014064
195.1639540195465,0.29984,0.014255
195.21171855926514,0.02584,0.014079
195.25916361808777,0.03628,0.014472
195.30551505088806,0.05324,0.014132
195.35853695869446,0.058827,0.014222
195.40570735931396,0.07296,0.014402
195.4535539150238,0.083827,0.014061
195.50233936309814,0.09352,0.014115
195.54797887802124,0.09612,0.014113
195.59874081611633,0.10393,0.01418
195.64654922485352,0.11261,0.014133
195.695246219635,0.11761,0.01419
195.74161291122437,0.12363,0.014236
195.78916001319885,0.12599,0.014247
195.8356294631958,0.12963,0.014413
195.88128900527954,0.13752,0.014447
195.9281666278839,0.14097,0.014529
195.9778163433075,0.14421,0.014576
196.0254306793213,0.14777,0.014355
196.07595491409302,0.15128,0.014185
196.1250901222229,0.16076,0.014109
196.17147541046143,0.1674,0.013835
196.21609568595886,0.16851,0.014085
196.26422429084778,0.1728,0.014072
196.31343483924866,0.17825,0.014053
196.36163806915283,0.18333,0.014151
196.413428068161,0.18625,0.014244
196.460125207901,0.19157,0.014236
196.5153625011444,0.19485,0.014212
196.56277060508728,0.19889,0.014382
196.60752320289612,0.20193,0.014478
196.65325093269348,0.20804,0.014735
196.70201206207275,0.21137,0.014663
196.74935603141785,0.21631,0.014472
196.7977111339569,0.21904,0.014073
196.84522080421448,0.22536,0.013954
196.89751958847046,0.23229,0.013981
196.94597935676575,0.23624,0.014043
196.9924032688141,0.24124,0.014032
197.03955912590027,0.24517,0.014089
197.08566975593567,0.24933,0.014106
197.1337549686432,0.25231,0.014312
197.18154549598694,0.25625,0.014395
197.231121301651,0.25917,0.014669
197.2798843383789,0.26228,0.015035
197.33087968826294,0.26799,0.015226
197.37609457969666,0.27207,0.014961
197.425035238266,0.27705,0.014488
197.47404527664185,0.27815,0.01421
197.5239179134369,0.28792,0.01395
197.57837390899658,0.29191,0.014191
197.6262903213501,0.29576,0.014129
197.67216277122498,0.29952,0.014191
197.71913385391235,0.023413,0.014855
197.76711177825928,0.035787,0.01469
197.8143458366394,0.046907,0.014118
197.86175727844238,0.058467,0.014215
197.91036319732666,0.06668,0.01405
197.9577510356903,0.07796,0.014137
198.0060794353485,0.09164,0.014101
198.05347204208374,0.094733,0.014179
198.10071063041687,0.10225,0.013988
198.14636635780334,0.10616,0.014003
198.19488501548767,0.11113,0.014214
198.24355936050415,0.11852,0.014158
198.28990578651428,0.12336,0.014308
198.3350522518158,0.13145,0.014383
198.3826744556427,0.13497,0.014315
198.42993688583374,0.14083,0.014639
198.48094534873962,0.14524,0.014779
198.52975606918335,0.1498,0.014643
198.57427716255188,0.15523,0.014227
198.6212441921234,0.15741,0.014066
198.66815185546875,0.16085,0.014091
198.71561861038208,0.16509,0.014094
198.7634880542755,0.17147,0.014029
198.81121110916138,0.17572,0.014091
198.85892057418823,0.17907,0.014068
198.907897233963,0.18316,0.014155
198.95527815818787,0.18616,0.014193
199.00345301628113,0.19256,0.014299
199.05186223983765,0.20056,0.014441
199.099374294281,0.20303,0.014494
199.14677119255066,0.20889,0.014895
199.1943953037262,0.21199,0.014727
199.24212908744812,0.215,0.01448
199.28860235214233,0.21793,0.014129
199.33734035491943,0.22419,0.013933
199.38714575767517,0.22705,0.013967
199.43507862091064,0.23508,0.014061
199.47971487045288,0.23803,0.014083
199.5302574634552,0.24112,0.014135
199.57726407051086,0.24589,0.014084
199.6265299320221,0.24909,0.014131
199.67346930503845,0.25395,0.014224
199.719486951828,0.26091,0.014633
199.7674446105957,0.26399,0.014851
199.81141233444214,0.26892,0.015233
199.85780811309814,0.26984,0.015183
199.9074501991272,0.27585,0.015002
199.9563660621643,0.27887,0.014499
200.00401854515076,0.28461,0.014064
200.0517613887787,0.28788,0.013985
200.09830832481384,0.29073,0.014271
200.14636850357056,0.29557,0.014152
200.19307899475098,0.29953,0.014333
200.24219274520874,0.02612,0.014283
200.2898576259613,0.02996,0.014113
200.33767986297607,0.040787,0.014072
200.38682532310486,0.057813,0.014118
200.43712759017944,0.08004,0.014142
200.48629522323608,0.08844,0.014041
200.53054642677307,0.096973,0.01397
200.57876420021057,0.0996,0.013983
200.62745118141174,0.10725,0.013975
200.68148398399353,0.11085,0.014017
200.7282247543335,0.11568,0.014113
200.77599358558655,0.12184,0.014223
200.824200630188,0.12664,0.014275
200.87281680107117,0.13479,0.014429
200.91892004013062,0.13711,0.014485
200.96249103546143,0.14287,0.014749
201.01030850410461,0.14859,0.014822
201.06049585342407,0.15288,0.014449
201.10926842689514,0.15727,0.014128
201.15837216377258,0.16151,0.014063
201.20785570144653,0.16592,0.013883
201.2564082145691,0.17032,0.013977
201.30465149879456,0.17457,0.01401
201.3561463356018,0.1788,0.014083
201.40536451339722,0.18417,0.014043
201.4540193080902,0.18621,0.014152
201.50127029418945,0.18908,0.014229
201.54708075523376,0.19545,0.01446
201.59408402442932,0.2036,0.014631
201.64098119735718,0.20779,0.014843
201.68762302398682,0.21193,0.014846
201.73531866073608,0.21475,0.01461
201.7818248271942,0.21783,0.014143
201.83090353012085,0.22295,0.014045
201.8787236213684,0.22799,0.01391
201.92668223381042,0.23192,0.013884
201.97432565689087,0.23587,0.013986
202.02161121368408,0.23783,0.014058
202.06804943084717,0.24315,0.014144
202.11954164505005,0.24503,0.014188
202.16585040092468,0.25216,0.014232
202.21263599395752,0.25589,0.014516
202.25977540016174,0.25877,0.014828
202.30698323249817,0.26288,0.015333
202.35500288009644,0.26787,0.015281
202.41200923919678,0.27475,0.014906
202.45952534675598,0.27867,0.014485
202.50772833824158,0.28268,0.014112
202.5559606552124,0.28564,0.013998
202.60219812393188,0.28964,0.014015
202.6484055519104,0.29459,0.014151
202.69500064849854,0.29948,0.014057
202.74239301681519,0.020267,0.014678
202.79171347618103,0.035013,0.013916
202.8384828567505,0.04168,0.014107
202.88612389564514,0.053013,0.014142
202.93390321731567,0.063147,0.014013
202.98114705085754,0.074147,0.014202
203.02821135520935,0.094093,0.014131
203.07778978347778,0.099733,0.014035
203.1262412071228,0.10476,0.013958
203.17526388168335,0.10968,0.013974
203.2242488861084,0.11559,0.014135
203.27438163757324,0.12068,0.014164
203.32370805740356,0.12537,0.014333
203.37192392349243,0.12893,0.014312
203.41617035865784,0.13369,0.014522
203.46431040763855,0.13821,0.014611
203.51388716697693,0.14269,0.014621
203.5627088546753,0.15277,0.014474
203.61002373695374,0.1572,0.014106
203.65772461891174,0.1604,0.014039
203.7050497531891,0.16484,0.01398
203.7533736228943,0.16893,0.013936
203.79912495613098,0.17251,0.013853
203.84624242782593,0.1776,0.013958
203.8926703929901,0.1808,0.013955
203.94211053848267,0.18397,0.014066
203.99081945419312,0.19016,0.014372
204.03918147087097,0.19131,0.014356
204.0863380432129,0.20179,0.014542
204.1399827003479,0.20471,0.014626
204.1902153491974,0.20872,0.014817
204.23781895637512,0.21277,0.014817
204.282728433609,0.21779,0.014003
204.32993912696838,0.22183,0.013916
204.37607669830322,0.22576,0.013858
204.42550015449524,0.22879,0.013803
204.47176957130432,0.23283,0.013796
204.5190749168396,0.23679,0.013871
204.56811475753784,0.23991,0.014061
204.61547303199768,0.24575,0.014145
204.66178274154663,0.24995,0.013989
204.71002793312073,0.25776,0.01465
204.7595717906952,0.26093,0.014633
204.80690813064575,0.26609,0.014963
204.85434818267822,0.26963,0.015093
204.89725065231323,0.27376,0.015382
204.9453582763672,0.27672,0.014867
204.99699664115906,0.28061,0.014159
205.04512000083923,0.28467,0.014121
205.0941035747528,0.28945,0.014018
205.1423704624176,0.29348,0.014198
205.18682432174683,0.29732,0.014116
205.23473477363586,0.30021,0.014083
205.2823932170868,0.029333,0.014395
205.33028554916382,0.035827,0.014255
205.37822103500366,0.057,0.014161
205.42397212982178,0.071147,0.014232
205.4711356163025,0.08484,0.014131
205.51888370513916,0.092827,0.014132
205.56588006019592,0.09644,0.013867
205.61429405212402,0.103,0.013796
205.66896748542786,0.10816,0.01393
205.71782302856445,0.11303,0.013921
205.7665820121765,0.11796,0.014434
205.81487941741943,0.12259,0.014309
205.8638608455658,0.12635,0.014463
205.91281867027283,0.13216,0.014637
205.9600052833557,0.14011,0.014732
206.0095829963684,0.14367,0.014968
206.057448387146,0.14924,0.014632
206.10609936714172,0.15475,0.014262
206.15769982337952,0.15908,0.014073
206.20492959022522,0.16244,0.014038
206.25120782852173,0.16691,0.013962
206.3003089427948,0.17203,0.013736
206.34726071357727,0.17633,0.01381
206.39195704460144,0.17849,0.01409
206.43934392929077,0.18487,0.014282
206.48908734321594,0.18792,0.014327
206.5369701385498,0.19208,0.014267
206.58760952949524,0.19627,0.01453
206.6356701850891,0.20356,0.014525
206.68469762802124,0.20956,0.01487
206.73267531394958,0.21151,0.014823
206.77917432785034,0.21652,0.0144
206.8276596069336,0.22085,0.013963
206.87848687171936,0.2248,0.013865
206.9257619380951,0.22768,0.013858
206.9758219718933,0.23573,0.013803
207.023375749588,0.23857,0.013693
207.0717089176178,0.24164,0.01393
207.1222984790802,0.24673,0.014089
207.1687593460083,0.24869,0.014367
207.21581959724426,0.25459,0.014329
207.26129412651062,0.26039,0.01464
207.31045365333557,0.26352,0.014881
207.3589792251587,0.26747,0.015312
207.40410208702087,0.27151,0.015267
207.44930720329285,0.27428,0.014667
207.49556851387024,0.27935,0.0143
207.54389452934265,0.28327,0.014214
207.59217834472656,0.286,0.014183
207.6403772830963,0.29124,0.014001
207.69074773788452,0.29431,0.014237
207.73868703842163,0.29809,0.015312
207.78615403175354,0.02128,0.014268
207.83434295654297,0.036667,0.013914
207.88190412521362,0.056333,0.014032
207.93098950386047,0.06764,0.014032
207.9779007434845,0.078667,0.014163
208.02616786956787,0.0884,0.014101
208.07604312896729,0.09632,0.013879
208.12244391441345,0.10152,0.013759
208.17164540290833,0.10659,0.013801
208.21794414520264,0.10924,0.013905
208.26592779159546,0.11529,0.013984
208.31175684928894,0.12372,0.014296
208.35943341255188,0.12827,0.014238
208.40809798240662,0.13413,0.014449
208.45921111106873,0.13887,0.014478
208.5078821182251,0.14333,0.014601
208.5565435886383,0.14663,0.014611
208.60173511505127,0.15108,0.014485
208.6497917175293,0.15459,0.014039
208.69595980644226,0.16099,0.013934
208.74510788917542,0.16413,0.013934
208.79120779037476,0.16965,0.013807
208.84039759635925,0.17389,0.013659
208.88781452178955,0.17827,0.013855
208.9359290599823,0.18127,0.014078
208.98264074325562,0.18661,0.014127
209.03140783309937,0.18976,0.014295
209.0787477493286,0.19888,0.014373
209.1287693977356,0.20324,0.014569
209.1770896911621,0.20743,0.014771
209.2245614528656,0.21153,0.014753
209.27268648147583,0.2142,0.014667
209.3203375339508,0.21935,0.013939
209.36753249168396,0.22445,0.01398
209.41563630104065,0.22643,0.013838
209.46721649169922,0.23152,0.013667
209.51667070388794,0.23556,0.01381
209.56667256355286,0.24056,0.013977
209.6146023273468,0.24648,0.014085
209.66045093536377,0.25043,0.014231
209.70963621139526,0.25141,0.014365
209.75723576545715,0.25636,0.014751
209.80381393432617,0.26137,0.014927
209.8501160144806,0.26429,0.015316
209.8986620903015,0.26831,0.01512
209.94743990898132,0.27232,0.014501
209.9945740699768,0.27728,0.014194
210.0425581932068,0.28128,0.01418
210.0914077758789,0.28519,0.014191
210.14198851585388,0.29177,0.014103
210.19546175003052,0.296,0.01401
210.24745774269104,0.29896,0.013583
210.29324626922607,0.027827,0.013733
210.34195113182068,0.030573,0.01404
210.39081406593323,0.050307,0.014022
210.43645787239075,0.0588,0.013959
210.48356246948242,0.07008,0.014102
210.53208708763123,0.091947,0.014045
210.5812005996704,0.09612,0.013953
210.62968850135803,0.10024,0.013595
