Tiempo (s),Monitoreo_X_CH1 (V),Scattering_CH2 (V)
0.04699063301086426,0.0912,0.010586
0.14827489852905273,0.0916,0.010636
0.24784350395202637,0.093067,0.010577
0.35013580322265625,0.0948,0.010633
0.4511556625366211,0.096867,0.010569
0.5545942783355713,0.097133,0.010609
0.649893045425415,0.097867,0.01055
0.7603592872619629,0.10007,0.01055
0.8733608722686768,0.10247,0.010591
0.9689266681671143,0.10233,0.010625
1.0804519653320312,0.10607,0.010614
1.1839098930358887,0.1058,0.0106
1.2907607555389404,0.10827,0.010621
1.393155574798584,0.10927,0.010582
1.5013673305511475,0.11047,0.010585
1.6056036949157715,0.11253,0.010586
1.7049980163574219,0.11367,0.010527
1.8049776554107666,0.1144,0.010577
1.9024574756622314,0.11633,0.010637
2.0014824867248535,0.11733,0.010601
2.110322952270508,0.11947,0.010553
2.2217981815338135,0.1202,0.010571
2.329084873199463,0.12127,0.010569
2.4370641708374023,0.1222,0.010665
2.540337562561035,0.1238,0.010584
2.6442036628723145,0.12533,0.010599
2.7510366439819336,0.12647,0.01055
2.863494634628296,0.1276,0.010651
2.9684691429138184,0.13053,0.010576
3.082725763320923,0.1304,0.01054
3.1882336139678955,0.13327,0.010593
3.3014583587646484,0.13333,0.010571
3.398894786834717,0.13467,0.010576
3.5006632804870605,0.1366,0.010625
3.604504346847534,0.13833,0.010611
3.711754560470581,0.13933,0.010604
3.8204920291900635,0.1408,0.010569
3.9172327518463135,0.1408,0.01061
4.028946161270142,0.14313,0.010589
4.130518198013306,0.14393,0.010653
4.240173101425171,0.14527,0.010576
4.3457231521606445,0.1464,0.010578
4.450227499008179,0.14813,0.010619
4.550229787826538,0.1484,0.010534
4.6620917320251465,0.15007,0.010563
4.758094787597656,0.15153,0.010521
4.870665073394775,0.1522,0.010546
4.983932256698608,0.15427,0.010638
5.087106227874756,0.15487,0.010563
5.190845966339111,0.15593,0.010584
5.300940036773682,0.1572,0.010563
5.412636995315552,0.1608,0.010586
5.520479440689087,0.161,0.010555
5.617505788803101,0.162,0.010546
5.731033086776733,0.16347,0.010553
5.84108304977417,0.16353,0.01059
5.942718267440796,0.166,0.010533
6.051575183868408,0.16673,0.010649
6.1602418422698975,0.16833,0.010711
6.27205753326416,0.1692,0.010638
6.3803627490997314,0.1702,0.010614
6.4911181926727295,0.17147,0.010744
6.600689888000488,0.17273,0.010779
6.711247205734253,0.174,0.010873
6.824744939804077,0.17547,0.01099
6.931269407272339,0.17613,0.011036
7.029681921005249,0.17713,0.011152
7.129772663116455,0.17927,0.011095
7.2388434410095215,0.18033,0.011605
7.355372905731201,0.1804,0.01171
7.462252378463745,0.1834,0.011644
7.568933486938477,0.18413,0.011791
7.677073240280151,0.18547,0.011853
7.7897419929504395,0.187,0.012057
7.899045467376709,0.188,0.01208
7.996597528457642,0.18927,0.012209
8.10987663269043,0.19033,0.012317
8.222915887832642,0.1916,0.012284
8.330829620361328,0.1924,0.012336
8.440361976623535,0.19327,0.012272
8.551573038101196,0.19453,0.011819
8.650747060775757,0.19667,0.011629
8.748656034469604,0.19707,0.012343
8.859677076339722,0.19807,0.011982
8.958861351013184,0.19907,0.011656
9.057973384857178,0.20087,0.011514
9.159776449203491,0.20147,0.011583
9.259951114654541,0.2026,0.011265
9.357475757598877,0.20487,0.011518
9.462387323379517,0.2052,0.011322
9.566051959991455,0.20593,0.011056
9.664688110351562,0.20667,0.01093
9.760861158370972,0.20773,0.010927
9.857222557067871,0.20927,0.010758
9.960824966430664,0.2104,0.0107
10.066493272781372,0.21107,0.010824
10.162261962890625,0.21233,0.010647
10.266870737075806,0.21387,0.010762
10.362893104553223,0.2148,0.01066
10.463943004608154,0.21553,0.010604
10.564039468765259,0.21687,0.01065
10.67034649848938,0.21827,0.010669
10.761321067810059,0.21887,0.010573
10.864128351211548,0.2202,0.010593
10.972561359405518,0.2216,0.010638
11.071061849594116,0.22253,0.010607
11.170947074890137,0.2236,0.01063
11.273626327514648,0.22513,0.010703
11.369241952896118,0.22587,0.010744
11.47026801109314,0.2274,0.010719
11.57248306274414,0.22853,0.011175
11.672887802124023,0.22887,0.011284
11.773015260696411,0.23033,0.011087
11.873063802719116,0.23113,0.01138
11.975504398345947,0.23293,0.011718
12.072195529937744,0.23373,0.012186
12.17291522026062,0.23413,0.012135
12.27371072769165,0.23547,0.01228
12.374433994293213,0.2366,0.012401
12.48322606086731,0.2382,0.012445
12.580715417861938,0.23847,0.012301
12.690678358078003,0.23967,0.01237
12.793466091156006,0.24067,0.012285
12.890986442565918,0.2426,0.012589
12.999061346054077,0.2432,0.012272
13.108039140701294,0.24433,0.012477
13.224786281585693,0.24527,0.012381
13.317641973495483,0.24687,0.01237
13.421674013137817,0.24753,0.012006
13.533141613006592,0.2502,0.011834
13.641967535018921,0.2512,0.011404
13.749867677688599,0.25207,0.011491
13.847964763641357,0.2536,0.011235
13.94990587234497,0.25293,0.0111
14.061858654022217,0.25533,0.010985
14.171056509017944,0.25613,0.010929
14.27144193649292,0.25773,0.010943
14.382479667663574,0.25873,0.010862
14.482640743255615,0.2596,0.010916
14.589796781539917,0.2608,0.010815
14.700836658477783,0.26187,0.010846
14.813064813613892,0.26307,0.010753
14.920571327209473,0.26393,0.010775
15.01996111869812,0.26527,0.010704
15.132577180862427,0.2666,0.010684
15.243874549865723,0.26733,0.010657
15.342494487762451,0.26847,0.010629
15.449573993682861,0.27013,0.01067
15.55638599395752,0.27053,0.010608
15.664300680160522,0.273,0.010614
15.771011352539062,0.27387,0.010609
15.870755195617676,0.27467,0.010638
15.973239660263062,0.2762,0.010624
16.07132840156555,0.27713,0.010657
16.182310104370117,0.278,0.010601
16.29207682609558,0.27907,0.010633
16.4008309841156,0.28007,0.01061
16.509766578674316,0.0718,0.010618
16.612598180770874,0.071667,0.010584
16.71488070487976,0.0748,0.010545
16.820769548416138,0.077533,0.010561
16.93121910095215,0.080733,0.010624
17.034961938858032,0.0832,0.010529
17.136155128479004,0.086133,0.010575
17.24005103111267,0.089267,0.010502
17.349318504333496,0.092067,0.010611
17.462791442871094,0.092733,0.010614
17.5613431930542,0.0956,0.010559
17.665133237838745,0.0972,0.010574
17.77490472793579,0.096667,0.010587
17.878808736801147,0.099933,0.010589
17.988807439804077,0.10087,0.010533
18.10045099258423,0.10333,0.010582
18.203207969665527,0.1048,0.010542
18.30899953842163,0.10533,0.010559
18.41871953010559,0.10687,0.010591
18.52807927131653,0.10853,0.010587
18.64134955406189,0.10987,0.010553
18.740867376327515,0.1106,0.01058
18.84244465827942,0.1118,0.010602
18.94092106819153,0.1126,0.010563
19.04832410812378,0.11453,0.01059
19.161994218826294,0.11633,0.010549
19.259543895721436,0.11767,0.010582
19.36860752105713,0.11867,0.010558
19.472253799438477,0.11993,0.010651
19.578554391860962,0.121,0.01059
19.680928468704224,0.12253,0.010619
19.782209396362305,0.12387,0.010584
19.889868021011353,0.1268,0.010519
20.002163648605347,0.12613,0.010573
20.10284113883972,0.12767,0.010571
20.209880828857422,0.1304,0.010617
20.313198566436768,0.1312,0.010635
20.419690370559692,0.1328,0.010663
20.527554512023926,0.13393,0.010602
20.640676021575928,0.13507,0.010666
20.752140760421753,0.13593,0.01057
20.849519729614258,0.13727,0.010596
20.950252771377563,0.13893,0.010637
21.053301334381104,0.14,0.010574
21.150385856628418,0.14127,0.010629
21.260131120681763,0.1422,0.010546
21.3716983795166,0.14393,0.010607
21.478760957717896,0.14467,0.010532
21.580851316452026,0.14587,0.010618
21.677753448486328,0.14727,0.010612
21.781863689422607,0.14847,0.010566
21.88253355026245,0.15027,0.010621
21.98175072669983,0.15133,0.010603
22.086865186691284,0.15267,0.010538
22.180880784988403,0.15333,0.010619
22.284954071044922,0.15487,0.01057
22.392045736312866,0.15567,0.010572
22.501208782196045,0.15693,0.010574
22.600656032562256,0.15873,0.010571
22.699898719787598,0.15933,0.010574
22.81172227859497,0.16087,0.01056
22.909497261047363,0.16187,0.010583
23.0208899974823,0.16233,0.010566
23.13210892677307,0.1642,0.010698
23.237984895706177,0.1666,0.010713
23.34926748275757,0.1672,0.010686
23.460229635238647,0.16947,0.01083
23.57086706161499,0.1704,0.010758
23.680158853530884,0.1712,0.010908
23.78678274154663,0.1728,0.010907
23.90067982673645,0.1736,0.011148
24.01040816307068,0.17507,0.011536
24.113973379135132,0.17587,0.011443
24.219276905059814,0.17693,0.011751
24.32116723060608,0.17887,0.011801
24.420281648635864,0.18007,0.012051
24.52729296684265,0.18113,0.012123
24.640010595321655,0.18227,0.012407
24.748311758041382,0.183,0.012307
24.86184549331665,0.18453,0.012659
24.970519542694092,0.18687,0.012809
25.08497977256775,0.18767,0.0127
25.18975257873535,0.18893,0.013073
25.300301790237427,0.19073,0.012782
25.410556077957153,0.19127,0.012685
25.51972460746765,0.19233,0.012323
25.621959447860718,0.1934,0.012989
25.73034906387329,0.19467,0.012243
25.840717554092407,0.19527,0.012463
25.93942666053772,0.19713,0.012078
26.056549549102783,0.19827,0.011865
26.150578498840332,0.199,0.011918
26.251431226730347,0.20007,0.011653
26.363786458969116,0.20213,0.011433
26.470274686813354,0.20293,0.011196
26.582626819610596,0.2034,0.011135
26.680956840515137,0.20427,0.011305
26.793479919433594,0.2054,0.011019
26.902470588684082,0.2084,0.01089
27.009847164154053,0.20953,0.010956
27.120766639709473,0.21113,0.010739
27.218881368637085,0.2118,0.010664
27.31698250770569,0.2128,0.010665
27.435197591781616,0.21333,0.010665
27.53850269317627,0.21467,0.010623
27.65038251876831,0.2158,0.010629
27.749340772628784,0.21713,0.010646
27.84955930709839,0.21847,0.010641
27.954139709472656,0.21947,0.01062
28.05117964744568,0.22073,0.0106
28.15042543411255,0.22227,0.010638
28.26116442680359,0.22293,0.010765
28.37545657157898,0.22387,0.010673
28.476786375045776,0.2248,0.010766
28.57356023788452,0.22567,0.010846
28.68411159515381,0.22707,0.011239
28.7813880443573,0.228,0.011042
28.891010522842407,0.23067,0.010987
29.0019953250885,0.23047,0.011987
29.110620737075806,0.2322,0.010962
29.221526384353638,0.23407,0.011801
29.320613861083984,0.23513,0.012276
29.43061351776123,0.23533,0.012141
29.53748893737793,0.2368,0.011776
29.650445222854614,0.23813,0.012161
29.750949382781982,0.23913,0.01213
29.8512225151062,0.2408,0.012227
29.963977336883545,0.24093,0.012306
30.072776317596436,0.2422,0.01199
30.178833961486816,0.2438,0.012157
30.28913426399231,0.24547,0.012019
30.390618324279785,0.246,0.012099
30.500184535980225,0.2468,0.011662
30.603267431259155,0.248,0.011667
30.713343381881714,0.24947,0.011386
30.821809768676758,0.2518,0.011253
30.923715114593506,0.2508,0.011145
31.033341646194458,0.25247,0.011236
31.141008138656616,0.25387,0.01122
31.24973487854004,0.25587,0.010901
31.360828161239624,0.25707,0.010855
31.459365129470825,0.258,0.0109
31.562062978744507,0.25847,0.010843
31.66204261779785,0.25967,0.01085
31.760119915008545,0.26087,0.010789
31.859066009521484,0.26073,0.010761
31.976848363876343,0.26413,0.010744
32.0819354057312,0.26433,0.010664
32.18060255050659,0.26547,0.010648
32.279144048690796,0.26633,0.010709
32.37958383560181,0.2678,0.010664
32.482080698013306,0.26913,0.01057
32.581868171691895,0.26993,0.010631
32.68278121948242,0.27113,0.010597
32.78577470779419,0.2716,0.010615
32.88834095001221,0.27307,0.010575
32.98952388763428,0.27467,0.010664
33.09109807014465,0.27553,0.010533
33.192211866378784,0.2766,0.010651
33.28972887992859,0.2776,0.010625
33.40407919883728,0.27893,0.010596
33.51048421859741,0.27947,0.010637
33.623024702072144,0.28047,0.010565
33.72407913208008,0.072133,0.010599
33.81906247138977,0.071533,0.010583
33.926926374435425,0.075,0.010632
34.02221941947937,0.0778,0.010582
34.132471561431885,0.080867,0.010605
34.2319700717926,0.0838,0.010589
34.33981704711914,0.086733,0.010575
34.45058989524841,0.0892,0.010576
34.56133270263672,0.091467,0.010564
34.67085289955139,0.093067,0.010573
34.76906991004944,0.0938,0.010567
34.88055872917175,0.0958,0.010635
34.990960121154785,0.099067,0.010563
35.104063272476196,0.0998,0.01058
35.199745655059814,0.10033,0.010552
35.3049099445343,0.10293,0.010591
35.40726709365845,0.1046,0.010597
35.51131844520569,0.10527,0.010632
35.62112021446228,0.10667,0.010592
35.728750228881836,0.10793,0.010592
35.82952070236206,0.10973,0.010583
35.941232442855835,0.11087,0.010599
36.05296587944031,0.112,0.010576
36.158557415008545,0.11367,0.010575
36.26906967163086,0.1146,0.010586
36.3681321144104,0.11707,0.010581
36.48244524002075,0.11767,0.010596
36.57980251312256,0.12033,0.010599
36.68326282501221,0.1204,0.010619
36.79001498222351,0.122,0.010605
36.89118671417236,0.12267,0.010577
37.00299382209778,0.1258,0.010612
37.10736584663391,0.12553,0.010589
37.22105407714844,0.1282,0.010629
37.32144045829773,0.1288,0.01064
37.4240140914917,0.1288,0.010662
37.532721281051636,0.132,0.01065
37.64238524436951,0.1326,0.0106
37.75085234642029,0.1344,0.010641
37.85782790184021,0.13587,0.010625
37.97173047065735,0.1374,0.010574
38.081618547439575,0.138,0.010627
38.19045066833496,0.13987,0.010592
38.3006329536438,0.14027,0.010625
38.41104817390442,0.1416,0.01063
38.51117205619812,0.14273,0.010657
38.62294793128967,0.144,0.010606
38.73210144042969,0.14487,0.010562
38.842421531677246,0.148,0.010563
38.94789934158325,0.14927,0.010619
39.06045866012573,0.15013,0.010624
39.17431163787842,0.15187,0.010578
39.28420567512512,0.1528,0.010595
39.379340171813965,0.15427,0.010623
39.492311000823975,0.1548,0.010596
39.600552558898926,0.15647,0.010576
39.70880961418152,0.15727,0.010606
39.82016372680664,0.1588,0.010569
39.92242169380188,0.15953,0.010565
40.03290796279907,0.16087,0.010596
40.14060044288635,0.16253,0.010592
40.25149369239807,0.1632,0.010627
40.363702058792114,0.1656,0.010641
40.460060834884644,0.16707,0.010701
40.56900095939636,0.16827,0.010868
40.66977834701538,0.1698,0.010764
40.771740198135376,0.17033,0.011066
40.88160586357117,0.17193,0.011222
40.98131704330444,0.17273,0.011298
41.08924436569214,0.17393,0.011406
41.20169639587402,0.17533,0.011606
41.31040358543396,0.17653,0.011881
41.4217746257782,0.17787,0.012373
41.52511668205261,0.17853,0.012349
41.623903036117554,0.18007,0.012501
41.732019662857056,0.18173,0.012854
41.8464560508728,0.18253,0.012963
41.95218348503113,0.18413,0.013057
42.04851984977722,0.18467,0.01307
42.16318964958191,0.1854,0.013265
42.26210808753967,0.1866,0.013343
42.3602135181427,0.18813,0.012982
42.45914101600647,0.18907,0.01291
42.570085525512695,0.19047,0.012862
42.68104863166809,0.19253,0.013291
42.78160095214844,0.19353,0.012683
42.88181447982788,0.1934,0.012697
42.98207902908325,0.1948,0.01232
43.082783460617065,0.196,0.012105
43.181583642959595,0.1984,0.012001
43.28489327430725,0.19833,0.012019
43.381951332092285,0.19893,0.011934
43.48373079299927,0.20167,0.011461
43.59385561943054,0.20247,0.011522
43.6976900100708,0.20307,0.011214
43.81165957450867,0.20487,0.011351
43.92116355895996,0.2064,0.010963
44.03333258628845,0.20747,0.010957
44.14261555671692,0.20853,0.010928
44.25004696846008,0.20927,0.010903
44.35076069831848,0.2102,0.010734
44.46117568016052,0.2118,0.010653
44.57106018066406,0.21253,0.010697
44.68192005157471,0.2138,0.010642
44.791759967803955,0.21487,0.010617
44.900845766067505,0.21613,0.010589
45.01207780838013,0.21693,0.010636
45.12151288986206,0.21913,0.010634
45.221142530441284,0.21967,0.010638
45.33061122894287,0.22093,0.010681
45.44069743156433,0.222,0.010633
45.55184721946716,0.22347,0.01072
45.66419196128845,0.225,0.010678
45.76343035697937,0.22533,0.010837
45.87192487716675,0.227,0.010941
45.97076630592346,0.2284,0.010985
46.07260537147522,0.2294,0.010768
46.18354535102844,0.2298,0.010993
46.282007694244385,0.2316,0.011239
46.38917398452759,0.23233,0.011261
46.49033832550049,0.23407,0.011701
46.590373039245605,0.23513,0.011927
46.70307374000549,0.23587,0.011644
46.81054091453552,0.237,0.011848
46.91112756729126,0.23827,0.011935
47.01300668716431,0.23953,0.011827
47.123804569244385,0.241,0.011993
47.23279309272766,0.24147,0.01198
47.33149337768555,0.24413,0.011933
47.441556453704834,0.24393,0.011785
47.550705909729004,0.24447,0.011572
47.662397384643555,0.24727,0.011631
47.77313804626465,0.24713,0.011288
47.87372612953186,0.2486,0.011435
47.978599309921265,0.2506,0.011223
48.093504905700684,0.25133,0.011072
48.19161868095398,0.25267,0.010965
48.29257321357727,0.254,0.010848
48.40235877037048,0.255,0.010892
48.509955644607544,0.25627,0.010941
48.62184739112854,0.25733,0.010861
48.730886459350586,0.2578,0.010933
48.84011363983154,0.2598,0.010814
48.944058418273926,0.2604,0.01081
49.05025863647461,0.26173,0.010757
49.16426634788513,0.26293,0.010719
49.26940846443176,0.26453,0.010663
49.38151502609253,0.26547,0.010685
49.47903776168823,0.26653,0.010684
49.58233141899109,0.26807,0.010645
49.69117331504822,0.26887,0.010694
49.80212068557739,0.2702,0.010656
49.91274547576904,0.271,0.010641
50.01214075088501,0.2722,0.010614
50.11235690116882,0.27367,0.010599
50.222651958465576,0.27427,0.010674
50.335125207901,0.27567,0.010632
50.43984770774841,0.27627,0.010581
50.54046297073364,0.27707,0.010663
50.64538311958313,0.279,0.010609
50.753329277038574,0.27913,0.010651
50.86326050758362,0.28093,0.01065
50.972270250320435,0.0698,0.010614
51.07086110115051,0.071533,0.010594
51.174148082733154,0.074467,0.010607
51.28497290611267,0.077867,0.010553
51.39048624038696,0.080133,0.010624
51.49646759033203,0.0834,0.010595
51.59571146965027,0.088933,0.010602
51.70008826255798,0.09,0.010578
51.812408208847046,0.092867,0.01061
51.923598289489746,0.0946,0.01053
52.03092932701111,0.095533,0.010524
52.1331524848938,0.0972,0.010621
52.23171782493591,0.098933,0.010617
52.336116790771484,0.10047,0.010614
52.44537973403931,0.101,0.010555
52.55112075805664,0.10307,0.010605
52.65156054496765,0.1044,0.010615
52.76326084136963,0.10553,0.010583
52.85913920402527,0.10733,0.010585
52.960716009140015,0.10847,0.010575
53.06002688407898,0.10953,0.010594
53.17224740982056,0.11127,0.010614
53.28033804893494,0.11227,0.01055
53.382062911987305,0.11393,0.010585
53.48511576652527,0.1146,0.010583
53.58393144607544,0.1164,0.010615
53.68224883079529,0.1178,0.010582
53.78484892845154,0.11847,0.010609
53.88333606719971,0.12027,0.010617
53.98533272743225,0.12127,0.010612
54.08447003364563,0.12273,0.010611
54.19045829772949,0.12407,0.010588
54.30159378051758,0.12513,0.010665
54.401509284973145,0.1266,0.010589
54.5103018283844,0.1278,0.010653
54.621235847473145,0.12953,0.010638
54.73575210571289,0.13047,0.010696
54.82866930961609,0.1324,0.010659
54.94258975982666,0.13413,0.010637
55.05149030685425,0.13547,0.010701
55.162633419036865,0.1368,0.010686
55.27277374267578,0.13773,0.010529
55.37887954711914,0.139,0.010635
55.49325489997864,0.13987,0.0106
55.594268798828125,0.14167,0.010674
55.70058345794678,0.1432,0.010569
55.81231141090393,0.144,0.010619
55.910696506500244,0.14513,0.010638
56.02259826660156,0.14627,0.010647
56.131147623062134,0.14927,0.01057
56.24084830284119,0.14913,0.010612
56.35146903991699,0.15153,0.010625
56.46083474159241,0.1508,0.01065
56.57439088821411,0.15373,0.010646
56.679020404815674,0.1546,0.010589
56.78981900215149,0.15633,0.010617
56.89204287528992,0.157,0.010637
57.00461983680725,0.1588,0.01065
57.10250377655029,0.1602,0.010581
57.2109272480011,0.16093,0.010647
57.321685791015625,0.16207,0.010626
57.42040300369263,0.16373,0.01063
57.53180480003357,0.16473,0.010659
57.64246964454651,0.166,0.010772
57.75134801864624,0.1674,0.010844
57.85949230194092,0.1682,0.011046
57.95866894721985,0.16947,0.011326
58.061518907547,0.17173,0.011105
58.17308282852173,0.17147,0.011553
58.28494358062744,0.17373,0.011696
58.39450192451477,0.17513,0.011951
58.49335598945618,0.176,0.012356
58.59415292739868,0.17747,0.012442
58.703983545303345,0.17733,0.012766
58.8135142326355,0.1796,0.012963
58.920177936553955,0.18027,0.013285
59.021486043930054,0.18147,0.013399
59.12318658828735,0.18207,0.013489
59.23453378677368,0.18433,0.013411
59.34238314628601,0.18527,0.013652
59.45331788063049,0.18613,0.013289
59.55234503746033,0.18727,0.013536
59.65251326560974,0.18847,0.013522
59.764379024505615,0.18973,0.013
59.86320495605469,0.1904,0.01281
59.97854423522949,0.19173,0.01335
60.07741928100586,0.19247,0.01257
60.17690634727478,0.1942,0.01224
60.286882162094116,0.19587,0.012305
60.38866710662842,0.1966,0.012516
60.4965295791626,0.19747,0.012065
60.60096478462219,0.2002,0.011751
60.699047803878784,0.1998,0.011401
60.801849126815796,0.20153,0.011581
60.900551319122314,0.20213,0.011215
61.01089930534363,0.20453,0.011102
61.121983766555786,0.20567,0.010906
61.23073053359985,0.2068,0.01097
61.33977961540222,0.208,0.01101
61.45115280151367,0.2092,0.010771
61.56286859512329,0.21007,0.01075
61.66199088096619,0.21167,0.010648
61.773958921432495,0.2126,0.010614
61.8806357383728,0.21367,0.010722
61.99160623550415,0.21493,0.010688
62.09153342247009,0.21587,0.010617
62.191781759262085,0.21687,0.010641
62.29885768890381,0.21747,0.010553
62.41150999069214,0.22027,0.010606
62.52037334442139,0.2206,0.010598
62.632851123809814,0.2212,0.010657
62.73063826560974,0.22327,0.010699
62.8346643447876,0.22473,0.010694
62.94125461578369,0.22447,0.010873
63.053810596466064,0.22707,0.010704
63.16098165512085,0.22813,0.011237
63.26427507400513,0.22927,0.011115
63.364914655685425,0.2306,0.010707
63.461408376693726,0.2308,0.011086
63.570167779922485,0.23247,0.011529
63.67125630378723,0.232,0.01124
63.77110242843628,0.23367,0.011016
63.88336682319641,0.23593,0.011405
63.98098850250244,0.23693,0.01164
64.087073802948,0.2378,0.011458
64.18137907981873,0.23947,0.011775
64.28266739845276,0.24047,0.011518
64.38351130485535,0.24107,0.011498
64.48445868492126,0.2424,0.011439
64.58297777175903,0.244,0.011391
64.68312478065491,0.244,0.011606
64.791100025177,0.2458,0.011401
64.9019889831543,0.24667,0.011216
65.01061224937439,0.24813,0.011276
65.1223680973053,0.24867,0.011137
65.23194646835327,0.25053,0.010903
65.34123611450195,0.25147,0.010939
65.45279359817505,0.25213,0.010897
65.56691336631775,0.25307,0.010955
65.65912437438965,0.25533,0.010858
65.76352906227112,0.25573,0.010895
65.87143898010254,0.25773,0.01082
65.98419737815857,0.25873,0.010731
66.09056091308594,0.26047,0.010719
66.20161294937134,0.26113,0.010753
66.31104683876038,0.26267,0.010693
66.42135214805603,0.26333,0.010605
66.52090644836426,0.2648,0.01072
66.62133431434631,0.26547,0.010677
66.72960472106934,0.26653,0.010617
66.83995699882507,0.2672,0.010653
66.95231461524963,0.26853,0.010598
67.05976176261902,0.26987,0.010594
67.16692757606506,0.27093,0.010634
67.28081893920898,0.27153,0.010616
67.39005613327026,0.2742,0.010606
67.49575400352478,0.27487,0.010642
67.60576868057251,0.27573,0.010654
67.71126794815063,0.2772,0.010632
67.82307648658752,0.27833,0.010584
67.93113255500793,0.27953,0.010578
68.0313024520874,0.28053,0.010561
68.13245582580566,0.071,0.010634
68.2402994632721,0.072133,0.010566
68.35123300552368,0.074667,0.010651
68.46211218833923,0.078133,0.010597
68.56391429901123,0.0802,0.010547
68.66179203987122,0.0826,0.01052
68.77299809455872,0.086467,0.01058
68.88426470756531,0.089133,0.010566
68.99345231056213,0.0912,0.010621
69.09133529663086,0.094333,0.010608
69.19244694709778,0.094667,0.010619
69.30387043952942,0.0968,0.010608
69.41051006317139,0.096867,0.010612
69.5207531452179,0.0996,0.010586
69.62730121612549,0.099333,0.010598
69.72125148773193,0.101,0.010506
69.83226776123047,0.10353,0.01066
69.94119215011597,0.1048,0.010646
70.04142808914185,0.10647,0.01058
70.14439582824707,0.10727,0.010616
70.25388598442078,0.10907,0.010601
70.36002135276794,0.1106,0.010676
70.47143030166626,0.11047,0.010559
70.57722568511963,0.113,0.010609
70.68230676651001,0.11413,0.010577
70.78019213676453,0.11527,0.010566
70.87901043891907,0.11653,0.010609
70.9826979637146,0.11753,0.010645
71.09226822853088,0.11973,0.010579
71.19182872772217,0.12053,0.010669
71.30383276939392,0.122,0.010697
71.41024684906006,0.1234,0.010665
71.52433395385742,0.12553,0.010738
71.63447117805481,0.126,0.010714
71.73066878318787,0.12773,0.01074
71.83672428131104,0.12913,0.010674
71.93517208099365,0.1312,0.010663
72.04198598861694,0.131,0.010688
72.15318083763123,0.13253,0.010663
72.25413274765015,0.1348,0.010753
72.36195850372314,0.13487,0.01071
72.46985483169556,0.1376,0.010749
72.5806131362915,0.139,0.010662
72.68095517158508,0.13987,0.010558
72.7820041179657,0.14133,0.01071
72.88952708244324,0.14227,0.010572
73.001131772995,0.14333,0.010705
73.10075116157532,0.14467,0.010667
73.20179772377014,0.14627,0.01065
73.31052374839783,0.14753,0.010657
73.4223005771637,0.14807,0.010612
73.5314679145813,0.14907,0.01059
73.64341735839844,0.15067,0.010605
73.74855089187622,0.15173,0.010653
73.85201025009155,0.15373,0.010575
73.96093201637268,0.15473,0.01061
74.05982542037964,0.1558,0.010643
74.16989278793335,0.15853,0.010574
74.26999044418335,0.15827,0.010627
74.36961960792542,0.15953,0.010574
74.48278093338013,0.16167,0.010646
74.58014678955078,0.162,0.010703
74.68183445930481,0.16427,0.010689
74.78186249732971,0.165,0.010734
74.88428044319153,0.16567,0.010856
74.98566222190857,0.16673,0.011022
75.08111190795898,0.16827,0.011038
75.18610787391663,0.1702,0.011145
75.28733777999878,0.17007,0.011441
75.39089345932007,0.17273,0.011869
75.48829650878906,0.17307,0.011945
75.5898106098175,0.17367,0.011881
75.69750261306763,0.1758,0.012401
75.80794334411621,0.17633,0.013098
75.90950918197632,0.17807,0.01319
76.02530360221863,0.17927,0.013474
76.12968420982361,0.181,0.013651
76.24234461784363,0.182,0.013854
76.34057474136353,0.18327,0.013677
76.44910764694214,0.18373,0.013677
76.56193327903748,0.1854,0.013762
76.67422223091125,0.1862,0.01334
76.77937293052673,0.18787,0.013145
76.89399290084839,0.18973,0.013443
77.00095248222351,0.19027,0.01322
77.11306881904602,0.19247,0.013039
77.21416473388672,0.19287,0.013049
77.31215453147888,0.19473,0.012277
77.42058181762695,0.1944,0.012313
77.53187608718872,0.19653,0.012256
77.64403295516968,0.19787,0.011931
77.75142812728882,0.19907,0.012072
77.85097408294678,0.2002,0.011622
77.96011686325073,0.2014,0.01161
78.07515859603882,0.20233,0.011359
78.18101572990417,0.20347,0.011206
78.29084610939026,0.20413,0.011206
78.40302729606628,0.20613,0.01085
78.50985455513,0.2064,0.010889
78.61100840568542,0.20853,0.010833
78.71474552154541,0.21067,0.010839
78.81601786613464,0.2106,0.010719
78.92354369163513,0.2114,0.010719
79.0318500995636,0.21393,0.010821
79.142019033432,0.2144,0.010697
79.2510633468628,0.21467,0.010645
79.36090445518494,0.21627,0.010612
79.46920228004456,0.21827,0.010588
79.57296633720398,0.219,0.010598
79.67089438438416,0.2202,0.010599
79.78007769584656,0.22067,0.010603
79.88928318023682,0.22247,0.010709
80.0007119178772,0.224,0.010614
80.10267615318298,0.225,0.010594
80.20015692710876,0.2258,0.010858
80.31223273277283,0.22687,0.011052
80.41842603683472,0.228,0.010708
80.53087902069092,0.22887,0.010924
80.63972067832947,0.22993,0.010795
80.7413055896759,0.23287,0.011273
80.84968876838684,0.23253,0.010917
80.94883012771606,0.23353,0.010879
81.062007188797,0.2358,0.011525
81.1597101688385,0.2368,0.011414
81.26033425331116,0.2378,0.011402
81.37097787857056,0.23887,0.011118
81.48033022880554,0.24027,0.01143
81.59113049507141,0.24147,0.01132
81.70184540748596,0.24247,0.011147
81.80173373222351,0.24353,0.011334
81.90914630889893,0.245,0.011152
82.02520799636841,0.24607,0.011082
82.13225722312927,0.2466,0.011028
82.24080991744995,0.2472,0.010851
82.34437012672424,0.2486,0.01081
82.44146060943604,0.2494,0.010942
82.55698466300964,0.2508,0.010939
82.66321921348572,0.25193,0.010855
82.77151155471802,0.25413,0.010837
82.87125492095947,0.2546,0.010882
82.9743824005127,0.25493,0.010858
83.07196402549744,0.25673,0.010759
83.17464017868042,0.25733,0.010802
83.28398084640503,0.25947,0.010632
83.3875470161438,0.25973,0.010623
83.48895859718323,0.26093,0.010653
83.60154676437378,0.26313,0.010683
83.71246290206909,0.26347,0.010626
83.82231187820435,0.265,0.010614
83.92000651359558,0.26587,0.010633
84.02980446815491,0.26747,0.010553
84.13947105407715,0.26807,0.010652
84.24871730804443,0.26913,0.010594
84.36391091346741,0.27067,0.010622
84.46215176582336,0.2716,0.010565
84.56189203262329,0.2726,0.010614
84.66146945953369,0.27413,0.010653
84.77061676979065,0.27513,0.010642
84.87063503265381,0.27593,0.010555
84.96980452537537,0.27747,0.010637
85.08174633979797,0.27833,0.010631
85.17675375938416,0.27913,0.010595
85.28282737731934,0.27947,0.010612
85.38608050346375,0.0686,0.010797
85.48191404342651,0.0712,0.010607
85.58212184906006,0.074267,0.010607
85.68491840362549,0.077,0.010533
85.78622078895569,0.079733,0.010534
85.8862829208374,0.082867,0.010612
85.98979473114014,0.088267,0.010586
86.09259343147278,0.088667,0.010593
86.19969820976257,0.091067,0.010633
86.30886173248291,0.092867,0.010619
86.42069625854492,0.095267,0.010618
86.5292100906372,0.0968,0.010561
86.64061784744263,0.098467,0.010572
86.74093079566956,0.099933,0.010585
86.8422269821167,0.10113,0.010654
86.95561742782593,0.1028,0.010547
87.06429433822632,0.10347,0.010629
87.17081379890442,0.10547,0.010634
87.27889609336853,0.107,0.010657
87.3906843662262,0.10773,0.010643
87.48935294151306,0.1096,0.010559
87.5915699005127,0.11087,0.010658
87.6912453174591,0.11233,0.010595
87.79974961280823,0.1136,0.010678
87.91363906860352,0.11453,0.010596
88.01131558418274,0.11593,0.010611
88.12248253822327,0.11733,0.010698
88.23193740844727,0.11853,0.010695
88.34408903121948,0.12047,0.010732
88.45272254943848,0.12153,0.010738
88.56170105934143,0.12227,0.010767
88.66978526115417,0.12507,0.010737
88.78530859947205,0.1256,0.010799
88.89277648925781,0.12747,0.010779
89.00222325325012,0.12887,0.010752
89.11149048805237,0.13007,0.010755
89.2111144065857,0.13127,0.010792
89.32324075698853,0.13293,0.01087
89.43198132514954,0.13353,0.010726
89.53314328193665,0.135,0.010751
89.64062738418579,0.13653,0.010828
89.73992586135864,0.13807,0.010633
89.84738802909851,0.13967,0.010814
89.95856213569641,0.14107,0.010724
90.06076145172119,0.14153,0.010674
90.1706051826477,0.144,0.010661
90.27179455757141,0.144,0.010699
90.38152766227722,0.14673,0.010645
90.49259448051453,0.14713,0.010612
90.60261034965515,0.14807,0.010686
90.71016764640808,0.14947,0.010583
90.80757212638855,0.15093,0.010651
90.92025542259216,0.15187,0.010572
91.03187298774719,0.15333,0.010629
91.14134359359741,0.15467,0.010585
91.2525782585144,0.15553,0.010534
91.35445475578308,0.158,0.010598
91.45255589485168,0.15833,0.010642
91.5661768913269,0.15947,0.010582
91.67029976844788,0.1606,0.010627
91.77980732917786,0.16213,0.010683
91.8866639137268,0.16313,0.01071
91.98284482955933,0.16433,0.010767
92.08268427848816,0.16687,0.011045
92.19224333763123,0.16693,0.011098
92.30318903923035,0.16793,0.011402
92.39925503730774,0.17027,0.011236
92.51071548461914,0.17153,0.011517
92.61244940757751,0.1712,0.01209
92.71083569526672,0.17273,0.011945
92.80949354171753,0.17447,0.012912
92.92090320587158,0.17607,0.012725
93.03096771240234,0.17747,0.013427
93.14616131782532,0.1782,0.013491
93.25747442245483,0.1788,0.01341
93.36299467086792,0.1806,0.013648
93.46184587478638,0.182,0.013695
93.55945467948914,0.18267,0.013925
93.6590645313263,0.18387,0.013786
93.77046155929565,0.18493,0.013829
93.87922143936157,0.1864,0.013651
93.98185396194458,0.18807,0.013423
94.09431552886963,0.1886,0.013458
94.18982434272766,0.18973,0.013336
94.30088949203491,0.19133,0.012983
94.41371631622314,0.192,0.013179
94.51417255401611,0.19353,0.012177
94.62054562568665,0.1952,0.012129
94.73258757591248,0.19673,0.012268
94.8403832912445,0.19793,0.011683
94.94041013717651,0.19933,0.011957
95.04135394096375,0.199,0.011494
95.14868760108948,0.20127,0.011434
95.25264000892639,0.2012,0.011256
95.34996151924133,0.20333,0.011341
95.46166014671326,0.20307,0.011284
95.56885933876038,0.20587,0.01101
95.6784098148346,0.20673,0.010996
95.77857375144958,0.2076,0.010879
95.88011288642883,0.20887,0.010861
95.98637223243713,0.20993,0.010745
96.08299422264099,0.21147,0.010782
96.18261098861694,0.21247,0.010697
96.28458881378174,0.2134,0.010715
96.38321304321289,0.2142,0.010705
96.48354744911194,0.2156,0.0107
96.58747124671936,0.2166,0.010634
96.7001724243164,0.21767,0.010651
96.80293154716492,0.21913,0.010619
96.91683578491211,0.2202,0.010626
97.02148604393005,0.22153,0.010627
97.13423204421997,0.222,0.010673
97.24185848236084,0.22353,0.010702
97.34117317199707,0.22433,0.010663
97.45240807533264,0.2256,0.01069
97.55974555015564,0.22673,0.01081
97.67101335525513,0.22833,0.010966
97.78268647193909,0.22993,0.010838
97.89176487922668,0.2314,0.01077
98.0002760887146,0.2326,0.010819
98.11321520805359,0.23287,0.010826
98.21315097808838,0.2344,0.011119
98.32006454467773,0.23547,0.010746
98.43503308296204,0.2364,0.010839
98.54051160812378,0.23787,0.011081
98.64919853210449,0.2394,0.011099
98.7491946220398,0.23947,0.011067
98.8616087436676,0.24113,0.011092
98.97248959541321,0.24273,0.011051
99.08033418655396,0.243,0.011138
99.18773770332336,0.24527,0.011042
99.29176306724548,0.2456,0.01094
99.39948391914368,0.24827,0.010993
99.51104283332825,0.24787,0.010865
99.62299036979675,0.24987,0.010855
99.72935700416565,0.25113,0.010825
99.8425178527832,0.25167,0.010903
99.93065881729126,0.25327,0.010834
100.04060316085815,0.25387,0.010727
100.15429925918579,0.25527,0.01078
100.26528215408325,0.25707,0.010818
100.36161732673645,0.25753,0.010699
100.46267318725586,0.25893,0.010618
100.56604981422424,0.25967,0.010584
100.67312526702881,0.26033,0.010649
100.7832899093628,0.26153,0.010614
100.88248133659363,0.26313,0.010642
100.98841905593872,0.26527,0.010591
101.10192728042603,0.26473,0.010587
101.21240735054016,0.2668,0.010576
101.31729650497437,0.26747,0.010646
101.41951704025269,0.2692,0.010635
101.52192378044128,0.27067,0.010605
101.62112355232239,0.27087,0.010652
101.73163390159607,0.2724,0.010642
101.84232068061829,0.27373,0.01066
101.94608807563782,0.27453,0.010593
102.0510675907135,0.2756,0.010611
102.1593132019043,0.27713,0.010651
102.26346611976624,0.27833,0.01065
102.36239361763,0.27953,0.010607
102.46052289009094,0.28053,0.010571
102.575350522995,0.069933,0.012261
102.68093299865723,0.0708,0.010626
102.79328227043152,0.074067,0.010627
102.90309810638428,0.0764,0.010604
103.0019543170929,0.0792,0.010608
103.10876393318176,0.082333,0.010551
103.2216284275055,0.085333,0.010606
103.33095192909241,0.090933,0.010622
103.44364762306213,0.0928,0.010571
103.54102325439453,0.0938,0.010658
103.6415319442749,0.093667,0.010602
103.74199223518372,0.095733,0.010601
103.85361886024475,0.0984,0.010581
103.96573567390442,0.099733,0.010585
104.06209325790405,0.10067,0.010609
104.17104053497314,0.1026,0.010617
104.28154063224792,0.10353,0.010669
104.39046835899353,0.105,0.010659
104.48841762542725,0.1066,0.010647
104.58965015411377,0.1076,0.010667
104.7050428390503,0.10867,0.010678
104.80173873901367,0.10993,0.010695
104.90280389785767,0.1118,0.010708
105.01484704017639,0.11327,0.010758
105.11223888397217,0.114,0.01077
105.22130227088928,0.11587,0.010801
105.32974863052368,0.11693,0.010747
105.44243121147156,0.11773,0.010855
105.54868388175964,0.11927,0.010874
105.6509153842926,0.12047,0.010943
105.75740337371826,0.12167,0.01104
105.86080479621887,0.1244,0.010886
105.9715371131897,0.12627,0.01098
106.07108187675476,0.12587,0.010958
106.16894149780273,0.12893,0.010951
106.28162455558777,0.12967,0.011011
106.38322424888611,0.13007,0.010845
106.48153948783875,0.13213,0.010998
106.58205485343933,0.13327,0.010911
106.67909812927246,0.13427,0.010875
106.78365898132324,0.13507,0.010871
106.88509964942932,0.1358,0.010741
106.98313355445862,0.13853,0.010864
107.0850191116333,0.13933,0.010728
107.19161748886108,0.14,0.010733
107.30385732650757,0.14253,0.010626
107.40412616729736,0.14187,0.010705
107.50942301750183,0.14447,0.010691
107.62144231796265,0.14627,0.010651
107.72917938232422,0.1476,0.010653
107.83983325958252,0.14873,0.010661
107.9510178565979,0.14987,0.010669
108.06138944625854,0.15107,0.010606
108.17044568061829,0.15253,0.01057
108.28240895271301,0.1532,0.010617
108.38844037055969,0.1546,0.010659
108.50186586380005,0.15707,0.010612
108.61168837547302,0.15813,0.010587
108.72210884094238,0.15967,0.010623
108.82138514518738,0.16147,0.010655
108.92864155769348,0.16093,0.010722
109.03935170173645,0.16273,0.010707
109.15031266212463,0.16407,0.010754
109.26009678840637,0.16587,0.011051
109.3621711730957,0.16633,0.010978
109.46964144706726,0.16767,0.011276
109.58159351348877,0.16927,0.011841
109.69140887260437,0.1696,0.012199
109.80055522918701,0.1714,0.011477
109.90086078643799,0.17233,0.012029
109.99855852127075,0.1736,0.012209
110.10134720802307,0.1762,0.012508
110.21058058738708,0.17587,0.013445
110.31161379814148,0.17707,0.013345
110.41244840621948,0.17947,0.013418
110.51922082901001,0.179,0.013602
110.63229966163635,0.18173,0.013613
110.74076199531555,0.1824,0.01376
110.84275078773499,0.18347,0.013763
110.94241404533386,0.1846,0.013626
111.04735016822815,0.1852,0.013792
111.16259431838989,0.18733,0.013666
111.2694160938263,0.188,0.013478
111.38558173179626,0.18933,0.013461
111.4838445186615,0.19067,0.013204
111.59301137924194,0.19207,0.012692
111.70033001899719,0.19287,0.012505
111.81070852279663,0.19373,0.012814
111.91907024383545,0.19567,0.011726
112.02151036262512,0.1968,0.011863
112.12234425544739,0.198,0.011641
112.23254728317261,0.1984,0.011414
112.34005975723267,0.20093,0.011286
112.44263315200806,0.2008,0.011305
112.5435950756073,0.202,0.011281
112.65038967132568,0.204,0.01117
112.76060485839844,0.20527,0.010867
112.86597800254822,0.20513,0.010964
112.9616105556488,0.2074,0.010869
113.06280183792114,0.2082,0.010813
113.17258358001709,0.21,0.010661
113.27182745933533,0.21127,0.010678
113.38108158111572,0.21247,0.010671
113.49009585380554,0.2138,0.010659
113.59055352210999,0.2138,0.010751
113.7020959854126,0.2154,0.010675
113.8124144077301,0.2164,0.010672
113.92243814468384,0.2178,0.010634
114.02122735977173,0.21873,0.010622
114.12159037590027,0.22,0.010629
114.2324070930481,0.22047,0.01059
114.34064054489136,0.2222,0.010664
114.45460271835327,0.22293,0.010625
114.56244659423828,0.2248,0.010634
114.65907263755798,0.22673,0.01066
114.77107119560242,0.22633,0.010746
114.88060331344604,0.22867,0.010582
114.99166631698608,0.22947,0.010773
115.09117245674133,0.2296,0.01075
115.19163727760315,0.23253,0.010798
115.29909372329712,0.23247,0.010724
115.41054368019104,0.2342,0.01087
115.5219042301178,0.23493,0.010758
115.63175797462463,0.23633,0.010958
115.73383450508118,0.23693,0.01112
115.83134841918945,0.23887,0.010868
115.93037366867065,0.2402,0.010776
116.03218412399292,0.24093,0.01099
116.14169931411743,0.24167,0.010911
116.24199056625366,0.24293,0.010953
116.3511574268341,0.244,0.010802
116.45031642913818,0.24513,0.010825
116.5498673915863,0.24627,0.010837
116.65448212623596,0.24747,0.010833
116.76029992103577,0.2484,0.01079
116.87109708786011,0.24973,0.010921
116.97148776054382,0.25033,0.010822
117.06872248649597,0.25153,0.010811
117.175612449646,0.252,0.010719
117.27573418617249,0.25367,0.010682
117.36952304840088,0.25493,0.010653
117.47568702697754,0.25613,0.010677
117.57424974441528,0.2574,0.010614
117.67516946792603,0.25827,0.01061
117.78327703475952,0.25953,0.010625
117.88249921798706,0.26,0.010581
117.97910523414612,0.2616,0.010616
118.08982753753662,0.26253,0.010623
118.19811940193176,0.26393,0.010622
118.30230617523193,0.26533,0.010607
118.4106833934784,0.2656,0.010617
118.51294493675232,0.2682,0.01057
118.61945271492004,0.2682,0.010615
118.72398161888123,0.26893,0.010626
118.83183765411377,0.27033,0.010669
118.93184232711792,0.27153,0.010557
119.03056025505066,0.27333,0.010583
119.14181160926819,0.27473,0.010595
119.25439238548279,0.2744,0.010619
119.35904002189636,0.27713,0.010624
119.47028517723083,0.27773,0.010645
119.57002592086792,0.27907,0.010616
119.68247056007385,0.27967,0.010581
119.78211808204651,0.0716,0.01063
119.89042615890503,0.0706,0.010634
120.00088667869568,0.073067,0.010566
120.10344767570496,0.076733,0.010606
120.21380138397217,0.08,0.010553
120.31982135772705,0.082333,0.010601
120.43420553207397,0.0852,0.010558
120.5404839515686,0.0908,0.010655
120.64938163757324,0.0908,0.010613
120.7608482837677,0.093867,0.010557
120.87144827842712,0.095067,0.010582
120.97851061820984,0.097,0.010631
121.09255290031433,0.097267,0.010465
121.19267654418945,0.098867,0.010576
121.29151344299316,0.10053,0.010601
121.39933753013611,0.10193,0.010619
121.51159930229187,0.10367,0.010658
121.62062096595764,0.1046,0.010654
121.73040103912354,0.1056,0.010728
121.84639954566956,0.10747,0.010692
121.9578230381012,0.10853,0.010753
122.06162595748901,0.1118,0.010794
122.17191529273987,0.11287,0.010925
122.28448271751404,0.1128,0.010875
122.38040256500244,0.1158,0.011024
122.48060154914856,0.1176,0.011166
122.58401203155518,0.1186,0.011098
122.68798398971558,0.11953,0.011097
122.80043959617615,0.11973,0.01105
122.90104603767395,0.1222,0.011134
123.00336408615112,0.12427,0.011271
123.11103582382202,0.1254,0.011186
123.22402548789978,0.12667,0.011273
123.32144093513489,0.12773,0.011292
123.43715810775757,0.1284,0.011205
123.53889036178589,0.12953,0.011211
123.65159344673157,0.1312,0.011222
123.76036620140076,0.1316,0.011223
123.87147665023804,0.13373,0.011195
123.99010562896729,0.135,0.011146
124.0939428806305,0.13707,0.011058
124.19144940376282,0.1388,0.010946
124.30236434936523,0.1402,0.010878
124.41052532196045,0.14107,0.010814
124.51112031936646,0.14193,0.010809
124.62101697921753,0.1434,0.0108
124.72268915176392,0.14527,0.010741
124.8317334651947,0.146,0.010745
124.9420371055603,0.14733,0.010626
125.04028224945068,0.14827,0.010669
125.1500313282013,0.14953,0.010625
125.25325512886047,0.1504,0.010633
125.36145687103271,0.15167,0.0106
125.4703278541565,0.1534,0.010593
125.58177256584167,0.15547,0.010644
125.69098591804504,0.15593,0.010643
125.79183912277222,0.157,0.010697
125.89937925338745,0.1578,0.010679
126.01174831390381,0.15993,0.01061
126.12374496459961,0.1608,0.010783
126.23227262496948,0.1632,0.010641
126.33142757415771,0.16413,0.010826
126.43240189552307,0.1652,0.010815
126.54166436195374,0.1666,0.011224
126.65261840820312,0.16807,0.011333
126.76224684715271,0.16973,0.011598
126.8678822517395,0.17007,0.011259
126.96327066421509,0.17113,0.011667
127.06012964248657,0.17227,0.01205
127.17039942741394,0.17367,0.012774
127.27024841308594,0.17487,0.013203
127.37365865707397,0.17567,0.013303
127.47940278053284,0.1774,0.013417
127.58163738250732,0.17833,0.013381
127.68020343780518,0.17953,0.013165
127.78004121780396,0.18053,0.013455
127.88120365142822,0.18213,0.013384
127.98099374771118,0.18327,0.013601
128.08087038993835,0.1846,0.01367
128.183025598526,0.18493,0.013428
128.28276753425598,0.18653,0.013658
128.3911328315735,0.18747,0.013486
128.49035263061523,0.18887,0.01347
128.5896499156952,0.19047,0.013282
128.70139074325562,0.1908,0.012555
128.81368374824524,0.19193,0.012232
128.91748118400574,0.19307,0.012739
129.0324170589447,0.19413,0.011917
129.1440873146057,0.19507,0.011918
129.25261330604553,0.19627,0.011635
129.3606777191162,0.199,0.011681
129.46920466423035,0.1986,0.011266
129.58127617835999,0.20087,0.01115
129.68028712272644,0.20107,0.011106
129.7905571460724,0.202,0.011174
129.90478801727295,0.20427,0.011022
130.01624846458435,0.2054,0.010876
130.1137502193451,0.2066,0.010902
130.21112179756165,0.20707,0.010785
130.32187032699585,0.20873,0.010726
130.43361020088196,0.21,0.010786
130.52962231636047,0.21147,0.010705
130.64545512199402,0.21213,0.01071
130.7496621608734,0.2146,0.010645
130.862069606781,0.21427,0.010643
130.97249794006348,0.21553,0.010693
131.07973980903625,0.21653,0.010654
131.19110226631165,0.219,0.010599
131.29372787475586,0.2204,0.010597
131.3903307914734,0.22093,0.010641
131.49846267700195,0.2226,0.010586
131.61035108566284,0.22347,0.010595
131.72253465652466,0.22433,0.01062
131.83277988433838,0.22553,0.010717
131.94248914718628,0.22687,0.010556
132.05123114585876,0.2278,0.01066
132.1517870426178,0.22927,0.010651
132.25362706184387,0.23007,0.010745
132.35372972488403,0.2308,0.010704
132.46252131462097,0.23173,0.010631
132.57279300689697,0.23353,0.010718
132.67342019081116,0.23507,0.01076
132.78054857254028,0.23613,0.010686
132.8815770149231,0.23687,0.01066
132.9815170764923,0.23847,0.010725
133.09435319900513,0.239,0.010784
133.19935059547424,0.24133,0.010717
133.31057047843933,0.2414,0.010623
133.419771194458,0.2434,0.010671
133.52970600128174,0.24433,0.010771
133.63218808174133,0.2454,0.010737
133.73140716552734,0.2466,0.010726
133.84004664421082,0.24753,0.010706
133.9509415626526,0.24873,0.010694
134.06224942207336,0.24907,0.010702
134.16888308525085,0.25073,0.010697
134.2693977355957,0.2522,0.010651
134.380628824234,0.25287,0.010645
134.49317812919617,0.25387,0.010548
134.6040313243866,0.2552,0.010562
134.71067023277283,0.25633,0.010544
134.81018328666687,0.2574,0.010547
134.91289448738098,0.25987,0.010601
135.0210690498352,0.25953,0.010598
135.12331342697144,0.26073,0.010577
135.2214081287384,0.26207,0.010546
135.3221893310547,0.263,0.0106
135.434752702713,0.26447,0.010646
135.54184007644653,0.266,0.010635
135.6500461101532,0.26747,0.010592
135.7607762813568,0.2686,0.010588
135.86065673828125,0.2692,0.010637
135.97244381904602,0.2704,0.010569
136.08119440078735,0.27173,0.010634
136.1924729347229,0.27253,0.010658
136.3008816242218,0.2732,0.0106
136.4026336669922,0.27513,0.010635
136.50282764434814,0.2762,0.010647
136.6015260219574,0.27613,0.010542
136.7163634300232,0.27827,0.01065
136.82527256011963,0.27907,0.010592
136.91917848587036,0.28027,0.01062
137.03180074691772,0.068467,0.011284
137.1407608985901,0.070333,0.010622
137.25389790534973,0.073867,0.010667
137.3615140914917,0.079,0.010598
137.46228981018066,0.079733,0.010564
137.56070041656494,0.085333,0.010616
137.66204738616943,0.087933,0.010588
137.7650580406189,0.088133,0.010587
137.87467217445374,0.0928,0.010583
137.9696924686432,0.092267,0.010601
138.08195281028748,0.095133,0.010629
138.1794400215149,0.096533,0.010614
138.2803761959076,0.098667,0.010693
138.3813033103943,0.097867,0.010713
138.48337054252625,0.1,0.010734
138.58034420013428,0.1006,0.010777
138.68160104751587,0.10353,0.010674
138.78046298027039,0.10467,0.010759
138.88368201255798,0.10553,0.010816
138.99217557907104,0.10753,0.010819
139.0960192680359,0.109,0.011054
139.2010624408722,0.11053,0.011151
139.3110523223877,0.1118,0.01109
139.419362783432,0.11267,0.011159
139.53105401992798,0.11407,0.011353
139.63047051429749,0.1154,0.011454
139.74087619781494,0.117,0.011526
139.85182309150696,0.1182,0.011623
139.96211576461792,0.11973,0.011406
140.06925988197327,0.12133,0.011618
140.17187333106995,0.12227,0.011378
140.27288055419922,0.12367,0.011742
140.37051367759705,0.1246,0.011636
140.477844953537,0.12567,0.011391
140.59205269813538,0.12667,0.01179
140.70393776893616,0.1294,0.011262
140.81330370903015,0.13113,0.011446
140.910174369812,0.13167,0.011296
141.01900506019592,0.1336,0.011432
141.12915754318237,0.1348,0.011154
141.23217868804932,0.1358,0.011345
141.33245372772217,0.137,0.011146
141.4456524848938,0.1382,0.011146
141.55111265182495,0.13933,0.011062
141.66061401367188,0.14073,0.011003
141.77241134643555,0.14233,0.010901
141.88169193267822,0.1436,0.01102
141.99228477478027,0.14453,0.010739
142.10022044181824,0.14733,0.010728
142.21072793006897,0.14753,0.010613
142.31613326072693,0.14827,0.01065
142.41078639030457,0.15047,0.010692
142.52474308013916,0.1522,0.010649
142.6324586868286,0.1536,0.010576
142.74162936210632,0.15413,0.010646
142.85244727134705,0.15627,0.010613
142.9615819454193,0.157,0.010632
143.07064151763916,0.15847,0.010624
143.18352150917053,0.1588,0.010677
143.28103590011597,0.16027,0.010613
143.39103364944458,0.16173,0.010732
143.50372648239136,0.16307,0.010902
143.61512184143066,0.1638,0.010713
143.72051692008972,0.16467,0.010844
143.8249056339264,0.16747,0.011304
143.91966080665588,0.1668,0.010989
144.03046989440918,0.17007,0.011138
144.13250994682312,0.1712,0.011511
144.24295091629028,0.17153,0.012293
144.3406867980957,0.17373,0.011903
144.45164155960083,0.175,0.012974
144.56225037574768,0.17613,0.012551
144.6731517314911,0.1774,0.012837
144.7798764705658,0.17773,0.013296
144.8855426311493,0.17947,0.013223
144.98691415786743,0.18067,0.013312
145.09067511558533,0.18133,0.013255
145.20351696014404,0.18293,0.013131
145.3149173259735,0.18293,0.012965
145.4103729724884,0.18507,0.01348
145.51394391059875,0.1862,0.013164
145.62191343307495,0.1872,0.013335
145.7338604927063,0.18807,0.012911
145.84737372398376,0.18947,0.012693
145.94275069236755,0.19087,0.012725
146.04322147369385,0.19187,0.012514
146.15224313735962,0.19253,0.012321
146.26401329040527,0.19367,0.011851
146.37373614311218,0.1964,0.011687
146.47276163101196,0.19733,0.011413
146.57335233688354,0.19793,0.011283
146.6842656135559,0.1988,0.011198
146.79792737960815,0.2012,0.011064
146.90359616279602,0.20187,0.011083
147.00423407554626,0.20333,0.010983
147.1136040687561,0.20467,0.011027
147.2225501537323,0.2056,0.010854
147.33579397201538,0.20667,0.010734
147.44711327552795,0.2078,0.010776
147.55167269706726,0.20907,0.010752
147.66329884529114,0.2102,0.010733
147.77328395843506,0.21127,0.010687
147.88209009170532,0.21247,0.010709
147.9919867515564,0.2148,0.010628
148.0993835926056,0.2158,0.010646
148.19835805892944,0.21673,0.010659
148.30037808418274,0.21813,0.010588
148.40981340408325,0.21893,0.010611
148.5125548839569,0.22007,0.010638
148.6196575164795,0.221,0.010634
148.72332429885864,0.22187,0.010618
148.82136631011963,0.22333,0.010626
148.92088508605957,0.22473,0.010603
149.0245659351349,0.22467,0.01064
149.1204514503479,0.22647,0.010635
149.22001957893372,0.22793,0.010666
149.32454085350037,0.22733,0.010681
149.4223175048828,0.2298,0.010679
149.52078437805176,0.23087,0.010645
149.63147282600403,0.23127,0.010654
149.72799563407898,0.2328,0.010601
149.84030151367188,0.23353,0.010656
149.9510486125946,0.23533,0.010627
150.06072282791138,0.23613,0.010649
150.1633551120758,0.2372,0.010676
150.27103686332703,0.23833,0.01063
150.378568649292,0.23953,0.010641
150.49521231651306,0.24087,0.010614
150.6011598110199,0.24173,0.010576
150.70006322860718,0.24333,0.010646
150.81047320365906,0.245,0.010602
150.9118936061859,0.24493,0.010664
151.01912832260132,0.24673,0.010607
151.13081407546997,0.24853,0.010577
151.23340559005737,0.24913,0.010544
151.3374297618866,0.24967,0.010572
151.45632696151733,0.25187,0.010553
151.56252670288086,0.25287,0.010555
151.67227005958557,0.25367,0.010542
151.76918983459473,0.2546,0.010546
151.8719675540924,0.2562,0.010564
151.98457407951355,0.25793,0.010592
152.0909185409546,0.25793,0.010572
152.19293308258057,0.25927,0.010612
152.29127097129822,0.25973,0.010549
152.3997323513031,0.26107,0.010562
152.51086378097534,0.2626,0.010567
152.6211292743683,0.26367,0.010587
152.73110961914062,0.2646,0.010619
152.8296091556549,0.26553,0.010618
152.93269991874695,0.26673,0.010614
153.04259181022644,0.2678,0.010622
153.1527783870697,0.27027,0.010613
153.26260352134705,0.27007,0.010551
153.36779308319092,0.27133,0.010606
153.46135139465332,0.2718,0.010601
153.57207870483398,0.27447,0.010626
153.68161725997925,0.2754,0.010584
153.79085159301758,0.2764,0.010605
153.8891875743866,0.2776,0.010601
153.9917175769806,0.2786,0.010618
154.10438537597656,0.27973,0.010588
154.21374416351318,0.069267,0.011394
154.32595133781433,0.0702,0.010672
154.42544412612915,0.073533,0.0106
154.527263879776,0.0758,0.010615
154.63483309745789,0.079333,0.010643
154.74292302131653,0.082067,0.010611
154.85603260993958,0.084733,0.010579
154.9614839553833,0.087533,0.010631
155.07038021087646,0.090533,0.010647
155.1815264225006,0.094267,0.010665
155.2913200855255,0.0932,0.010624
155.40086221694946,0.0964,0.010659
155.5105288028717,0.097667,0.010722
155.60928010940552,0.099133,0.010738
155.72446584701538,0.10013,0.01075
155.82081246376038,0.10213,0.010846
155.92747354507446,0.10307,0.010879
156.04212832450867,0.1048,0.010969
156.1408393383026,0.1058,0.010998
156.2540910243988,0.108,0.011128
156.3606972694397,0.10873,0.011233
156.47119903564453,0.10987,0.011367
156.5853750705719,0.1118,0.011484
156.67906498908997,0.11313,0.01161
156.78253149986267,0.1144,0.011678
156.8941662311554,0.1152,0.011745
156.99062371253967,0.11647,0.011829
157.1009693145752,0.11787,0.012311
157.1980528831482,0.1208,0.012079
157.31218028068542,0.12207,0.012202
157.41178822517395,0.12313,0.012135
157.52009320259094,0.12433,0.012018
157.6324474811554,0.12573,0.012321
157.73485279083252,0.12553,0.011775
157.8445761203766,0.12807,0.01173
157.93797135353088,0.12967,0.011883
158.05095958709717,0.13053,0.011647
158.15913844108582,0.1326,0.011804
158.27166152000427,0.1328,0.011463
158.3798143863678,0.13493,0.011221
158.49093389511108,0.13547,0.011292
158.59034204483032,0.13733,0.011389
158.69839882850647,0.1388,0.011044
158.80640578269958,0.13967,0.010859
158.90236234664917,0.141,0.01099
159.00297737121582,0.14213,0.010981
159.10651540756226,0.1434,0.010833
159.21252942085266,0.1444,0.010711
159.32254886627197,0.146,0.010767
159.422625541687,0.147,0.010779
159.52612113952637,0.14833,0.010693
159.62700772285461,0.1496,0.010665
159.72451758384705,0.15047,0.010707
159.82786083221436,0.1524,0.010629
159.92703819274902,0.15427,0.010655
160.02610325813293,0.1544,0.010654
160.1263689994812,0.15567,0.010633
160.22829961776733,0.1576,0.010608
160.34321212768555,0.158,0.01062
160.45095920562744,0.16033,0.010641
160.5519380569458,0.1618,0.010612
160.66320896148682,0.1628,0.010668
160.762841463089,0.16393,0.010778
160.86758065223694,0.16507,0.010715
160.98084354400635,0.16653,0.010722
161.09188079833984,0.1676,0.011257
161.20121717453003,0.16807,0.011047
161.30616903305054,0.1694,0.01115
161.4076874256134,0.1708,0.012269
161.52110409736633,0.1718,0.012038
161.63193273544312,0.1736,0.012267
161.7438087463379,0.17473,0.012602
161.8427028656006,0.17593,0.012283
161.9415249824524,0.1772,0.012662
162.0527970790863,0.1778,0.012749
162.16130089759827,0.17953,0.01269
162.27042698860168,0.18033,0.012681
162.38186192512512,0.18293,0.012652
162.4712176322937,0.18393,0.013187
162.57088017463684,0.18427,0.01296
162.68380284309387,0.18513,0.012954
162.79264497756958,0.18747,0.012873
162.89047384262085,0.18787,0.012631
163.00110793113708,0.18953,0.012481
163.10181999206543,0.1906,0.012017
163.2105691432953,0.19227,0.012291
163.3213243484497,0.19267,0.012047
163.4231116771698,0.1938,0.011655
163.53064131736755,0.19493,0.011493
163.64198684692383,0.19627,0.011246
163.75056910514832,0.1978,0.01128
163.8586449623108,0.19853,0.011098
163.95974707603455,0.1994,0.011046
164.06099486351013,0.20093,0.011099
164.16018223762512,0.20133,0.010941
164.26148390769958,0.203,0.010933
164.37280440330505,0.20447,0.010833
164.47221040725708,0.20573,0.010779
164.5849425792694,0.20593,0.010761
164.68233704566956,0.2088,0.010746
164.79104328155518,0.20907,0.010749
164.9010579586029,0.20987,0.010648
164.99947047233582,0.21167,0.010663
165.10629200935364,0.21293,0.010648
165.22585535049438,0.2138,0.010591
165.33046770095825,0.2152,0.010643
165.43845558166504,0.21647,0.010656
165.541100025177,0.2174,0.010602
165.6404891014099,0.21867,0.010644
165.7511966228485,0.21973,0.010648
165.8614046573639,0.22127,0.010667
165.97509622573853,0.2214,0.010623
166.06945657730103,0.22347,0.010644
166.18078136444092,0.2244,0.010596
166.28971457481384,0.2246,0.010597
166.39098501205444,0.226,0.010615
166.49232983589172,0.22707,0.010617
166.59129548072815,0.22847,0.010624
166.70195960998535,0.22947,0.010627
166.81171035766602,0.23087,0.010656
166.91994619369507,0.23207,0.010582
167.02997088432312,0.23313,0.010591
167.13804483413696,0.23567,0.010626
167.24323391914368,0.23653,0.010641
167.3505458831787,0.2378,0.010663
167.460022687912,0.2382,0.01059
167.5741593837738,0.23967,0.010616
167.6717677116394,0.2406,0.010615
167.77386140823364,0.242,0.010641
167.88289141654968,0.2432,0.010646
167.99096083641052,0.2444,0.010609
168.09578347206116,0.24527,0.0106
168.19411945343018,0.24653,0.010586
168.30059814453125,0.2476,0.010607
168.40879368782043,0.2482,0.010572
168.5209834575653,0.24993,0.010589
168.6359601020813,0.25087,0.010605
168.72993445396423,0.25247,0.010567
168.83103680610657,0.25253,0.010686
168.94345545768738,0.255,0.010584
169.05135464668274,0.25453,0.010579
169.15095567703247,0.25593,0.010569
169.251389503479,0.25787,0.010626
169.3604118824005,0.26,0.010602
169.46066164970398,0.26107,0.0106
169.57108116149902,0.26173,0.010633
169.67378664016724,0.26227,0.010571
169.7734775543213,0.26267,0.010639
169.88109302520752,0.26547,0.010585
169.98392176628113,0.26593,0.010608
170.08222126960754,0.26707,0.010626
170.1813142299652,0.26733,0.010583
170.28219366073608,0.26887,0.010591
170.38374161720276,0.2706,0.010565
170.48417854309082,0.27147,0.010616
170.58339858055115,0.2724,0.010647
170.68390488624573,0.27367,0.010602
170.78928518295288,0.2734,0.010598
170.89996600151062,0.27547,0.010618
171.011004447937,0.27647,0.010615
171.12352299690247,0.27747,0.010643
171.21965312957764,0.279,0.010634
171.33507180213928,0.28027,0.010613
171.4416151046753,0.068533,0.010694
171.55217051506042,0.070267,0.010636
171.6598184108734,0.073067,0.010617
171.77116751670837,0.076533,0.010627
171.88238286972046,0.078533,0.010625
171.9926724433899,0.084733,0.01061
172.1035087108612,0.087933,0.010646
172.20472049713135,0.087533,0.010581
172.311705827713,0.092333,0.010607
172.42083835601807,0.093533,0.010678
172.5293357372284,0.095133,0.010637
172.64072489738464,0.096267,0.010821
172.7498960494995,0.098267,0.010754
172.86128854751587,0.099267,0.010748
172.9614977836609,0.10073,0.010825
173.07094073295593,0.10187,0.010939
173.18131852149963,0.1038,0.011076
173.2924361228943,0.10453,0.011343
173.4008550643921,0.10593,0.011417
173.503968000412,0.10907,0.011395
173.60100317001343,0.10867,0.011737
173.70964336395264,0.11,0.011834
173.82021832466125,0.11247,0.011906
173.93235230445862,0.11433,0.01237
174.03281593322754,0.1144,0.012475
174.1305205821991,0.1154,0.012741
174.2415759563446,0.1178,0.01267
174.35114526748657,0.11947,0.012968
174.4651186466217,0.12053,0.012974
174.5668420791626,0.12247,0.012699
174.66472601890564,0.12353,0.012524
174.7613594532013,0.12473,0.012619
174.87919807434082,0.126,0.012269
174.9824137687683,0.127,0.012275
175.08488512039185,0.12833,0.012698
175.19190335273743,0.12967,0.012176
175.30254530906677,0.13073,0.012239
175.41338920593262,0.13233,0.011957
175.51848816871643,0.13347,0.01167
175.6212830543518,0.13473,0.011866
175.72214579582214,0.13587,0.011312
175.82959580421448,0.137,0.011292
175.94078278541565,0.1384,0.011217
176.05140686035156,0.1404,0.011232
176.15226578712463,0.14073,0.010994
176.2517876625061,0.14207,0.011039
176.36453938484192,0.14487,0.010896
176.4712131023407,0.14553,0.01067
176.5860195159912,0.14733,0.010696
176.68463587760925,0.1482,0.010759
176.78086709976196,0.14933,0.010657
176.88345980644226,0.15093,0.010677
176.99152541160583,0.15207,0.010698
177.10243678092957,0.1536,0.010633
177.20405769348145,0.15453,0.010647
177.31060552597046,0.15567,0.010642
177.42302203178406,0.15693,0.010614
177.5342619419098,0.15813,0.010618
177.64172458648682,0.159,0.010705
177.74230861663818,0.15973,0.010662
177.84215092658997,0.1616,0.010683
177.954092502594,0.1624,0.010649
178.06435418128967,0.16407,0.010887
178.17148971557617,0.16627,0.010744
178.27214431762695,0.1664,0.01071
178.37242579460144,0.16727,0.011422
178.47227025032043,0.16993,0.011278
178.5815896987915,0.1704,0.012401
178.69027709960938,0.17253,0.011568
178.7919614315033,0.17327,0.012448
178.89958691596985,0.17413,0.011898
179.01005291938782,0.17513,0.012555
179.12218284606934,0.17707,0.012466
179.23493123054504,0.17787,0.012414
179.32994627952576,0.179,0.012495
179.43166637420654,0.1804,0.012361
179.54153752326965,0.1818,0.012596
179.64932584762573,0.18227,0.012644
179.7601261138916,0.18427,0.01267
179.86628484725952,0.18427,0.012501
179.96207857131958,0.18587,0.012768
180.0627737045288,0.18667,0.012293
180.17208671569824,0.18787,0.01213
180.27193689346313,0.18947,0.011674
180.37291646003723,0.1898,0.011909
180.48151850700378,0.19153,0.011433
180.58454251289368,0.19313,0.011377
180.68203973770142,0.19493,0.011417
180.77981781959534,0.19513,0.011094
180.8849368095398,0.1966,0.011083
180.981219291687,0.19727,0.011098
181.08917427062988,0.19853,0.011038
181.18250226974487,0.1994,0.011048
181.28593754768372,0.2008,0.010905
181.39060807228088,0.20193,0.010817
181.49987411499023,0.203,0.010798
181.61003232002258,0.2044,0.010745
181.71973705291748,0.2062,0.010811
181.83127546310425,0.20753,0.010703
181.94025945663452,0.20847,0.010726
182.05001091957092,0.20987,0.010718
182.163800239563,0.21047,0.010668
182.27034735679626,0.212,0.010674
182.37918877601624,0.2134,0.010623
182.49177145957947,0.21387,0.010665
182.6013925075531,0.21567,0.010634
182.71489834785461,0.21627,0.010631
182.8201882839203,0.21907,0.010591
182.924245595932,0.21887,0.010641
183.02257370948792,0.22,0.010603
183.1324281692505,0.22213,0.010606
183.24298572540283,0.223,0.010606
183.34899926185608,0.22287,0.010599
183.46375608444214,0.22527,0.010631
183.562020778656,0.2266,0.010634
183.67228841781616,0.22707,0.010608
183.78155612945557,0.22853,0.010632
183.8931748867035,0.2294,0.010621
183.9896421432495,0.23093,0.010599
184.08777475357056,0.232,0.010624
184.19829678535461,0.23273,0.010611
184.31426405906677,0.23407,0.010625
184.42110919952393,0.23547,0.010624
184.53168511390686,0.23613,0.010631
184.6350269317627,0.23767,0.010582
184.7300157546997,0.23847,0.010643
184.84353113174438,0.23967,0.010605
184.95251870155334,0.24073,0.010612
185.06430459022522,0.24233,0.010595
185.16305685043335,0.2434,0.010583
185.259752035141,0.24467,0.0106
185.3733286857605,0.24607,0.010609
185.48464155197144,0.2468,0.010595
185.59148001670837,0.24813,0.010598
185.69222974777222,0.24887,0.010579
185.7915210723877,0.25013,0.010589
185.90365719795227,0.2508,0.010575
186.00984454154968,0.25253,0.01058
186.1226828098297,0.25327,0.010558
186.22230648994446,0.25493,0.010608
186.32347321510315,0.25533,0.010605
186.43509459495544,0.25673,0.010587
186.5433189868927,0.25787,0.010579
186.6427879333496,0.2592,0.010647
186.7459363937378,0.25987,0.010618
186.85152387619019,0.26093,0.010642
186.96028542518616,0.26167,0.010659
187.0740098953247,0.26313,0.01065
187.18054723739624,0.26527,0.01062
187.27766752243042,0.2662,0.010604
187.38284611701965,0.26727,0.010642
187.49228882789612,0.26853,0.010637
187.6001420021057,0.26947,0.010623
187.7099163532257,0.27093,0.010638
187.81099319458008,0.27213,0.010635
187.91768264770508,0.27273,0.010592
188.02332305908203,0.2748,0.010643
188.13396668434143,0.2758,0.010658
188.23172569274902,0.27633,0.010617
188.33281826972961,0.27753,0.010587
188.44614624977112,0.27907,0.010604
188.55151653289795,0.27973,0.010609
188.66135025024414,0.0684,0.01352
188.7723891735077,0.069667,0.010618
188.87448811531067,0.072467,0.010651
188.96819281578064,0.075333,0.010601
189.08433270454407,0.079133,0.010611
189.19375801086426,0.0818,0.010629
189.30116868019104,0.0872,0.010647
189.40323638916016,0.089733,0.010642
189.50178241729736,0.091733,0.01071
189.61235785484314,0.0928,0.010686
189.7215759754181,0.095,0.010769
189.83249878883362,0.095067,0.010651
189.93355703353882,0.097533,0.010843
190.03216814994812,0.0984,0.010873
190.1495132446289,0.10027,0.010996
190.25859236717224,0.10133,0.011379
190.3617889881134,0.103,0.011346
190.4654679298401,0.10453,0.01178
190.56317615509033,0.10527,0.011771
190.66567635536194,0.107,0.012041
190.76565265655518,0.1082,0.011975
190.86401104927063,0.10967,0.012346
190.96663069725037,0.11187,0.012845
191.06916213035583,0.1122,0.013157
191.17214512825012,0.11387,0.01324
191.27084302902222,0.1154,0.01339
191.37655377388,0.11613,0.013495
191.4695954322815,0.11827,0.013501
191.57453417778015,0.1192,0.013335
191.66906261444092,0.12033,0.01347
191.77293157577515,0.1218,0.013562
191.8748815059662,0.12287,0.012848
191.98020434379578,0.12453,0.013635
192.0925543308258,0.12567,0.013497
192.20005702972412,0.12713,0.013143
192.31052660942078,0.1276,0.012308
192.42231035232544,0.1292,0.012054
192.53777408599854,0.13067,0.012416
192.63148427009583,0.13173,0.011985
192.7423894405365,0.1332,0.012132
192.85159945487976,0.13527,0.011656
192.95024514198303,0.13713,0.011561
193.0592167377472,0.1378,0.011386
193.17222118377686,0.1374,0.011241
193.27137541770935,0.14113,0.011323
193.38182616233826,0.1416,0.01098
193.48994493484497,0.14253,0.011014
193.60121059417725,0.1442,0.010759
193.71504282951355,0.14507,0.01082
193.8153989315033,0.14707,0.010732
193.922865152359,0.14827,0.010664
194.0208134651184,0.1494,0.010711
194.1312780380249,0.15067,0.010617
194.2456669807434,0.15207,0.010625
194.35086488723755,0.15287,0.01075
194.4610435962677,0.15507,0.010634
194.56864762306213,0.15667,0.010581
194.68055963516235,0.15667,0.010584
194.79177737236023,0.1588,0.010643
194.8921275138855,0.16047,0.010659
195.0032229423523,0.1614,0.01057
195.11353826522827,0.16193,0.010705
195.20849180221558,0.16393,0.010701
195.31909561157227,0.1652,0.010698
195.43095207214355,0.16587,0.010698
195.54154753684998,0.1672,0.010844
195.65160965919495,0.16847,0.011094
195.75188946723938,0.169,0.010878
195.8617353439331,0.17107,0.010846
195.97080850601196,0.1718,0.011479
196.06972980499268,0.17453,0.011176
196.18130493164062,0.1748,0.011554
196.28238320350647,0.17547,0.011988
196.38993215560913,0.17807,0.011871
196.50496625900269,0.179,0.012084
196.61007380485535,0.17993,0.011933
196.72323083877563,0.18147,0.011747
196.82160997390747,0.18227,0.012074
196.92174243927002,0.1836,0.011904
197.03142499923706,0.1844,0.011948
197.1412353515625,0.18553,0.011844
197.25065994262695,0.18713,0.011755
197.357577085495,0.18773,0.011461
197.45297694206238,0.1894,0.011509
197.553649187088,0.19053,0.011379
197.66394782066345,0.1918,0.011273
197.77331256866455,0.19273,0.01121
197.87545084953308,0.19427,0.011168
197.98097896575928,0.19573,0.010959
198.092693567276,0.19593,0.010945
198.20217943191528,0.19793,0.011013
198.3043270111084,0.19847,0.010862
198.40313959121704,0.1998,0.01093
198.5148868560791,0.20207,0.010903
198.6179130077362,0.2026,0.010737
198.73105907440186,0.20273,0.010775
198.84076976776123,0.20513,0.010749
198.94458603858948,0.20667,0.010649
199.03985333442688,0.20787,0.010641
199.15121150016785,0.20873,0.010653
199.2518196105957,0.20953,0.01063
199.36155200004578,0.2112,0.010683
199.46309876441956,0.21173,0.010605
199.57142210006714,0.21313,0.010638
199.67225074768066,0.21393,0.010645
199.78484225273132,0.2152,0.010664
199.87846779823303,0.2168,0.010649
199.9809808731079,0.21727,0.010647
200.08953547477722,0.21847,0.010603
200.20018482208252,0.2194,0.010591
200.30830001831055,0.22107,0.01061
200.41905117034912,0.22113,0.01056
200.52210426330566,0.22327,0.010535
200.63066625595093,0.22373,0.010665
200.73096370697021,0.22533,0.01059
200.84268307685852,0.22773,0.010542
200.94015789031982,0.22773,0.010618
201.04340839385986,0.22833,0.01057
201.1496822834015,0.23033,0.010558
201.25183153152466,0.23187,0.010557
201.36091542243958,0.23133,0.010602
201.4600715637207,0.23373,0.010575
201.55722451210022,0.23487,0.010558
201.67249250411987,0.23547,0.010566
201.7715401649475,0.23693,0.010654
201.87028980255127,0.23813,0.010559
201.96938395500183,0.23827,0.010576
202.07067680358887,0.24087,0.010576
202.17288756370544,0.24147,0.010642
202.2760148048401,0.24153,0.010595
202.3743917942047,0.24233,0.010555
202.47713422775269,0.24493,0.010604
202.57962083816528,0.2452,0.010659
202.68745875358582,0.24687,0.010587
202.79337978363037,0.24793,0.010586
202.90209889411926,0.24893,0.01055
203.01005363464355,0.25087,0.010601
203.12296295166016,0.25107,0.010571
203.23006772994995,0.2524,0.010618
203.34102964401245,0.25367,0.010647
203.45154476165771,0.25447,0.010589
203.56407976150513,0.25487,0.010615
203.6687958240509,0.2576,0.010583
203.76913833618164,0.25793,0.010702
203.87194871902466,0.25907,0.01057
203.98099660873413,0.26047,0.010624
204.09507727622986,0.26213,0.010582
204.20185565948486,0.26333,0.010677
204.31349754333496,0.2642,0.010663
204.42475700378418,0.26533,0.010729
204.53101539611816,0.26613,0.010628
204.64032173156738,0.26713,0.010627
204.75102019309998,0.26853,0.010704
204.85822653770447,0.26987,0.010641
204.97179889678955,0.2716,0.010602
205.08244228363037,0.2722,0.010696
205.19139075279236,0.27413,0.010685
205.2916383743286,0.2742,0.010662
205.4022994041443,0.27547,0.010561
205.5131537914276,0.27753,0.010615
205.62241053581238,0.2778,0.010607
205.73128604888916,0.27973,0.010597
205.82861018180847,0.0692,0.010643
205.93076300621033,0.069867,0.010709
206.03228163719177,0.0692,0.010626
206.14224910736084,0.0752,0.01058
206.24772310256958,0.078733,0.010649
206.35242414474487,0.081933,0.010604
206.4623827934265,0.084133,0.010586
206.5690793991089,0.0872,0.010632
206.6809048652649,0.090267,0.010614
206.782329082489,0.092,0.010731
206.87953281402588,0.093133,0.010823
206.9917392730713,0.0946,0.010812
207.1026029586792,0.096467,0.010679
207.20181918144226,0.097333,0.010914
207.31330728530884,0.0998,0.010989
207.41083312034607,0.10047,0.011652
207.5186984539032,0.10173,0.011724
207.63164138793945,0.10293,0.011584
207.74434733390808,0.10407,0.012449
207.85451889038086,0.10707,0.012184
207.9481451511383,0.108,0.013114
208.05206155776978,0.10873,0.012893
208.16320896148682,0.11027,0.013515
208.27393174171448,0.11207,0.013598
208.3823447227478,0.11353,0.013732
208.48313546180725,0.1146,0.014033
208.58295893669128,0.11607,0.014179
208.69289636611938,0.11847,0.013759
208.80270314216614,0.11927,0.014234
208.90103220939636,0.12007,0.014167
209.00451016426086,0.12153,0.014022
209.11408400535583,0.12227,0.013488
209.2196433544159,0.1248,0.013243
209.32928562164307,0.12487,0.012986
209.44137406349182,0.12613,0.013142
209.54032397270203,0.12787,0.013139
209.63990449905396,0.12927,0.012853
209.7569968700409,0.13067,0.012382
209.86384677886963,0.13327,0.012302
209.96914410591125,0.13353,0.012296
210.07154941558838,0.13593,0.011943
210.17107892036438,0.13707,0.011652
210.2869393825531,0.13667,0.01156
210.38323211669922,0.1394,0.011752
210.4905800819397,0.14027,0.011232
210.59481143951416,0.142,0.011273
210.70065331459045,0.14267,0.011095
210.80948185920715,0.14453,0.010891
210.9201648235321,0.14513,0.010996
211.02942156791687,0.1474,0.010757
211.12855625152588,0.14727,0.010819
211.22838807106018,0.14907,0.010759
211.333247423172,0.1502,0.010702
211.44590783119202,0.15133,0.010679
211.54868698120117,0.15247,0.010669
211.66365718841553,0.15393,0.010575
211.76233434677124,0.1548,0.010592
211.86161851882935,0.15633,0.010587
211.9625208377838,0.15747,0.010585
212.0594024658203,0.15827,0.010654
212.1630573272705,0.16013,0.010663
212.27012848854065,0.1614,0.010606
212.37164855003357,0.16213,0.010639
212.47391390800476,0.1636,0.010658
212.57416820526123,0.1646,0.010876
212.6729667186737,0.16613,0.01064
212.77236652374268,0.16687,0.010956
212.8730628490448,0.168,0.010766
212.9753246307373,0.16933,0.010983
213.07798647880554,0.17093,0.010888
213.17978882789612,0.17173,0.010978
213.28101706504822,0.1728,0.011217
213.3911623954773,0.1754,0.011601
213.50134110450745,0.1754,0.011483
213.61009192466736,0.1778,0.011129
213.7192120552063,0.17853,0.011329
213.82946729660034,0.17947,0.011696
213.93822360038757,0.1808,0.011659
214.04897022247314,0.1822,0.011674
214.1588454246521,0.1836,0.011377
214.26555967330933,0.18467,0.011558
214.37183356285095,0.18587,0.011437
214.4787471294403,0.18613,0.011323
214.5916872024536,0.18767,0.011217
214.70242071151733,0.1888,0.011053
214.81164145469666,0.19013,0.011096
214.9233787059784,0.19253,0.011
215.03026032447815,0.1934,0.010939
215.13851237297058,0.19447,0.011018
215.25446200370789,0.1946,0.010914
215.34959197044373,0.19647,0.010931
215.4610297679901,0.19753,0.010917
215.57213854789734,0.19913,0.010834
215.67880964279175,0.20047,0.010921
215.78965616226196,0.20173,0.010824
215.89379715919495,0.20313,0.010756
215.9923963546753,0.20393,0.010608
216.09487986564636,0.20473,0.010696
216.2002968788147,0.20593,0.01067
216.31575727462769,0.2074,0.010592
216.41092014312744,0.20787,0.010581
216.52055096626282,0.2096,0.010647
216.63114976882935,0.21087,0.010597
216.74310660362244,0.213,0.01058
216.85088324546814,0.21307,0.010639
216.9499499797821,0.21467,0.010633
217.0619134902954,0.21613,0.010664
217.16551685333252,0.2164,0.010557
217.27097272872925,0.21867,0.010677
217.37902998924255,0.21987,0.010558
217.48206973075867,0.2202,0.010539
217.5923535823822,0.22187,0.010634
217.7011821269989,0.22227,0.010606
217.81390976905823,0.2234,0.010581
217.91995429992676,0.225,0.010583
218.02259993553162,0.2254,0.010602
218.1220109462738,0.22747,0.010643
218.2215769290924,0.2288,0.010533
218.33475589752197,0.2294,0.010578
218.44149565696716,0.23053,0.010564
218.54113030433655,0.2316,0.010625
218.6489679813385,0.2328,0.010572
218.75820207595825,0.23367,0.010625
218.86971044540405,0.23487,0.010536
218.98172330856323,0.2356,0.010657
219.0827991962433,0.23693,0.010649
219.17998480796814,0.23907,0.010583
219.27993178367615,0.24013,0.010654
219.3905804157257,0.24187,0.01062
219.50265407562256,0.2432,0.010604
219.60147333145142,0.24387,0.010626
219.71337008476257,0.24533,0.010614
219.82284331321716,0.2456,0.010604
219.93014693260193,0.247,0.010604
220.04079270362854,0.24813,0.010629
220.1450719833374,0.24907,0.010621
220.2443778514862,0.25007,0.0106
220.35184240341187,0.25187,0.010705
220.4613573551178,0.25233,0.010591
220.57423186302185,0.2546,0.010709
220.67427802085876,0.25467,0.010658
220.77169752120972,0.2556,0.01065
220.88203620910645,0.257,0.010622
220.9921658039093,0.25787,0.010707
221.09906768798828,0.2598,0.010758
221.20464658737183,0.26053,0.010689
221.3020462989807,0.26113,0.010687
221.4115002155304,0.26347,0.010686
221.52326941490173,0.2648,0.010684
221.63093876838684,0.26547,0.010667
221.73605108261108,0.26673,0.010741
221.83571434020996,0.26753,0.010665
221.95103001594543,0.26887,0.010663
222.0538206100464,0.2702,0.010739
222.16382312774658,0.27087,0.010692
222.27566003799438,0.27127,0.010702
222.38113260269165,0.27313,0.010673
222.48613047599792,0.27387,0.01076
222.5917055606842,0.2758,0.010643
222.68938827514648,0.2762,0.01069
222.79189705848694,0.277,0.010686
222.89235711097717,0.2778,0.010614
222.99444484710693,0.27907,0.0106
223.0925886631012,0.067333,0.014303
223.19203782081604,0.068933,0.010602
223.29202103614807,0.0726,0.010606
223.3945803642273,0.075067,0.010582
223.49558281898499,0.0784,0.010586
223.59285688400269,0.0806,0.01061
223.6968970298767,0.083867,0.010589
223.79779076576233,0.0868,0.010642
223.90120100975037,0.089867,0.010629
224.00979733467102,0.091667,0.010874
224.125417470932,0.092333,0.010761
224.220379114151,0.095133,0.01088
224.33172273635864,0.095733,0.011063
224.4302670955658,0.098867,0.011457
224.52937698364258,0.098933,0.011753
224.64211750030518,0.0994,0.012246
224.75297689437866,0.10293,0.012339
224.865092754364,0.10427,0.012387
224.97130012512207,0.10547,0.012053
225.081937789917,0.10673,0.012994
225.19164609909058,0.108,0.013001
225.29208540916443,0.10947,0.013145
225.39467000961304,0.11073,0.014133
225.4995527267456,0.11233,0.014127
225.6099681854248,0.11373,0.014462
225.7198202610016,0.1154,0.01427
225.8324258327484,0.11593,0.014094
225.93969297409058,0.11807,0.014222
226.05120062828064,0.1188,0.014506
226.16299033164978,0.11953,0.014327
226.2711958885193,0.12293,0.014189
226.38150811195374,0.12387,0.013999
226.483060836792,0.1254,0.014143
226.5908019542694,0.126,0.014127
226.70334935188293,0.12767,0.013141
226.81015753746033,0.12867,0.013346
226.920804977417,0.13027,0.013011
227.0213496685028,0.131,0.012339
227.12899017333984,0.13327,0.011791
227.2398648262024,0.13387,0.012163
227.34970688819885,0.1362,0.011878
227.455491065979,0.1366,0.011579
227.55119848251343,0.13773,0.011504
227.66131782531738,0.13907,0.01129
227.77302312850952,0.14147,0.011402
227.88041400909424,0.14187,0.011002
227.9945466518402,0.14407,0.01113
228.0910325050354,0.1438,0.010862
228.19203352928162,0.1454,0.01078
228.3025140762329,0.14787,0.010691
228.41076803207397,0.1488,0.010722
228.5191512107849,0.1504,0.010627
228.62089085578918,0.15153,0.010669
228.72182869911194,0.15293,0.01059
228.8315703868866,0.15367,0.010713
228.94136905670166,0.15473,0.010663
229.05123353004456,0.15607,0.010647
229.15071654319763,0.15747,0.010685
229.26280975341797,0.15807,0.010568
229.37375712394714,0.15987,0.010682
229.48105764389038,0.16087,0.010671
229.58145666122437,0.16193,0.010662
229.68216824531555,0.1636,0.010582
229.793447971344,0.164,0.010659
229.89483380317688,0.16567,0.010669
230.00487613677979,0.1664,0.010842
230.11307454109192,0.16893,0.010686
230.2097828388214,0.16993,0.010738
230.3141393661499,0.1718,0.01073
230.42789578437805,0.17167,0.010847
230.53517198562622,0.17353,0.010794
230.64322590827942,0.17507,0.010812
230.74637246131897,0.17567,0.011228
230.85894107818604,0.17693,0.011171
230.97404837608337,0.17827,0.011052
231.07979226112366,0.1796,0.011151
231.19092559814453,0.1806,0.011226
231.29861688613892,0.18173,0.011099
231.41050577163696,0.18327,0.011125
231.5198106765747,0.18447,0.011018
231.6232249736786,0.18533,0.011295
231.72932195663452,0.18767,0.011079
231.8399622440338,0.1882,0.010997
231.94742488861084,0.19033,0.010981
232.05974507331848,0.1916,0.010869
232.16892075538635,0.1924,0.010912
232.28041744232178,0.1938,0.010839
232.38153553009033,0.195,0.010839
232.48981976509094,0.19607,0.010848
232.60629081726074,0.1972,0.010791
232.71054029464722,0.19853,0.010793
232.82205414772034,0.19907,0.010677
232.92894077301025,0.19987,0.010718
233.0400674343109,0.20147,0.010593
233.141432762146,0.2036,0.010563
233.24118447303772,0.20367,0.010625
233.34485626220703,0.20467,0.010608
233.44918656349182,0.20613,0.010622
233.5592303276062,0.20853,0.010661
233.6619153022766,0.2094,0.010618
233.762202501297,0.2106,0.010584
233.8639841079712,0.2106,0.010648
233.96349930763245,0.21293,0.010566
234.0653202533722,0.21413,0.010625
234.16190361976624,0.21493,0.010663
234.2630729675293,0.2148,0.010563
234.36053919792175,0.2168,0.010601
234.47166919708252,0.21847,0.010634
234.57754564285278,0.21853,0.010625
234.68901801109314,0.2202,0.01055
234.80212140083313,0.22113,0.010615
234.91061806678772,0.2228,0.010541
235.02269554138184,0.2238,0.010618
235.12079429626465,0.22507,0.010534
235.23215055465698,0.22587,0.010585
235.33354425430298,0.22747,0.010627
235.4355809688568,0.2282,0.010579
235.53984141349792,0.22907,0.010593
235.6512451171875,0.2302,0.010616
235.75668358802795,0.23133,0.010597
235.86930871009827,0.2336,0.010556
235.98117327690125,0.23433,0.010557
236.07972645759583,0.23507,0.010612
236.19238352775574,0.23587,0.010607
236.29904460906982,0.238,0.010607
236.41222977638245,0.239,0.010619
236.51071429252625,0.24033,0.010641
236.62137246131897,0.2412,0.010656
236.73120737075806,0.24207,0.010597
236.83880949020386,0.24327,0.010658
236.95052886009216,0.24453,0.010641
237.06109189987183,0.24573,0.010659
237.1757791042328,0.24653,0.010623
237.279851436615,0.24787,0.010687
237.39164113998413,0.2488,0.010657
237.49204111099243,0.2498,0.010671
237.60375547409058,0.25073,0.010647
237.70899057388306,0.25387,0.010669
237.82234454154968,0.25473,0.010665
237.92588019371033,0.2562,0.01068
238.0319483280182,0.25653,0.010742
238.147198677063,0.25833,0.010723
238.24647784233093,0.25907,0.010771
238.3636245727539,0.2596,0.010743
238.46863746643066,0.26093,0.010824
238.58021450042725,0.26173,0.010808
238.68149042129517,0.263,0.010763
238.78830981254578,0.265,0.010746
238.90066266059875,0.26567,0.010745
239.01199102401733,0.26627,0.010807
239.1185405254364,0.26847,0.010837
239.2193067073822,0.2682,0.010747
239.32131099700928,0.26953,0.010729
239.43442273139954,0.27167,0.010721
239.5410897731781,0.27187,0.0107
239.65151071548462,0.27427,0.010716
239.7514843940735,0.27493,0.010769
239.85339212417603,0.27587,0.010676
239.96120238304138,0.2776,0.010711
240.0707528591156,0.27847,0.010663
240.17217326164246,0.2798,0.010649
240.27162671089172,0.066867,0.010777
240.3805708885193,0.0694,0.010698
240.49180507659912,0.072333,0.01062
240.5999882221222,0.074467,0.010569
240.710684299469,0.077733,0.010668
240.80913043022156,0.0814,0.010558
240.91056370735168,0.083733,0.010649
241.0105059146881,0.0864,0.010664
241.11196947097778,0.089,0.01071
241.22280359268188,0.0916,0.010701
241.32053923606873,0.093067,0.010834
241.42562413215637,0.094667,0.010918
241.53313326835632,0.0958,0.010972
241.6385748386383,0.097133,0.011106
241.74153780937195,0.097933,0.011218
241.84375,0.0992,0.011676
241.94891452789307,0.101,0.011947
242.06118273735046,0.10347,0.012822
242.1623764038086,0.10473,0.012693
242.2727406024933,0.10533,0.013306
242.37690329551697,0.108,0.013183
242.49062132835388,0.1096,0.014021
242.58900117874146,0.1112,0.014098
242.6907172203064,0.112,0.014145
242.80183458328247,0.11373,0.014226
242.90114831924438,0.1148,0.014174
243.01196932792664,0.11547,0.014061
243.12401628494263,0.1176,0.014359
243.22986340522766,0.1188,0.014269
243.34134221076965,0.1208,0.014395
243.44151091575623,0.12067,0.014098
243.55164051055908,0.1228,0.013845
243.6594455242157,0.12387,0.013955
243.7594451904297,0.12673,0.013377
243.86481046676636,0.1262,0.013239
243.96222233772278,0.12787,0.012746
244.07199096679688,0.13113,0.012886
244.16905736923218,0.13047,0.01283
244.2702465057373,0.13187,0.012177
244.37022876739502,0.13347,0.012076
244.47204160690308,0.134,0.01158
244.5722107887268,0.13573,0.011707
244.67522597312927,0.13653,0.011454
244.77397298812866,0.13773,0.011352
244.88237309455872,0.13933,0.011282
244.97445368766785,0.14087,0.011191
245.08067178726196,0.1414,0.011055
245.19455289840698,0.1426,0.010837
245.28982162475586,0.144,0.010735
245.39939188957214,0.1458,0.010766
245.5046100616455,0.14667,0.010743
245.6133348941803,0.14807,0.010786
245.7130115032196,0.14867,0.010693
245.82071805000305,0.15073,0.010647
245.9325647354126,0.1522,0.010641
246.04267978668213,0.15333,0.010625
246.1505777835846,0.15493,0.010599
246.24938797950745,0.1562,0.010609
246.36208987236023,0.15747,0.01062
246.47244882583618,0.15847,0.010633
246.58200001716614,0.15913,0.01058
246.69131016731262,0.16073,0.010648
246.80192184448242,0.162,0.010586
246.91410064697266,0.165,0.010647
247.0080018043518,0.16547,0.010697
247.11201095581055,0.1656,0.010609
247.21972393989563,0.1668,0.010683
247.33022356033325,0.16813,0.01065
247.4288535118103,0.17013,0.010697
247.54026627540588,0.17087,0.010784
247.65349745750427,0.17227,0.010796
247.75982236862183,0.17353,0.010814
247.86089324951172,0.1748,0.010764
247.96894907951355,0.17613,0.011003
248.0804042816162,0.1772,0.010773
248.18819665908813,0.1782,0.010699
248.3009614944458,0.1794,0.010943
248.41095972061157,0.181,0.0109
248.5094997882843,0.1814,0.010922
248.6206510066986,0.1832,0.010834
248.7329125404358,0.18413,0.010963
248.8407633304596,0.18667,0.010838
248.95208859443665,0.18633,0.010759
249.04872632026672,0.18847,0.010858
249.16024374961853,0.18987,0.010823
249.26050543785095,0.19127,0.010764
249.36937594413757,0.19267,0.010763
249.4819896221161,0.19347,0.010783
249.5909514427185,0.19467,0.010755
249.70093655586243,0.19513,0.010734
249.80273008346558,0.19693,0.010693
249.91100931167603,0.19813,0.010674
250.0202362537384,0.19913,0.010622
250.13203287124634,0.20047,0.01059
250.24132704734802,0.20127,0.010559
250.34176683425903,0.2028,0.010543
250.44191813468933,0.20353,0.010643
250.55263423919678,0.2048,0.010606
250.66326022148132,0.2056,0.010606
250.77045702934265,0.2068,0.010608
250.8713574409485,0.20947,0.010642
250.984290599823,0.2102,0.010634
251.09034895896912,0.21153,0.010554
251.20263123512268,0.21207,0.010619
251.31049370765686,0.21393,0.010606
251.41283535957336,0.21467,0.010603
251.5127077102661,0.21587,0.010588
251.6113784313202,0.21633,0.010605
251.71201610565186,0.2182,0.010585
251.821133852005,0.21907,0.010587
251.92345213890076,0.21987,0.010597
252.0211203098297,0.22127,0.010543
252.12083983421326,0.22207,0.010606
252.23530268669128,0.22347,0.010568
252.34249925613403,0.22453,0.010601
252.45600056648254,0.22607,0.010448
252.56190085411072,0.22733,0.010585
252.6710925102234,0.22753,0.010595
252.78033924102783,0.2288,0.010597
252.88132762908936,0.23147,0.010585
252.97949171066284,0.2316,0.010601
253.08728337287903,0.233,0.010621
253.20067977905273,0.23473,0.010597
253.30567955970764,0.2344,0.010608
253.41747426986694,0.23693,0.010595
253.51900839805603,0.23853,0.010628
253.62282800674438,0.239,0.010626
253.72765016555786,0.24047,0.010634
253.8391077518463,0.2414,0.010656
253.9498565196991,0.24267,0.010664
254.04811930656433,0.244,0.010657
254.14901065826416,0.24447,0.010636
254.2497477531433,0.24553,0.010693
254.35416460037231,0.24727,0.01067
254.4532220363617,0.24773,0.01075
254.5501573085785,0.249,0.01071
254.65500950813293,0.25,0.010778
254.7635793685913,0.2508,0.010765
254.8618884086609,0.2518,0.010856
254.96542763710022,0.2536,0.010858
255.06212425231934,0.25413,0.010829
255.15984725952148,0.25573,0.010857
255.26038217544556,0.2566,0.010896
255.36413168907166,0.25707,0.010859
255.46562480926514,0.2584,0.010952
255.56514167785645,0.2594,0.010897
255.670658826828,0.26107,0.011006
255.782146692276,0.26207,0.011046
255.88131594657898,0.263,0.010977
255.98259735107422,0.2642,0.010889
256.0923192501068,0.26547,0.01085
256.2013599872589,0.26653,0.010946
256.3135738372803,0.2676,0.010884
256.42280554771423,0.2686,0.010882
256.5197060108185,0.26993,0.010795
256.63336539268494,0.271,0.010767
256.74188899993896,0.2716,0.01079
256.8492588996887,0.27347,0.010751
256.96133756637573,0.27527,0.010805
257.0562198162079,0.27567,0.010851
257.1611316204071,0.27653,0.010658
257.26678586006165,0.27793,0.010687
257.37523913383484,0.27947,0.010673
257.48098945617676,0.068533,0.010644
257.58135962486267,0.069133,0.011842
257.6848986148834,0.072133,0.010585
257.7909507751465,0.074933,0.010635
257.8870873451233,0.077467,0.0106
258.00409722328186,0.080667,0.010696
258.1081442832947,0.083467,0.010683
258.22196221351624,0.086333,0.010671
258.3290536403656,0.089067,0.010685
258.4311213493347,0.091,0.010803
258.5333368778229,0.092533,0.010781
258.63109707832336,0.0944,0.010788
258.7420039176941,0.096133,0.011298
258.85074257850647,0.0972,0.01095
258.9506461620331,0.098933,0.011508
259.06589436531067,0.1014,0.011935
259.1725594997406,0.10073,0.012947
259.277468919754,0.10247,0.011954
259.395468711853,0.10547,0.013138
259.4917902946472,0.1068,0.012831
259.5988738536835,0.1076,0.014094
259.7133059501648,0.10867,0.013874
259.82241129875183,0.1106,0.013754
259.92908000946045,0.1118,0.013949
260.0298743247986,0.1136,0.014063
260.132661819458,0.11427,0.014118
260.2311177253723,0.1156,0.014367
260.33979320526123,0.11753,0.014237
260.45168685913086,0.11813,0.014175
260.55355978012085,0.1196,0.0142
260.6624364852905,0.12087,0.014411
260.77326226234436,0.1236,0.014199
260.8824453353882,0.12413,0.013519
260.98978090286255,0.12587,0.01378
261.1003770828247,0.12793,0.013622
261.2112054824829,0.1278,0.012818
261.31107234954834,0.13013,0.012658
261.4103899002075,0.13147,0.012808
261.5208079814911,0.13313,0.011792
261.6239700317383,0.134,0.011535
261.73168897628784,0.13547,0.011637
261.8311231136322,0.13627,0.011326
261.94040393829346,0.1376,0.011334
262.05319261550903,0.13887,0.011176
262.15137791633606,0.14087,0.011039
262.2514441013336,0.14173,0.010984
262.36065912246704,0.1426,0.010812
262.4704592227936,0.1438,0.010929
262.5801274776459,0.14547,0.010726
262.6824064254761,0.14653,0.010799
262.79234790802,0.14733,0.010742
262.90339374542236,0.1486,0.010753
263.01303696632385,0.15127,0.010728
263.12522053718567,0.15107,0.010695
263.2300775051117,0.15367,0.01063
263.3406414985657,0.15467,0.010615
263.45233702659607,0.15653,0.010642
263.562073469162,0.15713,0.010686
263.67363572120667,0.15833,0.010655
263.778981924057,0.15953,0.010591
263.88129711151123,0.161,0.010587
263.9826204776764,0.16253,0.010595
264.08437490463257,0.16293,0.01063
264.1895909309387,0.16447,0.010643
264.3024637699127,0.1654,0.010678
264.41004157066345,0.1666,0.010662
264.5191869735718,0.16813,0.010649
264.63470005989075,0.17007,0.010658
264.7402844429016,0.1704,0.010651
264.85024333000183,0.17247,0.01068
264.95030450820923,0.17387,0.010704
265.05451941490173,0.17427,0.01069
265.151504278183,0.1764,0.010651
265.2586278915405,0.1768,0.010663
265.36193561553955,0.17907,0.010677
265.46597719192505,0.17807,0.010752
265.5619468688965,0.18133,0.010763
265.6656677722931,0.182,0.010561
265.7639830112457,0.1834,0.010775
265.8682281970978,0.1846,0.010855
265.96375250816345,0.18507,0.010732
266.06331062316895,0.18667,0.010598
266.16603207588196,0.18647,0.010733
266.2673850059509,0.1878,0.010716
266.3666172027588,0.1896,0.010705
266.47615098953247,0.18927,0.010681
266.5888798236847,0.19193,0.010673
266.689058303833,0.19307,0.010627
266.7881247997284,0.19413,0.010583
266.897492647171,0.19587,0.01053
266.9982316493988,0.19707,0.010561
267.1003086566925,0.1982,0.010593
267.19796419143677,0.19767,0.010523
267.29872965812683,0.2004,0.010601
267.40058159828186,0.20073,0.010536
267.50051856040955,0.20187,0.01058
267.60905027389526,0.2036,0.010639
267.71530413627625,0.20467,0.010646
267.81780982017517,0.20567,0.010586
267.92180013656616,0.20687,0.010634
268.022096157074,0.20793,0.010599
268.12668657302856,0.20907,0.010619
268.22010827064514,0.21087,0.010617
268.33112049102783,0.2112,0.010631
268.44166254997253,0.2122,0.010562
268.5513439178467,0.213,0.010593
268.65245366096497,0.21453,0.01054
268.76223826408386,0.216,0.010573
268.8694202899933,0.21833,0.010593
268.9799735546112,0.21787,0.010593
269.0926389694214,0.21967,0.010642
269.1997535228729,0.22013,0.01053
269.3139441013336,0.2222,0.010611
269.4113781452179,0.22387,0.010569
269.5215194225311,0.2252,0.01053
269.63042879104614,0.22547,0.010625
269.7412495613098,0.22633,0.010569
269.84857082366943,0.2278,0.010573
269.951189994812,0.22873,0.010611
270.0649883747101,0.2302,0.010597
270.160587310791,0.23087,0.01061
270.2715435028076,0.23253,0.010661
270.3817410469055,0.2338,0.01057
270.48235750198364,0.2344,0.010591
270.5908856391907,0.23593,0.010686
270.6917519569397,0.237,0.010662
270.7923994064331,0.23747,0.010654
270.89131569862366,0.23933,0.010612
271.00193214416504,0.2402,0.010646
271.1104061603546,0.2422,0.010716
271.2180907726288,0.24287,0.01077
271.3298146724701,0.24353,0.010707
271.4406359195709,0.24533,0.010828
271.5416307449341,0.24513,0.01077
271.65021228790283,0.2472,0.010826
271.7532298564911,0.24887,0.010798
271.85906052589417,0.24987,0.010893
271.96982288360596,0.2504,0.010885
272.07176995277405,0.25167,0.011007
272.18146777153015,0.25293,0.010957
272.29021859169006,0.25413,0.010975
272.4002797603607,0.25533,0.010961
272.5106279850006,0.25673,0.011061
272.61263275146484,0.25753,0.011106
272.71099734306335,0.25847,0.011107
272.8214888572693,0.25987,0.011262
272.92296504974365,0.261,0.011178
273.0305292606354,0.2618,0.011172
273.1343958377838,0.2634,0.011183
273.2378182411194,0.26513,0.011011
273.35401606559753,0.26607,0.011123
273.46171259880066,0.26767,0.011295
273.5624487400055,0.2674,0.010955
273.65966868400574,0.2698,0.011014
273.77048420906067,0.27047,0.010964
273.8828294277191,0.2714,0.010963
273.9925923347473,0.2724,0.010937
274.10297751426697,0.2736,0.010893
274.201500415802,0.2746,0.010851
274.3035249710083,0.276,0.010889
274.4167146682739,0.27707,0.010774
274.5221416950226,0.27827,0.010648
274.62852573394775,0.27953,0.01063
274.73339343070984,0.066733,0.011477
274.83379435539246,0.068933,0.010666
274.9341061115265,0.071733,0.010644
275.0336513519287,0.074333,0.010553
275.148069858551,0.077667,0.010695
275.24209475517273,0.0806,0.010673
275.3567245006561,0.083333,0.010687
275.45625352859497,0.085933,0.010625
275.55371022224426,0.089467,0.010793
275.66317772865295,0.091733,0.010999
275.7720196247101,0.0938,0.010805
275.8828053474426,0.094467,0.011074
275.9834318161011,0.095533,0.011197
276.0828170776367,0.098533,0.011013
276.18462681770325,0.0994,0.011815
276.28291606903076,0.10087,0.011986
276.3823449611664,0.101,0.011723
276.4859890937805,0.10213,0.012458
276.58276414871216,0.10347,0.012663
276.68574810028076,0.10653,0.012938
276.79409766197205,0.10673,0.012601
276.9048697948456,0.1074,0.013455
277.00985407829285,0.1104,0.013651
277.11206579208374,0.11233,0.013522
277.2177767753601,0.11287,0.013983
277.3314833641052,0.11413,0.013467
277.4399242401123,0.1158,0.014067
277.5509262084961,0.11673,0.013939
277.66325640678406,0.1184,0.013899
277.7724497318268,0.1198,0.013995
277.8781416416168,0.121,0.01348
277.99517369270325,0.12287,0.013552
278.1043965816498,0.12353,0.013205
278.2105484008789,0.12613,0.013094
278.320125579834,0.1272,0.01245
278.4201955795288,0.1268,0.012678
278.5211193561554,0.12947,0.011997
278.62291407585144,0.1316,0.011853
278.7346749305725,0.13267,0.011769
278.84063386917114,0.1336,0.011452
278.95228600502014,0.13447,0.011231
279.06145572662354,0.136,0.011142
279.1703579425812,0.13767,0.01106
279.279500246048,0.1384,0.011034
279.3902621269226,0.13867,0.010974
279.48930191993713,0.14073,0.011054
279.59712433815,0.14213,0.01087
279.70688700675964,0.14313,0.010752
279.8211131095886,0.146,0.010738
279.9305851459503,0.1456,0.010755
280.0308711528778,0.14707,0.010712
280.13170433044434,0.14847,0.010696
280.24161291122437,0.15067,0.01071
280.3533124923706,0.15227,0.010672
280.46307826042175,0.1532,0.010681
280.5614902973175,0.15447,0.010648
280.66006660461426,0.15527,0.010593
280.76456689834595,0.1562,0.010642
280.8646893501282,0.15813,0.010624
280.96430230140686,0.15927,0.010687
281.064001083374,0.16047,0.010618
281.17247343063354,0.16233,0.010689
281.27761721611023,0.163,0.010642
281.39215087890625,0.164,0.010665
281.50453543663025,0.16547,0.010625
281.59958148002625,0.16613,0.010655
281.7124488353729,0.1676,0.010582
281.8202419281006,0.16847,0.010542
281.93143224716187,0.16967,0.010625
282.0285429954529,0.17033,0.010671
282.128675699234,0.1718,0.010612
282.2430613040924,0.17353,0.01063
282.3515827655792,0.17613,0.010657
282.44736433029175,0.17747,0.010647
282.55861043930054,0.17727,0.010712
282.662296295166,0.17893,0.010612
282.7705011367798,0.18047,0.010589
282.87251019477844,0.18227,0.010689
282.9833359718323,0.182,0.010603
283.0934245586395,0.18413,0.010613
283.1921548843384,0.18513,0.010605
283.299889087677,0.18613,0.010625
283.4123978614807,0.18733,0.010586
283.5202536582947,0.18793,0.010586
283.6287486553192,0.1898,0.010582
283.7308928966522,0.19067,0.010561
283.842408657074,0.19193,0.010579
283.94997382164,0.193,0.010621
284.05823040008545,0.19427,0.010585
284.17077565193176,0.19653,0.010598
284.2692196369171,0.1968,0.010579
284.3708288669586,0.1974,0.010632
284.48410415649414,0.19893,0.010607
284.59054136276245,0.20013,0.010592
284.69999718666077,0.2026,0.010634
284.80388021469116,0.20327,0.010639
284.9028146266937,0.20513,0.010596
285.0128810405731,0.20587,0.01061
285.11982822418213,0.2066,0.010628
285.2336709499359,0.2078,0.010607
285.33326864242554,0.20893,0.010605
285.43470525741577,0.21047,0.010612
285.54080986976624,0.21133,0.010616
285.65063524246216,0.212,0.010607
285.7639820575714,0.2136,0.010617
285.86689925193787,0.21533,0.010577
285.9661703109741,0.21573,0.01061
286.07153034210205,0.2172,0.010592
286.1647078990936,0.21827,0.010581
286.26599645614624,0.2192,0.010596
286.3742561340332,0.2206,0.010559
286.4796302318573,0.22167,0.010513
286.58051466941833,0.22233,0.010574
286.68125772476196,0.2236,0.010536
286.7824511528015,0.22447,0.010548
286.8827078342438,0.2254,0.010603
286.98310446739197,0.22593,0.010588
287.08316135406494,0.22807,0.010611
287.18288922309875,0.22873,0.010577
287.28201150894165,0.22993,0.010576
287.3917405605316,0.23053,0.010588
287.4918038845062,0.23153,0.010615
287.60672307014465,0.23293,0.010654
287.7098307609558,0.23433,0.010575
287.82088232040405,0.23587,0.010567
287.92859959602356,0.2374,0.010634
288.0297944545746,0.238,0.010676
288.1377274990082,0.23967,0.010651
288.251656293869,0.23993,0.010693
288.35947251319885,0.24193,0.010615
288.4640038013458,0.24287,0.010819
288.5724415779114,0.2438,0.010883
288.67903876304626,0.2458,0.010951
288.7922661304474,0.24653,0.011002
288.902517080307,0.24687,0.011026
289.01224732398987,0.24887,0.011096
289.11841559410095,0.24993,0.011182
289.2312045097351,0.2506,0.011119
289.329293012619,0.25187,0.011236
289.4296610355377,0.2532,0.011296
289.5429186820984,0.25513,0.011393
289.65075635910034,0.25633,0.011439
289.76146483421326,0.2574,0.011357
289.8721318244934,0.25847,0.011368
289.9732849597931,0.25927,0.011368
290.0848956108093,0.26113,0.011507
290.1902720928192,0.26167,0.011306
290.30156350135803,0.26293,0.011491
290.41300415992737,0.26427,0.011347
290.51941657066345,0.2646,0.011293
290.61994981765747,0.26627,0.011355
290.7271513938904,0.26747,0.011167
290.8425488471985,0.26833,0.011232
290.95006012916565,0.2692,0.011217
291.05401158332825,0.27027,0.011089
291.1500759124756,0.27173,0.011118
291.25323605537415,0.27207,0.010963
291.3499970436096,0.27347,0.010995
291.4525833129883,0.27453,0.010763
291.56377935409546,0.27627,0.010829
291.67325139045715,0.2762,0.010849
291.7810471057892,0.27867,0.010732
291.89129638671875,0.0672,0.010602
292.00152468681335,0.068733,0.011117
292.0998570919037,0.068333,0.01064
292.20236468315125,0.073867,0.010641
292.31312823295593,0.077267,0.010611
292.422251701355,0.080133,0.010618
292.52867460250854,0.082933,0.010677
292.62995648384094,0.085467,0.010704
292.73201966285706,0.088733,0.010683
292.84113597869873,0.091267,0.010727
292.9498929977417,0.0922,0.010823
293.06167674064636,0.094133,0.010783
293.1707305908203,0.095333,0.011062
293.2716951370239,0.098133,0.011503
293.38071179389954,0.097933,0.01145
293.4917290210724,0.10093,0.011216
293.6011128425598,0.10093,0.011854
293.7137985229492,0.10413,0.011436
293.81188583374023,0.1052,0.01304
293.91168761253357,0.10527,0.012576
294.021258354187,0.10767,0.013335
294.1302387714386,0.10793,0.013137
294.2414107322693,0.1106,0.01317
294.34414291381836,0.11187,0.013329
294.44575119018555,0.113,0.013445
294.5425810813904,0.1144,0.012999
294.65148282051086,0.11607,0.013171
294.7623951435089,0.11707,0.013304
294.86515736579895,0.1184,0.013507
294.9791088104248,0.1202,0.012953
295.08203387260437,0.12107,0.013182
295.1933448314667,0.1224,0.013087
295.30198788642883,0.12493,0.012602
295.40257000923157,0.12453,0.012749
295.50321674346924,0.12573,0.012545
295.6149916648865,0.1268,0.012222
295.7230863571167,0.12847,0.012246
295.8327462673187,0.12967,0.011592
295.9340019226074,0.1324,0.011285
296.03282856941223,0.13393,0.011582
296.14378595352173,0.13353,0.011274
296.25497174263,0.13593,0.010973
296.3627564907074,0.13673,0.011057
296.46495938301086,0.139,0.010967
296.56628012657166,0.14033,0.010953
296.66253662109375,0.14133,0.010952
296.7709503173828,0.1426,0.010782
296.87554144859314,0.14353,0.010775
296.9686002731323,0.14513,0.010735
297.0811514854431,0.14607,0.010727
297.18216919898987,0.1478,0.010745
297.2818970680237,0.1486,0.010686
297.3795413970947,0.1496,0.010731
297.4812798500061,0.15147,0.010687
297.5801000595093,0.1524,0.010634
297.680468082428,0.15373,0.010618
297.78476309776306,0.15513,0.010645
297.88200211524963,0.15607,0.010643
297.99001598358154,0.15733,0.010638
298.10241889953613,0.1584,0.010638
298.2138330936432,0.16,0.010601
298.3194942474365,0.15993,0.010571
298.42068338394165,0.16207,0.010601
298.51990365982056,0.163,0.010613
298.6321518421173,0.1638,0.01062
298.741975069046,0.16493,0.010554
298.84645652770996,0.16673,0.010602
298.96497440338135,0.1692,0.010583
299.07075119018555,0.16867,0.010631
299.180388212204,0.17,0.010595
299.29442715644836,0.17207,0.010668
299.3945572376251,0.1736,0.010599
299.4921727180481,0.1746,0.010586
299.60176157951355,0.1758,0.010595
299.71047592163086,0.17573,0.010634
299.8200831413269,0.1786,0.010624
299.93178153038025,0.1796,0.010607
300.042555809021,0.18087,0.010614
300.15476536750793,0.1816,0.010605
300.2622752189636,0.18273,0.010538
300.3734321594238,0.18433,0.010594
300.47971749305725,0.1868,0.010517
300.59188652038574,0.18753,0.01059
300.69205927848816,0.1878,0.010569
300.79443073272705,0.18907,0.010549
300.9030568599701,0.19113,0.010612
301.01403641700745,0.192,0.010588
301.12094235420227,0.1938,0.010555
301.21929383277893,0.1946,0.010567
301.33674573898315,0.19553,0.010455
301.44074153900146,0.19727,0.010561
301.5524513721466,0.19787,0.010578
301.6623487472534,0.19927,0.01058
301.7612771987915,0.20033,0.010545
301.86330914497375,0.20153,0.010573
301.9629056453705,0.20247,0.010577
302.06942868232727,0.20387,0.010625
302.17053174972534,0.20507,0.010602
302.2710645198822,0.20547,0.010606
302.38199758529663,0.2072,0.010631
302.4925343990326,0.208,0.010612
302.60113048553467,0.2092,0.010632
302.70974612236023,0.21013,0.010605
302.8098771572113,0.2114,0.010609
302.9218022823334,0.21327,0.010608
303.030522108078,0.21473,0.010571
303.14252161979675,0.21613,0.010591
303.2517201900482,0.21767,0.010601
303.3495297431946,0.21847,0.010603
303.44954013824463,0.21873,0.010574
303.5647623538971,0.2206,0.010605
303.66875743865967,0.2218,0.010614
303.7853558063507,0.22273,0.010601
303.8819262981415,0.2238,0.010587
303.984628200531,0.22453,0.010529
304.09497356414795,0.22627,0.010553
304.202378988266,0.22733,0.010598
304.3153381347656,0.22807,0.010617
304.4178674221039,0.22887,0.010618
304.5156991481781,0.22973,0.010607
304.6138093471527,0.23153,0.010606
304.7242076396942,0.23287,0.010656
304.8337993621826,0.2346,0.010638
304.9366545677185,0.23527,0.010616
305.0429747104645,0.2354,0.010641
305.15510630607605,0.23773,0.010663
305.2615456581116,0.23893,0.010706
305.37340903282166,0.2396,0.010797
305.471346616745,0.24093,0.010791
305.57268357276917,0.2422,0.010872
305.6806275844574,0.24313,0.010867
305.79541969299316,0.2438,0.010975
305.9061403274536,0.24527,0.010983
306.00420236587524,0.24647,0.011081
306.10438537597656,0.24773,0.011269
306.21687960624695,0.24887,0.01138
306.3214225769043,0.24947,0.011493
306.43742322921753,0.25073,0.011602
306.53378462791443,0.25187,0.011519
306.6354386806488,0.25253,0.011712
306.74210381507874,0.2536,0.011678
306.85613107681274,0.25467,0.011896
306.9674916267395,0.2572,0.011604
307.0645217895508,0.2576,0.011581
307.16778111457825,0.2582,0.011653
307.2742819786072,0.2608,0.011679
307.37359142303467,0.262,0.011648
307.47284293174744,0.2618,0.011531
307.5770127773285,0.26253,0.011434
307.6800446510315,0.2656,0.011708
307.78014755249023,0.2658,0.011451
307.8792941570282,0.26627,0.011301
307.98254346847534,0.26687,0.011477
308.0807776451111,0.26847,0.011312
308.1807267665863,0.2694,0.011276
308.28200364112854,0.26987,0.011172
308.38190603256226,0.27093,0.011198
308.4833927154541,0.27347,0.011134
308.5917329788208,0.27427,0.010886
308.6975600719452,0.2762,0.010973
308.79989314079285,0.27667,0.010775
308.91162633895874,0.27767,0.010798
309.01298332214355,0.27887,0.010704
309.115070104599,0.067267,0.01058
309.2191159725189,0.067933,0.012098
309.32904958724976,0.071267,0.010583
309.4424123764038,0.073867,0.010604
309.5505123138428,0.076867,0.010613
309.65959453582764,0.079667,0.010628
309.7695474624634,0.082067,0.010662
309.8784143924713,0.085333,0.010629
309.9901340007782,0.091,0.01068
310.0996136665344,0.0924,0.010659
310.2115635871887,0.093933,0.010752
310.3104946613312,0.095533,0.010688
310.4093792438507,0.096867,0.010871
310.52424454689026,0.0976,0.010997
310.632116317749,0.099733,0.011754
310.74038577079773,0.10093,0.012014
310.8538942337036,0.1022,0.011443
310.9605276584625,0.1032,0.011703
311.0680146217346,0.10493,0.011837
311.18149065971375,0.10693,0.012058
311.28553676605225,0.10787,0.01289
311.3897659778595,0.10933,0.012315
311.5043272972107,0.11087,0.012723
311.6115303039551,0.11167,0.013002
311.7115535736084,0.1128,0.012628
311.81149196624756,0.11587,0.012608
311.92065024375916,0.11613,0.013189
312.03076243400574,0.11833,0.01305
312.12841796875,0.12,0.012597
312.2309818267822,0.11987,0.012634
312.34172320365906,0.122,0.012474
312.45246291160583,0.12347,0.011957
312.550372838974,0.125,0.011922
312.6606776714325,0.126,0.0121
312.77301144599915,0.12747,0.011449
312.8753652572632,0.12893,0.011358
312.9787976741791,0.12947,0.011335
313.08103370666504,0.13113,0.011131
313.1919825077057,0.13233,0.011175
313.3004503250122,0.13373,0.010929
313.4043390750885,0.13467,0.010934
313.5097668170929,0.13587,0.010974
313.62115025520325,0.1378,0.010904
313.7308702468872,0.13887,0.010956
313.8403539657593,0.14033,0.0108
313.9408481121063,0.14113,0.010817
314.0533151626587,0.1432,0.010833
314.1590611934662,0.14387,0.010756
314.2722370624542,0.1462,0.010718
314.3813498020172,0.1476,0.010692
314.4796214103699,0.1482,0.010694
314.5820326805115,0.15007,0.010645
314.6876151561737,0.15087,0.010643
314.7917649745941,0.1526,0.010644
314.89437675476074,0.1532,0.010621
314.9917838573456,0.15473,0.010633
315.1048583984375,0.15567,0.010637
315.2024977207184,0.157,0.010626
315.3124840259552,0.15767,0.010612
315.42270255088806,0.15927,0.010622
315.5245153903961,0.1606,0.010634
315.6221036911011,0.16153,0.010593
315.7213399410248,0.1632,0.010613
315.83001494407654,0.16387,0.010622
315.9423818588257,0.1654,0.010596
316.05205750465393,0.16653,0.010574
316.1597578525543,0.1672,0.010614
316.2723927497864,0.16833,0.010584
316.3815519809723,0.1718,0.010588
316.4824912548065,0.17087,0.010596
316.58241534233093,0.17247,0.010603
316.6926929950714,0.1746,0.01058
316.8034987449646,0.17567,0.010611
316.90917587280273,0.17673,0.010601
317.01965832710266,0.177,0.010602
317.1211495399475,0.1794,0.010581
317.2352023124695,0.18027,0.010619
317.34127402305603,0.18147,0.010602
317.4494926929474,0.18227,0.010537
317.5616409778595,0.184,0.010576
317.6627547740936,0.18493,0.010611
317.76236724853516,0.18627,0.010605
317.86449933052063,0.18747,0.010597
317.9617359638214,0.18847,0.010598
318.0644428730011,0.1894,0.010577
318.16982793807983,0.19033,0.010565
318.28927278518677,0.19187,0.010564
318.38162636756897,0.19273,0.010603
318.4806582927704,0.19433,0.010624
318.58183097839355,0.19507,0.010599
318.6819427013397,0.19627,0.010577
318.78655457496643,0.1982,0.010583
318.8838777542114,0.199,0.010544
318.98607540130615,0.19987,0.010579
319.08640360832214,0.2008,0.010542
319.19125270843506,0.2024,0.010606
319.30230712890625,0.20293,0.010624
319.41135025024414,0.20387,0.010587
319.5215907096863,0.20547,0.01063
319.6319329738617,0.207,0.010609
319.7412736415863,0.20793,0.010669
319.85232305526733,0.20987,0.010696
319.9689862728119,0.2116,0.010647
320.0674855709076,0.21193,0.010633
320.17263102531433,0.21327,0.010696
320.2709918022156,0.21513,0.010616
320.38475918769836,0.2152,0.010629
320.49095702171326,0.21633,0.010605
320.60548281669617,0.21773,0.010612
320.70975065231323,0.219,0.010651
320.81157755851746,0.2204,0.010641
320.92447423934937,0.2214,0.010629
321.0295023918152,0.22227,0.010637
321.1407060623169,0.22367,0.01061
321.25165247917175,0.2254,0.010626
321.35072565078735,0.22653,0.010602
321.4624664783478,0.2278,0.010601
321.5707731246948,0.2292,0.010615
321.68346881866455,0.23007,0.010599
321.78857493400574,0.2312,0.010682
321.8900878429413,0.23227,0.010647
321.9928319454193,0.23333,0.010633
322.10249757766724,0.23393,0.010715
322.2142345905304,0.2354,0.010692
322.3111426830292,0.23687,0.010754
322.4144220352173,0.2372,0.010777
322.52239537239075,0.23847,0.010883
322.634396314621,0.24,0.011002
322.7410216331482,0.2408,0.010946
322.84775853157043,0.24207,0.010934
322.95200395584106,0.24333,0.011174
323.06825137138367,0.24493,0.011307
323.1722888946533,0.24547,0.011295
323.2724537849426,0.24647,0.011488
323.3792862892151,0.24793,0.011623
323.4798414707184,0.24953,0.011717
323.5885200500488,0.25093,0.011826
323.70112681388855,0.25213,0.011951
323.8092956542969,0.25273,0.012057
323.91949248313904,0.25427,0.012114
324.0212800502777,0.25487,0.011872
324.1183819770813,0.256,0.012177
324.2364294528961,0.25727,0.011935
324.3413803577423,0.2588,0.011834
324.45125937461853,0.25953,0.012018
324.5505585670471,0.2602,0.011595
324.65142488479614,0.2618,0.011626
324.7624866962433,0.26213,0.011749
324.875705242157,0.26373,0.011695
324.98162865638733,0.2644,0.011475
325.08539867401123,0.26593,0.01144
325.18293499946594,0.26787,0.011449
325.29267740249634,0.26887,0.011244
325.4034309387207,0.2696,0.01128
325.5136806964874,0.271,0.011241
325.61355662345886,0.2724,0.01114
325.71460700035095,0.27373,0.011005
325.82271575927734,0.2746,0.010835
325.9314298629761,0.276,0.011
326.04499435424805,0.27733,0.010894
326.14327335357666,0.27773,0.010924
326.24609327316284,0.2784,0.010786
326.34516644477844,0.066933,0.010924
326.45684242248535,0.068533,0.01066
326.5620563030243,0.070867,0.010622
326.66896772384644,0.073733,0.01064
326.76552057266235,0.077133,0.010627
326.87701058387756,0.080133,0.010659
326.9870066642761,0.0828,0.010657
327.0926818847656,0.085867,0.010617
327.1980082988739,0.088867,0.010666
327.29840421676636,0.091533,0.010693
327.4056534767151,0.092733,0.01067
327.51503801345825,0.093533,0.010693
327.62607860565186,0.096667,0.01097
327.72878909111023,0.0978,0.010835
327.83010625839233,0.098733,0.011391
327.92391777038574,0.098733,0.010992
328.0364000797272,0.10233,0.011097
328.14575481414795,0.10247,0.011409
328.2487964630127,0.1048,0.011808
328.35268235206604,0.10633,0.012214
328.448358297348,0.10767,0.011673
328.54935932159424,0.10767,0.011628
328.64978790283203,0.1104,0.01188
328.7483615875244,0.1116,0.011902
328.8500418663025,0.11307,0.012052
328.94969630241394,0.11473,0.011949
329.0489761829376,0.11573,0.011876
329.15033411979675,0.1156,0.011756
329.2485103607178,0.11787,0.011993
329.35327887535095,0.11907,0.011879
329.45200848579407,0.1198,0.011877
329.5540509223938,0.12087,0.01173
329.65657138824463,0.12367,0.011555
329.75367069244385,0.12493,0.011268
329.85327410697937,0.1248,0.011261
329.95364260673523,0.12753,0.011203
330.064439535141,0.1276,0.011023
330.1639528274536,0.12873,0.010993
330.2655031681061,0.1306,0.010968
330.3646502494812,0.1322,0.010975
330.4699058532715,0.1322,0.010964
330.57968735694885,0.1352,0.010936
330.6814546585083,0.136,0.010984
330.7881348133087,0.13727,0.010864
330.8955981731415,0.139,0.010784
331.0027983188629,0.13993,0.010787
331.1108901500702,0.14047,0.010711
331.21964383125305,0.14233,0.010599
331.33035349845886,0.143,0.010644
331.4296774864197,0.14427,0.01072
331.544100522995,0.14567,0.010583
331.650972366333,0.14713,0.010645
331.7618567943573,0.14853,0.01063
331.87138390541077,0.15053,0.010653
331.9716889858246,0.1506,0.010605
332.07154536247253,0.15313,0.010629
332.1840705871582,0.153,0.01059
332.29093766212463,0.1552,0.010644
332.40177273750305,0.15727,0.01065
332.5015940666199,0.15613,0.010586
332.6002540588379,0.15927,0.01065
332.70340394973755,0.16073,0.010637
332.8033618927002,0.1616,0.010606
332.91213035583496,0.16267,0.010626
333.01213479042053,0.16373,0.010613
333.11895084381104,0.1652,0.010591
333.2334599494934,0.16667,0.010568
333.34076285362244,0.16747,0.010615
333.4520330429077,0.16893,0.010584
333.55027294158936,0.1696,0.010597
333.6509976387024,0.17073,0.010588
333.7621295452118,0.17213,0.010588
333.872403383255,0.17353,0.01062
333.98348021507263,0.175,0.010583
334.08173990249634,0.17613,0.010591
334.19099044799805,0.177,0.010654
334.30105471611023,0.1784,0.010616
334.4110062122345,0.17913,0.010646
334.5236167907715,0.18113,0.010586
334.61981177330017,0.1814,0.010574
334.72072744369507,0.18267,0.010582
334.83514189720154,0.18467,0.010567
334.9307658672333,0.186,0.01063
335.0313539505005,0.18613,0.010641
335.13446736335754,0.18813,0.010612
335.23919129371643,0.18993,0.010666
335.34139037132263,0.1906,0.010624
335.44222807884216,0.1922,0.010555
335.5523946285248,0.19287,0.010617
335.66299629211426,0.1942,0.010563
335.77192783355713,0.1952,0.010613
335.8794062137604,0.1962,0.010639
335.9907491207123,0.19727,0.010673
336.10429430007935,0.19853,0.01063
336.20317363739014,0.19953,0.010688
336.31230545043945,0.2008,0.010712
336.4204659461975,0.20153,0.010646
336.52064418792725,0.2032,0.010702
336.63184809684753,0.20547,0.010688
336.7303886413574,0.20513,0.010737
336.841810464859,0.20767,0.010769
336.9490387439728,0.20833,0.01063
337.05225229263306,0.20927,0.010731
337.16150403022766,0.21073,0.010708
337.2613174915314,0.2124,0.010681
337.3619248867035,0.2124,0.010684
337.4652273654938,0.21413,0.010667
337.5759823322296,0.2154,0.010673
337.6796987056732,0.2164,0.010628
337.78162384033203,0.21727,0.010662
337.8915843963623,0.21813,0.010663
338.00000977516174,0.21953,0.010523
338.1035678386688,0.2206,0.010606
338.21322655677795,0.2218,0.010574
338.3110680580139,0.22327,0.010586
338.41927552223206,0.2244,0.010581
338.53097677230835,0.2258,0.010618
338.6319456100464,0.22627,0.010639
338.744740486145,0.2284,0.010605
338.8402862548828,0.2286,0.010636
338.94501185417175,0.22973,0.010611
339.04369020462036,0.23113,0.010662
339.14370560646057,0.2326,0.010655
339.25230741500854,0.23333,0.01069
339.36238980293274,0.236,0.010717
339.4640028476715,0.2358,0.010759
339.56355237960815,0.23627,0.010815
339.66326117515564,0.23867,0.010896
339.7652506828308,0.24007,0.010853
339.864120721817,0.24093,0.010847
339.967622756958,0.2412,0.011015
340.071471452713,0.24227,0.011208
340.16776871681213,0.24367,0.011187
340.2688510417938,0.24433,0.011588
340.3694393634796,0.24473,0.011573
340.46939849853516,0.24747,0.011823
340.5688600540161,0.24773,0.012059
340.6794641017914,0.24893,0.012039
340.7781836986542,0.2508,0.012205
340.88728165626526,0.25113,0.012113
340.9897928237915,0.253,0.012226
341.08761525154114,0.25447,0.012135
341.2011239528656,0.2548,0.012246
341.3098175525665,0.25593,0.012045
341.4191029071808,0.25807,0.012139
341.52220463752747,0.25833,0.01191
341.6209375858307,0.2594,0.01163
341.7272295951843,0.26053,0.01172
341.8315725326538,0.26107,0.011786
341.9410264492035,0.2624,0.011578
342.04471731185913,0.26313,0.011705
342.14245343208313,0.26493,0.011415
342.24086928367615,0.26633,0.011348
342.3423957824707,0.26687,0.011228
342.450555562973,0.26847,0.01135
342.5503730773926,0.26987,0.0113
342.6589334011078,0.27053,0.011104
342.7610876560211,0.2716,0.011109
342.8711836338043,0.27287,0.011115
342.983163356781,0.27347,0.010981
343.08050060272217,0.27433,0.010851
343.18940711021423,0.2758,0.010898
343.28962779045105,0.2768,0.010926
343.3988525867462,0.27767,0.010774
343.5012319087982,0.27893,0.010772
343.6027555465698,0.068533,0.011262
343.7111978530884,0.068,0.010642
343.81029772758484,0.0706,0.010584
343.9205369949341,0.076667,0.010574
344.0321009159088,0.077133,0.010593
344.1403133869171,0.0824,0.010607
344.2514681816101,0.086133,0.010682
344.3520872592926,0.088667,0.010686
344.46084785461426,0.0912,0.010675
344.573593378067,0.092333,0.010677
344.6712520122528,0.093867,0.01064
344.78121757507324,0.095,0.01089
344.892395734787,0.0966,0.010721
345.00088477134705,0.0984,0.010784
345.11173820495605,0.099533,0.010888
345.2137625217438,0.10067,0.01114
345.3231818675995,0.10187,0.011005
345.4283938407898,0.10353,0.011202
345.5393784046173,0.1062,0.011102
345.6488561630249,0.1076,0.011291
345.75256180763245,0.10907,0.011536
345.85111904144287,0.109,0.011698
345.96031308174133,0.11153,0.011547
346.0721046924591,0.1126,0.011494
346.1717383861542,0.11387,0.01167
346.27139115333557,0.115,0.011695
346.380028963089,0.11713,0.011281
346.49242067337036,0.11853,0.011441
346.5954957008362,0.1196,0.011333
346.7072458267212,0.121,0.011133
346.8119034767151,0.12187,0.011193
346.9083206653595,0.1236,0.011241
347.00649213790894,0.1242,0.01104
347.11559987068176,0.12613,0.010973
347.2322745323181,0.12707,0.011068
347.32811641693115,0.12827,0.01096
347.42818903923035,0.1296,0.011021
347.5315525531769,0.13033,0.010903
347.63972425460815,0.1322,0.010871
347.74760127067566,0.13333,0.010853
347.8503611087799,0.1358,0.010862
347.95063042640686,0.13573,0.010827
348.05371856689453,0.13747,0.010692
348.1606478691101,0.139,0.010674
348.2711431980133,0.14053,0.010592
348.38097310066223,0.14093,0.010618
348.479131937027,0.14247,0.01062
348.5812282562256,0.14327,0.010613
348.689325094223,0.14633,0.010583
348.8058714866638,0.1476,0.010668
348.910546541214,0.14847,0.010658
349.01381278038025,0.1496,0.01063
349.1200792789459,0.15087,0.010567
349.22873187065125,0.1522,0.010669
349.34017968177795,0.15387,0.010683
349.43856549263,0.1546,0.010592
349.54901242256165,0.15553,0.010619
349.6520438194275,0.1572,0.010674
349.75757670402527,0.15833,0.010656
349.8698527812958,0.15973,0.010605
349.9707999229431,0.1606,0.010621
350.0776834487915,0.16173,0.010608
350.1702253818512,0.16293,0.0106
350.27570366859436,0.16447,0.010569
350.37276339530945,0.16573,0.01063
350.4741327762604,0.16673,0.010573
350.5721116065979,0.16753,0.010571
350.6731185913086,0.16793,0.010616
350.77971601486206,0.16993,0.010591
350.88077330589294,0.1714,0.010586
350.98998165130615,0.17233,0.010573
351.1034803390503,0.1732,0.010646
351.21106719970703,0.1754,0.010589
351.3236358165741,0.17727,0.01053
351.43185663223267,0.17693,0.010512
351.53922295570374,0.17947,0.010612
351.6488847732544,0.18007,0.010581
351.76087951660156,0.18113,0.010546
351.87176752090454,0.18293,0.010634
351.9809103012085,0.184,0.010706
352.09045124053955,0.18507,0.01063
352.1993451118469,0.18627,0.010558
352.3112299442291,0.18673,0.010594
352.41087889671326,0.1884,0.010666
352.5103325843811,0.18967,0.010653
352.6218321323395,0.19067,0.010619
352.7326829433441,0.19307,0.010704
352.8416907787323,0.194,0.010721
352.9524223804474,0.19413,0.010682
353.0605924129486,0.1964,0.010603
353.1635317802429,0.1974,0.010685
353.275221824646,0.1988,0.010676
353.38003754615784,0.2,0.010829
353.4923052787781,0.20107,0.010841
353.6042242050171,0.20247,0.010742
353.70030188560486,0.20373,0.010765
353.8023226261139,0.20487,0.01086
353.91615295410156,0.20547,0.010745
354.0235643386841,0.20607,0.010696
354.12903118133545,0.20773,0.010769
354.2305998802185,0.2086,0.010811
354.3322021961212,0.20933,0.010833
354.4409565925598,0.21247,0.010837
354.5528128147125,0.21153,0.010873
354.65404057502747,0.2146,0.010731
354.7515847682953,0.2154,0.010782
354.86255407333374,0.21593,0.010752
354.96377873420715,0.21733,0.010783
355.0691747665405,0.21893,0.010727
355.18517088890076,0.22013,0.010691
355.28187131881714,0.2202,0.010692
355.3904411792755,0.22233,0.01065
355.49199318885803,0.2234,0.010687
355.60359597206116,0.2246,0.010659
355.71392345428467,0.2254,0.010599
355.8199408054352,0.22647,0.010657
355.9193561077118,0.2278,0.010597
356.0335102081299,0.2292,0.010627
356.1413731575012,0.23053,0.010588
356.2524981498718,0.2312,0.010606
356.35161328315735,0.23187,0.010653
356.45297503471375,0.23313,0.010739
356.5620427131653,0.23427,0.010847
356.67172169685364,0.23533,0.010882
356.7787358760834,0.23733,0.010877
356.87720704078674,0.23727,0.011047
356.9826080799103,0.2378,0.011025
357.0925142765045,0.24027,0.011319
357.201224565506,0.24053,0.011603
357.311799287796,0.24253,0.011318
357.41434383392334,0.24393,0.011688
357.51415634155273,0.24447,0.01177
357.62228417396545,0.2466,0.011948
357.73099160194397,0.24713,0.011926
357.84564113616943,0.24807,0.012262
357.9463996887207,0.24953,0.012406
358.0435905456543,0.25073,0.01235
358.1536931991577,0.25133,0.01225
358.25928354263306,0.25273,0.012174
358.36389207839966,0.25367,0.012125
358.46166372299194,0.25493,0.01211
358.57396936416626,0.25607,0.011921
358.6821312904358,0.25707,0.01169
358.7796335220337,0.25833,0.012018
358.89168643951416,0.25933,0.011622
358.9904100894928,0.2604,0.011689
359.0994727611542,0.2612,0.011525
359.2085294723511,0.2634,0.01159
359.32171869277954,0.2632,0.011463
359.42797112464905,0.26587,0.011092
359.53121280670166,0.26647,0.011152
359.6321005821228,0.26633,0.010999
359.7351143360138,0.26853,0.011062
359.8408913612366,0.26973,0.011122
359.949081659317,0.27073,0.011
360.05020332336426,0.27247,0.010924
360.1602671146393,0.27367,0.010884
360.26370668411255,0.27453,0.010939
360.3723213672638,0.27593,0.01082
360.48009729385376,0.27627,0.010784
360.5847158432007,0.2774,0.010746
360.68093395233154,0.279,0.010734
360.7824604511261,0.066,0.010583
360.8813199996948,0.0678,0.010633
360.9824388027191,0.070333,0.010594
361.0829048156738,0.0734,0.010559
361.1832880973816,0.076333,0.010651
361.2853126525879,0.078933,0.010584
361.3935749530792,0.082133,0.010679
361.49207615852356,0.085133,0.010623
361.6009454727173,0.087667,0.010561
361.71137285232544,0.090733,0.010655
361.8222782611847,0.091867,0.010601
361.9303255081177,0.094733,0.010684
362.0422251224518,0.094533,0.01068
362.14770793914795,0.096467,0.010654
362.2610385417938,0.099067,0.010619
362.37376523017883,0.101,0.010594
362.4727237224579,0.10253,0.011081
362.5727348327637,0.10413,0.010794
362.68223810195923,0.10493,0.010855
362.790976524353,0.10593,0.010878
362.89171838760376,0.10713,0.01109
362.9980025291443,0.10853,0.010845
363.1081485748291,0.11007,0.010843
363.2089831829071,0.1114,0.010948
363.3193984031677,0.11253,0.011078
363.4384696483612,0.11367,0.010881
363.5455195903778,0.11513,0.011084
363.6398718357086,0.11667,0.011093
363.7541410923004,0.11747,0.011215
363.8507556915283,0.11927,0.010923
363.9638202190399,0.1216,0.010997
364.07517194747925,0.1234,0.010856
364.1832072734833,0.12473,0.010907
364.2810764312744,0.12547,0.011004
364.3940010070801,0.12713,0.010889
364.50378155708313,0.12813,0.01091
364.6131932735443,0.129,0.010846
364.7192301750183,0.13053,0.010855
364.8214752674103,0.13227,0.01077
364.92009711265564,0.13307,0.010751
365.032395362854,0.13513,0.010698
365.1402802467346,0.13567,0.010687
365.23965644836426,0.13707,0.010612
365.3438217639923,0.13773,0.010597
365.4513440132141,0.13973,0.010616
365.5595655441284,0.14253,0.010611
365.67344069480896,0.14207,0.010597
365.7795214653015,0.14467,0.010629
365.88110303878784,0.14447,0.010652
365.9908380508423,0.14653,0.010674
366.0924050807953,0.1474,0.010572
366.1997194290161,0.1496,0.010686
366.3107261657715,0.1494,0.010633
366.4138741493225,0.15167,0.010573
366.51907777786255,0.15293,0.010582
366.62846636772156,0.15407,0.010609
366.7405252456665,0.15467,0.010608
366.8560562133789,0.1566,0.010626
366.9510622024536,0.15733,0.010616
367.0556261539459,0.15853,0.010629
367.1636779308319,0.16053,0.010601
367.26901054382324,0.16087,0.010644
367.3797929286957,0.16233,0.010616
367.48377656936646,0.164,0.010598
367.58364701271057,0.1648,0.010625
367.69232964515686,0.16707,0.010545
367.80313754081726,0.16767,0.010561
367.9111297130585,0.16773,0.0106
368.0136342048645,0.17047,0.010661
368.1130986213684,0.17093,0.01063
368.2221305370331,0.17173,0.01062
368.33878779411316,0.1744,0.010641
368.43214535713196,0.17553,0.01055
368.53092551231384,0.17667,0.010664
368.6429567337036,0.178,0.010583
368.7507481575012,0.17867,0.010567
368.8619022369385,0.1806,0.010602
368.973748922348,0.1808,0.010589
369.07231402397156,0.18287,0.010632
369.17187237739563,0.18353,0.010625
369.281099319458,0.1844,0.010643
369.3907516002655,0.18613,0.010646
369.50211453437805,0.1874,0.010654
369.600501537323,0.1884,0.010711
369.7044982910156,0.1894,0.010684
369.8004677295685,0.18993,0.010723
369.9150869846344,0.1914,0.010748
370.022456407547,0.1928,0.010782
370.1239683628082,0.19413,0.010842
370.2310163974762,0.19473,0.010802
370.3369483947754,0.19593,0.010861
370.4449534416199,0.19733,0.010974
370.55277132987976,0.19833,0.010942
370.65181183815,0.199,0.010977
370.7583658695221,0.2002,0.010949
370.86350893974304,0.20273,0.010906
370.9710204601288,0.2042,0.011137
371.08328318595886,0.20393,0.010954
371.18137526512146,0.20593,0.010967
371.2798340320587,0.20793,0.010975
371.38176822662354,0.20753,0.011107
371.4808077812195,0.2084,0.011001
371.5809018611908,0.21133,0.010979
371.6831135749817,0.212,0.010941
371.78818583488464,0.21193,0.010892
371.887038230896,0.214,0.010952
371.9911708831787,0.2152,0.010946
372.094749212265,0.21613,0.010957
372.2020754814148,0.21727,0.010832
372.30817008018494,0.21847,0.010764
372.4125819206238,0.2198,0.010722
372.5093114376068,0.22073,0.010691
372.6229691505432,0.2224,0.010704
372.72923946380615,0.22307,0.010784
372.84230756759644,0.22387,0.010701
372.9425115585327,0.22533,0.010652
373.0404043197632,0.22653,0.010716
373.14521408081055,0.22787,0.010697
373.2511684894562,0.2288,0.010708
373.3612105846405,0.2302,0.010732
373.4712197780609,0.2312,0.01071
373.5804045200348,0.23313,0.010712
373.69109988212585,0.23313,0.010851
373.8002245426178,0.2356,0.0107
373.9120638370514,0.2372,0.010988
374.01155042648315,0.2366,0.010829
374.1210231781006,0.2388,0.011158
374.23102617263794,0.24047,0.011297
374.34132981300354,0.24093,0.011196
374.4503421783447,0.2422,0.011666
374.5599048137665,0.24267,0.011733
374.67568612098694,0.24407,0.011729
374.7818925380707,0.24507,0.012277
374.8771848678589,0.24613,0.012148
374.9923560619354,0.24747,0.012093
375.1061577796936,0.24813,0.012221
375.2127275466919,0.24973,0.012261
375.3146560192108,0.2518,0.012302
375.4119303226471,0.2528,0.012153
375.51939964294434,0.2528,0.012075
375.6223292350769,0.255,0.012013
375.7321033477783,0.25573,0.012045
375.83247566223145,0.25713,0.011934
375.9312562942505,0.25813,0.011874
376.0469651222229,0.25933,0.011718
376.14974880218506,0.26087,0.011691
376.2607355117798,0.26147,0.011375
376.37041091918945,0.2628,0.011587
376.4712951183319,0.26407,0.01137
376.57970237731934,0.265,0.011251
376.69253158569336,0.266,0.011112
376.79927110671997,0.26653,0.011228
376.9088203907013,0.2682,0.011073
377.0163722038269,0.26953,0.010956
377.12109875679016,0.27147,0.010856
377.21984362602234,0.27093,0.0109
377.3288788795471,0.2724,0.010809
377.4304552078247,0.27347,0.010869
377.53432750701904,0.27573,0.010797
377.63820934295654,0.27533,0.010778
377.7496235370636,0.2774,0.010875
377.85889053344727,0.27887,0.010831
377.97001814842224,0.067067,0.010925
378.07366251945496,0.067467,0.010647
378.17753291130066,0.071,0.010666
378.2823758125305,0.0732,0.010713
378.39456057548523,0.076,0.010711
378.5001266002655,0.079533,0.010628
378.60147857666016,0.082867,0.010651
378.7114727497101,0.084867,0.010631
378.81067156791687,0.0882,0.01059
378.92222356796265,0.090667,0.010656
379.0329077243805,0.0928,0.010613
379.13250279426575,0.094267,0.010719
379.2401306629181,0.0952,0.010646
379.34927129745483,0.0968,0.010696
379.4610402584076,0.098467,0.010592
379.57134652137756,0.1008,0.010693
379.67340898513794,0.1012,0.010692
379.77277517318726,0.10247,0.010691
379.881422996521,0.10527,0.010628
379.996018409729,0.10667,0.010731
380.09005641937256,0.10787,0.010694
380.19171237945557,0.10933,0.010662
380.30003547668457,0.10847,0.010721
380.41072964668274,0.11127,0.010793
380.5179033279419,0.11307,0.010907
380.6324281692505,0.11447,0.010814
380.7305383682251,0.11593,0.010717
380.84133100509644,0.1172,0.010713
380.9429407119751,0.1188,0.010716
381.0533628463745,0.1198,0.010749
381.16022396087646,0.12067,0.010851
381.2613387107849,0.1222,0.010892
381.36168026924133,0.1232,0.010732
381.4614188671112,0.12507,0.010763
381.57330441474915,0.12573,0.010785
381.6816363334656,0.1286,0.010586
381.7846510410309,0.1286,0.010715
381.88370394706726,0.12993,0.010667
381.98880791664124,0.13087,0.010567
382.084885597229,0.13327,0.010653
382.18261218070984,0.13467,0.010558
382.28404211997986,0.13453,0.010558
382.3819570541382,0.1364,0.010589
382.48524355888367,0.13733,0.010627
382.59255957603455,0.13847,0.010628
382.69207096099854,0.1398,0.010621
382.80164313316345,0.1412,0.010679
382.91124176979065,0.14267,0.010683
383.0177888870239,0.14467,0.010628
383.1302435398102,0.1458,0.010622
383.2412142753601,0.14713,0.010646
383.34739446640015,0.14833,0.01068
383.4531614780426,0.14947,0.010666
383.5512385368347,0.1508,0.010622
383.6627700328827,0.15187,0.010631
383.77091240882874,0.15227,0.010668
383.8810250759125,0.1544,0.010636
383.9935233592987,0.15533,0.010623
384.09910011291504,0.1574,0.010633
384.2111301422119,0.1578,0.010599
384.3191661834717,0.16027,0.010649
384.4221422672272,0.161,0.010637
384.53026127815247,0.16167,0.010684
384.6389231681824,0.16447,0.010627
384.75366592407227,0.16507,0.010625
384.8625521659851,0.16653,0.010544
384.96051239967346,0.167,0.010659
385.0688443183899,0.1686,0.010654
385.1798119544983,0.1702,0.010584
385.2929174900055,0.17073,0.010606
385.40378189086914,0.17173,0.010584
385.4990744590759,0.1734,0.010572
385.60192942619324,0.17493,0.010584
385.71219396591187,0.176,0.010621
385.8206732273102,0.1768,0.010642
385.93127489089966,0.179,0.01059
386.03350615501404,0.17907,0.010599
386.1326677799225,0.17973,0.010669
386.23124051094055,0.18227,0.010687
386.34340476989746,0.1828,0.010651
386.4514467716217,0.1842,0.010763
386.5500409603119,0.1862,0.010722
386.6590886116028,0.18693,0.010699
386.7725613117218,0.18767,0.010814
386.8713662624359,0.1902,0.010709
386.98186802864075,0.19053,0.010879
387.0818910598755,0.192,0.010913
387.19213795661926,0.19287,0.010858
387.30154395103455,0.1936,0.010927
387.40936374664307,0.19547,0.011058
387.5124969482422,0.1966,0.01107
387.61257791519165,0.1972,0.011034
387.72225427627563,0.19873,0.011019
387.83089089393616,0.20007,0.011084
387.94121766090393,0.20053,0.011224
388.0523188114166,0.2022,0.011213
388.14958214759827,0.20293,0.011279
388.25012588500977,0.20407,0.011197
388.35817980766296,0.20487,0.011205
388.46289014816284,0.2066,0.011118
388.57134795188904,0.20913,0.011257
388.67187428474426,0.20867,0.011272
388.77888011932373,0.21,0.011274
388.8911955356598,0.212,0.011191
389.0003864765167,0.21253,0.011134
389.11242628097534,0.21407,0.011196
389.2126896381378,0.21507,0.010866
389.31222891807556,0.21573,0.010886
389.41220712661743,0.21747,0.010993
389.51271629333496,0.21887,0.010892
389.62478590011597,0.22027,0.010739
389.723815202713,0.22093,0.010817
389.83071541786194,0.2216,0.010722
389.9416959285736,0.2226,0.010658
390.04915499687195,0.22427,0.010682
390.15047216415405,0.22507,0.010658
390.251259803772,0.2264,0.010681
390.3611092567444,0.22767,0.010723
390.46806168556213,0.22847,0.010699
390.58076524734497,0.22887,0.010699
390.6960346698761,0.2302,0.010658
390.7940866947174,0.233,0.010853
390.89827728271484,0.233,0.010659
391.0091907978058,0.23533,0.010776
391.12017846107483,0.23607,0.010929
391.23008584976196,0.23807,0.011131
391.33183789253235,0.23927,0.01115
391.43184661865234,0.2402,0.011254
391.5423352718353,0.24167,0.011473
391.6409692764282,0.24233,0.011693
391.741575717926,0.24327,0.011889
391.8425033092499,0.2446,0.011869
391.9505310058594,0.24507,0.012156
392.04762601852417,0.24667,0.012029
392.1621997356415,0.2472,0.012088
392.2706108093262,0.24873,0.011985
392.3728632926941,0.2502,0.011933
392.47479343414307,0.25087,0.012073
392.5704085826874,0.25153,0.011958
392.6714642047882,0.2532,0.012011
392.7730243206024,0.254,0.011856
392.87196707725525,0.25507,0.011926
392.97375559806824,0.25627,0.011884
393.0766191482544,0.25727,0.01171
393.1833610534668,0.2584,0.011735
393.27991342544556,0.2596,0.011535
393.38802099227905,0.2604,0.011313
393.48952770233154,0.262,0.011459
393.6033709049225,0.26293,0.011148
393.7146944999695,0.2636,0.011092
393.8199486732483,0.26527,0.011121
393.92394161224365,0.26593,0.011112
394.03334522247314,0.267,0.011151
394.1282567977905,0.2676,0.010905
394.23684763908386,0.27027,0.011033
394.35567355155945,0.27013,0.010994
394.46172189712524,0.27153,0.010817
394.5615870952606,0.2732,0.01078
394.6627609729767,0.2746,0.010853
394.76298904418945,0.27573,0.01077
394.8619465827942,0.2768,0.010798
394.97416472435,0.27787,0.010748
395.08033514022827,0.27913,0.010732
395.19067668914795,0.067133,0.010606
395.3021833896637,0.067,0.010644
395.40893173217773,0.070133,0.010574
395.52460956573486,0.072733,0.010645
395.6308710575104,0.076,0.010649
395.7410264015198,0.078867,0.010691
395.85033774375916,0.081933,0.010568
395.9616959095001,0.087933,0.010581
396.07331919670105,0.0906,0.010557
396.1851179599762,0.0924,0.01063
396.2908797264099,0.093133,0.01069
396.4013385772705,0.0952,0.010596
396.51260113716125,0.096733,0.010639
396.61734795570374,0.0976,0.010678
396.7202546596527,0.099,0.010732
396.82191252708435,0.10087,0.010687
396.92028975486755,0.10153,0.010674
397.03273010253906,0.1032,0.010635
397.1411118507385,0.1044,0.010678
397.2510380744934,0.10613,0.01067
397.34828901290894,0.1076,0.010631
397.460732460022,0.10873,0.010642
397.5736999511719,0.11007,0.010666
397.67337679862976,0.11107,0.010727
397.78053522109985,0.11273,0.010721
397.88961148262024,0.1138,0.010664
398.00334191322327,0.11653,0.010701
398.1020522117615,0.11667,0.010616
398.2007563114166,0.11753,0.010751
398.31228709220886,0.1202,0.0106
398.4196472167969,0.122,0.010648
398.5209536552429,0.1234,0.010667
398.6205358505249,0.12453,0.010616
398.7303764820099,0.12547,0.010576
398.8401532173157,0.12707,0.010633
398.95266795158386,0.128,0.010698
399.05955481529236,0.13027,0.010536
399.1585810184479,0.131,0.010593
399.25984144210815,0.13233,0.010631
399.3713421821594,0.13373,0.010576
399.4809720516205,0.13453,0.01061
399.59439635276794,0.1354,0.010617
399.703307390213,0.13753,0.010637
399.80181193351746,0.13873,0.010661
399.91180062294006,0.14,0.010669
400.0255386829376,0.14233,0.010683
400.1294741630554,0.1432,0.010594
400.23187494277954,0.1432,0.010662
400.32937836647034,0.14553,0.010642
400.4397096633911,0.1472,0.010709
400.5535373687744,0.14873,0.010632
400.65223240852356,0.14947,0.010631
400.7528085708618,0.15087,0.010671
400.8519163131714,0.1514,0.010584
400.9577600955963,0.15307,0.010589
401.0697937011719,0.15447,0.01065
401.18059277534485,0.15547,0.010654
401.29125356674194,0.15733,0.010615
401.391478061676,0.15787,0.010663
401.49917936325073,0.1594,0.010647
401.6097424030304,0.1606,0.010576
401.72207856178284,0.16287,0.010673
401.83470940589905,0.163,0.010601
401.93095207214355,0.16367,0.010577
402.03305888175964,0.16627,0.010614
402.14245867729187,0.16607,0.010622
402.24966979026794,0.16893,0.010654
402.3622097969055,0.1702,0.010605
402.4654908180237,0.17,0.010652
402.5723044872284,0.1726,0.010668
402.67552638053894,0.1736,0.010679
402.781596660614,0.17487,0.010703
402.888952255249,0.1758,0.01063
402.9879870414734,0.17653,0.010703
403.09462785720825,0.17833,0.010684
403.19083046913147,0.17933,0.010735
403.2941632270813,0.18047,0.010678
403.3943808078766,0.1814,0.010762
403.4918248653412,0.18307,0.010754
403.59220838546753,0.18447,0.01081
403.6912794113159,0.18547,0.01081
403.80123257637024,0.1862,0.010948
403.90132665634155,0.1872,0.010887
404.01612615585327,0.18873,0.011127
404.1131100654602,0.1894,0.011123
404.21326088905334,0.19073,0.011137
404.3104364871979,0.1924,0.011317
404.4199321269989,0.1936,0.011397
404.53200030326843,0.19467,0.011378
404.638872385025,0.19513,0.011575
404.7484276294708,0.19733,0.011395
404.8502924442291,0.19813,0.011477
404.9602837562561,0.1992,0.011562
405.072003364563,0.20113,0.011494
405.18111395835876,0.201,0.011654
405.28984451293945,0.20373,0.01153
405.3987910747528,0.20493,0.011598
405.51046776771545,0.2058,0.01166
405.62182354927063,0.2066,0.011584
405.73100304603577,0.20813,0.011438
405.8308117389679,0.2086,0.011639
405.9285397529602,0.21007,0.0115
406.0418107509613,0.21067,0.011446
406.14976501464844,0.21287,0.011317
406.26040530204773,0.21333,0.011131
406.37210416793823,0.21453,0.011175
406.47102212905884,0.21567,0.011078
406.58244371414185,0.2178,0.011095
406.68040895462036,0.21807,0.011129
406.79573249816895,0.219,0.010866
406.89801263809204,0.2218,0.011006
407.01308131217957,0.22253,0.010857
407.12230682373047,0.22373,0.010734
407.22003078460693,0.22453,0.010807
407.32259798049927,0.22453,0.010751
407.434362411499,0.2268,0.010809
407.5388467311859,0.22753,0.010685
407.65048003196716,0.2288,0.010678
407.7498400211334,0.22967,0.010721
407.86093068122864,0.23067,0.010682
407.9611794948578,0.23213,0.010762
408.0613601207733,0.23367,0.010814
408.1708903312683,0.2346,0.010751
408.2732243537903,0.23533,0.01082
408.37902069091797,0.2364,0.01101
408.4798731803894,0.23753,0.011033
408.57935190200806,0.23873,0.011132
408.6919047832489,0.2396,0.011458
408.80104088783264,0.2404,0.011357
408.91009759902954,0.24213,0.011846
409.01366567611694,0.24333,0.011856
409.12223529815674,0.24433,0.011707
409.2228307723999,0.24653,0.011889
409.32353138923645,0.24773,0.011964
409.4319133758545,0.24753,0.011784
409.54208970069885,0.2498,0.011882
409.64004588127136,0.25133,0.011835
409.7510504722595,0.2512,0.011829
409.8625657558441,0.25227,0.011773
409.97048234939575,0.25333,0.011886
410.0852234363556,0.25467,0.011696
410.1806764602661,0.25587,0.011744
410.2924919128418,0.2576,0.0113
410.389098405838,0.25847,0.011379
410.5022888183594,0.25933,0.011175
410.6080672740936,0.26073,0.011097
410.72346353530884,0.2618,0.011033
410.8332359790802,0.2626,0.011071
410.9315404891968,0.26353,0.011028
411.0423550605774,0.2646,0.010975
411.15012764930725,0.2662,0.010934
411.2530858516693,0.26807,0.011018
411.3542528152466,0.26767,0.011048
411.44984340667725,0.2688,0.01085
411.55906105041504,0.27,0.010918
411.6681275367737,0.27233,0.010871
411.7807638645172,0.2736,0.010726
411.8892090320587,0.2746,0.010777
411.9881408214569,0.27553,0.010775
412.10336446762085,0.27667,0.010681
412.20700311660767,0.2782,0.010685
412.32252168655396,0.2788,0.01066
412.4313449859619,0.066067,0.010849
412.5314996242523,0.067533,0.010605
412.6288061141968,0.070267,0.010675
412.7393364906311,0.073067,0.01067
412.85079312324524,0.0764,0.010686
412.9623212814331,0.0794,0.010607
413.06373023986816,0.0824,0.010657
413.15956807136536,0.085133,0.010668
413.26497292518616,0.0908,0.010592
413.37362933158875,0.0908,0.010663
413.48526525497437,0.0932,0.010631
413.58310556411743,0.094067,0.010652
413.6840491294861,0.094667,0.010713
413.78198170661926,0.0962,0.010642
413.8851182460785,0.099267,0.010557
413.9840393066406,0.098933,0.010639
414.08551263809204,0.10033,0.010673
414.1866171360016,0.10327,0.010614
414.2841320037842,0.10373,0.010669
414.39170479774475,0.10433,0.010612
414.48836398124695,0.1066,0.010683
414.60036873817444,0.10713,0.010626
414.6980562210083,0.1086,0.010606
414.7941529750824,0.11133,0.010616
414.9077363014221,0.11267,0.010708
415.01561284065247,0.11313,0.010677
415.1281535625458,0.1148,0.010623
415.228453874588,0.1168,0.010743
415.3265266418457,0.118,0.010558
415.4410424232483,0.1198,0.010648
415.5465407371521,0.12093,0.010604
415.64844155311584,0.12227,0.010682
415.7471880912781,0.12313,0.010582
415.8501043319702,0.12447,0.010627
415.9587347507477,0.1258,0.010636
416.0677282810211,0.127,0.010648
416.1694176197052,0.1286,0.010684
416.2713973522186,0.1298,0.010653
416.3702144622803,0.13127,0.010633
416.4734630584717,0.13227,0.010662
416.5876443386078,0.13367,0.010625
416.69083738327026,0.13433,0.010656
416.8033514022827,0.1358,0.010633
416.9014012813568,0.13787,0.010662
417.0139002799988,0.13887,0.010601
417.11961007118225,0.14073,0.01063
417.2263343334198,0.14107,0.010571
417.3400068283081,0.14327,0.010685
417.4405508041382,0.1442,0.010653
417.5532684326172,0.14613,0.010592
417.6623501777649,0.1472,0.010626
417.7720081806183,0.14853,0.01064
417.8816089630127,0.1492,0.010638
417.9847671985626,0.15087,0.010662
418.08482909202576,0.15193,0.010666
418.19500970840454,0.15347,0.010603
418.30389165878296,0.15413,0.010671
418.4111306667328,0.1556,0.010648
418.5198349952698,0.15653,0.010679
418.62985706329346,0.15907,0.010618
418.7466778755188,0.1586,0.010666
418.852343082428,0.1618,0.010635
418.9617073535919,0.1616,0.010656
419.0688557624817,0.164,0.010607
419.1723725795746,0.16553,0.010612
419.27248549461365,0.1668,0.010586
419.3819875717163,0.16773,0.01058
419.49253034591675,0.1684,0.010599
419.6007082462311,0.1698,0.010576
419.7121729850769,0.1708,0.010616
419.8201553821564,0.1714,0.010616
419.92692255973816,0.17253,0.010674
420.0312159061432,0.17453,0.010689
420.14074993133545,0.17533,0.010676
420.25045442581177,0.17667,0.010676
420.36079478263855,0.1792,0.01074
420.4587700366974,0.17967,0.010721
420.5712101459503,0.1804,0.010946
420.6771824359894,0.1824,0.010792
420.78923177719116,0.18313,0.011055
420.90297293663025,0.1852,0.011059
421.00299859046936,0.18607,0.011147
421.1099920272827,0.18687,0.011118
421.2248294353485,0.18887,0.011353
421.3278217315674,0.19013,0.011259
421.4302387237549,0.19073,0.011476
421.53179478645325,0.19207,0.011507
421.64031195640564,0.1926,0.011617
421.75096678733826,0.19427,0.01159
421.8511040210724,0.19493,0.011764
421.96052527427673,0.1968,0.011899
422.0612368583679,0.19753,0.011926
422.1649489402771,0.19873,0.01201
422.2718503475189,0.19973,0.011855
422.3837037086487,0.20107,0.011778
422.4905824661255,0.20287,0.011961
422.59059834480286,0.20333,0.012075
422.70340514183044,0.20413,0.011979
422.8117151260376,0.2066,0.011758
422.9190671443939,0.20773,0.011963
423.032329082489,0.20853,0.011632
423.1341497898102,0.20967,0.011485
423.231906414032,0.21107,0.011516
423.341890335083,0.21233,0.011367
423.44375586509705,0.21307,0.011521
423.54814195632935,0.21387,0.011302
423.6537790298462,0.215,0.011164
423.75053238868713,0.21647,0.011319
423.85614919662476,0.21767,0.011019
423.9633674621582,0.21873,0.010885
424.0736594200134,0.2204,0.010995
424.1733317375183,0.22127,0.010971
424.27433919906616,0.22167,0.010846
424.37730383872986,0.223,0.01083
424.47327637672424,0.2248,0.010814
424.5749316215515,0.22607,0.010862
424.67411184310913,0.2264,0.010843
424.77338337898254,0.228,0.010686
424.8741292953491,0.2284,0.010726
424.978000164032,0.22987,0.010785
425.0799210071564,0.231,0.010745
425.19345784187317,0.23187,0.010773
425.29094219207764,0.2336,0.010769
425.40081882476807,0.2344,0.010825
425.50907921791077,0.23533,0.010952
425.6195755004883,0.23693,0.010953
425.7337272167206,0.2376,0.011175
425.83093643188477,0.23867,0.011191
425.9378445148468,0.24027,0.011292
426.0496964454651,0.24107,0.011572
426.1620557308197,0.24327,0.011553
426.2690324783325,0.24387,0.011318
426.38129138946533,0.24547,0.011616
426.4830734729767,0.24687,0.011615
426.58363103866577,0.2478,0.011592
426.69129157066345,0.24827,0.011637
426.7998294830322,0.2496,0.011774
426.9123282432556,0.25087,0.011679
427.02374148368835,0.25173,0.01177
427.130765914917,0.2532,0.011634
427.24240732192993,0.2544,0.011476
427.35022473335266,0.2564,0.011531
427.46098351478577,0.25747,0.011213
427.56919980049133,0.25687,0.011121
427.6781783103943,0.25953,0.011173
427.7887644767761,0.26047,0.011107
427.8912527561188,0.26167,0.011121
427.99241375923157,0.2628,0.010913
428.1015429496765,0.2636,0.010915
428.2092297077179,0.26527,0.010987
428.32288694381714,0.26593,0.010943
428.4253647327423,0.2668,0.010979
428.5314943790436,0.26787,0.010934
428.63851857185364,0.26893,0.010943
428.75096678733826,0.27033,0.010956
428.8569622039795,0.27107,0.010836
428.9609363079071,0.27247,0.010855
429.06289434432983,0.27447,0.010729
429.1693580150604,0.27473,0.01067
429.2720592021942,0.27667,0.010722
429.3737545013428,0.2778,0.010655
429.4708695411682,0.27753,0.010681
429.58130383491516,0.27873,0.010648
429.6901319026947,0.2788,0.010694
429.8008120059967,0.27887,0.010632
429.90089535713196,0.27847,0.010681
430.0041346549988,0.27913,0.010765
430.11089849472046,0.2788,0.010731
430.2196342945099,0.27847,0.010711
430.3303623199463,0.2784,0.010706
430.44045758247375,0.27873,0.010713
430.5415303707123,0.2788,0.01074
430.6501569747925,0.2788,0.010741
430.76108384132385,0.27873,0.010706
430.87138986587524,0.279,0.010782
430.9798758029938,0.27867,0.010731
431.0827805995941,0.27867,0.010718
431.18203997612,0.27887,0.010782
431.27964663505554,0.27907,0.010779
431.3931567668915,0.27907,0.010701
431.4928283691406,0.27833,0.010718
431.59234142303467,0.279,0.010709
431.7031569480896,0.2782,0.010701
431.80157375335693,0.2782,0.010699
431.910879611969,0.27873,0.010705
432.02168464660645,0.27853,0.010674
432.12191247940063,0.27833,0.010706
432.23312163352966,0.27907,0.010638
432.338889837265,0.2792,0.010709
432.45140290260315,0.27873,0.010685
432.56081986427307,0.27927,0.010684
432.6623647212982,0.27907,0.010649
432.77021837234497,0.27927,0.010638
432.88143610954285,0.27913,0.010663
432.991423368454,0.2782,0.010634
433.0891373157501,0.27893,0.010728
433.193359375,0.27827,0.01075
433.300448179245,0.2786,0.010748
433.412930727005,0.27873,0.010645
433.5208463668823,0.27853,0.01063
433.61987590789795,0.27893,0.01068
433.71988797187805,0.27853,0.010642
433.83178305625916,0.27867,0.010706
433.9326264858246,0.27927,0.010677
434.0413827896118,0.27913,0.010666
434.1511287689209,0.27887,0.010709
434.25198197364807,0.2794,0.010749
434.3510603904724,0.27933,0.010716
434.45426511764526,0.279,0.010667
434.56351685523987,0.27847,0.010699
434.66577076911926,0.27907,0.010681
434.76468873023987,0.27907,0.010712
434.8654508590698,0.27873,0.010725
434.96438574790955,0.2788,0.010619
435.06393241882324,0.2784,0.010663
435.16782307624817,0.279,0.010643
435.26370906829834,0.27893,0.010685
435.36271834373474,0.2784,0.010696
435.4625382423401,0.2788,0.010667
435.5691730976105,0.27907,0.010666
435.66602635383606,0.2784,0.010668
435.77841305732727,0.27847,0.010741
435.8769586086273,0.27927,0.010629
435.9782485961914,0.27887,0.010694
436.07745838165283,0.27833,0.010642
436.1879916191101,0.27853,0.010716
436.2984335422516,0.27847,0.010677
436.3960485458374,0.2788,0.010727
436.50087332725525,0.27887,0.010719
436.59810638427734,0.279,0.010684
436.7147207260132,0.27853,0.010719
436.819393157959,0.2786,0.010615
436.91968178749084,0.27907,0.010624
437.019690990448,0.27907,0.010669
437.1292657852173,0.27893,0.010684
437.2389008998871,0.2788,0.010676
437.3501601219177,0.27853,0.010685
437.4484429359436,0.2784,0.010587
437.54922103881836,0.27913,0.010669
437.6582136154175,0.2788,0.010687
437.7706046104431,0.27913,0.010624
437.88119745254517,0.27933,0.01067
437.9923641681671,0.2784,0.010695
438.1011428833008,0.2788,0.010705
438.2080156803131,0.27887,0.010716
438.30954003334045,0.27893,0.010615
438.41896414756775,0.27893,0.010703
438.5285487174988,0.27933,0.01069
438.6317529678345,0.2792,0.010655
438.74095845222473,0.2794,0.010658
438.8423571586609,0.27893,0.010609
438.9512188434601,0.27887,0.010669
439.0637984275818,0.27953,0.010665
439.15932393074036,0.2792,0.010629
439.26046776771545,0.27927,0.010703
439.36478662490845,0.27913,0.010628
439.4738185405731,0.27853,0.010692
439.5810315608978,0.27913,0.010667
439.6801495552063,0.27967,0.010691
439.79178524017334,0.27907,0.010686
439.890563249588,0.27853,0.010669
440.00225377082825,0.27907,0.010578
440.1019380092621,0.27847,0.010654
440.21283888816833,0.27927,0.010668
440.3234934806824,0.27887,0.010659
440.4304232597351,0.27853,0.010679
440.5392029285431,0.27913,0.010694
440.6534757614136,0.2786,0.010691
440.7542736530304,0.2788,0.010641
440.85857629776,0.27873,0.010701
440.9628870487213,0.27927,0.010686
441.07304644584656,0.27927,0.010652
441.1713242530823,0.27887,0.010628
441.2715711593628,0.27913,0.010642
441.3811237812042,0.27893,0.010675
441.49119806289673,0.27913,0.010655
441.58997416496277,0.27907,0.010659
441.69845056533813,0.27913,0.01061
441.80081152915955,0.27867,0.010662
441.91613030433655,0.27947,0.010642
442.0097563266754,0.279,0.010702
442.1248092651367,0.27933,0.010649
442.2298467159271,0.27887,0.010707
442.33124566078186,0.27933,0.010661
442.42910170555115,0.2788,0.010662
442.5418891906738,0.2792,0.010669
442.6485104560852,0.27973,0.010709
442.7632279396057,0.27927,0.010747
442.860547542572,0.27907,0.010613
442.9709553718567,0.2792,0.010676
443.08098244667053,0.2794,0.010701
443.18735003471375,0.2792,0.010661
443.30015420913696,0.27927,0.010703
443.39889907836914,0.27953,0.010632
443.5128152370453,0.27927,0.010663
443.62027382850647,0.27887,0.010689
443.7290952205658,0.27873,0.010658
443.8376021385193,0.27933,0.010601
443.9413073062897,0.27913,0.010623
444.05329751968384,0.27873,0.010712
444.15989804267883,0.27947,0.010663
444.2601230144501,0.2788,0.010729
444.3727593421936,0.27947,0.010606
444.4710886478424,0.2788,0.010719
444.58302092552185,0.27887,0.010708
444.6914265155792,0.27853,0.010618
444.7937626838684,0.27887,0.010644
444.89026713371277,0.27867,0.010684
444.98913621902466,0.27867,0.010672
445.1038062572479,0.2788,0.0107
445.2134864330292,0.2788,0.010648
445.31143593788147,0.27867,0.010626
445.41454672813416,0.2788,0.01061
445.5140883922577,0.27853,0.010621
445.6160218715668,0.27933,0.01063
445.71606850624084,0.279,0.010659
445.8160493373871,0.27847,0.010647
445.9150311946869,0.27887,0.010712
446.0148379802704,0.2786,0.010669
446.1231882572174,0.27907,0.010697
446.2189619541168,0.27933,0.01068
446.3301978111267,0.27913,0.010695
446.42876172065735,0.27867,0.010663
446.5418677330017,0.2788,0.010682
446.6505084037781,0.27913,0.010659
446.7597188949585,0.27873,0.010646
446.87310791015625,0.2788,0.010623
446.97096037864685,0.27953,0.01072
447.08206820487976,0.279,0.010652
447.1898443698883,0.27873,0.010689
447.2970917224884,0.27933,0.010683
447.41228771209717,0.2786,0.010699
447.514431476593,0.2784,0.010677
447.61267709732056,0.2794,0.010651
447.7226161956787,0.2788,0.010687
447.83057165145874,0.27873,0.010651
447.9413046836853,0.27873,0.010667
448.0479476451874,0.279,0.010699
448.1428484916687,0.27893,0.010603
448.25531458854675,0.2788,0.010672
448.36534333229065,0.2784,0.010603
448.4644663333893,0.27833,0.010663
448.5608608722687,0.27867,0.010708
448.6735577583313,0.27893,0.010645
448.77018189430237,0.27793,0.010675
448.8825099468231,0.27833,0.010651
448.9893534183502,0.27847,0.010652
449.0921678543091,0.27787,0.010648
449.20157289505005,0.27927,0.010665
449.29958033561707,0.279,0.010724
449.4033045768738,0.27927,0.01066
449.5085151195526,0.27893,0.010597
449.61118745803833,0.2792,0.010578
449.7223906517029,0.27913,0.010659
449.82079124450684,0.27867,0.010698
