Tiempo (s),Monitoreo_X_CH1 (V),Scattering_CH2 (V)
0.0476222038269043,0.050133,0.01225
0.10350918769836426,0.050067,0.012616
0.15383267402648926,0.04992,0.01215
0.20264053344726562,0.050093,0.012303
0.25185322761535645,0.050027,0.012592
0.3016691207885742,0.049907,0.012553
0.35196924209594727,0.049733,0.012203
0.4047691822052002,0.050173,0.012037
0.45295095443725586,0.049853,0.012552
0.5002224445343018,0.05004,0.012623
0.5506036281585693,0.049907,0.012227
0.6052846908569336,0.049893,0.012628
0.6529922485351562,0.050307,0.012272
0.7089841365814209,0.050107,0.012473
0.7561416625976562,0.050013,0.012519
0.8150546550750732,0.05004,0.012449
0.8647711277008057,0.05012,0.012702
0.9143252372741699,0.05,0.012071
0.9667153358459473,0.05008,0.012349
1.017874002456665,0.049987,0.012283
1.0638158321380615,0.049973,0.012312
1.1163041591644287,0.05,0.012371
1.1741020679473877,0.050013,0.012652
1.2263875007629395,0.049867,0.012272
1.2773268222808838,0.05004,0.012138
1.3249213695526123,0.049893,0.012398
1.3768188953399658,0.050027,0.012684
1.426001787185669,0.050013,0.01233
1.4773426055908203,0.050053,0.0123
1.5326001644134521,0.050027,0.012288
1.5798728466033936,0.049867,0.012132
1.6310570240020752,0.050013,0.012471
1.6819677352905273,0.050173,0.012427
1.7386384010314941,0.050093,0.012347
1.7884273529052734,0.050013,0.01217
1.8371152877807617,0.049853,0.012601
1.8924329280853271,0.050027,0.012387
1.9443256855010986,0.04984,0.01217
1.9955124855041504,0.05,0.012537
2.04244065284729,0.050107,0.012398
2.1054866313934326,0.04996,0.012019
2.1563727855682373,0.04996,0.012433
2.2049052715301514,0.050067,0.012083
2.2561228275299072,0.049947,0.012324
2.3083510398864746,0.050093,0.012423
2.362433910369873,0.050173,0.012266
2.411259889602661,0.049867,0.012723
2.4621198177337646,0.050093,0.012035
2.5194900035858154,0.05008,0.012334
2.564993381500244,0.049893,0.012369
2.6140737533569336,0.04988,0.012137
2.6656508445739746,0.053053,0.012288
2.723716974258423,0.06168,0.012668
2.775782823562622,0.078347,0.013477
2.823948621749878,0.086587,0.012822
2.8742117881774902,0.09744,0.012019
2.9247281551361084,0.10003,0.011677
2.9710421562194824,0.1062,0.01151
3.0261099338531494,0.11743,0.011601
3.075084924697876,0.12347,0.011696
3.1297619342803955,0.12709,0.011643
3.1759731769561768,0.13291,0.011602
3.2280898094177246,0.13767,0.011565
3.2789576053619385,0.14216,0.011666
3.3344566822052,0.14669,0.011717
3.3856189250946045,0.15467,0.012854
3.43603777885437,0.15783,0.012206
3.48557710647583,0.16337,0.012718
3.539635419845581,0.16745,0.011978
3.591867685317993,0.17193,0.011619
3.643305540084839,0.17604,0.011664
3.69465970993042,0.18057,0.011606
3.7521684169769287,0.18576,0.011659
3.8011505603790283,0.19208,0.011626
3.8602871894836426,0.19911,0.011609
3.9096500873565674,0.20324,0.011651
3.957320213317871,0.20635,0.011569
4.012204170227051,0.21033,0.012222
4.061903476715088,0.21435,0.012558
4.111765146255493,0.21959,0.011988
4.159906387329102,0.22576,0.011418
4.2110443115234375,0.23077,0.011467
4.2626988887786865,0.23367,0.01167
4.3128063678741455,0.23871,0.011672
4.366213798522949,0.24072,0.01159
4.41399621963501,0.24869,0.011629
4.465422630310059,0.25267,0.011612
4.517016649246216,0.25663,0.011604
4.566006898880005,0.26064,0.011647
4.618528127670288,0.2656,0.011512
4.68359375,0.26944,0.010933
4.730488538742065,0.27345,0.010851
4.783069372177124,0.28143,0.011398
4.83479642868042,0.28551,0.011619
4.882193326950073,0.28929,0.011682
4.934708118438721,0.29335,0.011651
4.9840922355651855,0.29632,0.011646
5.039552927017212,0.3014,0.011625
5.0867955684661865,0.30223,0.011577
5.136502742767334,0.32088,0.011624
5.186161518096924,0.060853,0.011287
5.2410454750061035,0.070853,0.011727
5.289505958557129,0.081213,0.011604
5.338824510574341,0.089147,0.011674
5.39660120010376,0.096013,0.011663
5.445918798446655,0.10747,0.011634
5.495702505111694,0.1112,0.011727
5.543531179428101,0.11735,0.011613
5.611807107925415,0.11987,0.011623
5.659764528274536,0.12704,0.011656
5.711578845977783,0.13176,0.011824
5.758550405502319,0.13633,0.012249
5.817022085189819,0.14445,0.01232
5.86368727684021,0.14892,0.012528
5.916133880615234,0.15437,0.011873
5.961905002593994,0.1588,0.011645
6.018071889877319,0.16312,0.011457
6.0698559284210205,0.16749,0.011646
6.1189141273498535,0.17291,0.011643
6.172413349151611,0.17596,0.011604
6.222069978713989,0.18143,0.011592
6.270264387130737,0.18564,0.011605
6.323335886001587,0.19083,0.011615
6.368769645690918,0.20005,0.011619
6.423398733139038,0.2032,0.011509
6.4735107421875,0.20729,0.011559
6.523417949676514,0.21137,0.011587
6.575679540634155,0.21437,0.011402
6.622231483459473,0.21747,0.011428
6.672806739807129,0.22467,0.011449
6.720138072967529,0.2308,0.011614
6.776036262512207,0.23472,0.011664
6.824713706970215,0.23957,0.011651
6.875691175460815,0.24163,0.011651
6.926264762878418,0.24664,0.011637
6.973689794540405,0.25152,0.011645
7.024220705032349,0.25457,0.011588
7.076273441314697,0.25856,0.01129
7.126323938369751,0.26252,0.011165
7.1775689125061035,0.26748,0.011147
7.227143287658691,0.27536,0.010798
7.276587009429932,0.27839,0.011483
7.330852270126343,0.28139,0.011648
7.377899408340454,0.28449,0.011654
7.429600477218628,0.29328,0.011688
7.480191230773926,0.29812,0.011595
7.533432483673096,0.30205,0.011657
7.582042932510376,0.30603,0.011681
7.636287212371826,0.31447,0.01163
7.687374591827393,0.05444,0.011643
7.736587285995483,0.060827,0.011749
7.786540508270264,0.073,0.01169
7.845169544219971,0.0838,0.011664
7.89405369758606,0.094373,0.011684
7.945710182189941,0.10487,0.011668
7.994346618652344,0.10973,0.011663
8.050622940063477,0.11619,0.011621
8.102540016174316,0.11991,0.011642
8.151945114135742,0.1234,0.011677
8.2055025100708,0.12929,0.011661
8.255979061126709,0.13384,0.011966
8.304903507232666,0.13853,0.012282
8.355619192123413,0.14996,0.012073
8.407639741897583,0.15092,0.011953
8.455188989639282,0.15779,0.011523
8.505684614181519,0.15981,0.011527
8.55457067489624,0.16651,0.011596
8.608222007751465,0.17076,0.011613
8.658034324645996,0.1738,0.011658
8.714536666870117,0.18036,0.011621
8.7614426612854,0.18755,0.011629
8.813472032546997,0.19296,0.011646
8.865356683731079,0.1948,0.01159
8.91347861289978,0.20001,0.011551
8.963269233703613,0.20517,0.011585
9.013689994812012,0.20732,0.011403
9.065667152404785,0.21321,0.01133
9.117037296295166,0.22029,0.011404
9.165536165237427,0.22445,0.011416
9.21649694442749,0.22852,0.011608
9.267153263092041,0.23251,0.011684
9.3200101852417,0.23568,0.011695
9.370178461074829,0.24049,0.01164
9.421850442886353,0.24363,0.011626
9.46831464767456,0.24759,0.011635
9.523106098175049,0.25153,0.011588
9.576899766921997,0.2564,0.011293
9.62543511390686,0.26641,0.011241
9.675474405288696,0.26849,0.011107
9.724354028701782,0.27424,0.010924
9.781860589981079,0.27541,0.011085
9.829686641693115,0.28132,0.011604
9.880519390106201,0.2854,0.011655
9.93326210975647,0.29023,0.011633
9.984248399734497,0.29217,0.011612
10.032979249954224,0.29621,0.011643
10.08323860168457,0.30504,0.011573
10.133314371109009,0.31444,0.011626
10.184061288833618,0.057133,0.011623
10.23379397392273,0.062907,0.011701
10.284449815750122,0.072733,0.011614
10.336057186126709,0.083427,0.011638
10.384101152420044,0.09428,0.011647
10.434799194335938,0.098347,0.011647
10.484962940216064,0.10475,0.011661
10.533949136734009,0.11471,0.011645
10.585394620895386,0.11712,0.011636
10.639902114868164,0.12465,0.011627
10.687259197235107,0.12917,0.011676
10.737456560134888,0.13269,0.011642
10.788586139678955,0.13864,0.011547
10.83818793296814,0.14764,0.012157
10.888313055038452,0.15197,0.011597
10.942147731781006,0.15424,0.011498
10.987196445465088,0.15857,0.011495
11.038212537765503,0.16299,0.011485
11.094038963317871,0.16744,0.011641
11.148147583007812,0.17263,0.01162
11.197898626327515,0.17697,0.011605
11.246770858764648,0.18547,0.011613
11.294594287872314,0.19069,0.011615
11.345983982086182,0.19369,0.011648
11.39603853225708,0.19689,0.011605
11.452435493469238,0.20191,0.011422
11.498724222183228,0.20291,0.011314
11.549992799758911,0.21329,0.011242
11.598947525024414,0.21621,0.011294
11.651172637939453,0.22047,0.011385
11.70025110244751,0.22543,0.01148
11.755073308944702,0.22657,0.011626
11.804413557052612,0.23459,0.011642
11.854931831359863,0.23745,0.011649
11.901920795440674,0.24147,0.011597
11.951090335845947,0.24648,0.011609
12.009340286254883,0.24943,0.011565
12.055607318878174,0.25439,0.011658
12.109966278076172,0.26256,0.011375
12.160292387008667,0.26645,0.011154
12.208962678909302,0.27136,0.011081
12.255030155181885,0.27537,0.011137
12.309505701065063,0.27799,0.011627
12.362780332565308,0.2832,0.011691
12.411844730377197,0.28721,0.011633
12.462381601333618,0.29097,0.011629
12.515172719955444,0.29516,0.011693
12.56298565864563,0.30281,0.011642
12.614896297454834,0.30607,0.011658
12.663006782531738,0.31423,0.011518
12.71690034866333,0.32052,0.011297
12.770733118057251,0.059907,0.011662
12.819061756134033,0.072493,0.011625
12.86484980583191,0.08584,0.01175
12.917864322662354,0.10067,0.011707
12.97099781036377,0.10581,0.011682
13.02012324333191,0.10977,0.011664
13.071783542633057,0.11581,0.011657
13.12526535987854,0.12056,0.01165
13.174511432647705,0.12684,0.011659
13.22396445274353,0.12904,0.011744
13.274952173233032,0.13608,0.011815
13.322167873382568,0.13943,0.011607
13.373444557189941,0.14297,0.011467
13.425958395004272,0.14875,0.011495
13.477065086364746,0.15871,0.01146
13.52446722984314,0.163,0.011495
13.57694125175476,0.16615,0.011629
13.633334159851074,0.17159,0.011594
13.68118405342102,0.17584,0.01158
13.742772102355957,0.18235,0.011654
13.789210557937622,0.18844,0.011633
13.844515800476074,0.19075,0.011663
13.89797854423523,0.19688,0.011661
13.955328941345215,0.19916,0.011446
14.009413719177246,0.20797,0.011308
14.058921575546265,0.2132,0.011227
14.108029127120972,0.21712,0.011353
14.164933443069458,0.22123,0.011515
14.221946477890015,0.22321,0.01159
14.269995212554932,0.23223,0.011664
14.32196855545044,0.23629,0.011613
14.37277340888977,0.24039,0.01165
14.421030282974243,0.24536,0.011638
14.47272777557373,0.24933,0.011655
14.521994829177856,0.25252,0.011653
14.57681155204773,0.25636,0.011519
14.623936176300049,0.26225,0.01139
14.683817863464355,0.26428,0.011125
14.731663942337036,0.27033,0.01124
14.782431364059448,0.27816,0.011382
14.832631349563599,0.28121,0.011552
14.885618925094604,0.28512,0.011656
14.936781644821167,0.28919,0.011646
14.986698150634766,0.29307,0.011633
15.037652254104614,0.297,0.011707
15.091745138168335,0.30096,0.011645
15.142826080322266,0.30581,0.011593
15.197096824645996,0.32043,0.01164
15.246776819229126,0.060933,0.011502
15.30443024635315,0.069933,0.011665
15.351011753082275,0.079027,0.011677
15.410163402557373,0.098227,0.011693
15.459317445755005,0.10323,0.011648
15.506577491760254,0.10841,0.011634
15.56289529800415,0.11355,0.011635
15.609697818756104,0.11827,0.011652
15.666747808456421,0.12309,0.011678
15.715498924255371,0.1256,0.011633
15.765161514282227,0.13619,0.011607
15.81606149673462,0.14069,0.011506
15.867751359939575,0.14512,0.01153
15.91723918914795,0.14985,0.011467
15.968847274780273,0.15521,0.011424
16.02724266052246,0.15747,0.011496
16.074746131896973,0.16397,0.011665
16.134841680526733,0.17163,0.011666
16.183876752853394,0.17796,0.011651
16.231958866119385,0.18097,0.011651
16.286928176879883,0.18425,0.011621
16.333884239196777,0.19145,0.011634
16.383337259292603,0.19469,0.011619
16.435262441635132,0.19976,0.011678
16.484788179397583,0.20189,0.011338
16.535994052886963,0.20812,0.011342
16.588825702667236,0.21003,0.011242
16.645995140075684,0.21721,0.011312
16.693993091583252,0.22421,0.011535
16.759177207946777,0.22637,0.011632
16.808669805526733,0.23137,0.011637
16.857474088668823,0.23437,0.011606
16.90619945526123,0.2382,0.011633
16.956068992614746,0.24739,0.011623
17.007407188415527,0.25019,0.011593
17.058834552764893,0.25517,0.011612
17.109997034072876,0.26037,0.011695
17.16636347770691,0.26328,0.011503
17.216668367385864,0.26731,0.011282
17.269974946975708,0.27232,0.011523
17.318740606307983,0.27604,0.011599
17.37228274345398,0.28405,0.011687
17.42328715324402,0.28704,0.011572
17.475832223892212,0.29193,0.011666
17.523611783981323,0.29705,0.011624
17.574320793151855,0.29881,0.011649
17.625988245010376,0.30471,0.011671
17.674670934677124,0.31601,0.011624
17.728217840194702,0.05528,0.011675
17.77433204650879,0.06564,0.011686
17.82906460762024,0.072147,0.011653
17.87488079071045,0.082827,0.011652
17.928682804107666,0.090827,0.011717
17.979665517807007,0.09948,0.011652
18.028744220733643,0.10936,0.011653
18.081889390945435,0.11448,0.011587
18.130186319351196,0.12168,0.011713
18.181716203689575,0.12656,0.011645
18.23491668701172,0.13001,0.01167
18.283345222473145,0.13477,0.011517
18.333747386932373,0.13944,0.011438
18.38509202003479,0.14285,0.011454
18.432901620864868,0.14844,0.011389
18.488196849822998,0.15276,0.011409
18.535767316818237,0.15849,0.0116
18.589184761047363,0.16809,0.011625
18.63729166984558,0.1714,0.011642
18.68582773208618,0.17561,0.011656
18.7392156124115,0.18095,0.011688
18.78932023048401,0.18512,0.011555
18.83634328842163,0.18932,0.011589
18.88790202140808,0.19339,0.011675
18.93805694580078,0.19777,0.011625
18.992427587509155,0.20199,0.011477
19.042205572128296,0.20701,0.011308
19.0903480052948,0.21001,0.01128
19.13958764076233,0.21408,0.011463
19.187743663787842,0.22321,0.01162
19.23963761329651,0.22833,0.011671
19.29317593574524,0.23229,0.01164
19.342559337615967,0.23621,0.011654
19.397993326187134,0.23817,0.011623
19.449891805648804,0.24417,0.011579
19.497125148773193,0.24703,0.011558
19.550415992736816,0.25217,0.011621
19.607815980911255,0.26011,0.01164
19.657578468322754,0.26399,0.011627
19.709515810012817,0.2682,0.011425
19.76149272918701,0.27196,0.011583
19.80936336517334,0.27609,0.011592
19.86099600791931,0.28101,0.011646
19.910502910614014,0.28592,0.011685
19.959532022476196,0.28983,0.011704
20.0099675655365,0.29381,0.011628
20.0610089302063,0.29788,0.011646
20.114503383636475,0.30075,0.011676
20.160025119781494,0.30465,0.011622
20.21354341506958,0.31581,0.011486
20.265103816986084,0.061653,0.011668
20.314966917037964,0.069293,0.011686
20.36258625984192,0.085293,0.011674
20.42443084716797,0.092013,0.011683
20.47427248954773,0.10067,0.011649
20.533482313156128,0.10569,0.011685
20.581878900527954,0.11076,0.011657
20.63598108291626,0.11423,0.011655
20.687137842178345,0.12408,0.011641
20.732745885849,0.13115,0.01167
20.78444790840149,0.13347,0.011581
20.84003734588623,0.13933,0.011505
20.888835668563843,0.14619,0.011395
20.94086742401123,0.14944,0.011455
20.98868989944458,0.1528,0.011555
21.039517879486084,0.15824,0.011616
21.09058928489685,0.1628,0.011633
21.13962149620056,0.17155,0.011649
21.188960790634155,0.17561,0.011581
21.24219250679016,0.17993,0.01161
21.29018473625183,0.18409,0.011626
21.343859434127808,0.18836,0.011615
21.394951343536377,0.19233,0.011654
21.442561149597168,0.1966,0.011592
21.493209838867188,0.20177,0.011498
21.544998168945312,0.20501,0.011583
21.5935001373291,0.20884,0.011391
21.65105438232422,0.21801,0.011337
21.69971537590027,0.22205,0.011624
21.749693870544434,0.2262,0.011628
21.803011655807495,0.22917,0.011629
21.85151696205139,0.23509,0.011618
21.897210836410522,0.23829,0.011622
21.950031757354736,0.24219,0.011657
22.00340723991394,0.24515,0.011662
22.048324823379517,0.25123,0.011645
22.103978872299194,0.25317,0.011637
22.154534339904785,0.264,0.011579
22.203071117401123,0.26804,0.011524
22.258050441741943,0.27187,0.01146
22.30690312385559,0.27501,0.011615
22.356948614120483,0.28001,0.011639
22.40801453590393,0.284,0.011635
22.45757246017456,0.28891,0.011646
22.509774208068848,0.29183,0.011609
22.555776834487915,0.29591,0.011662
22.607067346572876,0.29973,0.011621
22.659294366836548,0.30951,0.011695
22.712100982666016,0.31376,0.011653
22.760172843933105,0.056867,0.011631
22.81267476081848,0.064307,0.011574
22.861332654953003,0.074427,0.011611
22.90780210494995,0.08764,0.011631
22.963043451309204,0.097987,0.011655
23.0131254196167,0.10323,0.011642
23.063774347305298,0.11067,0.011651
23.11275315284729,0.11785,0.011654
23.158873081207275,0.12031,0.011627
23.21347999572754,0.12625,0.011671
23.266001224517822,0.13115,0.011636
23.313928604125977,0.13693,0.011678
23.36487627029419,0.14151,0.01148
23.41444706916809,0.14595,0.011416
23.46942377090454,0.14941,0.011591
23.519593000411987,0.15504,0.011592
23.567126989364624,0.16047,0.011628
23.618435859680176,0.16581,0.011642
23.672953128814697,0.16796,0.011586
23.721421241760254,0.17653,0.011618
23.77161979675293,0.18199,0.011622
23.821667432785034,0.18707,0.011628
23.87329602241516,0.19029,0.011601
23.922770977020264,0.19435,0.011634
23.976768255233765,0.19853,0.011592
24.02353262901306,0.20276,0.011619
24.07456612586975,0.20793,0.011506
24.127041816711426,0.21184,0.011481
24.17780900001526,0.22001,0.011569
24.22650170326233,0.22512,0.011629
24.275176763534546,0.22723,0.011612
24.326163053512573,0.23019,0.011609
24.379680395126343,0.23616,0.011622
24.427170038223267,0.24121,0.011597
24.479337215423584,0.24507,0.011559
24.52827548980713,0.24816,0.011594
24.584950923919678,0.25407,0.011578
24.630687713623047,0.26003,0.011635
24.684080362319946,0.26388,0.011644
24.732897996902466,0.26799,0.011579
24.784589290618896,0.26903,0.01162
24.833548307418823,0.27487,0.011666
24.885265350341797,0.27892,0.011642
24.933831453323364,0.28288,0.01165
24.987133026123047,0.28783,0.011639
25.040586471557617,0.29577,0.011645
25.089457511901855,0.29961,0.011617
25.13892149925232,0.30436,0.011653
25.191121101379395,0.31115,0.011649
25.239611625671387,0.053747,0.011651
25.29604935646057,0.05668,0.011521
25.34422206878662,0.067493,0.011635
25.393067598342896,0.076693,0.011599
25.4460186958313,0.09012,0.011672
25.49403190612793,0.097747,0.011669
25.544623613357544,0.10423,0.011673
25.599040746688843,0.11295,0.011699
25.64457869529724,0.11791,0.011622
25.69441294670105,0.12265,0.011615
25.746633291244507,0.12621,0.011745
25.799469232559204,0.13105,0.011635
25.846794605255127,0.13687,0.011583
25.89961528778076,0.14589,0.011524
25.95128560066223,0.15043,0.011547
25.995980978012085,0.1526,0.011551
26.047444105148315,0.15699,0.011632
26.09910225868225,0.16264,0.011643
26.150869607925415,0.16792,0.01162
26.201515674591064,0.17003,0.011632
26.25054121017456,0.17853,0.011654
26.3107488155365,0.18385,0.011595
26.360329151153564,0.18905,0.011616
26.4091899394989,0.19221,0.011586
26.460717916488647,0.19639,0.011556
26.506527423858643,0.20165,0.011589
26.559330463409424,0.20456,0.01158
26.61153769493103,0.20979,0.011554
26.657397985458374,0.21392,0.011593
26.70995306968689,0.22203,0.011582
26.760029792785645,0.22505,0.011629
26.817137241363525,0.23003,0.011642
26.867998123168945,0.234,0.011624
26.918108224868774,0.23803,0.01162
26.965142965316772,0.24305,0.0116
27.027271509170532,0.25104,0.011623
27.080272436141968,0.25504,0.011621
27.13062286376953,0.25795,0.011618
27.177756786346436,0.26097,0.011629
27.233078956604004,0.26587,0.011621
27.2873375415802,0.26991,0.011627
27.334933042526245,0.27396,0.011681
27.38413906097412,0.28176,0.011618
27.43736743927002,0.28557,0.011657
27.487582683563232,0.2896,0.011617
27.5378475189209,0.29261,0.011619
27.59002923965454,0.2966,0.01167
27.637728452682495,0.30052,0.0116
27.688178777694702,0.30464,0.011651
27.73921298980713,0.31321,0.011595
27.78964900970459,0.055547,0.011675
27.839138984680176,0.07396,0.011652
27.89367365837097,0.081907,0.01168
27.94294834136963,0.092627,0.011584
27.99468159675598,0.09756,0.011659
28.043841123580933,0.104,0.011633
28.09789252281189,0.10789,0.011634
28.145211458206177,0.11404,0.011661
28.196617603302002,0.12023,0.011666
28.24633002281189,0.12495,0.011654
28.29684066772461,0.13556,0.011644
28.356694221496582,0.13663,0.011673
28.404998540878296,0.14445,0.011625
28.455273151397705,0.14911,0.011611
28.508153915405273,0.15369,0.011621
28.56007742881775,0.15485,0.011592
28.616082668304443,0.16137,0.011623
28.66209316253662,0.17107,0.011634
28.716086864471436,0.17531,0.0116
28.767812490463257,0.18065,0.011636
28.813429594039917,0.18485,0.011605
28.864638090133667,0.18712,0.011657
28.918697118759155,0.19217,0.011575
28.969465970993042,0.19636,0.011567
29.020912408828735,0.20143,0.0116
29.0692036151886,0.20537,0.011631
29.119505882263184,0.21387,0.011584
29.17381501197815,0.21668,0.01157
29.2243435382843,0.21889,0.011636
29.281667232513428,0.22792,0.011615
29.332593202590942,0.22983,0.011603
29.38309907913208,0.23587,0.011604
29.434154987335205,0.2398,0.011614
29.48607563972473,0.24395,0.011602
29.53916597366333,0.24603,0.011581
29.58962607383728,0.25103,0.011628
29.6362144947052,0.25595,0.011606
29.6981942653656,0.2618,0.011577
29.749706029891968,0.2668,0.01163
29.799831867218018,0.27279,0.011665
29.849157333374023,0.27679,0.011624
29.8991916179657,0.28065,0.011689
29.95342779159546,0.28461,0.011655
30.003350973129272,0.28957,0.011645
30.056002140045166,0.29163,0.01164
30.102019786834717,0.29937,0.011658
30.155311584472656,0.30537,0.011646
30.210448741912842,0.31224,0.01167
30.258214712142944,0.31924,0.011657
30.305299997329712,0.058547,0.011634
30.359251260757446,0.063093,0.011701
30.41223692893982,0.07892,0.011767
30.46230125427246,0.09628,0.011705
30.513472080230713,0.09996,0.011689
30.562183618545532,0.10791,0.011732
30.618966102600098,0.11024,0.011631
30.66692304611206,0.11763,0.011684
30.717012643814087,0.12236,0.011707
30.767507791519165,0.12705,0.011793
30.817524194717407,0.13553,0.011626
30.87020206451416,0.13896,0.01172
30.92028522491455,0.14457,0.011556
30.97443675994873,0.14797,0.011656
31.0206298828125,0.15683,0.0116
31.072579383850098,0.16013,0.011647
31.126667261123657,0.16565,0.011651
31.175758123397827,0.16884,0.011618
31.22641086578369,0.17415,0.011512
31.275287866592407,0.17849,0.011618
31.324735164642334,0.18363,0.011529
31.37666916847229,0.18672,0.011609
31.424691438674927,0.19103,0.01163
31.480829000473022,0.19508,0.011571
31.525455713272095,0.19833,0.011615
31.579790830612183,0.20743,0.011619
31.631049156188965,0.21252,0.011614
31.681792497634888,0.21772,0.011602
31.73342275619507,0.22176,0.011525
31.779957056045532,0.22577,0.011606
31.842098712921143,0.22693,0.011552
31.89329695701599,0.23287,0.011589
31.94054412841797,0.24189,0.01157
31.993958234786987,0.24492,0.01161
32.04075384140015,0.24995,0.0116
32.088595390319824,0.25279,0.011585
32.14070200920105,0.25565,0.011573
32.19451022148132,0.25975,0.011606
32.24537944793701,0.26575,0.011638
32.29495453834534,0.26967,0.011642
32.343875885009766,0.27275,0.011627
32.394814014434814,0.27779,0.011614
32.4461305141449,0.27948,0.011624
32.499199628829956,0.29049,0.011651
32.550970792770386,0.29356,0.011646
32.59967112541199,0.29736,0.011657
32.64842486381531,0.30128,0.011695
32.69819974899292,0.30343,0.011631
32.74869179725647,0.31293,0.011683
32.79877972602844,0.3192,0.011617
32.85805797576904,0.06316,0.01168
32.90721297264099,0.081227,0.011644
32.9569149017334,0.092147,0.0117
33.01008653640747,0.1,0.011658
33.06135845184326,0.10383,0.011655
33.11017990112305,0.10895,0.011637
33.161686420440674,0.11264,0.011634
33.21045994758606,0.11999,0.011628
33.264272928237915,0.12463,0.011606
33.31010627746582,0.12971,0.011638
33.36343288421631,0.13985,0.011637
33.410640478134155,0.14215,0.011662
33.465171337127686,0.14796,0.011636
33.51399827003479,0.15335,0.011631
33.565232276916504,0.1578,0.011609
33.61598086357117,0.16117,0.011679
33.66616702079773,0.16553,0.011593
33.71442699432373,0.16984,0.01162
33.7645902633667,0.17735,0.011629
33.81532430648804,0.18271,0.011591
33.86728501319885,0.18573,0.011605
33.91524624824524,0.19201,0.011622
33.967365980148315,0.19524,0.011625
34.01784634590149,0.19933,0.011623
34.07201814651489,0.20333,0.011637
34.11833429336548,0.20655,0.011638
34.177887201309204,0.21655,0.011621
34.2266480922699,0.21964,0.011649
34.27826690673828,0.2246,0.011627
34.334134578704834,0.22872,0.011577
34.379626989364624,0.23261,0.011615
34.4340877532959,0.23477,0.011591
34.483914852142334,0.24372,0.011609
34.530988931655884,0.24868,0.011611
34.5843551158905,0.25287,0.011605
34.63259673118591,0.25672,0.011597
34.69024062156677,0.25848,0.011578
34.738096714019775,0.26365,0.011592
34.79199266433716,0.27157,0.011591
34.83903741836548,0.27457,0.011636
34.89343237876892,0.27948,0.0116
34.93930006027222,0.28345,0.011611
34.99376678466797,0.2874,0.011656
35.045191049575806,0.28943,0.011645
35.097898960113525,0.29336,0.011602
35.14678764343262,0.29912,0.01163
35.19447350502014,0.30221,0.011695
35.25000977516174,0.31279,0.011632
35.29928255081177,0.053613,0.011649
35.347503423690796,0.062773,0.011633
35.397969245910645,0.07588,0.011618
35.4477653503418,0.0866,0.011624
35.50664758682251,0.096067,0.011633
35.559528827667236,0.098533,0.01163
35.607805013656616,0.11004,0.011639
35.659825563430786,0.11637,0.011653
35.71576189994812,0.11995,0.011601
35.769073247909546,0.12468,0.011626
35.81998300552368,0.13072,0.011646
35.871283531188965,0.13408,0.011652
35.91895318031311,0.13887,0.011662
35.96795582771301,0.14904,0.011616
36.01921367645264,0.15349,0.011612
36.07117986679077,0.15676,0.011641
36.118210792541504,0.16117,0.011623
36.16797232627869,0.16653,0.011609
36.22007155418396,0.16965,0.011653
36.272014141082764,0.175,0.01162
36.32254600524902,0.17928,0.011555
36.37233591079712,0.18451,0.011577
36.423651456832886,0.1878,0.011614
36.47076058387756,0.19493,0.011593
36.52516007423401,0.20033,0.011583
36.57523250579834,0.20423,0.011623
36.623839139938354,0.20955,0.011616
36.67533016204834,0.21247,0.011646
36.7292115688324,0.21768,0.011595
36.78059101104736,0.22051,0.011609
36.83022379875183,0.22465,0.011652
36.883769512176514,0.23363,0.011632
36.929646253585815,0.2366,0.011583
36.98168325424194,0.24164,0.011659
37.034910917282104,0.24557,0.011582
37.08462738990784,0.24967,0.011621
37.13982677459717,0.25368,0.011639
37.18667221069336,0.25755,0.011661
37.24275803565979,0.26152,0.011619
37.293081283569336,0.26945,0.011647
37.344117403030396,0.27344,0.011613
37.39618229866028,0.27856,0.011603
37.4444375038147,0.28236,0.011578
37.4941680431366,0.28439,0.011653
37.5464506149292,0.29041,0.011579
37.5962233543396,0.29436,0.011642
37.64292025566101,0.29935,0.011682
37.69822454452515,0.30124,0.011616
37.746806383132935,0.30657,0.011678
37.79714035987854,0.31677,0.011601
37.849318504333496,0.055707,0.011628
37.897812604904175,0.065307,0.011654
37.945658445358276,0.08372,0.01165
37.99808859825134,0.094467,0.011653
38.047043323516846,0.10125,0.011687
38.097617864608765,0.10628,0.011669
38.15065550804138,0.1112,0.011656
38.20195198059082,0.11621,0.011661
38.24900269508362,0.12099,0.011622
38.29977869987488,0.12936,0.011624
38.35164833068848,0.13633,0.011622
38.40224885940552,0.13855,0.011655
38.449333906173706,0.1444,0.01164
38.500901222229004,0.14764,0.011642
38.55264234542847,0.15432,0.011614
38.6056067943573,0.15648,0.011647
38.65320587158203,0.16189,0.011659
38.70613718032837,0.16543,0.011658
38.75481033325195,0.16951,0.011606
38.80337715148926,0.18037,0.011584
38.85556125640869,0.18243,0.011621
38.90454339981079,0.18864,0.011592
38.955634355545044,0.19177,0.011653
39.00795388221741,0.19708,0.011641
39.05908393859863,0.20213,0.01162
39.10857439041138,0.20631,0.011615
39.158361196517944,0.21028,0.011622
39.207316160202026,0.21427,0.011605
39.26172184944153,0.21755,0.011606
39.31205725669861,0.22661,0.011635
39.36599946022034,0.23048,0.011631
39.415648221969604,0.23568,0.011605
39.465559005737305,0.23953,0.011564
39.516199588775635,0.24364,0.011628
39.56714582443237,0.24667,0.011631
39.61714959144592,0.25061,0.011622
39.668134450912476,0.25359,0.01162
39.717283964157104,0.25767,0.011589
39.76651430130005,0.2666,0.011671
39.82071328163147,0.26948,0.011637
39.8724365234375,0.27351,0.011653
39.92588543891907,0.27837,0.011644
39.975964069366455,0.28039,0.011637
40.025996923446655,0.28633,0.011655
40.07498025894165,0.29019,0.011665
40.1268367767334,0.29521,0.011634
40.18858242034912,0.30391,0.011611
40.23478889465332,0.30823,0.011619
40.284259557724,0.31451,0.011694
40.33665490150452,0.055453,0.011659
40.39418864250183,0.062507,0.01163
40.44240164756775,0.07556,0.011649
40.4959180355072,0.086147,0.011647
40.54397201538086,0.096973,0.011645
40.603535652160645,0.1062,0.011638
40.65260291099548,0.11115,0.011574
40.701608419418335,0.11477,0.011658
40.754759311676025,0.11961,0.011643
40.8047935962677,0.12355,0.011607
40.855459213256836,0.13045,0.011643
40.904480934143066,0.14092,0.011614
40.95960712432861,0.14431,0.011618
41.00895357131958,0.14884,0.011622
41.058349609375,0.15327,0.0116
41.107242822647095,0.15761,0.011686
41.15995121002197,0.16089,0.011645
41.206846714019775,0.16747,0.011659
41.26153874397278,0.17051,0.011624
41.31104278564453,0.17611,0.011538
41.359452962875366,0.17915,0.011582
41.41253924369812,0.18873,0.011629
41.463703632354736,0.19279,0.01167
41.512545585632324,0.19575,0.011635
41.5653977394104,0.20105,0.011706
41.614272117614746,0.20521,0.011615
41.667360067367554,0.20819,0.011666
41.71511721611023,0.2164,0.011655
41.77251172065735,0.21951,0.011608
41.82414174079895,0.22441,0.01159
41.87506723403931,0.22952,0.011615
41.92491364479065,0.23347,0.011669
41.97217297554016,0.23752,0.011616
42.022625207901,0.24245,0.011621
42.075331687927246,0.24645,0.011605
42.126564025878906,0.25044,0.011664
42.17592430114746,0.2544,0.011642
42.22638821601868,0.26253,0.011656
42.27690148353577,0.26637,0.011634
42.32734036445618,0.27035,0.011624
42.37749695777893,0.2744,0.01165
42.426918268203735,0.27835,0.011602
42.48130655288696,0.28139,0.011636
42.5297794342041,0.28633,0.011682
42.5859272480011,0.29129,0.011627
42.633790016174316,0.29433,0.011651
42.684420347213745,0.303,0.011615
42.73315167427063,0.30611,0.011634
42.785969734191895,0.31631,0.011606
42.84042406082153,0.055107,0.011609
42.89145541191101,0.064773,0.011673
42.9413800239563,0.075173,0.011638
42.99309039115906,0.088613,0.01163
43.04570770263672,0.0958,0.011626
43.10202646255493,0.10232,0.011649
43.150431632995605,0.11228,0.011622
43.2004668712616,0.11725,0.01166
43.24961471557617,0.12073,0.011646
43.29918050765991,0.12795,0.011605
43.35165095329285,0.13156,0.011663
43.399176836013794,0.13616,0.011641
43.450440883636475,0.13837,0.011654
43.49892854690552,0.14976,0.011618
43.55442500114441,0.15097,0.011629
43.606417655944824,0.15868,0.011577
43.654542684555054,0.16308,0.01157
43.70582175254822,0.16739,0.011606
43.754112243652344,0.17157,0.011599
43.805251121520996,0.177,0.011597
43.85449719429016,0.18012,0.011555
43.90339374542236,0.18332,0.011594
43.955334424972534,0.18864,0.011638
44.00561881065369,0.19687,0.011615
44.057215213775635,0.19989,0.011599
44.102985858917236,0.20504,0.01167
44.15721368789673,0.20819,0.011608
44.20648407936096,0.21332,0.011575
44.258049964904785,0.21739,0.011565
44.31223249435425,0.22231,0.011622
44.361648082733154,0.22944,0.011603
44.41023397445679,0.23237,0.011606
44.465752601623535,0.23548,0.011588
44.515695571899414,0.23964,0.011567
44.568655252456665,0.24448,0.011563
44.61836767196655,0.25132,0.011607
44.67551612854004,0.25541,0.01162
44.72741937637329,0.25939,0.011597
44.7777783870697,0.26335,0.011641
44.82622933387756,0.26739,0.011592
44.88558506965637,0.27527,0.011664
44.93396210670471,0.27927,0.011605
44.98578596115112,0.28393,0.011646
45.03825497627258,0.28703,0.011594
45.085163831710815,0.29205,0.011625
45.13576674461365,0.29397,0.011585
45.185298681259155,0.3,0.01161
45.23591232299805,0.30393,0.011691
45.28701663017273,0.31823,0.01163
45.3380331993103,0.05584,0.011645
45.39098620414734,0.064547,0.011637
45.44120502471924,0.07764,0.011671
45.489116191864014,0.083093,0.011632
45.54031777381897,0.093587,0.011682
45.58860445022583,0.10075,0.011657
45.64088273048401,0.10723,0.011638
45.69875168800354,0.10971,0.011661
45.74883413314819,0.12189,0.011623
45.79628014564514,0.12665,0.01162
45.846370220184326,0.13131,0.011548
45.89768028259277,0.13595,0.011605
45.950230836868286,0.14185,0.011592
45.9974410533905,0.14639,0.011597
46.05001163482666,0.1508,0.011619
46.10251212120056,0.15513,0.011576
46.15658473968506,0.16087,0.011622
46.206063985824585,0.16712,0.011651
46.25644373893738,0.1726,0.011617
46.30599880218506,0.17677,0.011611
46.365044593811035,0.18,0.0116
46.413952589035034,0.18529,0.011629
46.46303057670593,0.18933,0.011629
46.51480555534363,0.19365,0.011607
46.56356477737427,0.19868,0.011634
46.61725735664368,0.20295,0.011606
46.66670894622803,0.21115,0.011619
46.71743083000183,0.21512,0.011615
46.76880097389221,0.21837,0.01159
46.816925287246704,0.22316,0.011614
46.872275590896606,0.22521,0.011574
46.921550273895264,0.23047,0.011597
46.97167634963989,0.23436,0.011599
47.01990032196045,0.23843,0.011552
47.070040464401245,0.24749,0.011614
47.12133288383484,0.24924,0.011634
47.17051076889038,0.25532,0.011617
47.22339677810669,0.25819,0.011564
47.27422380447388,0.26125,0.011607
47.32137894630432,0.2672,0.011629
47.3712522983551,0.27003,0.011584
47.423680543899536,0.27293,0.011629
47.475064754486084,0.27817,0.011643
47.5257453918457,0.28597,0.01163
47.57292675971985,0.29092,0.011602
47.626067876815796,0.29476,0.011639
47.67929005622864,0.29885,0.011621
47.73000240325928,0.30275,0.011604
47.77804374694824,0.30783,0.011635
47.829671144485474,0.31595,0.011625
47.880390644073486,0.05668,0.011631
47.927494049072266,0.066773,0.011625
47.98049569129944,0.07736,0.011641
48.03047561645508,0.089547,0.011621
48.0799617767334,0.096733,0.011613
48.12815499305725,0.10708,0.01158
48.180620193481445,0.11213,0.011699
48.230915546417236,0.1158,0.01165
48.27884078025818,0.12072,0.011627
48.33329963684082,0.12419,0.011636
48.38213539123535,0.13129,0.011601
48.433693647384644,0.13375,0.01162
48.48284029960632,0.14043,0.011593
48.53823256492615,0.15063,0.011679
48.585405349731445,0.15504,0.011658
48.63803839683533,0.15849,0.011656
48.68599557876587,0.16281,0.011602
48.73517298698425,0.16728,0.011619
48.78787851333618,0.17043,0.011655
48.836897134780884,0.17687,0.011618
48.88797616958618,0.17784,0.011622
48.939321517944336,0.18852,0.011616
48.98928952217102,0.1924,0.011611
49.041417598724365,0.19772,0.011538
49.08931493759155,0.20083,0.011626
49.144222021102905,0.20591,0.011647
49.192983627319336,0.20795,0.011566
49.24098825454712,0.21703,0.011623
49.29438257217407,0.22136,0.011601
49.34622812271118,0.22421,0.011593
49.39394283294678,0.23015,0.01159
49.44472098350525,0.23321,0.0116
49.4946346282959,0.23517,0.011496
49.55325388908386,0.24028,0.011638
49.60151648521423,0.24915,0.011615
49.65232968330383,0.25329,0.011573
49.703317165374756,0.25611,0.01163
49.75221872329712,0.25923,0.011626
49.803486824035645,0.26211,0.011575
49.85626816749573,0.26723,0.011667
49.906007528305054,0.2722,0.011666
49.954662799835205,0.27607,0.011665
50.01187205314636,0.28192,0.011629
50.06002855300903,0.28787,0.011633
50.11904525756836,0.29203,0.011671
50.16831350326538,0.29572,0.011622
50.226886510849,0.30468,0.01161
50.27743864059448,0.30976,0.011638
50.32831120491028,0.31793,0.01167
50.37859058380127,0.056613,0.011634
50.427292585372925,0.066613,0.011594
50.47833514213562,0.07736,0.011635
50.53010010719299,0.090627,0.01163
50.58550572395325,0.095293,0.011674
50.63195514678955,0.10325,0.011648
50.68361043930054,0.10689,0.011643
50.7460663318634,0.11687,0.011603
50.79557490348816,0.12417,0.011662
50.84664821624756,0.12896,0.01159
50.896798610687256,0.13361,0.011637
50.944472312927246,0.137,0.011644
50.99849843978882,0.14159,0.011611
51.04765605926514,0.14616,0.011647
51.09426164627075,0.15171,0.011636
51.14909768104553,0.15404,0.011656
51.198389291763306,0.16149,0.011627
51.2482545375824,0.16927,0.011667
51.30389595031738,0.17339,0.011625
51.3499710559845,0.17791,0.011637
51.40066337585449,0.18307,0.011616
51.45212745666504,0.18628,0.011579
51.50278949737549,0.19144,0.01162
51.55523419380188,0.19464,0.011635
51.60627293586731,0.19881,0.011626
51.6589150428772,0.20781,0.011642
51.70743274688721,0.21197,0.011615
51.75705599784851,0.21608,0.011634
51.808101654052734,0.22107,0.011549
51.85913610458374,0.22416,0.011659
51.90744662284851,0.22931,0.0116
51.95919179916382,0.23211,0.01163
52.008809089660645,0.23615,0.011633
52.058539390563965,0.23919,0.011622
52.11011624336243,0.24717,0.01163
52.16710305213928,0.25323,0.011631
52.21637582778931,0.25713,0.011621
52.267491579055786,0.26099,0.011606
52.32146072387695,0.26407,0.011646
52.374833822250366,0.26795,0.011637
52.42356777191162,0.27604,0.011644
52.47107219696045,0.28091,0.011682
52.52158737182617,0.28287,0.011611
52.57136559486389,0.28692,0.011639
52.62467050552368,0.29172,0.011604
52.6771674156189,0.29583,0.011625
52.72764039039612,0.30068,0.011623
52.77975010871887,0.30452,0.011617
52.82609510421753,0.3116,0.011657
52.88085317611694,0.05108,0.011612
52.92941665649414,0.05876,0.011573
52.98409056663513,0.0824,0.011583
53.03376245498657,0.0878,0.011616
53.08245491981506,0.096533,0.011671
53.132975816726685,0.10183,0.011634
53.1853768825531,0.10692,0.011634
53.23833227157593,0.11184,0.011661
53.294397830963135,0.12163,0.011688
53.34664797782898,0.12756,0.011636
53.405290365219116,0.12999,0.011629
53.45463585853577,0.13675,0.011574
53.50482773780823,0.14029,0.011587
53.55888295173645,0.14608,0.011643
53.61656308174133,0.15608,0.011587
53.66462445259094,0.15832,0.011609
53.718100786209106,0.16487,0.011611
53.765214920043945,0.17013,0.011565
53.817542552948,0.17119,0.011575
53.866933822631836,0.17771,0.011602
53.92191958427429,0.18301,0.011592
53.97323179244995,0.18499,0.011574
54.02442693710327,0.19223,0.011599
54.07695293426514,0.19952,0.011607
54.12423920631409,0.20387,0.011598
54.17528676986694,0.20765,0.011589
54.22373938560486,0.21277,0.011599
54.27601146697998,0.21685,0.011591
54.32965803146362,0.21888,0.011603
54.37740421295166,0.22405,0.011609
54.430823802948,0.22992,0.011638
54.479377031326294,0.23505,0.011629
54.52868628501892,0.23901,0.011575
54.578163623809814,0.24408,0.011627
54.62930703163147,0.24805,0.011618
54.680893421173096,0.253,0.01162
54.734402894973755,0.25585,0.011625
54.78556489944458,0.26004,0.011626
54.839077949523926,0.26488,0.011653
54.889228105545044,0.26791,0.011643
54.94150400161743,0.27387,0.011619
54.991700172424316,0.2808,0.0117
55.04228663444519,0.28284,0.011616
55.09235453605652,0.28875,0.011631
55.142717123031616,0.29277,0.011623
55.19420337677002,0.29668,0.011625
55.246124505996704,0.30176,0.011587
55.29977631568909,0.30543,0.011633
55.350679874420166,0.31347,0.011575
55.39843535423279,0.050947,0.011592
55.450146198272705,0.06112,0.011626
55.49609398841858,0.07408,0.01164
55.550721406936646,0.092853,0.011686
55.599021911621094,0.099293,0.01164
55.66072392463684,0.10288,0.011652
55.715641021728516,0.10813,0.01161
55.764161825180054,0.11307,0.011623
55.81201887130737,0.1238,0.011634
55.8645281791687,0.12879,0.011613
55.91519474983215,0.13443,0.011591
55.96515679359436,0.14023,0.011631
56.015974044799805,0.14481,0.01157
56.066917419433594,0.14709,0.011614
56.11860918998718,0.15256,0.011585
56.16761255264282,0.15817,0.011612
56.212456941604614,0.16251,0.011609
56.265942335128784,0.16463,0.011607
56.31842613220215,0.17436,0.011586
56.36694622039795,0.17861,0.011585
56.41655206680298,0.18276,0.011566
56.467904806137085,0.18705,0.011526
56.51753568649292,0.19028,0.011578
56.56826996803284,0.19341,0.011532
56.61886811256409,0.2026,0.011616
56.669236183166504,0.20472,0.011543
56.720306396484375,0.21167,0.011568
56.772247552871704,0.21275,0.011571
56.82288956642151,0.21872,0.011558
56.87527346611023,0.22292,0.011395
56.92506456375122,0.22797,0.011547
56.9749481678009,0.23117,0.011586
57.02406549453735,0.23515,0.011586
57.073323488235474,0.23999,0.01168
57.123754262924194,0.24703,0.011677
57.17607307434082,0.25092,0.011597
57.22392511367798,0.25399,0.011632
57.27323842048645,0.26004,0.011633
57.32721447944641,0.264,0.011648
57.37274193763733,0.26597,0.011689
57.42784786224365,0.27196,0.011621
57.474510192871094,0.27588,0.011594
57.52891135215759,0.28072,0.011643
57.58326864242554,0.28865,0.011669
57.62782859802246,0.29277,0.011637
57.68899869918823,0.29459,0.011652
57.735568046569824,0.30056,0.011623
57.787917137145996,0.30337,0.011593
57.83422327041626,0.30921,0.011582
57.88758659362793,0.31741,0.011627
57.938807249069214,0.058293,0.01171
57.992764711380005,0.071187,0.011671
58.0404634475708,0.09012,0.011607
58.09017324447632,0.099093,0.011681
58.14051365852356,0.10288,0.011662
58.19392228126526,0.10684,0.01164
58.241127729415894,0.11292,0.011614
58.292197942733765,0.11909,0.01161
58.34187722206116,0.12147,0.011615
58.39312124252319,0.12875,0.011635
58.44418501853943,0.13805,0.011641
58.49611568450928,0.14025,0.011627
58.543994665145874,0.14472,0.011651
58.5961709022522,0.14821,0.011596
58.64263725280762,0.15585,0.011648
58.696152210235596,0.15709,0.011647
58.74831581115723,0.16241,0.0116
58.795268058776855,0.16791,0.011569
58.84712362289429,0.17227,0.011587
58.89685082435608,0.18075,0.011622
58.947221755981445,0.18488,0.011606
58.99878215789795,0.18915,0.011574
59.04883003234863,0.19344,0.011613
59.10695147514343,0.19853,0.011651
59.15837836265564,0.20045,0.011616
59.20808696746826,0.20672,0.011617
59.25799298286438,0.2118,0.011638
59.31550908088684,0.21889,0.011581
59.36768555641174,0.22407,0.011611
59.41896104812622,0.22803,0.011622
59.46486186981201,0.23095,0.011663
59.52108120918274,0.23685,0.011564
59.57220983505249,0.2398,0.011579
59.62552237510681,0.24093,0.0116
59.67255139350891,0.24699,0.011719
59.72300958633423,0.25389,0.011626
59.772451639175415,0.25997,0.011654
59.82849740982056,0.26385,0.011618
59.87825560569763,0.26888,0.011655
59.92506790161133,0.27195,0.011619
59.9778254032135,0.27603,0.011613
60.02669548988342,0.28085,0.011565
60.08028745651245,0.28264,0.011721
60.124120235443115,0.28873,0.011621
60.178024768829346,0.2908,0.01162
60.22729825973511,0.29959,0.01163
60.28057360649109,0.30345,0.011633
60.33009886741638,0.30692,0.011657
60.378398180007935,0.31727,0.011651
60.43781518936157,0.055587,0.011665
60.48817014694214,0.0684,0.011647
60.538938760757446,0.079093,0.011614
60.587754011154175,0.089773,0.011709
60.64061093330383,0.097707,0.011646
60.6856255531311,0.10405,0.011709
60.74095010757446,0.10916,0.011659
60.79176712036133,0.12017,0.011629
60.841554403305054,0.12496,0.011617
60.892932653427124,0.12864,0.011605
60.938308000564575,0.13444,0.011573
60.99190545082092,0.14016,0.011638
61.041932582855225,0.14472,0.011654
61.093565225601196,0.14912,0.011616
61.14287447929382,0.15363,0.011604
61.1930673122406,0.15801,0.01161
61.245798110961914,0.16569,0.011674
61.29547309875488,0.16993,0.0116
61.34461069107056,0.17428,0.011609
61.39361310005188,0.17845,0.011603
61.44604992866516,0.18169,0.011663
61.49595284461975,0.18687,0.011592
61.54404067993164,0.19121,0.011559
61.59531784057617,0.19628,0.011559
61.648406744003296,0.19937,0.01158
61.69542694091797,0.20339,0.011557
61.74755024909973,0.21163,0.011566
61.80498170852661,0.2168,0.011576
61.851086378097534,0.22077,0.011569
61.90374445915222,0.22485,0.011635
61.951064109802246,0.22787,0.011585
62.00408887863159,0.23195,0.01159
62.057950258255005,0.23587,0.011626
62.105998039245605,0.23877,0.011534
62.15687155723572,0.24888,0.011592
62.20867156982422,0.25381,0.011598
62.26013255119324,0.25785,0.011591
62.3072509765625,0.25979,0.011583
62.35437035560608,0.26488,0.011614
62.4133996963501,0.26775,0.011558
62.46054530143738,0.27171,0.011581
62.51119041442871,0.27676,0.011672
62.559834003448486,0.28153,0.011616
62.61419057846069,0.28749,0.011615
62.66314744949341,0.29351,0.011625
62.71725821495056,0.29657,0.011634
62.76877284049988,0.30032,0.011657
62.81915545463562,0.30324,0.011635
62.8696870803833,0.30877,0.011602
62.922033071517944,0.31499,0.011585
62.972708225250244,0.0656,0.011601
63.020195960998535,0.0814,0.011671
63.06861996650696,0.092347,0.011635
63.123048543930054,0.097587,0.011662
63.174522399902344,0.10271,0.011653
63.22269940376282,0.10884,0.011655
63.27846312522888,0.11152,0.011685
63.326151847839355,0.11889,0.011642
63.37935996055603,0.12363,0.011679
63.4297616481781,0.12729,0.011607
63.483898401260376,0.1378,0.01164
63.533183336257935,0.14231,0.01164
63.582924365997314,0.14688,0.011623
63.63133358955383,0.15228,0.011635
63.682157039642334,0.15679,0.011484
63.73505783081055,0.16133,0.011689
63.78429651260376,0.16669,0.011624
63.84438109397888,0.16991,0.011621
63.89316749572754,0.17525,0.011605
63.95084095001221,0.18372,0.011562
64.00611209869385,0.18893,0.011619
64.05614995956421,0.19215,0.011586
64.10407304763794,0.19719,0.011559
64.15514206886292,0.20232,0.011578
64.20565724372864,0.20567,0.011641
64.25760674476624,0.20957,0.011651
64.30901527404785,0.21273,0.011656
64.35808563232422,0.21763,0.011593
64.41212034225464,0.22477,0.011619
64.46165490150452,0.22995,0.011632
64.51073551177979,0.23291,0.011601
64.56201815605164,0.23795,0.011614
64.6126606464386,0.24188,0.011648
64.66474843025208,0.24469,0.011604
64.71553182601929,0.24979,0.011613
64.76378321647644,0.25467,0.011601
64.82217359542847,0.26269,0.011657
64.87034893035889,0.26671,0.011627
64.92191743850708,0.26983,0.011647
64.97186017036438,0.27373,0.011646
65.0234751701355,0.27857,0.011615
65.07182812690735,0.2826,0.011661
65.1215238571167,0.28855,0.011671
65.1760151386261,0.29227,0.011674
65.23507499694824,0.29637,0.011666
65.28367900848389,0.30228,0.011623
65.3335030078888,0.30773,0.011618
65.38317656517029,0.31484,0.011635
65.43539309501648,0.053027,0.011673
65.48220133781433,0.07328,0.011643
65.5364317893982,0.08008,0.011697
65.58524632453918,0.09344,0.011677
65.63542413711548,0.097453,0.011692
65.68488693237305,0.10275,0.011702
65.73558259010315,0.10395,0.011631
65.78783965110779,0.11635,0.011662
65.83761310577393,0.12133,0.011631
65.8919689655304,0.12697,0.011703
65.94138646125793,0.13184,0.011599
65.99410676956177,0.13777,0.011613
66.04262518882751,0.14004,0.011593
66.09784579277039,0.14552,0.011621
66.14353084564209,0.1558,0.011667
66.19615292549133,0.15683,0.011705
66.24706888198853,0.16349,0.011541
66.29871273040771,0.16671,0.01164
66.35014510154724,0.16992,0.011641
66.40996789932251,0.17944,0.011642
66.4584858417511,0.18472,0.01162
66.5161440372467,0.18779,0.011583
66.57321834564209,0.19304,0.011584
66.6277220249176,0.20129,0.011587
66.67525672912598,0.20444,0.011602
66.72388052940369,0.20551,0.011606
66.77778220176697,0.21157,0.011623
66.82709789276123,0.21445,0.011613
66.87766766548157,0.22283,0.011578
66.92765593528748,0.2268,0.011654
66.9812695980072,0.23077,0.011539
67.03170108795166,0.23575,0.011666
67.08123898506165,0.23675,0.011671
67.13196349143982,0.24189,0.011578
67.18406176567078,0.24576,0.0116
67.23229122161865,0.25172,0.011627
67.2886712551117,0.25487,0.01165
67.33380818367004,0.25969,0.01161
67.38796949386597,0.26461,0.011649
67.43585968017578,0.27264,0.011661
67.4884135723114,0.2768,0.01165
67.5423150062561,0.27867,0.01168
67.59070777893066,0.28437,0.011605
67.64969801902771,0.28644,0.011626
67.69762182235718,0.29233,0.01167
67.74657535552979,0.29539,0.011661
67.80042910575867,0.30324,0.011653
67.85185027122498,0.31085,0.011625
67.89854860305786,0.04976,0.011655
67.95205903053284,0.05732,0.011594
68.00359511375427,0.06512,0.011633
68.05736994743347,0.078587,0.011672
68.10641956329346,0.081173,0.011625
68.1600444316864,0.10123,0.011647
68.21343779563904,0.10632,0.011574
68.2601215839386,0.10995,0.01161
68.31176352500916,0.11633,0.011678
68.36174249649048,0.12237,0.011623
68.41216969490051,0.12591,0.011612
68.46382689476013,0.13189,0.011644
68.51337218284607,0.13648,0.011577
68.56472587585449,0.13985,0.011654
68.61548614501953,0.14996,0.01167
68.66219353675842,0.1546,0.011654
68.71582508087158,0.15888,0.011582
68.7661280632019,0.16332,0.011582
68.81727623939514,0.16872,0.011575
68.86425232887268,0.17183,0.011621
68.91635298728943,0.17625,0.011585
68.96993732452393,0.18155,0.011545
69.02325391769409,0.18872,0.011581
69.07538604736328,0.19393,0.011678
69.12143421173096,0.19823,0.011547
69.17545223236084,0.20225,0.01162
69.22816038131714,0.20641,0.01163
69.28249406814575,0.21056,0.011613
69.33162093162537,0.21459,0.011589
69.38594913482666,0.21855,0.011594
69.44185304641724,0.22265,0.01163
69.48847341537476,0.22764,0.011631
69.54104852676392,0.23273,0.011595
69.5922372341156,0.23971,0.011628
69.64411854743958,0.24371,0.011571
69.68909049034119,0.24883,0.011622
69.74567484855652,0.25256,0.01171
69.79385185241699,0.25661,0.011595
69.84744334220886,0.26056,0.011572
69.89363670349121,0.26451,0.011613
69.94371390342712,0.26759,0.011562
69.99584412574768,0.27148,0.011637
70.04514455795288,0.28141,0.011636
70.09944939613342,0.28449,0.011664
70.15158319473267,0.28832,0.011546
70.20028614997864,0.29231,0.011593
70.2475733757019,0.29731,0.011619
70.29898715019226,0.30008,0.011637
70.35383701324463,0.30505,0.011632
70.39952063560486,0.049933,0.01157
70.45557308197021,0.057307,0.011583
70.50826334953308,0.069907,0.011615
70.55652713775635,0.078107,0.011661
70.61577415466309,0.088867,0.011679
70.66420483589172,0.098533,0.011669
70.71423029899597,0.10244,0.011714
70.7660448551178,0.11249,0.011673
70.81930232048035,0.11753,0.011624
70.86522698402405,0.12235,0.011646
70.91704058647156,0.12597,0.011578
70.9718291759491,0.13169,0.011631
71.02459836006165,0.13397,0.011673
71.07182335853577,0.14545,0.011556
71.12280440330505,0.14885,0.011579
71.178067445755,0.15339,0.011631
71.22661828994751,0.15875,0.011654
71.2747163772583,0.16323,0.011702
71.32546782493591,0.16753,0.011623
71.37644386291504,0.17176,0.01155
71.42565321922302,0.17915,0.011589
71.4769515991211,0.1834,0.011632
71.52752876281738,0.18757,0.011656
71.57856249809265,0.19065,0.01162
71.6270923614502,0.19391,0.011665
71.675541639328,0.2022,0.011582
71.73007893562317,0.20644,0.011665
71.77811121940613,0.21029,0.011656
71.83065557479858,0.21549,0.011625
71.87951707839966,0.21949,0.011662
71.92812514305115,0.22459,0.011633
71.97938060760498,0.22647,0.011669
72.02910733222961,0.23268,0.011628
72.08190965652466,0.23657,0.01161
72.13331007957458,0.24073,0.011608
72.18102884292603,0.24453,0.011613
72.23735618591309,0.24856,0.01162
72.28460240364075,0.25664,0.011613
72.33667302131653,0.25951,0.011608
72.38373255729675,0.26549,0.01163
72.43429374694824,0.26749,0.011667
72.48625612258911,0.27247,0.011658
72.54708743095398,0.27612,0.011672
72.59388279914856,0.28037,0.011676
72.64588761329651,0.28927,0.011663
72.69543647766113,0.29131,0.011602
72.74592089653015,0.29832,0.011647
72.79757738113403,0.3002,0.01171
72.85112309455872,0.30409,0.011655
72.89473795890808,0.30639,0.011609
72.9497058391571,0.056933,0.01161
72.99955463409424,0.067227,0.011579
73.0499370098114,0.07252,0.011624
73.10051536560059,0.08612,0.011669
73.15034174919128,0.09424,0.011663
73.20376133918762,0.099813,0.011619
73.25360584259033,0.10361,0.011684
73.29864001274109,0.11123,0.011648
73.3532383441925,0.11973,0.011607
73.40182995796204,0.12459,0.011518
73.45097374916077,0.13039,0.011567
73.5042827129364,0.13389,0.011598
73.55338025093079,0.13977,0.011664
73.60601162910461,0.14316,0.011617
73.65418982505798,0.14764,0.011642
73.70679998397827,0.15212,0.011581
73.75504875183105,0.15875,0.011623
73.8080484867096,0.16305,0.011611
73.85587978363037,0.16737,0.011623
73.90704226493835,0.17705,0.011594
73.95513033866882,0.17899,0.011568
74.00598526000977,0.18437,0.011631
74.06392121315002,0.18976,0.011591
74.1095519065857,0.19283,0.011585
74.16438794136047,0.19805,0.011562
74.21479034423828,0.20311,0.011595
74.26273226737976,0.20619,0.011653
74.31596279144287,0.21024,0.011571
74.36542344093323,0.21447,0.011593
74.41765093803406,0.22339,0.011482
74.46530485153198,0.22749,0.011602
74.5159661769867,0.23052,0.011636
74.56581449508667,0.23455,0.011608
74.6187891960144,0.23948,0.011566
74.66786003112793,0.24357,0.011599
74.72145938873291,0.24748,0.011626
74.77007246017456,0.25155,0.011629
74.81777691841125,0.25936,0.011607
74.86889576911926,0.26149,0.011629
74.92919921875,0.26645,0.01161
74.97680592536926,0.27137,0.011632
75.02585649490356,0.27535,0.011621
75.08077836036682,0.27741,0.011622
75.12476253509521,0.2862,0.011625
75.1847493648529,0.2912,0.011622
75.23335266113281,0.29319,0.011679
75.28531122207642,0.29811,0.01161
75.33212685585022,0.30197,0.011613
75.38506269454956,0.30616,0.011622
75.43447518348694,0.31235,0.011656
75.48595142364502,0.05456,0.011612
75.53790330886841,0.06448,0.011627
75.58898758888245,0.077747,0.011638
75.63450717926025,0.088387,0.011673
75.68713116645813,0.10096,0.011654
75.73539614677429,0.10848,0.011655
75.78415274620056,0.10979,0.011637
75.83942294120789,0.11728,0.011665
75.88929963111877,0.1206,0.011611
75.93907618522644,0.12553,0.011658
75.99234104156494,0.13152,0.011642
76.04113292694092,0.13599,0.011643
76.09753274917603,0.14076,0.011645
76.14832425117493,0.14983,0.011679
76.19486904144287,0.15436,0.01161
76.2505955696106,0.15741,0.011641
76.29686188697815,0.16408,0.011627
76.35274362564087,0.16728,0.011593
76.40280485153198,0.17271,0.011596
76.4564778804779,0.17705,0.011628
76.50219559669495,0.18113,0.011611
76.55661010742188,0.1886,0.011623
76.61446523666382,0.19379,0.011566
76.66735696792603,0.19687,0.011458
76.71477341651917,0.20099,0.011576
76.77157425880432,0.20715,0.011612
76.8202805519104,0.21319,0.011657
76.8705792427063,0.21736,0.011654
76.92640829086304,0.2214,0.011572
76.97671890258789,0.22541,0.011601
77.0241003036499,0.23063,0.011625
77.07799983024597,0.23449,0.011645
77.12623429298401,0.23848,0.011653
77.18047571182251,0.24353,0.011631
77.2289810180664,0.24744,0.0116
77.28995060920715,0.25548,0.01165
77.34045553207397,0.25925,0.011645
77.3867359161377,0.26319,0.011635
77.4393219947815,0.26723,0.011585
77.49062299728394,0.27124,0.011576
77.54261541366577,0.27631,0.011629
77.5990583896637,0.28015,0.011631
77.6498351097107,0.28403,0.011605
77.70196294784546,0.29209,0.011686
77.75299334526062,0.29508,0.011705
77.79895877838135,0.29888,0.011654
77.8507432937622,0.3028,0.011656
77.91029620170593,0.30592,0.011634
77.9597475528717,0.31624,0.011658
78.01907539367676,0.054187,0.011648
78.06588912010193,0.0776,0.011649
78.12746143341064,0.088213,0.011621
78.17781090736389,0.09368,0.011639
78.23054957389832,0.10225,0.011622
78.27840161323547,0.10725,0.01163
78.33595180511475,0.11583,0.011585
78.38433814048767,0.12193,0.011678
78.43674898147583,0.12537,0.011579
78.48612904548645,0.13137,0.011589
78.53627228736877,0.13613,0.01161
78.58307552337646,0.14053,0.011651
78.63983750343323,0.14296,0.011586
78.6910047531128,0.15189,0.011657
78.74320530891418,0.15852,0.011655
78.79439282417297,0.15956,0.011661
78.85257196426392,0.16624,0.011579
78.90341186523438,0.17465,0.011609
78.95444750785828,0.178,0.011557
79.00279903411865,0.18311,0.011561
79.05916023254395,0.18633,0.011613
79.10662245750427,0.19147,0.011498
79.15436100959778,0.19575,0.011484
79.20520758628845,0.19987,0.01158
79.26467895507812,0.20915,0.011627
79.31713628768921,0.21003,0.011591
79.36600112915039,0.21631,0.011644
79.41790270805359,0.21727,0.011592
79.47152400016785,0.22435,0.011611
79.5233781337738,0.22732,0.011585
79.57840633392334,0.2324,0.011634
79.62851285934448,0.2364,0.011643
79.67786502838135,0.23928,0.011629
79.72769236564636,0.24935,0.011605
79.77854347229004,0.25331,0.011565
79.82580399513245,0.25545,0.01162
79.87918758392334,0.26125,0.011609
79.92941737174988,0.26541,0.011591
79.98232650756836,0.26924,0.011617
80.03005361557007,0.27309,0.011599
80.08340191841125,0.27912,0.011669
80.13001132011414,0.2842,0.01159
80.17922115325928,0.28697,0.01159
80.23186588287354,0.29203,0.011653
80.28115105628967,0.29595,0.011658
80.33217597007751,0.29888,0.01161
80.38464283943176,0.30373,0.011626
80.43446493148804,0.30992,0.011594
80.4818663597107,0.050147,0.011455
80.5352110862732,0.056253,0.011646
80.58311772346497,0.080147,0.011599
80.6349458694458,0.090813,0.011623
80.68327188491821,0.095587,0.011655
80.73909091949463,0.10591,0.011594
80.78736758232117,0.10947,0.011628
80.83684706687927,0.11583,0.011684
80.88921189308167,0.11941,0.011581
80.93843078613281,0.12545,0.011556
80.98846936225891,0.12908,0.011601
81.04047560691833,0.13264,0.011707
81.0920922756195,0.14295,0.011586
81.1402039527893,0.14747,0.0116
81.19205904006958,0.15165,0.011629
81.24250936508179,0.15517,0.011648
81.30155324935913,0.1596,0.011606
81.34726190567017,0.165,0.011597
81.40260791778564,0.16916,0.011575
81.45213627815247,0.17343,0.011543
81.50391888618469,0.18304,0.01164
81.5526852607727,0.18723,0.011533
81.61040377616882,0.19041,0.011541
81.6582043170929,0.19564,0.011487
81.71172165870667,0.19971,0.01153
81.76547813415527,0.20396,0.011585
81.81594491004944,0.20701,0.011582
81.86855125427246,0.21511,0.011638
81.92112255096436,0.22015,0.011563
81.97456431388855,0.22417,0.011589
82.02314925193787,0.22925,0.011598
82.07146739959717,0.23127,0.011546
82.12401413917542,0.23737,0.011575
82.17637062072754,0.24017,0.011607
82.22413730621338,0.24435,0.011582
82.27595567703247,0.24819,0.011493
82.32387018203735,0.25317,0.011566
82.37504601478577,0.26013,0.011556
82.42541575431824,0.26421,0.01158
82.4763720035553,0.26924,0.011589
82.53243970870972,0.27205,0.011575
82.58087396621704,0.27715,0.011623
82.63100862503052,0.28101,0.011638
82.68303275108337,0.28503,0.011656
82.742267370224,0.29279,0.011697
82.79201698303223,0.29677,0.011651
82.84176707267761,0.30064,0.011675
82.89540004730225,0.30255,0.011622
82.9520742893219,0.31172,0.011585
83.00033497810364,0.055987,0.011591
83.05151677131653,0.066293,0.011593
83.10102224349976,0.07704,0.011665
83.15802431106567,0.08788,0.01165
83.20605134963989,0.096707,0.011612
83.25747275352478,0.10189,0.011628
83.30610990524292,0.10571,0.0116
83.35792374610901,0.11681,0.011603
83.40946173667908,0.12187,0.011571
83.46013712882996,0.12531,0.011603
83.50960969924927,0.1312,0.01161
83.56078577041626,0.137,0.011742
83.60795378684998,0.14171,0.011652
83.66071820259094,0.145,0.011668
83.71911478042603,0.14952,0.011629
83.76832914352417,0.15829,0.011674
83.8144519329071,0.16372,0.011539
83.86749458312988,0.16585,0.011592
83.91888928413391,0.17239,0.011386
83.97298908233643,0.17685,0.011618
84.02177238464355,0.18073,0.011534
84.07416367530823,0.18611,0.011546
84.1188645362854,0.19032,0.011518
84.18040227890015,0.19339,0.011417
84.22762608528137,0.19861,0.011582
84.28038001060486,0.20272,0.011564
84.32813239097595,0.21192,0.011465
84.3854992389679,0.21497,0.011638
84.44068598747253,0.21909,0.011696
84.48868656158447,0.22409,0.011639
84.53878664970398,0.22817,0.011665
84.59330201148987,0.23117,0.011633
84.64272427558899,0.23915,0.011658
84.69100666046143,0.24323,0.011662
84.74587941169739,0.24713,0.011627
84.79392099380493,0.2512,0.011649
84.84753084182739,0.2572,0.011597
84.89809060096741,0.26099,0.011611
84.94753313064575,0.26601,0.011611
85.00129890441895,0.27013,0.011551
85.04889392852783,0.27416,0.011607
85.10219430923462,0.27799,0.011583
85.1600091457367,0.28092,0.011639
85.20809674263,0.28693,0.011641
85.25776267051697,0.29089,0.011653
85.31039094924927,0.29477,0.011665
85.35850763320923,0.30259,0.011639
85.40751051902771,0.30735,0.011624
85.46161198616028,0.31459,0.011661
85.51015782356262,0.051013,0.011535
85.56028985977173,0.06348,0.011699
85.6103868484497,0.068693,0.011635
85.66121506690979,0.082093,0.011697
85.7143394947052,0.090387,0.011653
85.7628173828125,0.10051,0.011654
85.81394934654236,0.10564,0.011589
85.86395144462585,0.11671,0.011579
85.91323041915894,0.12156,0.011545
85.96300506591797,0.12519,0.011479
86.01667165756226,0.13104,0.011575
86.06933903694153,0.1358,0.011634
86.11929678916931,0.13799,0.011646
86.16749715805054,0.14488,0.011643
86.2156617641449,0.14939,0.011599
86.26791167259216,0.15836,0.011613
86.3182315826416,0.16152,0.011572
86.36808347702026,0.16595,0.011624
86.42219734191895,0.17236,0.011689
86.4691207408905,0.17537,0.011614
86.5190417766571,0.1808,0.011535
86.57089185714722,0.18611,0.011566
86.62359523773193,0.18931,0.011585
86.67193055152893,0.19227,0.011363
86.72261047363281,0.19755,0.011273
86.77484679222107,0.20583,0.011577
86.82507300376892,0.20984,0.011602
86.87453413009644,0.21291,0.011619
86.92918658256531,0.21705,0.01163
86.9808738231659,0.22203,0.011586
87.02910876274109,0.22589,0.011613
87.0871319770813,0.23004,0.011674
87.13914132118225,0.23413,0.011651
87.18461966514587,0.24215,0.011609
87.24103689193726,0.24617,0.011578
87.29052710533142,0.25007,0.011557
87.3418562412262,0.254,0.011618
87.39136862754822,0.25908,0.011611
87.4404730796814,0.26101,0.01165
87.48785924911499,0.26595,0.011614
87.53745412826538,0.26991,0.011577
87.59044742584229,0.27392,0.011567
87.64260053634644,0.28384,0.011568
87.69351530075073,0.28765,0.011659
87.74352478981018,0.29071,0.011673
87.79332447052002,0.29369,0.011627
87.84379029273987,0.29961,0.011639
87.89706301689148,0.30167,0.011649
87.94556069374084,0.30921,0.011675
87.99694466590881,0.05308,0.011687
88.04419565200806,0.050627,0.011572
88.09433078765869,0.0738,0.011607
88.14537978172302,0.084587,0.011651
88.1992928981781,0.096427,0.011663
88.25033926963806,0.10156,0.011679
88.29784536361694,0.10532,0.011642
88.3482985496521,0.11179,0.011634
88.39899635314941,0.11533,0.011623
88.45964312553406,0.12043,0.011612
88.50640892982483,0.1262,0.011579
88.56065630912781,0.13221,0.011593
88.60754466056824,0.14137,0.01162
88.6656641960144,0.14249,0.011569
88.71842050552368,0.15052,0.011641
88.76843881607056,0.15484,0.011591
88.81891417503357,0.15825,0.011621
88.87123513221741,0.16256,0.01167
88.9191472530365,0.1722,0.011724
88.96882486343384,0.17652,0.011625
89.02235579490662,0.17959,0.011666
89.06948971748352,0.185,0.011603
89.11813020706177,0.18788,0.011628
89.17009568214417,0.19232,0.011377
89.2205593585968,0.19648,0.011307
89.26986837387085,0.20352,0.01156
89.32148289680481,0.20861,0.01158
89.37444567680359,0.21283,0.011718
89.42238664627075,0.21677,0.011551
89.4735279083252,0.22197,0.011603
89.52522444725037,0.22399,0.011588
89.5728669166565,0.22783,0.011618
89.62513732910156,0.23195,0.011621
89.67894005775452,0.23707,0.011628
89.72537755966187,0.24212,0.011605
89.77896118164062,0.2458,0.011628
89.8290011882782,0.25469,0.011638
89.87894773483276,0.25877,0.01157
89.92970490455627,0.262,0.011598
89.97880101203918,0.26591,0.011599
90.0278902053833,0.26969,0.011617
90.07922053337097,0.27385,0.011655
90.12945580482483,0.27989,0.011589
90.17848563194275,0.28365,0.011566
90.22947239875793,0.28648,0.011661
90.27975511550903,0.29155,0.011636
90.33529949188232,0.29849,0.011706
90.383535861969,0.30333,0.011678
90.43320155143738,0.30891,0.011649
90.48624515533447,0.31509,0.011664
90.5356056690216,0.052733,0.011675
90.58522319793701,0.062907,0.011628
90.63513278961182,0.079,0.011681
90.68579983711243,0.087173,0.011579
90.73704981803894,0.094987,0.011703
90.788743019104,0.10151,0.011697
90.83979868888855,0.10539,0.011666
90.88731741905212,0.11277,0.011667
90.93684649467468,0.12143,0.011608
90.9914858341217,0.12616,0.011633
91.03763771057129,0.13205,0.01167
91.09797930717468,0.13659,0.011648
91.1479902267456,0.1412,0.011658
91.1973557472229,0.14463,0.011642
91.24894499778748,0.15145,0.011633
91.29913711547852,0.15245,0.011657
91.34990572929382,0.16459,0.011678
91.39883708953857,0.16784,0.01173
91.44647765159607,0.16988,0.011706
91.5008134841919,0.17521,0.011707
91.55598902702332,0.17848,0.011661
91.60558724403381,0.18485,0.01162
91.65262627601624,0.19331,0.011568
91.70385003089905,0.19625,0.011409
91.75690937042236,0.20055,0.011392
91.80617785453796,0.20451,0.011548
91.8546769618988,0.20972,0.011548
91.9076611995697,0.21372,0.01156
91.9538185596466,0.21877,0.011646
92.00733280181885,0.22088,0.011602
92.05687713623047,0.22489,0.011618
92.10894536972046,0.22896,0.011668
92.1575493812561,0.23404,0.011626
92.20803093910217,0.24201,0.011658
92.25960326194763,0.24697,0.011627
92.31083536148071,0.25096,0.011605
92.35818481445312,0.2548,0.011635
92.41443037986755,0.2578,0.011617
92.46262669563293,0.26185,0.011582
92.52007126808167,0.26796,0.011602
92.56603193283081,0.26884,0.011559
92.62280821800232,0.2776,0.011602
92.67152547836304,0.28267,0.011599
92.7246606349945,0.28677,0.011631
92.77392530441284,0.28952,0.011634
92.82279372215271,0.29357,0.011659
92.87509250640869,0.29653,0.011642
92.92435240745544,0.30535,0.011636
92.97614121437073,0.31303,0.011637
93.0280191898346,0.052733,0.011634
93.0778865814209,0.060013,0.011682
93.13732314109802,0.070787,0.011587
93.18750786781311,0.081467,0.011653
93.24421811103821,0.094947,0.011705
93.290846824646,0.10523,0.011639
93.34851479530334,0.10916,0.011627
93.39500737190247,0.11528,0.01161
93.44870066642761,0.11777,0.011605
93.49847197532654,0.12501,0.011624
93.55218482017517,0.13431,0.011585
93.60379910469055,0.13887,0.011651
93.65768384933472,0.14348,0.011671
93.70804905891418,0.14699,0.011673
93.75659489631653,0.15244,0.011656
93.80673670768738,0.1558,0.011658
93.85663175582886,0.16251,0.011663
93.90465950965881,0.16472,0.01167
93.95581650733948,0.16984,0.011699
94.0070629119873,0.17323,0.011629
94.05982804298401,0.17948,0.011666
94.1093499660492,0.18789,0.011661
94.16012072563171,0.19203,0.011683
94.20733547210693,0.19629,0.011552
94.26433420181274,0.19721,0.011627
94.31252098083496,0.20529,0.011589
94.36414456367493,0.20657,0.011576
94.41314578056335,0.21251,0.011605
94.46400737762451,0.21568,0.011635
94.511146068573,0.22084,0.011467
94.565176486969,0.22871,0.011595
94.61253929138184,0.23175,0.011605
94.66366934776306,0.23684,0.011663
94.71468591690063,0.23975,0.011623
94.76438856124878,0.24593,0.011675
94.8128969669342,0.24879,0.011593
94.87244200706482,0.25264,0.011614
94.92350125312805,0.25779,0.011591
94.97740650177002,0.26183,0.011576
95.02794051170349,0.26556,0.011587
95.07824420928955,0.27064,0.011635
95.125075340271,0.27955,0.011596
95.18464517593384,0.28264,0.011545
95.23363637924194,0.28745,0.011679
95.28838396072388,0.29045,0.011682
95.33877515792847,0.29835,0.011722
95.38596081733704,0.29932,0.011738
95.437828540802,0.30328,0.011689
95.48899126052856,0.31273,0.01166
95.54326748847961,0.048107,0.011703
95.59080243110657,0.05984,0.011705
95.64121961593628,0.070387,0.011664
95.69406223297119,0.08404,0.011544
95.74713182449341,0.098707,0.011647
95.79534077644348,0.10269,0.011708
95.84420847892761,0.11007,0.011657
95.89904713630676,0.11393,0.011625
95.94553399085999,0.12005,0.011554
95.99774432182312,0.12361,0.011736
96.04605841636658,0.12959,0.011638
96.09813022613525,0.13757,0.011772
96.14845943450928,0.14228,0.011759
96.1991925239563,0.14672,0.0117
96.25041079521179,0.15028,0.011652
96.30355644226074,0.15573,0.011793
96.35211062431335,0.16028,0.01165
96.40712523460388,0.16453,0.011631
96.45708751678467,0.16883,0.011673
96.51217579841614,0.17837,0.011652
96.56463432312012,0.18039,0.011667
96.61441731452942,0.18564,0.011686
96.66284799575806,0.18879,0.011513
96.71835732460022,0.19407,0.011402
96.7639148235321,0.19827,0.011579
96.81745553016663,0.20136,0.011602
96.86878681182861,0.20645,0.011608
96.91625046730042,0.21041,0.011601
96.96862053871155,0.21971,0.011602
97.01879286766052,0.22157,0.011598
97.06839108467102,0.22557,0.011562
97.11867260932922,0.22956,0.011617
97.17035436630249,0.23779,0.011668
97.2166998386383,0.24265,0.011695
97.26828336715698,0.24583,0.011585
97.32183599472046,0.24884,0.011625
97.37007689476013,0.25467,0.011558
97.42339944839478,0.2586,0.011601
97.47165155410767,0.26359,0.011327
97.52291870117188,0.26765,0.011652
97.5717511177063,0.2716,0.011622
97.62150621414185,0.27553,0.01156
97.67268919944763,0.27828,0.011622
97.72305226325989,0.28345,0.011617
97.77533626556396,0.28748,0.011612
97.82456517219543,0.29348,0.011631
97.87285327911377,0.29828,0.011665
97.92406678199768,0.30221,0.011658
97.97260594367981,0.30956,0.011664
98.02287817001343,0.047867,0.011608
98.0754964351654,0.05196,0.01163
98.12627243995667,0.067747,0.011631
98.17727851867676,0.070253,0.011642
98.22787642478943,0.08636,0.011674
98.27680230140686,0.10249,0.011604
98.32847619056702,0.10504,0.011612
98.37897610664368,0.11268,0.011638
98.43826723098755,0.11517,0.011563
98.49117732048035,0.12227,0.011594
98.5390236377716,0.12611,0.011617
98.58758234977722,0.13064,0.01163
98.64093708992004,0.13988,0.011699
98.69307160377502,0.14551,0.011688
98.74131345748901,0.14883,0.011591
98.80051875114441,0.15441,0.011713
98.84577322006226,0.15897,0.011745
98.89854860305786,0.1644,0.011739
98.94832015037537,0.16757,0.011685
98.99452567100525,0.17075,0.011732
99.04952478408813,0.17816,0.011677
99.10039782524109,0.18351,0.011716
99.1540904045105,0.18773,0.011678
99.20240831375122,0.19405,0.011652
99.25283217430115,0.19596,0.011524
99.30118680000305,0.20216,0.011539
99.36134123802185,0.20625,0.01156
99.4087278842926,0.21041,0.011564
99.46215200424194,0.21447,0.011626
99.51160979270935,0.21849,0.011612
99.56633591651917,0.22767,0.011627
99.61669540405273,0.23055,0.011645
99.6656756401062,0.23557,0.011613
99.71840405464172,0.23965,0.011646
99.76585817337036,0.24275,0.011603
99.814444065094,0.24783,0.011599
99.87521958351135,0.25164,0.011726
99.92469024658203,0.25564,0.011595
99.9757034778595,0.26056,0.011627
100.02757930755615,0.26733,0.011701
100.07989621162415,0.27141,0.011629
100.12662768363953,0.27637,0.01167
100.17801594734192,0.28027,0.011577
100.22823405265808,0.28443,0.011587
100.28043484687805,0.28729,0.011617
100.3298487663269,0.29219,0.011663
100.37834477424622,0.29516,0.011659
100.43308687210083,0.30213,0.011689
100.48202157020569,0.30503,0.011687
100.52645754814148,0.31355,0.011612
100.57813572883606,0.047453,0.011636
100.62904024124146,0.070053,0.01163
100.68087840080261,0.080853,0.011681
100.73254418373108,0.088867,0.011672
100.78226327896118,0.098453,0.011714
100.83043122291565,0.10113,0.01165
100.89249110221863,0.11373,0.011681
100.94428944587708,0.11843,0.011664
100.99264454841614,0.12343,0.011631
101.04605102539062,0.12807,0.011675
101.09824204444885,0.13279,0.011666
101.14729332923889,0.13764,0.011723
101.1953194141388,0.1432,0.01171
101.2485785484314,0.149,0.011679
101.29559564590454,0.15345,0.011654
101.34508562088013,0.15543,0.011734
101.39526987075806,0.162,0.011671
101.44641184806824,0.16535,0.01176
101.49991488456726,0.17076,0.011778
101.54927396774292,0.17924,0.011739
101.59707856178284,0.18347,0.011694
101.6493718624115,0.18872,0.011643
101.69901895523071,0.19273,0.011681
101.74617624282837,0.19488,0.011518
101.80707550048828,0.20011,0.011538
101.85955309867859,0.20431,0.011585
101.90695643424988,0.20924,0.011668
101.9579074382782,0.21553,0.011629
102.00954604148865,0.22143,0.011685
102.05629205703735,0.22447,0.011583
102.10883045196533,0.2294,0.011676
102.15855383872986,0.23149,0.01164
102.2100899219513,0.23751,0.011645
102.26049423217773,0.24148,0.011578
102.31784152984619,0.24559,0.011646
102.36792635917664,0.24956,0.011663
102.41830205917358,0.25835,0.011686
102.46870303153992,0.26045,0.011729
102.51929759979248,0.26439,0.011682
102.57172465324402,0.26833,0.011615
102.62031483650208,0.27435,0.011616
102.66718673706055,0.27931,0.011559
102.72026109695435,0.28332,0.011517
102.77009296417236,0.28808,0.011566
102.82209324836731,0.29215,0.011609
102.87095665931702,0.29516,0.011569
102.91870307922363,0.30095,0.011656
102.97053456306458,0.30291,0.011589
103.0205442905426,0.30809,0.011587
103.07647705078125,0.31437,0.011637
103.12303352355957,0.064293,0.011577
103.1752359867096,0.080507,0.011625
103.22740316390991,0.090147,0.011706
103.27836465835571,0.097133,0.011677
103.32696461677551,0.10233,0.011677
103.3784077167511,0.10733,0.011654
103.42611718177795,0.11219,0.011602
103.47683668136597,0.11713,0.011642
103.52725601196289,0.12312,0.011631
103.57804608345032,0.13272,0.011658
103.62847948074341,0.13749,0.01166
103.68130326271057,0.14071,0.011606
103.72527980804443,0.14641,0.011695
103.7812511920929,0.14983,0.011702
103.83002042770386,0.15556,0.011665
103.87775802612305,0.16076,0.011761
103.92979001998901,0.1642,0.011791
103.98105049133301,0.16952,0.011856
104.0307309627533,0.17393,0.011812
104.0845558643341,0.18127,0.011747
104.12939786911011,0.18432,0.011793
104.18053674697876,0.18857,0.011675
104.23968291282654,0.19273,0.01155
104.28796148300171,0.19575,0.011599
104.34379315376282,0.2052,0.011534
104.39144778251648,0.20921,0.011557
104.44166851043701,0.21333,0.011627
104.49446678161621,0.21843,0.011637
104.550372838974,0.22057,0.011679
104.60181546211243,0.22953,0.011606
104.65022778511047,0.23251,0.011637
104.70266890525818,0.23657,0.011623
104.75014138221741,0.24152,0.011624
104.80120062828064,0.24559,0.011633
104.85242056846619,0.24945,0.011668
104.89971280097961,0.25443,0.011631
104.9510760307312,0.25637,0.011701
105.00295114517212,0.26235,0.011686
105.0574562549591,0.26639,0.011663
105.10341620445251,0.27032,0.01162
105.15514898300171,0.27517,0.011584
105.2064836025238,0.28025,0.011586
105.25711178779602,0.28615,0.011586
105.30714631080627,0.28996,0.011585
105.35912561416626,0.29413,0.011621
105.41095566749573,0.29801,0.011642
105.45967960357666,0.30089,0.011678
105.50861072540283,0.30504,0.011636
105.56333136558533,0.05152,0.011575
105.61039161682129,0.06148,0.01161
105.66261672973633,0.071093,0.011567
105.71769571304321,0.08304,0.011702
105.76684021949768,0.093947,0.011665
105.82020735740662,0.099547,0.011627
105.86887836456299,0.10592,0.011636
105.91725444793701,0.11096,0.011616
105.96951580047607,0.11463,0.011643
106.01841497421265,0.11952,0.011585
106.07219314575195,0.12572,0.011617
106.11860513687134,0.13147,0.01168
106.1710593700409,0.13619,0.011653
106.22034692764282,0.1452,0.011676
106.27177214622498,0.1496,0.011759
106.3225736618042,0.15416,0.011781
106.37507390975952,0.15848,0.011784
106.43107986450195,0.16295,0.011902
106.47846055030823,0.16732,0.011842
106.52990365028381,0.17273,0.011823
106.57860612869263,0.17696,0.011775
106.63068985939026,0.18215,0.011662
106.68471050262451,0.18636,0.011687
106.73164486885071,0.19043,0.011694
106.78297138214111,0.19475,0.011643
106.83786273002625,0.20301,0.011572
106.887286901474,0.20611,0.011593
106.94476675987244,0.21236,0.011614
107.00135588645935,0.21636,0.011566
107.04990148544312,0.22036,0.011619
107.0959267616272,0.22439,0.01161
107.14857816696167,0.22939,0.011635
107.20061707496643,0.23149,0.011574
107.25316023826599,0.24036,0.011604
107.30290579795837,0.24519,0.011653
107.35624599456787,0.24847,0.011726
107.4029290676117,0.25344,0.011732
107.4617829322815,0.25636,0.011672
107.51211380958557,0.26033,0.011715
107.56219959259033,0.26524,0.011578
107.61129450798035,0.2722,0.011596
107.66733026504517,0.2772,0.011565
107.71768593788147,0.27932,0.011579
107.767160654068,0.28615,0.011536
107.81587791442871,0.28997,0.011557
107.86708855628967,0.29297,0.011632
107.9266049861908,0.29693,0.011641
107.97103357315063,0.30191,0.011604
108.02763032913208,0.30884,0.011648
108.075368642807,0.048707,0.01157
108.12316346168518,0.057307,0.011615
108.17422580718994,0.069267,0.011601
108.22727560997009,0.082733,0.011731
108.27797102928162,0.08824,0.011746
108.3284502029419,0.099333,0.011629
108.379554271698,0.10572,0.01158
108.43323016166687,0.1108,0.011627
108.48315215110779,0.11581,0.011593
108.5326509475708,0.12067,0.011543
108.58264994621277,0.13001,0.011545
108.6336772441864,0.1348,0.011586
108.67939496040344,0.13816,0.011687
108.73202610015869,0.1416,0.011735
108.77836179733276,0.14852,0.011755
108.8322184085846,0.14955,0.011954
108.88609957695007,0.15955,0.011891
108.9333426952362,0.16496,0.011899
108.98167133331299,0.16595,0.011901
109.03686594963074,0.17137,0.011733
109.08344841003418,0.17776,0.011798
109.13578367233276,0.18516,0.011691
109.18956112861633,0.18745,0.01169
109.23508405685425,0.19155,0.011745
109.28694462776184,0.19564,0.011699
109.33710527420044,0.19975,0.011558
109.38515377044678,0.2038,0.011608
109.4382734298706,0.20789,0.011593
109.49348092079163,0.21511,0.011482
109.54310655593872,0.22096,0.011558
109.5896508693695,0.22419,0.011596
109.64161515235901,0.22715,0.011583
109.69124484062195,0.23221,0.011581
109.74120450019836,0.23825,0.011629
109.79447960853577,0.2432,0.011632
109.84320187568665,0.24725,0.011675
109.89094495773315,0.25121,0.011649
109.94115352630615,0.25321,0.011634
109.99360823631287,0.25911,0.011629
110.04362344741821,0.2622,0.011614
110.0932047367096,0.266,0.011596
110.14614534378052,0.27117,0.011562
110.19517588615417,0.27896,0.011587
110.24625968933105,0.28401,0.011601
110.29255366325378,0.28793,0.011602
110.34193420410156,0.29181,0.011609
110.39536690711975,0.29677,0.011618
110.44486999511719,0.29877,0.011675
110.49561214447021,0.30368,0.011658
110.54797720909119,0.30967,0.01175
110.59611654281616,0.04748,0.0117
110.64574480056763,0.0572,0.011687
110.69885230064392,0.066253,0.011662
110.74889469146729,0.079827,0.011681
110.79586148262024,0.096627,0.011705
110.8485221862793,0.10187,0.011593
110.89853119850159,0.10832,0.011665
110.94978523254395,0.11199,0.011643
110.99909162521362,0.11816,0.011694
111.0474739074707,0.12184,0.011649
111.09863638877869,0.12785,0.011632
111.15183210372925,0.13248,0.011605
111.20266556739807,0.1382,0.011645
111.2510199546814,0.14043,0.011701
111.30034494400024,0.14715,0.011837
111.35332751274109,0.15497,0.011927
111.40552735328674,0.15827,0.01193
111.45421624183655,0.16471,0.011942
111.50455093383789,0.16913,0.011859
111.55563807487488,0.17244,0.011801
111.6051185131073,0.17892,0.011765
111.65523886680603,0.18211,0.01172
111.70656561851501,0.18515,0.011671
111.76230955123901,0.19353,0.011602
111.81279349327087,0.19979,0.011665
111.86717534065247,0.20285,0.011595
111.91355276107788,0.20681,0.011603
111.9666359424591,0.20996,0.011543
112.01783490180969,0.21393,0.01145
112.07161378860474,0.22208,0.011589
112.11976528167725,0.22832,0.011641
112.17445826530457,0.23231,0.011592
112.22998356819153,0.23429,0.011649
112.27476978302002,0.2402,0.011604
112.32774305343628,0.24221,0.011686
112.38713264465332,0.25128,0.011729
112.43646883964539,0.25427,0.011719
112.48798274993896,0.25823,0.011704
112.5404269695282,0.26211,0.011629
112.5846266746521,0.26616,0.011564
112.64072060585022,0.27105,0.01163
112.68866419792175,0.27883,0.011546
112.7408356666565,0.28097,0.011603
112.79069685935974,0.28483,0.011603
112.8425829410553,0.28987,0.011634
112.89181971549988,0.29381,0.011658
112.94187951087952,0.29767,0.011603
112.98943996429443,0.30177,0.011679
113.04072570800781,0.30557,0.011634
113.0922737121582,0.048613,0.011726
113.14314699172974,0.063547,0.011683
113.19520783424377,0.066267,0.011717
113.24317288398743,0.079707,0.011695
113.29489636421204,0.090467,0.011703
113.34282422065735,0.097987,0.011697
113.39353156089783,0.1018,0.011723
113.44518947601318,0.11305,0.011701
113.49432682991028,0.11935,0.011675
113.54818081855774,0.12069,0.011599
113.59666633605957,0.12652,0.011579
113.64739441871643,0.13476,0.011677
113.6965217590332,0.13924,0.01167
113.7527003288269,0.14496,0.011717
113.79986572265625,0.14712,0.011781
113.851247549057,0.15375,0.01201
113.90169262886047,0.15621,0.012062
113.95179271697998,0.16269,0.011964
114.00048661231995,0.16484,0.011945
114.05049228668213,0.17135,0.011979
114.10222268104553,0.17556,0.011855
114.15018463134766,0.18516,0.011785
114.2103283405304,0.18825,0.011661
114.26254272460938,0.19141,0.011668
114.31037545204163,0.19757,0.011687
114.3630051612854,0.19977,0.01165
114.41229104995728,0.20481,0.0116
114.46128988265991,0.20899,0.011581
114.5121591091156,0.21389,0.011475
114.56321048736572,0.21897,0.011506
114.61336898803711,0.222,0.011584
114.66134095191956,0.23007,0.011623
114.71600079536438,0.23524,0.011661
114.76588845252991,0.23824,0.011593
114.81287264823914,0.24221,0.011719
114.8657603263855,0.24612,0.011749
114.91595983505249,0.25005,0.011795
114.96295022964478,0.25401,0.011752
115.01613402366638,0.26196,0.011751
115.0682520866394,0.26401,0.01177
115.11618757247925,0.26992,0.011614
115.16880345344543,0.27488,0.011551
115.21553635597229,0.27885,0.011531
115.2660608291626,0.28192,0.011644
115.31788063049316,0.2856,0.011698
115.37229013442993,0.28881,0.011605
115.41989016532898,0.29469,0.011658
115.47190594673157,0.30168,0.011679
115.51967906951904,0.30448,0.011641
115.57415342330933,0.047013,0.011657
115.62124752998352,0.045907,0.011715
115.6709897518158,0.060653,0.011703
115.7189633846283,0.068493,0.011721
115.77259850502014,0.082067,0.011735
115.82330799102783,0.092907,0.011763
115.87636280059814,0.10297,0.011681
115.92619109153748,0.10931,0.011793
115.97768783569336,0.11564,0.011745
116.03052830696106,0.11904,0.011714
116.0827009677887,0.12512,0.011642
116.13484787940979,0.12875,0.011678
116.18458032608032,0.13339,0.011735
116.24457573890686,0.14245,0.011743
116.29087114334106,0.14704,0.011988
116.34151601791382,0.15171,0.011951
116.3931314945221,0.15712,0.012045
116.44916296005249,0.16045,0.012139
116.49929571151733,0.16391,0.012077
116.55291533470154,0.16808,0.012062
116.6014609336853,0.17659,0.012053
116.65729069709778,0.18301,0.01182
116.70835471153259,0.18717,0.011889
116.7580955028534,0.19033,0.011629
116.80908346176147,0.19439,0.011749
116.85940098762512,0.19944,0.011668
116.90685510635376,0.20676,0.011623
116.96697521209717,0.21072,0.011502
117.01673746109009,0.21393,0.011471
117.07145977020264,0.21792,0.011534
117.11918783187866,0.22199,0.011642
117.17056822776794,0.22701,0.011665
117.2182879447937,0.23293,0.011663
117.28068161010742,0.23707,0.011744
117.3291802406311,0.24212,0.011723
117.37709283828735,0.24603,0.011821
117.43108344078064,0.24983,0.011778
117.47904419898987,0.25487,0.011727
117.53127956390381,0.259,0.011663
117.59113240242004,0.26292,0.01164
117.63929438591003,0.27089,0.011374
117.69305968284607,0.27483,0.011437
117.7418065071106,0.27884,0.011379
117.78998875617981,0.28272,0.011673
117.84219002723694,0.28781,0.011603
117.89407205581665,0.28977,0.011654
117.94066905975342,0.29471,0.011658
117.99661660194397,0.30259,0.011673
118.04744720458984,0.30716,0.011642
118.09445309638977,0.045773,0.01126
118.14473271369934,0.052773,0.012198
118.19789171218872,0.065827,0.011768
118.25262212753296,0.073893,0.011678
118.30072784423828,0.087467,0.011701
118.35504674911499,0.09512,0.011712
118.40888595581055,0.10165,0.011729
118.45918226242065,0.10684,0.011788
118.50620222091675,0.11656,0.011754
118.55557537078857,0.12152,0.011649
118.60840344429016,0.12633,0.011622
118.66413903236389,0.13217,0.011678
118.71425080299377,0.13685,0.011721
118.76115345954895,0.14012,0.011867
118.81235980987549,0.14475,0.012057
118.86453032493591,0.15373,0.012135
118.91339373588562,0.15808,0.012243
118.9648220539093,0.16141,0.012149
119.01574420928955,0.16687,0.012159
119.06661486625671,0.17209,0.012154
119.11093544960022,0.17641,0.012006
119.16686391830444,0.17753,0.011967
119.2130012512207,0.18505,0.011729
119.26700234413147,0.19221,0.011678
119.31565403938293,0.19735,0.011626
119.36415004730225,0.20155,0.011687
119.4186954498291,0.20241,0.01163
119.46986603736877,0.20969,0.01156
119.52243208885193,0.21376,0.011429
119.57154631614685,0.21792,0.011546
119.62362098693848,0.22195,0.01165
119.67156267166138,0.22591,0.011488
119.72181844711304,0.22989,0.011659
119.77747058868408,0.23804,0.011636
119.82662773132324,0.24284,0.011812
119.87914228439331,0.24597,0.011763
119.9358651638031,0.25004,0.011782
119.98599314689636,0.25587,0.011505
120.03442692756653,0.25896,0.011361
120.08202981948853,0.26191,0.011474
120.1359338760376,0.26799,0.011226
120.1865668296814,0.27392,0.011178
120.23783326148987,0.27685,0.011389
120.28710317611694,0.28273,0.011041
120.33935785293579,0.28464,0.011261
120.39005470275879,0.29056,0.011667
120.44779396057129,0.29557,0.011669
120.49705696105957,0.29848,0.011626
120.54520630836487,0.30239,0.011671
120.59913897514343,0.044387,0.011492
120.6550989151001,0.0524,0.011631
120.70593643188477,0.065467,0.011705
120.75792384147644,0.06812,0.011723
120.81157803535461,0.087187,0.011712
120.85931420326233,0.097587,0.011715
120.91187691688538,0.10159,0.01177
120.95961022377014,0.10653,0.011768
121.00828409194946,0.11768,0.011787
121.05935049057007,0.11901,0.011838
121.11394762992859,0.12623,0.01168
121.16129684448242,0.12975,0.011623
121.21114659309387,0.13551,0.011597
121.2627854347229,0.14035,0.011855
121.31559300422668,0.14589,0.012085
121.36397457122803,0.14697,0.012326
121.41233372688293,0.15477,0.012284
121.46837401390076,0.16033,0.012375
121.52124619483948,0.16793,0.012254
121.56897735595703,0.17211,0.012285
121.61655306816101,0.17413,0.012034
121.67052507400513,0.18056,0.011883
121.72016048431396,0.18688,0.011882
121.77724981307983,0.18905,0.011733
121.82668018341064,0.19628,0.011664
121.87863492965698,0.19957,0.011671
121.92864918708801,0.20465,0.011694
121.98049545288086,0.21176,0.011625
122.03667521476746,0.21475,0.011493
122.08443260192871,0.2188,0.011355
122.13407039642334,0.22199,0.011564
122.18323016166687,0.22595,0.011627
122.23922371864319,0.22991,0.011702
122.28700137138367,0.23499,0.011718
122.33932495117188,0.23881,0.011833
122.38634991645813,0.24383,0.011859
122.43829131126404,0.25081,0.011593
122.49311590194702,0.25491,0.011606
122.54273176193237,0.26096,0.011601
122.59588193893433,0.26488,0.011293
122.64680051803589,0.26781,0.011102
122.69346690177917,0.27269,0.011124
122.74478101730347,0.27569,0.01107
122.79589700698853,0.28268,0.011044
122.8470573425293,0.28655,0.011544
122.90370774269104,0.29159,0.011625
122.95273637771606,0.29459,0.011645
123.00359177589417,0.30252,0.011643
123.05667996406555,0.30519,0.011642
123.10460209846497,0.31091,0.011711
123.1517379283905,0.047227,0.011939
123.20602560043335,0.049653,0.01174
123.256192445755,0.07048,0.011695
123.30765700340271,0.076147,0.011932
123.36057734489441,0.096173,0.011765
123.41149950027466,0.10404,0.011756
123.45905661582947,0.10779,0.011774
123.51328468322754,0.11295,0.01185
123.56365513801575,0.11887,0.011734
123.61167788505554,0.12261,0.011622
123.66361474990845,0.12869,0.011481
123.7115707397461,0.13773,0.011592
123.7659523487091,0.14231,0.011825
123.81492638587952,0.14463,0.011841
123.86293888092041,0.15039,0.012088
123.91448068618774,0.15352,0.012464
123.96511507034302,0.15919,0.012418
124.01632857322693,0.16237,0.012203
124.06452465057373,0.16888,0.012207
124.11900424957275,0.17539,0.012184
124.1670229434967,0.18041,0.01211
124.21831607818604,0.18475,0.011894
124.27068591117859,0.18897,0.011786
124.3152973651886,0.19411,0.011703
124.37124061584473,0.19723,0.011688
124.42518496513367,0.20333,0.011683
124.47517156600952,0.20744,0.011607
124.52671027183533,0.21169,0.011681
124.57934498786926,0.21465,0.011277
124.63014841079712,0.2196,0.011452
124.67888903617859,0.22283,0.011618
124.72901463508606,0.23177,0.01167
124.77879977226257,0.23684,0.011679
124.82952761650085,0.23895,0.011801
124.88199019432068,0.24376,0.011956
124.92940521240234,0.24785,0.011953
124.98135685920715,0.24883,0.011864
125.0318443775177,0.25876,0.01165
125.0840654373169,0.26279,0.011652
125.1308012008667,0.26664,0.011419
125.18179297447205,0.27168,0.011178
125.23372960090637,0.27559,0.010842
125.28322577476501,0.27855,0.011021
125.33433675765991,0.28348,0.011653
125.38818669319153,0.28749,0.011613
125.44019746780396,0.29052,0.0117
125.49091911315918,0.29836,0.011645
125.54098916053772,0.30224,0.011633
125.58984708786011,0.30981,0.011677
125.64314913749695,0.044613,0.011644
125.69263315200806,0.056893,0.011899
125.74476885795593,0.062293,0.011746
125.79323887825012,0.078587,0.011833
125.84604096412659,0.089413,0.011765
125.89766025543213,0.10137,0.011769
125.94935393333435,0.10769,0.011781
125.99720883369446,0.11263,0.011875
126.04933834075928,0.11637,0.011918
126.09969472885132,0.12125,0.01157
126.14780306816101,0.12593,0.011595
126.19942998886108,0.13073,0.011631
126.25768375396729,0.13641,0.011693
126.30955767631531,0.14552,0.012062
126.3559923171997,0.14903,0.012184
126.40675497055054,0.15568,0.012455
126.46424221992493,0.15785,0.012523
126.51634764671326,0.16343,0.012426
126.56596088409424,0.16545,0.012398
126.61605429649353,0.17187,0.012442
126.66445827484131,0.17517,0.012042
126.71825361251831,0.18143,0.012032
126.76689004898071,0.18888,0.01168
126.81749367713928,0.19199,0.011679
126.87098169326782,0.19705,0.011717
126.92210841178894,0.20244,0.011687
126.97548532485962,0.20652,0.011657
127.02513217926025,0.20831,0.011664
127.07610726356506,0.21468,0.01171
127.13439321517944,0.21859,0.011448
127.1838960647583,0.22253,0.011602
127.23511123657227,0.23069,0.011632
127.29169988632202,0.23572,0.011748
127.34089231491089,0.23973,0.011841
127.39051580429077,0.24485,0.011889
127.44049859046936,0.24871,0.012213
127.49297881126404,0.25077,0.012413
127.54420042037964,0.25568,0.012316
127.5910701751709,0.26059,0.012513
127.64420580863953,0.26463,0.013183
127.69274759292603,0.27168,0.010914
127.74393224716187,0.27664,0.011141
127.79514384269714,0.28049,0.011962
127.84445214271545,0.28529,0.011118
127.89513492584229,0.28935,0.011682
127.94565343856812,0.29131,0.011695
127.99606204032898,0.29727,0.011623
128.04640126228333,0.30028,0.011623
128.09596991539001,0.30508,0.011707
128.1445116996765,0.31265,0.011597
128.19758892059326,0.054053,0.012406
128.24801969528198,0.07008,0.011837
128.2996382713318,0.081173,0.011873
128.34853672981262,0.092067,0.011791
128.39974999427795,0.098587,0.011807
128.44791197776794,0.10255,0.011867
128.50177693367004,0.10761,0.011885
128.55124950408936,0.11383,0.01197
128.60021591186523,0.1188,0.012074
128.65578603744507,0.12708,0.011497
128.7035973072052,0.13157,0.011607
128.76310920715332,0.13633,0.011691
128.81411790847778,0.14232,0.012273
128.86337685585022,0.14765,0.012548
128.9120864868164,0.15224,0.012575
128.96374130249023,0.15691,0.012737
129.0126507282257,0.16227,0.012542
129.06332111358643,0.16849,0.012569
129.11469221115112,0.17073,0.012362
129.1675124168396,0.17725,0.012311
129.2140233516693,0.18129,0.01235
129.26650428771973,0.18473,0.011675
129.31603980064392,0.18871,0.011603
129.36660313606262,0.19289,0.011697
129.41880297660828,0.19704,0.011578
129.46610760688782,0.20216,0.011796
129.51853728294373,0.21045,0.011758
129.571307182312,0.2136,0.011801
129.6192696094513,0.21969,0.011428
129.6699879169464,0.22355,0.011311
129.71810722351074,0.2266,0.011583
129.7716362476349,0.23177,0.011774
129.82219815254211,0.23671,0.011916
129.87812209129333,0.24052,0.011995
129.9262728691101,0.24359,0.012317
129.97803115844727,0.25169,0.012716
130.02787947654724,0.25569,0.012894
130.07691550254822,0.26059,0.012656
130.1313350200653,0.26363,0.013527
130.17780995368958,0.26956,0.012687
130.2298128604889,0.27265,0.011301
130.2810242176056,0.27761,0.011645
130.3322732448578,0.28137,0.011194
130.38056063652039,0.28449,0.011687
130.43450212478638,0.29228,0.011674
130.48377966880798,0.29525,0.0117
130.53186798095703,0.30119,0.011638
130.58154201507568,0.30324,0.011646
130.63436222076416,0.31049,0.011385
130.68613576889038,0.04428,0.01217
130.7403700351715,0.056613,0.011934
130.78668999671936,0.06728,0.011865
130.83946585655212,0.086373,0.011892
130.89282298088074,0.097347,0.011837
130.9398946762085,0.1024,0.011843
130.98990535736084,0.10752,0.01205
131.04053330421448,0.11004,0.012237
131.09070682525635,0.11863,0.012187
131.14166402816772,0.12335,0.01207
131.19156098365784,0.12707,0.011716
131.24815559387207,0.13413,0.011713
131.29791808128357,0.13884,0.012075
131.35240650177002,0.14548,0.012475
131.4011721611023,0.1522,0.012673
131.46097087860107,0.15656,0.01276
131.50962948799133,0.16209,0.012687
131.56924486160278,0.16528,0.012385
131.61816716194153,0.16963,0.012568
131.6697301864624,0.174,0.012485
131.7166268825531,0.18233,0.012472
131.77461099624634,0.18668,0.012014
131.83604860305786,0.19077,0.01156
131.88760828971863,0.19396,0.011654
131.9382185935974,0.20319,0.011729
131.99199271202087,0.20639,0.011723
132.03766322135925,0.21136,0.011842
132.08823013305664,0.21548,0.011984
132.140634059906,0.21944,0.011345
132.19505047798157,0.22453,0.011579
132.24425721168518,0.22867,0.011614
132.29218077659607,0.23155,0.011839
132.34355068206787,0.23659,0.011994
132.39427709579468,0.24369,0.012606
132.4442174434662,0.24861,0.01298
132.49597072601318,0.25169,0.013174
132.5533435344696,0.25656,0.013685
132.5988154411316,0.26059,0.013569
132.6559271812439,0.26465,0.013341
132.70313048362732,0.26951,0.01219
132.75215435028076,0.27247,0.01144
132.8055443763733,0.27637,0.013463
132.85516810417175,0.28325,0.011118
132.9054660797119,0.28829,0.011663
132.95802521705627,0.29419,0.011655
133.00680232048035,0.2972,0.01167
133.0592963695526,0.29817,0.011678
133.10925889015198,0.30499,0.011656
133.16844129562378,0.30827,0.011769
133.21587467193604,0.056333,0.012385
133.2650227546692,0.06696,0.011753
133.31639432907104,0.077853,0.011843
133.37209820747375,0.091507,0.011828
133.42352724075317,0.097147,0.012035
133.47234082221985,0.105,0.011758
133.52595567703247,0.10868,0.012073
133.57838678359985,0.11244,0.012242
133.62718296051025,0.11724,0.012335
133.678307056427,0.12692,0.011436
133.72688555717468,0.13164,0.011593
133.78077626228333,0.1374,0.011734
133.83312559127808,0.14319,0.012156
133.87850403785706,0.14653,0.012774
133.93367791175842,0.15203,0.013029
133.98225331306458,0.15439,0.012845
134.03439688682556,0.16521,0.012533
134.08614706993103,0.1684,0.01239
134.14291334152222,0.17271,0.012458
134.19303464889526,0.17805,0.012573
134.2434380054474,0.18125,0.012338
134.29292130470276,0.18551,0.012023
134.34442281723022,0.18968,0.01159
134.39066076278687,0.1926,0.011652
134.4440484046936,0.20188,0.011733
134.49755382537842,0.20517,0.011659
134.54669308662415,0.21131,0.012031
134.5996949672699,0.21353,0.012364
134.6553201675415,0.21945,0.011477
134.70875072479248,0.22357,0.011603
134.75594425201416,0.22752,0.011746
134.81075716018677,0.23048,0.011869
134.8622851371765,0.23648,0.012102
134.90942907333374,0.24461,0.012944
134.9630217552185,0.24851,0.01399
135.00979804992676,0.25155,0.01393
135.06274104118347,0.25556,0.013543
135.11349368095398,0.26253,0.013571
135.16142916679382,0.26649,0.013256
135.21398258209229,0.2694,0.01298
135.26241183280945,0.27345,0.011601
135.31223702430725,0.27737,0.014574
135.3630051612854,0.28133,0.011527
135.41448330879211,0.28532,0.011694
135.46540117263794,0.29024,0.011714
135.51546001434326,0.29416,0.011692
135.5653076171875,0.29817,0.011614
135.61782050132751,0.30629,0.011654
135.6674783229828,0.04408,0.013054
135.71521520614624,0.05364,0.01265
135.7692310810089,0.0642,0.012111
135.8192183971405,0.074867,0.011884
135.86926198005676,0.0874,0.011933
135.91831278800964,0.094027,0.011989
135.96656346321106,0.10092,0.011956
136.0187690258026,0.1074,0.012272
136.07435870170593,0.1124,0.012434
136.12414693832397,0.11599,0.012608
136.17669987678528,0.12796,0.011478
136.22666120529175,0.13043,0.011504
136.27879762649536,0.13616,0.011777
136.33014845848083,0.14087,0.012622
136.39342403411865,0.14648,0.012828
136.4420657157898,0.15088,0.013018
136.49665594100952,0.15861,0.012683
136.54949235916138,0.16401,0.012577
136.59775066375732,0.16844,0.012499
136.652441740036,0.17151,0.0125
136.70133233070374,0.1768,0.012527
136.75008273124695,0.18229,0.012537
136.80621528625488,0.18749,0.012391
136.85859560966492,0.19077,0.012
136.90600490570068,0.19267,0.011429
136.95658707618713,0.199,0.01165
137.01045846939087,0.20711,0.011865
137.06145453453064,0.21121,0.011857
137.1110486984253,0.21533,0.012927
137.16121411323547,0.21828,0.011217
137.21364617347717,0.22536,0.011629
137.2658131122589,0.23036,0.011799
137.3134195804596,0.23341,0.011912
137.36380887031555,0.23752,0.012524
137.41527009010315,0.24137,0.013394
137.46660733222961,0.24349,0.014572
137.51685619354248,0.25244,0.013604
137.56815910339355,0.25635,0.013409
137.61862635612488,0.26044,0.013012
137.66677832603455,0.26535,0.012986
137.7173628807068,0.26925,0.012746
137.76597237586975,0.27325,0.011668
137.81801533699036,0.27615,0.014963
137.86893701553345,0.28112,0.011361
137.9169659614563,0.285,0.011714
137.96695494651794,0.29101,0.011639
138.01728200912476,0.29699,0.011664
138.0695276260376,0.30005,0.011691
138.1225299835205,0.30509,0.011695
138.17386388778687,0.31204,0.011681
138.22317624092102,0.048427,0.012933
138.26851654052734,0.061133,0.011725
138.32060527801514,0.072067,0.011677
138.37253165245056,0.082853,0.011664
138.4248342514038,0.092453,0.011876
138.47547340393066,0.10348,0.011879
138.52478456497192,0.10985,0.012096
138.57563662528992,0.11336,0.012315
138.62478947639465,0.11841,0.01268
138.68152904510498,0.12211,0.012653
138.73049068450928,0.12923,0.011582
138.78109192848206,0.13384,0.011906
138.82866883277893,0.13971,0.012433
138.88014364242554,0.14291,0.012521
138.93170952796936,0.14873,0.013095
138.98253417015076,0.15643,0.01301
139.03374099731445,0.15967,0.01249
139.08166527748108,0.16509,0.012462
139.13109374046326,0.16835,0.012473
139.17953991889954,0.17264,0.012494
139.23512840270996,0.17589,0.012696
139.28535556793213,0.18109,0.012928
139.33535408973694,0.1864,0.012428
139.3848192691803,0.1906,0.011485
139.43654227256775,0.19883,0.011539
139.49434518814087,0.20291,0.011703
139.54475831985474,0.20703,0.01199
139.5921766757965,0.21216,0.013051
139.6425085067749,0.21635,0.0112
139.69175386428833,0.22021,0.011402
139.7466471195221,0.22407,0.011574
139.79376363754272,0.22817,0.01189
139.84305024147034,0.23445,0.012017
139.89593386650085,0.24033,0.012466
139.94561004638672,0.24341,0.013251
139.9960114955902,0.24828,0.013364
140.0474238395691,0.25224,0.012707
140.09427642822266,0.25647,0.012075
140.14923548698425,0.25933,0.012167
140.19728422164917,0.26529,0.012289
140.24801802635193,0.27224,0.011313
140.29697370529175,0.27515,0.011884
140.34740209579468,0.28013,0.014997
140.40466213226318,0.283,0.012895
140.45198321342468,0.28804,0.011715
140.50350165367126,0.29113,0.011701
140.55323767662048,0.29589,0.011679
140.60354733467102,0.29973,0.011663
140.65484476089478,0.30881,0.011585
140.70369958877563,0.048293,0.01132
140.754723072052,0.053027,0.012453
140.8086700439453,0.066373,0.011999
140.85657238960266,0.077333,0.011892
140.90936708450317,0.089467,0.011836
140.9531261920929,0.09684,0.011941
141.00749397277832,0.10197,0.011903
141.05903267860413,0.10832,0.012376
141.11202311515808,0.11583,0.012493
141.15801095962524,0.12311,0.012889
141.21191954612732,0.12412,0.01196
141.25744700431824,0.13135,0.011725
141.31111884117126,0.13597,0.011931
141.36215662956238,0.14171,0.012713
141.41346764564514,0.14604,0.013176
141.46041631698608,0.15076,0.01319
141.51272416114807,0.15415,0.012612
141.56750297546387,0.163,0.012372
141.61651396751404,0.16823,0.012346
141.66937708854675,0.17259,0.012379
141.72147750854492,0.1768,0.012443
141.76831889152527,0.18096,0.012682
141.82564449310303,0.18533,0.013014
141.87564897537231,0.18847,0.012284
141.92797541618347,0.19352,0.011537
141.9771387577057,0.19679,0.01169
142.02978110313416,0.20599,0.012085
142.0766248703003,0.21101,0.012176
142.13117361068726,0.21291,0.013078
142.18156147003174,0.21923,0.012762
142.2291271686554,0.22328,0.011505
142.2764971256256,0.22821,0.01175
142.33188605308533,0.23231,0.011813
142.3806173801422,0.23516,0.012651
142.4342589378357,0.24345,0.014418
142.48790311813354,0.24752,0.014676
142.53517889976501,0.25127,0.014033
142.5860071182251,0.25521,0.011685
142.6376850605011,0.25929,0.011723
142.68647408485413,0.26224,0.011525
142.74066829681396,0.26607,0.011089
142.78913378715515,0.26931,0.01287
142.8487687110901,0.27912,0.015644
142.8977565765381,0.28295,0.014336
142.94764828681946,0.28615,0.011681
142.99809646606445,0.29103,0.011705
143.05528140068054,0.29388,0.011711
143.1089310646057,0.298,0.011674
143.15596175193787,0.3076,0.011663
143.20789337158203,0.043813,0.012784
143.26415586471558,0.050253,0.012262
143.3292191028595,0.063533,0.011678
143.37706065177917,0.077107,0.011647
143.42880177497864,0.09076,0.011711
143.47853469848633,0.09944,0.011949
143.53092551231384,0.10449,0.012145
143.58180332183838,0.11081,0.012642
143.6331844329834,0.11576,0.012955
143.67991662025452,0.11812,0.01223
143.7305600643158,0.12893,0.011309
143.7819790840149,0.13477,0.011762
143.83170223236084,0.13824,0.011843
143.87938570976257,0.14401,0.012426
143.9378809928894,0.14741,0.01329
143.99109983444214,0.153,0.012554
144.04105615615845,0.15731,0.012534
144.0877594947815,0.16169,0.012256
144.14538049697876,0.165,0.012246
144.19439578056335,0.17573,0.012193
144.2458462715149,0.17884,0.012253
144.2937045097351,0.18297,0.013016
144.34389996528625,0.18631,0.013123
144.39092254638672,0.19139,0.01143
144.4423108100891,0.19555,0.011302
144.49394941329956,0.19876,0.011753
144.5434923171997,0.20388,0.01199
144.5948441028595,0.21201,0.012221
144.64475536346436,0.21512,0.013518
144.6991729736328,0.22003,0.012269
144.7486093044281,0.22213,0.011318
144.80606150627136,0.22827,0.011883
144.8593771457672,0.23308,0.011968
144.90799117088318,0.2372,0.013513
144.9642689228058,0.2442,0.014774
145.01228070259094,0.24701,0.014355
145.06463289260864,0.25315,0.011752
145.1200635433197,0.2572,0.011481
145.16833543777466,0.26201,0.011475
145.2190978527069,0.26597,0.011313
145.27907395362854,0.26899,0.011349
145.33000254631042,0.27203,0.014505
145.3802046775818,0.27711,0.014811
145.427339553833,0.28488,0.011118
145.47745370864868,0.28985,0.011666
145.528870344162,0.29297,0.011662
145.5835144519806,0.29793,0.011688
145.63081645965576,0.30277,0.011634
145.67875814437866,0.30473,0.011634
145.73234796524048,0.04124,0.011828
145.78176045417786,0.047667,0.012905
145.83839893341064,0.0634,0.011667
145.88384985923767,0.08492,0.011671
145.9370515346527,0.095547,0.011671
145.98977756500244,0.10067,0.011873
146.0394103527069,0.10571,0.011989
146.085923910141,0.11067,0.012542
146.15006947517395,0.11577,0.01323
146.1952702999115,0.12052,0.012677
146.2514386177063,0.12296,0.011506
146.29965734481812,0.13583,0.011938
146.3501136302948,0.14048,0.011846
146.4044315814972,0.14396,0.013103
146.45227217674255,0.14843,0.013098
146.50404143333435,0.15291,0.012506
146.55959129333496,0.15724,0.012154
146.60815501213074,0.1606,0.012288
146.6595585346222,0.16923,0.012202
146.70598006248474,0.17455,0.012017
146.7596583366394,0.17873,0.012256
146.80787873268127,0.18312,0.012859
146.85979652404785,0.18613,0.013483
146.90915989875793,0.19039,0.011543
146.9632613658905,0.19556,0.011135
147.01350688934326,0.19963,0.011798
147.0595154762268,0.20384,0.01209
147.1152138710022,0.21196,0.012818
147.16436553001404,0.21588,0.012051
147.21341633796692,0.21992,0.011494
147.26602816581726,0.22196,0.011702
147.3149769306183,0.22801,0.01185
147.36866402626038,0.23205,0.012324
147.41606879234314,0.23719,0.013406
147.4731800556183,0.2412,0.015256
147.52229166030884,0.249,0.013338
147.5715982913971,0.25324,0.011353
147.62323427200317,0.25717,0.011415
147.6721510887146,0.26197,0.011321
147.72052025794983,0.26599,0.011379
147.7736623287201,0.26791,0.011388
147.8243670463562,0.27401,0.013928
147.8795256614685,0.27699,0.012598
147.93024277687073,0.28176,0.011662
147.9814715385437,0.28575,0.011678
148.0283772945404,0.29472,0.011647
148.08620381355286,0.2978,0.011622
148.1393163204193,0.30069,0.011607
148.1858172416687,0.3056,0.011547
148.23778533935547,0.041293,0.011582
148.2981059551239,0.06308,0.013151
148.34585237503052,0.073907,0.011682
148.39849090576172,0.07936,0.011743
148.44471287727356,0.09284,0.011623
148.49969506263733,0.099213,0.011783
148.55411291122437,0.1056,0.012088
148.60375714302063,0.10803,0.013015
148.65276741981506,0.11544,0.013209
148.7071464061737,0.12047,0.012856
148.75662398338318,0.12413,0.011668
148.80890798568726,0.13455,0.011916
148.85778784751892,0.13929,0.011984
148.91464471817017,0.14365,0.012987
148.9613015651703,0.14601,0.013434
149.01346731185913,0.15267,0.012895
149.06899166107178,0.156,0.012243
149.11623358726501,0.16693,0.012178
149.16621828079224,0.17025,0.012039
149.21968293190002,0.17347,0.01165
149.268061876297,0.17884,0.011656
149.32170844078064,0.18296,0.012164
149.3706488609314,0.18717,0.01341
149.41594815254211,0.19127,0.012967
149.4727840423584,0.19432,0.011215
149.52356505393982,0.19953,0.011746
149.5716609954834,0.20765,0.011993
149.62192511558533,0.21279,0.013214
149.67316818237305,0.21475,0.013362
149.72299933433533,0.21895,0.011665
149.77398252487183,0.22197,0.011735
149.8249635696411,0.22719,0.011744
149.8781397342682,0.22992,0.01187
149.9229052066803,0.23524,0.013036
149.97546696662903,0.24405,0.015075
150.03415846824646,0.247,0.0127
150.0803143978119,0.25101,0.011593
150.14189171791077,0.255,0.011354
150.19330978393555,0.25993,0.011324
150.24610209465027,0.264,0.011441
150.29538679122925,0.272,0.011409
150.34459257125854,0.27596,0.012738
150.39264225959778,0.27988,0.01579
150.4477255344391,0.28377,0.0115
150.49959182739258,0.28571,0.011669
150.55793809890747,0.29088,0.011742
150.60744547843933,0.2938,0.011694
150.65756797790527,0.30445,0.011642
150.70687699317932,0.30929,0.011672
150.75667452812195,0.045067,0.011913
150.80860376358032,0.054573,0.013346
150.8627679347992,0.06552,0.011725
150.9125838279724,0.076413,0.011762
150.9626338481903,0.08732,0.011635
151.01216650009155,0.097867,0.011938
151.05945825576782,0.10171,0.012204
151.11546730995178,0.11307,0.012432
151.16236114501953,0.1166,0.013135
151.21509408950806,0.12041,0.011783
151.26205468177795,0.12639,0.011527
151.3122067451477,0.12871,0.011976
151.37252354621887,0.13584,0.012009
151.42396473884583,0.14491,0.012889
151.47862601280212,0.15048,0.013482
151.52836179733276,0.15387,0.012678
151.57792806625366,0.1592,0.011846
151.6260027885437,0.16257,0.011795
151.67709255218506,0.16805,0.011575
151.7284185886383,0.17239,0.011583
151.78081703186035,0.17659,0.011695
151.83646368980408,0.18505,0.012308
151.88623666763306,0.18807,0.013213
151.93581557273865,0.19339,0.013171
151.9875557422638,0.19849,0.011803
152.0367467403412,0.20051,0.011786
152.0854880809784,0.20577,0.012303
152.1390335559845,0.20764,0.013633
152.1875877380371,0.21484,0.013297
152.23845052719116,0.22189,0.011336
152.28845119476318,0.22499,0.011706
152.3388864994049,0.22995,0.011778
152.39144444465637,0.23208,0.012019
152.43939995765686,0.23813,0.015028
152.49326515197754,0.24209,0.014366
152.54437565803528,0.24585,0.011776
152.5951018333435,0.24785,0.011461
152.6436402797699,0.2558,0.011363
152.6908872127533,0.26193,0.011438
152.7447373867035,0.264,0.011363
152.79325675964355,0.26979,0.011522
152.8469214439392,0.27193,0.014847
152.90159845352173,0.27776,0.011493
152.94662928581238,0.28171,0.013338
153.000483751297,0.28563,0.011707
153.05065417289734,0.28867,0.011795
153.10090374946594,0.29747,0.0117
153.15408492088318,0.3014,0.011627
153.20260524749756,0.30328,0.011682
153.25435972213745,0.042733,0.012469
153.30866861343384,0.052027,0.011541
153.3558006286621,0.059733,0.011723
153.40547490119934,0.073533,0.011793
153.45741200447083,0.08708,0.011809
153.51166343688965,0.098973,0.012021
153.5679967403412,0.10412,0.011934
153.6167995929718,0.10913,0.012781
153.66626524925232,0.11417,0.013385
153.71410846710205,0.12012,0.01249
153.76782870292664,0.12367,0.011563
153.81751036643982,0.13212,0.011949
153.8697590827942,0.13911,0.011919
153.91754412651062,0.14245,0.012359
153.96617460250854,0.14704,0.013268
154.0185523033142,0.15027,0.013662
154.0720717906952,0.15699,0.012208
154.1232554912567,0.16013,0.011711
154.1753284931183,0.16673,0.011506
154.22174453735352,0.16996,0.011441
154.2751829624176,0.1744,0.011424
154.3252489566803,0.17855,0.011785
154.3750786781311,0.18269,0.011779
154.4235076904297,0.19105,0.013642
154.47371435165405,0.1952,0.011884
154.52570247650146,0.20044,0.011244
154.57815957069397,0.20444,0.011751
154.62528777122498,0.20877,0.012045
154.67693424224854,0.21273,0.013681
154.73390579223633,0.22089,0.011978
154.7832887172699,0.2248,0.011269
154.83524632453918,0.22696,0.011692
154.88487434387207,0.23299,0.011919
154.93686294555664,0.23601,0.012561
154.98620915412903,0.24093,0.015142
155.03601026535034,0.24595,0.011515
155.08303380012512,0.24888,0.011523
155.14414310455322,0.25271,0.011458
155.19035029411316,0.26083,0.01151
155.2438564300537,0.26573,0.01141
155.29161763191223,0.26877,0.011531
155.3444538116455,0.27375,0.012207
155.39576411247253,0.2768,0.014727
155.44569420814514,0.28153,0.013674
155.49493503570557,0.28456,0.011616
155.54556465148926,0.29061,0.011748
155.59566378593445,0.29444,0.011679
155.6470184326172,0.30039,0.011721
155.6965618133545,0.30533,0.011709
155.75044107437134,0.04264,0.011641
155.80061388015747,0.042573,0.014583
155.85078883171082,0.056773,0.011839
155.90314245224,0.070227,0.011829
155.95378994941711,0.081387,0.011861
156.00462532043457,0.09488,0.011761
156.05009961128235,0.10256,0.011916
156.1052565574646,0.1052,0.012468
156.15331983566284,0.11255,0.013632
156.20625495910645,0.11765,0.01279
156.26088118553162,0.1224,0.011518
156.3113398551941,0.1272,0.011892
156.35890007019043,0.13188,0.012067
156.41317653656006,0.13995,0.012008
156.46214532852173,0.14668,0.013119
156.5133979320526,0.15139,0.013634
156.56598806381226,0.15341,0.01221
156.61346983909607,0.16039,0.01195
156.66585302352905,0.16464,0.011582
156.71730947494507,0.16984,0.011516
156.76886749267578,0.17215,0.011466
156.82081031799316,0.1784,0.011609
156.87221026420593,0.18257,0.012213
156.91784977912903,0.18996,0.012446
156.9723997116089,0.19507,0.012465
157.02271914482117,0.19833,0.011347
157.08028149604797,0.20235,0.011778
157.13277578353882,0.20452,0.012537
157.1784484386444,0.21476,0.013894
157.23035335540771,0.21868,0.012451
157.2814621925354,0.22067,0.011747
157.334392786026,0.22571,0.0117
157.3861403465271,0.23071,0.012233
157.43650722503662,0.23477,0.013387
157.4826066493988,0.23987,0.014803
157.53462767601013,0.24167,0.01226
157.58594703674316,0.25061,0.011549
157.64080619812012,0.25564,0.011532
157.6870574951172,0.25865,0.011527
157.73886036872864,0.26252,0.011539
157.7923069000244,0.26664,0.011461
157.84024238586426,0.27044,0.011768
157.8930299282074,0.27459,0.015437
157.94314670562744,0.27773,0.0119
157.99108600616455,0.2836,0.011629
158.04575037956238,0.29157,0.011687
158.0958912372589,0.29541,0.011772
158.143301486969,0.29843,0.01174
158.1925528049469,0.30223,0.011646
158.24305534362793,0.3052,0.01175
158.29470348358154,0.040427,0.0132
158.34694123268127,0.05384,0.013681
158.3942015171051,0.074373,0.011843
158.45018649101257,0.07836,0.011849
158.49777340888977,0.092093,0.011795
158.548846244812,0.099987,0.011769
158.60061883926392,0.10259,0.012342
158.64710330963135,0.10769,0.012889
158.70002007484436,0.11512,0.013626
158.75012040138245,0.11749,0.013098
158.800354719162,0.12945,0.011506
158.8500874042511,0.13304,0.01199
158.90376543998718,0.13763,0.012231
158.95287823677063,0.14357,0.013283
159.0029034614563,0.14664,0.013637
159.05488991737366,0.15344,0.012061
159.10558986663818,0.15559,0.012229
159.15538239479065,0.16101,0.011493
159.20373392105103,0.16648,0.011659
159.2544403076172,0.17089,0.01152
159.30831599235535,0.17504,0.011629
159.35637211799622,0.1804,0.01175
159.4052484035492,0.18363,0.012745
159.45730590820312,0.18877,0.013183
159.51061701774597,0.19617,0.011147
159.56131792068481,0.20108,0.011375
159.61027646064758,0.20527,0.011943
159.65892601013184,0.21027,0.012139
159.711341381073,0.21341,0.013658
159.7626085281372,0.21855,0.011323
159.81374788284302,0.22257,0.01159
159.86497974395752,0.22461,0.01187
159.91638374328613,0.23492,0.011991
159.96429681777954,0.23857,0.014839
160.0207164287567,0.24364,0.013874
160.06826519966125,0.24669,0.012198
160.12465572357178,0.24971,0.011619
160.17543935775757,0.25549,0.011585
160.22794699668884,0.25757,0.01162
160.27674531936646,0.26243,0.011671
160.3304738998413,0.27155,0.011846
160.38012266159058,0.27559,0.013443
160.43029880523682,0.27943,0.015698
160.47828006744385,0.28247,0.012721
160.5327227115631,0.28743,0.011766
160.57980608940125,0.29035,0.011691
160.6323664188385,0.29523,0.011679
160.68855953216553,0.29915,0.011681
160.7410707473755,0.30417,0.011657
160.78951954841614,0.31049,0.013627
160.84249711036682,0.051133,0.011635
160.88920879364014,0.06736,0.011901
160.9376301765442,0.0726,0.011889
160.98931574821472,0.088987,0.011742
161.04221534729004,0.097253,0.011857
161.08997774124146,0.10236,0.012023
161.14164400100708,0.10752,0.012814
161.19658970832825,0.11251,0.013385
161.24397826194763,0.11756,0.013399
161.29320311546326,0.12227,0.011877
161.3422167301178,0.13183,0.011864
161.399338722229,0.13519,0.012011
161.4471755027771,0.14101,0.012535
161.4968991279602,0.14452,0.013663
161.54786348342896,0.14887,0.011963
161.59833693504333,0.15231,0.012072
161.64834833145142,0.15888,0.011924
161.6971936225891,0.16315,0.011677
161.7568838596344,0.1728,0.011597
161.80981874465942,0.17619,0.011637
161.85742378234863,0.18049,0.011635
161.9069275856018,0.18565,0.012319
161.95688486099243,0.18777,0.01366
162.01640462875366,0.19391,0.013291
162.0650372505188,0.19617,0.011449
162.11133790016174,0.2052,0.011873
162.16566562652588,0.20932,0.012568
162.21431612968445,0.21439,0.013351
162.26546812057495,0.21959,0.012467
162.31471943855286,0.2224,0.011278
162.3652970790863,0.22656,0.01169
162.41756057739258,0.23144,0.012154
162.4638934135437,0.23563,0.014205
162.51598119735718,0.23952,0.013594
162.56666946411133,0.24753,0.011236
162.61754512786865,0.25063,0.011525
162.67107152938843,0.25255,0.011552
162.71555018424988,0.25863,0.011747
162.76603293418884,0.26348,0.011775
162.81899976730347,0.2676,0.011867
162.87003898620605,0.26948,0.01231
162.92823672294617,0.27443,0.015166
162.9749345779419,0.28145,0.011736
163.02533054351807,0.28641,0.011079
163.07669591903687,0.28936,0.011708
163.12618684768677,0.29319,0.01179
163.1755611896515,0.29733,0.011704
163.2303228378296,0.30315,0.011631
163.2784321308136,0.30829,0.01551
163.32738661766052,0.050867,0.011655
163.38079500198364,0.056147,0.013648
163.43057465553284,0.067013,0.011778
163.48469924926758,0.086227,0.011839
163.53371500968933,0.091547,0.011907
163.58449244499207,0.097187,0.011906
163.63602662086487,0.10505,0.012224
163.6907103061676,0.11492,0.013071
163.74464535713196,0.11999,0.013631
163.7925660610199,0.12344,0.012005
163.8423171043396,0.12828,0.011833
163.89559268951416,0.13531,0.012043
163.94286584854126,0.1408,0.013037
163.99410247802734,0.14301,0.013381
164.04606199264526,0.14671,0.012722
164.09524750709534,0.15329,0.012082
164.14759922027588,0.15548,0.011901
164.19434666633606,0.16739,0.011667
164.24465608596802,0.1718,0.011718
164.29601573944092,0.17517,0.01157
164.34576272964478,0.17828,0.011719
164.39733839035034,0.18344,0.012266
164.44723224639893,0.18768,0.013401
164.49648594856262,0.19091,0.013564
164.54886960983276,0.19381,0.011111
164.59815311431885,0.20435,0.011794
164.64705634117126,0.2074,0.011933
164.6986346244812,0.21035,0.012948
164.74880194664001,0.21621,0.013962
164.80043721199036,0.21951,0.011631
164.8477659225464,0.22461,0.011651
164.90327048301697,0.22555,0.011987
164.94993019104004,0.23253,0.01263
165.00389575958252,0.23757,0.014754
165.05281782150269,0.24051,0.011264
165.1034438610077,0.24348,0.011708
165.15663266181946,0.25152,0.011616
165.20322728157043,0.25765,0.011822
165.2558569908142,0.26159,0.011675
165.3027491569519,0.26448,0.011674
165.35641264915466,0.26951,0.011811
165.40686583518982,0.27336,0.014814
165.4565351009369,0.27845,0.012153
165.50823378562927,0.28233,0.011225
165.55529880523682,0.28635,0.011619
165.60582041740417,0.28928,0.011709
165.65789818763733,0.29812,0.011686
165.71828818321228,0.30197,0.011692
165.76605010032654,0.30488,0.011443
165.81640124320984,0.040453,0.013809
165.8654065132141,0.053373,0.011887
165.91522026062012,0.06688,0.011916
165.96978950500488,0.075067,0.011935
166.01782512664795,0.087387,0.011791
166.0787889957428,0.098467,0.011953
166.12597155570984,0.10352,0.012455
166.17616152763367,0.10849,0.012981
166.22677755355835,0.11352,0.013481
166.2855100631714,0.12321,0.013697
166.33402705192566,0.12929,0.011664
166.38421273231506,0.13279,0.012047
166.43337607383728,0.13737,0.012654
166.485121011734,0.14073,0.013209
166.54072523117065,0.14544,0.013789
166.59254002571106,0.15441,0.01229
166.6406009197235,0.15981,0.011961
166.6907618045807,0.16191,0.011918
166.74153470993042,0.16849,0.011891
166.79584193229675,0.16968,0.011717
166.84459567070007,0.17689,0.011841
166.90157437324524,0.18124,0.012069
166.9459946155548,0.18536,0.013289
167.00087523460388,0.19377,0.013213
167.05040740966797,0.19796,0.012481
167.1029143333435,0.20211,0.011276
167.15108346939087,0.20508,0.011722
167.20250511169434,0.21023,0.013174
167.25258231163025,0.21332,0.012431
167.29885411262512,0.21847,0.011312
167.36015367507935,0.22159,0.011743
167.41225218772888,0.22752,0.011995
167.46345400810242,0.23556,0.01203
167.51427006721497,0.24059,0.014692
167.56314206123352,0.24453,0.013369
167.61373829841614,0.24756,0.011764
167.66123223304749,0.25053,0.011666
167.71468019485474,0.25449,0.011724
167.7638828754425,0.25945,0.011643
167.81453943252563,0.26345,0.011783
167.8642134666443,0.2674,0.01182
167.91498136520386,0.27541,0.014328
167.97243881225586,0.27937,0.015646
168.0169973373413,0.28325,0.012079
168.07104992866516,0.28719,0.011703
168.1192283630371,0.29123,0.011693
168.17375087738037,0.29312,0.011713
168.2224462032318,0.29897,0.011676
168.27191829681396,0.30689,0.011671
168.32316184043884,0.03908,0.011702
168.37757062911987,0.05312,0.01311
168.4259614944458,0.0612,0.011912
168.48386120796204,0.072267,0.011841
168.53508281707764,0.08568,0.011809
168.58363938331604,0.095653,0.011975
168.63600325584412,0.10223,0.012074
168.68571281433105,0.10719,0.012375
168.7362642288208,0.1172,0.013726
168.78327298164368,0.12067,0.013803
168.83530282974243,0.12687,0.01257
168.88635277748108,0.13031,0.012091
168.93469166755676,0.13619,0.012246
168.98591899871826,0.13844,0.012763
169.03471279144287,0.14296,0.013779
169.08396124839783,0.15301,0.013095
169.13597464561462,0.15751,0.011721
169.18807077407837,0.16195,0.011879
169.2352454662323,0.16727,0.01189
169.288583278656,0.1706,0.011783
169.33987140655518,0.17601,0.011784
169.39053511619568,0.18011,0.011883
169.43770503997803,0.18336,0.011965
169.48669934272766,0.18968,0.013046
169.54024815559387,0.19276,0.01143
169.59102177619934,0.20101,0.01107
169.6426556110382,0.20303,0.011585
169.69253540039062,0.20823,0.012226
169.74329233169556,0.21325,0.012826
169.79072189331055,0.21828,0.011171
169.84277653694153,0.22023,0.011674
169.89399814605713,0.22531,0.01176
169.94545984268188,0.22941,0.012027
169.99350214004517,0.23331,0.014251
170.04037952423096,0.24135,0.014708
170.09404516220093,0.24548,0.011494
170.14434385299683,0.24927,0.011599
170.19707560539246,0.25227,0.011616
170.24325037002563,0.25713,0.011701
170.29596209526062,0.26124,0.011664
170.34802174568176,0.26524,0.011694
170.3945496082306,0.26931,0.012261
170.44903993606567,0.27424,0.015112
170.49671816825867,0.27717,0.011503
170.55316925048828,0.28611,0.011563
170.60573315620422,0.28815,0.011753
170.6532015800476,0.29493,0.011749
170.70675349235535,0.29789,0.011658
170.7570765018463,0.30195,0.011673
170.8078327178955,0.30477,0.011522
170.8564419746399,0.040587,0.01299
170.90825486183167,0.04776,0.012402
170.96051573753357,0.063933,0.011844
171.00755381584167,0.082813,0.012025
171.05896639823914,0.091027,0.012028
171.11690068244934,0.10081,0.011847
171.1654725074768,0.10461,0.012683
171.21623754501343,0.11208,0.013632
171.26659083366394,0.11476,0.013929
171.3160388469696,0.12069,0.012623
171.37040185928345,0.12663,0.011791
171.41928148269653,0.13008,0.012107
171.4706301689148,0.14056,0.012586
171.51994466781616,0.14519,0.013125
171.5700807571411,0.14967,0.013863
171.62272906303406,0.15317,0.013023
171.6709554195404,0.15968,0.011858
171.72098994255066,0.1618,0.012043
171.772221326828,0.16716,0.011864
171.8194968700409,0.17149,0.011774
171.87605619430542,0.17687,0.011643
171.92331957817078,0.18545,0.012038
171.97383308410645,0.18832,0.01229
172.02862524986267,0.19264,0.012925
172.08017468452454,0.19788,0.011622
172.1287910938263,0.20179,0.011751
172.17874217033386,0.20491,0.012477
172.23573327064514,0.21105,0.013069
172.28445863723755,0.21708,0.013958
172.34424710273743,0.22117,0.01129
172.39332342147827,0.22527,0.01168
172.44230890274048,0.22936,0.012068
172.49340415000916,0.23333,0.014339
172.54290056228638,0.23628,0.014682
172.59285497665405,0.24133,0.011511
172.64509224891663,0.24924,0.011727
172.6947305202484,0.25333,0.011668
172.74667072296143,0.25832,0.011686
172.79885339736938,0.26021,0.011513
172.845862865448,0.26509,0.011679
172.898273229599,0.26811,0.011923
172.9470043182373,0.27317,0.01363
172.9954845905304,0.27511,0.013617
173.04657697677612,0.28205,0.011218
173.0966522693634,0.29008,0.011714
173.15074467658997,0.29187,0.011703
173.19813895225525,0.29803,0.011709
173.25050449371338,0.29997,0.011641
173.29802346229553,0.30383,0.011668
173.36403703689575,0.040747,0.013748
173.41114282608032,0.050067,0.013844
173.46183919906616,0.071693,0.011998
173.50977754592896,0.079973,0.012004
173.56317281723022,0.08796,0.012134
173.61413621902466,0.098107,0.011823
173.6612663269043,0.10453,0.012945
173.7124524116516,0.10965,0.013077
173.76367902755737,0.11455,0.013839
173.81797885894775,0.11704,0.013511
173.86277675628662,0.12431,0.011798
173.91773509979248,0.13363,0.012039
173.96733498573303,0.1384,0.011979
174.016610622406,0.14189,0.013275
174.06494212150574,0.14624,0.013621
174.1161596775055,0.15068,0.012328
174.16844010353088,0.15944,0.011929
174.22099781036377,0.16173,0.012002
174.2688708305359,0.16827,0.011882
174.3203089237213,0.17243,0.011793
174.36870646476746,0.1768,0.011822
174.4177143573761,0.181,0.011993
174.47370386123657,0.18527,0.012098
174.5205159187317,0.18735,0.012801
174.5767538547516,0.19873,0.011401
174.62415647506714,0.20184,0.011079
174.67625427246094,0.20384,0.011796
174.7241816520691,0.21004,0.012096
174.78248476982117,0.21313,0.012213
174.83348536491394,0.21709,0.011142
174.88846611976624,0.22005,0.011662
174.93364262580872,0.22733,0.011688
174.99002194404602,0.23433,0.012227
175.04208421707153,0.23821,0.013347
175.09341025352478,0.24251,0.013542
175.14248299598694,0.24721,0.011509
175.19967341423035,0.25121,0.011806
175.24548721313477,0.25532,0.011662
175.29778909683228,0.25928,0.011383
175.3483703136444,0.26317,0.011678
175.41080904006958,0.2692,0.011747
175.45899200439453,0.27525,0.012935
175.50746774673462,0.28017,0.015863
175.56056547164917,0.28311,0.011837
175.61484479904175,0.28783,0.0117
175.66374135017395,0.29195,0.011685
175.72061157226562,0.29893,0.011703
175.76846313476562,0.30281,0.011615
175.82667183876038,0.30951,0.011681
175.88611340522766,0.045147,0.012112
175.93490052223206,0.055067,0.011933
175.9855601787567,0.06612,0.012317
176.03569960594177,0.076933,0.01211
176.0850772857666,0.09816,0.012077
176.13747668266296,0.10061,0.011874
176.18601751327515,0.10583,0.012571
176.23520135879517,0.11067,0.013661
176.28911781311035,0.11568,0.014072
176.33841824531555,0.12063,0.012245
176.3879702091217,0.12527,0.011762
176.44191145896912,0.13485,0.011997
176.49748921394348,0.14072,0.012003
176.54788899421692,0.14509,0.01321
176.60159492492676,0.14633,0.011767
176.65002131462097,0.15304,0.011794
176.70070004463196,0.15837,0.012007
176.7533688545227,0.16589,0.011937
176.80114364624023,0.17129,0.011829
176.85138273239136,0.17349,0.011791
176.90051412582397,0.18004,0.011854
176.96042847633362,0.18299,0.011892
177.00868272781372,0.18621,0.012167
177.06684732437134,0.19565,0.011734
177.1190836429596,0.19871,0.011264
177.16611886024475,0.20285,0.011646
177.2183346748352,0.20684,0.011852
177.26850295066833,0.21199,0.01327
177.31897282600403,0.21608,0.013927
177.37595295906067,0.22111,0.011696
177.42703199386597,0.22627,0.011889
177.4744167327881,0.22928,0.012005
177.52595233917236,0.23725,0.014275
177.58210682868958,0.23924,0.014594
177.6336269378662,0.24516,0.01239
177.6852147579193,0.24923,0.011713
177.73323154449463,0.25313,0.011709
177.79711365699768,0.2572,0.011469
177.85130333900452,0.26219,0.01167
177.89905714988708,0.26911,0.011773
177.9469075202942,0.27311,0.012781
178.0008282661438,0.27803,0.015646
178.04832243919373,0.28295,0.014242
178.1007800102234,0.28489,0.01116
178.1516261100769,0.28877,0.011759
178.20505738258362,0.29379,0.011725
178.2577793598175,0.29775,0.011666
178.30635261535645,0.30273,0.011644
178.35758876800537,0.30564,0.011252
178.42143964767456,0.04696,0.011731
178.4692633152008,0.062987,0.011985
178.52170395851135,0.07116,0.01246
178.57092833518982,0.08492,0.012113
178.6249713897705,0.096427,0.011962
178.68299317359924,0.10696,0.012344
178.7328007221222,0.10936,0.01289
178.78323245048523,0.11563,0.013542
178.83471035957336,0.12045,0.014211
178.88345503807068,0.12404,0.011852
178.9372444152832,0.13123,0.012073
178.98782634735107,0.13361,0.012313
179.0373933315277,0.14057,0.013036
179.08690977096558,0.14489,0.013657
179.1366970539093,0.15489,0.012427
179.1891689300537,0.15819,0.011969
179.2471854686737,0.16045,0.011814
179.29360175132751,0.16579,0.01203
179.34374070167542,0.17455,0.011738
179.39742755889893,0.17876,0.011686
179.44764733314514,0.18181,0.011846
179.4985282421112,0.18599,0.012001
179.54776644706726,0.19135,0.011832
179.6011619567871,0.19545,0.011086
179.65402030944824,0.19955,0.011617
179.70164847373962,0.20367,0.011963
179.75907349586487,0.20768,0.013139
179.8079891204834,0.21584,0.013707
179.85756587982178,0.21897,0.012601
179.90974187850952,0.22524,0.011763
179.9695839881897,0.22721,0.012086
180.02070593833923,0.23324,0.01341
180.07050943374634,0.23712,0.014624
180.11937642097473,0.24113,0.01169
180.17317652702332,0.25015,0.011787
180.2251603603363,0.25217,0.011525
180.2795479297638,0.25809,0.011532
180.32701897621155,0.26099,0.010889
180.3853325843811,0.26503,0.011628
180.43710827827454,0.27201,0.012012
180.49010109901428,0.27595,0.013267
180.53835558891296,0.27981,0.014961
180.58936524391174,0.28285,0.011748
180.64131999015808,0.28776,0.011716
180.69172835350037,0.28975,0.011707
180.7456090450287,0.29579,0.011692
180.79107236862183,0.29973,0.011714
180.84403228759766,0.30939,0.011617
180.8990399837494,0.044373,0.011831
180.9432017803192,0.054613,0.013259
180.99582743644714,0.066907,0.011957
181.0498025417328,0.076427,0.012384
181.0980772972107,0.087373,0.012275
181.15005016326904,0.096413,0.011962
181.2000150680542,0.10297,0.012382
181.25100541114807,0.11299,0.013069
181.30007123947144,0.11788,0.014035
181.3517599105835,0.12161,0.014023
181.40039730072021,0.12753,0.011844
181.45452499389648,0.12977,0.011954
181.50356936454773,0.13457,0.012248
181.5535831451416,0.14025,0.01345
181.60331654548645,0.15048,0.013857
181.65360593795776,0.15261,0.013371
181.70380759239197,0.15919,0.011922
181.75553798675537,0.16151,0.011977
181.8022084236145,0.16791,0.011879
181.85610961914062,0.17008,0.011738
181.9042031764984,0.17548,0.011736
181.95614385604858,0.18383,0.011806
182.00552678108215,0.18725,0.011803
182.05487823486328,0.19123,0.011588
182.10867714881897,0.19435,0.011097
182.15832591056824,0.19959,0.011361
182.2088499069214,0.20283,0.011873
182.25692486763,0.20773,0.012892
182.3079652786255,0.21176,0.014026
182.36104369163513,0.22009,0.011535
182.41446924209595,0.22291,0.011695
182.4640507698059,0.22797,0.011703
182.5140573978424,0.23211,0.013241
182.56334471702576,0.23409,0.014676
182.61398220062256,0.24009,0.011482
182.66411066055298,0.24707,0.01155
182.7152419090271,0.25104,0.011661
182.76410961151123,0.25607,0.011804
182.821147441864,0.25991,0.010928
182.87096905708313,0.26289,0.011343
182.92315077781677,0.26783,0.011759
182.97283601760864,0.27089,0.012015
183.02552342414856,0.27377,0.01574
183.0724196434021,0.28483,0.011131
183.1211657524109,0.28783,0.011555
183.17516779899597,0.28968,0.011711
183.22401642799377,0.29549,0.011674
183.2790243625641,0.29959,0.011693
183.32664442062378,0.30247,0.011717
183.37672543525696,0.30537,0.011174
183.4294354915619,0.051547,0.013578
183.47793769836426,0.063733,0.012187
183.53008437156677,0.067907,0.012991
183.58497309684753,0.081653,0.012887
183.63609766960144,0.09248,0.012161
183.68176460266113,0.10029,0.01229
183.73410892486572,0.10297,0.012841
183.78731656074524,0.11289,0.01297
183.8348832130432,0.11904,0.013934
183.88630557060242,0.12269,0.014229
183.93844747543335,0.12989,0.012056
183.98919868469238,0.13333,0.011995
184.04116702079773,0.1378,0.012161
184.09399223327637,0.14133,0.013642
184.14539217948914,0.14805,0.012622
184.19402551651,0.15808,0.011817
184.24661493301392,0.16029,0.011994
184.2976508140564,0.16457,0.012046
184.34635543823242,0.16893,0.011847
184.39898109436035,0.17332,0.011623
184.44874143600464,0.17753,0.011814
184.4972472190857,0.1816,0.011747
184.55041527748108,0.18996,0.011491
184.5984604358673,0.19421,0.011185
184.65865278244019,0.19937,0.011113
184.70729804039001,0.20151,0.011402
184.75729131698608,0.20757,0.012581
184.8066427707672,0.21277,0.013819
184.8643434047699,0.21667,0.011623
184.9142200946808,0.21985,0.011726
184.96632289886475,0.22484,0.011721
185.01369261741638,0.233,0.012105
185.0742702484131,0.23504,0.012519
185.12295007705688,0.24075,0.011604
185.169828414917,0.24589,0.011725
185.22133231163025,0.24899,0.011599
185.28048634529114,0.25199,0.011823
185.3366048336029,0.25981,0.011143
185.3931863307953,0.2648,0.011289
185.44097590446472,0.26971,0.011644
185.49083590507507,0.27177,0.012825
185.5419089794159,0.27579,0.014907
185.59170961380005,0.28165,0.01111
185.64607095718384,0.28564,0.011671
185.6937267780304,0.28983,0.011688
185.74359464645386,0.29547,0.011739
185.7972593307495,0.30052,0.011672
185.84791159629822,0.30647,0.011611
185.89735054969788,0.038907,0.011711
185.94859838485718,0.048707,0.01305
185.99659705162048,0.05964,0.013073
186.04851531982422,0.070427,0.013068
186.10329914093018,0.07872,0.012804
186.15604209899902,0.094973,0.012309
186.20273327827454,0.097627,0.012251
186.25696229934692,0.1104,0.012998
186.3037190437317,0.11527,0.014076
186.35561060905457,0.12011,0.014112
186.40844798088074,0.12504,0.012987
186.4621503353119,0.12976,0.012035
186.51245212554932,0.13545,0.011937
186.56202602386475,0.14352,0.012695
186.6088924407959,0.14672,0.013717
186.66186332702637,0.15145,0.013057
186.71047949790955,0.15703,0.012027
186.7627854347229,0.15913,0.011653
186.81515979766846,0.16229,0.011993
186.86365246772766,0.16999,0.011933
186.9135308265686,0.17545,0.011797
186.96455645561218,0.18072,0.011822
187.01236152648926,0.18477,0.011596
187.06454014778137,0.18893,0.011352
187.1143991947174,0.19092,0.011191
187.16524147987366,0.19923,0.011365
187.2146351337433,0.20233,0.01152
187.2673580646515,0.20659,0.01189
187.31603264808655,0.21271,0.013528
187.3663568496704,0.21763,0.011851
187.4228537082672,0.21975,0.011818
187.47253727912903,0.22475,0.011633
187.51799941062927,0.22979,0.011967
187.57637691497803,0.2358,0.012419
187.62453079223633,0.24076,0.014715
187.67407727241516,0.24469,0.012061
187.72459411621094,0.2478,0.011272
187.77549934387207,0.25396,0.011653
187.82583260536194,0.25673,0.011601
187.87489581108093,0.25975,0.011163
187.93093371391296,0.26967,0.011749
187.9816448688507,0.27156,0.011711
188.02899956703186,0.27672,0.01305
188.08446979522705,0.28065,0.014444
188.13325786590576,0.28353,0.011135
188.18256449699402,0.28941,0.011768
188.2336175441742,0.29139,0.011713
188.28211855888367,0.29736,0.011678
188.33668565750122,0.30132,0.011646
188.3883593082428,0.03932,0.012375
188.4408299922943,0.045827,0.013601
188.49083304405212,0.05648,0.012734
188.54753136634827,0.067613,0.013126
188.5974714756012,0.083973,0.012939
188.64528822898865,0.095973,0.012759
188.6967396736145,0.10147,0.012873
188.75448751449585,0.10633,0.013205
188.80455589294434,0.11143,0.013722
188.86037373542786,0.12007,0.01421
188.9107644557953,0.12615,0.012232
188.96023774147034,0.13067,0.011693
189.0148904323578,0.13651,0.011871
189.06552600860596,0.13997,0.013227
189.1160910129547,0.1434,0.013948
189.16493201255798,0.15024,0.012992
189.2156274318695,0.15355,0.011983
189.27193331718445,0.15783,0.012097
189.31902384757996,0.16669,0.011946
189.37066674232483,0.17097,0.011894
189.42426109313965,0.17644,0.01189
189.47224307060242,0.18073,0.011812
189.5268096923828,0.18361,0.011496
189.57583689689636,0.18797,0.011384
189.62539863586426,0.19304,0.011129
189.6819565296173,0.20124,0.011405
189.73162984848022,0.20337,0.012071
189.78302097320557,0.20851,0.012182
189.83396196365356,0.21348,0.013795
189.8848958015442,0.21677,0.011224
189.93350481987,0.22159,0.011743
189.9899594783783,0.22865,0.011859
190.0378119945526,0.23175,0.012059
190.0894410610199,0.23465,0.014784
190.14379501342773,0.23857,0.013287
190.19269847869873,0.24376,0.01161
190.24117970466614,0.24773,0.011625
190.29405331611633,0.2538,0.011737
190.34296703338623,0.25764,0.011213
190.39261984825134,0.26273,0.011434
190.44491052627563,0.26473,0.011713
190.4976019859314,0.26965,0.012154
190.54731917381287,0.27761,0.015153
190.59785437583923,0.28243,0.011757
190.646550655365,0.28551,0.011652
190.6999156475067,0.29037,0.011682
190.74938201904297,0.29335,0.011678
190.79644870758057,0.29719,0.011683
190.84919786453247,0.30223,0.01173
190.89757204055786,0.3052,0.013473
190.9499990940094,0.043427,0.012158
191.001122713089,0.048267,0.01266
191.05301332473755,0.07264,0.01317
191.11068892478943,0.083747,0.012862
191.16099500656128,0.09612,0.013183
191.22023797035217,0.10123,0.012556
191.267653465271,0.10385,0.013235
191.33041262626648,0.11624,0.014122
191.3828682899475,0.11995,0.014447
191.4306230545044,0.12445,0.012482
191.4809172153473,0.12928,0.012011
191.5362114906311,0.13527,0.011946
191.58429980278015,0.13751,0.01325
191.64179754257202,0.14787,0.013963
191.68929314613342,0.15228,0.013931
191.7397210597992,0.15781,0.012247
191.796710729599,0.16225,0.012151
191.84530472755432,0.16645,0.011886
191.8940029144287,0.17079,0.011947
191.95091652870178,0.17836,0.012016
192.0007963180542,0.18253,0.011936
192.05006051063538,0.18568,0.011749
192.10499477386475,0.18991,0.01129
192.15130710601807,0.19496,0.01136
192.20404243469238,0.19911,0.011606
192.2565565109253,0.20431,0.012077
192.31412935256958,0.20855,0.012875
192.36286640167236,0.21356,0.012826
192.41560173034668,0.21664,0.011307
192.4639174938202,0.22571,0.011765
192.51346158981323,0.22771,0.011655
192.56194639205933,0.23265,0.012121
192.61715936660767,0.23661,0.013502
192.6696116924286,0.24171,0.01114
192.7219808101654,0.24473,0.011746
192.7751066684723,0.2546,0.011794
192.82723307609558,0.25561,0.01179
192.88213682174683,0.26161,0.011353
192.93095302581787,0.26359,0.011678
192.98215413093567,0.26847,0.011788
193.04026222229004,0.27364,0.015769
193.08644080162048,0.27744,0.014098
193.136892080307,0.28548,0.011058
193.18905782699585,0.28841,0.011728
193.25081419944763,0.29331,0.011712
193.29578351974487,0.29747,0.011662
193.35034012794495,0.30017,0.011665
193.40412783622742,0.30517,0.014476
193.4535882472992,0.30843,0.013489
193.5026204586029,0.057693,0.013109
193.55420541763306,0.069867,0.01314
193.604350566864,0.08076,0.012913
193.65597677230835,0.091773,0.013345
193.7069833278656,0.0986,0.01299
193.75554132461548,0.10376,0.012876
193.808039188385,0.11004,0.01368
193.860431432724,0.11249,0.014425
193.90511965751648,0.11872,0.014074
193.95761704444885,0.12705,0.011857
194.01017332077026,0.13297,0.012005
194.06342315673828,0.13875,0.01193
194.11190795898438,0.14323,0.012898
194.16243696212769,0.14541,0.013127
194.20976328849792,0.15327,0.013427
194.26204133033752,0.15439,0.012154
194.3172414302826,0.16315,0.012275
194.36658310890198,0.16859,0.011959
194.41970801353455,0.17395,0.011877
194.4727442264557,0.17825,0.011828
194.52258110046387,0.18053,0.011776
194.5741720199585,0.18545,0.011644
194.62228178977966,0.18977,0.011355
194.67657351493835,0.19709,0.011375
194.72396850585938,0.2032,0.011571
194.77453470230103,0.20616,0.01187
194.8285174369812,0.21033,0.013991
194.87875247001648,0.21445,0.012979
194.92829966545105,0.21835,0.011413
194.9769241809845,0.22655,0.011633
195.0265941619873,0.22763,0.011623
195.07901883125305,0.23359,0.013953
195.12843894958496,0.23663,0.014601
195.17637944221497,0.24049,0.011548
195.23059010505676,0.24369,0.011757
195.28415036201477,0.24865,0.011703
195.32987523078918,0.25775,0.011721
195.3841609954834,0.26053,0.011539
195.43880534172058,0.26544,0.011562
195.49014163017273,0.26851,0.011679
195.537912607193,0.27355,0.012804
195.58939123153687,0.27743,0.011859
195.63940930366516,0.28141,0.011613
195.68843245506287,0.28633,0.01171
195.74138760566711,0.28924,0.011748
195.7900960445404,0.29328,0.01169
195.84126329421997,0.30107,0.01166
195.88973808288574,0.30825,0.011714
195.94468021392822,0.042987,0.012127
195.9911835193634,0.047947,0.011903
196.04411554336548,0.05592,0.012961
196.0959165096283,0.075093,0.012869
196.14580845832825,0.083053,0.013073
196.19664239883423,0.098347,0.013438
196.24893450737,0.10349,0.013113
196.29658842086792,0.10987,0.013113
196.34603333473206,0.1148,0.014472
196.39870405197144,0.11831,0.012937
196.44842791557312,0.12336,0.012546
196.50029134750366,0.12701,0.011985
196.5488772392273,0.13508,0.01193
196.59705877304077,0.14196,0.011861
196.65207171440125,0.14439,0.012817
196.70092940330505,0.15093,0.013747
196.75174856185913,0.15435,0.012329
196.80183005332947,0.15867,0.012212
196.85317254066467,0.16417,0.012107
196.9053556919098,0.16951,0.011963
196.95433974266052,0.1728,0.01183
197.00593423843384,0.18041,0.011874
197.05403590202332,0.18648,0.011867
197.10598182678223,0.18877,0.011839
197.15423226356506,0.19376,0.011637
197.20532727241516,0.19684,0.011718
197.25964975357056,0.20209,0.011901
197.31061601638794,0.20632,0.012623
197.36323308944702,0.21133,0.013762
197.4116678237915,0.21331,0.011386
197.4616665840149,0.22136,0.011395
197.5132133960724,0.22748,0.01165
197.56596565246582,0.23044,0.012
197.61413073539734,0.23451,0.012989
197.66876602172852,0.23851,0.014636
197.72372031211853,0.24348,0.011749
197.7690532207489,0.2484,0.011676
197.82090377807617,0.25341,0.011824
197.87128400802612,0.26052,0.011596
197.92383742332458,0.26351,0.011466
197.97746992111206,0.26744,0.01171
198.0286066532135,0.27037,0.012915
198.077716588974,0.27435,0.014452
198.12664771080017,0.27924,0.012204
198.1786048412323,0.28623,0.011686
198.22640895843506,0.29007,0.011775
198.27977085113525,0.29412,0.011678
198.32898879051208,0.29705,0.011711
198.38077402114868,0.30495,0.011693
198.4334225654602,0.037773,0.011811
198.48349046707153,0.045093,0.014369
198.53506302833557,0.05288,0.013265
198.5818967819214,0.061267,0.013042
198.63620400428772,0.075,0.012686
198.68661856651306,0.09692,0.013521
198.73504376411438,0.10228,0.013678
198.78800010681152,0.10501,0.013594
198.83798933029175,0.10979,0.013755
198.8924195766449,0.11723,0.014639
198.9406681060791,0.12321,0.013413
198.99913811683655,0.12804,0.011996
199.0454957485199,0.13268,0.011931
199.09651923179626,0.13621,0.012164
199.15056777000427,0.14541,0.012808
199.19814443588257,0.15093,0.013305
199.24781847000122,0.15417,0.013269
199.3000946044922,0.15872,0.012327
199.35406613349915,0.16193,0.012179
199.40059733390808,0.16735,0.012046
199.45254278182983,0.17371,0.011822
199.50367307662964,0.17489,0.011901
199.5542950630188,0.18123,0.011784
199.60272192955017,0.18444,0.011625
199.65385389328003,0.19477,0.011572
199.70772862434387,0.19784,0.011608
199.75636100769043,0.20197,0.011699
199.8066086769104,0.20523,0.013145
199.85621809959412,0.21121,0.01387
199.9059808254242,0.21523,0.012824
199.95842218399048,0.21948,0.011122
200.0081844329834,0.22321,0.011613
200.06130743026733,0.2304,0.012073
200.11541032791138,0.23545,0.012856
200.16602325439453,0.23949,0.014337
200.2146155834198,0.24447,0.011825
200.26401615142822,0.24537,0.011264
200.31548380851746,0.25339,0.011655
200.36262249946594,0.25451,0.011721
200.41433334350586,0.26036,0.011606
200.4647560119629,0.26433,0.011653
200.51673555374146,0.26829,0.012765
200.56668949127197,0.27621,0.014862
200.61561608314514,0.28016,0.015598
200.67030382156372,0.28331,0.011145
200.71963787078857,0.28712,0.011748
200.77004384994507,0.29123,0.011677
200.8273148536682,0.29907,0.011741
200.877525806427,0.30279,0.01168
200.92745232582092,0.30379,0.011682
200.98154306411743,0.040227,0.011792
201.0321066379547,0.05004,0.014023
201.08257794380188,0.063733,0.012567
201.13293409347534,0.07168,0.012865
201.18288350105286,0.08548,0.013123
201.2285120487213,0.09696,0.013857
201.2835464477539,0.10607,0.013767
201.3354368209839,0.11092,0.013765
201.38303208351135,0.11587,0.014098
201.438570022583,0.11956,0.012483
201.48775243759155,0.12673,0.011774
201.53786182403564,0.13371,0.012055
201.58759355545044,0.13844,0.011853
201.6377055644989,0.14173,0.0122
201.69009804725647,0.14537,0.012709
201.74142217636108,0.15204,0.012794
201.7953097820282,0.15633,0.01243
201.84396290779114,0.16195,0.012407
201.8934407234192,0.16611,0.012252
201.9486198425293,0.16945,0.012023
201.99664759635925,0.17795,0.011878
202.0506341457367,0.18217,0.011789
202.09848308563232,0.18744,0.011786
202.15149641036987,0.1906,0.011602
202.1990556716919,0.19471,0.011639
202.25199961662292,0.19997,0.011949
202.2979826927185,0.20393,0.01216
202.35289359092712,0.20684,0.013426
202.4011685848236,0.21613,0.01394
202.45321536064148,0.22023,0.01193
202.5031168460846,0.22127,0.011619
202.55237364768982,0.22728,0.011579
202.60184931755066,0.22932,0.012645
202.64878821372986,0.23549,0.014148
202.70276808738708,0.24235,0.01343
202.7495880126953,0.2454,0.011369
202.8054437637329,0.25128,0.011632
202.85324883460999,0.25555,0.011789
202.90518951416016,0.25925,0.011717
202.95392537117004,0.26336,0.01172
203.00578927993774,0.26735,0.011881
203.06168007850647,0.26933,0.01218
203.11156034469604,0.27916,0.016167
203.16305232048035,0.28296,0.01111
203.21377158164978,0.28709,0.011817
203.26727175712585,0.29104,0.011707
203.31976795196533,0.29297,0.011691
203.3679075241089,0.29984,0.01167
203.41609644889832,0.30293,0.01165
203.46673679351807,0.30753,0.011776
203.52020740509033,0.055187,0.012422
203.57199025154114,0.060587,0.012903
203.62114763259888,0.07444,0.012337
203.67289352416992,0.082507,0.012401
203.72061252593994,0.096787,0.013387
203.77096128463745,0.099467,0.014352
203.82585763931274,0.10689,0.013902
203.87414050102234,0.11093,0.014561
203.9255723953247,0.12063,0.013979
203.97744178771973,0.1242,0.013203
204.02294778823853,0.13009,0.011759
204.07666206359863,0.13489,0.012055
204.12787747383118,0.13713,0.012349
204.1787292957306,0.14392,0.012878
204.2259600162506,0.14844,0.013654
204.27647066116333,0.15633,0.013446
204.32956838607788,0.16068,0.012588
204.37935256958008,0.16503,0.012428
204.42830538749695,0.16924,0.012184
204.48499298095703,0.17368,0.011937
204.53327322006226,0.1778,0.011835
204.58418798446655,0.18199,0.011761
204.63437342643738,0.18527,0.011783
204.68311405181885,0.1906,0.011772
204.73114800453186,0.19889,0.01167
204.78461575508118,0.20395,0.011908
204.83652305603027,0.20697,0.012
204.8868055343628,0.21205,0.013237
204.9362394809723,0.21411,0.011469
204.9854176044464,0.22009,0.01133
205.03481101989746,0.22303,0.011675
205.08616518974304,0.22715,0.012219
205.1469542980194,0.23532,0.014264
205.19943141937256,0.23829,0.014515
205.24530267715454,0.24415,0.011935
205.3006715774536,0.24719,0.01167
205.3489465713501,0.25221,0.011766
205.39784026145935,0.25629,0.011706
205.4500858783722,0.26021,0.011716
205.49809646606445,0.26911,0.011796
205.54933261871338,0.27027,0.012127
205.6003520488739,0.27721,0.013815
205.6543891429901,0.28109,0.014241
205.70371675491333,0.28496,0.011693
205.75357842445374,0.28791,0.01177
205.80413699150085,0.29297,0.011727
205.85823273658752,0.29689,0.011687
205.90745425224304,0.30087,0.011658
205.95585703849792,0.30387,0.011633
206.00913739204407,0.03796,0.012619
206.0615155696869,0.060427,0.014281
206.1103675365448,0.065973,0.012665
206.16027069091797,0.08228,0.012623
206.20954823493958,0.09048,0.012446
206.265389919281,0.097973,0.014472
206.32342338562012,0.10587,0.013908
206.3707401752472,0.11324,0.014048
206.42337656021118,0.11685,0.014646
206.47093272209167,0.12296,0.013905
206.52296471595764,0.12773,0.012034
206.57590007781982,0.13244,0.011832
206.6277105808258,0.13815,0.011961
206.67517113685608,0.14043,0.012662
206.7273292541504,0.15071,0.013441
206.77680730819702,0.15285,0.012891
206.82926869392395,0.15839,0.012685
206.87672877311707,0.1616,0.012543
206.93596148490906,0.17155,0.012436
206.98853206634521,0.17576,0.012308
207.0371391773224,0.18107,0.012203
207.08613777160645,0.18315,0.011973
207.13797616958618,0.18423,0.0118
207.18960189819336,0.19277,0.011813
207.2411606311798,0.19675,0.011695
207.29270672798157,0.20081,0.011938
207.34584641456604,0.20581,0.012028
207.39114689826965,0.21304,0.01367
207.44778513908386,0.21793,0.012412
207.4979305267334,0.22116,0.011251
207.54692554473877,0.22505,0.011761
207.59592843055725,0.2302,0.012227
207.64677906036377,0.23428,0.014705
207.695481300354,0.23716,0.012591
207.74314188957214,0.24124,0.011243
207.80157780647278,0.25008,0.011698
207.8471875190735,0.25204,0.011709
207.90298628807068,0.25615,0.011791
207.94845533370972,0.26012,0.011714
208.0031955242157,0.26607,0.012038
208.05078172683716,0.26709,0.011901
208.1013331413269,0.27313,0.012927
208.1553454399109,0.27617,0.015725
208.2001748085022,0.28007,0.011495
208.2549376487732,0.28899,0.011781
208.3049898147583,0.29388,0.011753
208.35558128356934,0.29776,0.011779
208.40876984596252,0.3008,0.01166
208.4601936340332,0.30733,0.011649
208.50644493103027,0.039173,0.012923
208.5615589618683,0.049293,0.014279
208.6080605983734,0.060227,0.012678
208.65960907936096,0.071213,0.012889
208.71114253997803,0.08492,0.012323
208.76223850250244,0.10067,0.013848
208.8088071346283,0.10308,0.014625
208.86105275154114,0.11083,0.014419
208.9105260372162,0.11317,0.014479
208.9636046886444,0.11921,0.013206
209.01308608055115,0.12405,0.011864
209.06412887573242,0.12864,0.012015
209.11340928077698,0.13444,0.011848
209.1614124774933,0.13937,0.012113
209.21421265602112,0.14725,0.012243
209.267076253891,0.15285,0.012837
209.3141655921936,0.15711,0.01346
209.37321019172668,0.16265,0.013119
209.42019152641296,0.16701,0.012465
209.4693067073822,0.17021,0.012441
209.52068781852722,0.17455,0.012274
209.574134349823,0.17967,0.011806
209.62344002723694,0.18827,0.011771
209.67349076271057,0.19135,0.011728
209.7240583896637,0.19563,0.011811
209.7746546268463,0.2008,0.011765
209.8259539604187,0.2028,0.011985
209.87472558021545,0.20681,0.012377
209.92307209968567,0.21208,0.013954
209.97614693641663,0.21513,0.012191
210.02833247184753,0.22092,0.011698
210.07779550552368,0.22928,0.011642
210.12974166870117,0.23395,0.012079
210.17776203155518,0.23717,0.013413
210.2257182598114,0.24116,0.014934
210.27718114852905,0.24419,0.012232
210.32825875282288,0.24897,0.011786
210.3754894733429,0.25297,0.01178
210.4326593875885,0.26111,0.011693
210.47892665863037,0.26308,0.011701
210.52919960021973,0.26597,0.011707
210.5825674533844,0.27097,0.01263
210.63222765922546,0.27588,0.015581
210.68359446525574,0.27975,0.011261
210.73171877861023,0.28267,0.011755
210.7845058441162,0.28783,0.011679
210.83656191825867,0.29484,0.011677
210.88598251342773,0.29872,0.011708
210.93572616577148,0.30265,0.011691
210.98593139648438,0.30563,0.012557
211.03927040100098,0.042627,0.014467
211.08953189849854,0.053053,0.013111
211.14228081703186,0.062627,0.012464
211.19514083862305,0.084747,0.013031
211.24431228637695,0.096413,0.01341
211.2937867641449,0.10172,0.013818
211.35039377212524,0.10563,0.014231
211.39358830451965,0.11177,0.014256
211.4552927017212,0.11933,0.014579
211.504549741745,0.12161,0.013073
211.5560519695282,0.12875,0.012024
211.60795855522156,0.13207,0.011765
211.65763926506042,0.13807,0.011719
211.71237778663635,0.14131,0.012512
211.7589626312256,0.15157,0.012895
211.8140263557434,0.15607,0.013521
211.86185717582703,0.15928,0.012653
211.91257119178772,0.1636,0.012866
211.96595740318298,0.16904,0.012429
212.01652598381042,0.17752,0.012398
212.0693323612213,0.1818,0.012298
212.1185119152069,0.18495,0.012078
212.17282605171204,0.18909,0.011723
212.2261016368866,0.19432,0.011755
212.27459239959717,0.19755,0.011742
212.32667541503906,0.20072,0.011892
212.3827211856842,0.20873,0.012274
212.42971634864807,0.21496,0.013946
212.48063611984253,0.21791,0.01307
212.53523230552673,0.22096,0.01117
212.5824911594391,0.22587,0.011696
212.6337969303131,0.23103,0.01275
212.68407821655273,0.23505,0.014871
212.7337555885315,0.23903,0.012374
212.7852394580841,0.24407,0.011766
212.83527970314026,0.24721,0.011802
212.88376140594482,0.25104,0.011823
212.9358994960785,0.25904,0.011754
212.98904728889465,0.26388,0.011687
213.0377802848816,0.26703,0.011853
213.08776330947876,0.271,0.014377
213.13856673240662,0.27603,0.015511
213.18742060661316,0.27883,0.013388
213.23850893974304,0.28189,0.011571
213.29438972473145,0.28969,0.011707
213.34358978271484,0.29468,0.011722
213.3952271938324,0.29853,0.011799
213.4454894065857,0.30151,0.011688
213.50196647644043,0.30719,0.011618
213.5509638786316,0.036307,0.012484
213.60388159751892,0.06524,0.013623
213.6538951396942,0.073667,0.012476
213.70446300506592,0.0818,0.01261
213.75758576393127,0.089947,0.014163
213.8079936504364,0.10029,0.014251
213.8618025779724,0.10292,0.014831
213.9106719493866,0.10931,0.014289
213.9592707157135,0.11912,0.014583
214.00953841209412,0.12517,0.013683
214.06092429161072,0.12973,0.012042
214.11036849021912,0.13332,0.012039
214.16077256202698,0.13907,0.011833
214.20908069610596,0.1426,0.012225
214.2616159915924,0.14581,0.012724
214.30917263031006,0.15051,0.013454
214.36968207359314,0.15817,0.013125
214.4187114238739,0.15937,0.012778
214.4689621925354,0.16684,0.0127
214.51696133613586,0.17119,0.012443
214.5722267627716,0.17867,0.012385
214.61587142944336,0.18501,0.012102
214.67019939422607,0.1882,0.01181
214.71894669532776,0.19324,0.011705
214.77352690696716,0.1954,0.011698
214.82925033569336,0.20152,0.011999
214.87751150131226,0.20561,0.012469
214.9275062084198,0.20979,0.013457
214.97658395767212,0.21391,0.011523
215.02850461006165,0.22199,0.011371
215.07916617393494,0.22695,0.011673
215.13282299041748,0.23005,0.011777
215.1834454536438,0.23405,0.014333
215.23524975776672,0.23588,0.014097
215.2866063117981,0.24209,0.011562
215.33420205116272,0.24597,0.011795
215.38622164726257,0.25011,0.011715
215.43572664260864,0.258,0.011728
215.48423743247986,0.26288,0.011682
215.53237438201904,0.26592,0.011763
215.58498668670654,0.26985,0.011869
215.63507223129272,0.27284,0.015927
215.6874876022339,0.27892,0.01357
215.74385499954224,0.28279,0.01157
215.79307985305786,0.29076,0.011739
215.84805822372437,0.29453,0.011687
215.89723229408264,0.29869,0.011629
215.94394946098328,0.30171,0.011644
215.9959578514099,0.30691,0.011976
216.04688668251038,0.038493,0.012058
216.0986475944519,0.047067,0.014896
216.14676237106323,0.059747,0.012503
216.1992630958557,0.078933,0.012565
216.24956035614014,0.09232,0.0132
216.30256605148315,0.098853,0.013811
216.3495261669159,0.10404,0.014712
216.40012884140015,0.11032,0.014819
216.45604825019836,0.11532,0.014781
216.50286316871643,0.12024,0.012306
216.55539989471436,0.12388,0.012018
216.60689902305603,0.12971,0.011855
216.65638852119446,0.13565,0.01171
216.7096300125122,0.14359,0.011941
216.75786662101746,0.14807,0.012008
216.81272673606873,0.15363,0.01246
216.86139011383057,0.15597,0.012964
216.91080713272095,0.16244,0.013375
216.9609797000885,0.16572,0.01315
217.01633429527283,0.17108,0.012859
217.06736540794373,0.17543,0.012774
217.12059116363525,0.17969,0.012327
217.16894340515137,0.18785,0.01188
217.22251105308533,0.19228,0.011762
217.27393007278442,0.19625,0.011716
217.32384848594666,0.20163,0.011902
217.37246966362,0.20539,0.012631
217.42268753051758,0.20867,0.01373
217.47298431396484,0.2138,0.012729
217.52425980567932,0.21789,0.011099
217.5742301940918,0.22668,0.011607
217.6253364086151,0.22997,0.012021
217.67445731163025,0.23192,0.012203
217.72346258163452,0.23796,0.014579
217.7781116962433,0.24192,0.012458
217.82652497291565,0.24601,0.011475
217.87794995307922,0.25096,0.011708
217.92715787887573,0.25173,0.01172
217.97582912445068,0.25787,0.011721
218.027325630188,0.26284,0.011839
218.0774369239807,0.26972,0.011779
218.12694096565247,0.27373,0.012948
218.1874816417694,0.27781,0.016204
218.23780488967896,0.28259,0.011694
218.28847670555115,0.28553,0.011738
218.33946418762207,0.28957,0.011794
218.39827156066895,0.29456,0.011635
218.44709730148315,0.29845,0.011668
218.49470448493958,0.30672,0.011725
218.54847645759583,0.044347,0.012898
218.599134683609,0.050907,0.012061
218.6505675315857,0.05924,0.01289
218.70154404640198,0.075893,0.012933
218.7514181137085,0.086747,0.013016
218.80545139312744,0.096253,0.014011
218.8563838005066,0.10656,0.014575
218.90363764762878,0.11164,0.01434
218.95429301261902,0.11768,0.014741
219.00698065757751,0.12112,0.014132
219.05625796318054,0.12373,0.012519
219.10434412956238,0.13087,0.012029
219.15539479255676,0.13325,0.011775
219.20509123802185,0.14123,0.01185
219.25660228729248,0.14576,0.012007
219.3106243610382,0.15012,0.012154
219.3599009513855,0.15909,0.012874
219.40804958343506,0.16236,0.013218
219.45698928833008,0.16773,0.013217
219.51126432418823,0.16889,0.013455
219.5594127178192,0.17441,0.013119
219.6126570701599,0.17963,0.012426
219.65970158576965,0.18375,0.01207
219.7087640762329,0.18788,0.011829
219.76045417785645,0.19533,0.011727
219.8096091747284,0.20023,0.011719
219.86432361602783,0.20247,0.01195
219.91216254234314,0.20949,0.013255
219.96579241752625,0.21368,0.013736
220.01817560195923,0.21577,0.011298
220.06965017318726,0.21969,0.011345
220.11996245384216,0.22876,0.011775
220.1705048084259,0.23403,0.012045
220.21907997131348,0.2358,0.013817
220.268572807312,0.24187,0.013696
220.3216781616211,0.24587,0.011285
220.36928343772888,0.24888,0.011838
220.41597485542297,0.25288,0.011812
220.4686040878296,0.25881,0.011692
220.51996636390686,0.25967,0.011745
220.56840825080872,0.26676,0.011781
220.6236972808838,0.26871,0.01251
220.66970348358154,0.27365,0.015265
220.72115445137024,0.28259,0.013437
220.7738492488861,0.28647,0.011485
220.82264924049377,0.29037,0.011721
220.87390422821045,0.29449,0.011753
220.92591166496277,0.29832,0.011651
220.97421431541443,0.30136,0.011596
221.02710843086243,0.3066,0.011776
221.07621383666992,0.035427,0.011996
221.1261067390442,0.050747,0.014132
221.17761874198914,0.073027,0.012678
221.2267882823944,0.083907,0.012807
221.2758355140686,0.092093,0.013403
221.3255798816681,0.097453,0.013964
221.3795702457428,0.10403,0.014687
221.4274754524231,0.1078,0.014542
221.47847938537598,0.1152,0.014954
221.5290243625641,0.11772,0.013553
221.57783031463623,0.12835,0.012075
221.62836718559265,0.13328,0.011913
221.6783983707428,0.13781,0.011671
221.72868514060974,0.14228,0.011739
221.78221797943115,0.14699,0.011854
221.83659553527832,0.15345,0.011984
221.8842761516571,0.15796,0.013025
221.9334316253662,0.16119,0.013386
221.98557686805725,0.16789,0.013189
222.03631782531738,0.169,0.013294
222.08504009246826,0.17637,0.013366
222.13904094696045,0.18264,0.012691
222.18861508369446,0.18688,0.01239
222.23699498176575,0.19208,0.011731
222.2890317440033,0.19511,0.011732
222.3380651473999,0.20033,0.011694
222.38753080368042,0.20449,0.012198
222.4434473514557,0.20952,0.013823
222.49474000930786,0.21369,0.012058
222.54580450057983,0.21663,0.011295
222.59608697891235,0.21973,0.011734
222.6463189125061,0.22963,0.011792
222.69262385368347,0.23473,0.012336
222.74593329429626,0.23771,0.01454
222.79301691055298,0.24188,0.012566
222.84345769882202,0.24561,0.011326
222.89467358589172,0.25083,0.011716
222.94856762886047,0.25367,0.011733
222.99885177612305,0.25873,0.011673
223.0579707622528,0.26661,0.011727
223.10702276229858,0.27067,0.01191
223.1701533794403,0.27463,0.016019
223.21660232543945,0.27859,0.012074
223.2703094482422,0.28251,0.011791
223.31968569755554,0.2854,0.011728
223.37474012374878,0.2914,0.011687
223.4258906841278,0.29831,0.011654
223.47822403907776,0.30128,0.011666
223.53124284744263,0.3064,0.011631
223.5815999507904,0.038867,0.011703
223.62847471237183,0.047867,0.014553
223.6800081729889,0.0644,0.012525
223.73208117485046,0.072693,0.013106
223.78120923042297,0.089053,0.013689
223.82929730415344,0.09608,0.014149
223.8799340724945,0.10121,0.01416
223.9368166923523,0.11129,0.014408
223.98532390594482,0.11624,0.014693
224.03311395645142,0.12121,0.014492
224.08376026153564,0.12719,0.011978
224.1344451904297,0.13181,0.011954
224.1921329498291,0.13533,0.011751
224.24422454833984,0.14451,0.011869
224.29089093208313,0.14791,0.011694
224.34579133987427,0.15347,0.01171
224.39689207077026,0.15689,0.013001
224.44512224197388,0.16335,0.013294
224.49457359313965,0.16664,0.01345
224.54448223114014,0.17084,0.013557
224.59797620773315,0.17512,0.013271
224.6466429233551,0.18036,0.012923
224.6963164806366,0.18356,0.012397
224.74612426757812,0.19193,0.011851
224.80018782615662,0.19708,0.011859
224.84889769554138,0.20123,0.011837
224.9039707183838,0.20519,0.012092
224.95621800422668,0.20932,0.012475
225.0012230873108,0.21552,0.013903
225.05342054367065,0.21845,0.012581
225.1063015460968,0.22381,0.011631
225.16008257865906,0.22575,0.012072
225.20753407478333,0.23163,0.012852
225.2612431049347,0.23475,0.014851
225.3108310699463,0.24356,0.013051
225.36453318595886,0.24653,0.011534
225.4153687953949,0.24965,0.011694
225.46390867233276,0.25561,0.011707
225.51321625709534,0.25952,0.011644
225.56572794914246,0.26451,0.011712
225.61445307731628,0.26555,0.012178
225.6639688014984,0.27144,0.014332
225.71491956710815,0.27465,0.014357
225.76604390144348,0.28347,0.011374
225.81490302085876,0.28731,0.011654
225.86500692367554,0.29041,0.011717
225.9155571460724,0.29624,0.011728
225.96533370018005,0.29923,0.011675
226.01641821861267,0.30317,0.011718
226.0689766407013,0.30621,0.011745
226.11719751358032,0.053293,0.013388
226.1674084663391,0.05856,0.014325
226.21875286102295,0.075253,0.01286
226.26768708229065,0.083467,0.012998
226.31777548789978,0.094293,0.013852
226.37039279937744,0.099867,0.014087
226.421231508255,0.10628,0.014253
226.4708080291748,0.11007,0.014542
226.5223138332367,0.11611,0.01488
226.570570230484,0.12585,0.012162
226.62049984931946,0.12943,0.011925
226.67169380187988,0.13635,0.011876
226.72108244895935,0.13985,0.011781
226.77239227294922,0.14571,0.011757
226.82250213623047,0.14999,0.011693
226.86860918998718,0.15337,0.012519
226.92364168167114,0.15681,0.012972
226.9743263721466,0.16088,0.013366
227.0240375995636,0.16747,0.013454
227.07262349128723,0.17608,0.013457
227.12624144554138,0.18039,0.013434
227.17611145973206,0.18236,0.012307
227.22671627998352,0.18659,0.012114
227.27524375915527,0.18877,0.011746
227.32595491409302,0.19921,0.011631
227.377281665802,0.20317,0.011969
227.42883205413818,0.20748,0.012117
227.47900700569153,0.21121,0.013578
227.52904200553894,0.21552,0.012881
227.57580018043518,0.21972,0.012625
227.62934136390686,0.22432,0.011841
227.67802357673645,0.2296,0.011841
227.72876572608948,0.23352,0.014039
227.78036856651306,0.23768,0.013532
227.82928824424744,0.24144,0.011274
227.88440108299255,0.24556,0.011697
227.9340374469757,0.24861,0.011753
227.98209714889526,0.25844,0.01168
228.03519773483276,0.26056,0.011706
228.08248043060303,0.2664,0.0117
228.13439655303955,0.26948,0.013289
228.187890291214,0.27343,0.014787
228.23559474945068,0.27736,0.015027
228.28375053405762,0.28121,0.011105
228.33717918395996,0.28832,0.011661
228.39554738998413,0.29132,0.011779
228.4446415901184,0.29613,0.01168
228.49818801879883,0.3002,0.011627
228.54484295845032,0.30407,0.011685
228.5979766845703,0.03304,0.011727
228.65155243873596,0.055667,0.013998
228.70173478126526,0.069373,0.012937
228.75003051757812,0.077707,0.013234
228.8000466823578,0.088693,0.013387
228.85179924964905,0.095827,0.013758
228.9017596244812,0.10616,0.013735
228.9533884525299,0.11105,0.013933
229.00167608261108,0.11617,0.014359
229.05611300468445,0.12095,0.0147
229.10758018493652,0.12572,0.011923
229.15489768981934,0.13035,0.011978
229.20453929901123,0.13967,0.011766
229.26450991630554,0.14205,0.011891
229.31024146080017,0.14771,0.011747
229.3630805015564,0.15097,0.011736
229.41056275367737,0.15553,0.011953
229.47321391105652,0.16309,0.012272
229.52394843101501,0.16745,0.012636
229.57162737846375,0.17084,0.013807
229.6250340938568,0.1772,0.013737
229.6744613647461,0.18116,0.013574
229.72613215446472,0.18556,0.012387
229.77591466903687,0.18957,0.011692
229.8227195739746,0.19487,0.011653
229.87783312797546,0.20116,0.011789
229.9248218536377,0.20612,0.012107
229.97599911689758,0.21019,0.013123
230.02825045585632,0.21437,0.013814
230.07671737670898,0.21939,0.011251
230.12819933891296,0.2234,0.011787
230.1800353527069,0.22543,0.011872
230.22887086868286,0.23153,0.013943
230.2771291732788,0.23447,0.01475
230.33161115646362,0.23843,0.013044
230.38175892829895,0.24655,0.01163
230.43075489997864,0.25056,0.011662
230.48149609565735,0.25543,0.01178
230.5311417579651,0.25952,0.011716
230.58222675323486,0.26425,0.011813
230.62853288650513,0.26727,0.01287
230.67977786064148,0.27233,0.013357
230.7337682247162,0.27635,0.014676
230.78597474098206,0.28039,0.011554
230.8344647884369,0.28404,0.011654
230.88777232170105,0.29308,0.011794
230.93737125396729,0.29712,0.011713
230.9854621887207,0.29999,0.011657
231.03561162948608,0.30389,0.011689
231.08613085746765,0.035107,0.011751
231.13850808143616,0.047213,0.013633
231.18866276741028,0.055373,0.013153
231.23687982559204,0.06904,0.012866
231.28944182395935,0.080093,0.013106
231.3403971195221,0.09832,0.013593
231.38942909240723,0.10224,0.013637
231.44121980667114,0.10727,0.013245
231.49069547653198,0.11353,0.014854
231.53992176055908,0.11709,0.014039
231.58976244926453,0.12308,0.011962
231.64274311065674,0.12803,0.01192
231.69109344482422,0.13127,0.011755
231.7428686618805,0.13721,0.011911
231.79495549201965,0.14515,0.011833
231.84309339523315,0.15087,0.011645
231.89210772514343,0.15415,0.011662
231.94418692588806,0.15965,0.011696
231.99204421043396,0.16285,0.012146
232.04288816452026,0.16848,0.013349
232.09712958335876,0.17277,0.013718
232.14913320541382,0.17703,0.01393
232.19689774513245,0.18128,0.014091
232.25068759918213,0.18856,0.012679
232.30041432380676,0.19268,0.011745
232.35011219978333,0.19677,0.011782
232.40699076652527,0.20097,0.012111
232.4532060623169,0.20507,0.012531
232.50551867485046,0.21117,0.013645
232.55926203727722,0.21823,0.013339
232.61154198646545,0.22236,0.011356
232.65851664543152,0.22525,0.011877
232.71175861358643,0.22936,0.012368
232.76200699806213,0.23327,0.014068
232.81241512298584,0.23837,0.01373
232.86464142799377,0.24231,0.011521
232.91362237930298,0.24637,0.011605
232.96539616584778,0.25527,0.011776
233.01597452163696,0.25819,0.01169
233.06729674339294,0.26232,0.011687
233.11593580245972,0.26619,0.011814
233.17184829711914,0.27011,0.013719
233.22783017158508,0.27412,0.015775
233.27661395072937,0.27725,0.01151
233.32841181755066,0.28105,0.011439
233.37509059906006,0.28685,0.01178
233.42733001708984,0.29003,0.011717
233.48205661773682,0.29879,0.011722
233.52928686141968,0.30288,0.011703
233.5876178741455,0.03424,0.011632
233.63780856132507,0.039027,0.014551
233.68912482261658,0.052173,0.013318
233.73920583724976,0.074413,0.013041
233.78821802139282,0.079813,0.012819
233.8395185470581,0.095413,0.013426
233.88961720466614,0.09932,0.013395
233.93915605545044,0.10584,0.013111
233.99049353599548,0.11208,0.014034
234.03898310661316,0.11584,0.014692
234.0943567752838,0.12063,0.013002
234.14421010017395,0.12652,0.011861
234.19403910636902,0.13601,0.01192
234.24592471122742,0.13824,0.011775
234.30284118652344,0.14399,0.011888
234.35549235343933,0.14841,0.011632
234.40133380889893,0.15412,0.011561
234.45360040664673,0.15732,0.011824
234.51154589653015,0.16284,0.011945
234.562584400177,0.17027,0.012824
234.6106448173523,0.17476,0.013135
234.6634714603424,0.17988,0.01392
234.71117758750916,0.18312,0.013878
234.7618284225464,0.18843,0.014059
234.81002140045166,0.19352,0.012155
234.8600881099701,0.19761,0.011579
234.91056895256042,0.19973,0.011968
234.96154260635376,0.2058,0.012685
235.01421785354614,0.20885,0.013515
235.06542444229126,0.21513,0.011774
235.11190271377563,0.21907,0.011327
235.1625566482544,0.22321,0.011715
235.21582961082458,0.2302,0.011911
235.26501035690308,0.23432,0.012001
235.31492638587952,0.23935,0.014837
235.36498069763184,0.24211,0.011577
235.41759324073792,0.24621,0.011601
235.46744966506958,0.25116,0.011681
235.51883602142334,0.25511,0.011724
235.5708827972412,0.26012,0.011675
235.61784744262695,0.26399,0.011767
235.67325830459595,0.271,0.012739
235.72099614143372,0.27493,0.0153
235.77262163162231,0.27793,0.015183
235.8225691318512,0.28372,0.011426
235.87233352661133,0.28699,0.011644
235.9200713634491,0.28996,0.011702
235.9733180999756,0.29393,0.011736
236.0235288143158,0.30269,0.011675
236.07138085365295,0.033093,0.011708
236.12596559524536,0.041307,0.013019
236.1719765663147,0.046773,0.012544
236.22180676460266,0.060387,0.013209
236.28097891807556,0.068587,0.013159
236.32749319076538,0.082413,0.013328
236.37895941734314,0.09804,0.013311
236.43443417549133,0.10192,0.013133
236.48198437690735,0.10956,0.012645
236.53536987304688,0.11565,0.014296
236.58451747894287,0.11963,0.012805
236.6378355026245,0.12417,0.011925
236.68397283554077,0.12887,0.011973
236.73676991462708,0.13256,0.011727
236.78602623939514,0.13709,0.011919
236.83637309074402,0.14845,0.011866
236.8901023864746,0.15188,0.011707
236.94777464866638,0.15747,0.011667
236.99447870254517,0.1618,0.011613
237.04516172409058,0.16493,0.011869
237.09901070594788,0.16816,0.013009
237.15751147270203,0.17885,0.012991
237.21217107772827,0.18311,0.013783
237.2572979927063,0.18724,0.014095
237.3142590522766,0.19141,0.011571
237.36187267303467,0.19649,0.011752
237.41179966926575,0.20172,0.011783
237.46390295028687,0.20697,0.012175
237.5122890472412,0.21105,0.01296
237.56053042411804,0.216,0.012025
237.60991215705872,0.21901,0.01165
237.6643772125244,0.22215,0.011842
237.71545553207397,0.22621,0.012041
237.7663013935089,0.23111,0.012194
237.81486582756042,0.23924,0.01487
237.86384510993958,0.24321,0.01317
237.91412901878357,0.24721,0.011391
237.96732258796692,0.25109,0.011721
238.0182008743286,0.25499,0.011677
238.06500220298767,0.26219,0.011668
238.11644577980042,0.26597,0.011702
238.16560649871826,0.26911,0.011753
238.2205114364624,0.27305,0.015776
238.26921916007996,0.27808,0.014552
238.31836199760437,0.28005,0.011184
238.3686716556549,0.28585,0.011672
238.41879534721375,0.28988,0.011735
238.47149181365967,0.2928,0.011572
238.51890206336975,0.29769,0.011682
238.5726397037506,0.30175,0.011746
238.62173676490784,0.30545,0.011581
238.6699287891388,0.0518,0.014539
238.72802114486694,0.062867,0.013309
238.77514219284058,0.071093,0.013094
238.82279634475708,0.0874,0.013138
238.8791766166687,0.09316,0.012846
238.92702102661133,0.099133,0.012606
238.97898530960083,0.10567,0.013016
239.02864527702332,0.11168,0.013557
239.07593894004822,0.11565,0.014197
239.12883162498474,0.12412,0.012751
239.18182492256165,0.13011,0.011943
239.2287459373474,0.13464,0.011718
239.27889823913574,0.14049,0.011895
239.3310067653656,0.14383,0.011899
239.380277633667,0.14959,0.011713
239.43315768241882,0.15276,0.011576
239.48101782798767,0.15804,0.011651
239.533282995224,0.16273,0.011628
239.58723878860474,0.1672,0.012167
239.6338496208191,0.17675,0.012187
239.6842815876007,0.17879,0.012717
239.73669171333313,0.18515,0.01412
239.7877938747406,0.1882,0.0122
239.8381164073944,0.1934,0.01156
239.89244937896729,0.19636,0.01179
239.94327545166016,0.20057,0.012083
239.98956298828125,0.20879,0.012869
240.04461216926575,0.213,0.013999
240.09570908546448,0.21812,0.012603
240.14511275291443,0.22016,0.011717
240.19630432128906,0.22624,0.011671
240.2486834526062,0.22812,0.012341
240.29592752456665,0.23611,0.012399
240.34783601760864,0.24027,0.013087
240.39992547035217,0.24308,0.011654
240.44890546798706,0.24709,0.011668
240.49911856651306,0.25107,0.011747
240.54910898208618,0.25495,0.01168
240.6051950454712,0.26399,0.011669
240.65437126159668,0.26603,0.011783
240.7076416015625,0.272,0.01184
240.7583258152008,0.27585,0.014632
240.81716299057007,0.27977,0.011071
240.86443066596985,0.28291,0.011695
240.91772556304932,0.28775,0.011691
240.96222138404846,0.29092,0.011737
241.02160906791687,0.29989,0.011622
241.06922149658203,0.30469,0.01168
241.1239035129547,0.036373,0.011757
241.17275476455688,0.04648,0.011715
241.22684121131897,0.057253,0.013075
241.27873635292053,0.068387,0.013144
241.32621455192566,0.07384,0.013249
241.38088011741638,0.0966,0.013235
241.42853140830994,0.099173,0.012602
241.48494172096252,0.10689,0.013075
241.53345227241516,0.11205,0.013876
241.58612203598022,0.11552,0.014147
241.6348259449005,0.12159,0.01242
241.68346619606018,0.124,0.011808
241.73304891586304,0.13457,0.011991
241.7854392528534,0.14027,0.011893
241.8339400291443,0.14372,0.011964
241.88591861724854,0.15064,0.011854
241.93481373786926,0.15267,0.011593
241.98805332183838,0.15821,0.011663
242.0387523174286,0.16163,0.011663
242.08869624137878,0.16703,0.011694
242.14136934280396,0.17015,0.011864
242.1949315071106,0.18085,0.013036
242.24378943443298,0.18492,0.01393
242.29161763191223,0.18924,0.01424
242.34804105758667,0.19425,0.011805
242.39871382713318,0.19549,0.011825
242.45262479782104,0.2016,0.011859
242.5005121231079,0.20376,0.012986
242.55909848213196,0.21375,0.013834
242.60886430740356,0.21792,0.011975
242.6609344482422,0.22211,0.011259
242.70876383781433,0.22692,0.011681
242.75862312316895,0.22997,0.011985
242.81035614013672,0.23408,0.014318
242.86260271072388,0.23995,0.011959
242.91089987754822,0.24301,0.0115
242.9669051170349,0.24897,0.011697
243.01789021492004,0.25501,0.011776
243.06717944145203,0.25804,0.011649
243.116685628891,0.26205,0.01169
243.1649694442749,0.26611,0.011774
243.218998670578,0.26997,0.01283
243.27920007705688,0.27769,0.015461
243.32918167114258,0.28153,0.011119
243.38456463813782,0.28857,0.011736
243.4338994026184,0.28957,0.011736
243.49036121368408,0.29457,0.011658
243.5488784313202,0.29959,0.011667
243.59718370437622,0.031493,0.011714
243.64688515663147,0.03812,0.014174
243.69445872306824,0.045867,0.01269
243.74876880645752,0.059627,0.013191
243.79935717582703,0.06796,0.013194
243.84705233573914,0.08168,0.013138
243.89729595184326,0.084547,0.012519
243.95059084892273,0.10288,0.01246
243.99851989746094,0.10797,0.012568
244.05125427246094,0.11175,0.014082
244.10197591781616,0.11784,0.0139
244.15484762191772,0.12148,0.012089
244.20213532447815,0.12745,0.011842
244.25233960151672,0.13575,0.01193
244.30542659759521,0.13927,0.01182
244.35739159584045,0.14589,0.011873
244.40915083885193,0.14925,0.011697
244.45853066444397,0.15377,0.011657
244.51266527175903,0.16049,0.011694
244.5714626312256,0.16568,0.011651
244.62066674232483,0.17132,0.011524
244.67104959487915,0.17649,0.011792
244.72029614448547,0.17851,0.013746
244.770245552063,0.18395,0.014234
244.818989276886,0.18813,0.013469
244.8745837211609,0.19235,0.011473
244.9214379787445,0.19749,0.011763
244.9737184047699,0.20153,0.012323
245.02472257614136,0.21073,0.012985
245.0714876651764,0.2138,0.014245
245.12570452690125,0.21591,0.011407
245.17051315307617,0.21995,0.01162
245.22756814956665,0.22393,0.011758
245.28082752227783,0.23207,0.012029
245.32926774024963,0.23689,0.013863
245.38069105148315,0.24019,0.014581
245.43848323822021,0.24595,0.011466
245.48712992668152,0.24813,0.011774
245.53797817230225,0.25304,0.011706
245.58843231201172,0.25993,0.011649
245.64793014526367,0.26379,0.011671
245.6976706981659,0.26877,0.011745
245.74576449394226,0.27275,0.012703
245.7963547706604,0.27587,0.011482
245.85601139068604,0.2818,0.011494
245.90582942962646,0.28464,0.011675
245.95414781570435,0.28951,0.011711
246.00301861763,0.29677,0.011733
246.0610020160675,0.30055,0.011706
246.11057591438293,0.3044,0.011649
246.1614863872528,0.035667,0.012036
246.21499800682068,0.045547,0.012134
246.264963388443,0.06772,0.013166
246.31585478782654,0.07608,0.013221
246.3683934211731,0.08436,0.013022
246.4177782535553,0.097693,0.012902
246.46892499923706,0.10164,0.012202
246.51921892166138,0.10663,0.012329
246.56888914108276,0.11041,0.013673
246.62207293510437,0.12143,0.014029
246.67412114143372,0.12629,0.012069
246.72601699829102,0.13088,0.011874
246.7744722366333,0.13679,0.01184
246.8253457546234,0.13915,0.011975
246.8753581047058,0.14369,0.01204
246.92664098739624,0.14701,0.01174
246.9789092540741,0.15813,0.011529
247.03377437591553,0.16247,0.011773
247.081387758255,0.16688,0.011665
247.1347086429596,0.17005,0.011648
247.1824357509613,0.17323,0.011919
247.23558950424194,0.17963,0.012871
247.2840495109558,0.18476,0.014277
247.33361077308655,0.18805,0.012903
247.38775062561035,0.19215,0.011342
247.43894624710083,0.19731,0.011835
247.48889636993408,0.20557,0.011884
247.53931164741516,0.21076,0.013159
247.5936827659607,0.21465,0.014186
247.64736008644104,0.21873,0.011341
247.6974642276764,0.22281,0.011722
247.74577260017395,0.22687,0.011919
247.79867792129517,0.23377,0.012366
247.84710597991943,0.23681,0.013603
247.89689564704895,0.23992,0.011285
247.9510498046875,0.24489,0.011735
247.99613976478577,0.2488,0.011706
248.04874300956726,0.2528,0.011663
248.10916113853455,0.26089,0.011691
248.15443348884583,0.2648,0.011622
248.20945572853088,0.26777,0.011681
248.25955653190613,0.27181,0.011957
248.31539273262024,0.27677,0.015538
248.3665690422058,0.28355,0.011086
248.41595768928528,0.28665,0.011665
248.47062134742737,0.29163,0.011741
248.5179831981659,0.29552,0.011714
248.57187414169312,0.29929,0.011731
248.61930179595947,0.30247,0.011731
248.668776512146,0.037933,0.01191
248.72436475753784,0.0482,0.012485
248.77404403686523,0.056413,0.013129
248.82231044769287,0.06744,0.013131
248.8739058971405,0.08944,0.012955
248.9225673675537,0.098893,0.012694
248.97188258171082,0.10393,0.01193
249.02041149139404,0.10777,0.012642
249.0740191936493,0.11032,0.013272
249.1235475540161,0.11757,0.013881
249.17594647407532,0.12609,0.012498
249.2275049686432,0.13077,0.011714
249.27976274490356,0.13553,0.011959
249.32805228233337,0.13997,0.011961
249.37816071510315,0.14456,0.012027
249.42850828170776,0.148,0.011775
249.47829389572144,0.15227,0.011766
249.53230690956116,0.16139,0.011745
249.58444690704346,0.1668,0.01179
249.6409089565277,0.17096,0.011711
249.69107961654663,0.17427,0.011718
249.74472665786743,0.18259,0.012107
249.7959156036377,0.18577,0.013974
249.84395503997803,0.19,0.013417
249.89591002464294,0.19425,0.011457
249.94559454917908,0.20128,0.011823
249.99454474449158,0.20548,0.011847
250.04664993286133,0.20967,0.012891
250.09646940231323,0.21276,0.013529
250.14639544487,0.21891,0.011283
250.19675874710083,0.22087,0.011721
250.24579739570618,0.22883,0.011652
250.2982304096222,0.23173,0.012072
250.34547066688538,0.23667,0.012893
250.39741349220276,0.23983,0.011486
250.4532458782196,0.24289,0.011843
250.50322246551514,0.24789,0.011619
250.55778980255127,0.25473,0.011763
250.6095917224884,0.25972,0.011707
250.65813827514648,0.26275,0.011646
250.70892357826233,0.26675,0.012061
250.7644875049591,0.27173,0.01277
250.8201665878296,0.27948,0.015266
250.8678252696991,0.2824,0.011168
250.9174907207489,0.28644,0.011679
250.97134470939636,0.29145,0.011723
251.01616644859314,0.29536,0.011755
251.0729205608368,0.29932,0.01171
251.12131333351135,0.30228,0.011804
251.1735246181488,0.03252,0.011838
251.22286534309387,0.045053,0.013067
251.27287530899048,0.050627,0.012983
251.32090616226196,0.0672,0.013104
251.37709665298462,0.089293,0.013022
251.4257128238678,0.097427,0.012375
251.483074426651,0.09876,0.012084
251.5335602760315,0.10775,0.012725
251.58567690849304,0.11145,0.013377
251.6347291469574,0.11512,0.013146
251.6834101676941,0.12125,0.012067
251.7342939376831,0.13204,0.011851
251.78468012809753,0.13531,0.011941
251.83439779281616,0.14108,0.011954
251.89066648483276,0.14561,0.01218
251.93810081481934,0.15012,0.011734
251.99212074279785,0.15348,0.011781
252.0445590019226,0.15896,0.011715
252.09784746170044,0.16891,0.011774
252.15103721618652,0.17196,0.011726
252.20023560523987,0.17747,0.011704
252.2474663257599,0.18045,0.012054
252.29988169670105,0.18577,0.012845
252.347825050354,0.18979,0.014189
252.40541172027588,0.19424,0.011366
252.45483016967773,0.1982,0.011846
252.50528812408447,0.20021,0.012043
252.552969455719,0.20432,0.012849
252.60317826271057,0.21047,0.013487
252.65657758712769,0.21881,0.011305
252.70727920532227,0.22363,0.011575
252.75877285003662,0.22768,0.011669
252.80897498130798,0.23067,0.01198
252.86110496520996,0.23475,0.014752
252.90603065490723,0.23983,0.014752
252.95593810081482,0.24177,0.011208
253.0107762813568,0.24669,0.011693
253.06252479553223,0.25176,0.011711
253.11292719841003,0.25963,0.011717
253.16045880317688,0.26269,0.011676
253.21091294288635,0.26767,0.011776
253.26221251487732,0.27044,0.011737
253.31440210342407,0.27551,0.012857
253.36231398582458,0.28029,0.011401
253.41520261764526,0.28349,0.011702
253.4646601676941,0.28832,0.011727
253.51697325706482,0.29124,0.011686
253.56487131118774,0.29431,0.011653
253.6183054447174,0.30236,0.011646
253.66466188430786,0.034853,0.012541
253.71896529197693,0.0424,0.011756
253.76502752304077,0.050373,0.012457
253.82287430763245,0.0642,0.013028
253.86966037750244,0.075253,0.012884
253.92729377746582,0.086267,0.012165
253.98100328445435,0.09996,0.011827
254.02795505523682,0.10248,0.012545
254.0799024105072,0.11136,0.013445
254.13078498840332,0.11628,0.013906
254.18176317214966,0.12123,0.012216
254.2329716682434,0.12595,0.011985
254.28305768966675,0.13527,0.011938
254.33535194396973,0.13872,0.01203
254.3843491077423,0.14453,0.012229
254.43312764167786,0.14905,0.012203
254.48247981071472,0.15459,0.011886
254.54477977752686,0.15671,0.011798
254.59490418434143,0.1622,0.011658
254.64342141151428,0.16432,0.011814
254.69321727752686,0.17405,0.011835
254.744619846344,0.17929,0.012017
254.79816579818726,0.18253,0.013343
254.8468406200409,0.18772,0.013724
254.89478707313538,0.19087,0.011594
254.94459533691406,0.19601,0.01143
254.99833750724792,0.20437,0.01184
255.04928302764893,0.20848,0.012496
255.09687542915344,0.21247,0.014134
255.15546441078186,0.21449,0.013141
255.20547699928284,0.22069,0.011762
255.25456047058105,0.22456,0.01174
255.30505299568176,0.22868,0.012156
255.35801434516907,0.23272,0.014776
255.40766096115112,0.23685,0.014455
255.45780038833618,0.24064,0.011319
255.5056493282318,0.24871,0.011736
255.55765795707703,0.25355,0.01177
255.61025142669678,0.25755,0.011655
255.66006064414978,0.26153,0.01159
255.70975160598755,0.26565,0.011693
255.7604637145996,0.27063,0.011715
255.80877375602722,0.27355,0.01354
255.8577537536621,0.27743,0.011564
255.91194605827332,0.28141,0.011313
255.96263551712036,0.2894,0.011622
256.0087380409241,0.29331,0.011702
256.06070590019226,0.29733,0.011724
256.1128559112549,0.30124,0.011551
256.15834975242615,0.30525,0.011416
256.21077823638916,0.036733,0.01211
256.2689778804779,0.044827,0.012081
256.31633710861206,0.066813,0.01294
256.3676371574402,0.083413,0.012668
256.42091846466064,0.091773,0.012454
256.4677641391754,0.09856,0.011887
256.5215048789978,0.10511,0.012415
256.5696051120758,0.10745,0.012676
256.62559032440186,0.11379,0.013915
256.67683005332947,0.11744,0.013373
256.7230532169342,0.12821,0.011802
256.7818377017975,0.13395,0.011963
256.8352098464966,0.13755,0.01189
256.88467240333557,0.14213,0.012172
256.9324769973755,0.14773,0.012338
256.99006175994873,0.14988,0.011586
257.03810811042786,0.15669,0.011786
257.0902855396271,0.15989,0.011793
257.1411278247833,0.1654,0.011908
257.19781589508057,0.17397,0.011859
257.24639868736267,0.17613,0.012159
257.2968406677246,0.18149,0.013173
257.3484859466553,0.18565,0.01399
257.4054055213928,0.19292,0.014261
257.4572877883911,0.19705,0.011293
257.50388050079346,0.20219,0.011622
257.55412101745605,0.2062,0.012871
257.6047832965851,0.21021,0.014209
257.6560044288635,0.21245,0.012161
257.7093086242676,0.21857,0.011689
257.75557804107666,0.22553,0.011679
257.80851006507874,0.2306,0.012092
257.85861134529114,0.23355,0.014697
257.90879583358765,0.23765,0.011792
257.9600422382355,0.23961,0.011798
258.0101480484009,0.24465,0.011721
258.06070351600647,0.25356,0.011762
258.1159145832062,0.25837,0.011642
258.1649799346924,0.26152,0.011597
258.21505880355835,0.26552,0.011648
258.26357102394104,0.27039,0.01201
258.31555581092834,0.27443,0.014497
258.364444732666,0.27755,0.011431
258.41286039352417,0.28231,0.011698
258.46689558029175,0.28409,0.011678
258.5146179199219,0.29023,0.011675
258.5676395893097,0.29316,0.011625
258.61670446395874,0.30205,0.011692
258.6659355163574,0.031613,0.011623
258.71628761291504,0.039133,0.011984
258.76997470855713,0.047347,0.01203
258.817510843277,0.061147,0.012789
258.86758041381836,0.072107,0.012687
258.9201591014862,0.08576,0.012055
258.96942591667175,0.093827,0.011722
259.0180592536926,0.09952,0.011962
259.0688991546631,0.10487,0.012644
259.1183707714081,0.11607,0.013478
259.17089200019836,0.11968,0.013876
259.22057247161865,0.12589,0.013075
259.2728021144867,0.12925,0.011995
259.32030034065247,0.13387,0.01194
259.36993861198425,0.13852,0.012359
259.4222414493561,0.14208,0.012407
259.4713485240936,0.14776,0.011715
259.52163791656494,0.15765,0.011512
259.5766806602478,0.15977,0.011885
259.62832951545715,0.16643,0.011843
259.6779911518097,0.17061,0.011917
259.7259352207184,0.17493,0.011935
259.7859790325165,0.17812,0.012482
259.83507895469666,0.18352,0.01274
259.88801884651184,0.19176,0.013813
259.94022011756897,0.19396,0.011647
259.9895005226135,0.2,0.011362
260.03902673721313,0.20221,0.012593
260.0880780220032,0.20927,0.013766
260.13959193229675,0.21129,0.014009
260.1858584880829,0.2162,0.01166
260.2426850795746,0.21835,0.011799
260.29002356529236,0.22341,0.011754
260.34043860435486,0.23247,0.01219
260.3957405090332,0.23453,0.013241
260.4418921470642,0.23945,0.01174
260.49192452430725,0.24444,0.011745
260.5477657318115,0.24747,0.011655
260.595810174942,0.25141,0.011657
260.64458560943604,0.25645,0.011668
260.6961815357208,0.26437,0.011668
260.7442100048065,0.26736,0.011773
260.7989728450775,0.27212,0.012699
260.8503761291504,0.27413,0.011582
260.8993237018585,0.27936,0.01112
260.9502646923065,0.28321,0.011747
260.9996597766876,0.28713,0.011754
261.0505747795105,0.29205,0.011665
261.09882616996765,0.30012,0.011655
261.1496193408966,0.30303,0.011644
261.2037208080292,0.03176,0.011511
261.2525248527527,0.044227,0.012273
261.303067445755,0.05532,0.012236
261.3535671234131,0.066573,0.012537
261.40003633499146,0.07748,0.012308
261.45382261276245,0.08576,0.011751
261.50268363952637,0.0938,0.011863
261.5534315109253,0.1046,0.011955
261.6069686412811,0.11228,0.012668
261.6553783416748,0.11715,0.013538
261.7041883468628,0.12205,0.013683
261.75503611564636,0.12691,0.012177
261.806738615036,0.13149,0.011835
261.859144449234,0.13629,0.012499
261.9083890914917,0.14079,0.01262
261.9631805419922,0.14525,0.012567
262.01188802719116,0.1496,0.011597
262.0637803077698,0.15973,0.011854
262.11308193206787,0.16415,0.011777
262.1629650592804,0.16732,0.012003
262.2157258987427,0.17159,0.011931
262.26750087738037,0.17687,0.012273
262.3149719238281,0.1812,0.012961
262.3740568161011,0.18541,0.014193
262.421049118042,0.19268,0.012911
262.48691511154175,0.19812,0.011669
262.5357758998871,0.20307,0.012013
262.5821509361267,0.20724,0.013995
262.6351041793823,0.21027,0.014109
262.68777298927307,0.21427,0.011453
262.73605012893677,0.21931,0.011694
262.7895827293396,0.22637,0.011727
262.8375520706177,0.23137,0.012
262.8878843784332,0.23524,0.014151
262.93765211105347,0.23932,0.014513
262.98807883262634,0.24448,0.011771
263.0383927822113,0.24761,0.011634
263.09158658981323,0.25041,0.011845
263.14291763305664,0.25531,0.011774
263.191513299942,0.25845,0.011719
263.2415986061096,0.26728,0.011871
263.29389667510986,0.27137,0.012603
263.34334230422974,0.27416,0.014665
263.39359521865845,0.27915,0.011141
263.4460723400116,0.28208,0.011721
263.49861669540405,0.287,0.011693
263.5499324798584,0.29204,0.011684
263.59854102134705,0.29493,0.011679
263.6504285335541,0.30377,0.011621
263.6992597579956,0.034267,0.011718
263.7484402656555,0.043933,0.012965
263.79868245124817,0.049307,0.011871
263.8469088077545,0.06332,0.012495
263.9080481529236,0.077293,0.012451
263.956449508667,0.09372,0.011789
264.0065453052521,0.099667,0.011801
264.05614376068115,0.10601,0.011978
264.1080813407898,0.11097,0.012438
264.15584683418274,0.11457,0.013774
264.2110335826874,0.12071,0.012346
264.2587625980377,0.1244,0.011684
264.311660528183,0.13013,0.011965
264.36344361305237,0.13841,0.011861
264.41207551956177,0.14168,0.012538
264.46133160591125,0.14744,0.012975
264.5086569786072,0.15207,0.012092
264.5607898235321,0.15747,0.011934
264.61364912986755,0.16075,0.011824
264.6649489402771,0.16615,0.011818
264.7139325141907,0.16948,0.011899
264.76958298683167,0.17896,0.012145
264.81687808036804,0.18205,0.012673
264.8667254447937,0.18729,0.013506
264.91516184806824,0.19055,0.01385
264.96704030036926,0.19568,0.01144
265.018696308136,0.19697,0.011841
265.0676267147064,0.20296,0.012162
265.1200604438782,0.20797,0.013684
265.16977405548096,0.21527,0.01397
265.2222366333008,0.22023,0.011278
265.2702624797821,0.22425,0.011715
265.32655787467957,0.22827,0.011675
265.37819957733154,0.2324,0.013892
265.4262971878052,0.23644,0.014059
265.47817969322205,0.23927,0.011412
265.5321750640869,0.24443,0.011822
265.5834925174713,0.2494,0.011677
265.6346242427826,0.25325,0.011785
265.6806106567383,0.26124,0.01171
265.7410261631012,0.26527,0.01185
265.7926878929138,0.26901,0.01182
265.842679977417,0.27417,0.015801
265.89162135124207,0.2782,0.012264
265.9458792209625,0.28109,0.011726
265.99506998062134,0.28607,0.011704
266.0507493019104,0.29096,0.011717
266.0982780456543,0.29403,0.011654
266.1543011665344,0.30271,0.011638
266.2091088294983,0.30471,0.011846
266.2559986114502,0.03592,0.011993
266.30796337127686,0.04636,0.011803
266.36830377578735,0.06596,0.012109
266.43029260635376,0.079813,0.011727
266.4787509441376,0.093253,0.011773
266.52794432640076,0.10209,0.011831
266.5784947872162,0.10569,0.011992
266.63722920417786,0.11319,0.013077
266.687132358551,0.11835,0.01359
266.7394115924835,0.123,0.011681
266.78733944892883,0.12775,0.012058
266.83653116226196,0.13256,0.011869
266.894713640213,0.13829,0.012302
266.94409465789795,0.14619,0.012936
266.99158239364624,0.1506,0.012596
267.04544830322266,0.15403,0.011617
267.0991442203522,0.15848,0.011643
267.14862871170044,0.16388,0.012179
267.205837726593,0.16817,0.011997
267.25358510017395,0.17248,0.012186
267.30453729629517,0.18096,0.012606
267.3536014556885,0.18537,0.013348
267.4028842449188,0.18836,0.014247
267.45398473739624,0.19253,0.011948
267.50695157051086,0.19768,0.011621
267.55524802207947,0.20065,0.011989
267.60898780822754,0.20595,0.012642
267.657292842865,0.20788,0.013918
267.70720911026,0.21411,0.011904
267.75985455513,0.22224,0.011764
267.8098361492157,0.22612,0.011666
267.86325430870056,0.23032,0.011938
267.9119396209717,0.23417,0.012761
267.9611201286316,0.23921,0.014736
268.0120179653168,0.2432,0.011418
268.06350016593933,0.24521,0.011669
268.11663794517517,0.25133,0.011803
268.1635756492615,0.25509,0.011723
268.2157588005066,0.26012,0.011792
268.2658395767212,0.26512,0.011769
268.3170762062073,0.27112,0.014236
268.3679780960083,0.27508,0.015833
268.41831970214844,0.277,0.012484
268.4677848815918,0.28488,0.011794
268.52913641929626,0.28885,0.011661
268.57704734802246,0.29288,0.01164
268.6391587257385,0.29572,0.011583
268.68779253959656,0.30071,0.011621
268.73610973358154,0.03204,0.012129
268.7902321815491,0.048787,0.012162
268.837952375412,0.060253,0.011662
268.89484453201294,0.068547,0.01217
268.94633054733276,0.082227,0.011621
268.99540090560913,0.09524,0.011804
269.04820346832275,0.10053,0.01188
269.10041189193726,0.10188,0.012451
269.1465663909912,0.10947,0.012937
269.19849491119385,0.12045,0.013855
269.25056552886963,0.12407,0.012845
269.30175399780273,0.12889,0.011646
269.34899282455444,0.13464,0.011943
269.40110063552856,0.13937,0.011963
269.45626282691956,0.14407,0.012777
269.50332951545715,0.14955,0.01343
269.5546336174011,0.15383,0.011842
269.6049017906189,0.15839,0.012011
269.6537265777588,0.16255,0.011782
269.7075569629669,0.16703,0.012065
269.7563350200653,0.16821,0.012237
269.80662274360657,0.17992,0.012743
269.85982394218445,0.18516,0.013151
269.9123070240021,0.18921,0.01426
269.9585831165314,0.19149,0.013375
270.01217889785767,0.19655,0.011843
270.06608867645264,0.19965,0.012424
270.11434674263,0.20477,0.013057
270.16832423210144,0.20783,0.013828
270.2192256450653,0.21711,0.011857
270.2801697254181,0.22105,0.011162
270.32769322395325,0.22505,0.011809
270.3825385570526,0.22919,0.012728
270.4303765296936,0.23617,0.013147
270.4817199707031,0.23827,0.01439
270.5319504737854,0.24413,0.011524
270.5865144729614,0.24913,0.011706
270.63589668273926,0.25217,0.011727
270.6874349117279,0.25515,0.011743
270.73698353767395,0.26012,0.01182
270.7895841598511,0.26508,0.011861
270.83670592308044,0.27311,0.012723
270.8940849304199,0.27704,0.015699
270.94595527648926,0.28087,0.011687
271.00117015838623,0.28489,0.011623
271.04927372932434,0.28789,0.011699
271.1027045249939,0.29584,0.011723
271.1538894176483,0.29979,0.011659
271.2072014808655,0.30459,0.01164
271.2570688724518,0.032933,0.011751
271.3066523075104,0.046093,0.011812
271.3584191799164,0.054227,0.012169
271.4156217575073,0.068213,0.011756
271.46771240234375,0.087587,0.011686
271.51955223083496,0.097947,0.01185
271.56971049308777,0.10192,0.01183
271.61827063560486,0.10677,0.012099
271.67565965652466,0.11183,0.013563
271.72448921203613,0.11801,0.012926
271.77935314178467,0.12288,0.011735
271.8284480571747,0.12764,0.011972
271.87857151031494,0.13248,0.011869
271.932683467865,0.14155,0.012756
271.9811415672302,0.14729,0.013261
272.03192591667175,0.15055,0.012897
272.08142495155334,0.15499,0.012029
272.1339662075043,0.16061,0.011875
272.1821970939636,0.16475,0.012141
272.24108505249023,0.16928,0.012202
272.2944052219391,0.1776,0.01235
272.3431839942932,0.18295,0.013033
272.39412808418274,0.18612,0.013956
272.4537191390991,0.19032,0.014034
272.50181579589844,0.19461,0.012077
272.559401512146,0.19859,0.01196
272.6073112487793,0.20383,0.012302
272.66662096977234,0.21188,0.013933
272.7145721912384,0.21587,0.013846
272.76835799217224,0.21993,0.011256
272.8180844783783,0.22397,0.011746
272.86960792541504,0.22895,0.011959
272.9191403388977,0.23304,0.01342
272.96971559524536,0.23623,0.014575
273.01881980895996,0.24001,0.012685
273.0772063732147,0.24408,0.011775
273.1296122074127,0.24627,0.011866
273.17755031585693,0.25703,0.011693
273.22654032707214,0.26208,0.011694
273.27812933921814,0.26409,0.01176
273.32755875587463,0.26999,0.012532
273.38567543029785,0.27296,0.015503
273.4392111301422,0.27779,0.011327
273.4859104156494,0.28181,0.011637
273.53748893737793,0.28489,0.011646
273.5875360965729,0.29453,0.011707
273.63607478141785,0.29675,0.011648
273.68772053718567,0.29961,0.011647
273.73940920829773,0.30355,0.01424
273.79252529144287,0.040387,0.012359
273.8416621685028,0.057013,0.011809
273.89122319221497,0.062547,0.011953
273.94215846061707,0.079053,0.012035
273.99369621276855,0.08716,0.011718
274.0388436317444,0.09904,0.011852
274.09256196022034,0.10293,0.011655
274.14120841026306,0.10803,0.012232
274.193154335022,0.11288,0.013748
274.23920607566833,0.11685,0.013675
274.29062032699585,0.12176,0.011712
274.3436999320984,0.12868,0.01186
274.39426136016846,0.13912,0.011841
274.4490945339203,0.14259,0.012267
274.50635504722595,0.14727,0.013127
274.55744528770447,0.15051,0.011882
274.60570001602173,0.15605,0.012066
274.6604630947113,0.15932,0.012047
274.7081868648529,0.16471,0.012174
274.759804725647,0.17339,0.012165
274.81176686286926,0.17652,0.012415
274.8592162132263,0.18292,0.013024
274.9143307209015,0.18477,0.013505
274.96253061294556,0.19029,0.014338
275.0129268169403,0.19433,0.011363
275.0631902217865,0.19856,0.011765
275.1174337863922,0.20371,0.012628
275.16979217529297,0.20668,0.013928
275.21809554100037,0.216,0.01313
275.271803855896,0.21989,0.011525
275.31991839408875,0.22393,0.011685
275.37006163597107,0.22592,0.011589
275.4275441169739,0.232,0.011853
275.4780156612396,0.23407,0.014508
275.52898240089417,0.24305,0.013206
275.57771944999695,0.248,0.011927
275.6351366043091,0.25203,0.011855
275.69014620780945,0.25587,0.011876
275.7359745502472,0.25815,0.011799
275.7897732257843,0.26393,0.011761
275.845933675766,0.26693,0.012986
275.8993682861328,0.27188,0.015812
275.9476046562195,0.28083,0.01208
275.99953985214233,0.28491,0.011199
276.04952454566956,0.28772,0.011633
276.09855937957764,0.29273,0.01169
276.1531889438629,0.29575,0.011664
276.20369052886963,0.30048,0.011665
276.2544801235199,0.30441,0.013278
276.3045914173126,0.037587,0.013532
276.3542375564575,0.056587,0.01185
276.4073667526245,0.06784,0.011871
276.4608769416809,0.078827,0.011718
276.5073251724243,0.092467,0.011694
276.5575432777405,0.098947,0.011812
276.6098930835724,0.10413,0.012033
276.6586706638336,0.10779,0.012889
276.7132911682129,0.11427,0.013712
276.76263904571533,0.11789,0.012993
276.81317949295044,0.12383,0.011504
276.8644235134125,0.12872,0.011881
276.91614985466003,0.13673,0.011782
276.9675934314728,0.14265,0.012467
277.01951789855957,0.14696,0.01319
277.0673279762268,0.15037,0.013318
277.11784291267395,0.15589,0.012335
277.1698341369629,0.16152,0.012286
277.22285985946655,0.16452,0.012196
277.27029609680176,0.16996,0.01251
277.32036209106445,0.17441,0.01254
277.37305212020874,0.18172,0.013202
277.42317032814026,0.188,0.014377
277.4731526374817,0.19119,0.014367
277.5249581336975,0.19629,0.011211
277.57961320877075,0.20152,0.011752
277.62907576560974,0.20437,0.012054
277.6765615940094,0.21073,0.012623
277.72983956336975,0.21457,0.012599
277.7862493991852,0.21788,0.011713
277.8377933502197,0.22187,0.011651
277.8862307071686,0.22987,0.011848
277.9435021877289,0.23076,0.011826
277.9888439178467,0.23797,0.013335
278.0416519641876,0.24099,0.012404
278.09454703330994,0.24596,0.011817
278.14424896240234,0.24993,0.011921
278.19308066368103,0.25395,0.011829
278.2447602748871,0.2588,0.011741
278.29483294487,0.26279,0.011774
278.3444194793701,0.26971,0.012043
278.3941388130188,0.27375,0.013735
278.44416522979736,0.27777,0.016
278.50217723846436,0.28269,0.011755
278.55310702323914,0.28557,0.0117
278.60066866874695,0.29059,0.011714
278.65089893341064,0.29369,0.011689
278.7033178806305,0.29745,0.011629
278.750892162323,0.03104,0.011675
278.79942870140076,0.037307,0.012696
278.85343289375305,0.050933,0.012361
278.8995289802551,0.059307,0.011666
278.9554476737976,0.06784,0.011681
279.0034987926483,0.081507,0.011734
279.05162358283997,0.086893,0.01185
279.105491399765,0.10019,0.011706
279.15542364120483,0.10905,0.012612
279.20366406440735,0.11421,0.012894
279.2533106803894,0.12023,0.013666
279.3059995174408,0.12261,0.01349
279.35453271865845,0.12967,0.011821
279.40762090682983,0.13204,0.011736
279.45513248443604,0.13875,0.012229
279.51302194595337,0.14573,0.01285
279.56654930114746,0.15025,0.013039
279.6149163246155,0.15571,0.012265
279.6657745838165,0.15692,0.012308
279.7134175300598,0.16344,0.012372
279.76697540283203,0.16777,0.012397
279.81507086753845,0.17213,0.012634
279.8654844760895,0.17647,0.013562
279.9178304672241,0.18481,0.014062
279.96957993507385,0.18997,0.013911
280.02469539642334,0.19109,0.011212
280.0777745246887,0.19835,0.011726
280.1286416053772,0.20356,0.012732
280.1781849861145,0.20752,0.013215
280.2361078262329,0.21153,0.013282
280.28584718704224,0.21971,0.011249
280.3370463848114,0.22479,0.011675
280.3857684135437,0.22672,0.01153
280.4458351135254,0.23187,0.012674
280.4947552680969,0.23597,0.013967
280.5470221042633,0.23893,0.013447
280.59599709510803,0.24389,0.012799
280.6609613895416,0.25081,0.011742
280.7089514732361,0.25567,0.011823
280.76125931739807,0.25983,0.011552
280.80905508995056,0.26471,0.01142
280.86118388175964,0.26673,0.012627
280.91034746170044,0.27283,0.015747
280.9586431980133,0.27763,0.011613
281.0100429058075,0.27876,0.011515
281.0621898174286,0.28759,0.011648
281.1134524345398,0.29155,0.01173
281.1632010936737,0.29637,0.011644
281.21238446235657,0.29943,0.011632
281.26184129714966,0.02936,0.011759
281.316091299057,0.034467,0.013338
281.3639016151428,0.04512,0.011781
281.41636514663696,0.059067,0.011602
281.4648177623749,0.07024,0.011612
281.51743245124817,0.092013,0.011847
281.566374540329,0.09888,0.011899
281.6160056591034,0.10256,0.011682
281.6664774417877,0.10896,0.012844
281.71649146080017,0.11284,0.012974
281.76948523521423,0.11635,0.013449
281.8160538673401,0.12621,0.011929
281.8691532611847,0.13084,0.011707
281.91849160194397,0.1354,0.01175
281.9718837738037,0.14012,0.012051
282.01978611946106,0.14577,0.01293
282.0725185871124,0.15013,0.0125
282.1209046840668,0.15468,0.012372
282.1723394393921,0.159,0.012386
282.2210159301758,0.16347,0.012434
282.27007269859314,0.16779,0.012517
282.32211470603943,0.17744,0.012834
282.37593126296997,0.17959,0.012966
282.42264676094055,0.18471,0.013915
282.4768395423889,0.18901,0.014006
282.5278754234314,0.19205,0.011747
282.5766079425812,0.1984,0.01179
282.6265606880188,0.20233,0.011927
282.6829228401184,0.20453,0.012919
282.73423409461975,0.21256,0.014038
282.7835795879364,0.2186,0.011386
282.83464002609253,0.22277,0.01112
282.8852891921997,0.22683,0.011525
282.93754863739014,0.22983,0.012125
282.98571157455444,0.2348,0.012639
283.0359663963318,0.23768,0.014149
283.08779978752136,0.24185,0.012989
283.13598918914795,0.25064,0.01205
283.19015765190125,0.25385,0.011891
283.2394621372223,0.25776,0.011796
283.2885956764221,0.26256,0.011717
283.34319972991943,0.26587,0.011327
283.3885443210602,0.27068,0.012433
283.4445161819458,0.27363,0.015524
283.4917416572571,0.27855,0.01113
283.54552841186523,0.28345,0.011699
283.59256863594055,0.28648,0.011706
283.64214420318604,0.29441,0.011601
283.69408559799194,0.29935,0.011605
283.7454698085785,0.30328,0.011625
283.79347825050354,0.031947,0.012011
283.8455562591553,0.041973,0.012157
283.89576625823975,0.053213,0.011642
283.94479179382324,0.061507,0.011642
283.9969973564148,0.069907,0.011742
284.0473463535309,0.08908,0.011768
284.09848642349243,0.09596,0.01159
284.14954352378845,0.09864,0.012114
284.2053892612457,0.11015,0.012337
284.25927782058716,0.11757,0.013368
284.31096506118774,0.12241,0.012915
284.3616828918457,0.12821,0.011773
284.4086081981659,0.13179,0.011648
284.4608554840088,0.13764,0.012073
284.5127000808716,0.14667,0.012572
284.5603210926056,0.14904,0.013193
284.6124429702759,0.1546,0.013159
284.6621208190918,0.15665,0.012306
284.7163963317871,0.16236,0.0124
284.76896262168884,0.16779,0.012559
284.81688261032104,0.17193,0.012989
284.87204599380493,0.17731,0.013392
284.920138835907,0.18149,0.013953
284.97044682502747,0.18897,0.013718
285.0198531150818,0.19299,0.011792
285.0694079399109,0.19509,0.011697
285.1207187175751,0.20125,0.012038
285.1690113544464,0.2044,0.012751
285.222380399704,0.20845,0.013602
285.2703585624695,0.21359,0.012173
285.32183814048767,0.22052,0.011714
285.3743145465851,0.22571,0.011616
285.4238541126251,0.22981,0.011767
285.47246980667114,0.23469,0.01177
285.521687746048,0.23784,0.012945
285.5755150318146,0.24075,0.01362
285.62707591056824,0.24677,0.013338
285.6761224269867,0.24971,0.012245
285.7294557094574,0.2548,0.012162
285.77579379081726,0.25675,0.012338
285.8251721858978,0.26461,0.011725
285.87799525260925,0.27063,0.011676
285.9291708469391,0.27347,0.011846
285.9798192977905,0.27853,0.015837
286.0306599140167,0.28235,0.010968
286.0808675289154,0.2864,0.011637
286.13048028945923,0.28955,0.011671
286.1809992790222,0.29532,0.011634
286.2305705547333,0.30124,0.011678
286.280033826828,0.30436,0.014938
286.3322341442108,0.036507,0.01319
286.38248348236084,0.050147,0.012804
286.4314730167389,0.061347,0.011825
286.4838421344757,0.06976,0.01175
286.5389528274536,0.083467,0.011771
286.58857321739197,0.088853,0.011598
286.63592290878296,0.099987,0.011811
286.68914437294006,0.11127,0.012181
286.75060749053955,0.11507,0.012895
286.7987835407257,0.12107,0.012232
286.8469760417938,0.12459,0.011391
286.8983118534088,0.12803,0.011722
286.95610332489014,0.13749,0.011666
287.0047254562378,0.14103,0.011896
287.0573055744171,0.14787,0.013185
287.1063961982727,0.15109,0.012636
287.16621589660645,0.15667,0.012557
287.2167739868164,0.16112,0.012493
287.2638943195343,0.16421,0.012507
287.31193494796753,0.17304,0.01267
287.36766505241394,0.17724,0.013157
287.4222047328949,0.18145,0.013494
287.47032022476196,0.18471,0.012788
287.5217614173889,0.18987,0.012001
287.5770494937897,0.19708,0.01161
287.62380599975586,0.20229,0.0116
287.6828582286835,0.20639,0.012297
287.7285645008087,0.21037,0.013098
287.7861189842224,0.2144,0.01135
287.83792185783386,0.21849,0.011613
287.88797879219055,0.22265,0.011536
287.93653988838196,0.22561,0.011715
287.98982763290405,0.23169,0.011611
288.04310607910156,0.23956,0.013355
288.09645891189575,0.24479,0.013916
288.1452524662018,0.24863,0.013196
288.206316947937,0.25072,0.012456
288.2567493915558,0.25653,0.013132
288.3078124523163,0.26071,0.012406
288.35938715934753,0.2666,0.012067
288.4098529815674,0.27149,0.012323
288.45866203308105,0.27555,0.013059
288.50913286209106,0.27936,0.010872
288.5600666999817,0.28335,0.01163
288.61746549606323,0.28733,0.011644
288.6669554710388,0.29116,0.011649
288.7174196243286,0.29908,0.011631
288.76920890808105,0.30312,0.011618
288.8199758529663,0.031453,0.01163
288.8692512512207,0.041627,0.01141
288.9239618778229,0.052693,0.01174
288.9765224456787,0.062573,0.011744
289.02358174324036,0.08596,0.011813
289.0741741657257,0.095947,0.011573
289.1324465274811,0.10107,0.011569
289.18640756607056,0.10623,0.012117
289.23471093177795,0.11009,0.012388
289.2845857143402,0.11484,0.013088
289.33540534973145,0.12091,0.012976
289.3837010860443,0.12824,0.011247
289.43433809280396,0.13296,0.011629
289.4878749847412,0.13976,0.012096
289.53880286216736,0.14437,0.013084
289.5878086090088,0.14867,0.013282
289.63934683799744,0.1522,0.012818
289.6915135383606,0.15641,0.012406
289.740797996521,0.16116,0.012547
289.7904562950134,0.16961,0.012466
289.8398530483246,0.17501,0.012734
289.8944935798645,0.17719,0.012962
289.94259214401245,0.18351,0.01341
289.99113845825195,0.18671,0.012504
290.04425168037415,0.18979,0.011446
290.0935697555542,0.19904,0.011647
290.14322113990784,0.20328,0.011626
290.1952877044678,0.20727,0.01249
290.2451207637787,0.21035,0.013533
290.29530453681946,0.21547,0.012755
290.3459322452545,0.22051,0.011058
290.39691281318665,0.22364,0.011626
290.44481801986694,0.22843,0.011686
290.500914812088,0.23251,0.011927
290.5532612800598,0.23551,0.012571
290.60460233688354,0.23963,0.013393
290.6546139717102,0.24567,0.013622
290.7036979198456,0.25263,0.013221
290.7526454925537,0.25745,0.013711
290.8021593093872,0.26153,0.013561
290.85367918014526,0.26552,0.013054
290.9045286178589,0.27036,0.012129
290.95402336120605,0.27417,0.013107
291.0060737133026,0.27729,0.014869
291.0568425655365,0.2824,0.01163
291.10264778137207,0.28533,0.011665
291.1641466617584,0.2902,0.011701
291.2151093482971,0.29913,0.011644
291.2660005092621,0.30289,0.011645
291.3160984516144,0.30408,0.011637
291.37142848968506,0.041387,0.012397
291.423602104187,0.049507,0.011578
291.4727735519409,0.058027,0.011802
291.5241165161133,0.07204,0.011846
291.58069109916687,0.095693,0.011584
291.6295804977417,0.099467,0.011692
291.68172883987427,0.1048,0.01198
291.7321517467499,0.11096,0.012376
291.7862961292267,0.11475,0.012978
291.8376250267029,0.11837,0.011745
291.89001202583313,0.1256,0.011366
291.93663144111633,0.13051,0.011667
291.9948511123657,0.13976,0.011851
292.045738697052,0.14531,0.012154
292.09668612480164,0.14872,0.012907
292.1439995765686,0.15329,0.013188
292.1953203678131,0.15877,0.012408
292.2485144138336,0.16087,0.012506
292.29670548439026,0.16408,0.012596
292.35053539276123,0.17179,0.012923
292.39920926094055,0.17379,0.013286
292.4476523399353,0.1812,0.01307
292.4968864917755,0.18868,0.01267
292.5510399341583,0.18961,0.012605
292.5987129211426,0.19677,0.011588
292.6484236717224,0.20112,0.011438
292.6993703842163,0.20608,0.011831
292.7497730255127,0.20927,0.013041
292.79975938796997,0.21323,0.011681
292.851261138916,0.21839,0.011161
292.90558195114136,0.22135,0.011592
292.95658349990845,0.23045,0.011752
293.005975484848,0.23344,0.011607
293.0557372570038,0.23747,0.011637
293.10677218437195,0.24141,0.012981
293.15627360343933,0.24661,0.013781
293.206426858902,0.24843,0.013734
293.25886821746826,0.25325,0.013853
293.3082535266876,0.25539,0.013786
293.35841393470764,0.26435,0.013887
293.4072976112366,0.27045,0.012361
293.45800495147705,0.27245,0.013415
293.5120334625244,0.27811,0.012307
293.56130743026733,0.28229,0.010847
293.6134536266327,0.28729,0.0116
293.6633839607239,0.29217,0.011655
293.7173810005188,0.29607,0.011573
293.76499128341675,0.29911,0.011604
293.8159005641937,0.30399,0.013007
293.8654465675354,0.033413,0.011733
293.9181649684906,0.041027,0.011715
293.96631240844727,0.063453,0.011825
294.01703119277954,0.074453,0.01174
294.06620693206787,0.085613,0.011721
294.1195032596588,0.095813,0.011513
294.1692762374878,0.10213,0.012008
294.2194256782532,0.10589,0.012355
294.26852679252625,0.1122,0.012798
294.3200430870056,0.11473,0.012717
294.3719091415405,0.12328,0.011358
294.42277002334595,0.12675,0.011702
294.47293758392334,0.13143,0.011609
294.5212092399597,0.14177,0.012002
294.572142124176,0.1464,0.01209
294.6226830482483,0.15077,0.013291
294.67252111434937,0.15412,0.0131
294.7214629650116,0.15845,0.012862
294.77256417274475,0.16723,0.012613
294.825528383255,0.16963,0.012697
294.87290811538696,0.1758,0.012839
294.92225646972656,0.17905,0.013132
294.9746217727661,0.18239,0.013189
295.02589321136475,0.18851,0.011603
295.0718400478363,0.19276,0.011647
295.1254003047943,0.19672,0.011455
295.18074655532837,0.20404,0.011837
295.22791743278503,0.20797,0.012266
295.2831606864929,0.21332,0.013062
295.3331880569458,0.2164,0.011223
295.3802399635315,0.22132,0.011571
295.4332013130188,0.2244,0.011611
295.4870467185974,0.22843,0.011643
295.53843450546265,0.23627,0.011597
295.5884532928467,0.23851,0.012252
295.6432077884674,0.24541,0.012718
295.6912462711334,0.24857,0.01324
295.73790407180786,0.25155,0.013365
295.7951273918152,0.25632,0.013258
295.8424336910248,0.25847,0.01322
295.8940827846527,0.26837,0.012912
295.94654536247253,0.27215,0.012001
295.9974250793457,0.27611,0.014163
296.0439052581787,0.28139,0.011173
296.0974192619324,0.28308,0.010959
296.1460499763489,0.28905,0.011626
296.19491028785706,0.29193,0.011643
296.2475309371948,0.29708,0.011662
296.2976520061493,0.29989,0.012399
296.34688115119934,0.26705,0.012027
296.40259623527527,0.040827,0.011689
296.45556807518005,0.057453,0.011439
296.50363540649414,0.068787,0.011862
296.55480766296387,0.077,0.011747
296.60267758369446,0.08796,0.011498
296.6533155441284,0.098093,0.011744
296.7061469554901,0.10335,0.01213
296.75754165649414,0.10845,0.012269
296.80554032325745,0.11327,0.012693
296.8560154438019,0.11951,0.011679
296.90918135643005,0.12788,0.011375
296.9541263580322,0.1336,0.011561
297.01074147224426,0.13593,0.011724
297.05930161476135,0.14068,0.01225
297.11160683631897,0.14416,0.012355
297.1652989387512,0.15187,0.013101
297.2157554626465,0.16072,0.01282
297.26240587234497,0.16376,0.012646
297.3125114440918,0.16725,0.012566
297.3652653694153,0.17252,0.012768
297.4133532047272,0.17783,0.012928
297.4632444381714,0.18012,0.012743
297.5242404937744,0.18524,0.011922
297.574401140213,0.18844,0.011642
297.6188271045685,0.1988,0.011529
297.67301988601685,0.20287,0.011682
297.724023103714,0.20603,0.011955
297.7741732597351,0.21017,0.012631
297.82538986206055,0.21301,0.012144
297.8761422634125,0.21817,0.011459
297.92448902130127,0.22216,0.011538
297.97845792770386,0.22921,0.011614
298.02591729164124,0.23429,0.011599
298.0787718296051,0.23931,0.011617
298.1284863948822,0.24344,0.01206
298.18091797828674,0.24731,0.012079
298.2279176712036,0.25223,0.012781
298.2784957885742,0.25539,0.012951
298.33105540275574,0.25629,0.013361
298.38132977485657,0.26129,0.012738
298.43128395080566,0.26828,0.011827
298.48134660720825,0.27603,0.012638
298.53182435035706,0.27904,0.01145
298.57887268066406,0.28192,0.010975
298.63629841804504,0.28693,0.011685
298.68547916412354,0.292,0.011616
298.7357032299042,0.29593,0.011616
298.7820339202881,0.29984,0.011632
298.83989667892456,0.30375,0.01296
298.8898735046387,0.035133,0.011998
298.9409165382385,0.046213,0.011564
298.99006938934326,0.057053,0.011758
299.04334020614624,0.076667,0.011771
299.0934932231903,0.090547,0.01162
299.1447904109955,0.097893,0.011632
299.19184279441833,0.10323,0.012011
299.24226474761963,0.10693,0.012034
299.29780745506287,0.11692,0.012286
299.35099363327026,0.1194,0.012337
299.40799260139465,0.12536,0.011501
299.4570941925049,0.12771,0.011515
299.5163993835449,0.14049,0.011801
299.56928277015686,0.14287,0.01187
299.6276607513428,0.14733,0.01186
299.68012523651123,0.15295,0.01296
299.7254467010498,0.1574,0.012773
299.77865171432495,0.16169,0.012643
299.8287408351898,0.16393,0.012599
299.88104820251465,0.17457,0.012695
299.93045258522034,0.17888,0.012891
299.9820294380188,0.18428,0.012715
300.0367479324341,0.18841,0.012345
300.08319878578186,0.19152,0.011718
300.1319856643677,0.19563,0.011445
300.18711829185486,0.20073,0.011674
300.2393503189087,0.20483,0.011906
300.28639030456543,0.20801,0.01187
300.352046251297,0.21707,0.011595
300.4018540382385,0.22123,0.011143
300.4499592781067,0.22632,0.011487
300.50119137763977,0.22929,0.011642
300.5499756336212,0.23303,0.01157
300.60099267959595,0.23835,0.011761
300.6535348892212,0.24328,0.012031
300.71053433418274,0.24721,0.012284
300.7579469680786,0.25423,0.012431
300.8096492290497,0.25525,0.012779
300.8629732131958,0.2612,0.012349
300.91882610321045,0.26321,0.01146
300.9661099910736,0.27004,0.01112
301.02037239074707,0.27319,0.011105
301.06722235679626,0.28117,0.010899
301.12042212486267,0.28504,0.011456
301.1684103012085,0.28895,0.011643
301.2230529785156,0.29193,0.011678
301.272910118103,0.29396,0.011655
301.32656693458557,0.30176,0.01162
301.3764932155609,0.3038,0.01187
301.4266276359558,0.03792,0.011977
301.4788098335266,0.05988,0.011707
301.52881932258606,0.068427,0.011722
301.57568764686584,0.079333,0.011634
301.6292448043823,0.09312,0.011702
301.6823070049286,0.10184,0.011769
301.7330286502838,0.10687,0.011895
301.7922260761261,0.11192,0.012263
301.83996772766113,0.11803,0.012259
301.8919551372528,0.1206,0.011633
301.94216108322144,0.13007,0.011439
301.99144983291626,0.13468,0.011538
302.04103660583496,0.13819,0.011496
302.09370589256287,0.14287,0.011854
302.14738154411316,0.14837,0.012514
302.1953794956207,0.15292,0.012791
302.24773025512695,0.15724,0.01277
302.29533982276917,0.16601,0.012654
302.3461799621582,0.17033,0.012577
302.40087890625,0.17361,0.012587
302.44879603385925,0.17885,0.012724
302.49801087379456,0.18201,0.012508
302.54925179481506,0.18729,0.011664
302.59982347488403,0.18955,0.011417
302.6491060256958,0.19559,0.011445
302.7066180706024,0.20065,0.011747
302.75261425971985,0.20487,0.011717
302.8031566143036,0.21404,0.011838
302.8575191497803,0.21597,0.011157
302.90700006484985,0.22117,0.011032
302.95455050468445,0.22509,0.011485
303.0059275627136,0.23009,0.011663
303.05569672584534,0.23308,0.01161
303.1052305698395,0.23917,0.011391
303.15908432006836,0.24221,0.011576
303.2084174156189,0.24621,0.011785
303.26055455207825,0.25017,0.012156
303.3090965747833,0.25513,0.011573
303.3589220046997,0.26219,0.011572
303.41118025779724,0.26603,0.011634
303.4715328216553,0.27001,0.011107
303.5199398994446,0.27399,0.011022
303.57038617134094,0.27896,0.010971
303.62042355537415,0.28183,0.011641
303.6757547855377,0.28993,0.011611
303.7238733768463,0.29389,0.011696
303.77484130859375,0.29673,0.011595
303.82370042800903,0.30161,0.011692
303.8718457221985,0.027707,0.011586
303.925927400589,0.037533,0.011886
303.97901701927185,0.0484,0.011494
304.02755212783813,0.056987,0.01155
304.07845664024353,0.07356,0.011563
304.12852358818054,0.084533,0.011619
304.1776909828186,0.09924,0.011738
304.2308032512665,0.10548,0.011739
304.27733612060547,0.1094,0.011886
304.3302915096283,0.11569,0.012118
304.38018441200256,0.1204,0.011944
304.4326550960541,0.12648,0.011553
304.48291993141174,0.13103,0.011469
304.531259059906,0.13583,0.011634
304.5814712047577,0.14135,0.011734
304.63402247428894,0.14491,0.012021
304.6839818954468,0.14933,0.012011
304.73324251174927,0.15496,0.012404
304.78347635269165,0.15923,0.012451
304.8372993469238,0.16804,0.012523
304.88503766059875,0.17243,0.012455
304.9406895637512,0.17653,0.012514
304.9923026561737,0.18076,0.011998
305.04494524002075,0.18608,0.011856
305.0947575569153,0.19031,0.011517
305.1502568721771,0.19541,0.011426
305.20070481300354,0.20267,0.011659
305.25171875953674,0.2056,0.011649
305.3018126487732,0.21087,0.011567
305.35115480422974,0.21391,0.011305
305.4035017490387,0.21907,0.01148
305.45118021965027,0.22416,0.011528
305.4995651245117,0.22707,0.011623
305.553719997406,0.23109,0.011596
305.60284876823425,0.23515,0.011453
305.65218567848206,0.24303,0.011516
305.70232033729553,0.248,0.011655
305.7569246292114,0.25095,0.011456
305.8081979751587,0.25284,0.011867
305.85397696495056,0.25803,0.011562
305.9073848724365,0.26093,0.011499
305.957834482193,0.26707,0.011176
306.00694823265076,0.27113,0.011053
306.06408286094666,0.27981,0.010946
306.11525988578796,0.28293,0.01132
306.16447496414185,0.28573,0.011611
306.2169373035431,0.29072,0.011698
306.2666916847229,0.29577,0.011632
306.31666684150696,0.2986,0.011603
306.3666582107544,0.30261,0.0114
306.4209225177765,0.031987,0.011475
306.4685609340668,0.042667,0.011621
306.5199840068817,0.053827,0.011625
306.57034397125244,0.076173,0.011511
306.62044644355774,0.087093,0.011511
306.66895604133606,0.096333,0.01169
306.72224378585815,0.10281,0.011721
306.7769887447357,0.10796,0.011872
306.82540225982666,0.11183,0.011859
306.8780963420868,0.11769,0.011736
306.92840933799744,0.12281,0.011458
306.9810881614685,0.12849,0.011477
307.0301730632782,0.13335,0.011411
307.08150935173035,0.14249,0.01171
307.13495349884033,0.146,0.011733
307.18025159835815,0.15047,0.011805
307.2361099720001,0.15496,0.01221
307.28734135627747,0.16027,0.012402
307.3334047794342,0.16356,0.012431
307.3842496871948,0.17108,0.012513
307.435574054718,0.17731,0.012319
307.48427510261536,0.17972,0.012081
307.5415325164795,0.18495,0.012142
307.5885307788849,0.18912,0.011615
307.6411545276642,0.19332,0.011506
307.6890048980713,0.19843,0.011639
307.7384753227234,0.20253,0.011685
307.7879421710968,0.20787,0.011511
307.8426592350006,0.21377,0.011258
307.8902471065521,0.21689,0.011096
307.9425058364868,0.22184,0.011392
307.9985797405243,0.22604,0.011577
308.0464677810669,0.23005,0.011615
308.0957884788513,0.23305,0.011635
308.14895272254944,0.23888,0.011426
308.19943714141846,0.24093,0.011322
308.2468812465668,0.24701,0.011371
308.3002631664276,0.25595,0.011479
308.3502116203308,0.25997,0.011426
308.40200757980347,0.26288,0.01133
308.45095324516296,0.26683,0.011384
308.5056622028351,0.27177,0.011155
308.55768394470215,0.27677,0.011181
308.6049687862396,0.27865,0.011611
308.6553728580475,0.28173,0.011597
308.70736742019653,0.2866,0.011638
308.75947666168213,0.2916,0.011635
308.8081314563751,0.29847,0.011591
308.8579216003418,0.30356,0.011627
308.90897846221924,0.03476,0.011485
308.95892786979675,0.045187,0.011695
309.0077199935913,0.050733,0.011552
309.06687927246094,0.06492,0.011481
309.11796617507935,0.07592,0.011535
309.16738724708557,0.08948,0.011645
309.21728563308716,0.0976,0.011692
309.26607394218445,0.10143,0.011844
309.31740951538086,0.10911,0.011829
309.36543107032776,0.11899,0.011617
309.4147036075592,0.12376,0.011525
309.4730110168457,0.12737,0.011494
309.52060079574585,0.13208,0.011453
309.5690791606903,0.13811,0.011515
309.62449836730957,0.14223,0.011717
309.67263102531433,0.14699,0.011875
309.7311677932739,0.15264,0.01178
309.7826359272003,0.16017,0.011847
309.83360028266907,0.16576,0.0121
309.88054180145264,0.16987,0.012129
309.9344298839569,0.17425,0.012237
309.98187375068665,0.17863,0.012025
310.0323841571808,0.18279,0.011941
310.08408403396606,0.18699,0.011449
310.1394798755646,0.19095,0.011494
310.18791127204895,0.19733,0.011566
310.238911151886,0.19943,0.011633
310.28896260261536,0.20477,0.011451
310.34115386009216,0.20755,0.011191
310.39021921157837,0.21584,0.011206
310.44010519981384,0.22092,0.011468
310.49002861976624,0.22687,0.011629
310.540598154068,0.22872,0.011586
310.5906779766083,0.23289,0.011594
310.6458878517151,0.23799,0.011425
310.69765615463257,0.24311,0.011399
310.7453954219818,0.24683,0.011214
310.80184531211853,0.25393,0.011408
310.85040760040283,0.25691,0.011318
310.9028079509735,0.26084,0.011417
310.94952368736267,0.26491,0.011403
311.0055310726166,0.26771,0.011272
311.0536193847656,0.27663,0.011291
311.10363602638245,0.27955,0.011373
311.15127062797546,0.2838,0.011561
311.20698595046997,0.28676,0.011593
311.25552225112915,0.29249,0.011606
311.3060896396637,0.29547,0.01166
311.35472679138184,0.30027,0.011405
311.40459084510803,0.30228,0.01184
311.46090483665466,0.036733,0.011821
311.5093593597412,0.056053,0.01157
311.5563020706177,0.067453,0.011503
311.6091365814209,0.081227,0.01152
311.65987515449524,0.08664,0.011642
311.71246790885925,0.097507,0.011651
311.7634732723236,0.10259,0.011781
311.8086609840393,0.10892,0.011728
311.86401438713074,0.114,0.011663
311.913409948349,0.12012,0.011439
311.96487045288086,0.1226,0.011406
312.0173146724701,0.13309,0.011463
312.06532621383667,0.13747,0.011628
312.11679315567017,0.1424,0.011689
312.1666123867035,0.14703,0.01168
312.21584582328796,0.15112,0.011678
312.26690697669983,0.15696,0.011929
312.3172438144684,0.15887,0.011827
312.372451543808,0.16552,0.011919
312.4197087287903,0.16777,0.011696
312.4748227596283,0.1786,0.011761
312.522908449173,0.18272,0.011562
312.5731372833252,0.18484,0.011659
312.62409019470215,0.19209,0.011336
312.67352843284607,0.19515,0.011396
312.72611808776855,0.19851,0.011656
312.7769525051117,0.20457,0.011553
312.8238604068756,0.20857,0.011355
312.87659764289856,0.21065,0.01125
312.92526936531067,0.21577,0.011333
312.98302245140076,0.22387,0.011515
313.0318546295166,0.22877,0.011601
313.0839891433716,0.23283,0.0116
313.13227343559265,0.23685,0.011547
313.1853303909302,0.24065,0.011506
313.23601746559143,0.24385,0.011493
313.2863426208496,0.24895,0.011371
313.3375082015991,0.25083,0.011283
313.3861825466156,0.26075,0.011351
313.43736243247986,0.26455,0.011377
313.49063086509705,0.26864,0.011335
313.5418002605438,0.27364,0.011364
313.59204959869385,0.27771,0.011387
313.63921427726746,0.28353,0.01154
313.6929814815521,0.28645,0.011597
313.74302983283997,0.29048,0.011567
313.7913246154785,0.29461,0.011596
313.8459074497223,0.29941,0.011602
313.8938455581665,0.30136,0.011655
313.94267439842224,0.028933,0.011719
313.99607491493225,0.037773,0.011627
314.04626083374023,0.064507,0.011502
314.09804248809814,0.070053,0.011583
314.14661622047424,0.085347,0.011603
314.19643664360046,0.091933,0.011643
314.2457284927368,0.0998,0.011746
314.29771661758423,0.10507,0.011847
314.35099720954895,0.11132,0.011629
314.39803814888,0.114,0.011481
314.44725465774536,0.12131,0.01146
314.49502897262573,0.12956,0.011434
314.5509717464447,0.1352,0.011449
314.60519647598267,0.1398,0.01165
314.6551089286804,0.14565,0.011666
314.70124888420105,0.14895,0.01163
314.76124572753906,0.15232,0.011618
314.8116841316223,0.15797,0.011535
314.8634638786316,0.16771,0.011654
314.9134919643402,0.16981,0.011606
314.96997833251953,0.17532,0.011556
315.02140164375305,0.17935,0.011455
315.0731065273285,0.18369,0.011431
315.12199234962463,0.18783,0.011465
315.1778631210327,0.19725,0.011556
315.22808814048767,0.20027,0.011622
315.27994203567505,0.20452,0.011604
315.32479333877563,0.20965,0.011572
315.37725591659546,0.21171,0.011379
315.42796874046326,0.21771,0.011211
315.47978472709656,0.22176,0.011467
315.53300189971924,0.22575,0.011637
315.57843804359436,0.23083,0.011589
315.63009452819824,0.23277,0.011628
315.68822288513184,0.23791,0.011642
315.738144159317,0.24589,0.011546
315.787230014801,0.24992,0.011376
315.83881282806396,0.25479,0.011345
315.8878695964813,0.25872,0.011332
315.93796157836914,0.26264,0.011342
315.9879586696625,0.26756,0.011526
316.03442001342773,0.2706,0.011485
316.0890157222748,0.27552,0.011427
316.1381559371948,0.27855,0.011583
316.1911885738373,0.28347,0.011551
316.2400438785553,0.28657,0.011596
316.2955539226532,0.29435,0.011588
316.34948444366455,0.29827,0.01164
316.3981795310974,0.30325,0.011646
316.44887351989746,0.031027,0.011417
316.50458693504333,0.041627,0.011656
316.5570743083954,0.0598,0.011522
316.6071937084198,0.072507,0.011581
316.6567175388336,0.084853,0.011616
316.71416425704956,0.096053,0.011611
316.76407980918884,0.10004,0.011687
316.81586837768555,0.10635,0.011737
316.86936378479004,0.11256,0.011505
316.92070841789246,0.11744,0.011411
316.97019052505493,0.11996,0.011471
317.0199873447418,0.12719,0.011496
317.0681176185608,0.13184,0.01154
317.12277483940125,0.13639,0.011609
317.17081475257874,0.14651,0.011767
317.2167239189148,0.14896,0.011664
317.27169919013977,0.15449,0.011649
317.3281350135803,0.16011,0.011628
317.3773217201233,0.16533,0.011609
317.4304518699646,0.16876,0.011469
317.47945046424866,0.17301,0.011464
317.5339002609253,0.17611,0.011356
317.5863604545593,0.1866,0.011465
317.63297390937805,0.19092,0.011499
317.684552192688,0.19592,0.01157
317.7341227531433,0.20007,0.011614
317.78658056259155,0.20528,0.011573
317.8380331993103,0.20932,0.011584
317.88535380363464,0.21249,0.011455
317.94034934043884,0.21756,0.011496
317.99215817451477,0.22136,0.011553
318.04147720336914,0.22352,0.011525
318.09027099609375,0.22957,0.011554
318.1416983604431,0.23557,0.011595
318.1908059120178,0.24056,0.011612
318.24263405799866,0.24476,0.011612
318.2916615009308,0.24859,0.011512
318.34267115592957,0.25267,0.011605
318.3934895992279,0.25661,0.011509
318.4438681602478,0.26155,0.011489
318.4934961795807,0.26549,0.011602
318.5458929538727,0.27241,0.011562
318.59536504745483,0.27748,0.011535
318.6469440460205,0.28043,0.011579
318.69397950172424,0.28452,0.011585
318.7486307621002,0.28841,0.011612
318.79664945602417,0.29513,0.011596
318.8477339744568,0.29716,0.011662
318.8958456516266,0.30217,0.01163
318.94812178611755,0.030547,0.011643
318.99759316444397,0.041533,0.011675
319.0484745502472,0.052667,0.011574
319.0962314605713,0.065387,0.011537
319.15033507347107,0.069387,0.011602
319.1991517543793,0.09568,0.011628
319.2488465309143,0.099707,0.011681
319.3009424209595,0.10373,0.011682
319.3532962799072,0.11,0.011641
319.40537571907043,0.11617,0.011587
319.45818066596985,0.11985,0.011438
319.5061182975769,0.12449,0.011506
319.55697655677795,0.13512,0.011547
319.6059260368347,0.13628,0.011606
319.65894865989685,0.14196,0.011659
319.709837436676,0.14885,0.011722
319.76190519332886,0.15333,0.011666
319.8092911243439,0.15764,0.011513
319.8587324619293,0.16088,0.011551
319.9160032272339,0.16747,0.011498
319.9633438587189,0.16964,0.01149
320.01644945144653,0.17496,0.011485
320.06432032585144,0.17824,0.011471
320.11361956596375,0.18751,0.01149
320.16662859916687,0.19192,0.011572
320.21992778778076,0.19601,0.011585
320.2667164802551,0.20017,0.011644
320.3159017562866,0.20516,0.011543
320.37036538124084,0.20931,0.01147
320.4226884841919,0.21331,0.011493
320.47127532958984,0.21739,0.01153
320.5226311683655,0.22152,0.011657
320.571834564209,0.22944,0.011537
320.6206319332123,0.2346,0.011641
320.6736891269684,0.23667,0.01155
320.72422909736633,0.24152,0.011499
320.7722043991089,0.24653,0.011633
320.82317423820496,0.24959,0.011599
320.8729717731476,0.25443,0.011542
320.92327189445496,0.25844,0.011491
320.97512912750244,0.26547,0.011563
321.0247049331665,0.26925,0.011573
321.0745847225189,0.27339,0.011627
321.1258945465088,0.27524,0.011587
321.1760115623474,0.27929,0.011648
321.2259202003479,0.28427,0.011566
321.2858874797821,0.29213,0.011623
321.3362467288971,0.29607,0.011566
321.3866994380951,0.30005,0.011609
321.4336791038513,0.025747,0.011587
321.48579478263855,0.0358,0.011676
321.53738355636597,0.046867,0.011605
321.5868082046509,0.056547,0.011569
321.6391887664795,0.077573,0.01155
321.6871702671051,0.088413,0.011536
321.73884654045105,0.0956,0.011628
321.7871310710907,0.10085,0.011673
321.8379981517792,0.10725,0.011669
321.8890371322632,0.11356,0.011592
321.94001960754395,0.11599,0.011542
321.9896631240845,0.12688,0.011482
322.03902077674866,0.12795,0.011524
322.09031534194946,0.13263,0.011567
322.13885140419006,0.13963,0.011623
322.1908736228943,0.14317,0.011666
322.24156045913696,0.14989,0.011627
322.29365968704224,0.15439,0.011638
322.34500527381897,0.15743,0.011621
322.393935918808,0.16201,0.011526
322.4448661804199,0.16744,0.011496
322.49348616600037,0.17705,0.011509
322.5442271232605,0.17812,0.011463
322.6004683971405,0.18544,0.011494
322.6497845649719,0.18759,0.011591
322.7017788887024,0.19369,0.011576
322.75092029571533,0.1958,0.011614
322.8000588417053,0.20213,0.011529
322.84870314598083,0.20609,0.011584
322.8970534801483,0.21024,0.011504
322.9537217617035,0.21539,0.011517
322.99946427345276,0.22331,0.011545
323.05064058303833,0.22737,0.011592
323.10217666625977,0.22839,0.011563
323.1536269187927,0.23445,0.011553
323.2072820663452,0.23953,0.01158
323.25734758377075,0.24351,0.011589
323.3062925338745,0.24743,0.011594
323.3609013557434,0.25047,0.011602
323.41164898872375,0.25535,0.011566
323.45888566970825,0.26433,0.01159
323.50916743278503,0.26823,0.01163
323.5629913806915,0.27048,0.011669
323.6092531681061,0.27507,0.01157
323.6620452404022,0.27809,0.011652
323.715158700943,0.28307,0.011611
323.76149225234985,0.28611,0.011579
323.811075925827,0.29497,0.011605
323.86167430877686,0.29803,0.011547
323.91418170928955,0.30183,0.011642
323.96754479408264,0.029027,0.011585
324.01969957351685,0.038107,0.011693
324.0683093070984,0.049213,0.011604
324.1197488307953,0.05772,0.011593
324.1686396598816,0.07436,0.011617
324.2199115753174,0.09548,0.011638
324.2695245742798,0.098267,0.011738
324.3191862106323,0.10591,0.011709
324.37109899520874,0.10844,0.011703
324.4243402481079,0.11589,0.011623
324.4750130176544,0.11961,0.011541
324.5210928916931,0.12551,0.011545
324.57410192489624,0.13016,0.011658
324.6230857372284,0.1336,0.011624
324.6776587963104,0.13959,0.011647
324.7310860157013,0.14408,0.011657
324.7830455303192,0.15417,0.011662
324.83082127571106,0.15859,0.011612
324.8812065124512,0.16087,0.011565
324.9299557209015,0.16632,0.011546
324.9831705093384,0.17165,0.011501
325.03543400764465,0.17591,0.011495
325.0828094482422,0.18008,0.011545
325.1337540149689,0.18324,0.011594
325.18572664260864,0.18844,0.011637
325.23461985588074,0.19253,0.011584
325.2861137390137,0.20187,0.011654
325.33563351631165,0.20596,0.011603
325.38577342033386,0.21027,0.011617
325.432683467865,0.21419,0.011606
325.48682284355164,0.21733,0.011586
325.5375974178314,0.22241,0.011543
325.58588194847107,0.22523,0.011603
325.63334488868713,0.23023,0.011551
325.6888175010681,0.23331,0.011606
325.7393205165863,0.23945,0.011609
325.79039788246155,0.2472,0.011643
325.8451313972473,0.25248,0.011587
325.8936679363251,0.25627,0.011659
325.9461467266083,0.26027,0.011601
325.99466347694397,0.26329,0.011641
326.04821133613586,0.26708,0.011617
326.09753918647766,0.2712,0.011634
326.153361082077,0.27613,0.011596
326.20043087005615,0.27907,0.011596
326.25135135650635,0.28799,0.011581
326.30336713790894,0.29101,0.011605
326.34917306900024,0.29589,0.011615
326.40204334259033,0.29873,0.011658
326.45293712615967,0.30289,0.011611
326.50321531295776,0.032587,0.01167
326.55346941947937,0.04628,0.011604
326.6057348251343,0.057547,0.011558
326.6523611545563,0.068733,0.011569
326.7037959098816,0.076933,0.011651
326.7549293041229,0.09072,0.011657
326.80623960494995,0.10331,0.011652
326.8593602180481,0.10708,0.011694
326.90591835975647,0.11212,0.011713
326.96251606941223,0.11692,0.011619
327.0084128379822,0.12321,0.011603
327.062775850296,0.12649,0.011555
327.11189460754395,0.136,0.01161
327.16413021087646,0.14172,0.011671
327.2148530483246,0.14616,0.011617
327.2636694908142,0.14856,0.01166
327.3146929740906,0.15295,0.01164
327.36634707450867,0.15631,0.011633
327.4160044193268,0.16076,0.011582
327.46894884109497,0.16724,0.011559
327.5166072845459,0.17588,0.01153
327.5679717063904,0.18,0.011577
327.6249258518219,0.18412,0.011604
327.67592668533325,0.18843,0.011629
327.72535014152527,0.19253,0.011628
327.7725372314453,0.19576,0.011558
327.8245494365692,0.20393,0.011585
327.87019300460815,0.20909,0.01169
327.92654061317444,0.21301,0.011601
327.97610688209534,0.21609,0.011575
328.0291681289673,0.22013,0.011535
328.073623418808,0.22536,0.011533
328.12854623794556,0.22828,0.011571
328.18268728256226,0.23333,0.01159
328.2352511882782,0.24131,0.011587
328.2845103740692,0.24543,0.011562
328.3375070095062,0.24819,0.011595
328.38770294189453,0.25229,0.011582
328.43135595321655,0.25733,0.011571
328.48499035835266,0.26131,0.011581
328.53755831718445,0.26528,0.011601
328.587646484375,0.26912,0.011574
328.6381645202637,0.27415,0.01157
328.6902132034302,0.27816,0.011605
328.7372200489044,0.28299,0.011595
328.7872700691223,0.28601,0.011536
328.83617210388184,0.29181,0.011624
328.8890571594238,0.29788,0.011662
328.941956281662,0.30184,0.01166
328.9910717010498,0.02972,0.011592
329.0393581390381,0.0402,0.011637
329.0922713279724,0.054307,0.011637
329.14929032325745,0.06,0.011596
329.2060070037842,0.076893,0.011622
329.25200843811035,0.087747,0.01167
329.30564618110657,0.10059,0.011669
329.35557675361633,0.10716,0.011645
329.40445017814636,0.11203,0.01162
329.4554615020752,0.11579,0.01167
329.5080716609955,0.12171,0.011608
329.5559992790222,0.12783,0.01159
329.61411476135254,0.13247,0.011615
329.66046380996704,0.13709,0.011569
329.71109533309937,0.14399,0.011653
329.76205921173096,0.14837,0.011682
329.81504821777344,0.15295,0.011632
329.86867666244507,0.15831,0.011646
329.9164354801178,0.16287,0.011594
329.9700667858124,0.16716,0.011575
330.0182361602783,0.17153,0.011618
330.0782344341278,0.18008,0.011582
330.12637305259705,0.18431,0.011648
330.17694664001465,0.1894,0.011582
330.2269597053528,0.19048,0.01162
330.27750730514526,0.19773,0.011611
330.33321928977966,0.20092,0.01163
330.3827369213104,0.20597,0.011611
330.43202805519104,0.20979,0.011651
330.4816720485687,0.21411,0.011674
330.52900552749634,0.21812,0.011603
330.58842372894287,0.22728,0.011645
330.6384029388428,0.2292,0.011585
330.68841671943665,0.23516,0.011613
330.73601508140564,0.2392,0.01158
330.7980694770813,0.24416,0.011637
330.8452138900757,0.24812,0.011599
330.8971483707428,0.25216,0.011611
330.95160484313965,0.25603,0.011607
330.9996654987335,0.25912,0.011587
331.0530183315277,0.26404,0.011625
331.10125946998596,0.27208,0.011632
331.1506450176239,0.27701,0.011629
331.2066459655762,0.28119,0.011625
331.2568874359131,0.28493,0.011623
331.3041045665741,0.28899,0.011641
331.3551630973816,0.29191,0.011581
331.4132151603699,0.29977,0.011645
331.47102880477905,0.025107,0.011563
331.5192406177521,0.034747,0.011662
331.5690357685089,0.04724,0.011651
331.6211817264557,0.054213,0.011606
331.6721830368042,0.066933,0.011653
331.71996688842773,0.082053,0.011678
331.7725236415863,0.090387,0.011595
331.8224411010742,0.097827,0.011674
331.87141489982605,0.10441,0.011657
331.92104387283325,0.11328,0.011625
331.97706937789917,0.1168,0.011654
332.0244815349579,0.12283,0.011626
332.07402539253235,0.12884,0.011633
332.12537026405334,0.13356,0.011612
332.1776542663574,0.1382,0.011678
332.2292249202728,0.14255,0.011589
332.2779598236084,0.15179,0.011673
332.3258731365204,0.15491,0.011667
332.3785631656647,0.15929,0.01166
332.4297180175781,0.16156,0.011598
332.47846817970276,0.16912,0.011671
332.5274097919464,0.17259,0.011604
332.5794253349304,0.17771,0.011632
332.62961506843567,0.18191,0.011639
332.67850136756897,0.18817,0.011636
332.7324872016907,0.19324,0.011574
332.78235125541687,0.19756,0.011642
332.8355314731598,0.20168,0.011571
332.8820536136627,0.20579,0.011534
332.93811798095703,0.21096,0.01158
332.9902718067169,0.21291,0.011629
333.0378279685974,0.21896,0.011619
333.08883905410767,0.22208,0.011615
333.1421525478363,0.23207,0.011549
333.19003319740295,0.23403,0.011538
333.2426941394806,0.23716,0.011583
333.29647946357727,0.24319,0.011577
333.3467962741852,0.24709,0.011558
333.39827966690063,0.25108,0.011647
333.44715762138367,0.256,0.011562
333.49700689315796,0.26003,0.011557
333.55034160614014,0.26288,0.01156
333.59835386276245,0.26792,0.011575
333.64918422698975,0.27591,0.011591
333.69915676116943,0.28088,0.011631
333.7527039051056,0.28477,0.011592
333.8001651763916,0.28896,0.011596
333.851931810379,0.29187,0.011575
333.903201341629,0.29487,0.011624
333.9513010978699,0.26401,0.011612
333.99905610084534,0.026707,0.011666
334.05293679237366,0.037173,0.011632
334.1027066707611,0.053987,0.011566
334.15393328666687,0.06232,0.011624
334.204763174057,0.076227,0.011626
334.25558972358704,0.087213,0.011615
334.3024444580078,0.096547,0.011684
334.35987281799316,0.099107,0.011629
334.41316747665405,0.10913,0.011605
334.46391248703003,0.11792,0.011658
334.51131200790405,0.12031,0.011619
334.57067012786865,0.12509,0.011625
334.6233241558075,0.13112,0.011627
334.6718785762787,0.13571,0.011567
334.7241566181183,0.14036,0.011673
334.7738993167877,0.14481,0.011571
334.8206686973572,0.15491,0.011648
334.8723521232605,0.1572,0.011674
334.9227771759033,0.16365,0.011665
334.9745104312897,0.16473,0.011653
335.02198934555054,0.17429,0.011686
335.07450890541077,0.17763,0.011613
335.123330116272,0.18279,0.011625
335.17330718040466,0.18705,0.011619
335.22655749320984,0.19127,0.011649
335.2769567966461,0.19641,0.011602
335.32632303237915,0.19967,0.011606
335.37944865226746,0.20372,0.011595
335.42816376686096,0.2078,0.01158
335.4799246788025,0.21088,0.011591
335.52804923057556,0.21589,0.011552
335.5915412902832,0.21873,0.011654
335.6358847618103,0.22988,0.011581
335.68958258628845,0.23299,0.011567
335.7395842075348,0.23596,0.011587
335.79177618026733,0.24399,0.011604
335.8419370651245,0.24709,0.01158
335.8990867137909,0.25185,0.011568
335.9483902454376,0.25504,0.01159
335.9989056587219,0.25868,0.011626
336.0486407279968,0.26283,0.011598
336.0969376564026,0.26691,0.011633
336.1491012573242,0.27495,0.011602
336.1989667415619,0.27873,0.0116
336.2504997253418,0.28284,0.011614
336.30017352104187,0.28565,0.011592
336.34816002845764,0.29075,0.011602
336.4021866321564,0.29563,0.011629
336.4495372772217,0.29839,0.011555
336.5017840862274,0.30248,0.011639
336.5540988445282,0.028813,0.011619
336.60263872146606,0.041,0.011564
336.6541519165039,0.05512,0.01163
336.7031362056732,0.0816,0.011674
336.7512321472168,0.089613,0.011566
336.8074469566345,0.097693,0.011684
336.8551912307739,0.10148,0.011634
336.90347695350647,0.10677,0.011624
336.95791459083557,0.11549,0.011646
337.01365542411804,0.12024,0.011278
337.067063331604,0.12631,0.011577
337.1192035675049,0.1298,0.011621
337.1677141189575,0.13551,0.011624
337.21732783317566,0.14021,0.01165
337.2685794830322,0.14473,0.011641
337.3254644870758,0.1492,0.011649
337.3726897239685,0.15465,0.011619
337.42275762557983,0.15807,0.011651
337.47428727149963,0.16592,0.011623
337.5243864059448,0.17119,0.011601
337.5738580226898,0.17751,0.011631
337.6311273574829,0.18055,0.011644
337.6783425807953,0.18395,0.011544
337.7286365032196,0.19004,0.011595
337.78025484085083,0.19429,0.011572
337.84077858924866,0.20148,0.011567
337.89106345176697,0.20557,0.011578
337.93915033340454,0.20667,0.011574
337.9898536205292,0.21169,0.011582
338.0448269844055,0.2208,0.01161
338.09255957603455,0.224,0.011595
338.14314365386963,0.22795,0.011591
338.1965329647064,0.23189,0.011592
338.2448580265045,0.23697,0.011527
338.29344177246094,0.24105,0.011587
338.34710359573364,0.24483,0.011526
338.3947207927704,0.24791,0.011494
338.4442892074585,0.25193,0.011492
338.49775886535645,0.26075,0.011581
338.5525612831116,0.26384,0.011535
338.60594725608826,0.26687,0.01146
338.6546733379364,0.27185,0.011568
338.7024552822113,0.27768,0.011603
338.75868129730225,0.27953,0.011522
338.8117485046387,0.28748,0.011596
338.8668577671051,0.29259,0.01158
338.91451144218445,0.29648,0.011514
338.96338629722595,0.30028,0.011586
339.0139744281769,0.024093,0.011641
339.06805205345154,0.036693,0.011661
339.1174488067627,0.04772,0.01167
339.1754150390625,0.059333,0.011666
339.22591400146484,0.07884,0.011593
339.27587699890137,0.092547,0.01169
339.3288416862488,0.099053,0.011643
339.3778007030487,0.10279,0.011649
339.42547249794006,0.1066,0.011639
339.47892785072327,0.11143,0.011632
339.52787351608276,0.11787,0.011694
339.5771837234497,0.12255,0.011638
339.62784361839294,0.12843,0.011591
339.68060994148254,0.13783,0.01158
339.73380851745605,0.14245,0.011587
339.78750586509705,0.14699,0.011646
339.83531951904297,0.15256,0.011637
339.8859076499939,0.15697,0.011594
339.94057631492615,0.16137,0.011617
339.98834562301636,0.16464,0.011615
340.039918422699,0.17007,0.011602
340.09105491638184,0.17756,0.011611
340.1422574520111,0.18167,0.011642
340.190318107605,0.18689,0.011581
340.2426166534424,0.19012,0.011598
340.2958822250366,0.19428,0.011625
340.3452978134155,0.19721,0.011627
340.40100264549255,0.20755,0.011596
340.44997811317444,0.21064,0.011587
340.4997088909149,0.21455,0.011555
340.55445432662964,0.21672,0.011602
340.6014726161957,0.22287,0.011581
340.6546902656555,0.22592,0.011619
340.70426964759827,0.23093,0.011605
340.7531690597534,0.23477,0.011565
340.8085687160492,0.24183,0.011597
340.8600928783417,0.24691,0.011452
340.91118025779724,0.2508,0.011565
340.96077728271484,0.25568,0.011607
341.01744651794434,0.25981,0.011613
341.0669469833374,0.26457,0.011616
341.120995759964,0.26767,0.011617
341.1699287891388,0.27167,0.011597
341.22562313079834,0.27955,0.011599
341.27664971351624,0.28252,0.011625
341.32757019996643,0.28743,0.011599
341.3769540786743,0.29263,0.011595
341.43837451934814,0.29533,0.011603
341.48612427711487,0.30033,0.01165
341.53599429130554,0.024107,0.011651
341.5879397392273,0.0306,0.011683
341.64346504211426,0.058867,0.011632
341.6944057941437,0.067373,0.011661
341.74489188194275,0.07844,0.011611
341.7946376800537,0.092027,0.011672
341.8457202911377,0.097573,0.011669
341.9010398387909,0.10269,0.011621
341.9503228664398,0.1126,0.011599
342.00544023513794,0.11785,0.011632
342.0546097755432,0.12141,0.011689
342.10374212265015,0.12607,0.01167
342.1581859588623,0.13184,0.01157
342.2064719200134,0.13536,0.011637
342.2575945854187,0.14008,0.011593
342.3089997768402,0.14463,0.011596
342.35723304748535,0.15456,0.011634
342.40947937965393,0.15911,0.011612
342.45945596694946,0.16236,0.011627
342.50951957702637,0.16572,0.011608
342.55633330345154,0.17092,0.011611
342.60921001434326,0.17511,0.011588
342.6596610546112,0.18055,0.011597
342.70870327949524,0.18255,0.01162
342.75861716270447,0.19299,0.011595
342.81175565719604,0.19403,0.011601
342.86024713516235,0.20141,0.01155
342.91460490226746,0.20331,0.011589
342.96142292022705,0.20967,0.01158
343.0133249759674,0.21176,0.011574
343.05904030799866,0.21776,0.011554
343.1131966114044,0.21964,0.011558
343.16601181030273,0.2278,0.011557
343.2127227783203,0.2328,0.011557
343.2643361091614,0.23687,0.011561
343.31676030158997,0.24055,0.011518
343.36550521850586,0.24469,0.01157
343.41406989097595,0.24881,0.011565
343.4668333530426,0.25147,0.011559
343.5166778564453,0.25679,0.011535
343.5651228427887,0.26059,0.011661
343.61899638175964,0.2696,0.011573
343.66585397720337,0.27351,0.011607
343.7183589935303,0.27861,0.011676
343.76985692977905,0.28157,0.011629
343.8205933570862,0.28459,0.011619
343.8685886859894,0.28937,0.011556
343.9217572212219,0.29323,0.011598
343.9710931777954,0.29844,0.011624
344.02338671684265,0.025733,0.011602
344.07008719444275,0.03612,0.011625
344.1184558868408,0.044747,0.011662
344.1741101741791,0.055827,0.01159
344.22658705711365,0.072813,0.011395
344.2745280265808,0.080987,0.01164
344.321417093277,0.091867,0.01163
344.3763573169708,0.099947,0.011653
344.42480850219727,0.10784,0.011633
344.474969625473,0.11396,0.011638
344.5292274951935,0.11509,0.01161
344.58023166656494,0.12232,0.011639
344.62903356552124,0.12837,0.011665
344.678831577301,0.13416,0.011644
344.7320475578308,0.13887,0.011598
344.7840270996094,0.14337,0.011596
344.8324706554413,0.14796,0.011631
344.8818645477295,0.1546,0.011677
344.93183946609497,0.16023,0.011591
344.9850435256958,0.16556,0.011616
345.03433871269226,0.16867,0.011604
345.0831105709076,0.17181,0.011611
345.1367464065552,0.17837,0.011632
345.184198141098,0.18043,0.011591
345.2336530685425,0.18665,0.01158
345.2912049293518,0.19424,0.011594
345.34208822250366,0.19811,0.011605
345.3895683288574,0.20224,0.011585
345.440726518631,0.20737,0.01159
345.4991543292999,0.21048,0.011577
345.5497078895569,0.21641,0.01159
345.59539103507996,0.22077,0.011571
345.64840817451477,0.22471,0.011614
345.70398902893066,0.22676,0.011639
345.75617241859436,0.23572,0.011559
345.8095223903656,0.24071,0.011556
345.8585617542267,0.24379,0.011578
345.9154281616211,0.24869,0.01148
345.96917819976807,0.25267,0.011642
346.0178577899933,0.25563,0.01169
346.0676803588867,0.2656,0.011588
346.12053322792053,0.26763,0.011625
346.16811776161194,0.27157,0.011533
346.21974658966064,0.27461,0.011608
346.26548981666565,0.27855,0.01154
346.32274770736694,0.28352,0.011638
346.37293243408203,0.28741,0.011618
346.4226493835449,0.29336,0.011632
346.46832394599915,0.29832,0.011627
346.5194056034088,0.30219,0.011602
346.57278060913086,0.022373,0.011689
346.62389874458313,0.03592,0.011607
346.6726152896881,0.050013,0.011663
346.7218189239502,0.06128,0.011682
346.77688431739807,0.080773,0.011643
346.8259496688843,0.095893,0.011629
346.8751893043518,0.10127,0.011705
346.92817735671997,0.10375,0.011639
346.9774317741394,0.11139,0.011611
347.03136253356934,0.11624,0.011643
347.08052587509155,0.12487,0.011669
347.129620552063,0.12828,0.011685
347.1764302253723,0.13435,0.011608
347.2320063114166,0.1366,0.011604
347.2806956768036,0.14455,0.011631
347.3323965072632,0.14887,0.011597
347.3781735897064,0.15359,0.011583
347.43176102638245,0.15677,0.011605
347.47765350341797,0.16235,0.01161
347.5316915512085,0.16665,0.011535
347.5856759548187,0.17088,0.011638
347.6322340965271,0.17307,0.011595
347.6867127418518,0.18265,0.011657
347.73280906677246,0.18772,0.011559
347.78436756134033,0.19101,0.011584
347.8331673145294,0.19721,0.011593
347.8864252567291,0.19921,0.011604
347.9327585697174,0.20337,0.011568
347.98873686790466,0.20747,0.011562
348.03702116012573,0.21255,0.011555
348.09033584594727,0.21667,0.011593
348.1384816169739,0.22061,0.011556
348.1876862049103,0.22963,0.01157
348.23835158348083,0.23364,0.011563
348.28780031204224,0.23779,0.011554
348.3389563560486,0.24081,0.011633
348.3909378051758,0.24571,0.011522
348.44479966163635,0.24777,0.011525
348.49300622940063,0.25379,0.011593
348.5430462360382,0.26163,0.011545
348.5934932231903,0.26475,0.011585
348.64530396461487,0.26761,0.011673
348.69529461860657,0.27337,0.011599
348.743700504303,0.27652,0.011577
348.79508233070374,0.2796,0.011606
348.84469175338745,0.28447,0.011576
348.8957290649414,0.28745,0.011615
348.9496624469757,0.29255,0.011642
348.9958772659302,0.29729,0.011631
349.0494472980499,0.023307,0.011592
349.1013388633728,0.035693,0.011646
349.1500127315521,0.047107,0.011606
349.19776034355164,0.061147,0.011665
349.2474694252014,0.064,0.011659
349.29891538619995,0.080533,0.011608
349.35611939430237,0.08892,0.011614
349.41179370880127,0.098573,0.011628
349.45958948135376,0.11132,0.011633
349.5107321739197,0.11372,0.01162
349.562490940094,0.11868,0.011621
349.6098380088806,0.1246,0.011635
349.66238474845886,0.12816,0.011587
349.7159330844879,0.13304,0.011637
349.7642619609833,0.14224,0.011615
349.8124177455902,0.14539,0.011619
349.86146354675293,0.15009,0.011629
349.91516637802124,0.15436,0.011639
349.96459126472473,0.15759,0.011748
350.0149350166321,0.16416,0.011699
350.0663118362427,0.16867,0.011598
350.1170825958252,0.17296,0.011623
350.1651360988617,0.18031,0.011595
350.2215142250061,0.18565,0.011577
350.26716017723083,0.18984,0.011515
350.3213074207306,0.19287,0.011587
350.37014651298523,0.197,0.011511
350.42154693603516,0.2012,0.01162
350.47325015068054,0.20539,0.011574
350.52037715911865,0.21231,0.011644
350.57344675064087,0.21733,0.011585
350.62414813041687,0.22052,0.011602
350.6765601634979,0.22359,0.011552
350.72531247138977,0.23063,0.011549
350.77592492103577,0.23367,0.011527
350.82765769958496,0.23973,0.011503
350.8768210411072,0.2454,0.011571
350.930064201355,0.24952,0.011565
350.97772574424744,0.2536,0.011627
351.02927255630493,0.25468,0.011599
351.07884669303894,0.26037,0.011589
351.12783098220825,0.26533,0.011602
351.18598556518555,0.27241,0.011598
351.23587107658386,0.27537,0.011641
351.2881050109863,0.28031,0.011629
351.33869910240173,0.2842,0.011643
351.3884539604187,0.28925,0.011613
351.4380135536194,0.29225,0.011602
351.4892771244049,0.2962,0.01163
351.53780937194824,0.30111,0.011558
351.5942533016205,0.035413,0.011579
351.64518570899963,0.043933,0.011613
351.6952886581421,0.057733,0.011639
351.7486107349396,0.069267,0.011643
351.7964744567871,0.08032,0.011652
351.85359358787537,0.091253,0.011626
351.9041655063629,0.099773,0.011622
351.9580192565918,0.10483,0.011666
352.0079822540283,0.11001,0.011614
352.0612471103668,0.11845,0.011617
352.1075520515442,0.12227,0.011682
352.1606693267822,0.12808,0.011637
352.2139024734497,0.13157,0.011679
352.2609453201294,0.14083,0.011657
352.3177878856659,0.14535,0.011622
352.3689241409302,0.14877,0.011622
352.4300911426544,0.15437,0.011617
352.4808053970337,0.15973,0.011621
352.5287721157074,0.162,0.011613
352.575879573822,0.1718,0.011593
352.62727308273315,0.17613,0.011605
352.67966294288635,0.18023,0.011557
352.7314145565033,0.18339,0.011581
352.7822527885437,0.18759,0.01159
352.8322739601135,0.19492,0.011578
352.8832769393921,0.199,0.011628
352.9351840019226,0.20309,0.011603
352.98357462882996,0.20823,0.011594
353.036509513855,0.21129,0.011593
353.08489418029785,0.21644,0.011552
353.13432097435,0.22055,0.011564
353.18774008750916,0.22341,0.011577
353.24318766593933,0.23152,0.01159
353.2979962825775,0.23652,0.011514
353.348345041275,0.24069,0.011535
353.39624881744385,0.24457,0.011548
353.4477412700653,0.2486,0.011564
353.4984459877014,0.25348,0.011591
353.5480306148529,0.25652,0.011582
353.6088969707489,0.26047,0.011624
353.6601514816284,0.26935,0.011616
353.70964097976685,0.27244,0.011649
353.7565269470215,0.27743,0.011618
353.8143882751465,0.27936,0.011643
353.87003445625305,0.28813,0.011524
353.91911482810974,0.29307,0.011589
353.97180795669556,0.29612,0.011666
354.02065682411194,0.29903,0.011637
354.07131338119507,0.022333,0.011611
354.12584924697876,0.032453,0.011643
354.18010544776917,0.043707,0.011677
354.22746872901917,0.066253,0.011637
354.28066182136536,0.074573,0.011648
354.32671427726746,0.08828,0.011633
354.3790693283081,0.096827,0.011603
354.4291687011719,0.10221,0.01162
354.4766216278076,0.10591,0.011602
354.5297996997833,0.10977,0.011594
354.578889131546,0.11729,0.011653
354.6280736923218,0.11839,0.011602
354.6890015602112,0.13045,0.011643
354.7367672920227,0.13611,0.011686
354.7887041568756,0.13852,0.011625
354.8362281322479,0.14427,0.011609
354.8876311779022,0.15331,0.01162
354.9417839050293,0.15653,0.011577
354.9884593486786,0.16075,0.011612
355.0399625301361,0.16303,0.011556
355.089834690094,0.16949,0.011583
355.1400511264801,0.17276,0.011609
355.19393253326416,0.17812,0.011555
355.24353098869324,0.18337,0.011594
355.2946894168854,0.19167,0.011605
355.34568333625793,0.19581,0.011579
355.3977975845337,0.19885,0.011577
355.45144605636597,0.20409,0.011564
355.49729323387146,0.20513,0.011569
355.5508017539978,0.21236,0.011603
355.6008644104004,0.21441,0.01163
355.6500732898712,0.22149,0.011536
355.70486211776733,0.2244,0.011599
355.75065898895264,0.23247,0.011554
355.8030171394348,0.23637,0.011547
355.85431361198425,0.23847,0.011602
355.9033532142639,0.2444,0.011595
355.9538354873657,0.24856,0.011577
356.00256419181824,0.25045,0.011643
356.05295848846436,0.25648,0.011552
356.10555148124695,0.25844,0.011606
356.1565499305725,0.26347,0.011564
356.20911860466003,0.27335,0.011629
356.25831174850464,0.27737,0.011678
356.31203150749207,0.28123,0.011602
356.359915971756,0.28515,0.011647
356.4112193584442,0.28725,0.011612
356.4596552848816,0.29217,0.011627
356.50984740257263,0.29407,0.011623
356.56000089645386,0.30005,0.011574
356.6123149394989,0.026907,0.011588
356.6612708568573,0.040547,0.011663
356.71751260757446,0.057653,0.011643
356.76606702804565,0.06324,0.011613
356.81467056274414,0.077213,0.011645
356.8641083240509,0.086867,0.011613
356.9156675338745,0.09576,0.011661
356.97785544395447,0.10456,0.011646
357.0243010520935,0.10985,0.011619
357.0749087333679,0.11957,0.01163
357.12687826156616,0.12316,0.011677
357.1802625656128,0.12775,0.01163
357.2265636920929,0.13364,0.011628
357.278724193573,0.13727,0.011574
357.32904171943665,0.14193,0.011601
357.3803758621216,0.1508,0.011589
357.4309833049774,0.15321,0.01165
357.4835743904114,0.15977,0.011586
357.5345561504364,0.16279,0.011596
357.5828893184662,0.16825,0.011583
357.63610434532166,0.1716,0.011593
357.6848337650299,0.17685,0.011585
357.73527336120605,0.18113,0.011579
357.78491950035095,0.18844,0.011601
357.8336627483368,0.19281,0.011598
357.8846061229706,0.19779,0.011615
357.9412581920624,0.202,0.011589
357.98816323280334,0.20609,0.011598
358.0398349761963,0.21097,0.011582
358.0902943611145,0.21511,0.011565
358.14059925079346,0.21824,0.011545
358.19144463539124,0.22132,0.01148
358.24229192733765,0.2304,0.011506
358.29468154907227,0.23341,0.011524
358.3429229259491,0.23855,0.011575
358.39265275001526,0.24028,0.011562
358.4482970237732,0.24635,0.011661
358.5003671646118,0.24931,0.011623
358.5532879829407,0.25747,0.011631
358.6065948009491,0.26236,0.01175
358.65386843681335,0.26535,0.011623
358.70544719696045,0.27035,0.011645
358.7552833557129,0.27317,0.011598
358.80366802215576,0.2782,0.011599
358.85613989830017,0.28212,0.01159
358.90920186042786,0.28611,0.011558
358.9569933414459,0.28903,0.011624
359.0102570056915,0.29699,0.011561
359.0555272102356,0.30208,0.011575
359.10930824279785,0.024307,0.011618
359.1597979068756,0.034747,0.011615
359.21290278434753,0.046067,0.011609
359.2590456008911,0.05724,0.011639
359.3138771057129,0.06592,0.011682
359.3632643222809,0.090613,0.011646
359.41413950920105,0.098053,0.011621
359.46424102783203,0.10312,0.011633
359.51712679862976,0.10959,0.011662
359.56585359573364,0.11452,0.011546
359.6155228614807,0.1206,0.011587
359.66701889038086,0.12297,0.011636
359.71696376800537,0.12871,0.011629
359.7647125720978,0.13363,0.01163
359.82016491889954,0.13592,0.011567
359.86923241615295,0.1486,0.011595
359.91770792007446,0.15061,0.011612
359.97284412384033,0.15627,0.011603
360.0249412059784,0.16175,0.01159
360.0725562572479,0.16616,0.011582
360.12489914894104,0.16831,0.01159
360.17635011672974,0.17459,0.01154
360.22596502304077,0.17791,0.011589
360.2834253311157,0.18629,0.011592
360.3341827392578,0.19155,0.011602
360.3805582523346,0.19583,0.01162
360.4346947669983,0.1978,0.01163
360.4862380027771,0.20403,0.011543
360.5374948978424,0.20796,0.011618
360.59063625335693,0.21205,0.011579
360.6396486759186,0.2202,0.011568
360.68930411338806,0.2242,0.011562
360.73777985572815,0.22627,0.011558
360.78983068466187,0.23236,0.011568
360.84458684921265,0.23624,0.011547
360.8929045200348,0.24131,0.011594
360.94279384613037,0.24441,0.011578
360.995183467865,0.24827,0.011589
361.0428144931793,0.25319,0.011599
361.09629225730896,0.25931,0.011608
361.1473128795624,0.26432,0.011614
361.1955497264862,0.26716,0.011605
361.24549627304077,0.2722,0.011602
361.2945213317871,0.27707,0.011568
361.3430516719818,0.28012,0.0116
361.3971939086914,0.28507,0.011624
361.4500424861908,0.29095,0.011633
361.50220918655396,0.29688,0.011582
361.5501317977905,0.29991,0.011607
361.6055111885071,0.021653,0.0116
361.6557116508484,0.03456,0.011645
361.7072079181671,0.045813,0.011667
361.75727915763855,0.05712,0.011655
361.80813336372375,0.06816,0.011622
361.85942482948303,0.090387,0.011643
361.9078109264374,0.09784,0.011678
361.95843267440796,0.10317,0.011687
362.01524567604065,0.10704,0.01164
362.0701525211334,0.11459,0.011636
362.12326550483704,0.1194,0.011653
362.1719706058502,0.12647,0.011657
362.224702835083,0.13123,0.011623
362.27144289016724,0.136,0.011629
362.32590103149414,0.14036,0.01157
362.37310910224915,0.14483,0.011711
