Tiempo (s),Monitoreo_X_CH1 (V),Scattering_CH2 (V)
0.04955887794494629,0.17327,0.011702
0.14642715454101562,0.1726,0.011511
0.2573869228363037,0.17293,0.011614
0.36949849128723145,0.17327,0.011708
0.4698209762573242,0.17353,0.011689
0.5668239593505859,0.17367,0.011751
0.6679520606994629,0.0154,0.010826
0.7689018249511719,0.015467,0.010842
0.8684546947479248,0.014733,0.010882
0.9706079959869385,0.015267,0.010961
1.0726916790008545,0.014533,0.01091
1.1721007823944092,0.014667,0.010913
1.2692086696624756,0.015067,0.010817
1.3730151653289795,0.014733,0.01091
1.4795620441436768,0.015067,0.010897
1.591615915298462,0.014667,0.010924
1.698577880859375,0.014667,0.010916
1.8108258247375488,0.014867,0.010997
1.9214603900909424,0.014867,0.010858
2.0298473834991455,0.0152,0.010824
2.12742018699646,0.015,0.010836
2.239518880844116,0.014467,0.010859
2.3497445583343506,0.015,0.010919
2.448143243789673,0.015067,0.010917
2.549604892730713,0.014533,0.010892
2.650014877319336,0.017933,0.010847
2.7599453926086426,0.021067,0.010844
2.869241714477539,0.024333,0.010863
2.982982873916626,0.028,0.010771
3.08935546875,0.031133,0.010805
3.1974387168884277,0.036533,0.010814
3.3097102642059326,0.040333,0.010691
3.4133048057556152,0.043867,0.010731
3.5196704864501953,0.0468,0.010736
3.6279296875,0.049867,0.010715
3.7387630939483643,0.053267,0.010778
3.8508377075195312,0.0558,0.010792
3.9640614986419678,0.059133,0.010771
4.058541536331177,0.062933,0.010824
4.159038066864014,0.064467,0.010955
4.271690607070923,0.068,0.010913
4.3824143409729,0.0704,0.010899
4.486985445022583,0.073267,0.011109
4.600851058959961,0.076133,0.011347
4.71136474609375,0.0822,0.011469
4.810787200927734,0.084933,0.011718
4.920861482620239,0.088467,0.011675
5.028865575790405,0.090733,0.012326
5.1310460567474365,0.0906,0.012028
5.24000096321106,0.094267,0.012265
5.34903883934021,0.094933,0.01237
5.462600946426392,0.0964,0.012639
5.573459625244141,0.098133,0.012586
5.682563543319702,0.0994,0.012942
5.791024446487427,0.10087,0.01287
5.902317762374878,0.10213,0.013083
6.014150857925415,0.10473,0.012921
6.121325731277466,0.10487,0.013147
6.231137037277222,0.10807,0.013011
6.331167936325073,0.109,0.013027
6.4312543869018555,0.1104,0.012755
6.540288925170898,0.11207,0.012687
6.651331901550293,0.11293,0.012619
6.750859022140503,0.11427,0.01245
6.852776765823364,0.11567,0.012492
6.962548732757568,0.117,0.012144
7.070497989654541,0.11807,0.012239
7.181946754455566,0.1192,0.012242
7.297975540161133,0.1204,0.012186
7.403665065765381,0.12167,0.011905
7.5134241580963135,0.12327,0.011753
7.624223947525024,0.12433,0.011779
7.730371952056885,0.1262,0.011565
7.848473310470581,0.12713,0.011555
7.9529993534088135,0.1288,0.011488
8.060802698135376,0.12953,0.011389
8.17360806465149,0.13193,0.011382
8.283780813217163,0.13393,0.011328
8.39555048942566,0.1346,0.011345
8.505993366241455,0.13587,0.011321
8.610331773757935,0.1368,0.011228
8.723315954208374,0.13853,0.011043
8.831564903259277,0.1396,0.011155
8.932542562484741,0.14067,0.011001
9.031715393066406,0.1422,0.011075
9.135783433914185,0.1434,0.011101
9.235944032669067,0.14507,0.011136
9.347562551498413,0.14593,0.011136
9.443018913269043,0.14727,0.011203
9.547607421875,0.1482,0.011321
9.656406879425049,0.14933,0.011606
9.764926433563232,0.15073,0.011573
9.874363899230957,0.15213,0.011603
9.984418869018555,0.15453,0.011811
10.09743332862854,0.15407,0.012012
10.205174922943115,0.15653,0.011915
10.31419563293457,0.15773,0.011969
10.415442705154419,0.15933,0.011965
10.528501749038696,0.1602,0.01194
10.632497549057007,0.16113,0.012071
10.738386392593384,0.16287,0.012313
10.836082220077515,0.16387,0.01212
10.937230825424194,0.1648,0.012235
11.037590026855469,0.1662,0.012193
11.146499872207642,0.1672,0.01206
11.250462055206299,0.16813,0.012099
11.349050521850586,0.17027,0.01212
11.449491500854492,0.17053,0.011993
11.546556949615479,0.17207,0.012044
11.653220891952515,0.17353,0.011905
11.74907636642456,0.17447,0.011783
11.851967096328735,0.17533,0.011806
11.952451229095459,0.17693,0.011743
12.059258222579956,0.17767,0.011728
12.158945083618164,0.17867,0.011605
12.267744064331055,0.18007,0.011676
12.379167795181274,0.18067,0.011429
12.487072229385376,0.18233,0.011416
12.590835332870483,0.18347,0.011361
12.700090646743774,0.18487,0.011261
12.808708667755127,0.1864,0.011095
12.920303583145142,0.18707,0.011166
13.024183988571167,0.18907,0.011045
13.121523141860962,0.18967,0.01096
13.227600574493408,0.19087,0.011003
13.342793703079224,0.19287,0.010967
13.450636148452759,0.1934,0.010926
13.556374549865723,0.19447,0.010825
13.673139810562134,0.1962,0.010835
13.778517723083496,0.197,0.010833
13.890127897262573,0.19887,0.010759
14.000483512878418,0.19953,0.010797
14.102917909622192,0.2002,0.010797
14.20094919204712,0.2012,0.010746
14.311911821365356,0.20287,0.010752
14.419970035552979,0.2034,0.010823
14.530219316482544,0.20487,0.01086
14.638493299484253,0.2064,0.010816
14.746690511703491,0.20847,0.010863
14.849921941757202,0.20907,0.01083
14.960870027542114,0.211,0.01087
15.069788694381714,0.21153,0.010876
15.171317338943481,0.21307,0.010818
15.280586004257202,0.21427,0.010952
15.388955354690552,0.21613,0.010884
15.501892566680908,0.2162,0.010925
15.600380420684814,0.21767,0.010853
15.7100191116333,0.21887,0.010887
15.820238828659058,0.21913,0.010866
15.93003797531128,0.22093,0.01087
16.03071141242981,0.2218,0.010833
16.139025449752808,0.22353,0.010886
16.251205921173096,0.22427,0.01087
16.349599838256836,0.22547,0.010819
16.450193405151367,0.2264,0.010768
16.5613112449646,0.22753,0.010803
16.67096996307373,0.2286,0.010842
16.780422925949097,0.23073,0.010858
16.89082980155945,0.23187,0.010842
17.00269913673401,0.233,0.010802
17.10150146484375,0.23387,0.010806
17.21384024620056,0.23533,0.010759
17.324960708618164,0.2366,0.010758
17.43289589881897,0.2376,0.010775
17.53804063796997,0.23873,0.010755
17.658008337020874,0.23973,0.010693
17.76271939277649,0.2406,0.010714
17.872159957885742,0.24153,0.010726
17.979878902435303,0.24327,0.010722
18.090783834457397,0.24527,0.01074
18.20278549194336,0.24473,0.010712
18.308459758758545,0.24667,0.01071
18.423840284347534,0.24873,0.010684
18.531057834625244,0.24927,0.010691
18.642942667007446,0.25107,0.010714
18.753031969070435,0.25187,0.010685
18.864139795303345,0.25293,0.010717
18.971720933914185,0.25393,0.010737
19.08146071434021,0.25487,0.010707
19.195324897766113,0.25567,0.010674
19.302536725997925,0.25847,0.0107
19.41087031364441,0.25853,0.010701
19.522303104400635,0.26033,0.010706
19.62996196746826,0.2614,0.010663
19.740349292755127,0.26253,0.010725
19.85205864906311,0.26387,0.010697
19.957812786102295,0.26493,0.01074
20.071361541748047,0.2658,0.010734
20.18205451965332,0.26733,0.01076
20.293870210647583,0.26787,0.010744
20.401166200637817,0.27027,0.010767
20.51167893409729,0.26953,0.010764
20.619791507720947,0.27167,0.01077
20.733301877975464,0.2734,0.010834
20.83987522125244,0.2742,0.010855
20.950777292251587,0.27507,0.010904
21.053446054458618,0.2766,0.010921
21.1595401763916,0.278,0.010995
21.270458459854126,0.2788,0.01102
21.38168239593506,0.27967,0.011045
21.48531746864319,0.28047,0.011072
21.588749885559082,0.28207,0.01114
21.69055438041687,0.28313,0.011184
21.800734519958496,0.28373,0.011182
21.89990997314453,0.28507,0.011152
21.998549222946167,0.28647,0.011191
22.10100030899048,0.28707,0.011198
22.199114084243774,0.2882,0.011234
22.302699327468872,0.28973,0.011164
22.400042295455933,0.29047,0.011322
22.500303030014038,0.2914,0.011272
22.602861881256104,0.29273,0.011255
22.701404809951782,0.29387,0.011219
22.808974981307983,0.29433,0.011316
22.91742968559265,0.29587,0.011302
23.02168369293213,0.29707,0.011226
23.12934947013855,0.298,0.011218
23.24225687980652,0.29853,0.011228
23.348729133605957,0.30093,0.011127
23.46027660369873,0.3012,0.011236
23.55910038948059,0.30387,0.011146
23.6697416305542,0.3072,0.011071
23.781631231307983,0.0176,0.011385
23.87783646583557,0.017733,0.012015
23.990195989608765,0.0208,0.010695
24.0999813079834,0.024133,0.010729
24.196815729141235,0.027467,0.010727
24.308684825897217,0.031467,0.010663
24.422361373901367,0.0342,0.010663
24.52973699569702,0.036733,0.010674
24.64157748222351,0.0402,0.010708
24.75086212158203,0.043533,0.010719
24.861160278320312,0.047867,0.010744
24.969802618026733,0.0496,0.010758
25.07053232192993,0.052333,0.010983
25.178552627563477,0.055467,0.010972
25.27733302116394,0.061467,0.011054
25.387543201446533,0.064733,0.010952
25.498887538909912,0.067667,0.011228
25.60959553718567,0.070533,0.011276
25.711185216903687,0.0702,0.011464
25.8094220161438,0.0768,0.011445
25.918991804122925,0.079133,0.011548
26.028242349624634,0.082067,0.011778
26.129234552383423,0.0852,0.01193
26.24517798423767,0.088,0.011923
26.35163402557373,0.090733,0.012132
26.46050715446472,0.092333,0.012265
26.569809913635254,0.093267,0.012408
26.678862810134888,0.094533,0.012492
26.790534496307373,0.098,0.012424
26.90292263031006,0.0982,0.012548
27.00970721244812,0.10067,0.01249
27.1229190826416,0.1022,0.012624
27.230123281478882,0.10367,0.012634
27.342081785202026,0.1042,0.012632
27.449666500091553,0.10567,0.012545
27.56331515312195,0.10707,0.012551
27.673696279525757,0.10833,0.01236
27.769930124282837,0.10987,0.012416
27.88261365890503,0.11127,0.012216
27.989755630493164,0.1126,0.012203
28.090187311172485,0.11373,0.012062
28.188899040222168,0.11493,0.011963
28.291261911392212,0.1164,0.011796
28.398298025131226,0.11773,0.011858
28.51237392425537,0.11933,0.01169
28.619303941726685,0.12047,0.011446
28.733686447143555,0.12347,0.011535
28.839256286621094,0.1244,0.01158
28.951961994171143,0.1264,0.011291
29.06061553955078,0.1266,0.011362
29.164008617401123,0.12833,0.011208
29.272589683532715,0.1294,0.011125
29.382583618164062,0.1306,0.011161
29.486706733703613,0.13207,0.0111
29.590423583984375,0.13407,0.010943
29.688827991485596,0.13473,0.010963
29.80204200744629,0.13553,0.011082
29.913612127304077,0.13867,0.011092
30.021498680114746,0.138,0.01153
30.130831480026245,0.13973,0.011031
30.22930145263672,0.14113,0.011166
30.340375900268555,0.142,0.011226
30.451523780822754,0.14447,0.011436
30.561853885650635,0.1458,0.011655
30.67210078239441,0.14667,0.011639
30.772961378097534,0.14833,0.01183
30.870129823684692,0.1496,0.012121
30.98135232925415,0.15027,0.012109
31.09511709213257,0.15227,0.012322
31.2020103931427,0.1526,0.012074
31.30309247970581,0.15427,0.012283
31.414584636688232,0.15533,0.012389
31.52180290222168,0.15653,0.012372
31.631860733032227,0.15793,0.012489
31.743136167526245,0.159,0.012565
31.854124546051025,0.16027,0.012435
31.96028447151184,0.16227,0.012197
32.06303143501282,0.1634,0.012363
32.16089224815369,0.16407,0.012388
32.2631778717041,0.16507,0.012286
32.365642786026,0.1678,0.012108
32.46318030357361,0.16767,0.012075
32.574591636657715,0.16887,0.011987
32.6723518371582,0.17107,0.011904
32.77347159385681,0.17113,0.011854
32.876259565353394,0.173,0.011794
32.97758412361145,0.1738,0.011786
33.074904680252075,0.1756,0.011689
33.175978660583496,0.17533,0.011611
33.27734589576721,0.1778,0.011515
33.37698698043823,0.1792,0.011436
33.47878670692444,0.17907,0.011522
33.58622980117798,0.18167,0.011358
33.70008158683777,0.18193,0.011277
33.8076708316803,0.18387,0.011161
33.92041611671448,0.18513,0.011115
34.03040361404419,0.18567,0.011087
34.13339614868164,0.1868,0.011012
34.23678970336914,0.18827,0.010954
34.34838080406189,0.1894,0.010951
34.44915199279785,0.19047,0.010935
34.54756164550781,0.19147,0.010868
34.6643488407135,0.19267,0.01094
34.77491044998169,0.19353,0.010858
34.883285999298096,0.19487,0.010845
34.98834276199341,0.196,0.010853
35.0995352268219,0.19813,0.010789
35.21233916282654,0.199,0.010776
35.32154965400696,0.20087,0.0108
35.41945028305054,0.20167,0.010818
35.528159856796265,0.20307,0.010772
35.64090061187744,0.20407,0.01089
35.75066161155701,0.20533,0.010847
35.850937604904175,0.20653,0.010884
35.9588680267334,0.20793,0.010915
36.07234859466553,0.20813,0.010915
36.17834949493408,0.20973,0.010918
36.291736364364624,0.21093,0.010927
36.39100790023804,0.21167,0.010915
36.49207639694214,0.21247,0.010915
36.60018992424011,0.21433,0.010941
36.697892904281616,0.2158,0.010932
36.805848598480225,0.21633,0.010891
36.90879964828491,0.21853,0.01093
37.02019810676575,0.2184,0.010856
37.131030559539795,0.21927,0.010975
37.24379920959473,0.2212,0.010886
37.35376715660095,0.22207,0.010896
37.46016478538513,0.22407,0.010924
37.57390236854553,0.22473,0.010834
37.67862820625305,0.22607,0.010856
37.79311013221741,0.2278,0.01078
37.902223348617554,0.2286,0.010786
38.00898838043213,0.2302,0.010828
38.11754369735718,0.23047,0.010796
38.23042583465576,0.2322,0.010816
38.32935953140259,0.23367,0.010816
38.443274974823,0.23393,0.010791
38.55348253250122,0.2356,0.010783
38.650673151016235,0.2362,0.01077
38.75154995918274,0.23787,0.010791
38.863110303878784,0.2396,0.010694
38.97089171409607,0.23973,0.010683
39.06875395774841,0.24213,0.010733
39.18752884864807,0.24267,0.010712
39.2916464805603,0.24467,0.010721
39.3991801738739,0.24527,0.010716
39.516149044036865,0.24633,0.010713
39.62306332588196,0.24673,0.01072
39.73156023025513,0.2478,0.010717
39.842007637023926,0.24887,0.010702
39.95052933692932,0.25073,0.010703
40.06286120414734,0.2514,0.010719
40.173972606658936,0.25247,0.010707
40.280447244644165,0.25473,0.010624
40.384438276290894,0.25513,0.010746
40.49278545379639,0.25707,0.010832
40.60168981552124,0.25807,0.01066
40.71240472793579,0.25873,0.010688
40.82085967063904,0.26033,0.010743
40.922866344451904,0.26173,0.010684
41.03066897392273,0.2626,0.010709
41.140217781066895,0.26433,0.010739
41.25292754173279,0.2656,0.010752
41.36120247840881,0.2658,0.010715
41.4594452381134,0.26687,0.010717
41.563525438308716,0.26787,0.0108
41.67025351524353,0.26873,0.010823
41.784785985946655,0.2714,0.010813
41.893848180770874,0.2716,0.010865
42.001349687576294,0.27307,0.01096
42.112269163131714,0.27267,0.011032
42.21274995803833,0.2754,0.011
42.31146717071533,0.2764,0.011087
42.42271661758423,0.2774,0.011072
42.53341269493103,0.2786,0.011173
42.642573595047,0.2798,0.011141
42.74545431137085,0.28087,0.011169
42.85304880142212,0.2816,0.011179
42.95015096664429,0.28333,0.011289
43.05195474624634,0.28393,0.011316
43.16002368927002,0.28493,0.011254
43.27120923995972,0.28573,0.011267
43.37110376358032,0.28687,0.011326
43.47466707229614,0.28787,0.011326
43.57273769378662,0.2894,0.011399
43.6735725402832,0.2904,0.011423
43.77355980873108,0.2918,0.011327
43.87495517730713,0.292,0.011394
43.97349262237549,0.29347,0.011367
44.07418894767761,0.295,0.011388
44.172842264175415,0.29553,0.011269
44.274898052215576,0.2968,0.011235
44.377344369888306,0.29887,0.011288
44.480698108673096,0.29873,0.011315
44.58330488204956,0.29993,0.011124
44.685497999191284,0.30047,0.011269
44.797083139419556,0.30327,0.011232
44.89589262008667,0.30493,0.011129
45.00240516662598,0.30787,0.011245
45.116527795791626,0.0182,0.01263
45.22556400299072,0.018067,0.010846
45.33546328544617,0.024267,0.010695
45.434600830078125,0.027667,0.010659
45.54315733909607,0.0304,0.01066
45.65680694580078,0.0336,0.010691
45.7693657875061,0.0368,0.010711
45.875428915023804,0.039467,0.010703
45.98749303817749,0.043533,0.010876
46.09520363807678,0.0454,0.01077
46.20460891723633,0.0486,0.010754
46.31616759300232,0.052533,0.010863
46.4193651676178,0.054867,0.010962
46.51699686050415,0.057867,0.010982
46.626729249954224,0.0608,0.011406
46.726255893707275,0.0634,0.011145
46.83767628669739,0.067333,0.011384
46.94818305969238,0.0694,0.011472
47.0570912361145,0.076267,0.011763
47.165411949157715,0.076067,0.011829
47.27916646003723,0.081933,0.012027
47.38725519180298,0.084667,0.012209
47.495869398117065,0.087067,0.012327
47.606568813323975,0.090133,0.012355
47.71729063987732,0.091867,0.012551
47.82412362098694,0.093067,0.01273
47.93847608566284,0.0946,0.01265
48.04723262786865,0.095933,0.012889
48.15643858909607,0.098667,0.012837
48.267536878585815,0.098667,0.012748
48.37677001953125,0.099933,0.012636
48.48355984687805,0.10267,0.012644
48.58566379547119,0.1046,0.012889
48.688539028167725,0.10527,0.012559
48.79572558403015,0.1074,0.012518
48.906569480895996,0.10867,0.012397
49.015445709228516,0.10987,0.012228
49.128379106521606,0.11087,0.01229
49.23741340637207,0.11193,0.01222
49.34815335273743,0.11387,0.012085
49.46307349205017,0.1152,0.012045
49.56582427024841,0.11573,0.012067
49.658172607421875,0.1178,0.011919
49.76521897315979,0.11913,0.011592
49.878756046295166,0.11987,0.011616
49.982935667037964,0.12073,0.011679
50.096930742263794,0.12393,0.011485
50.207371950149536,0.12553,0.011284
50.316033601760864,0.12627,0.011255
50.427677631378174,0.12773,0.011377
50.535210609436035,0.12887,0.011147
50.646944761276245,0.1302,0.011134
50.75915026664734,0.1314,0.010998
50.869386196136475,0.13293,0.011092
50.968164920806885,0.13467,0.011057
51.07511496543884,0.1354,0.010996
51.19233274459839,0.1366,0.011033
51.297447681427,0.138,0.01113
51.40788507461548,0.13927,0.010967
51.523906230926514,0.14133,0.011246
51.62986207008362,0.14233,0.011514
51.72818112373352,0.1428,0.011209
51.82815909385681,0.1436,0.011644
51.92848181724548,0.14647,0.011469
52.04497766494751,0.14767,0.011726
52.14895701408386,0.14873,0.012087
52.259844064712524,0.1504,0.011909
52.36604356765747,0.15093,0.01196
52.47911977767944,0.15247,0.012289
52.59107804298401,0.15387,0.012001
52.69923663139343,0.15487,0.012093
52.80960249900818,0.15593,0.012333
52.91756582260132,0.15887,0.012394
53.03100228309631,0.1588,0.012367
53.13704824447632,0.1608,0.012187
53.24897789955139,0.1624,0.012362
53.34808325767517,0.16307,0.012092
53.45999002456665,0.1648,0.012136
53.55777454376221,0.166,0.011986
53.66029453277588,0.16607,0.011795
53.758517265319824,0.16813,0.011897
53.86870050430298,0.1702,0.011973
53.98082685470581,0.17047,0.011643
54.07720637321472,0.17187,0.011905
54.180774450302124,0.17313,0.011799
54.27988910675049,0.17413,0.011617
54.3804292678833,0.17507,0.011695
54.48417258262634,0.17653,0.011594
54.58285999298096,0.1776,0.011459
54.68067216873169,0.17807,0.011346
54.78049039840698,0.1798,0.011383
54.888784885406494,0.18093,0.011121
54.990498542785645,0.18193,0.011239
55.09111571311951,0.18347,0.011078
55.19658160209656,0.18387,0.01112
55.30744528770447,0.18567,0.010991
55.41609239578247,0.18693,0.011034
55.51658487319946,0.188,0.010889
55.62953162193298,0.18947,0.010839
55.73905301094055,0.18973,0.010886
55.84088397026062,0.19093,0.01083
55.94959330558777,0.19247,0.010799
56.05041742324829,0.19327,0.010786
56.15993642807007,0.1946,0.010796
56.267983198165894,0.19687,0.010856
56.3789803981781,0.1968,0.010767
56.48552393913269,0.199,0.01074
56.58342218399048,0.20013,0.010842
56.6868040561676,0.20153,0.010803
56.78943753242493,0.20207,0.010787
56.90099883079529,0.2032,0.010767
57.010592222213745,0.20493,0.010725
57.1108934879303,0.2052,0.010777
57.22241759300232,0.20687,0.010902
57.333725929260254,0.20793,0.01082
57.439425468444824,0.209,0.010822
57.54956555366516,0.21033,0.010843
57.65863513946533,0.21227,0.010825
57.770381927490234,0.21407,0.010966
57.87830901145935,0.2146,0.010835
57.991074085235596,0.2152,0.010838
58.10121464729309,0.2172,0.010931
58.21102833747864,0.21867,0.010941
58.31387996673584,0.21893,0.010772
58.420430421829224,0.22,0.010888
58.53104281425476,0.22153,0.010764
58.63004112243652,0.22273,0.010797
58.741796255111694,0.2236,0.010793
58.85016751289368,0.22473,0.010842
58.94878673553467,0.2254,0.010817
59.05097937583923,0.2274,0.010736
59.16300678253174,0.22867,0.010779
59.270039081573486,0.22933,0.010766
59.38795733451843,0.2306,0.010769
59.491517066955566,0.2318,0.010807
59.60521054267883,0.2326,0.01079
59.7010223865509,0.2334,0.010806
59.809420585632324,0.23607,0.01075
59.91946768760681,0.23633,0.010787
60.029658794403076,0.23773,0.010771
60.14093041419983,0.23907,0.010735
60.241244316101074,0.24053,0.010706
60.353150367736816,0.2416,0.010725
60.461586236953735,0.24267,0.010757
60.56764769554138,0.24367,0.010739
60.67308330535889,0.2444,0.010746
60.77153420448303,0.24587,0.010757
60.88123941421509,0.24687,0.010767
60.98785376548767,0.2476,0.010745
61.10489559173584,0.24913,0.010725
61.20352625846863,0.24933,0.01075
61.30041313171387,0.2508,0.010705
61.41128420829773,0.25187,0.010741
61.51990032196045,0.2534,0.010767
61.62932586669922,0.25513,0.010775
61.738601207733154,0.25533,0.010752
61.85434532165527,0.25787,0.01078
61.962087631225586,0.25833,0.010762
62.06804800033569,0.26007,0.01071
62.17840385437012,0.2608,0.010749
62.29593372344971,0.2622,0.010645
62.40153217315674,0.263,0.010706
62.50865435600281,0.26387,0.010728
62.61203074455261,0.265,0.010813
62.71912336349487,0.26613,0.010867
62.818957567214966,0.26733,0.010803
62.93655586242676,0.26907,0.010797
63.04173183441162,0.27007,0.010942
63.1429967880249,0.2714,0.010909
63.239752769470215,0.27187,0.010957
63.3546576499939,0.27333,0.011014
63.46331977844238,0.27407,0.011048
63.57250785827637,0.27507,0.011234
63.680562019348145,0.27687,0.011225
63.79607367515564,0.27793,0.011229
63.901294231414795,0.27893,0.011374
64.00272250175476,0.28047,0.011322
64.11070990562439,0.28113,0.011381
64.2115421295166,0.2826,0.011382
64.31623649597168,0.28307,0.011408
64.41310787200928,0.28513,0.011417
64.5147910118103,0.286,0.011407
64.61311101913452,0.2866,0.01155
64.71154475212097,0.2878,0.011411
64.81442761421204,0.28867,0.011417
64.91262149810791,0.2904,0.011456
65.0192186832428,0.291,0.011465
65.1171658039093,0.29167,0.011417
65.21537566184998,0.2936,0.011436
65.3203980922699,0.29427,0.011262
65.41591882705688,0.2954,0.011283
65.51698589324951,0.29573,0.011428
65.61377048492432,0.29727,0.011449
65.72668170928955,0.29913,0.011221
65.83830642700195,0.29947,0.011283
65.94592332839966,0.30027,0.011139
66.0594093799591,0.30187,0.01123
66.17067050933838,0.30413,0.01119
66.27686309814453,0.30667,0.011496
66.39213681221008,0.014133,0.012237
66.49641370773315,0.020533,0.01072
66.60748672485352,0.022267,0.010705
66.7135009765625,0.023,0.010736
66.8080484867096,0.029867,0.010687
66.92506909370422,0.033,0.010676
67.02826070785522,0.0366,0.010706
67.13739895820618,0.038667,0.010827
67.25085020065308,0.042467,0.010704
67.36044049263,0.045,0.010921
67.45635151863098,0.048133,0.010852
67.57355999946594,0.0508,0.010969
67.669180393219,0.0542,0.011068
67.77881264686584,0.0574,0.011111
67.88510966300964,0.061067,0.011415
67.99917364120483,0.063333,0.011525
68.10842800140381,0.066067,0.011483
68.21888899803162,0.07,0.011932
68.32424283027649,0.075533,0.011914
68.43497514724731,0.079133,0.012183
68.54626989364624,0.0812,0.012229
68.65937280654907,0.084533,0.012518
68.76635003089905,0.086933,0.012568
68.87956380844116,0.090267,0.01275
68.98761463165283,0.091733,0.012779
69.09733366966248,0.092867,0.013061
69.20723485946655,0.094467,0.01304
69.3166356086731,0.095267,0.013057
69.42706179618835,0.098933,0.012958
69.52855825424194,0.0982,0.012959
69.62825632095337,0.0996,0.01299
69.73921990394592,0.10227,0.012638
69.84833455085754,0.10273,0.012782
69.95891618728638,0.10473,0.01269
70.06947803497314,0.10687,0.012319
70.17573046684265,0.10827,0.012692
70.27708721160889,0.109,0.012286
70.39144396781921,0.1104,0.012199
70.48793888092041,0.11273,0.012317
70.59873032569885,0.11313,0.012063
70.70496702194214,0.1152,0.011935
70.82317113876343,0.116,0.011871
70.92976713180542,0.11693,0.011866
71.04017519950867,0.1186,0.011649
71.14784955978394,0.12147,0.011549
71.25551843643188,0.12153,0.011598
71.36780381202698,0.1244,0.011505
71.47943210601807,0.12507,0.011277
71.58802700042725,0.12533,0.011266
71.68818283081055,0.1276,0.011299
71.78763723373413,0.12953,0.011304
71.89712905883789,0.1306,0.011011
72.00531911849976,0.13133,0.011024
72.11801624298096,0.13313,0.011058
72.23119068145752,0.13467,0.010995
72.33756041526794,0.13513,0.011067
72.44745969772339,0.1368,0.011081
72.55661702156067,0.13847,0.011055
72.66817712783813,0.1402,0.011176
72.7793300151825,0.14007,0.01127
72.88715362548828,0.143,0.011338
72.99725270271301,0.14447,0.011243
73.10773015022278,0.14547,0.011098
73.2110698223114,0.14587,0.011391
73.3175630569458,0.1482,0.011781
73.421457529068,0.14907,0.011849
73.52870321273804,0.15033,0.011943
73.63814806938171,0.1514,0.011983
73.74921345710754,0.15287,0.012054
73.86153483390808,0.1538,0.011788
73.9681465625763,0.1554,0.011811
74.07842350006104,0.156,0.011954
74.1886682510376,0.15707,0.011789
74.30033087730408,0.1596,0.011943
74.40861105918884,0.16127,0.011782
74.509596824646,0.16093,0.01189
74.60677909851074,0.16327,0.012001
74.7172691822052,0.1642,0.011827
74.82969880104065,0.166,0.011916
74.92943215370178,0.1672,0.01179
75.0392394065857,0.16773,0.011845
75.13791275024414,0.16933,0.011722
75.23999977111816,0.1706,0.01181
75.348703622818,0.17153,0.011795
75.44816708564758,0.1728,0.011543
75.55044627189636,0.17427,0.011575
75.64632296562195,0.1754,0.011537
75.75087094306946,0.1768,0.011521
75.85376262664795,0.1776,0.011492
75.95211791992188,0.1784,0.011391
76.0568253993988,0.1796,0.01134
76.15236210823059,0.1812,0.011033
76.26031041145325,0.18233,0.011085
76.35886120796204,0.183,0.011099
76.47058653831482,0.18407,0.010927
76.58047580718994,0.1854,0.010893
76.67587208747864,0.1872,0.01094
76.78267979621887,0.1878,0.010905
76.87835311889648,0.18913,0.010838
76.98844337463379,0.1904,0.010759
77.09935569763184,0.1918,0.010815
77.2111144065857,0.19353,0.010805
77.31906294822693,0.19407,0.010793
77.42961716651917,0.19593,0.010756
77.54143929481506,0.19593,0.010771
77.65325117111206,0.19713,0.010754
77.7493724822998,0.1982,0.010696
77.86156868934631,0.2006,0.010807
77.97023916244507,0.20113,0.010787
78.08224177360535,0.203,0.010826
78.18591594696045,0.2032,0.010779
78.28106904029846,0.2048,0.010669
78.3828353881836,0.2066,0.010662
78.48920130729675,0.2072,0.010744
78.60312914848328,0.20867,0.010741
78.71115779876709,0.20973,0.010866
78.82149267196655,0.2108,0.010703
78.93224120140076,0.212,0.010872
79.04279828071594,0.21333,0.010761
79.14920806884766,0.214,0.010905
79.26186442375183,0.2162,0.01082
79.37090420722961,0.2178,0.010882
79.485098361969,0.21833,0.010858
79.590172290802,0.2204,0.010853
79.70101976394653,0.22047,0.010802
79.81345868110657,0.22207,0.010879
79.92619848251343,0.22273,0.010785
80.03897619247437,0.22407,0.01082
80.14244484901428,0.22527,0.010727
80.25488805770874,0.2262,0.010798
80.35024547576904,0.22687,0.010755
80.46408462524414,0.22827,0.010808
80.5712366104126,0.2302,0.010751
80.68371248245239,0.232,0.010802
80.78998899459839,0.23353,0.010804
80.89155983924866,0.2328,0.010764
81.00314235687256,0.23473,0.010798
81.11025714874268,0.236,0.010756
81.22334790229797,0.23733,0.01081
81.32765007019043,0.23813,0.010784
81.44184136390686,0.2398,0.010704
81.55548191070557,0.2402,0.010757
81.66250729560852,0.242,0.010754
81.7654619216919,0.24213,0.01085
81.86079525947571,0.24433,0.010813
81.97195434570312,0.24453,0.010817
82.08250641822815,0.24573,0.010823
82.19248676300049,0.2478,0.010819
82.28978204727173,0.24887,0.010813
82.40482544898987,0.25,0.010792
82.51016092300415,0.25113,0.010786
82.62220072746277,0.25227,0.010716
82.72989773750305,0.25393,0.010711
82.83132886886597,0.25387,0.010667
82.94193291664124,0.25513,0.010761
83.04849767684937,0.25607,0.010724
83.1617796421051,0.2578,0.010777
83.27170300483704,0.25833,0.01077
83.36957502365112,0.2598,0.010771
83.48334169387817,0.2604,0.010754
83.5956780910492,0.26147,0.010791
83.70247983932495,0.26307,0.01083
83.81339645385742,0.264,0.010849
83.92315673828125,0.26707,0.010831
84.03452849388123,0.2668,0.010886
84.1440749168396,0.26893,0.01086
84.2520101070404,0.2698,0.010899
84.36487317085266,0.27133,0.011037
84.47216486930847,0.2724,0.011115
84.58134412765503,0.27327,0.011202
84.68814992904663,0.27447,0.011163
84.80280184745789,0.2752,0.0114
84.91151285171509,0.27613,0.011493
85.02340149879456,0.2778,0.011547
85.12959933280945,0.27833,0.011453
85.24197363853455,0.2796,0.011466
85.34992504119873,0.28193,0.011534
85.46339631080627,0.28147,0.011634
85.5711715221405,0.284,0.011546
85.67500925064087,0.28493,0.011647
85.77391839027405,0.28633,0.011537
85.87547492980957,0.2868,0.011553
85.98179864883423,0.2878,0.011599
86.0889356136322,0.28887,0.011498
86.19344425201416,0.2906,0.011515
86.2956063747406,0.2914,0.011481
86.39157819747925,0.2922,0.01143
86.49501943588257,0.29333,0.011424
86.59576320648193,0.29453,0.01139
86.69427752494812,0.2952,0.011297
86.79589366912842,0.29667,0.011259
86.89646935462952,0.2972,0.011321
87.00113892555237,0.2986,0.011237
87.10605525970459,0.29907,0.011137
87.21768021583557,0.3004,0.011173
87.32744932174683,0.30213,0.011212
87.4280948638916,0.30493,0.011118
87.5401771068573,0.30673,0.01082
87.64783978462219,0.0138,0.012724
87.76062107086182,0.017533,0.010722
87.86884045600891,0.020133,0.010671
87.97975897789001,0.027,0.010776
88.08915567398071,0.029733,0.01075
88.19898748397827,0.029267,0.010787
88.30768370628357,0.036267,0.010691
88.41755247116089,0.039133,0.010781
88.5314404964447,0.042467,0.010915
88.63701558113098,0.044867,0.010987
88.7468774318695,0.048467,0.011008
88.85757398605347,0.051,0.011049
88.96767401695251,0.054667,0.010918
89.07476902008057,0.0574,0.011151
89.18961358070374,0.0634,0.011255
89.30133414268494,0.066667,0.011525
89.40667080879211,0.069333,0.011689
89.50979948043823,0.069333,0.011795
89.6192398071289,0.075533,0.012006
89.72795391082764,0.078467,0.012703
89.84052228927612,0.081,0.012835
89.9478828907013,0.083867,0.012698
90.05169725418091,0.0868,0.013027
90.1552255153656,0.089667,0.013012
90.27044939994812,0.091533,0.013149
90.37720894813538,0.092667,0.013289
90.48757100105286,0.095067,0.013269
90.59840822219849,0.095267,0.01314
90.71021580696106,0.098467,0.013145
90.81784248352051,0.0998,0.012961
90.9301245212555,0.1012,0.013124
91.03856539726257,0.10247,0.012824
91.1499035358429,0.10387,0.012552
91.25748562812805,0.1054,0.012622
91.37101578712463,0.10687,0.012533
91.48179268836975,0.108,0.012439
91.58406186103821,0.10987,0.012174
91.69724082946777,0.11087,0.012039
91.81070828437805,0.1128,0.012188
91.91919207572937,0.11313,0.012055
92.02922749519348,0.11627,0.011894
92.13850617408752,0.11773,0.011822
92.24857258796692,0.1188,0.011683
92.35930895805359,0.12013,0.011658
92.4692006111145,0.1214,0.011425
92.58476495742798,0.12273,0.01141
92.67539691925049,0.12433,0.011419
92.78777885437012,0.12493,0.011284
92.90081596374512,0.1268,0.011186
93.01232242584229,0.128,0.01116
93.11939263343811,0.12887,0.011119
93.2291169166565,0.13153,0.011152
93.33441352844238,0.13093,0.011006
93.44946646690369,0.13367,0.01099
93.55706334114075,0.136,0.011027
93.66848731040955,0.1362,0.011021
93.7811484336853,0.13847,0.011027
93.88825368881226,0.1392,0.010972
93.99862670898438,0.1406,0.010962
94.09887433052063,0.1414,0.011117
94.1995096206665,0.14253,0.011099
94.3114640712738,0.14427,0.011146
94.41871786117554,0.14513,0.01129
94.52891969680786,0.14667,0.011624
94.64041066169739,0.14747,0.011546
94.74765133857727,0.14893,0.011716
94.85872721672058,0.151,0.011785
94.96979022026062,0.1528,0.011723
95.07849955558777,0.15247,0.011621
95.18847990036011,0.1546,0.011916
95.29413628578186,0.1562,0.011809
95.41122508049011,0.15687,0.011622
95.5185272693634,0.15873,0.011675
95.61960649490356,0.15927,0.011824
95.7268579006195,0.16087,0.011935
95.83548760414124,0.16213,0.011848
95.94527792930603,0.1632,0.011694
96.05821704864502,0.16427,0.011849
96.17020297050476,0.16533,0.011638
96.27926397323608,0.168,0.011631
96.38894867897034,0.1688,0.011699
96.49151873588562,0.16933,0.011718
96.58985185623169,0.17107,0.011535
96.69079518318176,0.17247,0.011507
96.79727268218994,0.17387,0.011605
96.90665316581726,0.17513,0.011552
97.01105284690857,0.17607,0.01157
97.10820364952087,0.17707,0.011369
97.209716796875,0.17687,0.011206
97.31531023979187,0.17847,0.011179
97.41208076477051,0.18067,0.011095
97.51175928115845,0.18147,0.011081
97.61383652687073,0.183,0.010921
97.71284890174866,0.18387,0.010931
97.81957292556763,0.1844,0.010909
97.91960978507996,0.1866,0.010858
98.03172278404236,0.1876,0.010793
98.13381266593933,0.189,0.010843
98.22834539413452,0.19027,0.010738
98.33501386642456,0.19107,0.010819
98.43893003463745,0.19193,0.0107
98.54997086524963,0.19327,0.010773
98.65960001945496,0.1934,0.01072
98.77060961723328,0.19553,0.010723
98.88108682632446,0.19647,0.010737
98.98751592636108,0.1972,0.010746
99.09950852394104,0.19853,0.010732
99.2128803730011,0.2006,0.010678
99.32238554954529,0.20133,0.010741
99.42942214012146,0.2032,0.010666
99.53752708435059,0.20473,0.010677
99.6429717540741,0.20373,0.010755
99.73975157737732,0.20707,0.010727
99.85083627700806,0.20813,0.010713
99.95879125595093,0.2092,0.010748
100.07310485839844,0.2102,0.010762
100.17283844947815,0.21067,0.010629
100.28136348724365,0.21253,0.01077
100.38860368728638,0.21333,0.010725
100.50141263008118,0.21467,0.010743
100.6099305152893,0.21553,0.010691
100.7230110168457,0.2168,0.010788
100.82950258255005,0.21973,0.010806
100.9396550655365,0.22053,0.010803
101.04970717430115,0.22187,0.010784
101.1622838973999,0.2226,0.010682
101.27260637283325,0.22327,0.010782
101.38106656074524,0.22447,0.010762
101.49095296859741,0.22547,0.010777
101.60191345214844,0.22707,0.010756
101.7146725654602,0.228,0.01077
101.81942009925842,0.22947,0.010846
101.9303891658783,0.2302,0.010867
102.03307938575745,0.23113,0.010921
102.14206457138062,0.23207,0.010791
102.25370383262634,0.2328,0.010874
102.36106848716736,0.23527,0.010835
102.47060680389404,0.23727,0.010865
102.58176064491272,0.23787,0.010939
102.67914080619812,0.23867,0.010894
102.78978562355042,0.2398,0.010939
102.89815831184387,0.2416,0.010884
103.00960397720337,0.242,0.010927
103.11680030822754,0.2434,0.010928
103.22908663749695,0.24493,0.010941
103.33879828453064,0.24587,0.01084
103.45016574859619,0.2464,0.0109
103.55839562416077,0.24813,0.010885
103.66883301734924,0.24953,0.010906
103.77807974815369,0.24967,0.010936
103.88862609863281,0.25213,0.010869
103.99930453300476,0.25367,0.010865
104.09741401672363,0.2542,0.010945
104.20606994628906,0.25527,0.010908
104.31781911849976,0.25667,0.010858
104.42840337753296,0.25733,0.010819
104.54066205024719,0.2584,0.01082
104.64897012710571,0.25947,0.010878
104.7598888874054,0.26053,0.01084
104.86671042442322,0.26293,0.010847
104.98146200180054,0.26413,0.010875
105.08915066719055,0.2642,0.010859
105.19942736625671,0.2666,0.010832
105.30856394767761,0.2672,0.01096
105.41978430747986,0.26853,0.010986
105.52921342849731,0.26967,0.011027
105.63924264907837,0.27093,0.011097
105.75230169296265,0.27213,0.011233
105.84960770606995,0.27267,0.011328
105.95880317687988,0.27387,0.011363
106.0656487941742,0.27473,0.011518
106.18151235580444,0.27607,0.01144
106.28813409805298,0.27713,0.011594
106.39699339866638,0.27867,0.011604
106.5095374584198,0.27927,0.011614
106.62048816680908,0.281,0.011699
106.72527146339417,0.2824,0.01167
106.83557057380676,0.28393,0.011682
106.93880152702332,0.28487,0.011813
107.05115151405334,0.28567,0.011659
107.15716814994812,0.28627,0.011672
107.25611782073975,0.28807,0.01154
107.3671669960022,0.2888,0.011504
107.46773266792297,0.28953,0.011394
107.57865715026855,0.2914,0.011367
107.6791467666626,0.2924,0.011403
107.77951669692993,0.29347,0.01125
107.87992691993713,0.29467,0.011315
107.980464220047,0.29513,0.011402
108.07899332046509,0.29647,0.011201
108.18139863014221,0.29727,0.01119
108.28408789634705,0.29787,0.011207
108.38682389259338,0.29967,0.011106
108.48310780525208,0.3004,0.01108
108.59107041358948,0.30247,0.011121
108.69838094711304,0.30447,0.011098
108.80928349494934,0.3062,0.011735
108.91929054260254,0.015467,0.012825
109.03207659721375,0.0166,0.010759
109.14488124847412,0.023333,0.01074
109.24988222122192,0.022867,0.010767
109.36081767082214,0.029067,0.010707
109.47126078605652,0.032533,0.010716
109.5697295665741,0.035667,0.010811
109.67274069786072,0.0386,0.010892
109.78623056411743,0.041867,0.010889
109.89196848869324,0.045133,0.010855
110.00269317626953,0.048,0.010921
110.10222101211548,0.0516,0.011325
110.21326732635498,0.054333,0.011376
110.32177829742432,0.057067,0.011251
110.43048739433289,0.060067,0.011748
110.53873324394226,0.0636,0.011829
110.64049577713013,0.065933,0.011486
110.75258660316467,0.068667,0.012045
110.86152696609497,0.0718,0.012474
110.97162699699402,0.077467,0.012443
111.08208203315735,0.078267,0.012886
111.18019676208496,0.0808,0.012913
111.29292178153992,0.0868,0.013135
111.40269112586975,0.089267,0.013121
111.51419496536255,0.091467,0.013304
111.62516903877258,0.092667,0.01315
111.73149275779724,0.094733,0.013246
111.8310775756836,0.0962,0.01305
111.93471550941467,0.096867,0.012992
112.0420594215393,0.0986,0.013167
112.15152931213379,0.099467,0.012945
112.2612726688385,0.10067,0.012627
112.37524032592773,0.10287,0.012649
112.48038363456726,0.10533,0.012588
112.59251189231873,0.1054,0.012728
112.70334911346436,0.10753,0.012382
112.8003203868866,0.10893,0.012352
112.91225528717041,0.11013,0.012086
113.01947808265686,0.11153,0.012204
113.13654494285583,0.11287,0.012005
113.24255180358887,0.11427,0.011883
113.35197138786316,0.11573,0.011675
113.46652722358704,0.117,0.011817
113.57191443443298,0.11853,0.011461
113.66914534568787,0.119,0.011375
113.78213858604431,0.12107,0.011277
113.90108180046082,0.12207,0.011329
114.00189590454102,0.1246,0.011217
114.0981559753418,0.1262,0.011053
114.20200395584106,0.12627,0.011124
114.30911374092102,0.12933,0.011052
114.42568445205688,0.13027,0.011109
114.52946496009827,0.13153,0.011022
114.64042711257935,0.13267,0.011061
114.7499406337738,0.1342,0.010888
114.86045980453491,0.1356,0.010979
114.97481942176819,0.13687,0.010915
115.08244943618774,0.13873,0.010891
115.19310879707336,0.1384,0.010976
115.3041033744812,0.1402,0.010983
115.41301941871643,0.14273,0.010954
115.52315664291382,0.14293,0.010902
115.63089871406555,0.144,0.011213
115.741694688797,0.1462,0.010973
115.85187458992004,0.14707,0.011153
115.96234917640686,0.14887,0.011537
116.07445335388184,0.14973,0.011517
116.18014764785767,0.15033,0.011266
116.28124690055847,0.1522,0.011445
116.3916711807251,0.1534,0.011401
116.5015664100647,0.1552,0.011414
116.61226892471313,0.15647,0.011441
116.72140097618103,0.15747,0.011499
116.81946325302124,0.158,0.011579
116.93182730674744,0.16027,0.011542
117.04075002670288,0.16167,0.011573
117.15340089797974,0.1624,0.01153
117.25915384292603,0.16433,0.011601
117.36103630065918,0.1656,0.011529
117.47455501556396,0.16613,0.011413
117.57905983924866,0.1686,0.011469
117.68942141532898,0.16893,0.01144
117.80459189414978,0.17027,0.011498
117.9114511013031,0.17153,0.011357
118.01903963088989,0.17213,0.011394
118.1324052810669,0.17407,0.011341
118.24170589447021,0.17453,0.011106
118.33950805664062,0.176,0.011213
118.44984579086304,0.17707,0.011107
118.55043339729309,0.17913,0.011013
118.65127372741699,0.18007,0.011092
118.74879193305969,0.1806,0.01084
118.8471188545227,0.18167,0.01077
118.95288705825806,0.18447,0.010807
119.0510847568512,0.1848,0.010796
119.15416479110718,0.18513,0.010791
119.24935007095337,0.18653,0.010767
119.36125922203064,0.18773,0.010808
119.468341588974,0.1888,0.010663
119.57904863357544,0.19107,0.010737
119.68852663040161,0.19207,0.01075
119.79992961883545,0.19373,0.010693
119.90920186042786,0.1946,0.010687
120.01439332962036,0.19547,0.010742
120.13217425346375,0.19673,0.010651
120.2406210899353,0.19787,0.010711
120.34768891334534,0.19867,0.010682
120.4613983631134,0.20107,0.010723
120.57011103630066,0.2014,0.010714
120.67859673500061,0.20247,0.010661
120.78032398223877,0.20447,0.010719
120.88617324829102,0.20447,0.010733
120.9989492893219,0.207,0.010731
121.11254906654358,0.2084,0.010632
121.20549964904785,0.20813,0.010703
121.31938934326172,0.2106,0.010739
121.42726969718933,0.211,0.010749
121.54530477523804,0.213,0.010757
121.63995718955994,0.21413,0.010718
121.73836374282837,0.21513,0.010731
121.84932398796082,0.21593,0.01075
121.95152616500854,0.21707,0.010582
122.05667209625244,0.21833,0.010758
122.1723153591156,0.21973,0.010802
122.28144025802612,0.22013,0.010813
122.38579177856445,0.22107,0.01075
122.5023398399353,0.22247,0.010778
122.61181378364563,0.22513,0.010801
122.72161626815796,0.22647,0.010808
122.8295247554779,0.22733,0.010846
122.9415819644928,0.22827,0.010876
123.05085825920105,0.22927,0.010825
123.16030502319336,0.23033,0.010922
123.26822781562805,0.2312,0.010933
123.37817931175232,0.2326,0.010908
123.49189162254333,0.2348,0.010913
123.60159063339233,0.235,0.010935
123.70982551574707,0.2366,0.011041
123.8109724521637,0.2384,0.010997
123.92066383361816,0.23867,0.010979
124.02950596809387,0.24067,0.010989
124.13908267021179,0.24173,0.011077
124.25033235549927,0.24247,0.011002
124.34817433357239,0.24327,0.011084
124.45930123329163,0.2456,0.010962
124.56590580940247,0.246,0.011023
124.66834425926208,0.24673,0.010996
124.77665758132935,0.248,0.010976
124.8890368938446,0.24933,0.011026
124.99909090995789,0.24993,0.011032
125.10907626152039,0.25113,0.011062
125.21867036819458,0.25233,0.010925
125.32873845100403,0.25327,0.010895
125.4292643070221,0.25467,0.010931
125.54069662094116,0.25573,0.010923
125.64821529388428,0.2562,0.010885
125.7603223323822,0.258,0.010941
125.86965489387512,0.26,0.010826
125.979647397995,0.26087,0.010819
126.088534116745,0.262,0.010902
126.18753981590271,0.26287,0.010829
126.3027412891388,0.26433,0.01095
126.40763306617737,0.2654,0.011007
126.50944590568542,0.26633,0.011008
126.62603044509888,0.267,0.010976
126.7278847694397,0.26847,0.010974
126.83677315711975,0.26967,0.011221
126.94986271858215,0.27053,0.011199
127.04857778549194,0.272,0.011388
127.1608030796051,0.27287,0.011482
127.27034187316895,0.2758,0.011541
127.37716174125671,0.27587,0.011539
127.47719550132751,0.27567,0.011751
127.58858251571655,0.2782,0.011634
127.69790863990784,0.2796,0.011776
127.79968333244324,0.281,0.011751
127.90883374214172,0.282,0.011816
128.02005577087402,0.2826,0.011639
128.12784886360168,0.28367,0.011736
128.23967504501343,0.2846,0.011725
128.34923577308655,0.28553,0.011754
128.4615125656128,0.28713,0.011687
128.5590944290161,0.28773,0.011439
128.67029643058777,0.28867,0.011526
128.76905703544617,0.29013,0.011348
128.88070678710938,0.2922,0.011425
128.97997641563416,0.29247,0.011383
129.0903549194336,0.29407,0.011371
129.19125318527222,0.2956,0.0113
129.28895711898804,0.29507,0.011213
129.39040899276733,0.29633,0.01118
129.4905035495758,0.2974,0.011276
129.5937831401825,0.298,0.01107
129.6918408870697,0.29967,0.011217
129.7975718975067,0.3008,0.011133
129.8904948234558,0.30387,0.011093
129.99222350120544,0.3044,0.010979
130.0995593070984,0.30673,0.010744
130.20121788978577,0.0146,0.012682
130.3098373413086,0.016933,0.010979
130.4182529449463,0.020133,0.010787
130.53381252288818,0.026533,0.010765
130.63824677467346,0.028867,0.010732
130.75159549713135,0.032667,0.010755
130.86227345466614,0.035667,0.010822
130.9693639278412,0.039133,0.010875
131.07546091079712,0.0422,0.010867
131.18845105171204,0.044933,0.011125
131.2983410358429,0.047733,0.011026
131.4085259437561,0.050933,0.011187
131.5164406299591,0.057133,0.01146
131.62756395339966,0.056133,0.011848
131.7375078201294,0.063067,0.011571
131.8512156009674,0.066467,0.011668
131.95537066459656,0.069933,0.012323
132.06893968582153,0.0726,0.01189
132.18267512321472,0.0756,0.012441
132.2892246246338,0.077933,0.012899
132.40139055252075,0.080667,0.012999
132.5071566104889,0.083933,0.013266
132.61788630485535,0.089267,0.01303
132.7353527545929,0.089667,0.013203
132.84157943725586,0.091267,0.013091
132.94751071929932,0.094867,0.013068
133.06279468536377,0.0958,0.013102
133.16941332817078,0.0978,0.013022
133.27569794654846,0.099333,0.012924
133.37863612174988,0.10053,0.01299
133.4906828403473,0.1014,0.012678
133.60160279273987,0.10327,0.012794
133.70091891288757,0.10413,0.012983
133.80860209465027,0.10533,0.012567
133.9233591556549,0.10693,0.012367
134.03086185455322,0.10787,0.012075
134.1399576663971,0.10933,0.012306
134.25264835357666,0.11173,0.011937
134.35620260238647,0.11253,0.011918
134.46815872192383,0.11447,0.011675
134.57766366004944,0.11593,0.011955
134.68709135055542,0.11673,0.011574
134.79214453697205,0.1186,0.011614
134.9006314277649,0.1194,0.011338
135.00710654258728,0.1214,0.011422
135.11817336082458,0.12173,0.011242
135.21940326690674,0.12373,0.011145
135.31732749938965,0.12473,0.011136
135.4322247505188,0.1256,0.011103
135.529846906662,0.1272,0.011133
135.64269995689392,0.1288,0.011008
135.75001764297485,0.13013,0.010967
135.84745931625366,0.13147,0.010952
135.9587767124176,0.1324,0.010944
136.0706570148468,0.13387,0.010922
136.17931580543518,0.1366,0.010845
136.28952741622925,0.1376,0.010833
136.38948130607605,0.13907,0.010922
136.4975528717041,0.14013,0.010827
136.608496427536,0.1418,0.011047
136.71871876716614,0.14287,0.010962
136.82858896255493,0.1444,0.011099
136.94183230400085,0.145,0.011025
137.0371322631836,0.14627,0.011085
137.1557593345642,0.14793,0.011305
137.26198196411133,0.14873,0.011269
137.3685657978058,0.15053,0.011148
137.47848439216614,0.15153,0.011251
137.59003400802612,0.15353,0.011074
137.69940853118896,0.15373,0.011397
137.81042408943176,0.15587,0.011172
137.9103879928589,0.15753,0.011262
138.0212709903717,0.15727,0.011574
138.12700152397156,0.15947,0.011315
138.22831630706787,0.16027,0.011231
138.34168648719788,0.16213,0.01128
138.44963359832764,0.16373,0.011421
138.55864310264587,0.16413,0.011198
138.6692397594452,0.16533,0.011313
138.78127098083496,0.1668,0.011262
138.89172506332397,0.1676,0.011308
138.99816417694092,0.1686,0.01118
139.1103196144104,0.1716,0.01126
139.2260971069336,0.17127,0.011193
139.33126044273376,0.173,0.011048
139.43943452835083,0.1742,0.010987
139.53619623184204,0.17573,0.010898
139.6369047164917,0.17747,0.010992
139.74131846427917,0.17873,0.010922
139.83940362930298,0.17967,0.010895
139.95406556129456,0.18113,0.010843
140.04887104034424,0.18093,0.010722
140.15560579299927,0.18293,0.010772
140.25429773330688,0.18447,0.010793
140.35144090652466,0.18513,0.010823
140.45050239562988,0.18607,0.010816
140.55205965042114,0.188,0.010686
140.6567370891571,0.1884,0.010753
140.75105357170105,0.18973,0.010711
140.85282373428345,0.19107,0.010691
140.95280623435974,0.1922,0.010746
141.0653977394104,0.19173,0.01074
141.16628074645996,0.194,0.010775
141.27441453933716,0.19573,0.010714
141.37595057487488,0.19567,0.010715
141.4890124797821,0.19787,0.010718
141.59311437606812,0.1992,0.010726
141.7065236568451,0.19987,0.010668
141.8144633769989,0.201,0.010718
141.92409896850586,0.20253,0.010696
142.03366589546204,0.2046,0.010727
142.1454563140869,0.2042,0.010643
142.25475478172302,0.2068,0.010721
142.3636543750763,0.2066,0.010744
142.47585797309875,0.20887,0.010642
142.584326505661,0.2096,0.010669
142.69819378852844,0.2108,0.01065
142.80552196502686,0.21267,0.010702
142.91623330116272,0.21313,0.010734
143.02685046195984,0.21493,0.010727
143.13464665412903,0.21547,0.010705
143.24626994132996,0.2172,0.010793
143.35648036003113,0.21913,0.010726
143.45539474487305,0.22013,0.01083
143.5663161277771,0.22047,0.010838
143.67458391189575,0.22167,0.010834
143.7840895652771,0.2236,0.010915
143.89517259597778,0.22407,0.010879
143.99521255493164,0.2254,0.01085
144.1072759628296,0.22713,0.010838
144.21728515625,0.22787,0.011001
144.32605361938477,0.2294,0.010974
144.4367425441742,0.2304,0.010941
144.54547786712646,0.23147,0.011038
144.65565657615662,0.23247,0.011112
144.76401257514954,0.23353,0.011042
144.87608575820923,0.23507,0.011097
144.976140499115,0.23573,0.01113
145.0857264995575,0.23647,0.011226
145.19576811790466,0.239,0.011258
145.30803751945496,0.23927,0.011299
145.41335463523865,0.24153,0.011275
145.52397799491882,0.24267,0.011169
145.63619017601013,0.2436,0.011245
145.74669218063354,0.24407,0.011194
145.85601925849915,0.24527,0.011162
145.96451449394226,0.24653,0.011132
146.07321572303772,0.2472,0.011094
146.18358850479126,0.24887,0.011151
146.299320936203,0.25007,0.011084
146.40501713752747,0.2508,0.011229
146.51701092720032,0.25313,0.011091
146.62384796142578,0.2542,0.011048
146.73380208015442,0.25533,0.011062
146.84226894378662,0.25713,0.011049
146.9589068889618,0.2572,0.010969
147.05339074134827,0.25873,0.010972
147.16439270973206,0.25927,0.010906
147.27503395080566,0.2612,0.010952
147.38514471054077,0.26193,0.010988
147.5001277923584,0.26327,0.010923
147.596519947052,0.26453,0.011103
147.7030143737793,0.2656,0.010994
147.81646966934204,0.26653,0.011109
147.92640089988708,0.26727,0.011259
148.03669238090515,0.26787,0.011302
148.14789080619812,0.27073,0.011307
148.25564813613892,0.27167,0.011334
148.368577003479,0.27253,0.011481
148.47723770141602,0.27413,0.011462
148.58647108078003,0.2746,0.011701
148.69474053382874,0.27593,0.01168
148.8063440322876,0.27787,0.011698
148.91651368141174,0.27827,0.011835
149.02595376968384,0.2802,0.011829
149.13562726974487,0.28013,0.01179
149.24518156051636,0.28233,0.01169
149.3539216518402,0.28247,0.011731
149.4671597480774,0.28427,0.011832
149.57646489143372,0.2854,0.011677
149.68303084373474,0.28713,0.011612
149.79487800598145,0.2878,0.011531
149.90843415260315,0.28913,0.011554
150.01634287834167,0.29,0.011366
150.12590956687927,0.29107,0.011446
150.22736024856567,0.29207,0.01129
150.3274438381195,0.29307,0.011362
150.42525219917297,0.29493,0.011176
150.5273883342743,0.29553,0.011286
150.63854360580444,0.29693,0.011028
150.7478907108307,0.29827,0.011127
150.84784603118896,0.2988,0.011051
150.94902729988098,0.2996,0.011042
151.04779052734375,0.30073,0.011102
151.14788055419922,0.30247,0.011023
151.24764394760132,0.3044,0.010922
151.34887385368347,0.30653,0.01089
151.4496946334839,0.0146,0.012201
151.54949426651,0.016467,0.010855
151.6586275100708,0.019933,0.010786
151.75948095321655,0.026467,0.010827
151.86880564689636,0.026467,0.01075
151.9696660041809,0.032733,0.010784
152.07810378074646,0.032333,0.010795
152.186110496521,0.039533,0.010769
152.2958059310913,0.0416,0.0108
152.40882229804993,0.045333,0.010794
152.5175323486328,0.048867,0.011147
152.63113355636597,0.051333,0.011183
152.7425172328949,0.054533,0.010955
152.84899020195007,0.057467,0.011449
152.9583866596222,0.061067,0.011813
153.07005858421326,0.063667,0.012085
153.1717667579651,0.066067,0.011873
153.27816605567932,0.0698,0.01215
153.38829159736633,0.0724,0.012341
153.50155520439148,0.078067,0.012384
153.59623193740845,0.081467,0.012809
153.7014443874359,0.0806,0.012856
153.8081591129303,0.086933,0.013179
153.91717147827148,0.089867,0.012841
154.03073644638062,0.0912,0.013022
154.13929796218872,0.0934,0.012879
154.24851274490356,0.0948,0.013039
154.36527228355408,0.095733,0.012949
154.47012734413147,0.097133,0.013003
154.58054304122925,0.0984,0.013062
154.67983031272888,0.1,0.013128
154.78661489486694,0.10153,0.012713
154.8875663280487,0.10287,0.012789
155.00140118598938,0.10433,0.012723
155.09840297698975,0.10567,0.012474
155.20847129821777,0.10707,0.012163
155.30958199501038,0.10953,0.012144
155.4095687866211,0.10873,0.012166
155.51856088638306,0.11067,0.011951
155.6335005760193,0.11173,0.011952
155.72939133644104,0.11327,0.011581
155.83459043502808,0.11567,0.01174
155.94002032279968,0.1174,0.011525
156.05055737495422,0.11867,0.011187
156.16015625,0.11967,0.011487
156.27088737487793,0.12127,0.01125
156.38151812553406,0.12213,0.011285
156.4832637310028,0.12333,0.011105
156.5813925266266,0.12507,0.011214
156.6913731098175,0.12633,0.011199
156.80115747451782,0.1278,0.011106
156.91517686843872,0.1288,0.010941
157.02250981330872,0.12993,0.011019
157.1323528289795,0.13173,0.010955
157.2408571243286,0.13447,0.010924
157.35070848464966,0.13467,0.010906
157.46041989326477,0.13667,0.010916
157.56139159202576,0.1382,0.010791
157.66440844535828,0.13787,0.010894
157.7668318748474,0.1406,0.010802
157.87278938293457,0.14147,0.010905
157.9839470386505,0.14273,0.010984
158.09281992912292,0.14387,0.010941
158.2022864818573,0.1452,0.011005
158.3132028579712,0.14707,0.011153
158.42141461372375,0.14787,0.01114
158.5311996936798,0.149,0.011153
158.64196586608887,0.15013,0.01101
158.75325727462769,0.1514,0.011047
158.86226391792297,0.153,0.011153
158.97093272209167,0.15527,0.011117
159.0835452079773,0.15653,0.011227
159.1946702003479,0.15753,0.011221
159.3051722049713,0.1588,0.011029
159.41198563575745,0.15967,0.011153
159.52359247207642,0.16093,0.011127
159.63270449638367,0.16287,0.011008
159.73193335533142,0.16367,0.011193
159.83204197883606,0.16427,0.011194
159.93159699440002,0.16593,0.010991
160.0421187877655,0.1672,0.011119
160.15157508850098,0.16813,0.011111
160.26281452178955,0.16907,0.011015
160.37265253067017,0.17173,0.011081
160.47939348220825,0.17207,0.011054
160.59215092658997,0.17313,0.01101
160.704763174057,0.17573,0.010942
160.8115532398224,0.17667,0.010886
160.92228817939758,0.178,0.010861
161.02936100959778,0.17887,0.010827
161.1394875049591,0.18013,0.010809
161.24111795425415,0.181,0.010769
161.3556408882141,0.1822,0.010814
161.46035623550415,0.18393,0.010803
161.5597438812256,0.1842,0.010726
161.65942907333374,0.1856,0.010721
161.7610375881195,0.18647,0.010724
161.861722946167,0.1882,0.010742
161.96512722969055,0.18947,0.010609
162.05869960784912,0.18987,0.010738
162.1674611568451,0.19167,0.010752
162.2646815776825,0.19227,0.010688
162.36881351470947,0.1936,0.010752
162.48184084892273,0.19533,0.010749
162.5798499584198,0.19573,0.010717
162.68965458869934,0.19727,0.010658
162.79878425598145,0.1982,0.010717
162.9094476699829,0.19987,0.010689
163.0215973854065,0.2018,0.010634
163.13078784942627,0.2026,0.010738
163.23079466819763,0.2026,0.010755
163.34270811080933,0.20487,0.010649
163.44931530952454,0.2058,0.010706
163.55194449424744,0.20707,0.010639
163.65890526771545,0.20873,0.010683
163.75993967056274,0.20973,0.010704
163.86253809928894,0.21073,0.010706
163.96824383735657,0.21113,0.010739
164.08155298233032,0.21253,0.01071
164.1929440498352,0.21347,0.010805
164.30127263069153,0.21493,0.010784
164.40972995758057,0.21613,0.010774
164.51856970787048,0.2174,0.01081
164.63059282302856,0.21787,0.010807
164.73219299316406,0.2196,0.010892
164.83681106567383,0.2216,0.010834
164.94056797027588,0.2224,0.010934
165.03892302513123,0.2226,0.010935
165.1496386528015,0.22527,0.011019
165.2614300251007,0.2258,0.011072
165.37102460861206,0.2268,0.010981
165.47981715202332,0.22853,0.011177
165.59047412872314,0.22973,0.011191
165.70143747329712,0.23147,0.011199
165.81641674041748,0.23133,0.011098
165.92002749443054,0.2326,0.011236
166.03608679771423,0.2336,0.011302
166.1324977874756,0.23553,0.011365
166.24440336227417,0.236,0.01132
166.35204148292542,0.23687,0.011434
166.45788145065308,0.239,0.011409
166.55922555923462,0.2394,0.011353
166.66277861595154,0.2416,0.011387
166.7722566127777,0.24187,0.011313
166.8851191997528,0.24367,0.011475
166.99132585525513,0.24473,0.011349
167.1010458469391,0.24587,0.011395
167.21418523788452,0.2468,0.011387
167.32682919502258,0.24853,0.011271
167.42979407310486,0.2488,0.011387
167.54336380958557,0.25027,0.01118
167.65188670158386,0.25153,0.011186
167.7644340991974,0.25233,0.011173
167.87333846092224,0.25333,0.011119
167.9701759815216,0.25427,0.011156
168.08058142662048,0.2566,0.011168
168.19258952140808,0.25707,0.010966
168.30086517333984,0.25907,0.010998
168.41340446472168,0.26,0.011053
168.51557183265686,0.26153,0.010991
168.6137671470642,0.26213,0.011005
168.72370600700378,0.26247,0.010983
168.83254504203796,0.26413,0.011069
168.94275164604187,0.26567,0.011087
169.0550639629364,0.26673,0.011185
169.15165400505066,0.2678,0.01102
169.26492524147034,0.26887,0.011217
169.3732717037201,0.26993,0.011435
169.48378252983093,0.27107,0.011451
169.5836102962494,0.272,0.011695
169.68462109565735,0.27307,0.011631
169.79818677902222,0.27427,0.01164
169.9045958518982,0.27547,0.011735
170.0210075378418,0.27727,0.011664
170.12466168403625,0.27867,0.011811
170.23219299316406,0.2798,0.011709
170.3446385860443,0.28113,0.011604
170.45733308792114,0.28147,0.011698
170.56523656845093,0.283,0.011674
170.66382956504822,0.2846,0.01155
170.77695035934448,0.28487,0.011625
170.8874011039734,0.28593,0.011591
170.99595975875854,0.28667,0.011603
171.10439014434814,0.2888,0.01164
171.20449495315552,0.28947,0.011497
171.31394457817078,0.2906,0.011358
171.42529320716858,0.29193,0.011342
171.52798438072205,0.29213,0.011223
171.62536525726318,0.29353,0.011249
171.72667384147644,0.2944,0.011225
171.82541155815125,0.29633,0.011162
171.9249038696289,0.29647,0.011213
172.03566217422485,0.29787,0.011228
172.1342432498932,0.2986,0.011065
172.2360098361969,0.30107,0.011099
172.3381016254425,0.30127,0.011034
172.43630719184875,0.3024,0.011033
172.5358579158783,0.30613,0.010986
172.63607335090637,0.30707,0.010687
172.74175786972046,0.016267,0.01291
172.84058713912964,0.016733,0.01094
172.93970656394958,0.019267,0.010778
173.03963136672974,0.022667,0.010858
173.14892625808716,0.029067,0.010776
173.25941705703735,0.0292,0.010889
173.3703315258026,0.035933,0.010824
173.4783160686493,0.039067,0.010853
173.5893268585205,0.042267,0.01089
173.70011043548584,0.045667,0.010909
173.7979919910431,0.047867,0.011102
173.8979091644287,0.0512,0.011098
174.00985717773438,0.053867,0.011223
174.12118244171143,0.0568,0.011348
174.23194026947021,0.059467,0.011627
174.32996439933777,0.063333,0.012022
174.4435760974884,0.065933,0.01188
174.5553171634674,0.069267,0.011918
174.65973210334778,0.0754,0.012442
174.76987648010254,0.077933,0.01254
174.88098120689392,0.081533,0.012514
174.98289704322815,0.0844,0.012547
175.08952236175537,0.086867,0.012246
175.20094895362854,0.089667,0.012914
175.3108971118927,0.092667,0.012631
175.4105670452118,0.094,0.012731
175.51645851135254,0.094867,0.012776
175.6305694580078,0.096067,0.012798
175.7387170791626,0.097733,0.012791
175.8421688079834,0.098933,0.012947
175.9383955001831,0.10027,0.012686
176.05040001869202,0.10193,0.012788
176.15902423858643,0.103,0.012378
176.27109789848328,0.10393,0.012553
176.37862491607666,0.1062,0.012654
176.47805619239807,0.1074,0.012032
176.58247780799866,0.10867,0.01214
176.68231916427612,0.10953,0.011997
176.79082036018372,0.11067,0.011705
176.9034342765808,0.11367,0.011757
177.0110034942627,0.11487,0.011639
177.11042642593384,0.1162,0.011687
177.222505569458,0.11793,0.011277
177.33154344558716,0.1188,0.011584
177.4386978149414,0.11993,0.011189
177.55279541015625,0.12153,0.011163
177.66212344169617,0.12327,0.011271
177.76783084869385,0.12427,0.011023
177.88231754302979,0.12513,0.011026
177.99176692962646,0.12807,0.011009
178.10429906845093,0.12767,0.010951
178.21225237846375,0.12893,0.01096
178.32296562194824,0.13127,0.010896
178.4180359840393,0.13247,0.010914
178.52935695648193,0.13353,0.010951
178.63340830802917,0.13527,0.010869
178.7331247329712,0.13553,0.010872
178.83244132995605,0.13727,0.010944
178.9462447166443,0.1374,0.01087
179.0542368888855,0.14027,0.010778
179.16174840927124,0.14113,0.010873
179.27219557762146,0.14233,0.010862
179.38084506988525,0.14353,0.010873
179.49027037620544,0.14527,0.010827
179.60111570358276,0.1464,0.010951
179.71086597442627,0.14773,0.010827
179.82200932502747,0.14887,0.010882
179.93109107017517,0.1498,0.010917
180.0406792163849,0.15213,0.010997
180.15394949913025,0.1522,0.010881
180.26204323768616,0.15493,0.011011
180.36880564689636,0.1556,0.010796
180.47482681274414,0.15673,0.010978
180.5815246105194,0.15793,0.010991
180.69037055969238,0.15953,0.010927
180.79936957359314,0.16047,0.010982
180.90440249443054,0.16167,0.011025
181.01719546318054,0.16293,0.010914
181.12057852745056,0.165,0.011013
181.22193121910095,0.16553,0.010953
181.33251476287842,0.1664,0.011065
181.4418661594391,0.1678,0.010843
181.54322576522827,0.1686,0.010987
181.6439826488495,0.16993,0.010878
181.75254940986633,0.171,0.010861
181.86143589019775,0.1718,0.010867
181.9633231163025,0.17473,0.01092
182.06453442573547,0.17433,0.010841
182.17372918128967,0.17653,0.010853
182.28462600708008,0.17867,0.010763
182.39037799835205,0.17927,0.010799
182.4895622730255,0.18,0.010752
182.59018754959106,0.18147,0.010801
182.70051074028015,0.18287,0.010768
182.8120894432068,0.18407,0.010779
182.9103856086731,0.18473,0.010734
183.0115463733673,0.186,0.010704
183.11134338378906,0.18767,0.010744
183.21225571632385,0.1884,0.010782
183.31547212600708,0.1892,0.01073
183.41081070899963,0.19053,0.010821
183.51162147521973,0.19213,0.010737
183.61719059944153,0.19373,0.010798
183.71717739105225,0.19447,0.010767
183.82776641845703,0.1954,0.010719
183.93919825553894,0.1968,0.010677
184.04709148406982,0.1976,0.010746
184.1572003364563,0.19873,0.010737
184.25957131385803,0.19993,0.010777
184.36343479156494,0.20133,0.01071
184.4720811843872,0.20213,0.010781
184.5835747718811,0.20413,0.010736
184.68826484680176,0.20547,0.010681
184.79993104934692,0.2052,0.010722
184.9001863002777,0.208,0.010661
185.00391602516174,0.20893,0.01077
185.11063647270203,0.2098,0.010724
185.22057247161865,0.2112,0.010727
185.3291311264038,0.21247,0.010699
185.43870759010315,0.21313,0.010745
185.55059957504272,0.21433,0.010834
185.66387224197388,0.2154,0.010798
185.76032376289368,0.21667,0.010812
185.87201523780823,0.21773,0.010863
185.98431277275085,0.21893,0.010968
186.09384393692017,0.22,0.010994
186.20090770721436,0.2216,0.011055
186.30243945121765,0.22333,0.011121
186.40244960784912,0.22327,0.011171
186.5117552280426,0.22473,0.01123
186.611665725708,0.22653,0.011257
186.70885038375854,0.22653,0.011307
186.82088422775269,0.22733,0.011347
186.9320092201233,0.23007,0.011443
187.03770852088928,0.22993,0.011397
187.14027166366577,0.2322,0.011454
187.25610852241516,0.23367,0.011584
187.3616635799408,0.23467,0.011524
187.47051358222961,0.23553,0.01157
187.57936716079712,0.23613,0.011565
187.6850986480713,0.23747,0.011606
187.7822389602661,0.23827,0.011574
187.89275455474854,0.2394,0.011462
187.99870443344116,0.24047,0.011621
188.11015057563782,0.2422,0.011609
188.2115557193756,0.24347,0.011418
188.32429456710815,0.2442,0.011483
188.42200422286987,0.24593,0.011512
188.53571677207947,0.24573,0.011383
188.64111232757568,0.247,0.01135
188.75094747543335,0.25033,0.011419
188.8605809211731,0.25047,0.011357
188.96361899375916,0.25193,0.011216
189.0693962574005,0.25293,0.011215
189.1803741455078,0.2542,0.011262
189.29421162605286,0.25467,0.011103
189.4003586769104,0.25573,0.01113
189.51642608642578,0.257,0.011077
189.61904430389404,0.2588,0.010938
189.73230409622192,0.25913,0.010941
189.84042501449585,0.26,0.011042
189.95127391815186,0.26227,0.010995
190.06252360343933,0.2638,0.011013
190.1695637702942,0.2648,0.011043
190.27223420143127,0.26593,0.011027
190.37152338027954,0.2672,0.011037
190.4813871383667,0.26787,0.011193
190.59305834770203,0.26927,0.011287
190.7033941745758,0.2704,0.011283
190.80237078666687,0.27133,0.011437
190.91046476364136,0.27233,0.011554
191.01833844184875,0.27333,0.011664
191.13283610343933,0.27453,0.011691
191.2411756515503,0.27547,0.011719
191.34000420570374,0.27627,0.01165
191.4580659866333,0.27773,0.011647
191.56133437156677,0.27847,0.011584
191.67000794410706,0.28067,0.011681
191.781813621521,0.28173,0.011689
191.89234399795532,0.28273,0.011579
192.0028510093689,0.28407,0.011561
192.11389636993408,0.28493,0.011541
192.22095799446106,0.28633,0.011419
192.33523869514465,0.28733,0.011574
192.44166326522827,0.2876,0.011501
192.5526442527771,0.28927,0.011307
192.66247463226318,0.2904,0.011394
192.77175188064575,0.29127,0.011208
192.8782844543457,0.29227,0.011347
192.98148036003113,0.29373,0.011222
193.0808720588684,0.29507,0.011131
193.19033980369568,0.29587,0.011142
193.29741144180298,0.29873,0.011138
193.40028285980225,0.29793,0.011168
193.50777745246887,0.299,0.011128
193.61176300048828,0.3018,0.010998
193.70883655548096,0.3012,0.011077
193.81070733070374,0.30353,0.010919
193.9087154865265,0.30573,0.010852
194.00948905944824,0.014,0.012685
194.1097993850708,0.018667,0.010811
194.2112898826599,0.018667,0.010807
194.31690168380737,0.022133,0.010895
194.41937279701233,0.028133,0.010887
194.52000832557678,0.031,0.010869
194.62709426879883,0.031867,0.010806
194.74038410186768,0.038,0.010789
194.85237908363342,0.0414,0.01078
194.9475576877594,0.044067,0.010895
195.05745577812195,0.047933,0.01121
195.1672875881195,0.0504,0.010934
195.2771439552307,0.053333,0.011317
195.3914384841919,0.0562,0.011675
195.4976589679718,0.059533,0.01136
195.61149764060974,0.062,0.011574
195.720721244812,0.065533,0.011918
195.81943774223328,0.069333,0.012142
195.9214689731598,0.0714,0.012285
196.02024793624878,0.073867,0.012234
196.1302831172943,0.078333,0.012557
196.24026465415955,0.0798,0.012529
196.33949279785156,0.0862,0.012581
196.45023846626282,0.0858,0.012542
196.56258630752563,0.090467,0.012787
196.67121934890747,0.0924,0.012765
196.78168368339539,0.093267,0.012349
196.89023280143738,0.094867,0.01289
196.99924230575562,0.096333,0.012748
197.10959601402283,0.097667,0.012497
197.2220208644867,0.098867,0.012686
197.33405137062073,0.10007,0.012284
197.44105339050293,0.10233,0.012379
197.53982210159302,0.10313,0.012112
197.64712595939636,0.10467,0.011971
197.7607479095459,0.10567,0.011987
197.87277364730835,0.10733,0.011863
197.98159408569336,0.11,0.011964
198.08989453315735,0.1112,0.01177
198.19925117492676,0.11227,0.011766
198.31111884117126,0.11373,0.011518
198.42112755775452,0.11473,0.011784
198.52723264694214,0.117,0.011382
198.64003562927246,0.11833,0.011391
198.73865699768066,0.11967,0.01132
198.84065794944763,0.1208,0.01106
198.95041489601135,0.12213,0.011199
199.05989933013916,0.12293,0.011022
199.17127776145935,0.12453,0.011033
199.27911925315857,0.1272,0.010884
199.39232778549194,0.12847,0.010905
199.50095438957214,0.13,0.010831
199.61330699920654,0.13087,0.010779
199.72331261634827,0.1324,0.010816
199.8204894065857,0.1338,0.0108
199.93031001091003,0.13467,0.010808
200.03961634635925,0.1362,0.010803
200.1485893726349,0.13727,0.010717
200.2624933719635,0.13827,0.010742
200.37399530410767,0.13993,0.010757
200.4835183620453,0.14133,0.010746
200.59008312225342,0.1426,0.01076
200.70090532302856,0.14507,0.010841
200.80010318756104,0.14567,0.010756
200.90113306045532,0.1482,0.010897
201.0029788017273,0.1476,0.010855
201.11521816253662,0.14933,0.010833
201.21441531181335,0.15147,0.010824
201.31286668777466,0.15207,0.010888
201.4137213230133,0.15227,0.010947
201.52395844459534,0.15473,0.010906
201.6334331035614,0.15573,0.010871
201.73588275909424,0.15687,0.01085
201.84052515029907,0.15853,0.010878
201.95390009880066,0.15987,0.010843
202.0625250339508,0.1606,0.010912
202.16968965530396,0.16173,0.010887
202.27842903137207,0.16333,0.010907
202.3830955028534,0.1644,0.010778
202.49596214294434,0.16507,0.010968
202.60494589805603,0.16647,0.010842
202.7145173549652,0.16907,0.010887
202.82202339172363,0.16853,0.01079
202.9340455532074,0.17133,0.010869
203.04502654075623,0.17293,0.010825
203.150954246521,0.17373,0.010828
203.26637053489685,0.17527,0.010813
203.37396049499512,0.17567,0.010798
203.47273802757263,0.17707,0.010824
203.57424592971802,0.1784,0.010781
203.67693734169006,0.18,0.010752
203.77723574638367,0.18093,0.010759
203.88006949424744,0.18167,0.01081
203.976815700531,0.183,0.010687
204.0841407775879,0.18387,0.010706
204.19371724128723,0.18573,0.01076
204.29742217063904,0.1862,0.010777
204.3954882621765,0.18753,0.010682
204.49560642242432,0.1888,0.010741
204.59402322769165,0.19007,0.010756
204.69810318946838,0.19093,0.010757
204.79818844795227,0.192,0.010785
204.90094876289368,0.19333,0.010752
205.00078678131104,0.19427,0.010853
205.11183333396912,0.1958,0.01086
205.21010375022888,0.19667,0.010706
205.3213574886322,0.1972,0.010741
205.42597222328186,0.1988,0.01078
205.53845834732056,0.20007,0.010799
205.64604139328003,0.20147,0.010763
205.7489149570465,0.20247,0.010782
205.85870385169983,0.20353,0.010729
205.95970058441162,0.20567,0.010725
206.06346654891968,0.20587,0.010722
206.16051125526428,0.20787,0.010745
206.26991319656372,0.20933,0.01069
206.3796010017395,0.20913,0.01079
206.49141812324524,0.21153,0.010682
206.60229086875916,0.21247,0.010827
206.70142602920532,0.21327,0.010883
206.80828762054443,0.21473,0.010823
206.92201900482178,0.2164,0.010823
207.028879404068,0.2174,0.010981
207.13973212242126,0.21767,0.01109
207.252103805542,0.2194,0.010983
207.35794520378113,0.22027,0.011078
207.46643900871277,0.222,0.011196
207.58251357078552,0.22267,0.011313
207.69176316261292,0.22433,0.011235
207.79822039604187,0.22553,0.011542
207.90058732032776,0.2258,0.011563
208.00845456123352,0.22833,0.011526
208.12023186683655,0.2288,0.011745
208.22892808914185,0.2298,0.011769
208.34004878997803,0.23093,0.01169
208.45028018951416,0.23227,0.011764
208.5613145828247,0.2336,0.01171
208.6697015762329,0.2346,0.011688
208.7825186252594,0.2356,0.01175
208.89161276817322,0.23847,0.011765
208.99909019470215,0.2384,0.011885
209.11203289031982,0.24033,0.011708
209.22258305549622,0.2414,0.011743
209.33074831962585,0.24207,0.01153
209.4404981136322,0.24333,0.011627
209.54849934577942,0.24493,0.011403
209.65999603271484,0.24633,0.011483
209.77397513389587,0.24613,0.011416
209.88079023361206,0.248,0.01137
209.98801350593567,0.249,0.011355
210.09148263931274,0.25,0.011392
210.19158673286438,0.2514,0.011311
210.30085062980652,0.25233,0.011252
210.4143843650818,0.25347,0.011167
210.52375984191895,0.2558,0.011173
210.62788224220276,0.25687,0.01116
210.73087096214294,0.257,0.01108
210.82938742637634,0.25773,0.010994
210.93093967437744,0.26013,0.011038
211.02998971939087,0.2608,0.011117
211.14122104644775,0.26093,0.010848
211.24979758262634,0.2634,0.011073
211.34997487068176,0.2638,0.011065
211.45179533958435,0.26427,0.011153
211.56560277938843,0.2664,0.011026
211.6630082130432,0.2678,0.011285
211.77388834953308,0.26853,0.011239
211.87385296821594,0.26973,0.01144
211.98306441307068,0.27053,0.011472
212.09124398231506,0.27167,0.011419
212.20229983329773,0.27293,0.01148
212.31327986717224,0.27387,0.011497
212.42443585395813,0.275,0.011654
212.52837777137756,0.27593,0.011752
212.63986206054688,0.27673,0.011522
212.75235319137573,0.27893,0.011659
212.85397601127625,0.27973,0.011461
212.9603283405304,0.28007,0.011484
213.07053399085999,0.28293,0.011618
213.17844080924988,0.283,0.011542
213.2924280166626,0.2844,0.011578
213.40753436088562,0.285,0.011609
213.51359796524048,0.28693,0.011567
213.61179208755493,0.28713,0.011445
213.71213006973267,0.28867,0.011374
213.81268906593323,0.29013,0.011317
213.9236867427826,0.2908,0.011366
214.03397154808044,0.29207,0.011124
214.14369130134583,0.29247,0.011361
214.25373125076294,0.294,0.011411
214.3644139766693,0.29513,0.011327
214.47068619728088,0.2976,0.011225
214.57828068733215,0.2976,0.011193
214.68112516403198,0.29827,0.0112
214.78717303276062,0.30067,0.011139
214.88870239257812,0.30193,0.010938
214.99163031578064,0.30387,0.010957
215.08955764770508,0.30433,0.010952
215.19105553627014,0.3062,0.011057
215.29719257354736,0.015533,0.012355
215.39179801940918,0.019133,0.010849
215.4916763305664,0.019,0.010901
215.59246730804443,0.025533,0.010797
215.69372129440308,0.0284,0.010858
215.799489736557,0.0316,0.010902
215.91041016578674,0.0354,0.010823
216.01837182044983,0.0378,0.010904
216.12907910346985,0.041667,0.01088
216.22694063186646,0.044733,0.010849
216.32833218574524,0.0472,0.010913
216.44032788276672,0.050733,0.010911
216.5498287677765,0.053867,0.010966
216.65192770957947,0.0566,0.011482
216.75894260406494,0.0598,0.01128
216.8674876689911,0.062467,0.011823
216.96995067596436,0.065867,0.011819
217.07139372825623,0.068333,0.011838
217.1689236164093,0.071733,0.011888
217.2813196182251,0.074533,0.011498
217.3903317451477,0.077867,0.012014
217.5003514289856,0.0802,0.011742
217.59953546524048,0.083,0.012288
217.70254564285278,0.086533,0.012402
217.81199049949646,0.0892,0.012445
217.92249512672424,0.0928,0.012371
218.03333926200867,0.0938,0.012328
218.14165210723877,0.095867,0.012295
218.2538378238678,0.097067,0.01247
218.36188864707947,0.0982,0.012427
218.46963143348694,0.099667,0.012157
218.5810990333557,0.10113,0.01222
218.6922574043274,0.1024,0.011971
218.80166602134705,0.10413,0.011859
218.90877890586853,0.1054,0.012024
219.01159262657166,0.10647,0.011923
219.11415553092957,0.1094,0.011757
219.22337985038757,0.1094,0.011786
219.33340573310852,0.11053,0.011785
219.443341255188,0.11327,0.011598
219.5409755706787,0.113,0.011696
219.65275835990906,0.1156,0.011557
219.76174330711365,0.11747,0.011415
219.87118554115295,0.1184,0.011369
219.98261761665344,0.1198,0.011153
220.09240293502808,0.12027,0.011107
220.19263195991516,0.12233,0.011073
220.3023898601532,0.12367,0.011103
220.4125051498413,0.1244,0.010987
220.51872158050537,0.12587,0.010842
220.63036608695984,0.1276,0.010823
220.74305176734924,0.1296,0.010878
220.8430633544922,0.12947,0.0109
220.9534933567047,0.13147,0.010859
221.06102895736694,0.1334,0.010904
221.17289423942566,0.135,0.010761
221.28567695617676,0.13653,0.010776
221.39090514183044,0.13727,0.01081
221.50065541267395,0.1386,0.010789
221.61330819129944,0.1402,0.010786
221.71035432815552,0.1412,0.010695
221.81209111213684,0.1424,0.010725
221.92249989509583,0.14407,0.010721
222.03052592277527,0.14493,0.010732
222.1451814174652,0.14627,0.010799
222.25246739387512,0.14733,0.010771
222.36094212532043,0.14973,0.010821
222.46985054016113,0.15,0.01082
222.58591055870056,0.1524,0.010895
222.686053276062,0.1532,0.010827
222.7829327583313,0.15347,0.010833
222.89307761192322,0.155,0.010891
223.00999903678894,0.15713,0.010797
223.113107919693,0.1584,0.010873
223.222012758255,0.15933,0.010803
223.32199215888977,0.16073,0.01087
223.431743144989,0.16187,0.010878
223.54243183135986,0.1626,0.010774
223.65150094032288,0.16473,0.010815
223.7575170993805,0.1656,0.010771
223.85579228401184,0.16693,0.010713
223.9628825187683,0.1676,0.010826
224.0767638683319,0.16887,0.010754
224.18157529830933,0.16967,0.010838
224.2933793067932,0.17107,0.010748
224.4029664993286,0.174,0.010783
224.51169991493225,0.1748,0.010782
224.62400221824646,0.17607,0.010758
224.73523783683777,0.17727,0.010762
224.84506559371948,0.17853,0.010812
224.95373010635376,0.17953,0.010797
225.0668499469757,0.18113,0.010815
225.16844010353088,0.1826,0.010715
225.269348859787,0.183,0.010795
225.36743474006653,0.1846,0.01079
225.46687364578247,0.1856,0.010829
225.58121037483215,0.1864,0.010825
225.68039345741272,0.18793,0.010877
225.7809236049652,0.1884,0.010852
225.8772759437561,0.18967,0.010876
225.97909545898438,0.19127,0.010882
226.08351492881775,0.19207,0.010813
226.182861328125,0.1928,0.010892
226.28213167190552,0.19407,0.010818
226.3828604221344,0.19513,0.010814
226.48839163780212,0.19667,0.010761
226.5880787372589,0.198,0.010835
226.69178795814514,0.19873,0.01073
226.8007926940918,0.2004,0.010778
226.8975682258606,0.2012,0.010769
227.01024436950684,0.20207,0.010798
227.12178707122803,0.2034,0.010743
227.23081278800964,0.20527,0.010745
227.33926558494568,0.207,0.010779
227.44585466384888,0.20753,0.010827
227.5598497390747,0.20893,0.010824
227.6603422164917,0.21033,0.010818
227.7697615623474,0.21113,0.010807
227.87753748893738,0.21193,0.010856
227.98704743385315,0.21393,0.010868
228.10373759269714,0.21487,0.010966
228.20988845825195,0.21587,0.010976
228.32223105430603,0.2168,0.011002
228.41900444030762,0.21807,0.011256
228.52873420715332,0.21987,0.011418
228.63906598091125,0.2202,0.011377
228.74157309532166,0.2216,0.011407
228.84163999557495,0.22387,0.011474
228.94798469543457,0.22367,0.011635
229.06115555763245,0.22453,0.011696
229.16937017440796,0.22647,0.011803
229.26899075508118,0.2278,0.011739
229.3786702156067,0.22867,0.011892
229.49202632904053,0.2296,0.011866
229.59509658813477,0.23067,0.011889
229.693377494812,0.23267,0.011938
229.79723954200745,0.233,0.011966
229.91018199920654,0.2342,0.01191
230.00857090950012,0.23567,0.011874
230.122234582901,0.23647,0.011959
230.2313253879547,0.2384,0.011777
230.34037899971008,0.23913,0.011666
230.45031261444092,0.23993,0.011669
230.55335187911987,0.2412,0.011706
230.66201663017273,0.2426,0.011607
230.77326917648315,0.24353,0.011532
230.88140416145325,0.24573,0.011518
230.9918224811554,0.2472,0.011446
231.08856749534607,0.2476,0.011397
231.20092153549194,0.2492,0.011372
231.3022539615631,0.24987,0.011309
231.4121696949005,0.25013,0.011276
231.5172038078308,0.25187,0.01131
231.62858486175537,0.2536,0.011238
231.74046730995178,0.25513,0.011025
231.8424825668335,0.25527,0.011083
231.93977284431458,0.25647,0.011105
232.0502324104309,0.2576,0.011086
232.1614146232605,0.25887,0.011037
232.27294921875,0.26027,0.011077
232.38029408454895,0.2612,0.011033
232.49379420280457,0.2622,0.011141
232.599294424057,0.264,0.011083
232.71374440193176,0.2638,0.011134
232.82185101509094,0.2658,0.011098
232.93059849739075,0.26767,0.011149
233.04172539710999,0.2682,0.011451
233.14936923980713,0.26987,0.011252
233.25396990776062,0.2708,0.011387
233.36277890205383,0.27167,0.011318
233.47280836105347,0.2732,0.011377
233.57420873641968,0.27373,0.0114
233.68146800994873,0.27487,0.011454
233.7831711769104,0.27567,0.011422
233.8807384967804,0.27713,0.011483
233.98509049415588,0.27833,0.011494
234.0849051475525,0.27927,0.011484
234.19234943389893,0.28033,0.011289
234.29635214805603,0.28167,0.011565
234.4025640487671,0.28273,0.011445
234.51294040679932,0.2848,0.011462
234.62432193756104,0.2846,0.011467
234.73348808288574,0.286,0.011302
234.83168530464172,0.2864,0.011387
234.94628882408142,0.28873,0.011233
235.04925632476807,0.28853,0.011268
235.16378116607666,0.2914,0.011274
235.27444696426392,0.2922,0.011259
235.38432550430298,0.29347,0.011278
235.49304795265198,0.29487,0.01121
235.60410165786743,0.2956,0.011334
235.71139287948608,0.29627,0.011262
235.8189573287964,0.29693,0.011074
235.91915321350098,0.298,0.011181
236.02085089683533,0.29933,0.011027
236.12578296661377,0.30073,0.011016
236.23156762123108,0.30167,0.010945
236.3312268257141,0.30367,0.010921
236.4322853088379,0.30627,0.011095
236.53381633758545,0.0136,0.011922
236.63558411598206,0.0154,0.010969
236.73497128486633,0.019067,0.010822
236.83555483818054,0.022467,0.010814
236.9331567287445,0.025067,0.010861
237.0318911075592,0.031467,0.010772
237.13878917694092,0.0314,0.010849
237.23977041244507,0.034533,0.010773
237.34763360023499,0.037667,0.010816
237.45058059692383,0.041,0.010831
237.56447839736938,0.046733,0.011073
237.67107272148132,0.047333,0.010928
237.77035975456238,0.050467,0.010879
237.87992358207703,0.056333,0.010965
237.98960781097412,0.0584,0.011278
238.09931182861328,0.0618,0.011518
238.19637298583984,0.064667,0.011214
238.30132055282593,0.067933,0.011768
238.41380286216736,0.0706,0.011909
238.52015233039856,0.074267,0.011582
238.62213850021362,0.077733,0.011632
238.72083067893982,0.080333,0.011538
238.82382154464722,0.082533,0.011809
238.93079543113708,0.085533,0.01204
239.0416967868805,0.088533,0.012163
239.15013551712036,0.090733,0.011826
239.26230883598328,0.0924,0.011964
239.37587928771973,0.093533,0.011805
239.48099160194397,0.0952,0.012224
239.58425331115723,0.096733,0.012027
239.6908621788025,0.0994,0.012011
239.80074548721313,0.099267,0.011931
239.9112741947174,0.102,0.011919
240.0199053287506,0.10373,0.01176
240.13118171691895,0.1048,0.011771
240.23948788642883,0.10613,0.011658
240.3526737689972,0.1076,0.011697
240.46237921714783,0.10887,0.011651
240.57202625274658,0.11027,0.011573
240.67375087738037,0.11147,0.01159
240.78259348869324,0.11307,0.011525
240.89222121238708,0.11427,0.011517
240.99780416488647,0.11573,0.011313
241.1012098789215,0.11867,0.011134
241.21389269828796,0.1188,0.011131
241.32096028327942,0.12033,0.010985
241.42177963256836,0.12213,0.010879
241.52135157585144,0.12187,0.010936
241.63357758522034,0.1246,0.010866
241.74582147598267,0.12587,0.010847
241.8534858226776,0.12753,0.010803
241.9528510570526,0.12867,0.010798
242.0526876449585,0.13033,0.010776
242.1678490638733,0.13133,0.010748
242.2754979133606,0.1322,0.01075
242.38430833816528,0.134,0.010805
242.49476170539856,0.13467,0.010694
242.60253381729126,0.13613,0.010718
242.71268272399902,0.13713,0.010722
242.82337284088135,0.139,0.010672
242.9349024295807,0.14107,0.010725
243.04244089126587,0.14207,0.010674
243.15187096595764,0.14307,0.010715
243.2651584148407,0.1446,0.010711
243.37301540374756,0.1458,0.010746
243.48296928405762,0.14707,0.010688
243.5953404903412,0.14833,0.01076
243.70387196540833,0.1492,0.010728
243.8020782470703,0.15133,0.010747
243.90236592292786,0.1526,0.010725
244.01357746124268,0.15353,0.010718
244.1194953918457,0.15453,0.010666
244.23302960395813,0.1556,0.010756
244.34340596199036,0.1586,0.010732
244.4522316455841,0.1592,0.010778
244.56723737716675,0.16047,0.010767
244.67428946495056,0.16153,0.010776
244.78229141235352,0.16293,0.010751
244.8817868232727,0.16353,0.01078
244.98315358161926,0.16493,0.010812
245.0943570137024,0.16607,0.010822
245.20379781723022,0.16733,0.01079
245.31644415855408,0.1684,0.010789
245.41797184944153,0.17027,0.010794
245.52463030815125,0.17133,0.010815
245.6341142654419,0.17233,0.010796
245.7446768283844,0.17347,0.010794
245.85290026664734,0.1742,0.010815
245.9658498764038,0.17593,0.010794
246.07472372055054,0.17767,0.010889
246.18377661705017,0.1798,0.010933
246.29453682899475,0.18053,0.010886
246.40285539627075,0.1822,0.010867
246.5021471977234,0.18253,0.010979
246.60149598121643,0.1844,0.010963
246.70557570457458,0.1854,0.010922
246.81173133850098,0.18727,0.010964
246.92108011245728,0.187,0.011008
247.01993489265442,0.18867,0.010949
247.12232756614685,0.18947,0.010975
247.21850514411926,0.1906,0.010946
247.3241789340973,0.19193,0.01092
247.4233479499817,0.19347,0.010964
247.5235950946808,0.1944,0.010959
247.62436962127686,0.1958,0.010922
247.72452092170715,0.19667,0.010944
247.82841777801514,0.1978,0.010924
247.92963457107544,0.19913,0.010892
248.0410861968994,0.20007,0.010838
248.14032554626465,0.20127,0.010885
248.24724411964417,0.20193,0.01085
248.34916806221008,0.2034,0.010945
248.4603772163391,0.204,0.01083
248.56996774673462,0.2052,0.010791
248.6691381931305,0.20693,0.010831
248.7744436264038,0.20753,0.010814
248.86918687820435,0.20893,0.010826
248.98047804832458,0.20967,0.010893
249.08848190307617,0.211,0.011028
249.20272183418274,0.21313,0.010992
249.3125491142273,0.214,0.010997
249.42354607582092,0.2158,0.01099
249.51688766479492,0.21667,0.011091
249.63036012649536,0.21807,0.011338
249.740624666214,0.2174,0.01145
249.85252499580383,0.22027,0.011365
249.95903730392456,0.2216,0.011669
250.07208704948425,0.2228,0.01179
250.17944979667664,0.22353,0.011768
250.29047966003418,0.22453,0.011815
250.39999842643738,0.22547,0.011944
250.50926780700684,0.228,0.012035
250.6199026107788,0.22787,0.012071
250.73321843147278,0.22967,0.012031
250.84044122695923,0.2312,0.012081
250.94038701057434,0.23153,0.01199
251.03958082199097,0.2324,0.011989
251.1488380432129,0.23453,0.011969
251.2584352493286,0.23427,0.011999
251.37125611305237,0.23713,0.011836
251.47955656051636,0.23807,0.011862
251.59024119377136,0.23887,0.011804
251.7002775669098,0.24007,0.011698
251.80930280685425,0.24127,0.01157
251.92026090621948,0.242,0.011426
252.03273034095764,0.24327,0.011488
252.13724493980408,0.2454,0.01139
252.25022912025452,0.2458,0.011372
252.3584303855896,0.24753,0.011375
252.47136735916138,0.2488,0.011331
252.580317735672,0.25027,0.011239
252.69145226478577,0.25073,0.011247
252.80162405967712,0.25173,0.011212
252.90881729125977,0.2524,0.011194
253.02000546455383,0.25393,0.011136
253.12181949615479,0.25567,0.01109
253.2300567626953,0.25667,0.011019
253.34408736228943,0.258,0.011077
253.45420241355896,0.259,0.010988
253.56141424179077,0.26067,0.011032
253.6674633026123,0.26067,0.011067
253.77957320213318,0.26287,0.01096
253.8921570777893,0.263,0.011026
253.99624752998352,0.26473,0.010992
254.11255931854248,0.26607,0.011018
254.22033786773682,0.2674,0.011194
254.33064103126526,0.26813,0.011229
254.4422972202301,0.26913,0.011259
254.54983139038086,0.27,0.011373
254.65931844711304,0.27153,0.011234
254.77210235595703,0.2736,0.011293
254.8810374736786,0.2734,0.011409
254.99197363853455,0.27607,0.011318
255.10085487365723,0.27547,0.0113
255.21041536331177,0.27853,0.011372
255.3195562362671,0.2788,0.011346
255.43026971817017,0.27973,0.011318
255.54042029380798,0.28133,0.011386
255.64949464797974,0.2824,0.011342
255.7624843120575,0.2832,0.011277
255.8715362548828,0.28467,0.011273
255.97783827781677,0.287,0.011191
256.08828353881836,0.28653,0.011226
256.20015835762024,0.28887,0.011232
256.3081622123718,0.2892,0.011234
256.4204659461975,0.29093,0.011245
256.531373500824,0.29147,0.011241
256.6418249607086,0.29273,0.011234
256.7515444755554,0.29393,0.011227
256.8601756095886,0.295,0.011274
256.970751285553,0.29627,0.011225
257.08136653900146,0.29753,0.011225
257.1909930706024,0.2988,0.011002
257.292640209198,0.2994,0.011077
257.38916063308716,0.3004,0.010896
257.49336218833923,0.3016,0.010943
257.6023921966553,0.30407,0.010909
257.7011229991913,0.30553,0.011217
257.80089259147644,0.013533,0.011807
257.9022731781006,0.0154,0.01083
258.00361609458923,0.018533,0.010783
258.1044509410858,0.022133,0.010818
258.2052552700043,0.025467,0.010806
258.3033525943756,0.028067,0.010762
258.4062795639038,0.031333,0.010807
258.507563829422,0.034933,0.010881
258.6060543060303,0.037667,0.010798
258.71732211112976,0.041133,0.01076
258.8156623840332,0.046533,0.010769
258.92376923561096,0.047267,0.010757
259.0254726409912,0.053333,0.010788
259.1365702152252,0.0534,0.010918
259.24757623672485,0.059467,0.010967
259.3566653728485,0.0626,0.011202
259.46816778182983,0.065333,0.01113
259.57871985435486,0.068133,0.011297
259.67717838287354,0.071,0.011397
259.78651189804077,0.073733,0.011394
259.8975431919098,0.076933,0.011612
260.0074396133423,0.079467,0.011592
260.12241196632385,0.082667,0.011586
260.2171676158905,0.0856,0.011754
260.3306360244751,0.0888,0.011827
260.4352216720581,0.091267,0.011579
260.5501027107239,0.093,0.011561
260.6593065261841,0.094467,0.011472
260.7717204093933,0.096667,0.011803
260.8765435218811,0.097933,0.011669
260.977605342865,0.098267,0.01185
261.07780051231384,0.101,0.011639
261.1886932849884,0.10247,0.011747
261.29555678367615,0.1038,0.01149
261.40656423568726,0.10567,0.011561
261.51728796958923,0.1066,0.011541
261.6266655921936,0.10813,0.011565
261.74071311950684,0.10933,0.01148
261.8497304916382,0.11087,0.011381
261.960232257843,0.112,0.011402
262.06852865219116,0.11507,0.011341
262.17768144607544,0.11467,0.01116
262.2902891635895,0.11687,0.01113
262.39815735816956,0.11867,0.011124
262.5085039138794,0.11973,0.010974
262.6189353466034,0.12127,0.010861
262.7189631462097,0.12253,0.010886
262.8276114463806,0.123,0.010856
262.9391667842865,0.12507,0.010766
263.04931807518005,0.1262,0.010768
263.1544497013092,0.1276,0.010803
263.26816415786743,0.12873,0.010777
263.37789273262024,0.13013,0.010744
263.489275932312,0.131,0.010731
263.58838725090027,0.13273,0.010727
263.69841504096985,0.1354,0.010696
263.8025951385498,0.13607,0.01075
263.9087827205658,0.1368,0.010746
264.02172112464905,0.13813,0.010751
264.1313922405243,0.14067,0.010717
264.23259019851685,0.1414,0.010702
264.3404860496521,0.14293,0.010633
264.4479250907898,0.1442,0.010658
264.55549716949463,0.14513,0.010694
264.65879106521606,0.1466,0.010689
264.76092886924744,0.14807,0.010723
264.86832094192505,0.14887,0.010736
264.97743558883667,0.15067,0.010736
265.0916655063629,0.15127,0.010747
265.19710326194763,0.15373,0.010701
265.29930567741394,0.1536,0.010661
265.4084277153015,0.15447,0.010754
265.50833320617676,0.15767,0.010711
265.61836981773376,0.15833,0.010746
265.72824144363403,0.15893,0.010805
265.8304560184479,0.1614,0.010748
265.9379622936249,0.16207,0.010783
266.03985118865967,0.16207,0.010812
266.1399941444397,0.16447,0.010823
266.2505900859833,0.16573,0.010806
266.3463430404663,0.16647,0.010817
266.4631004333496,0.16767,0.010784
266.5672595500946,0.16873,0.010957
266.67816281318665,0.1702,0.010813
266.79074692726135,0.17153,0.010813
266.9012722969055,0.17253,0.010834
267.0087220668793,0.17373,0.010773
267.1251094341278,0.17447,0.010852
267.21859788894653,0.17567,0.010882
267.3259744644165,0.17807,0.010967
267.4392592906952,0.17827,0.010943
267.5524468421936,0.18033,0.011013
267.6623795032501,0.18133,0.010979
267.7692070007324,0.18307,0.010975
267.87830209732056,0.1836,0.011127
267.9807755947113,0.1854,0.011055
268.0796365737915,0.18707,0.011126
268.1817865371704,0.1874,0.011027
268.2940938472748,0.18873,0.011052
268.3995223045349,0.18993,0.011107
268.50120425224304,0.1906,0.010966
268.60248470306396,0.19173,0.011031
268.70255494117737,0.19313,0.011039
268.8016493320465,0.19407,0.011108
268.9030134677887,0.1956,0.010985
269.00252079963684,0.19627,0.011109
269.1056890487671,0.19733,0.010941
269.2042877674103,0.19867,0.01092
269.3075444698334,0.20027,0.011037
269.4092698097229,0.20133,0.010931
269.5215301513672,0.20167,0.010878
269.62060737609863,0.20373,0.010905
269.7294063568115,0.20473,0.010795
269.84075593948364,0.20613,0.010883
269.9495151042938,0.20673,0.010821
270.0503571033478,0.2082,0.010884
270.1633071899414,0.209,0.010915
270.2701885700226,0.20947,0.010941
270.3675935268402,0.211,0.011008
270.4791271686554,0.21253,0.011013
270.59022331237793,0.21487,0.011212
270.7019691467285,0.2158,0.011146
270.8087384700775,0.21593,0.011425
270.90990257263184,0.2176,0.011468
271.0090184211731,0.21847,0.011541
271.1074469089508,0.22053,0.011583
271.21907210350037,0.2212,0.011811
271.3288531303406,0.2224,0.011889
271.4432599544525,0.2232,0.011987
271.5536162853241,0.2248,0.012042
271.6600911617279,0.22527,0.012097
271.7697231769562,0.22667,0.012138
271.88053488731384,0.2276,0.012142
271.9916045665741,0.23007,0.012167
272.0995032787323,0.22987,0.012085
272.213152885437,0.23173,0.012134
272.3178651332855,0.23307,0.012041
272.43119978904724,0.23433,0.011837
272.53774857521057,0.23533,0.011997
272.64977955818176,0.23673,0.011825
272.75898027420044,0.23727,0.011866
272.8704183101654,0.23873,0.011731
272.98085737228394,0.24013,0.011631
273.0895974636078,0.2404,0.011617
273.1997857093811,0.24187,0.011355
273.3086016178131,0.24427,0.011377
273.42003870010376,0.245,0.011342
273.5286500453949,0.24647,0.011222
273.6318633556366,0.2474,0.011256
273.73881435394287,0.2484,0.01117
273.83945083618164,0.24927,0.011216
273.94144439697266,0.2506,0.011175
274.0510985851288,0.25207,0.011135
274.1608591079712,0.2532,0.011037
274.2604765892029,0.2542,0.011022
274.37025451660156,0.25547,0.011073
274.47952795028687,0.2568,0.011063
274.59092688560486,0.2572,0.010989
274.70373487472534,0.259,0.011014
274.81049394607544,0.25993,0.010975
274.9200394153595,0.26113,0.010964
275.0320477485657,0.263,0.010963
275.1417417526245,0.26447,0.011127
275.24230098724365,0.26407,0.011034
275.34097123146057,0.26633,0.010956
275.45468735694885,0.26787,0.010975
275.56104278564453,0.26853,0.01112
275.6785218715668,0.26933,0.011175
275.78196477890015,0.26987,0.011194
275.8907344341278,0.2718,0.011156
276.0018982887268,0.27273,0.011266
276.11040902137756,0.27487,0.011263
276.22144508361816,0.27507,0.011174
276.3348569869995,0.2756,0.0112
276.44081592559814,0.27687,0.011266
276.55286741256714,0.27893,0.011142
276.6616518497467,0.28027,0.011164
276.7712986469269,0.27987,0.011287
276.8808043003082,0.28213,0.011293
276.9906680583954,0.28327,0.011192
277.102117061615,0.28433,0.011214
277.212420463562,0.28533,0.011109
277.31965351104736,0.2862,0.01126
277.4195747375488,0.2872,0.011147
277.53131198883057,0.2888,0.011262
277.63968777656555,0.28987,0.01126
277.75070571899414,0.29073,0.010988
277.8586127758026,0.29153,0.011268
277.9598345756531,0.29273,0.011148
278.0729455947876,0.294,0.011157
278.17953848838806,0.29627,0.011086
278.2951066493988,0.29673,0.011079
278.40237617492676,0.29787,0.01107
278.5102140903473,0.2994,0.010979
278.6210129261017,0.30007,0.010774
278.72714281082153,0.3014,0.010894
278.8405930995941,0.30307,0.01089
278.9405188560486,0.30527,0.010807
279.0503385066986,0.013067,0.010785
279.14884066581726,0.015267,0.010792
279.24824237823486,0.018267,0.010803
279.35051345825195,0.021733,0.010778
279.4480061531067,0.0242,0.010804
279.5503695011139,0.028267,0.010828
279.6505422592163,0.031267,0.010695
279.75249910354614,0.034333,0.010742
279.8526566028595,0.0376,0.010741
279.95248222351074,0.0408,0.010758
280.0566825866699,0.043867,0.010827
280.1589915752411,0.046467,0.010795
280.26655983924866,0.0492,0.010841
280.38056778907776,0.053067,0.011134
280.4910867214203,0.059133,0.010924
280.6008093357086,0.058667,0.010976
280.7107005119324,0.0652,0.011006
280.82290983200073,0.0684,0.010972
280.9190077781677,0.070867,0.011255
281.0290312767029,0.073867,0.011183
281.1403741836548,0.076867,0.011269
281.2415246963501,0.079733,0.011422
281.34701561927795,0.0828,0.011434
281.4498167037964,0.085,0.01141
281.5500168800354,0.0882,0.011583
281.65949869155884,0.091133,0.011343
281.7702372074127,0.092267,0.011472
281.87907695770264,0.0936,0.011449
281.9808759689331,0.095533,0.011437
282.08471155166626,0.096533,0.01134
282.20084714889526,0.097933,0.011371
282.3104796409607,0.099667,0.011557
282.4273521900177,0.10087,0.011473
282.5348527431488,0.10173,0.011527
282.6420271396637,0.10533,0.011427
282.7496192455292,0.10613,0.011444
282.8587431907654,0.10727,0.011257
282.96926498413086,0.1088,0.011353
283.0796046257019,0.1102,0.011373
283.1903569698334,0.1114,0.011261
283.3013687133789,0.11273,0.011111
283.40787148475647,0.11367,0.011096
283.5192267894745,0.11553,0.010961
283.630478143692,0.118,0.010891
283.73623991012573,0.11807,0.010739
283.8499677181244,0.1194,0.010774
283.9488334655762,0.12173,0.010812
284.0603058338165,0.12253,0.01078
284.1685802936554,0.12467,0.010752
284.28047823905945,0.1256,0.010739
284.38151121139526,0.12713,0.010803
284.492728471756,0.12827,0.010722
284.59883999824524,0.1296,0.010726
284.70757961273193,0.1308,0.010692
284.8103668689728,0.132,0.010686
284.9092266559601,0.13347,0.010695
285.0220744609833,0.13527,0.010707
285.13408374786377,0.13593,0.010661
285.2408170700073,0.13873,0.010691
285.3492856025696,0.13813,0.010675
285.4659335613251,0.14,0.010711
285.57321882247925,0.14233,0.010679
285.682302236557,0.142,0.010695
285.7872941493988,0.1446,0.010671
285.8916049003601,0.14633,0.010662
286.0011248588562,0.1474,0.010611
286.11306834220886,0.1486,0.010675
286.2190914154053,0.1496,0.010621
286.32957768440247,0.1508,0.010725
286.44017028808594,0.1522,0.010754
286.5499744415283,0.1534,0.010674
286.6608467102051,0.15453,0.010702
286.77063035964966,0.15533,0.01067
286.88073563575745,0.1568,0.010749
286.9919273853302,0.15953,0.010635
287.10206747055054,0.1608,0.010741
287.2000629901886,0.16133,0.010746
287.31427574157715,0.16287,0.01076
287.4211106300354,0.16387,0.010746
287.5300946235657,0.16513,0.010844
287.6399073600769,0.16627,0.010857
287.7521433830261,0.16713,0.010922
287.86474084854126,0.1684,0.01091
287.96124362945557,0.16967,0.010955
288.06948351860046,0.17113,0.010851
288.1810827255249,0.1722,0.010909
288.2939395904541,0.17367,0.010963
288.4021737575531,0.17433,0.010954
288.49900126457214,0.17733,0.011079
288.6095407009125,0.17847,0.011098
288.71852707862854,0.17947,0.011176
288.83495116233826,0.18,0.01111
288.94024658203125,0.18127,0.011307
289.0408329963684,0.1832,0.011278
289.1516728401184,0.1834,0.011186
289.2618567943573,0.18507,0.011213
289.37397503852844,0.1854,0.011284
289.46989274024963,0.1872,0.011303
289.57134890556335,0.1884,0.011362
289.67184138298035,0.18947,0.011167
289.78179025650024,0.1906,0.011211
289.89669847488403,0.19173,0.011268
289.9919364452362,0.19333,0.011145
290.0921392440796,0.194,0.011114
290.19385385513306,0.19527,0.011141
290.29527974128723,0.1964,0.011133
290.3966522216797,0.19733,0.011101
290.49370431900024,0.19873,0.011037
290.59634947776794,0.19947,0.011099
290.7000997066498,0.20147,0.011172
290.79491209983826,0.2022,0.010969
290.89914321899414,0.2028,0.010953
291.00861048698425,0.20493,0.010924
291.11684346199036,0.20567,0.010929
291.2335751056671,0.20747,0.01092
291.3364691734314,0.20807,0.010837
291.4451069831848,0.20947,0.010963
291.5569612979889,0.2112,0.010961
291.65838861465454,0.21173,0.010951
291.7673542499542,0.21333,0.011156
291.87623476982117,0.2138,0.011122
291.9902548789978,0.21607,0.011364
292.0893518924713,0.2166,0.011333
292.1861057281494,0.218,0.011468
292.29872274398804,0.21913,0.011798
292.4118857383728,0.22013,0.011893
292.51704931259155,0.22107,0.01211
292.6284430027008,0.22233,0.012069
292.73808670043945,0.22333,0.012103
292.84412837028503,0.22447,0.012166
292.9564776420593,0.2254,0.012176
293.0762186050415,0.2274,0.012142
293.1806492805481,0.22873,0.012178
293.2875015735626,0.23013,0.012212
293.39875769615173,0.23147,0.012024
293.5121715068817,0.23167,0.011981
293.6182219982147,0.233,0.012069
293.7258608341217,0.23427,0.011948
293.84073185920715,0.23487,0.011922
293.947758436203,0.23673,0.011889
294.05795192718506,0.23727,0.012015
294.1677851676941,0.2388,0.011613
294.26698303222656,0.23973,0.011543
294.36753964424133,0.24073,0.011632
294.4766643047333,0.24207,0.011348
294.5782217979431,0.24393,0.011462
294.68899059295654,0.24507,0.011324
294.789922952652,0.24487,0.011286
294.8908553123474,0.2464,0.011268
294.98751759529114,0.24767,0.011035
295.0993490219116,0.2494,0.011217
295.2081763744354,0.25007,0.011158
295.3216052055359,0.25147,0.011191
295.4281003475189,0.25267,0.011046
295.54043984413147,0.2542,0.010998
295.6393485069275,0.25507,0.011029
295.7499113082886,0.2558,0.01106
295.86095929145813,0.25673,0.010995
295.96967244148254,0.25827,0.010894
296.0774862766266,0.2592,0.01095
296.1880352497101,0.2616,0.010909
296.2854025363922,0.26147,0.010868
296.39884209632874,0.26307,0.010941
296.51084303855896,0.2648,0.010995
296.6191637516022,0.2658,0.010978
296.7291579246521,0.26673,0.011003
296.84062361717224,0.2678,0.010972
296.95012521743774,0.269,0.010967
297.04824471473694,0.27007,0.011107
297.1502251625061,0.27153,0.011222
297.2610902786255,0.27187,0.011139
297.36954855918884,0.2732,0.011254
297.4686212539673,0.2744,0.011246
297.5796465873718,0.27493,0.011116
297.69577169418335,0.27587,0.011073
297.8046875,0.277,0.011139
297.91005992889404,0.27893,0.011222
298.0202202796936,0.27973,0.011147
298.12978625297546,0.28193,0.011094
298.23825430870056,0.28333,0.011053
298.33999967575073,0.28273,0.011095
298.43938159942627,0.28527,0.011094
298.55233550071716,0.28613,0.011051
298.65945744514465,0.28693,0.01119
298.7707574367523,0.28853,0.011065
298.8813269138336,0.28893,0.01114
298.97971630096436,0.28993,0.011137
299.08767199516296,0.2916,0.011028
299.19871068000793,0.29253,0.011031
299.3018226623535,0.29347,0.011014
299.40826654434204,0.29447,0.01107
299.519686460495,0.2958,0.011019
299.6315703392029,0.29647,0.010851
299.7412118911743,0.29767,0.0109
299.8504829406738,0.29953,0.01077
299.9588315486908,0.30033,0.010737
300.0670876502991,0.30327,0.010796
300.170348405838,0.30507,0.010731
300.2679674625397,0.014133,0.01211
300.3736433982849,0.0144,0.01076
300.47005128860474,0.014667,0.010739
300.5789201259613,0.020733,0.010782
300.6776282787323,0.024067,0.010707
300.77797412872314,0.027067,0.010715
300.8863492012024,0.0306,0.010713
300.9819839000702,0.033933,0.010776
301.08389925956726,0.036667,0.010748
301.18332386016846,0.039933,0.010741
301.28517055511475,0.043067,0.010743
301.38612127304077,0.046333,0.010741
301.4898462295532,0.048733,0.010762
301.5981605052948,0.051867,0.010795
301.6958746910095,0.0554,0.010793
301.8080794811249,0.058133,0.010805
301.9136278629303,0.061067,0.01083
302.0199182033539,0.064333,0.010994
302.12759017944336,0.0676,0.011006
302.2279567718506,0.070533,0.010945
302.3311688899994,0.073467,0.011009
302.44202995300293,0.075867,0.011246
302.5493540763855,0.078933,0.011231
302.66102862358093,0.085667,0.01127
302.7713043689728,0.084933,0.011115
302.86981678009033,0.088667,0.011286
302.9905960559845,0.091867,0.011132
303.0805561542511,0.092067,0.011202
303.1802399158478,0.093867,0.011261
303.29617500305176,0.0956,0.011158
303.40318632125854,0.0966,0.01119
303.51447677612305,0.099267,0.011063
303.621661901474,0.0996,0.011071
303.72788858413696,0.10193,0.011097
303.837336063385,0.10353,0.011179
303.93786215782166,0.10487,0.011267
304.055695772171,0.10673,0.011213
304.15902185440063,0.10767,0.011125
304.26949763298035,0.1088,0.011027
304.3786528110504,0.10993,0.011068
304.4802601337433,0.1114,0.010925
304.5895884037018,0.11293,0.010978
304.68596720695496,0.1142,0.010836
304.80163979530334,0.11473,0.010767
304.9088079929352,0.11787,0.010846
305.0190598964691,0.11767,0.0108
305.12877678871155,0.11987,0.010735
305.23615884780884,0.1216,0.010758
305.3386197090149,0.12307,0.010806
305.45211601257324,0.12373,0.010703
305.5584366321564,0.12513,0.010734
305.66867184638977,0.127,0.01071
305.78070187568665,0.12813,0.010742
305.8913323879242,0.12973,0.01074
305.9976096153259,0.13067,0.010729
306.1000027656555,0.13193,0.010778
306.19855189323425,0.13373,0.010663
306.31153631210327,0.1346,0.010746
306.4119246006012,0.13607,0.010725
306.51208758354187,0.13693,0.010695
306.6194899082184,0.1384,0.010669
306.7319474220276,0.14027,0.010699
306.82922315597534,0.141,0.010685
306.9369568824768,0.14367,0.010736
307.05250358581543,0.14473,0.010673
307.1598927974701,0.1456,0.010685
307.2696352005005,0.1472,0.010679
307.37982153892517,0.14793,0.010703
307.47903847694397,0.14913,0.010681
307.5908532142639,0.15053,0.010639
307.70121335983276,0.1516,0.010705
307.8118510246277,0.15287,0.01064
307.9177794456482,0.15433,0.010704
308.020281791687,0.1554,0.010714
308.1221675872803,0.15667,0.010749
308.23187041282654,0.1574,0.010758
308.34160900115967,0.1604,0.010866
308.4452257156372,0.16167,0.010731
308.5397274494171,0.1616,0.010834
308.6549994945526,0.16413,0.0109
308.76291131973267,0.1636,0.010935
308.8670721054077,0.1658,0.010937
308.96882700920105,0.1672,0.0109
309.0731711387634,0.16727,0.010956
309.1798872947693,0.16907,0.011127
309.2905788421631,0.171,0.011111
309.3973286151886,0.17167,0.011107
309.5081031322479,0.17353,0.011156
309.60852098464966,0.17467,0.01122
309.7256896495819,0.17587,0.011309
309.8303062915802,0.17687,0.011432
309.9369695186615,0.17827,0.011408
310.0514917373657,0.17927,0.011483
310.16027331352234,0.18093,0.011401
310.27180433273315,0.1814,0.011491
310.3859930038452,0.18413,0.011545
310.49051237106323,0.1836,0.011483
310.6043372154236,0.18567,0.011466
310.70481395721436,0.18707,0.01153
310.80978870391846,0.18827,0.011474
310.90585803985596,0.19047,0.01148
311.0124523639679,0.19093,0.011395
311.1098713874817,0.19153,0.011569
311.2208068370819,0.19293,0.011365
311.3212969303131,0.1942,0.01128
311.42456698417664,0.1956,0.011245
311.5284414291382,0.19633,0.01129
311.62230110168457,0.19727,0.011331
311.72317457199097,0.19907,0.011129
311.8262228965759,0.19947,0.011124
311.9278724193573,0.20073,0.011072
312.0252106189728,0.2024,0.01112
312.12352561950684,0.20407,0.010984
312.223486661911,0.20427,0.010928
312.33718824386597,0.20587,0.010943
312.435911655426,0.2062,0.010934
312.5423393249512,0.20767,0.010992
312.63552689552307,0.20933,0.010974
312.74626302719116,0.21027,0.011033
312.8609530925751,0.2114,0.010938
312.9700140953064,0.2124,0.01105
313.0763747692108,0.21373,0.01117
313.1895158290863,0.214,0.011362
313.29982233047485,0.2158,0.011412
313.4066879749298,0.21667,0.011602
313.5078647136688,0.2182,0.011794
313.6172618865967,0.21913,0.011765
313.7269706726074,0.2214,0.011959
313.83627486228943,0.222,0.012024
313.9500560760498,0.22347,0.012117
314.06276988983154,0.2244,0.012022
314.1647114753723,0.22507,0.012067
314.27771186828613,0.2266,0.012105
314.3886094093323,0.22753,0.012216
314.5004880428314,0.2284,0.012086
314.598473072052,0.2296,0.012081
314.7089853286743,0.23093,0.012037
314.81877732276917,0.23267,0.012052
314.9317684173584,0.23327,0.011819
315.038827419281,0.2352,0.011754
315.14581322669983,0.23607,0.011848
315.25003361701965,0.23767,0.011865
315.34951066970825,0.2384,0.011601
315.45838737487793,0.23893,0.011517
315.56927943229675,0.241,0.011601
315.67531871795654,0.2416,0.011485
315.78657245635986,0.24307,0.011532
315.89673233032227,0.2438,0.011359
316.00578713417053,0.2456,0.011389
316.1123104095459,0.24613,0.01123
316.22675251960754,0.247,0.011295
316.33524656295776,0.24813,0.011122
316.4371528625488,0.2494,0.011039
316.5344672203064,0.2512,0.011042
316.64371275901794,0.25167,0.010967
316.7591779232025,0.25287,0.011071
316.86526584625244,0.25507,0.010982
316.9658567905426,0.256,0.010886
317.0786955356598,0.25667,0.010884
317.1842713356018,0.25813,0.010895
317.2944509983063,0.25913,0.010905
317.4053647518158,0.26067,0.010995
317.51291131973267,0.2618,0.010906
317.62445759773254,0.26253,0.010894
317.7356822490692,0.26327,0.010901
317.8513433933258,0.2642,0.010969
317.94669795036316,0.2654,0.01093
318.05197954177856,0.26733,0.010967
318.1536934375763,0.26813,0.01104
318.26428747177124,0.26847,0.011097
318.3755671977997,0.2702,0.010989
318.4857940673828,0.2718,0.011038
318.59664368629456,0.2722,0.011107
318.7053472995758,0.27427,0.011052
318.82002663612366,0.27553,0.011034
318.92525696754456,0.2762,0.011086
319.03512811660767,0.2772,0.01107
319.14338779449463,0.27907,0.011105
319.2605633735657,0.28,0.010954
319.3560211658478,0.2808,0.011035
319.4656603336334,0.28153,0.011
319.5766689777374,0.28293,0.010934
319.6874027252197,0.28413,0.011019
319.7868552207947,0.2858,0.010925
319.88460969924927,0.28627,0.011006
319.99642610549927,0.28813,0.011053
320.1072015762329,0.28953,0.011009
320.2163963317871,0.29047,0.010918
320.32505917549133,0.2914,0.010978
320.4364504814148,0.2922,0.010938
320.54692673683167,0.2936,0.010901
320.6604208946228,0.29473,0.010891
320.7664649486542,0.29607,0.010845
320.87630462646484,0.2966,0.010769
320.9866123199463,0.29793,0.010914
321.0984194278717,0.29893,0.010772
321.21192693710327,0.2998,0.01081
321.31614875793457,0.30333,0.010765
321.4147090911865,0.30287,0.010714
321.5212585926056,0.30567,0.011975
321.61685729026794,0.0124,0.011019
321.7166063785553,0.017733,0.010677
321.82421612739563,0.0212,0.010762
321.9283483028412,0.024133,0.010745
322.0298945903778,0.024133,0.010746
322.12849736213684,0.031,0.010683
322.2284092903137,0.033867,0.010752
322.33128547668457,0.037533,0.01071
322.4331398010254,0.037133,0.010735
322.53668427467346,0.043533,0.0107
322.63199067115784,0.046867,0.010763
322.7291569709778,0.0494,0.01068
322.8393075466156,0.0528,0.01071
322.93791604042053,0.053333,0.0108
323.04893827438354,0.0574,0.010689
323.15768456459045,0.062333,0.010773
323.26846837997437,0.0646,0.010777
323.37918996810913,0.067467,0.010896
323.48970437049866,0.070733,0.010875
323.59958720207214,0.073333,0.010884
323.69772124290466,0.076067,0.010988
323.80892038345337,0.080067,0.010969
323.9114935398102,0.082,0.010985
324.02133440971375,0.085133,0.011049
324.1185076236725,0.087933,0.010984
324.22932505607605,0.0908,0.011031
324.3399341106415,0.093933,0.010905
324.4508545398712,0.094067,0.011156
324.56238889694214,0.0954,0.011071
324.6613337993622,0.097533,0.011056
324.770441532135,0.0998,0.011042
324.8787806034088,0.10153,0.010876
324.99070501327515,0.10247,0.011008
325.09876227378845,0.10327,0.010912
325.1981084346771,0.10473,0.010952
325.3091022968292,0.1056,0.010884
325.4195337295532,0.10733,0.010843
325.5210590362549,0.10873,0.010864
325.63023233413696,0.1098,0.010874
325.7413008213043,0.1112,0.010759
325.84968161582947,0.1122,0.010806
325.96166491508484,0.11387,0.010814
326.0602355003357,0.11487,0.010755
326.16853499412537,0.118,0.010759
326.28037881851196,0.1184,0.010747
326.39046716690063,0.12073,0.0107
326.49785256385803,0.12207,0.010766
326.60970973968506,0.1226,0.010729
326.7215189933777,0.12407,0.010729
326.8315706253052,0.12533,0.01069
326.93946719169617,0.1268,0.010627
327.048232793808,0.1286,0.010713
327.1609079837799,0.13047,0.010727
327.2695436477661,0.131,0.010706
327.38124680519104,0.13367,0.010708
327.49038910865784,0.134,0.010701
327.5989670753479,0.1344,0.010738
327.7114088535309,0.13673,0.010696
327.80921053886414,0.1372,0.010707
327.92431640625,0.13927,0.010671
328.0344536304474,0.1412,0.010677
328.1413538455963,0.1422,0.010592
328.24125361442566,0.14293,0.010684
328.3383240699768,0.14427,0.010717
328.44579124450684,0.146,0.01067
328.56057024002075,0.14667,0.010684
328.6697542667389,0.1482,0.010714
328.7808470726013,0.14967,0.010697
328.89028120040894,0.15053,0.010659
328.9961009025574,0.1522,0.010686
329.11028265953064,0.15347,0.010738
329.22154116630554,0.15547,0.010764
329.33528542518616,0.1562,0.010735
329.44164776802063,0.1572,0.01076
329.5507206916809,0.1584,0.010801
329.6584403514862,0.1598,0.010839
329.7700116634369,0.16167,0.010871
329.8792781829834,0.16233,0.010999
329.9895005226135,0.16393,0.011122
330.09758377075195,0.1652,0.011097
330.20915961265564,0.16573,0.011186
330.3186779022217,0.168,0.011161
330.420711517334,0.16893,0.011278
330.52902007102966,0.17,0.011417
330.62850308418274,0.17207,0.011445
330.73997354507446,0.17347,0.011407
330.84939765930176,0.17313,0.011533
330.9641728401184,0.17587,0.01149
331.0714273452759,0.1766,0.011666
331.1811218261719,0.17813,0.011813
331.2925217151642,0.17927,0.011707
331.3995006084442,0.17973,0.011717
331.51161313056946,0.18127,0.011716
331.6158595085144,0.1826,0.011708
331.73092675209045,0.18387,0.011906
331.83965730667114,0.1852,0.011841
331.9410095214844,0.18593,0.01172
332.0546905994415,0.18793,0.011742
332.1602244377136,0.18833,0.011628
332.26408338546753,0.1898,0.011737
332.35803270339966,0.19073,0.011591
332.4621071815491,0.1926,0.011713
332.57170057296753,0.19407,0.011475
332.6820418834686,0.1956,0.01145
332.7849223613739,0.1964,0.011477
332.8818881511688,0.19773,0.011101
332.981969833374,0.19847,0.011212
333.08307456970215,0.19993,0.011329
333.1851718425751,0.201,0.011116
333.2842946052551,0.20173,0.011085
333.38775658607483,0.20293,0.011062
333.48490476608276,0.204,0.011113
333.59217977523804,0.2052,0.011045
333.6893754005432,0.2066,0.011041
333.79265570640564,0.20733,0.011014
333.90798115730286,0.20887,0.010978
334.01558470726013,0.20973,0.011034
334.12778091430664,0.21053,0.011153
334.2379503250122,0.21167,0.011097
334.3465886116028,0.21253,0.011368
334.4637553691864,0.2156,0.011387
334.5665125846863,0.2154,0.011587
334.6804504394531,0.21653,0.011412
334.78592014312744,0.21867,0.011592
334.89685344696045,0.21887,0.011874
335.0067160129547,0.2212,0.011807
335.11822533607483,0.22247,0.011878
335.21736121177673,0.223,0.012041
335.32311272621155,0.2246,0.01216
335.42886447906494,0.2256,0.012168
335.53889083862305,0.22647,0.012091
335.63539958000183,0.22773,0.012127
335.7458176612854,0.2288,0.012038
335.85874819755554,0.2302,0.012041
335.968945980072,0.23087,0.01202
336.0798432826996,0.23267,0.012039
336.1888687610626,0.23307,0.011889
336.29518032073975,0.23533,0.011848
336.4059681892395,0.23533,0.011786
336.5200002193451,0.23627,0.011813
336.62960481643677,0.2386,0.011794
336.73308634757996,0.23973,0.011581
336.848046541214,0.24093,0.011337
336.94684386253357,0.24173,0.011558
337.0555498600006,0.2426,0.011438
337.16634488105774,0.24467,0.011408
337.2774591445923,0.24547,0.011352
337.3842673301697,0.24673,0.01145
337.48811316490173,0.2472,0.011095
337.596316576004,0.24793,0.011139
337.7103044986725,0.24993,0.011086
337.81901383399963,0.2502,0.011125
337.92866945266724,0.2518,0.011013
338.0389635562897,0.2538,0.011018
338.1473710536957,0.25447,0.011066
338.2555797100067,0.25553,0.010983
338.36890625953674,0.25707,0.010846
338.47716093063354,0.25893,0.010864
338.5864214897156,0.25967,0.010875
338.68624806404114,0.26073,0.010833
338.7932014465332,0.26227,0.010837
338.897812128067,0.26253,0.010821
339.0099079608917,0.26393,0.010857
339.1204264163971,0.26487,0.010912
339.22918486595154,0.26587,0.010899
339.3380732536316,0.26853,0.010865
339.44713258743286,0.2694,0.010888
339.5538613796234,0.27047,0.011029
339.66765999794006,0.27107,0.010938
339.78082847595215,0.2726,0.010972
339.8881769180298,0.273,0.010954
339.9974915981293,0.2744,0.011005
340.09866213798523,0.27487,0.010894
340.2017045021057,0.2762,0.010882
340.3079240322113,0.27733,0.010883
340.4216754436493,0.27833,0.010991
340.52850794792175,0.27913,0.010938
340.62945580482483,0.28047,0.010984
340.73976159095764,0.2816,0.010822
340.8503806591034,0.2836,0.010922
340.96075892448425,0.28413,0.010973
341.0674669742584,0.2846,0.010878
341.1799740791321,0.28693,0.010917
341.29220819473267,0.28807,0.010927
341.3982048034668,0.2892,0.010989
341.5005395412445,0.29013,0.010986
341.6037006378174,0.29113,0.010841
341.7087733745575,0.2928,0.010873
341.8097712993622,0.29347,0.010844
341.9230172634125,0.29427,0.010826
342.03254199028015,0.29533,0.010746
342.1413748264313,0.29667,0.010732
342.2433524131775,0.2976,0.010659
342.3531448841095,0.299,0.010681
342.4606554508209,0.3006,0.01073
342.5683286190033,0.30293,0.010702
342.681521654129,0.30507,0.01072
342.777370929718,0.30493,0.011975
342.8902130126953,0.014733,0.010968
342.9926338195801,0.017533,0.010686
343.09857273101807,0.0206,0.01064
343.21147537231445,0.024267,0.010628
343.3094747066498,0.024,0.010689
343.41716957092285,0.030733,0.010756
343.51813316345215,0.033667,0.010669
343.6204059123993,0.0372,0.010734
343.72191977500916,0.039933,0.010652
343.82203698158264,0.042733,0.010707
343.924916267395,0.045667,0.010702
344.0246376991272,0.049,0.010692
344.12416338920593,0.0522,0.01064
344.2227005958557,0.055467,0.01075
344.3300094604492,0.0586,0.010635
344.4378459453583,0.0612,0.010645
344.53772044181824,0.064067,0.010713
344.6373839378357,0.067267,0.010774
344.75080013275146,0.070667,0.010818
344.86074328422546,0.0732,0.010765
344.96756768226624,0.076733,0.010887
345.08070635795593,0.079267,0.010916
345.1888587474823,0.0818,0.010903
345.2892792224884,0.085733,0.010907
345.38951563835144,0.088667,0.010897
345.5027151107788,0.091467,0.010943
345.6081805229187,0.093667,0.010841
345.7200677394867,0.094,0.010987
345.830593585968,0.095667,0.010889
345.93892550468445,0.098,0.011007
346.0402817726135,0.0972,0.010824
346.14769768714905,0.0996,0.010785
346.257187128067,0.10167,0.010914
346.3587658405304,0.1032,0.010799
346.460657119751,0.10467,0.010886
346.5597765445709,0.1054,0.010769
346.6696901321411,0.10693,0.010761
346.7809236049652,0.108,0.010811
346.8915011882782,0.10953,0.010721
347.0073323249817,0.11053,0.010882
347.1107964515686,0.11227,0.010755
347.2107791900635,0.11413,0.010806
347.3199768066406,0.11507,0.010812
347.4309129714966,0.11653,0.010747
347.5383815765381,0.1194,0.010739
347.6492393016815,0.12067,0.010753
347.7601852416992,0.1218,0.010717
347.8600916862488,0.12347,0.010747
347.97036838531494,0.12473,0.010748
348.0792419910431,0.1248,0.010706
348.18915605545044,0.127,0.010725
348.2978312969208,0.12813,0.010749
348.4005374908447,0.12927,0.010766
348.5132381916046,0.1308,0.010729
348.62010288238525,0.132,0.010739
348.72321248054504,0.13367,0.010699
348.82082867622375,0.13447,0.010788
348.91945219039917,0.1352,0.010697
349.03312730789185,0.1366,0.010709
349.1411199569702,0.13787,0.010721
349.25026297569275,0.13933,0.010762
349.3506314754486,0.14113,0.010607
349.45472407341003,0.14273,0.01074
349.55421233177185,0.14333,0.010737
349.66779255867004,0.14427,0.010711
349.77509212493896,0.14647,0.01065
349.88683795928955,0.14673,0.010653
349.9977488517761,0.14913,0.010691
350.10279512405396,0.15053,0.010697
350.21246218681335,0.15153,0.010688
350.3202586174011,0.15273,0.010719
350.43222165107727,0.15453,0.01073
350.54117822647095,0.15553,0.010773
350.65195202827454,0.15653,0.010868
350.76057744026184,0.15747,0.010909
350.87134075164795,0.15873,0.010919
350.9801890850067,0.1616,0.01096
351.09316086769104,0.16187,0.011002
351.19186544418335,0.16373,0.011126
351.3067846298218,0.16453,0.011283
351.41098284721375,0.16567,0.01147
351.51455307006836,0.1674,0.011389
351.6102271080017,0.16907,0.011403
351.721150636673,0.16927,0.011587
351.8327751159668,0.17027,0.011649
351.9441502094269,0.17173,0.011873
352.0447850227356,0.17333,0.011748
352.1539378166199,0.17453,0.01189
352.2644603252411,0.1756,0.011946
352.3744053840637,0.17653,0.011962
352.48442125320435,0.17767,0.011885
352.59261775016785,0.179,0.012033
352.70132637023926,0.18153,0.012001
352.80889797210693,0.182,0.011837
352.9231700897217,0.18367,0.011938
353.034873008728,0.1852,0.011921
353.1425738334656,0.18567,0.011747
353.2523295879364,0.18693,0.012034
353.36250162124634,0.18767,0.011741
353.47451663017273,0.18893,0.011817
353.5845627784729,0.19053,0.01174
353.680606842041,0.19167,0.011683
353.78203678131104,0.19253,0.011647
353.8874440193176,0.19427,0.011665
353.99706172943115,0.19527,0.01148
354.1059355735779,0.19667,0.01148
354.2051453590393,0.19753,0.011288
354.3043191432953,0.19827,0.011332
354.4055767059326,0.199,0.011246
354.50401854515076,0.2008,0.011118
354.6105544567108,0.20127,0.011193
354.70708203315735,0.2026,0.011106
354.8068652153015,0.2038,0.010992
354.9072241783142,0.20553,0.011058
355.00731801986694,0.20653,0.011058
355.1081166267395,0.20713,0.011092
355.22116327285767,0.20847,0.011012
355.32981133461,0.20947,0.011034
355.43891406059265,0.21193,0.011203
355.5460352897644,0.213,0.011473
355.6589047908783,0.2138,0.011262
355.770480632782,0.2152,0.011343
355.8815088272095,0.2168,0.011425
355.98894786834717,0.21773,0.011703
356.0987865924835,0.2186,0.011548
356.2082576751709,0.21953,0.011857
356.3165864944458,0.2206,0.011951
356.43013858795166,0.22213,0.012077
356.526878118515,0.2232,0.012059
356.6292052268982,0.22413,0.012063
356.73878931999207,0.22553,0.01186
356.84824895858765,0.22647,0.012007
356.9603981971741,0.22747,0.012053
357.06711602211,0.22867,0.011975
357.1680746078491,0.23107,0.011865
357.2784731388092,0.23147,0.011874
357.38968300819397,0.23267,0.011895
357.4987449645996,0.23373,0.011796
357.6046521663666,0.235,0.011726
357.7229118347168,0.23607,0.011765
357.82149362564087,0.2374,0.011644
357.92894744873047,0.23793,0.011541
358.03448390960693,0.23973,0.011518
358.15158772468567,0.2412,0.011527
358.2592544555664,0.24187,0.011401
358.36712098121643,0.24413,0.011419
358.4825255870819,0.24453,0.011399
358.58750581741333,0.2458,0.011313
358.6920835971832,0.247,0.011207
358.7886366844177,0.24713,0.011247
358.8984751701355,0.24793,0.011155
359.0030941963196,0.2502,0.011139
359.1109778881073,0.25113,0.011146
359.22478556632996,0.25267,0.011076
359.3303394317627,0.25387,0.010934
359.4378111362457,0.255,0.011015
359.55261039733887,0.25653,0.010825
359.65216088294983,0.25667,0.010829
359.75937128067017,0.25787,0.010751
359.86959075927734,0.25847,0.010767
359.9795231819153,0.2598,0.010774
360.0807023048401,0.2606,0.010796
360.17774653434753,0.26233,0.010865
360.2924942970276,0.26387,0.01086
360.39983320236206,0.26527,0.010788
360.5083920955658,0.26653,0.010922
360.61939764022827,0.26767,0.010788
360.72204875946045,0.26893,0.010877
360.83025574684143,0.26973,0.010826
360.93901467323303,0.27047,0.010878
361.0502219200134,0.27233,0.010864
361.16319608688354,0.2724,0.010733
361.2683758735657,0.274,0.01091
361.37991189956665,0.27473,0.010873
361.4806435108185,0.2758,0.010845
361.5811629295349,0.27707,0.010786
361.69546699523926,0.2784,0.010943
361.80107951164246,0.2794,0.010951
361.9135203361511,0.28,0.010948
362.02020716667175,0.2832,0.010874
362.1373007297516,0.2836,0.0109
362.24079632759094,0.28533,0.010861
362.35219144821167,0.28553,0.010804
362.4599893093109,0.28713,0.010754
362.5715036392212,0.288,0.010845
362.67961287498474,0.289,0.010829
362.7891135215759,0.2902,0.010793
362.9005949497223,0.2914,0.010739
363.0118479728699,0.29247,0.01075
363.1197690963745,0.29353,0.010807
363.2193748950958,0.29433,0.010797
363.331392288208,0.2956,0.010749
363.4399664402008,0.2976,0.010727
363.53900241851807,0.29773,0.010716
363.6499948501587,0.29987,0.010703
363.7509734630585,0.30127,0.01073
363.85076808929443,0.3012,0.010739
363.96050810813904,0.305,0.010634
364.070264339447,0.0138,0.011093
364.1823480129242,0.0142,0.010645
364.29310965538025,0.0174,0.01071
364.3976676464081,0.021067,0.010697
364.49808073043823,0.023933,0.010731
364.6118700504303,0.0268,0.010671
364.71256852149963,0.030267,0.010722
364.8180732727051,0.033333,0.010658
364.9191861152649,0.036867,0.010642
365.01799631118774,0.039667,0.010654
365.12037682533264,0.0428,0.010643
365.2222681045532,0.045733,0.010714
365.32208728790283,0.048933,0.010629
365.42461800575256,0.052133,0.010727
365.52511858940125,0.0552,0.010686
365.6237189769745,0.058067,0.010695
365.72768664360046,0.060733,0.010719
365.8277871608734,0.0638,0.010708
365.94060468673706,0.066133,0.010677
366.04277324676514,0.069733,0.010742
366.1407690048218,0.072533,0.010664
366.2530047893524,0.075667,0.010725
366.3604130744934,0.0788,0.010674
366.45942974090576,0.081533,0.010694
366.5587697029114,0.084733,0.010854
366.6734826564789,0.086867,0.010818
366.7775366306305,0.092,0.010899
366.8769702911377,0.091867,0.010785
366.98959970474243,0.093467,0.010864
367.09092116355896,0.0956,0.010867
367.19320130348206,0.0972,0.010782
367.3008131980896,0.098267,0.010853
367.41213393211365,0.10007,0.010849
367.52162170410156,0.1012,0.010834
367.6334364414215,0.10273,0.010814
367.74194264411926,0.1044,0.010776
367.84125685691833,0.10573,0.010805
367.9512686729431,0.107,0.010787
368.0604438781738,0.10833,0.010769
368.1711947917938,0.10967,0.01071
368.28007078170776,0.11107,0.010717
368.3910822868347,0.1126,0.010777
368.49648547172546,0.11513,0.01066
368.6088914871216,0.11527,0.010694
368.7231431007385,0.1176,0.010714
368.8325593471527,0.11913,0.010718
368.9415304660797,0.12013,0.01067
369.05227494239807,0.122,0.010757
369.16054821014404,0.12253,0.010711
369.2643928527832,0.1238,0.01076
369.3596098423004,0.12547,0.010724
369.47042059898376,0.12653,0.010772
369.5765371322632,0.1278,0.010798
369.67427921295166,0.12927,0.010777
369.7825713157654,0.13033,0.010757
369.8931407928467,0.1314,0.010786
370.0029902458191,0.13313,0.010803
370.1136779785156,0.13453,0.010757
370.2219891548157,0.13673,0.010775
370.3235168457031,0.1368,0.010805
370.4332342147827,0.1384,0.010732
370.54268288612366,0.14047,0.010681
370.65378999710083,0.14147,0.010696
370.7610161304474,0.14173,0.010691
370.8721034526825,0.14393,0.01074
370.9816162586212,0.14553,0.010775
371.09159541130066,0.1464,0.010712
371.2054023742676,0.1476,0.010743
371.31371116638184,0.14947,0.010681
371.4228639602661,0.1508,0.010707
371.5235104560852,0.1516,0.01079
371.6219446659088,0.15293,0.010755
371.73421454429626,0.15427,0.010803
371.8439269065857,0.15573,0.010871
371.95540165901184,0.15813,0.010895
372.0627839565277,0.15913,0.011149
372.1765675544739,0.16047,0.01101
372.28457975387573,0.161,0.011276
372.3945231437683,0.16227,0.011297
372.5059678554535,0.16287,0.011311
372.6138632297516,0.16447,0.011375
372.7240767478943,0.1656,0.011526
372.8232409954071,0.167,0.011713
372.93026399612427,0.16847,0.011773
373.04060196876526,0.16953,0.011825
373.15412306785583,0.1704,0.011975
373.26068139076233,0.17347,0.012131
373.37418699264526,0.1742,0.012072
373.4870181083679,0.17407,0.012103
373.59723448753357,0.17613,0.012147
373.6954290866852,0.17753,0.012267
373.7953145503998,0.17767,0.012294
373.905987739563,0.18,0.01212
374.0138931274414,0.18133,0.012159
374.1258945465088,0.1826,0.012031
374.2334520816803,0.1834,0.012052
374.3450345993042,0.18487,0.012183
374.4538869857788,0.18667,0.011903
374.56135988235474,0.18707,0.011871
374.673063993454,0.18847,0.011933
374.77609848976135,0.18993,0.011776
374.88319206237793,0.1904,0.011665
374.99532198905945,0.19293,0.011625
375.09292817115784,0.193,0.011526
375.19406366348267,0.19453,0.01159
375.30024337768555,0.1958,0.011406
375.3970263004303,0.19733,0.011357
375.5078315734863,0.1986,0.011183
375.60750555992126,0.1986,0.011381
375.70374369621277,0.20093,0.011267
375.80496764183044,0.20147,0.011179
375.9082467556,0.20327,0.011188
376.01111936569214,0.20353,0.011081
376.1104919910431,0.2036,0.011066
376.21014308929443,0.20507,0.01103
376.30916023254395,0.2076,0.011058
376.41591572761536,0.20827,0.011009
376.51960706710815,0.20893,0.011043
376.62056136131287,0.21053,0.011069
376.72656321525574,0.2114,0.011049
376.8372027873993,0.21287,0.011147
376.9477319717407,0.21333,0.011582
377.05565118789673,0.21447,0.011229
377.1614730358124,0.21627,0.01141
377.2700991630554,0.21787,0.011518
377.38366055488586,0.21887,0.011814
377.4926071166992,0.21973,0.011723
377.59926652908325,0.222,0.011847
377.70884823799133,0.2214,0.011746
377.81973528862,0.22373,0.011798
377.9289548397064,0.22513,0.011738
378.03975343704224,0.22453,0.011913
378.15231370925903,0.22673,0.011804
378.2598068714142,0.22807,0.01177
378.36604261398315,0.2294,0.011933
378.48001503944397,0.2302,0.011812
378.5903615951538,0.23167,0.011701
378.6898467540741,0.2326,0.011868
378.7909805774689,0.23353,0.011776
378.901095867157,0.23447,0.011686
379.0116984844208,0.23627,0.011603
379.1202983856201,0.23707,0.011586
379.231219291687,0.2378,0.011536
379.33847522735596,0.2404,0.011561
379.4495098590851,0.24127,0.011479
379.5614106655121,0.24327,0.011465
379.6688861846924,0.24353,0.0115
379.78143310546875,0.24413,0.011363
379.89355540275574,0.24587,0.011233
380.0037145614624,0.24713,0.011159
380.1088137626648,0.24853,0.011177
380.2227568626404,0.249,0.011009
380.33191108703613,0.25027,0.011055
380.44177627563477,0.2514,0.010937
380.55293798446655,0.25387,0.010869
380.66153287887573,0.25507,0.010893
380.77201533317566,0.2556,0.010854
380.8713207244873,0.257,0.010808
380.9816393852234,0.2578,0.010817
381.08960795402527,0.25893,0.010811
381.2014443874359,0.26027,0.010777
381.31360602378845,0.261,0.010805
381.4106321334839,0.2626,0.010797
381.5121395587921,0.26367,0.010771
381.612184047699,0.26447,0.010753
381.71900486946106,0.26533,0.01075
381.83182978630066,0.2668,0.010785
381.9408977031708,0.26827,0.010818
382.0429413318634,0.2686,0.010805
382.14507150650024,0.27007,0.010861
382.2538387775421,0.271,0.010774
382.3655536174774,0.27213,0.010782
382.47337532043457,0.27287,0.010873
382.5821228027344,0.27487,0.010802
382.69400358200073,0.2764,0.010857
382.8038671016693,0.27613,0.010867
382.91167640686035,0.27827,0.010839
383.0232963562012,0.27933,0.010937
383.13176107406616,0.28073,0.010825
383.24190759658813,0.28213,0.010819
383.34590339660645,0.28307,0.010794
383.45323944091797,0.28387,0.010772
383.5644340515137,0.28493,0.010785
383.6715261936188,0.28607,0.01081
383.7837727069855,0.28807,0.010789
383.8916971683502,0.28867,0.01075
384.00131273269653,0.2902,0.010727
384.11241841316223,0.2904,0.010753
384.2217743396759,0.293,0.010818
384.32282423973083,0.29333,0.010722
384.4243791103363,0.2946,0.010685
384.53509068489075,0.2958,0.010769
384.64269065856934,0.29653,0.01071
384.7543239593506,0.29747,0.010677
384.8633210659027,0.2992,0.010643
384.97276186943054,0.29967,0.010689
385.08428049087524,0.30133,0.010709
385.1934394836426,0.3026,0.010735
385.30377674102783,0.30453,0.01084
385.41385436058044,0.0148,0.010709
385.5128433704376,0.0136,0.010678
385.6142578125,0.017467,0.010684
385.7266249656677,0.023667,0.010674
385.82644629478455,0.026667,0.010675
385.9213447570801,0.030067,0.010608
386.03009557724,0.0302,0.010691
386.14025115966797,0.036267,0.010695
386.24221539497375,0.0398,0.010641
386.33907675743103,0.042533,0.010658
386.44097805023193,0.045933,0.010657
386.54162216186523,0.048867,0.010634
386.64304423332214,0.051867,0.010606
386.74195766448975,0.051867,0.010689
386.8400869369507,0.058133,0.010653
386.94127082824707,0.0604,0.010633
387.04344296455383,0.061333,0.010733
387.15068340301514,0.063933,0.010624
387.2491183280945,0.069867,0.010658
387.3592839241028,0.072467,0.010705
387.4690544605255,0.075933,0.010714
387.5687029361725,0.079067,0.010632
387.68105697631836,0.082067,0.010741
387.79177021980286,0.084667,0.01069
387.8959438800812,0.087733,0.010761
388.0003800392151,0.090667,0.01077
388.10871148109436,0.092333,0.010673
388.2093880176544,0.093467,0.010688
388.32216811180115,0.095533,0.010682
388.4289929866791,0.096067,0.010712
388.53853607177734,0.097733,0.010697
388.6470522880554,0.098933,0.010774
388.7406768798828,0.102,0.010736
388.8400342464447,0.10207,0.010741
388.94772386550903,0.1034,0.010808
389.0631048679352,0.10433,0.010805
389.1714894771576,0.10553,0.010724
389.2828719615936,0.1086,0.010712
389.39073729515076,0.11,0.010784
389.49999475479126,0.11107,0.010719
389.60875415802,0.1122,0.010779
389.7188079357147,0.1136,0.010758
389.8303141593933,0.11527,0.010795
389.9402618408203,0.11633,0.010778
390.050008058548,0.1176,0.010835
390.15914583206177,0.11947,0.010835
390.26966738700867,0.1204,0.010889
390.3812131881714,0.12267,0.010817
390.4899492263794,0.12453,0.010819
390.6009359359741,0.12447,0.010849
390.70128321647644,0.12687,0.010887
390.8112189769745,0.12767,0.010872
390.91866087913513,0.12907,0.010893
391.02096247673035,0.1306,0.01085
391.1274063587189,0.1316,0.010905
391.2349998950958,0.13267,0.010956
391.34256744384766,0.13447,0.010859
391.4509515762329,0.13547,0.010835
391.5522623062134,0.1366,0.010942
391.65061235427856,0.13847,0.010791
391.762024641037,0.13953,0.010779
391.87070417404175,0.14053,0.010819
391.9781699180603,0.14173,0.010806
392.08971405029297,0.14347,0.010774
392.20131158828735,0.14533,0.010735
392.30875992774963,0.14687,0.010806
392.4184801578522,0.14807,0.010771
392.53182721138,0.1492,0.010792
392.6339204311371,0.15027,0.010777
392.74252223968506,0.15153,0.010829
392.8525323867798,0.1532,0.010774
392.96132493019104,0.15447,0.010874
393.0711262226105,0.15593,0.011047
393.18083691596985,0.157,0.010947
393.29038071632385,0.15787,0.011103
393.3999514579773,0.15873,0.010988
393.5094368457794,0.16147,0.011383
393.62141513824463,0.16153,0.01139
393.72136068344116,0.16367,0.011411
393.8207006454468,0.16513,0.011709
393.9321701526642,0.16627,0.01185
394.04068994522095,0.1678,0.012012
394.1426570415497,0.1692,0.01217
394.25035333633423,0.1696,0.012213
394.36259746551514,0.17133,0.012329
394.47321701049805,0.17213,0.012291
394.5794200897217,0.1734,0.012459
394.67998814582825,0.17473,0.012436
394.79274892807007,0.17567,0.012461
394.90157771110535,0.17633,0.012258
395.0129461288452,0.17927,0.012161
395.1202874183655,0.1788,0.012471
395.23187375068665,0.1808,0.012285
395.3418836593628,0.18167,0.012179
395.4539649486542,0.18227,0.012067
395.561980009079,0.18487,0.012111
395.6733613014221,0.186,0.011891
395.7825176715851,0.18653,0.011824
395.8909492492676,0.18767,0.011861
395.9984426498413,0.18893,0.011776
396.11299657821655,0.19047,0.011709
396.2253234386444,0.19193,0.011508
396.3332085609436,0.19287,0.011638
396.43896484375,0.19413,0.011413
396.5503034591675,0.19493,0.011313
396.65782141685486,0.19713,0.011422
396.76401376724243,0.19773,0.011316
396.85944747924805,0.19893,0.011254
396.9667937755585,0.2002,0.011217
397.07371973991394,0.20127,0.011222
397.169469833374,0.2024,0.01109
397.26794505119324,0.20247,0.011095
397.3703262805939,0.205,0.011081
397.4745638370514,0.20613,0.011019
397.57364678382874,0.20747,0.01101
397.6707675457001,0.20687,0.011065
397.7772309780121,0.20987,0.010955
397.8793978691101,0.2108,0.011067
397.9846832752228,0.2116,0.01099
398.0827593803406,0.21227,0.011211
398.1804885864258,0.21427,0.011021
398.2899091243744,0.21547,0.011164
398.40056562423706,0.2164,0.011301
398.50225496292114,0.21733,0.011467
398.60290932655334,0.2182,0.011562
398.7094419002533,0.2196,0.011377
398.8226466178894,0.2208,0.011605
398.9299063682556,0.22167,0.011374
399.04402256011963,0.22247,0.011649
399.14693212509155,0.22393,0.011418
399.26081132888794,0.22467,0.011568
399.3702640533447,0.22647,0.011566
399.4810531139374,0.2282,0.011616
399.5918753147125,0.22853,0.011481
399.7022867202759,0.2302,0.011611
399.80981397628784,0.23193,0.011628
399.9194848537445,0.23347,0.011574
400.03122067451477,0.23413,0.011501
400.1380636692047,0.23527,0.011453
400.250385761261,0.23633,0.011485
400.3639500141144,0.23707,0.011544
400.46948981285095,0.23893,0.011509
400.57944560050964,0.2394,0.011439
400.68682742118835,0.24027,0.011347
400.78259348869324,0.24193,0.011323
400.89110493659973,0.24287,0.01133
401.00109910964966,0.2454,0.011162
401.1089162826538,0.2452,0.011251
401.21158599853516,0.247,0.011063
401.3115744590759,0.248,0.011115
401.42155933380127,0.24833,0.010967
401.52432918548584,0.2504,0.01104
401.631929397583,0.2512,0.010903
401.7412910461426,0.251,0.010879
401.8521008491516,0.2534,0.010887
401.9615433216095,0.25467,0.010773
402.06977939605713,0.2556,0.010803
402.1841239929199,0.25653,0.010753
402.2919201850891,0.2582,0.010714
402.3996534347534,0.25867,0.010745
402.5010812282562,0.25993,0.01062
402.61253786087036,0.261,0.010808
402.72492933273315,0.26187,0.010725
402.83178186416626,0.26467,0.010749
402.94448947906494,0.26513,0.010739
403.0441257953644,0.266,0.010813
403.1571137905121,0.26747,0.010716
403.2626099586487,0.26787,0.01078
403.3727765083313,0.26947,0.010795
403.48200035095215,0.2706,0.010833
403.59503722190857,0.27147,0.010745
403.70289421081543,0.27273,0.010825
403.8039274215698,0.2736,0.010748
403.90538263320923,0.27493,0.01069
404.0125541687012,0.27607,0.010715
404.12436151504517,0.27733,0.010736
404.23240303993225,0.27927,0.010817
404.3439791202545,0.27947,0.010861
404.4549162387848,0.28173,0.010761
404.5642921924591,0.283,0.010793
404.6798014640808,0.2836,0.010781
404.78394865989685,0.28473,0.010798
404.8953905105591,0.28593,0.010715
405.0046136379242,0.28693,0.01073
405.10719084739685,0.28813,0.010672
405.21787905693054,0.28913,0.010728
405.3225107192993,0.29013,0.010694
405.43331265449524,0.2912,0.01066
405.54256534576416,0.29247,0.010606
405.6566321849823,0.29287,0.010728
405.76390981674194,0.2954,0.010766
405.8736000061035,0.2968,0.010697
405.98387455940247,0.29807,0.010651
406.094566822052,0.29827,0.010731
406.204452753067,0.30013,0.010761
406.3159945011139,0.30107,0.010688
406.42412304878235,0.30227,0.010749
406.52393436431885,0.30413,0.010707
406.6253094673157,0.012467,0.010957
406.73990416526794,0.0138,0.010669
406.8426718711853,0.017,0.010614
406.9551773071289,0.0202,0.010638
407.0638756752014,0.0232,0.010633
407.1759572029114,0.028867,0.010663
407.27468490600586,0.030067,0.010676
407.3753614425659,0.033267,0.010683
407.4769330024719,0.039267,0.010704
407.57501554489136,0.039533,0.010673
407.685688495636,0.041867,0.010635
407.7889804840088,0.045267,0.010562
407.8889124393463,0.051,0.01068
407.98885321617126,0.0514,0.010649
408.08894324302673,0.0548,0.010698
408.18869853019714,0.0608,0.010617
408.29089879989624,0.0606,0.010618
408.3920109272003,0.063533,0.010646
408.496399641037,0.066933,0.010713
408.59949469566345,0.0724,0.010695
408.69950127601624,0.075533,0.01073
408.7977967262268,0.075733,0.010698
408.9008479118347,0.078133,0.010725
409.0082941055298,0.081333,0.010737
409.11859226226807,0.084133,0.010656
409.23156213760376,0.089533,0.0107
409.34173798561096,0.091733,0.010756
409.4418160915375,0.092467,0.010622
409.54313611984253,0.0948,0.010709
409.6410069465637,0.096133,0.010801
409.7509973049164,0.097133,0.01068
409.85995960235596,0.099133,0.010706
409.96990489959717,0.10067,0.010689
410.0823185443878,0.1016,0.01075
410.18998312950134,0.10347,0.010772
410.2919569015503,0.1042,0.010794
410.4054961204529,0.1056,0.010778
410.51630902290344,0.1068,0.010804
410.62131214141846,0.10953,0.010795
410.72592639923096,0.11047,0.010761
410.8372263908386,0.111,0.010907
410.9465584754944,0.1134,0.010824
411.0590674877167,0.11493,0.010862
411.1645908355713,0.1166,0.010873
411.26688623428345,0.11767,0.010958
411.3675374984741,0.11867,0.01095
411.4779484272003,0.1202,0.010969
411.59114384651184,0.12207,0.010897
411.69662046432495,0.12313,0.010974
411.80737352371216,0.1242,0.011049
411.91933035850525,0.12707,0.010914
412.01855659484863,0.12693,0.01093
412.11702060699463,0.128,0.010987
412.22795486450195,0.13093,0.010994
412.3371539115906,0.1312,0.010851
412.44986629486084,0.13353,0.011084
412.56158089637756,0.13467,0.011014
412.66539192199707,0.13593,0.01101
412.77800822257996,0.13667,0.010972
412.8904275894165,0.13813,0.010826
412.9972438812256,0.1398,0.010873
413.1058859825134,0.14067,0.01087
413.21544575691223,0.14167,0.010805
413.32543301582336,0.14267,0.010895
413.43914771080017,0.14387,0.010822
413.5480794906616,0.1452,0.01082
413.6499309539795,0.14667,0.010825
413.7577359676361,0.14747,0.010799
413.8656404018402,0.15053,0.010822
413.980975151062,0.15033,0.010872
414.0919985771179,0.1524,0.010857
414.200257062912,0.15367,0.011012
414.3109574317932,0.155,0.011059
414.41793990135193,0.15653,0.011094
414.52801990509033,0.1576,0.011344
414.63135051727295,0.1594,0.011269
414.73593759536743,0.16,0.011289
414.8387773036957,0.16073,0.011311
414.94128251075745,0.16207,0.011839
415.0492877960205,0.16333,0.01185
415.15401577949524,0.16487,0.012014
415.261803150177,0.16533,0.012326
415.3690242767334,0.16807,0.012228
415.47743344306946,0.16793,0.012471
415.5891082286835,0.16953,0.012505
415.70015048980713,0.17207,0.012565
415.8005139827728,0.1732,0.012514
415.90743803977966,0.1736,0.012449
416.0186095237732,0.1752,0.012398
416.1188943386078,0.1764,0.012419
416.2196717262268,0.17747,0.012493
416.31967544555664,0.17893,0.012438
416.431667804718,0.18033,0.012419
416.53464937210083,0.18087,0.012227
416.6296417713165,0.1822,0.012156
416.7414929866791,0.18333,0.012117
416.8502926826477,0.18393,0.011882
416.96006655693054,0.18507,0.011988
417.07501220703125,0.18593,0.0118
417.1807019710541,0.1876,0.011634
417.28888058662415,0.19047,0.011636
417.401713848114,0.1898,0.011521
417.50929975509644,0.19133,0.011473
417.61993741989136,0.19367,0.011385
417.7299633026123,0.19507,0.011388
417.8385715484619,0.19593,0.011291
417.9408583641052,0.197,0.011207
418.0463716983795,0.19807,0.011195
418.1518831253052,0.19887,0.011176
418.25831389427185,0.20053,0.011143
418.36715030670166,0.2012,0.011119
418.4692487716675,0.2022,0.011015
418.5711863040924,0.2044,0.011019
418.67169404029846,0.205,0.010987
418.7706220149994,0.20613,0.010969
418.8694267272949,0.20713,0.011002
418.97390365600586,0.2082,0.011059
419.07100677490234,0.20933,0.010932
419.17291378974915,0.21053,0.010974
419.27871227264404,0.21187,0.011022
419.380393743515,0.21233,0.011098
419.4887628555298,0.2142,0.011073
419.6020517349243,0.21473,0.011124
419.6997241973877,0.21593,0.01114
419.8125522136688,0.2172,0.011257
419.9099323749542,0.21847,0.011309
420.01952600479126,0.21927,0.011406
420.1295573711395,0.22033,0.011572
420.2382218837738,0.22287,0.01144
420.34895157814026,0.22367,0.011439
420.45822858810425,0.22373,0.011548
420.57048439979553,0.2264,0.011461
420.6797957420349,0.2264,0.011415
420.79065203666687,0.2282,0.011582
420.9003825187683,0.22913,0.011532
421.01301622390747,0.2312,0.011574
421.11560463905334,0.23187,0.011522
421.2207398414612,0.23253,0.011553
421.32969999313354,0.2334,0.01149
421.4382150173187,0.23447,0.011437
421.5393409729004,0.2358,0.011302
421.64098167419434,0.237,0.01133
421.74979066848755,0.23807,0.011308
421.85968041419983,0.23947,0.011325
421.9694986343384,0.24127,0.011365
422.07745265960693,0.24233,0.0113
422.18797159194946,0.24273,0.011247
422.3014998435974,0.24427,0.011283
422.39887046813965,0.24567,0.011133
422.5079987049103,0.24613,0.011077
422.6179347038269,0.2478,0.011042
422.72992491722107,0.24933,0.010957
422.8395826816559,0.2498,0.01083
422.95097374916077,0.25147,0.010828
423.0589599609375,0.25267,0.010825
423.1726396083832,0.25407,0.010786
423.27862095832825,0.25553,0.01077
423.39210391044617,0.2554,0.010787
423.5003786087036,0.25793,0.010748
423.611611366272,0.25887,0.010702
423.7199420928955,0.25993,0.01075
423.82025265693665,0.2606,0.01069
423.92026925086975,0.26173,0.010727
424.0306489467621,0.26293,0.010693
424.14143657684326,0.26487,0.010729
424.24886298179626,0.265,0.010719
424.35922741889954,0.2666,0.010688
424.47134613990784,0.2672,0.010712
424.57890343666077,0.26833,0.010719
424.6936366558075,0.2692,0.010667
424.79857635498047,0.27113,0.01071
424.9112584590912,0.27307,0.010728
425.0212960243225,0.27413,0.010756
425.13002038002014,0.27533,0.01077
425.24144077301025,0.276,0.010672
425.3525130748749,0.277,0.010813
425.45172142982483,0.2784,0.010697
425.56055974960327,0.27947,0.010762
425.67031693458557,0.28073,0.010737
425.7805073261261,0.2814,0.010763
425.8928256034851,0.28227,0.010774
426.00216698646545,0.28433,0.010754
426.11178064346313,0.2856,0.01074
426.2150340080261,0.28673,0.010719
426.3196837902069,0.28713,0.010702
426.43143606185913,0.28893,0.0108
426.53266429901123,0.29073,0.010748
426.6312744617462,0.29187,0.01074
426.7422351837158,0.29113,0.010791
426.85221457481384,0.29293,0.01069
426.9610252380371,0.29387,0.010801
427.0722336769104,0.29487,0.010754
427.182697057724,0.2966,0.010787
427.2919113636017,0.29767,0.010793
427.40148878097534,0.29807,0.010765
427.5079643726349,0.3,0.010827
427.61986088752747,0.30127,0.010754
427.7303578853607,0.30187,0.010773
427.84245133399963,0.0148,0.010718
427.95304894447327,0.011133,0.010698
428.0595166683197,0.0168,0.010566
428.1607151031494,0.019733,0.010674
428.26168274879456,0.023,0.010636
428.3733937740326,0.026133,0.010638
428.482031583786,0.03,0.010656
428.5926790237427,0.033,0.010667
428.7006471157074,0.035667,0.010658
428.81104707717896,0.038533,0.010642
428.90996050834656,0.041733,0.010635
429.0220079421997,0.045267,0.010649
429.1316394805908,0.048467,0.010643
429.2303423881531,0.052,0.010691
429.33078026771545,0.054133,0.010602
429.4296922683716,0.057267,0.010598
429.53212690353394,0.060667,0.010683
429.63122940063477,0.064467,0.010649
429.7346284389496,0.066933,0.010678
429.83131670951843,0.069333,0.010648
429.934273481369,0.072467,0.01061
430.04082703590393,0.075067,0.010609
430.1465039253235,0.079067,0.010627
430.2483823299408,0.0824,0.010666
430.3489098548889,0.084333,0.01067
430.4571120738983,0.087667,0.010627
430.56791067123413,0.090267,0.010697
430.6805667877197,0.093267,0.010619
430.79023599624634,0.095067,0.010741
430.899955034256,0.096,0.010691
431.0099115371704,0.097667,0.010764
431.1233732700348,0.099,0.010784
431.23174691200256,0.099733,0.01085
431.33187913894653,0.101,0.010794
431.4335780143738,0.1028,0.010825
431.5398094654083,0.1042,0.010858
431.64795422554016,0.1056,0.010846
431.76013588905334,0.10727,0.010914
431.87238693237305,0.1084,0.010865
431.97911286354065,0.1114,0.01091
432.090945482254,0.1124,0.010939
432.2007853984833,0.11207,0.010991
432.30881452560425,0.115,0.011015
432.4227080345154,0.11653,0.010999
432.5190472602844,0.11653,0.011098
432.61924982070923,0.11867,0.011136
432.73003339767456,0.12027,0.011072
432.8418507575989,0.1222,0.011198
432.953852891922,0.12327,0.011252
433.06065487861633,0.1238,0.011178
433.1716101169586,0.1254,0.011258
433.28274965286255,0.12787,0.011334
433.3887269496918,0.12747,0.011265
433.4914479255676,0.12953,0.01114
433.59987354278564,0.13087,0.01122
433.71071434020996,0.13227,0.011231
433.8193325996399,0.13447,0.0112
433.93099784851074,0.13547,0.011104
434.03473377227783,0.13533,0.011055
434.1407690048218,0.13833,0.011011
434.2550358772278,0.1394,0.011167
434.36431908607483,0.14113,0.0109
434.47454833984375,0.1422,0.010875
434.5810594558716,0.143,0.010857
434.6909849643707,0.14487,0.010904
434.8014802932739,0.1452,0.010838
434.9097719192505,0.14847,0.010887
435.0206778049469,0.14813,0.010883
435.1315407752991,0.14947,0.010883
435.23881244659424,0.15187,0.010877
435.3601179122925,0.15167,0.010903
435.4506857395172,0.15287,0.010928
435.5628659725189,0.15467,0.011003
435.6624071598053,0.15653,0.011013
435.76229667663574,0.15787,0.011292
435.87742161750793,0.15867,0.011343
435.9733326435089,0.16073,0.011187
436.08468222618103,0.16133,0.011995
436.19580030441284,0.16207,0.011795
436.29130506515503,0.16333,0.011862
436.3897485733032,0.16467,0.012093
436.5055477619171,0.16587,0.012343
436.6030647754669,0.16713,0.01228
436.7020809650421,0.1684,0.012637
436.8130793571472,0.17,0.012633
436.9211404323578,0.17073,0.012638
437.03476762771606,0.17213,0.012645
437.12948203086853,0.17293,0.01265
437.244252204895,0.17367,0.012696
437.35439801216125,0.17473,0.012594
437.4652187824249,0.1774,0.012312
437.575270652771,0.179,0.01239
437.6839442253113,0.17973,0.012208
437.798157453537,0.1808,0.012182
437.9029150009155,0.18187,0.012093
438.0119752883911,0.18353,0.012133
438.12256050109863,0.1842,0.011988
438.23304748535156,0.18593,0.012049
438.3424496650696,0.18733,0.011678
438.455593585968,0.18773,0.01175
438.562965631485,0.18887,0.011482
438.6736214160919,0.1906,0.011421
438.7781732082367,0.19273,0.011438
438.8724596500397,0.19287,0.011291
438.9837963581085,0.1952,0.011289
439.0873167514801,0.19613,0.011318
439.1925971508026,0.19593,0.011219
439.30418252944946,0.1984,0.011151
439.4069550037384,0.19873,0.011093
439.50359582901,0.19887,0.011038
439.60950088500977,0.20033,0.01093
439.7185859680176,0.2026,0.01112
439.82308316230774,0.20387,0.011019
439.9179139137268,0.20507,0.010902
440.0184483528137,0.206,0.011003
440.1229362487793,0.2076,0.010956
440.22031116485596,0.2084,0.010967
440.32055830955505,0.20933,0.010981
440.4203519821167,0.21093,0.010878
440.52366971969604,0.2114,0.011049
440.6227879524231,0.21267,0.010997
440.7318501472473,0.21353,0.011207
440.8416712284088,0.21453,0.011118
440.94623160362244,0.21613,0.011149
441.0614392757416,0.2178,0.011158
441.17044019699097,0.21827,0.011128
441.2788209915161,0.2192,0.011209
441.38042664527893,0.2206,0.011215
441.48804450035095,0.2212,0.011268
441.59123730659485,0.22307,0.011274
441.69095945358276,0.2236,0.01127
441.8016219139099,0.22513,0.011266
441.90031027793884,0.22633,0.011274
442.0020577907562,0.2282,0.011322
442.11175990104675,0.22833,0.011294
442.2222743034363,0.2302,0.011279
442.3329107761383,0.23173,0.011325
442.44337129592896,0.23227,0.011343
442.5512752532959,0.23373,0.011229
442.6617043018341,0.23553,0.011275
442.7726843357086,0.23567,0.011263
442.88139295578003,0.237,0.011146
442.9959182739258,0.23853,0.011222
443.09991931915283,0.2392,0.011128
443.2115361690521,0.24113,0.01118
443.3182125091553,0.24167,0.011194
443.430317401886,0.2442,0.011021
443.5407543182373,0.2452,0.01104
443.64016580581665,0.24593,0.011022
443.74902081489563,0.2474,0.010829
443.8638861179352,0.2484,0.010845
443.9723279476166,0.24927,0.010843
444.08180928230286,0.24953,0.01081
444.17938327789307,0.25107,0.010831
444.28282141685486,0.25247,0.010764
444.3938412666321,0.2536,0.010758
444.5023281574249,0.2542,0.010697
444.61339235305786,0.25547,0.010738
444.7207531929016,0.25693,0.010707
444.8316316604614,0.25787,0.010684
444.9468443393707,0.26,0.010675
445.0539073944092,0.2598,0.010688
445.16274666786194,0.26133,0.01071
445.27416467666626,0.2632,0.01067
445.38370752334595,0.26467,0.010671
445.49086594581604,0.26587,0.010626
445.5930972099304,0.26693,0.010696
445.7034320831299,0.26827,0.010644
445.8118314743042,0.26913,0.010667
445.92503786087036,0.26993,0.01064
446.02977657318115,0.27147,0.010777
446.1412274837494,0.27293,0.010708
446.25371503829956,0.2744,0.010747
446.3650596141815,0.27413,0.010671
446.47305560112,0.27673,0.010709
446.57113122940063,0.2766,0.010697
446.674378156662,0.27733,0.010664
446.7844076156616,0.27893,0.010719
446.8938570022583,0.28033,0.010679
447.00411343574524,0.28193,0.010694
447.11288595199585,0.28227,0.010715
447.2222135066986,0.2836,0.010787
447.33712363243103,0.2848,0.010752
447.43332862854004,0.2856,0.010774
447.5457446575165,0.28673,0.010734
447.65001702308655,0.2882,0.01072
447.7600224018097,0.2894,0.010762
447.87149596214294,0.29,0.010788
447.9742591381073,0.29147,0.010836
448.081591129303,0.29367,0.010836
448.1926956176758,0.29353,0.010786
448.30131912231445,0.29553,0.01083
448.41317105293274,0.29687,0.010855
448.52372336387634,0.2976,0.010893
448.6344521045685,0.29873,0.010893
448.74123215675354,0.29967,0.010883
448.8425419330597,0.3012,0.010886
448.944518327713,0.3028,0.010945
449.04221653938293,0.30473,0.010864
449.158175945282,0.012733,0.0114
449.25417828559875,0.013333,0.010676
449.3645124435425,0.016933,0.010703
449.47717094421387,0.020467,0.010628
449.5854740142822,0.024667,0.010648
449.69425916671753,0.026067,0.010642
449.8076980113983,0.0294,0.010723
449.9165894985199,0.0362,0.010683
450.0225582122803,0.039,0.010704
450.12462735176086,0.038733,0.010676
450.22718334198,0.045,0.010667
450.3278272151947,0.0484,0.010668
450.43914675712585,0.051667,0.010642
450.54586362838745,0.0538,0.010659
450.64815855026245,0.056667,0.0107
450.7455439567566,0.059933,0.010671
450.84570360183716,0.063267,0.010669
450.9457678794861,0.065667,0.010673
451.0513684749603,0.068733,0.010697
451.1508619785309,0.0718,0.010676
451.2497203350067,0.074467,0.010635
451.3503198623657,0.0782,0.010654
451.44905972480774,0.080733,0.010692
451.54868936538696,0.083533,0.010632
451.64871549606323,0.083667,0.010678
451.74838376045227,0.089667,0.01061
451.8564748764038,0.091533,0.010665
451.96238231658936,0.0932,0.010707
452.0690493583679,0.094067,0.010741
452.18151211738586,0.096067,0.010687
452.28369760513306,0.0968,0.01081
452.39127135276794,0.098267,0.010859
452.5013995170593,0.10033,0.010879
452.60905265808105,0.10153,0.010838
452.71773958206177,0.1024,0.01085
452.8293824195862,0.104,0.010906
452.9389696121216,0.10527,0.010933
453.04989314079285,0.10693,0.011033
453.1592209339142,0.10933,0.011158
453.26813554763794,0.11073,0.011099
453.3798391819,0.1118,0.011126
453.4796531200409,0.11287,0.011223
453.5889780521393,0.11433,0.011295
453.6993033885956,0.11567,0.011253
453.79946398735046,0.11687,0.011367
453.9143943786621,0.11813,0.011388
454.0203380584717,0.1202,0.011422
454.11909556388855,0.12073,0.011369
454.2302198410034,0.1216,0.011503
454.34384751319885,0.12333,0.011615
454.44805455207825,0.12433,0.01166
454.55769324302673,0.1272,0.011532
454.6594557762146,0.12733,0.011118
454.7710108757019,0.1296,0.011581
454.88428950309753,0.13147,0.011462
454.9823007583618,0.13073,0.011019
455.0910806655884,0.1334,0.011366
455.18946528434753,0.13527,0.011188
455.30069398880005,0.1366,0.011242
455.40087246894836,0.13753,0.011126
455.501428604126,0.1388,0.011042
455.6107726097107,0.14013,0.011143
455.71907687187195,0.1414,0.011078
455.83123445510864,0.143,0.011002
455.9430913925171,0.14327,0.010857
456.05138182640076,0.145,0.010986
456.165150642395,0.14587,0.010904
456.27261424064636,0.14707,0.010943
456.38132977485657,0.14847,0.010899
456.48858523368835,0.14913,0.010906
456.59917068481445,0.152,0.010872
456.7095844745636,0.1522,0.010975
456.821017742157,0.1546,0.01119
456.9327654838562,0.1554,0.011173
457.04201316833496,0.1574,0.011265
457.1490571498871,0.15793,0.01157
457.2613866329193,0.1596,0.011464
457.3738839626312,0.16087,0.011617
457.48047614097595,0.1622,0.012229
457.5916748046875,0.1642,0.012243
457.69227385520935,0.16407,0.012363
457.80200242996216,0.16513,0.012464
457.9132070541382,0.16793,0.012644
458.0200741291046,0.16787,0.012534
458.1299476623535,0.17033,0.012644
458.24101424217224,0.171,0.012677
458.3492066860199,0.173,0.012566
458.4593200683594,0.17407,0.012713
458.55709958076477,0.1748,0.012473
458.6708734035492,0.176,0.01232
458.7801342010498,0.1772,0.012482
458.89082384109497,0.17773,0.012245
458.9996585845947,0.1792,0.012343
459.1109185218811,0.1798,0.012175
459.2063236236572,0.18107,0.012143
459.31982254981995,0.18227,0.012312
459.43200635910034,0.18367,0.012088
459.5410099029541,0.1858,0.011771
459.6502904891968,0.18753,0.011702
459.7531363964081,0.1886,0.01166
459.8615417480469,0.1892,0.011592
459.97322392463684,0.191,0.011606
460.0826807022095,0.19153,0.011365
460.1932384967804,0.1928,0.011285
460.29078245162964,0.1942,0.011397
460.40159130096436,0.19507,0.011235
460.5102927684784,0.1966,0.011119
460.6218831539154,0.1976,0.011079
460.73035073280334,0.1986,0.011066
460.82943058013916,0.20093,0.011094
460.9378459453583,0.20113,0.010955
461.03973841667175,0.20213,0.010936
461.15046548843384,0.20447,0.010967
461.2568335533142,0.20453,0.010974
461.3604302406311,0.20587,0.010863
461.4596920013428,0.20667,0.01086
461.56039118766785,0.20913,0.01087
461.66032886505127,0.21,0.010974
461.7627785205841,0.2106,0.010937
461.8610155582428,0.211,0.010968
461.9622995853424,0.2128,0.010949
462.0613582134247,0.2138,0.011012
462.1690468788147,0.21527,0.011047
462.2698314189911,0.21527,0.011015
462.37868762016296,0.218,0.011022
462.4937524795532,0.21767,0.011109
462.59895157814026,0.22013,0.011087
462.707914352417,0.22113,0.011123
462.8186116218567,0.222,0.011101
462.9172613620758,0.2234,0.011201
463.02778840065,0.22467,0.011203
463.13869309425354,0.22567,0.011082
463.2505474090576,0.227,0.011186
463.36278080940247,0.2276,0.011169
463.46849179267883,0.23007,0.01111
463.57726979255676,0.23,0.011085
463.6869478225708,0.23233,0.01111
463.78932070732117,0.23353,0.011147
463.9002845287323,0.23413,0.011126
464.0097632408142,0.23567,0.011177
464.10931849479675,0.23633,0.011162
464.2183310985565,0.23767,0.011149
464.3326654434204,0.23853,0.011156
464.4388937950134,0.24033,0.01103
464.5476725101471,0.241,0.011014
464.6492156982422,0.24213,0.011006
464.7590551376343,0.24313,0.011015
464.8687036037445,0.2446,0.010814
464.9707832336426,0.24533,0.010848
465.07876467704773,0.24627,0.010866
465.1889190673828,0.24773,0.010828
465.2882101535797,0.2486,0.010707
465.39026832580566,0.24993,0.01069
465.50280356407166,0.2512,0.010753
465.6141378879547,0.252,0.010736
465.72232699394226,0.25367,0.010782
465.82823872566223,0.2538,0.010714
465.9430456161499,0.2558,0.010714
466.0506865978241,0.2572,0.010706
466.1581542491913,0.25813,0.010694
466.26924085617065,0.25947,0.010704
466.37912607192993,0.26067,0.010688
466.4811954498291,0.26167,0.010715
466.59312653541565,0.2628,0.01069
466.6898567676544,0.26393,0.0107
466.7901186943054,0.2648,0.010661
466.89919924736023,0.26567,0.010646
466.9998388290405,0.2674,0.010629
467.1089737415314,0.2686,0.010712
467.2198646068573,0.27087,0.010735
467.33121156692505,0.2708,0.010731
467.43842458724976,0.27293,0.0106
467.5513370037079,0.27233,0.01067
467.6600351333618,0.27473,0.01073
467.76955938339233,0.2764,0.010632
467.88032054901123,0.27727,0.010686
467.9903371334076,0.278,0.010723
468.1015784740448,0.2788,0.010751
468.21005153656006,0.28,0.010777
468.3216700553894,0.28153,0.010746
468.42950558662415,0.28273,0.010751
468.5437910556793,0.2842,0.010775
468.6535074710846,0.28413,0.01079
468.7588038444519,0.2858,0.010797
468.85829997062683,0.287,0.010892
468.95990538597107,0.2878,0.010857
469.07155776023865,0.2892,0.010821
469.1807425022125,0.29113,0.01089
469.2939932346344,0.2918,0.010867
469.40183544158936,0.2932,0.010908
469.51200103759766,0.29373,0.010926
469.61313128471375,0.29507,0.010959
469.7215950489044,0.297,0.010995
469.83192563056946,0.2972,0.010985
469.9423818588257,0.298,0.01103
470.0508177280426,0.30053,0.011007
470.16039276123047,0.3004,0.010998
470.2719638347626,0.30347,0.01108
470.37189769744873,0.304,0.011109
470.485876083374,0.0134,0.010714
470.5937099456787,0.016333,0.010664
470.70332407951355,0.019533,0.010669
470.81033396720886,0.023,0.010646
470.911337852478,0.0262,0.010721
471.02075839042664,0.028867,0.010652
471.1249899864197,0.0314,0.010726
471.2334179878235,0.0354,0.010694
471.34137749671936,0.0384,0.010669
471.4534161090851,0.041533,0.01069
471.5616841316223,0.045133,0.010715
471.6594150066376,0.048133,0.010634
471.7642412185669,0.051,0.010633
471.86000967025757,0.053867,0.010628
471.97023916244507,0.058667,0.01063
472.0697247982025,0.060067,0.010662
472.1720390319824,0.063133,0.010653
472.2731947898865,0.0678,0.010657
472.3707525730133,0.069133,0.010597
472.4754784107208,0.072,0.010697
472.5729978084564,0.0748,0.010656
472.67355155944824,0.077933,0.010653
472.7749116420746,0.0804,0.010725
472.8787078857422,0.083733,0.010585
472.9797043800354,0.087133,0.010639
473.09434151649475,0.0896,0.0108
473.1866502761841,0.091,0.010674
473.298992395401,0.094267,0.010786
473.4101185798645,0.096,0.010836
473.5222198963165,0.097067,0.010797
473.6288607120514,0.098267,0.010847
473.7296268939972,0.0996,0.010947
473.83833622932434,0.10067,0.010978
473.9487543106079,0.10233,0.011068
474.0614244937897,0.1036,0.01104
474.17080450057983,0.10553,0.011154
474.2707908153534,0.10687,0.011172
474.3789999485016,0.10787,0.011219
474.4892249107361,0.10893,0.011448
474.6001732349396,0.1102,0.011307
474.70857667922974,0.1118,0.011538
474.82074522972107,0.113,0.011354
474.91907024383545,0.1158,0.011655
475.03013706207275,0.1174,0.011788
475.1397979259491,0.11833,0.011736
475.25132489204407,0.11967,0.0117
475.36069560050964,0.1206,0.011795
475.4753165245056,0.12247,0.012002
475.57836079597473,0.12387,0.011843
475.6908028125763,0.12507,0.011846
475.7996914386749,0.12647,0.01173
475.90953493118286,0.12747,0.011671
476.0186982154846,0.13027,0.011613
476.12918615341187,0.13127,0.011755
476.2407822608948,0.132,0.01163
476.35076904296875,0.13373,0.01156
476.4522981643677,0.13513,0.011378
476.5596022605896,0.13547,0.01137
476.658077955246,0.13807,0.011529
476.7607879638672,0.13887,0.011238
476.8701169490814,0.1386,0.011225
476.97977471351624,0.14127,0.011057
477.09242939949036,0.14247,0.011024
477.19923090934753,0.14313,0.011051
477.29597783088684,0.1448,0.010929
477.4105486869812,0.14627,0.010983
477.52195596694946,0.14747,0.010947
477.61867785453796,0.14833,0.011024
477.7320568561554,0.1504,0.010935
477.84175419807434,0.15027,0.011038
477.95005106925964,0.153,0.010981
478.06016206741333,0.1544,0.011145
478.1700248718262,0.15487,0.011397
478.27968549728394,0.1566,0.011271
478.3952238559723,0.158,0.011303
478.50010681152344,0.1592,0.011708
478.608713388443,0.1606,0.011506
478.71731901168823,0.16133,0.012055
478.82896900177,0.16273,0.011864
478.92929434776306,0.16367,0.012095
479.02943325042725,0.16473,0.012054
479.1463129520416,0.16613,0.01258
479.2502739429474,0.16787,0.012575
479.35776686668396,0.16867,0.01237
479.4729497432709,0.16987,0.012534
479.5793535709381,0.17213,0.01243
479.6864037513733,0.17333,0.012502
479.8033940792084,0.1744,0.012579
479.9171071052551,0.17593,0.012694
480.0101385116577,0.17733,0.012295
480.1205167770386,0.17727,0.012267
480.2304062843323,0.1792,0.012329
480.34195947647095,0.18047,0.012212
480.45051074028015,0.1816,0.011915
480.5505440235138,0.18233,0.011949
480.6631598472595,0.18427,0.012009
480.7717971801758,0.18493,0.011826
480.8802149295807,0.18687,0.011778
480.99217438697815,0.18713,0.011579
481.0982973575592,0.1884,0.01153
481.213666677475,0.19047,0.011436
481.3188123703003,0.19127,0.011321
481.4287178516388,0.1928,0.011311
481.54085183143616,0.19387,0.011318
481.6423559188843,0.1946,0.011101
481.7412860393524,0.1964,0.011082
481.85116815567017,0.1972,0.011006
481.9603316783905,0.19847,0.011007
482.06995272636414,0.1994,0.011031
482.1817500591278,0.20087,0.01094
482.28359150886536,0.20233,0.010913
482.3867259025574,0.20307,0.010899
482.4920427799225,0.20467,0.010871
482.596563577652,0.20527,0.01074
482.7082874774933,0.20673,0.010842
482.8089187145233,0.20787,0.010913
482.91028022766113,0.20893,0.010836
483.0097849369049,0.21073,0.010931
483.1100432872772,0.211,0.01083
483.2112214565277,0.21207,0.010942
483.3147044181824,0.21353,0.010928
483.41005635261536,0.2144,0.010999
483.51507115364075,0.21587,0.010922
483.61900067329407,0.2166,0.011151
483.71930408477783,0.21753,0.01089
483.8292953968048,0.2186,0.011085
483.92829990386963,0.2198,0.011041
484.040753364563,0.22213,0.011168
484.1504349708557,0.22347,0.011012
484.248220205307,0.22413,0.011024
484.3573076725006,0.2252,0.011093
484.4714906215668,0.2268,0.011014
484.5681538581848,0.2274,0.011061
484.6796998977661,0.229,0.01105
484.78968477249146,0.2302,0.011151
484.88879227638245,0.23127,0.011084
485.0026307106018,0.23187,0.010992
485.1111390590668,0.23327,0.010986
485.20871663093567,0.23407,0.011067
485.30821347236633,0.23493,0.011007
485.41785621643066,0.23627,0.010903
485.52786207199097,0.23753,0.010903
485.6409125328064,0.23793,0.010983
485.74876070022583,0.2392,0.010902
485.8601870536804,0.24073,0.01094
485.96946811676025,0.24353,0.010812
486.08244943618774,0.24473,0.010801
486.1916174888611,0.24587,0.010767
486.30155515670776,0.2466,0.010714
486.4104907512665,0.24773,0.010793
486.52015447616577,0.24933,0.01078
486.6349711418152,0.24947,0.010773
486.7313838005066,0.25073,0.010691
486.83187317848206,0.25147,0.010741
486.9405450820923,0.25293,0.010726
487.0497946739197,0.2538,0.010693
487.161372423172,0.25533,0.010769
487.270610332489,0.25567,0.010699
487.3818566799164,0.25793,0.010702
487.49073910713196,0.2594,0.010701
487.6005699634552,0.25913,0.010684
487.7049288749695,0.26127,0.010665
487.81135654449463,0.26267,0.010698
487.9211344718933,0.2642,0.010697
488.0188295841217,0.26487,0.010704
488.132061958313,0.26593,0.010693
488.23238492012024,0.26693,0.010657
488.3419179916382,0.2684,0.010689
488.4524874687195,0.26927,0.010719
488.56194949150085,0.27047,0.010712
488.6694040298462,0.27127,0.010632
488.76781487464905,0.27293,0.010709
488.87548542022705,0.2738,0.010686
488.97357654571533,0.27487,0.010674
489.0803334712982,0.27607,0.010658
489.19221091270447,0.27787,0.010679
489.29138565063477,0.2776,0.010638
489.4021511077881,0.27887,0.010763
489.5118353366852,0.28013,0.010689
489.6234030723572,0.28167,0.010782
489.7333047389984,0.28347,0.010758
489.8333065509796,0.28453,0.010783
489.9463975429535,0.28553,0.01079
490.05219984054565,0.28673,0.010859
490.1594138145447,0.28727,0.01082
490.2704288959503,0.28847,0.010919
490.3815882205963,0.29013,0.010958
490.4918701648712,0.29173,0.011002
490.60230684280396,0.29153,0.011052
490.711594581604,0.29273,0.011028
490.82485032081604,0.29387,0.011059
490.93598222732544,0.29607,0.011038
491.0456311702728,0.29707,0.01104
491.1563196182251,0.29787,0.011128
491.2637884616852,0.29927,0.011114
491.3731062412262,0.30027,0.011123
491.48195576667786,0.30133,0.011175
491.5928726196289,0.30393,0.011217
491.69163370132446,0.0118,0.011958
491.7920410633087,0.012867,0.0107
491.9025447368622,0.0156,0.010626
492.0131559371948,0.019733,0.010715
492.1255841255188,0.022933,0.010715
492.2323977947235,0.028733,0.010686
492.34261322021484,0.031733,0.010667
492.45392751693726,0.035333,0.010699
492.5641179084778,0.035267,0.010761
492.66019344329834,0.0414,0.010632
492.77141785621643,0.044467,0.010718
492.872909784317,0.0472,0.010647
492.9786539077759,0.050267,0.010671
493.08345580101013,0.053133,0.010648
493.1859874725342,0.056733,0.010677
493.29080629348755,0.059533,0.010673
493.3893620967865,0.062867,0.010677
493.49374175071716,0.066133,0.010724
493.59143018722534,0.069067,0.010713
493.6922445297241,0.0714,0.010641
493.7891297340393,0.074333,0.010691
493.89164662361145,0.0776,0.010696
493.99400568008423,0.080267,0.010681
494.09292674064636,0.0834,0.010722
494.1965711116791,0.0866,0.010726
494.29549765586853,0.088933,0.010747
494.3968367576599,0.0914,0.010791
494.5051062107086,0.093,0.010805
494.61700344085693,0.094333,0.010883
494.71809816360474,0.095267,0.010954
494.82446551322937,0.0968,0.010958
494.93333172798157,0.098067,0.010939
495.04592394828796,0.099667,0.011141
495.15284490585327,0.10067,0.011274
495.2549502849579,0.10233,0.011311
495.3664014339447,0.10387,0.011386
495.4777228832245,0.1062,0.011495
495.58393478393555,0.10727,0.011646
495.6936824321747,0.10793,0.011589
495.8040132522583,0.11073,0.011809
495.915668964386,0.11147,0.011805
496.0279462337494,0.11287,0.011847
496.13492226600647,0.1146,0.012073
496.24689292907715,0.11627,0.012247
496.35480785369873,0.11687,0.012134
496.46676659584045,0.11833,0.011988
496.5737054347992,0.11973,0.012142
496.678103685379,0.12,0.012078
496.77750849723816,0.1216,0.012071
496.8876826763153,0.1238,0.012026
496.9857089519501,0.12467,0.011842
497.0982744693756,0.12627,0.011881
497.20551013946533,0.12813,0.012063
497.3169493675232,0.12927,0.011817
497.42735028266907,0.1312,0.011611
497.5393166542053,0.13273,0.011607
497.6474208831787,0.1342,0.011733
497.75762271881104,0.13553,0.011574
497.86721682548523,0.13673,0.011608
497.96895027160645,0.13727,0.011383
498.0675628185272,0.139,0.011305
498.1805577278137,0.13973,0.011422
498.28758001327515,0.141,0.011163
498.40294551849365,0.1422,0.011049
498.50569248199463,0.14527,0.010953
498.6194849014282,0.14467,0.011045
498.7286238670349,0.1478,0.010965
498.8356673717499,0.14813,0.011011
498.95008969306946,0.14973,0.01093
499.0574839115143,0.1508,0.010999
499.1704225540161,0.15187,0.010978
499.2774348258972,0.15333,0.011016
499.38670802116394,0.15453,0.011069
499.49779629707336,0.15667,0.011177
499.6087718009949,0.15653,0.011371
499.7203299999237,0.15793,0.011379
499.8170371055603,0.159,0.01179
499.9304213523865,0.1598,0.012115
500.0408787727356,0.16227,0.011926
500.14800119400024,0.1636,0.011995
500.24781942367554,0.165,0.012267
500.34866166114807,0.1654,0.012285
500.4584307670593,0.16707,0.012203
500.5701744556427,0.16853,0.012305
500.6812572479248,0.17013,0.012318
500.78603315353394,0.17067,0.012291
500.90004444122314,0.1722,0.01241
501.01391768455505,0.17333,0.012383
501.114385843277,0.17453,0.012353
501.21088099479675,0.17693,0.012331
501.3180651664734,0.17647,0.012262
501.4310028553009,0.17833,0.012263
501.5397880077362,0.17973,0.012082
501.65144777297974,0.18,0.011945
501.7499735355377,0.18153,0.011947
501.8574798107147,0.18387,0.011805
501.96842098236084,0.1852,0.011738
502.0708978176117,0.18607,0.011572
502.1809501647949,0.1872,0.011617
502.2874004840851,0.1884,0.011554
502.4033405780792,0.1892,0.01143
502.5082550048828,0.1908,0.011496
502.6109848022461,0.19247,0.011315
502.71821212768555,0.19267,0.011309
502.8331699371338,0.19447,0.011269
502.9289216995239,0.19487,0.011193
503.03756952285767,0.1966,0.011145
503.14895820617676,0.1984,0.010979
503.25768876075745,0.19867,0.011087
503.3703100681305,0.1994,0.010936
503.4799349308014,0.20073,0.010871
503.5826551914215,0.20353,0.010943
503.6784439086914,0.20387,0.01085
503.77915239334106,0.2054,0.010828
503.8910217285156,0.20647,0.010846
504.0034592151642,0.2064,0.010765
504.0983259677887,0.20733,0.010887
504.2007637023926,0.2102,0.010786
504.29873275756836,0.21113,0.010813
504.4011092185974,0.21113,0.010843
504.5011565685272,0.21387,0.010779
504.6063210964203,0.2146,0.010813
504.7049255371094,0.2142,0.010799
504.8015387058258,0.21533,0.010851
504.9042453765869,0.21773,0.010846
505.01041984558105,0.21927,0.010878
505.1125864982605,0.22067,0.010792
505.2183835506439,0.22107,0.010994
505.3176643848419,0.222,0.010978
505.4291777610779,0.22327,0.01097
505.5448729991913,0.2248,0.010947
505.6391258239746,0.22533,0.010881
505.750284910202,0.22653,0.010987
505.8575439453125,0.2274,0.010955
505.9651839733124,0.22893,0.01097
506.0699300765991,0.22987,0.010902
506.17975783348083,0.2308,0.010918
506.2897412776947,0.2318,0.010868
506.398508310318,0.23233,0.010894
506.50849771499634,0.234,0.010882
506.6195318698883,0.23633,0.010887
506.7208640575409,0.2372,0.010857
506.81969356536865,0.23793,0.01078
506.9311327934265,0.23993,0.010869
507.0392892360687,0.24033,0.010829
507.149062871933,0.24213,0.010766
507.2594530582428,0.2426,0.010779
507.3701686859131,0.24413,0.010811
507.4817945957184,0.2456,0.010782
507.59164690971375,0.24647,0.010781
507.69151973724365,0.24713,0.010697
507.8006365299225,0.24853,0.010784
507.90843176841736,0.24947,0.010772
508.01964378356934,0.25033,0.010713
508.13021874427795,0.25187,0.010722
508.23121905326843,0.254,0.010678
508.3428575992584,0.25427,0.010658
508.450829744339,0.2564,0.010657
508.55829071998596,0.2576,0.010773
508.67088532447815,0.25833,0.010705
508.7787516117096,0.25967,0.010737
508.8811283111572,0.26067,0.010732
508.98245549201965,0.26087,0.010689
509.08891201019287,0.2628,0.010745
509.2057123184204,0.2644,0.010738
509.31095123291016,0.26527,0.010707
509.4217450618744,0.26587,0.01067
509.5305030345917,0.2668,0.010727
509.64173650741577,0.26787,0.010721
509.75213861465454,0.2698,0.010651
509.85222005844116,0.2702,0.010713
509.960328578949,0.27187,0.010724
510.07055139541626,0.27213,0.010699
510.18080043792725,0.27433,0.010702
510.2903747558594,0.27567,0.010761
510.4015817642212,0.27713,0.01074
510.5103898048401,0.27767,0.010789
510.6090421676636,0.2786,0.010769
510.72233414649963,0.2798,0.010811
510.83222556114197,0.28127,0.010843
510.9398384094238,0.2826,0.010857
511.0526833534241,0.28353,0.010807
511.1513614654541,0.28433,0.010862
511.25993514060974,0.28633,0.010894
511.37186431884766,0.28607,0.01099
511.4799361228943,0.2876,0.011021
511.5906414985657,0.28953,0.011099
511.6896617412567,0.2904,0.011049
511.79184222221375,0.29093,0.011109
511.90425276756287,0.29273,0.011234
512.0112371444702,0.29353,0.011199
512.1221604347229,0.2946,0.011252
512.2329013347626,0.29613,0.011297
512.3427112102509,0.29727,0.011293
512.4515726566315,0.2978,0.01126
512.5623157024384,0.29913,0.011216
512.6729643344879,0.2996,0.011331
512.7827386856079,0.30133,0.011312
512.8929874897003,0.3032,0.011416
513.0009126663208,0.0124,0.010707
513.1110224723816,0.014867,0.010711
513.2213785648346,0.019067,0.010623
513.3394644260406,0.021867,0.010758
513.4408092498779,0.024867,0.010749
513.5539557933807,0.0282,0.010706
513.6510579586029,0.031533,0.010746
513.7631070613861,0.034133,0.010625
513.8725533485413,0.038333,0.010674
513.9747679233551,0.040667,0.010717
514.0750567913055,0.044067,0.010727
514.1856198310852,0.0472,0.010681
514.294659614563,0.0532,0.010722
514.3932197093964,0.0534,0.010722
514.492265701294,0.058733,0.010735
514.5992290973663,0.059267,0.010686
514.7000005245209,0.062933,0.01071
514.8100306987762,0.067667,0.010658
514.909761428833,0.0714,0.010726
515.0074121952057,0.0714,0.010705
515.1110944747925,0.074467,0.010729
515.2127997875214,0.0802,0.010703
515.3114907741547,0.082933,0.010725
515.4110169410706,0.082933,0.010667
515.5102980136871,0.085667,0.01079
515.6164271831512,0.088933,0.010835
515.7214138507843,0.091133,0.010854
515.8206148147583,0.093,0.010878
515.9288773536682,0.093867,0.010946
516.0373747348785,0.094733,0.011086
516.1482529640198,0.0978,0.011181
516.2500915527344,0.099267,0.011294
516.3603594303131,0.10073,0.011364
516.4763011932373,0.10213,0.011486
516.5783023834229,0.10293,0.01157
516.6799473762512,0.1044,0.011603
516.781415939331,0.10593,0.011827
516.8888187408447,0.1072,0.012072
516.9978828430176,0.10913,0.012109
517.1026909351349,0.11053,0.012143
517.2098803520203,0.1112,0.012325
517.3228254318237,0.1128,0.012276
517.4296412467957,0.1142,0.01244
517.5356028079987,0.116,0.012555
517.6316771507263,0.1168,0.01241
517.7412083148956,0.118,0.012413
517.8427400588989,0.11907,0.012502
517.9578003883362,0.1208,0.01224
518.0610208511353,0.12293,0.01237
518.1714766025543,0.12513,0.012337
518.2808828353882,0.12607,0.012191
518.3910329341888,0.12773,0.011925
518.5003225803375,0.12793,0.012115
518.6086220741272,0.1298,0.011994
518.7128698825836,0.13113,0.012115
518.8214542865753,0.1324,0.011821
518.9315087795258,0.13367,0.011789
519.0297267436981,0.13553,0.011688
519.1309127807617,0.13613,0.011533
519.2330913543701,0.1378,0.011489
519.342937707901,0.13887,0.011506
519.4538660049438,0.1404,0.011458
519.5614459514618,0.14107,0.011322
519.6700723171234,0.14247,0.011182
519.7888557910919,0.14487,0.011193
519.8945789337158,0.1462,0.010995
520.0017504692078,0.14767,0.011049
520.1187930107117,0.14847,0.010979
520.2205326557159,0.14927,0.010923
520.3331813812256,0.15133,0.010999
520.4336619377136,0.15213,0.010937
520.531786441803,0.15327,0.011037
520.6429903507233,0.1542,0.011121
520.7409763336182,0.15553,0.011305
520.8542404174805,0.15753,0.011525
520.9614880084991,0.1586,0.011482
521.0755355358124,0.1596,0.011592
521.1830759048462,0.16047,0.011728
521.2828722000122,0.1622,0.011932
521.3930063247681,0.16267,0.011992
521.504848241806,0.1652,0.011942
521.6144161224365,0.1656,0.011992
521.7232003211975,0.166,0.012027
521.8281519412994,0.16907,0.012131
521.9353988170624,0.17053,0.012255
522.0439758300781,0.17113,0.012208
522.1540582180023,0.17213,0.012203
522.2649478912354,0.17393,0.012209
522.3724167346954,0.17487,0.012347
522.483030796051,0.17633,0.012327
522.5938322544098,0.1774,0.012211
522.7043673992157,0.17927,0.012274
522.8130414485931,0.1792,0.011813
522.9252235889435,0.18187,0.011771
523.0338125228882,0.1822,0.011825
523.1433844566345,0.1842,0.011763
523.252984046936,0.1846,0.011731
523.3651785850525,0.1864,0.011621
523.4718794822693,0.188,0.011538
523.5856330394745,0.18873,0.011508
523.6931829452515,0.1896,0.011401
523.8088433742523,0.1906,0.011208
523.9033098220825,0.19213,0.011145
524.0033586025238,0.193,0.011158
524.1032571792603,0.19407,0.011236
524.2176215648651,0.1956,0.011081
524.3105750083923,0.19647,0.011025
524.4246528148651,0.19773,0.011015
524.5349128246307,0.19987,0.010989
524.6369869709015,0.20113,0.010896
524.7353286743164,0.2014,0.010857
524.8455386161804,0.20193,0.01083
524.9530289173126,0.205,0.010815
525.0552787780762,0.20547,0.010893
525.1556253433228,0.20513,0.010828
525.2569417953491,0.2066,0.010771
525.3679475784302,0.2086,0.010839
525.479724407196,0.21007,0.010862
525.5758726596832,0.2108,0.010787
525.6770219802856,0.21233,0.010816
525.7798099517822,0.21347,0.010885
525.8744893074036,0.2148,0.010821
525.9785041809082,0.2152,0.010744
526.0754082202911,0.21667,0.010826
526.1796131134033,0.21707,0.010875
526.284538269043,0.2188,0.01089
526.3884830474854,0.22,0.010765
526.4883017539978,0.22007,0.010819
526.6002905368805,0.2218,0.010827
526.7108082771301,0.22327,0.010811
526.8083608150482,0.2242,0.010943
526.9163799285889,0.22553,0.010859
527.020400762558,0.2262,0.010847
527.1285960674286,0.22813,0.010705
527.2394771575928,0.22853,0.010766
527.337681055069,0.22987,0.010902
527.4495484828949,0.231,0.010843
527.5601601600647,0.23193,0.010841
527.6724262237549,0.23367,0.010854
527.7808396816254,0.23387,0.010689
527.8902180194855,0.2368,0.010702
527.9993534088135,0.23733,0.01076
528.110161781311,0.23853,0.010741
528.2254700660706,0.23987,0.010677
528.333749294281,0.24113,0.010738
528.4301767349243,0.24193,0.01069
528.5394623279572,0.2434,0.010707
528.650955915451,0.24413,0.010722
528.7653822898865,0.2448,0.010803
528.8739030361176,0.24667,0.010784
528.968249797821,0.24753,0.010767
529.0781774520874,0.24833,0.010757
529.1919906139374,0.24933,0.010754
529.2976987361908,0.25173,0.010777
529.4115674495697,0.25187,0.010666
529.5199041366577,0.2546,0.010722
529.6235482692719,0.2548,0.010734
529.7187626361847,0.25613,0.010757
529.8340835571289,0.2572,0.010701
529.9436037540436,0.25833,0.010752
530.0535230636597,0.25913,0.010793
530.1646852493286,0.261,0.010679
530.2715425491333,0.26173,0.010701
530.3794963359833,0.26333,0.010731
530.4876327514648,0.26387,0.010723
530.5901691913605,0.2648,0.010727
530.6930458545685,0.26587,0.010729
530.7918064594269,0.26727,0.010716
530.9078743457794,0.2678,0.010726
531.0028266906738,0.26887,0.010761
531.1118433475494,0.27067,0.010729
531.222446680069,0.2716,0.010673
531.3307535648346,0.27347,0.010762
531.4422280788422,0.27447,0.010841
531.5544955730438,0.27567,0.010791
531.6612493991852,0.27673,0.010709
531.7691955566406,0.2778,0.010785
531.875646352768,0.2794,0.010778
531.9829339981079,0.2794,0.010742
532.0920860767365,0.28147,0.010882
532.2022466659546,0.28167,0.010912
532.3155915737152,0.2832,0.010985
532.4103751182556,0.28447,0.011003
532.5210354328156,0.2854,0.010968
532.6299278736115,0.28687,0.011108
532.7424538135529,0.2874,0.011059
532.8513972759247,0.28967,0.011296
532.953501701355,0.2904,0.011259
533.0650997161865,0.2914,0.011234
533.1729507446289,0.2922,0.011357
533.2912890911102,0.2938,0.011374
533.3919923305511,0.29587,0.011325
533.502934217453,0.2958,0.011415
533.6120090484619,0.2972,0.01132
533.7214350700378,0.29867,0.01146
533.8303048610687,0.29907,0.011402
533.9438571929932,0.30053,0.011333
534.0517101287842,0.30113,0.011318
534.1634130477905,0.30387,0.01071
534.2727317810059,0.0126,0.010761
534.3712956905365,0.016,0.010754
534.487339258194,0.018867,0.010747
534.5927867889404,0.022533,0.010765
534.6999967098236,0.0246,0.010783
534.8125615119934,0.028133,0.010828
534.9131259918213,0.0316,0.010751
535.0246474742889,0.034733,0.010803
535.1322908401489,0.037533,0.010686
535.2432224750519,0.041067,0.010689
535.3502099514008,0.044267,0.010844
535.4540419578552,0.047267,0.010728
535.5630598068237,0.0504,0.010806
535.6715905666351,0.053467,0.010721
535.778776884079,0.0592,0.010709
535.8782641887665,0.062,0.010788
535.9789173603058,0.062533,0.010718
536.0910947322845,0.068133,0.01077
536.1996054649353,0.071067,0.010726
536.3066310882568,0.0708,0.01077
536.3996548652649,0.074067,0.010699
536.5024907588959,0.079533,0.010765
536.6055073738098,0.082933,0.010788
536.7056455612183,0.085933,0.010765
536.8041105270386,0.085933,0.010894
536.9049897193909,0.091333,0.010923
537.0028622150421,0.0928,0.0111
537.1089098453522,0.0936,0.011097
537.2109100818634,0.0948,0.011077
537.3210468292236,0.0966,0.011282
537.4206380844116,0.096533,0.011568
537.5291173458099,0.098867,0.011592
537.6435689926147,0.1006,0.011748
537.738932132721,0.10173,0.011925
537.8399593830109,0.10327,0.012017
537.9460961818695,0.1048,0.012215
538.0511240959167,0.10627,0.012334
538.1619343757629,0.10753,0.012541
538.2685322761536,0.1092,0.012521
538.3771057128906,0.11093,0.012654
538.4774925708771,0.11193,0.012643
538.5899288654327,0.11287,0.01292
538.7013945579529,0.11427,0.012723
538.8130865097046,0.11593,0.012783
538.9182164669037,0.1182,0.012534
539.0297257900238,0.1196,0.012567
539.1398038864136,0.12053,0.012635
539.2507836818695,0.1222,0.01254
539.357616186142,0.1234,0.012427
539.4703571796417,0.12513,0.012278
539.5784471035004,0.12573,0.012259
539.6877679824829,0.127,0.012174
539.7991144657135,0.1286,0.012039
539.9112403392792,0.12973,0.012019
540.0131886005402,0.1312,0.012075
540.1103773117065,0.132,0.011735
540.221284866333,0.13493,0.01175
540.3324837684631,0.1348,0.011502
540.4422535896301,0.13693,0.011464
540.5495991706848,0.1384,0.011391
540.6627206802368,0.13927,0.011292
540.7734034061432,0.14073,0.011335
540.8828506469727,0.14187,0.011139
540.9824419021606,0.14293,0.011147
541.0790665149689,0.14433,0.011201
541.190443277359,0.14573,0.011034
541.305340051651,0.14707,0.010992
541.4113779067993,0.1488,0.010996
541.5209770202637,0.14907,0.010977
541.6219651699066,0.1506,0.010944
541.719744682312,0.15207,0.010995
541.831949710846,0.15293,0.011043
541.9437367916107,0.1554,0.011067
542.0427432060242,0.1554,0.011418
542.1499946117401,0.1564,0.011184
542.2614049911499,0.15927,0.011421
542.3713164329529,0.16007,0.01163
542.4828019142151,0.1614,0.011454
542.5803487300873,0.16267,0.01189
542.6924076080322,0.1636,0.011237
542.808226108551,0.16487,0.011874
542.912576675415,0.16593,0.011893
543.026116847992,0.16653,0.01198
543.1338319778442,0.16847,0.011882
543.243554353714,0.16953,0.011902
543.3523907661438,0.17053,0.012112
543.4621579647064,0.17167,0.011907
543.5608921051025,0.17313,0.011949
543.6730420589447,0.17553,0.011937
543.7761421203613,0.17673,0.011905
543.8730902671814,0.1762,0.011755
543.9844751358032,0.17753,0.011842
544.1000082492828,0.17987,0.011677
544.2021253108978,0.1814,0.011567
544.3150699138641,0.18273,0.01161
544.4273254871368,0.18367,0.011646
544.5333247184753,0.18453,0.011585
544.6430370807648,0.18553,0.011522
544.7541599273682,0.18713,0.011461
544.8615822792053,0.1884,0.011409
544.9743506908417,0.1892,0.011355
545.0740776062012,0.1904,0.011191
545.186550617218,0.19153,0.011261
545.2916831970215,0.19267,0.011098
545.4022169113159,0.19487,0.011074
545.5115294456482,0.19567,0.011037
545.6138031482697,0.19713,0.010939
545.7259197235107,0.1986,0.010945
545.830783367157,0.20007,0.010816
545.9400055408478,0.2012,0.010851
546.0556545257568,0.20193,0.010807
546.1681249141693,0.2034,0.010788
546.2760519981384,0.20447,0.010793
546.3818852901459,0.205,0.01076
546.4854097366333,0.20713,0.010712
546.5881850719452,0.2082,0.010702
546.6867411136627,0.20867,0.010743
546.7994499206543,0.20967,0.010761
546.9106636047363,0.21293,0.010767
547.010972738266,0.2124,0.01071
547.110759973526,0.2132,0.010783
547.2110822200775,0.2142,0.010777
547.3136613368988,0.21633,0.010739
547.4151060581207,0.21653,0.010747
547.5145180225372,0.21733,0.010802
547.612694978714,0.22027,0.010767
547.7135200500488,0.21967,0.010749
547.8188450336456,0.22187,0.010724
547.9181129932404,0.2218,0.010795
548.0294461250305,0.22433,0.010791
548.1380302906036,0.22447,0.01077
548.24764752388,0.22653,0.010763
548.3578402996063,0.22787,0.010831
548.4692001342773,0.2294,0.010829
548.5784006118774,0.23007,0.010811
548.6918234825134,0.23093,0.010821
548.7979307174683,0.23207,0.010786
548.9061295986176,0.2328,0.01076
549.0181369781494,0.23427,0.010758
549.1180830001831,0.23527,0.010798
549.2252502441406,0.23693,0.01077
549.342312335968,0.2376,0.010766
549.4500553607941,0.2398,0.010705
549.5586597919464,0.2396,0.010745
549.6663403511047,0.24193,0.010764
549.7662494182587,0.24347,0.01077
549.869473695755,0.244,0.010764
549.9766454696655,0.24507,0.010754
550.0883388519287,0.2464,0.010767
550.1987919807434,0.24747,0.010732
550.3121337890625,0.24833,0.010774
550.4183833599091,0.24933,0.01078
550.5267305374146,0.25033,0.010781
550.6392238140106,0.25153,0.010834
550.7468600273132,0.253,0.010789
550.8599262237549,0.25407,0.010774
550.9692878723145,0.2562,0.010758
551.0795974731445,0.2574,0.010738
551.1789865493774,0.2572,0.010854
551.2780313491821,0.25853,0.010727
551.390673160553,0.2604,0.010786
551.4988582134247,0.26113,0.01081
551.6011176109314,0.26313,0.010823
551.7012400627136,0.2642,0.010794
551.8086972236633,0.26513,0.010775
551.9059019088745,0.26593,0.010741
552.0200326442719,0.26713,0.010718
552.1332757472992,0.2682,0.010779
552.2392892837524,0.26913,0.010762
552.3471517562866,0.27047,0.010793
552.4619209766388,0.27147,0.010766
552.5699183940887,0.2722,0.010768
552.6802802085876,0.2732,0.010786
552.7770752906799,0.27453,0.010793
552.8909387588501,0.27707,0.010775
552.9987604618073,0.27787,0.010811
553.1095833778381,0.27933,0.010794
553.218475818634,0.2798,0.010847
553.3301222324371,0.281,0.010921
553.4295868873596,0.282,0.010913
553.5401759147644,0.2834,0.011106
553.6526215076447,0.28407,0.011154
553.7584202289581,0.28553,0.011023
553.863053560257,0.2868,0.011309
553.9604024887085,0.288,0.011309
554.0738723278046,0.28887,0.011341
554.1802759170532,0.28993,0.011396
554.2812006473541,0.2906,0.011449
554.3886270523071,0.29187,0.011448
554.5009195804596,0.2924,0.011505
554.6112360954285,0.29527,0.011525
554.7193892002106,0.2952,0.011537
554.8328738212585,0.29693,0.011479
554.9409668445587,0.2978,0.011462
555.0504124164581,0.2986,0.01144
555.1608107089996,0.30053,0.011379
555.2691473960876,0.30127,0.011403
555.3714525699615,0.3036,0.011394
555.4722726345062,0.011067,0.011082
555.5807456970215,0.012133,0.010755
555.6900746822357,0.015133,0.010894
555.7995326519012,0.018067,0.010945
555.9086210727692,0.0214,0.010902
556.0225687026978,0.024867,0.010851
556.1343643665314,0.0314,0.010804
556.237934589386,0.031,0.010813
556.3526327610016,0.037733,0.010774
556.4608001708984,0.0408,0.010797
556.5711057186127,0.0438,0.010849
556.6843178272247,0.0466,0.010814
556.7842795848846,0.049733,0.010826
556.890266418457,0.052667,0.010776
556.9986655712128,0.055533,0.01079
557.1093621253967,0.059067,0.010738
557.2115306854248,0.062133,0.010727
557.3133926391602,0.065133,0.010698
557.4189150333405,0.067667,0.010682
557.5271940231323,0.0706,0.010737
557.6425518989563,0.073933,0.010769
557.737316608429,0.076333,0.010793
557.839350938797,0.0796,0.010779
557.9406616687775,0.082333,0.010837
558.0361542701721,0.0886,0.0108
558.1388754844666,0.088267,0.01095
558.2373332977295,0.090067,0.010961
558.3406898975372,0.092333,0.011276
558.4394087791443,0.093333,0.0112
558.5485181808472,0.096067,0.011285
558.6483519077301,0.096733,0.0117
558.7595274448395,0.097867,0.011684
558.8605513572693,0.10033,0.011929
558.9595229625702,0.1004,0.012287
559.068371295929,0.10187,0.012225
559.1801927089691,0.10453,0.012351
559.2991902828217,0.10587,0.0127
559.4007782936096,0.10733,0.012857
559.508225440979,0.10873,0.012897
559.6114811897278,0.10993,0.012882
559.7197399139404,0.1114,0.012964
559.8325955867767,0.1128,0.012911
559.9374306201935,0.1142,0.012894
560.0484895706177,0.11533,0.01302
560.1602735519409,0.11607,0.012889
560.26966381073,0.1182,0.012989
560.3801190853119,0.11907,0.012486
560.4902558326721,0.12193,0.012371
560.5975177288055,0.12353,0.012486
560.7103626728058,0.12433,0.01227
560.8237509727478,0.12567,0.012138
560.9282712936401,0.12693,0.011944
561.0373754501343,0.1284,0.011933
561.1505079269409,0.1294,0.01208
561.2642080783844,0.1306,0.011797
561.3600671291351,0.13167,0.01153
561.4685740470886,0.13287,0.011805
561.5844948291779,0.13453,0.011493
561.683032989502,0.13573,0.011546
561.7799029350281,0.1378,0.011534
561.8949880599976,0.1382,0.011444
562.0040876865387,0.13987,0.011401
562.1115906238556,0.1422,0.011316
562.2118680477142,0.1418,0.011185
562.3190202713013,0.14427,0.011122
562.431355714798,0.14547,0.010973
562.5402765274048,0.14673,0.010963
562.6532883644104,0.1476,0.011085
562.7631416320801,0.1492,0.01097
562.8688631057739,0.1504,0.010943
562.9812612533569,0.1518,0.010897
563.0915946960449,0.15327,0.011019
563.2019348144531,0.15413,0.011149
563.3095016479492,0.15473,0.011142
563.4122292995453,0.15667,0.011404
563.5137326717377,0.15933,0.011118
563.6210689544678,0.15873,0.011279
563.7325949668884,0.1622,0.011448
563.8412365913391,0.1626,0.011798
563.9561579227448,0.16373,0.01172
564.0662360191345,0.16447,0.011522
564.1726884841919,0.1662,0.011487
564.2734491825104,0.16733,0.011606
564.3805680274963,0.1686,0.011845
564.4921841621399,0.1696,0.011673
564.6006932258606,0.171,0.011914
564.7103176116943,0.17227,0.011892
564.8125083446503,0.17293,0.011718
564.9205639362335,0.175,0.011828
565.0327820777893,0.17567,0.011699
565.1451601982117,0.17807,0.011675
565.2512266635895,0.17827,0.011541
565.361759185791,0.18047,0.011518
565.470372915268,0.18167,0.011539
565.581613779068,0.1822,0.01153
565.6828637123108,0.1838,0.01152
565.7832400798798,0.18513,0.011493
565.8903946876526,0.18573,0.01135
566.0038418769836,0.18713,0.011492
566.1128368377686,0.18807,0.011338
566.2221868038177,0.1898,0.011338
566.3322677612305,0.19033,0.011261
566.4447560310364,0.19173,0.011029
566.5523657798767,0.19427,0.011014
566.6534023284912,0.19547,0.010931
566.7613725662231,0.19627,0.010887
566.8733198642731,0.1978,0.010863
566.9823760986328,0.1984,0.010837
567.0963227748871,0.1996,0.010834
567.2024915218353,0.20093,0.0108
567.3160653114319,0.20207,0.010797
567.4261763095856,0.20253,0.010754
567.5335700511932,0.20413,0.010672
567.6445298194885,0.20553,0.01068
567.7547371387482,0.2064,0.010721
567.8635320663452,0.2076,0.010701
567.9691135883331,0.20947,0.010743
568.0702042579651,0.20973,0.010691
568.1688923835754,0.21193,0.010725
568.2820570468903,0.2122,0.010775
568.3891942501068,0.2132,0.010649
568.4926493167877,0.215,0.010679
568.5897717475891,0.2168,0.010738
568.6900370121002,0.21753,0.010776
568.7964754104614,0.2172,0.010707
568.8942067623138,0.2194,0.010661
568.9937760829926,0.22047,0.010634
569.0938956737518,0.22107,0.010742
569.1946551799774,0.2224,0.01069
569.2982711791992,0.2242,0.010739
569.3977653980255,0.22493,0.010763
569.5107860565186,0.22547,0.01076
569.6221539974213,0.22747,0.010743
569.7195026874542,0.22847,0.010687
569.8312306404114,0.2296,0.0107
569.9383006095886,0.23067,0.010703
570.0509448051453,0.2324,0.010724
570.1610519886017,0.2332,0.010668
570.2683742046356,0.23427,0.010706
570.3781507015228,0.23493,0.010808
570.4926309585571,0.23567,0.010803
570.589825630188,0.23713,0.010764
570.7013967037201,0.2382,0.010811
570.8073229789734,0.24113,0.010703
570.9108440876007,0.2408,0.010733
571.0218241214752,0.24107,0.01084
571.1264019012451,0.24393,0.010766
571.2430839538574,0.24493,0.010794
571.3490545749664,0.24593,0.010802
571.4652850627899,0.24727,0.01081
571.5684492588043,0.24893,0.010875
571.6790318489075,0.24967,0.010803
571.7802813053131,0.25067,0.010826
571.8909337520599,0.25213,0.010855
572.0035037994385,0.25287,0.010954
572.1070549488068,0.25493,0.010878
572.2231016159058,0.2546,0.010893
572.3309376239777,0.25587,0.010884
572.4307675361633,0.25847,0.010958
572.5381424427032,0.25833,0.010835
572.6474566459656,0.25953,0.010871
572.7495548725128,0.26147,0.010885
572.8650608062744,0.26193,0.010858
572.9685482978821,0.26413,0.010794
573.0697813034058,0.26447,0.010756
573.1768293380737,0.26633,0.010781
573.292209148407,0.26687,0.010853
573.4010272026062,0.26767,0.010854
573.5090696811676,0.26887,0.010759
573.6099760532379,0.27027,0.010786
573.7224326133728,0.27107,0.010788
573.832352399826,0.27207,0.010831
573.9406776428223,0.27273,0.010728
574.0490944385529,0.2754,0.010735
574.1586894989014,0.27527,0.01092
574.2589664459229,0.27633,0.010802
574.3698902130127,0.279,0.010914
574.4798805713654,0.27953,0.010955
574.5905830860138,0.2806,0.010998
574.695277929306,0.28207,0.011038
574.8073017597198,0.2828,0.01105
574.9197618961334,0.2842,0.011175
575.0300736427307,0.2848,0.011313
575.1294138431549,0.28627,0.011379
575.2289836406708,0.28707,0.011426
575.3318243026733,0.28827,0.011394
575.4388954639435,0.2896,0.011469
575.5545606613159,0.29053,0.011635
575.6621944904327,0.292,0.011553
575.7687005996704,0.29233,0.011523
575.8795924186707,0.29493,0.011665
575.995014667511,0.29553,0.011627
576.1010005474091,0.2972,0.011623
576.2093920707703,0.29813,0.011404
576.3217992782593,0.29933,0.011336
576.4216773509979,0.30013,0.011271
576.5319154262543,0.30093,0.011287
576.6298007965088,0.3036,0.011311
576.7393276691437,0.010467,0.012913
576.8477892875671,0.012067,0.01078
576.9604218006134,0.015267,0.011034
577.073979139328,0.0182,0.011058
577.1708400249481,0.021733,0.011047
577.2778220176697,0.0248,0.010901
577.3886535167694,0.028333,0.011091
577.4958958625793,0.031533,0.010867
577.6113662719727,0.0374,0.011127
577.7110662460327,0.040667,0.01098
577.8200316429138,0.043667,0.01091
577.9300212860107,0.0468,0.010991
578.037787437439,0.049933,0.01083
578.1508390903473,0.0528,0.010828
578.2618324756622,0.056067,0.010841
578.3738534450531,0.059467,0.010813
578.4810464382172,0.061867,0.010822
578.5868051052094,0.0662,0.010778
578.694810628891,0.068067,0.010732
578.7877931594849,0.070267,0.010785
578.8890874385834,0.074467,0.010815
579.0049586296082,0.076933,0.010809
579.1093308925629,0.082733,0.010762
579.2139418125153,0.082533,0.010892
579.3091657161713,0.085333,0.010878
579.4146230220795,0.088267,0.010996
579.5122981071472,0.091067,0.011098
579.6150181293488,0.093867,0.011179
579.7138934135437,0.095133,0.01146
579.8145072460175,0.095067,0.011362
579.9139416217804,0.0964,0.011839
580.0233614444733,0.097667,0.01222
580.1304564476013,0.10087,0.012133
580.2400398254395,0.10073,0.012159
580.3527982234955,0.10373,0.012427
580.4635848999023,0.10473,0.012809
580.5695109367371,0.1062,0.012925
580.68159532547,0.1074,0.012992
580.7869665622711,0.10893,0.013196
580.88130235672,0.1096,0.013156
580.9917988777161,0.11147,0.012934
581.1005761623383,0.1122,0.01321
581.2118282318115,0.114,0.013201
581.3140568733215,0.11533,0.012938
581.4216921329498,0.1164,0.012952
581.5321238040924,0.11787,0.012425
581.6419267654419,0.1206,0.012858
581.7522978782654,0.121,0.012531
581.862795829773,0.12187,0.012066
581.972829580307,0.12407,0.012169
582.0799753665924,0.12527,0.012315
582.1899235248566,0.12687,0.011971
582.3036644458771,0.1284,0.012009
582.4156999588013,0.12953,0.011855
582.5209531784058,0.13053,0.011471
582.6308500766754,0.13227,0.01163
582.7417340278625,0.133,0.011432
582.8541760444641,0.13433,0.011362
582.9591360092163,0.13713,0.011285
583.0614404678345,0.13793,0.011243
583.1637892723083,0.1394,0.011311
583.2727148532867,0.14113,0.011172
583.3731698989868,0.1408,0.011082
583.4862551689148,0.14333,0.011099
583.5963842868805,0.14447,0.011121
583.7014985084534,0.14567,0.011001
583.8137300014496,0.1466,0.010898
583.9219491481781,0.14827,0.011002
584.0339720249176,0.1488,0.010928
584.1424643993378,0.1506,0.010888
584.2525925636292,0.15173,0.010954
584.3598840236664,0.153,0.010965
584.4632949829102,0.15407,0.010922
584.5656363964081,0.155,0.010963
584.6674213409424,0.15647,0.010938
584.7742145061493,0.15853,0.011226
584.8830647468567,0.15907,0.011232
584.993002653122,0.16087,0.011427
585.1034510135651,0.16213,0.011417
585.2000389099121,0.16307,0.011489
585.3136525154114,0.16447,0.011388
585.4235889911652,0.166,0.011388
585.5331451892853,0.1676,0.011463
585.6430096626282,0.16887,0.011326
585.7552719116211,0.17,0.011341
585.8657472133636,0.17067,0.011552
585.97194480896,0.17093,0.011557
586.0809481143951,0.17273,0.011393
586.1930749416351,0.17447,0.011302
586.3024854660034,0.1762,0.011389
586.4132359027863,0.1784,0.011474
586.5253751277924,0.17947,0.011541
586.6203856468201,0.18033,0.011425
586.7280158996582,0.18193,0.011402
586.8395712375641,0.18193,0.011507
586.9541962146759,0.18373,0.011411
587.063182592392,0.18493,0.011261
587.1591794490814,0.18627,0.011308
587.2704458236694,0.18693,0.011307
587.3808591365814,0.1884,0.011106
587.4902310371399,0.18927,0.011118
587.6002688407898,0.19047,0.011067
587.709874868393,0.19307,0.010901
587.8187255859375,0.19253,0.010845
587.9359366893768,0.1952,0.010861
588.0414671897888,0.196,0.010815
588.1501026153564,0.19733,0.010776
588.261269569397,0.19827,0.010737
588.3602066040039,0.1994,0.010709
588.471061706543,0.20107,0.010683
588.5796477794647,0.20187,0.01066
588.6801748275757,0.20327,0.010629
588.7825930118561,0.20413,0.010748
588.8937890529633,0.20567,0.010734
588.999480009079,0.20627,0.010714
589.1131427288055,0.2082,0.010624
589.2244262695312,0.20913,0.010685
589.3322124481201,0.21,0.010635
589.4339797496796,0.21053,0.010632
589.5389518737793,0.2132,0.010716
589.6394488811493,0.21307,0.010693
589.7491581439972,0.2142,0.010634
589.8598628044128,0.216,0.01074
589.9649081230164,0.21633,0.010703
590.0624027252197,0.21733,0.01064
590.1572525501251,0.22013,0.010674
590.2596242427826,0.22087,0.010678
590.3651659488678,0.22087,0.010711
590.4592797756195,0.22353,0.010651
590.5608797073364,0.22447,0.010673
590.6621651649475,0.2244,0.010758
590.7726309299469,0.2264,0.010735
590.8696513175964,0.22747,0.010705
590.9808239936829,0.2288,0.010735
591.0900564193726,0.23013,0.010713
591.1906292438507,0.2308,0.010738
591.2986600399017,0.23233,0.010729
591.3991160392761,0.23327,0.010784
591.5067865848541,0.23427,0.010745
591.6176571846008,0.23533,0.010839
591.7180533409119,0.23653,0.010826
591.8192539215088,0.2374,0.010877
591.9199686050415,0.23853,0.010776
592.0330286026001,0.24073,0.01082
592.1413679122925,0.24133,0.010867
592.2516057491302,0.24253,0.010883
592.3602166175842,0.24307,0.010904
592.4709942340851,0.24407,0.010952
592.5805368423462,0.24567,0.010872
592.6885414123535,0.24693,0.010917
592.8019993305206,0.24873,0.010982
592.9109756946564,0.24987,0.01096
593.0195984840393,0.25073,0.010921
593.1306009292603,0.2514,0.01097
593.2402956485748,0.2526,0.011005
593.340695142746,0.25333,0.011029
593.4511983394623,0.25507,0.011031
593.5622756481171,0.25613,0.010986
593.6610136032104,0.2572,0.010976
593.7597894668579,0.25847,0.01103
593.8716404438019,0.25927,0.01097
593.9795165061951,0.26033,0.01093
594.0906615257263,0.26147,0.010955
594.1993911266327,0.26233,0.01103
594.3110280036926,0.26367,0.010997
594.4212815761566,0.26547,0.010826
594.5288925170898,0.26653,0.01096
594.6390218734741,0.26793,0.010836
594.7518513202667,0.2692,0.010863
594.852897644043,0.2698,0.010921
594.9595103263855,0.27113,0.01082
595.0728857517242,0.27147,0.010899
595.1838958263397,0.27267,0.010887
595.2880589962006,0.27427,0.010841
595.3919336795807,0.27547,0.010832
595.50404047966,0.27647,0.010925
595.6106848716736,0.27727,0.010989
595.7260682582855,0.27913,0.010939
595.8294949531555,0.2808,0.01104
595.9314684867859,0.28027,0.01118
596.0335702896118,0.28287,0.011186
596.1421256065369,0.28407,0.011297
596.2525689601898,0.2846,0.011356
596.3640723228455,0.2858,0.011453
596.4719796180725,0.28693,0.011559
596.58061170578,0.2882,0.011599
596.6892757415771,0.2892,0.01156
596.7992193698883,0.29,0.011579
596.9111604690552,0.29127,0.011529
597.0227086544037,0.2924,0.011582
597.1322929859161,0.29373,0.01157
597.2424695491791,0.2956,0.011538
597.3507421016693,0.29633,0.011563
597.4611322879791,0.29787,0.011503
597.573427438736,0.29933,0.011403
597.6800286769867,0.29973,0.01141
597.7912545204163,0.30087,0.011336
597.8930084705353,0.3034,0.011239
597.9990043640137,0.0099333,0.011876
598.1119632720947,0.011733,0.010965
598.215978384018,0.0144,0.011115
598.3205232620239,0.018333,0.0112
598.4314031600952,0.0216,0.011185
598.5401074886322,0.024533,0.011264
598.6538472175598,0.031067,0.011273
598.7546169757843,0.030467,0.011064
598.8535385131836,0.034467,0.011111
598.9636039733887,0.0372,0.01107
599.0711119174957,0.043667,0.011248
599.1864001750946,0.046467,0.011013
599.2913970947266,0.050467,0.010927
599.4024295806885,0.053267,0.010875
599.5163946151733,0.056,0.010935
599.6248672008514,0.058733,0.010891
599.7356925010681,0.0614,0.010858
599.8455095291138,0.064467,0.010804
599.9526283740997,0.068067,0.010822
600.0640158653259,0.070533,0.010906
600.1668212413788,0.076333,0.010759
600.2693014144897,0.079267,0.010806
600.3747675418854,0.079333,0.010946
600.4724888801575,0.081933,0.010886
600.5790712833405,0.0876,0.011023
600.6802451610565,0.087667,0.011036
600.7809293270111,0.090067,0.011021
600.8822948932648,0.093267,0.011254
600.9807691574097,0.095467,0.01158
601.0833065509796,0.0962,0.011573
601.1852555274963,0.096933,0.011868
601.2872564792633,0.098067,0.012453
601.3862118721008,0.098933,0.012264
601.4829070568085,0.10207,0.012103
601.5838785171509,0.10327,0.012716
601.6963655948639,0.10327,0.012639
601.802836894989,0.10573,0.013041
601.9179368019104,0.1074,0.013106
602.0131039619446,0.10887,0.013064
602.1171498298645,0.11033,0.013198
602.2181158065796,0.1106,0.013174
602.3289120197296,0.11247,0.013101
602.4354271888733,0.1136,0.012959
602.549209356308,0.11487,0.012812
602.6561276912689,0.11633,0.013037
602.7679269313812,0.11847,0.012803
602.875794172287,0.11927,0.012538
602.9860074520111,0.12027,0.012445
603.095666885376,0.1218,0.01259
603.2080039978027,0.1226,0.012471
603.3178789615631,0.12407,0.011962
603.4301047325134,0.12653,0.012137
603.5340948104858,0.1282,0.011907
603.6459691524506,0.12967,0.011731
603.7460334300995,0.1308,0.011537
603.8474802970886,0.13167,0.011501
603.9561026096344,0.1328,0.011614
604.0673191547394,0.13473,0.011397
604.1771764755249,0.13593,0.011263
604.2861485481262,0.137,0.011283
604.3961877822876,0.1382,0.011285
604.506942987442,0.13907,0.011202
604.6126096248627,0.14227,0.011103
604.7283082008362,0.14173,0.011035
604.8277053833008,0.14413,0.011058
604.9369194507599,0.14453,0.010952
605.0477356910706,0.14693,0.010946
605.1563799381256,0.1478,0.010927
605.2655956745148,0.14967,0.010932
605.3760199546814,0.1506,0.010915
605.4862568378448,0.152,0.010923
605.5958824157715,0.15287,0.010831
605.7053334712982,0.154,0.011002
605.8184833526611,0.1554,0.010944
605.9152185916901,0.156,0.010929
606.0164005756378,0.15747,0.011033
606.1299982070923,0.15913,0.011073
606.2360215187073,0.16033,0.011067
606.3455393314362,0.16227,0.011043
606.456512928009,0.16233,0.011273
606.5655469894409,0.16533,0.011199
606.6775441169739,0.16567,0.011309
606.7770516872406,0.16713,0.011282
606.8884460926056,0.16887,0.011215
606.9885504245758,0.16847,0.011258
607.0877966880798,0.1704,0.011339
607.197756767273,0.17227,0.011422
607.3118286132812,0.17267,0.011239
607.418276309967,0.17453,0.011393
607.5255215167999,0.1756,0.011276
607.6373610496521,0.17647,0.011259
607.7545592784882,0.17773,0.011284
607.8481686115265,0.179,0.011208
607.9551792144775,0.17973,0.011208
608.0666599273682,0.1812,0.01119
608.177531003952,0.1834,0.011149
608.2873871326447,0.18367,0.011283
608.3892695903778,0.18513,0.011183
608.4884686470032,0.187,0.011118
608.5867602825165,0.18813,0.011058
608.6993923187256,0.18853,0.011038
608.8069043159485,0.19047,0.010893
608.9175200462341,0.19167,0.010803
609.0278170108795,0.19233,0.010806
609.1385157108307,0.19367,0.010765
609.2503457069397,0.19467,0.01077
609.3583474159241,0.1962,0.010747
609.468254327774,0.1974,0.010691
609.5746920108795,0.19833,0.010674
609.6685483455658,0.19913,0.010724
609.778183221817,0.20173,0.010728
609.8900182247162,0.2016,0.010711
610.001460313797,0.20387,0.010671
610.1103212833405,0.2042,0.010658
610.2223477363586,0.20673,0.010632
610.3269610404968,0.20713,0.010733
610.4266982078552,0.20873,0.010649
610.5402250289917,0.21,0.01067
610.6501295566559,0.21013,0.010713
610.7504742145538,0.21187,0.010651
610.8523986339569,0.21367,0.010687
610.9509556293488,0.2136,0.010735
611.0539112091064,0.21467,0.01064
611.1617033481598,0.21593,0.010712
611.2727279663086,0.21747,0.010661
611.3705868721008,0.21867,0.010607
611.4706223011017,0.2194,0.010652
611.5719883441925,0.2208,0.010598
611.6698062419891,0.2222,0.010693
611.769953250885,0.2226,0.010703
611.8731031417847,0.2242,0.010695
611.9746189117432,0.22553,0.010688
612.0737013816833,0.22633,0.010665
612.1818668842316,0.22747,0.010715
612.2788338661194,0.22907,0.010689
612.3929586410522,0.2294,0.01072
612.4990088939667,0.2312,0.010751
612.5978994369507,0.23213,0.010776
612.7086937427521,0.23333,0.01082
612.8230311870575,0.23467,0.010787
612.9272608757019,0.23527,0.010822
613.0408446788788,0.23747,0.010898
613.1396837234497,0.23847,0.010843
613.2531499862671,0.2386,0.010849
613.3599872589111,0.24033,0.010946
613.4630835056305,0.24153,0.011013
613.5675621032715,0.2428,0.010974
613.6791334152222,0.24387,0.010999
613.7887969017029,0.245,0.011124
613.8963923454285,0.24553,0.011082
614.0085372924805,0.24693,0.011094
614.1225881576538,0.24787,0.011111
614.2326385974884,0.24887,0.011083
614.3317821025848,0.2508,0.011219
614.4390461444855,0.25173,0.011239
614.5492596626282,0.25273,0.011158
614.6493291854858,0.25493,0.01113
614.7611856460571,0.25553,0.011181
614.8602430820465,0.25693,0.011251
614.9701578617096,0.25753,0.011133
615.0798525810242,0.25887,0.011128
615.1909668445587,0.26073,0.011089
615.3000123500824,0.2612,0.011136
615.4102356433868,0.262,0.011172
615.518518447876,0.26353,0.011016
615.6363732814789,0.26413,0.011083
615.7378590106964,0.26547,0.010939
615.8406643867493,0.26727,0.01097
615.9510388374329,0.26787,0.010861
616.0601398944855,0.26873,0.010901
616.1713464260101,0.26993,0.010909
616.2785685062408,0.27187,0.010907
616.3907341957092,0.27213,0.010901
616.5011384487152,0.27433,0.010856
616.6078662872314,0.2752,0.010957
616.7232618331909,0.27653,0.010912
616.8224143981934,0.27727,0.010935
616.9202508926392,0.2784,0.011084
617.032707452774,0.2796,0.011135
617.1385428905487,0.28073,0.011168
617.2440903186798,0.28113,0.011142
617.3526222705841,0.28293,0.011274
617.4602389335632,0.28373,0.011349
617.5710513591766,0.28473,0.01144
617.6813352108002,0.2868,0.011544
617.7897441387177,0.28833,0.011465
617.9025614261627,0.28953,0.011674
618.0108535289764,0.28847,0.011587
618.1196937561035,0.29127,0.011735
618.230720281601,0.29213,0.011608
618.3405091762543,0.29333,0.011658
618.4387934207916,0.29473,0.011534
618.5447678565979,0.29553,0.011467
618.6427001953125,0.29593,0.011608
618.7526648044586,0.29787,0.011409
618.8608660697937,0.2988,0.011427
618.9756593704224,0.29993,0.011327
619.0812940597534,0.30153,0.011297
619.1926448345184,0.30333,0.011195
619.3028416633606,0.0091333,0.010803
619.4140658378601,0.014333,0.011365
619.526034116745,0.0146,0.01144
619.6232929229736,0.0184,0.011556
619.720333814621,0.023733,0.011453
619.8348004817963,0.027867,0.011514
619.9433851242065,0.0306,0.011347
620.0521147251129,0.0334,0.011543
620.1541111469269,0.036733,0.011233
620.2635581493378,0.040133,0.011176
620.3755557537079,0.043,0.011286
620.4842529296875,0.046467,0.011199
620.5925056934357,0.049267,0.010994
620.702311038971,0.052133,0.010895
620.8128788471222,0.055267,0.010897
620.9229094982147,0.061267,0.010815
621.0314693450928,0.061133,0.010926
621.1433010101318,0.064133,0.010881
621.2521891593933,0.070067,0.010873
621.3626730442047,0.0704,0.010897
621.4741089344025,0.0762,0.010863
621.5732471942902,0.0788,0.010859
621.6756885051727,0.081267,0.01085
621.7767241001129,0.084867,0.010878
621.8721363544464,0.088533,0.011158
621.9779095649719,0.090933,0.011285
622.0740132331848,0.092067,0.011094
622.1792316436768,0.0932,0.011788
622.2795946598053,0.095133,0.011313
622.3765931129456,0.096133,0.011668
622.4767897129059,0.097667,0.012267
622.5794217586517,0.099067,0.012627
622.675169467926,0.10033,0.012671
622.7783741950989,0.10127,0.012869
622.8787384033203,0.10327,0.012884
622.9881463050842,0.10473,0.013229
623.0880253314972,0.10633,0.012677
623.1999235153198,0.10787,0.012812
623.3105642795563,0.10807,0.012984
623.4087128639221,0.1094,0.013089
623.5202918052673,0.112,0.012916
623.6279702186584,0.11267,0.012971
623.7388920783997,0.11387,0.012938
623.8501052856445,0.11473,0.012977
623.9593288898468,0.11773,0.012694
624.0693531036377,0.1174,0.012705
624.1801135540009,0.12007,0.012624
624.2780473232269,0.1216,0.012441
624.3917450904846,0.12293,0.012225
624.4982116222382,0.1242,0.012185
624.6019968986511,0.12553,0.012278
624.7026295661926,0.1272,0.011992
624.8128702640533,0.12793,0.011894
624.9245584011078,0.13,0.011837
625.0303311347961,0.13087,0.011435
625.1408705711365,0.13227,0.011585
625.2487359046936,0.13347,0.011517
625.3597550392151,0.13413,0.011242
625.4691014289856,0.136,0.011202
625.5798997879028,0.1368,0.011053
625.6913065910339,0.13927,0.011063
625.7881326675415,0.14027,0.011043
625.9037292003632,0.1402,0.010994
626.0096299648285,0.1434,0.01103
626.1193821430206,0.1442,0.010953
626.2316536903381,0.14593,0.010927
626.3391649723053,0.14687,0.010957
626.452253818512,0.14827,0.010886
626.5619604587555,0.1492,0.010846
626.6625564098358,0.15093,0.010887
626.7679553031921,0.1514,0.010868
626.8735489845276,0.15307,0.010855
626.9734508991241,0.15407,0.010839
627.0785510540009,0.15487,0.010881
627.1877801418304,0.15633,0.010878
627.3000528812408,0.15753,0.010841
627.4113285541534,0.16033,0.010928
627.5185251235962,0.15973,0.01098
627.6307098865509,0.1624,0.011033
627.7412467002869,0.16347,0.010967
627.8508970737457,0.16447,0.011216
627.9614379405975,0.16567,0.011146
628.0711374282837,0.167,0.011051
628.1816952228546,0.1688,0.010995
628.2950623035431,0.16973,0.011169
628.3988177776337,0.17073,0.011175
628.5138669013977,0.17173,0.011037
628.621838092804,0.1726,0.011017
628.7218244075775,0.1746,0.011077
628.8302311897278,0.17567,0.011159
628.9406607151031,0.1776,0.011033
629.0533502101898,0.179,0.01098
629.1609199047089,0.1794,0.011066
629.2707798480988,0.18047,0.010998
629.380989074707,0.18193,0.011001
629.4913969039917,0.18313,0.010947
629.5905561447144,0.1848,0.011017
629.6886947154999,0.18533,0.010943
629.8026371002197,0.18673,0.010879
629.911819934845,0.18793,0.01087
630.0248095989227,0.18933,0.010831
630.1329343318939,0.19007,0.010777
630.2398862838745,0.1916,0.010746
630.3548741340637,0.19453,0.010731
630.4623920917511,0.19513,0.010753
630.5712699890137,0.19627,0.010713
630.6856157779694,0.1974,0.010728
630.7959628105164,0.19847,0.010733
630.8996438980103,0.1998,0.010756
631.0121185779572,0.20013,0.010675
631.1202464103699,0.20113,0.010686
631.2315120697021,0.20253,0.010663
631.3430449962616,0.20373,0.010663
631.4507179260254,0.20507,0.010671
631.5619611740112,0.20673,0.010652
631.6733746528625,0.20647,0.010704
631.7795894145966,0.20847,0.010697
631.8821368217468,0.21047,0.010702
631.9827628135681,0.21167,0.010774
632.0942840576172,0.21193,0.010664
632.2032694816589,0.2136,0.010697
632.3166246414185,0.21493,0.010695
632.4195277690887,0.21653,0.010691
632.5210242271423,0.21713,0.010663
632.6293804645538,0.2184,0.010676
632.7430970668793,0.21927,0.010654
632.8429989814758,0.22027,0.010702
632.9447748661041,0.2218,0.010706
633.0431082248688,0.22267,0.010666
633.1407608985901,0.22373,0.010652
633.2438488006592,0.2248,0.010653
633.3451063632965,0.22633,0.010685
633.4445376396179,0.2272,0.010721
633.5463531017303,0.22833,0.010717
633.6491553783417,0.22953,0.010762
633.7473871707916,0.23093,0.010763
633.8584008216858,0.23193,0.010844
633.9564368724823,0.23273,0.010828
634.068959236145,0.2338,0.01089
634.1775598526001,0.23467,0.01093
634.282151222229,0.23647,0.0109
634.3891732692719,0.23713,0.01105
634.5008025169373,0.23973,0.01094
634.6007025241852,0.24073,0.011073
634.71431183815,0.24047,0.011067
634.8184072971344,0.24253,0.011189
634.9218871593475,0.2442,0.011122
635.0193645954132,0.245,0.011245
635.1302435398102,0.24593,0.011196
635.2408747673035,0.24747,0.011319
635.3511385917664,0.24833,0.01126
635.4628510475159,0.24927,0.011334
635.5681798458099,0.25013,0.011321
635.681248664856,0.25133,0.011225
635.7833158969879,0.2522,0.011269
635.8904628753662,0.25387,0.011411
636.0019054412842,0.2546,0.011245
636.1108605861664,0.25547,0.011351
636.2107291221619,0.25667,0.011211
636.319075345993,0.258,0.011235
636.4213027954102,0.26027,0.011112
636.5287618637085,0.26087,0.011091
636.6472070217133,0.26127,0.011203
636.7444832324982,0.26333,0.011018
636.8502027988434,0.26487,0.011018
636.9605281352997,0.26533,0.011033
637.065435886383,0.26693,0.01105
637.1628737449646,0.2676,0.011043
637.2736275196075,0.26947,0.011031
637.3813269138336,0.26953,0.010955
637.4914267063141,0.27073,0.010936
637.5909214019775,0.27247,0.010889
637.7029006481171,0.2736,0.01092
637.8130750656128,0.27467,0.010875
637.9200704097748,0.27513,0.010939
638.0289080142975,0.27633,0.010911
638.1415648460388,0.2776,0.011009
638.2506620883942,0.27987,0.011038
638.3639159202576,0.27933,0.011248
638.4688239097595,0.282,0.011168
638.5816113948822,0.28327,0.011373
638.6922571659088,0.28387,0.011391
638.7938725948334,0.2852,0.011432
638.8999176025391,0.2856,0.011558
639.0135321617126,0.2874,0.011565
639.1196479797363,0.28827,0.011608
639.2322437763214,0.28933,0.011568
639.329393863678,0.29047,0.011563
639.4452600479126,0.29167,0.011482
639.5502851009369,0.29333,0.01155
639.650333404541,0.29327,0.011586
639.7508239746094,0.2944,0.011558
639.8603448867798,0.2954,0.011534
639.975832939148,0.29673,0.011424
640.0816979408264,0.29947,0.011358
640.1953921318054,0.2996,0.011373
640.303165435791,0.3006,0.011329
640.4177141189575,0.30293,0.011249
640.5229866504669,0.0088,0.010795
640.6302461624146,0.011467,0.011598
640.74356341362,0.014267,0.011653
640.8510134220123,0.018267,0.011993
640.9623582363129,0.0214,0.011717
641.0725619792938,0.027267,0.011588
641.1817021369934,0.027533,0.011623
641.2904672622681,0.033467,0.011633
641.3929834365845,0.0372,0.011823
641.5001904964447,0.036933,0.011296
641.614578962326,0.0428,0.011527
641.7226421833038,0.046733,0.011362
641.8316192626953,0.049133,0.011297
641.9302046298981,0.052067,0.010976
642.043226480484,0.055333,0.011049
642.1541841030121,0.058533,0.011118
642.2638068199158,0.062067,0.011038
642.3693699836731,0.0652,0.010882
642.4880857467651,0.0706,0.010815
642.5938014984131,0.070467,0.010785
642.7027940750122,0.0768,0.010855
642.8151576519012,0.079467,0.010843
642.9219961166382,0.082133,0.010917
643.0281684398651,0.0852,0.010885
643.1315157413483,0.087867,0.011024
643.2293345928192,0.091133,0.011103
643.3400321006775,0.090733,0.011229
643.4379329681396,0.094,0.011106
643.5435004234314,0.0952,0.011817
643.6424803733826,0.0958,0.011568
643.7413716316223,0.097533,0.012226
643.8436193466187,0.098867,0.011785
643.9458837509155,0.10067,0.012329
644.0478265285492,0.1004,0.012361
644.1439290046692,0.10333,0.012593
644.2433037757874,0.1046,0.012833
644.3461625576019,0.10627,0.012653
644.4478616714478,0.1074,0.013033
644.5561108589172,0.10853,0.012877
644.6690056324005,0.11007,0.012808
644.7756993770599,0.1116,0.012767
644.8873558044434,0.11247,0.012714
644.9955558776855,0.11393,0.012779
645.1062345504761,0.1156,0.012816
645.2143874168396,0.11673,0.012969
645.3258800506592,0.11787,0.012714
645.4361007213593,0.12087,0.012606
645.548463344574,0.12153,0.012365
645.6577668190002,0.12307,0.012257
645.76842045784,0.12447,0.012018
645.8763427734375,0.12593,0.011893
645.9868428707123,0.12673,0.011673
646.0987496376038,0.12753,0.011804
646.20117354393,0.1294,0.011651
646.2975347042084,0.13047,0.011569
646.4100604057312,0.13187,0.011665
646.5087997913361,0.1334,0.01157
646.6168239116669,0.13473,0.011065
646.7272114753723,0.13547,0.011257
646.8401806354523,0.13747,0.011036
646.9495265483856,0.13833,0.011136
647.060005903244,0.1408,0.011039
647.1682298183441,0.1418,0.011001
647.2753195762634,0.1434,0.010949
647.3852047920227,0.1448,0.010899
647.4968554973602,0.14533,0.010831
647.5985970497131,0.14707,0.010916
647.7101814746857,0.14827,0.010915
647.8174903392792,0.1496,0.01085
647.928472995758,0.15107,0.010772
648.0357241630554,0.15193,0.010855
648.14013504982,0.153,0.010848
648.2462773323059,0.15427,0.010821
648.3602061271667,0.15573,0.01082
648.4687488079071,0.15713,0.010853
648.5787439346313,0.1592,0.010854
648.6872458457947,0.16047,0.010845
648.7892451286316,0.16053,0.010755
648.8864071369171,0.1616,0.010976
648.9976658821106,0.16373,0.010843
649.1056864261627,0.16547,0.010932
649.2172472476959,0.16673,0.010961
649.3293054103851,0.16747,0.010855
649.4369080066681,0.16867,0.011057
649.5431771278381,0.16967,0.01092
649.6390833854675,0.171,0.010897
649.7479782104492,0.17227,0.011039
649.8495123386383,0.1732,0.011049
649.9567766189575,0.1746,0.010925
650.072833776474,0.17573,0.01087
650.1789672374725,0.17647,0.010908
650.2916343212128,0.1792,0.010877
650.3979361057281,0.17907,0.010979
650.5082550048828,0.18087,0.01084
650.607902765274,0.18227,0.010837
650.7179703712463,0.1824,0.010794
650.8162662982941,0.1832,0.010758
650.9282357692719,0.1858,0.010803
651.0395493507385,0.18713,0.010736
651.1493365764618,0.188,0.01079
651.253663778305,0.1896,0.010693
651.3608012199402,0.19,0.01075
651.4592609405518,0.19133,0.010764
651.5707976818085,0.19233,0.010679
651.6789591312408,0.19373,0.010752
651.7923812866211,0.19527,0.010625
651.9016525745392,0.19613,0.01069
652.0075035095215,0.19767,0.01075
652.1205718517303,0.19853,0.01069
652.2263102531433,0.20093,0.01064
652.333253622055,0.201,0.010714
652.442437171936,0.20307,0.010645
652.5503461360931,0.20427,0.010687
652.6590373516083,0.2052,0.01063
652.7698783874512,0.20687,0.010658
652.8796029090881,0.2074,0.010666
652.9787585735321,0.2084,0.010658
653.0891876220703,0.20947,0.010705
653.1988005638123,0.21047,0.010691
653.3000717163086,0.21227,0.010564
653.3993227481842,0.2128,0.010742
653.5076851844788,0.21353,0.010658
653.6063611507416,0.2152,0.010644
653.7110068798065,0.21587,0.010697
653.8112335205078,0.21773,0.010713
653.910543680191,0.2186,0.010728
654.0156919956207,0.2196,0.010672
654.1142575740814,0.22107,0.010692
654.2104730606079,0.222,0.010726
654.3155119419098,0.2234,0.010663
654.4115426540375,0.22387,0.010733
654.5146515369415,0.22513,0.010769
654.6143853664398,0.22613,0.010745
654.7137031555176,0.22733,0.01077
654.8167238235474,0.22887,0.0108
654.9179725646973,0.2298,0.010753
655.017706155777,0.23107,0.010893
655.1159267425537,0.2318,0.011024
655.2279889583588,0.2334,0.010888
655.3378882408142,0.23407,0.010919
655.441296339035,0.23667,0.011067
655.5582511425018,0.23647,0.011128
655.6556220054626,0.2376,0.011168
655.7561891078949,0.23887,0.011185
655.8643841743469,0.23947,0.011341
655.9743826389313,0.24067,0.011368
656.0815644264221,0.24267,0.011317
656.1947510242462,0.24433,0.01142
656.3055696487427,0.245,0.011518
656.4158799648285,0.2458,0.011436
656.5256254673004,0.2472,0.011446
656.6318235397339,0.24887,0.011508
656.7501759529114,0.24987,0.011469
656.8555982112885,0.25167,0.011488
656.9704608917236,0.25187,0.011454
657.0733923912048,0.25333,0.011433
657.1887335777283,0.2538,0.011466
657.2954339981079,0.2568,0.011358
657.4023838043213,0.257,0.011333
657.5091824531555,0.2588,0.011303
657.6070485115051,0.25947,0.011318
657.7177975177765,0.26047,0.011206
657.8262643814087,0.2616,0.011352
657.938990354538,0.2628,0.011236
658.0458731651306,0.26393,0.011117
658.1547231674194,0.2652,0.011114
658.2663042545319,0.26653,0.011066
658.3775687217712,0.2668,0.01119
658.4868824481964,0.26893,0.011055
658.5981066226959,0.2686,0.010994
658.7056493759155,0.27147,0.011029
658.8129661083221,0.2722,0.010979
658.9287216663361,0.27293,0.010994
659.0335192680359,0.27467,0.010875
659.1440346240997,0.27593,0.011045
659.2553277015686,0.2768,0.011129
659.3652408123016,0.27753,0.010968
659.473908662796,0.27833,0.011083
659.5842266082764,0.27907,0.011034
659.695672750473,0.28073,0.011123
659.8052499294281,0.28273,0.011413
659.9150214195251,0.283,0.011345
660.0248711109161,0.28553,0.011565
660.1371986865997,0.28633,0.011527
660.2454407215118,0.287,0.011465
660.3554513454437,0.28827,0.011626
660.4645240306854,0.28933,0.011414
660.5762674808502,0.2906,0.011501
660.6843574047089,0.29167,0.011488
660.7978053092957,0.2926,0.011584
660.8925859928131,0.29347,0.011429
660.9959297180176,0.295,0.011459
661.1113657951355,0.29593,0.011453
661.2169463634491,0.29653,0.011376
661.3264560699463,0.29793,0.011431
661.4366614818573,0.29947,0.011297
661.5466506481171,0.30027,0.01133
661.6556186676025,0.30313,0.011208
661.7664964199066,0.011733,0.011543
661.8740079402924,0.011933,0.01107
661.9844396114349,0.015067,0.01221
662.0948271751404,0.017467,0.012277
662.204430103302,0.020667,0.01202
662.3172903060913,0.024733,0.01183
662.424108505249,0.0276,0.012081
662.5388813018799,0.030333,0.011883
662.6461634635925,0.033467,0.011799
662.7530725002289,0.0388,0.011668
662.8664960861206,0.042733,0.011417
662.9778685569763,0.046867,0.011461
663.0873870849609,0.049533,0.011405
663.1942579746246,0.0524,0.01117
663.3104479312897,0.055267,0.011162
663.4151730537415,0.058533,0.011042
663.531242609024,0.0618,0.010958
663.6403834819794,0.064267,0.010908
663.7484290599823,0.0676,0.0109
663.8528134822845,0.073,0.010953
663.9640324115753,0.072867,0.010898
664.0757884979248,0.079067,0.010918
664.1930029392242,0.082067,0.010942
664.2988543510437,0.084933,0.0108
664.3950884342194,0.0882,0.011208
664.4964907169342,0.091533,0.01132
664.6006774902344,0.092267,0.011328
664.6980912685394,0.092933,0.011267
664.807728767395,0.094667,0.011444
664.9190335273743,0.096067,0.011809
665.0157606601715,0.0974,0.011945
665.1172118186951,0.0992,0.012179
665.2183315753937,0.1006,0.012103
665.325168132782,0.10147,0.012817
665.4213650226593,0.10333,0.01241
665.5212891101837,0.10407,0.012343
665.6184203624725,0.10593,0.012773
665.7205545902252,0.1072,0.012383
665.8209128379822,0.10833,0.012623
665.9202959537506,0.10933,0.012586
666.0231585502625,0.111,0.012318
666.1311192512512,0.1122,0.012738
666.2432153224945,0.11407,0.012788
666.3538045883179,0.11493,0.012866
666.4537734985352,0.11647,0.012573
666.5637257099152,0.11793,0.012419
666.6727347373962,0.11913,0.0122
666.7789902687073,0.12053,0.012078
666.8830707073212,0.1218,0.011896
666.9940094947815,0.12273,0.011846
667.095235824585,0.12393,0.011734
667.2024426460266,0.12573,0.011664
667.3143191337585,0.1274,0.011562
667.4300100803375,0.1278,0.011554
667.5348947048187,0.13027,0.01161
667.6339502334595,0.13173,0.011315
667.7338745594025,0.1328,0.011271
667.846109867096,0.1344,0.011224
667.9568355083466,0.1358,0.011086
668.063690662384,0.13707,0.011033
668.1740591526031,0.13827,0.010969
668.2796614170074,0.13947,0.010959
668.3943281173706,0.14013,0.010927
668.5017042160034,0.14227,0.010893
668.6108839511871,0.143,0.010849
668.7210273742676,0.14447,0.010858
668.8298032283783,0.1466,0.010859
668.9322588443756,0.14647,0.010779
669.0449178218842,0.1492,0.010755
669.1497688293457,0.15007,0.01083
669.259140253067,0.15173,0.010705
669.3634350299835,0.15287,0.010677
669.4731340408325,0.15427,0.010828
669.5830428600311,0.15553,0.010781
669.6819448471069,0.15647,0.010879
669.7945880889893,0.15747,0.010829
669.89200258255,0.15933,0.010802
670.0014672279358,0.16047,0.010744
670.1139140129089,0.1616,0.010719
670.2217602729797,0.16207,0.010954
670.3239216804504,0.16333,0.010774
670.4225678443909,0.1644,0.010948
670.533281326294,0.167,0.010841
670.6408066749573,0.1678,0.010994
670.7534387111664,0.1682,0.010793
670.8588190078735,0.17013,0.010852
670.9650552272797,0.17027,0.010896
671.0644612312317,0.17273,0.010893
671.1740262508392,0.17407,0.010973
671.2738766670227,0.17553,0.01093
671.3841648101807,0.1768,0.010786
671.4964687824249,0.17753,0.010872
671.6042590141296,0.17807,0.01082
671.7114400863647,0.17987,0.010754
671.8154549598694,0.1812,0.010869
671.9238455295563,0.18267,0.010856
672.0326681137085,0.18353,0.010833
672.1439287662506,0.18413,0.010763
672.2543187141418,0.1852,0.0108
672.3623006343842,0.18807,0.010744
672.472081899643,0.189,0.010778
672.5848052501678,0.189,0.010714
672.6947946548462,0.19113,0.010733
672.8068850040436,0.19133,0.010757
672.9146685600281,0.1936,0.010749
673.0235283374786,0.19433,0.010724
673.1242835521698,0.1958,0.010731
673.2234642505646,0.19667,0.010687
673.3352997303009,0.1982,0.010727
673.442548751831,0.19913,0.010715
673.5529222488403,0.20033,0.010747
673.6555416584015,0.20107,0.0108
673.7650194168091,0.20247,0.010711
673.8714532852173,0.2034,0.010657
673.9891436100006,0.20467,0.010735
674.0940823554993,0.207,0.010786
674.2048096656799,0.20847,0.01075
674.3143439292908,0.20927,0.010648
674.4254105091095,0.21053,0.010756
674.535573720932,0.21133,0.010722
674.649255990982,0.21253,0.010742
674.7535166740417,0.21427,0.01071
674.8620929718018,0.215,0.010714
674.9744057655334,0.21633,0.010669
675.0841574668884,0.21673,0.010702
675.1894295215607,0.2186,0.010642
675.2842919826508,0.21933,0.01071
675.3854749202728,0.2208,0.010715
675.4952766895294,0.22167,0.010762
675.6068139076233,0.22353,0.010738
675.7066609859467,0.22373,0.010739
675.8055431842804,0.22507,0.010788
675.905779838562,0.22587,0.010826
676.006726026535,0.2268,0.010893
676.1099781990051,0.22853,0.01082
676.2087666988373,0.22987,0.010942
676.3113188743591,0.23067,0.010948
676.4075152873993,0.23147,0.010991
676.5202805995941,0.2332,0.011155
676.6359443664551,0.23373,0.011229
676.7359416484833,0.23553,0.011204
676.8420128822327,0.237,0.011317
676.9483001232147,0.23793,0.011419
677.0599093437195,0.2392,0.011446
677.1687891483307,0.24033,0.011559
677.2784337997437,0.2416,0.011551
677.3889684677124,0.24247,0.011638
677.4996361732483,0.24347,0.011672
677.6069984436035,0.24453,0.011601
677.7060444355011,0.24567,0.011611
677.8207406997681,0.24767,0.011583
677.927389383316,0.2482,0.011658
678.0383679866791,0.24953,0.011618
678.1370055675507,0.25093,0.011526
678.2405636310577,0.25247,0.011563
678.3507750034332,0.25367,0.011534
678.4602491855621,0.2542,0.011419
678.5694880485535,0.256,0.011511
678.6817593574524,0.257,0.01135
678.7898726463318,0.25793,0.011313
678.902087688446,0.259,0.011351
679.0110447406769,0.25993,0.011246
679.121021270752,0.2608,0.011258
679.2294285297394,0.2624,0.011201
679.3406362533569,0.26327,0.011219
679.4534873962402,0.26413,0.011139
679.5540342330933,0.26653,0.011125
679.6598455905914,0.26647,0.011068
679.7690496444702,0.26913,0.010967
679.8791043758392,0.2704,0.011
679.9895288944244,0.2716,0.0109
680.1014773845673,0.27213,0.010967
680.2096047401428,0.27347,0.010931
680.317955493927,0.27353,0.010985
680.4313669204712,0.27547,0.011026
680.5399708747864,0.27673,0.010942
680.6488399505615,0.27713,0.010991
680.7630558013916,0.27873,0.011162
680.8664228916168,0.2798,0.011147
680.969152212143,0.2806,0.011286
681.0704782009125,0.28167,0.011325
681.1808731555939,0.28313,0.011323
681.2896859645844,0.2838,0.01143
681.39976811409,0.28567,0.011448
681.516607761383,0.287,0.011288
681.6232452392578,0.28727,0.011384
681.7302227020264,0.28893,0.011386
681.8394484519958,0.29,0.011376
681.9538977146149,0.291,0.011291
682.0621647834778,0.29193,0.011409
682.1703991889954,0.29307,0.011279
682.2803049087524,0.29393,0.011277
682.3816182613373,0.2956,0.011364
682.4911904335022,0.29707,0.011297
682.5989263057709,0.29707,0.011304
682.7107245922089,0.29913,0.011278
682.8066663742065,0.30027,0.01119
682.9215042591095,0.30253,0.011207
683.0314333438873,0.30273,0.010737
683.1323044300079,0.010533,0.010997
683.2302939891815,0.0142,0.012167
683.3413743972778,0.016867,0.012119
683.4485020637512,0.020533,0.012288
683.558797121048,0.023467,0.012047
683.6741254329681,0.027,0.012115
683.7786478996277,0.030067,0.011826
683.8904056549072,0.032933,0.01198
683.9898340702057,0.0368,0.011873
684.0937623977661,0.0394,0.01164
684.205973148346,0.042667,0.011541
684.3109104633331,0.048867,0.011263
684.425003528595,0.049,0.011308
684.5301649570465,0.0546,0.011242
684.6432526111603,0.057667,0.011193
684.7464008331299,0.057533,0.01116
684.8534643650055,0.063933,0.010889
684.9611442089081,0.067067,0.010912
685.0727741718292,0.070333,0.010934
685.1851027011871,0.072867,0.010913
685.2875576019287,0.075733,0.010821
685.3853216171265,0.078933,0.010926
685.4945197105408,0.081933,0.010974
685.6026232242584,0.085,0.010961
685.7133677005768,0.087867,0.010874
685.8212678432465,0.091133,0.010955
685.9218776226044,0.091667,0.011525
686.0272529125214,0.093067,0.011683
686.1252341270447,0.095,0.01155
686.2339289188385,0.096133,0.011972
686.3440403938293,0.099,0.012129
686.4531698226929,0.10027,0.012265
686.567193031311,0.10173,0.011817
686.6703517436981,0.10333,0.01194
686.7830765247345,0.10413,0.011962
686.8895089626312,0.10587,0.012275
687.0002286434174,0.1068,0.01221
687.1090936660767,0.10827,0.012247
687.2127435207367,0.11,0.012325
687.3182742595673,0.11107,0.012589
687.4345519542694,0.11273,0.012434
687.5400791168213,0.1138,0.012467
687.6407563686371,0.11527,0.012327
687.7525336742401,0.11607,0.012302
687.8627724647522,0.11773,0.012193
687.968213558197,0.119,0.011916
688.0789473056793,0.1214,0.012055
688.180272102356,0.12287,0.011827
688.2788710594177,0.12407,0.011715
688.3885192871094,0.12533,0.011588
688.5001721382141,0.12673,0.011627
688.5991051197052,0.12813,0.011487
688.7113711833954,0.12993,0.011618
688.8203120231628,0.13093,0.01158
688.9304208755493,0.13167,0.011352
689.0359010696411,0.13293,0.011347
689.138512134552,0.13433,0.011091
689.2470531463623,0.13573,0.011278
689.3617894649506,0.13653,0.011079
689.463504076004,0.13767,0.011019
689.5709412097931,0.13927,0.010895
689.6800220012665,0.14187,0.010764
689.7886276245117,0.14173,0.010782
689.8977105617523,0.14427,0.010794
690.010728597641,0.1454,0.010793
690.1096246242523,0.1468,0.010825
690.2195115089417,0.14847,0.010729
690.3303303718567,0.14893,0.010758
690.4389362335205,0.1502,0.010727
690.5501093864441,0.15147,0.010735
690.6475667953491,0.1528,0.010721
690.7603485584259,0.15333,0.010702
690.8704609870911,0.15533,0.010658
690.9675557613373,0.1564,0.01069
691.0789527893066,0.1574,0.010781
691.1908087730408,0.15873,0.010762
691.2902703285217,0.16007,0.010771
691.3977241516113,0.16307,0.010762
691.5100610256195,0.16313,0.010742
691.6171069145203,0.16487,0.010645
691.7296915054321,0.16667,0.010796
691.8332626819611,0.16587,0.010806
691.9397552013397,0.16833,0.010794
692.0512113571167,0.16907,0.010781
692.1608712673187,0.17047,0.010684
692.2690312862396,0.172,0.01082
692.3811779022217,0.17307,0.010771
692.4908881187439,0.17373,0.010798
692.6022777557373,0.1752,0.010803
692.7120878696442,0.17647,0.010741
692.810218334198,0.17747,0.0108
692.9187679290771,0.17867,0.010726
693.0299894809723,0.1812,0.010786
693.1387658119202,0.181,0.010731
693.2509860992432,0.18367,0.010817
693.3621687889099,0.1848,0.010785
693.4710094928741,0.1854,0.010731
693.5779047012329,0.18727,0.010678
693.6792833805084,0.1884,0.010726
693.7910373210907,0.1892,0.010724
693.9037783145905,0.19027,0.010769
693.9980256557465,0.1908,0.010686
694.1101305484772,0.19227,0.010756
694.2224299907684,0.19333,0.010793
694.319450378418,0.19453,0.010633
694.4289207458496,0.19567,0.01074
694.5411274433136,0.1966,0.010764
694.645956993103,0.1994,0.010735
694.7606520652771,0.20007,0.010713
694.8757960796356,0.2012,0.010802
694.9779558181763,0.20273,0.010823
695.0929753780365,0.2036,0.010747
695.1972236633301,0.20507,0.010787
695.3102586269379,0.20633,0.010823
695.4208841323853,0.2072,0.010779
695.5190031528473,0.2082,0.010775
695.6278967857361,0.20947,0.010773
695.7373597621918,0.2102,0.010749
695.8393635749817,0.21167,0.010785
695.9500458240509,0.21233,0.01073
696.0594341754913,0.21373,0.010693
696.1700444221497,0.21473,0.010775
696.2781145572662,0.21713,0.010704
696.3916079998016,0.21813,0.010705
696.5022237300873,0.21933,0.010779
696.610869884491,0.2204,0.010706
696.7091028690338,0.22133,0.010742
696.8081066608429,0.22293,0.010727
696.9156091213226,0.22393,0.01079
697.0176706314087,0.22507,0.010823
697.1325204372406,0.2262,0.010803
697.2310581207275,0.22693,0.010934
697.3295207023621,0.228,0.010952
697.4300980567932,0.22987,0.011016
697.5311892032623,0.2306,0.011122
697.6350824832916,0.2314,0.011081
697.732399225235,0.23273,0.011142
697.8353126049042,0.2336,0.011285
697.9319393634796,0.2348,0.011418
698.0384697914124,0.23567,0.011544
698.146621465683,0.23713,0.01159
698.2473192214966,0.23813,0.011614
698.363519191742,0.23993,0.011652
698.4703538417816,0.2408,0.011737
698.5724656581879,0.24193,0.011759
698.6853742599487,0.24413,0.011807
698.7786054611206,0.24547,0.011722
698.8895518779755,0.24587,0.011793
699.0021488666534,0.24687,0.011718
699.1105334758759,0.24887,0.011761
699.2181911468506,0.2498,0.011615
699.3175880908966,0.2506,0.011697
699.4194858074188,0.25233,0.011602
699.5290851593018,0.25287,0.01155
699.637818813324,0.254,0.01139
699.7507417201996,0.25527,0.011486
699.8601124286652,0.256,0.011401
699.9683439731598,0.25727,0.011405
700.0686402320862,0.25847,0.011353
700.1783425807953,0.25993,0.011187
700.289041519165,0.261,0.011236
700.3983643054962,0.26147,0.011244
700.5005595684052,0.26293,0.01119
700.6011185646057,0.2638,0.011129
700.7098851203918,0.2648,0.011093
700.8202240467072,0.26673,0.011058
700.9243700504303,0.26667,0.010963
701.033536195755,0.2678,0.011047
701.1426463127136,0.26993,0.011009
701.2507829666138,0.27113,0.010855
701.3640038967133,0.2726,0.010898
701.462673664093,0.27367,0.010993
701.5694801807404,0.2754,0.010964
701.6822400093079,0.2764,0.010966
701.7913684844971,0.277,0.010986
701.889532327652,0.27813,0.011094
701.9902193546295,0.279,0.010973
702.1012632846832,0.27953,0.011098
702.2107348442078,0.28067,0.011172
702.3214724063873,0.2822,0.011264
702.4363865852356,0.28293,0.011161
702.5407860279083,0.284,0.011247
702.6527199745178,0.2864,0.011298
702.7618782520294,0.2872,0.011375
702.8705523014069,0.28813,0.011322
702.9728531837463,0.28967,0.011379
703.0812473297119,0.29073,0.011292
703.1908121109009,0.29167,0.011345
703.2997381687164,0.293,0.011281
703.4110066890717,0.294,0.011358
703.5115463733673,0.29493,0.011348
703.6206240653992,0.29607,0.011148
703.7318952083588,0.297,0.011255
703.8402285575867,0.29793,0.011179
703.9537498950958,0.29927,0.010918
704.05996966362,0.3018,0.011155
704.1738481521606,0.30167,0.011029
704.2787494659424,0.0136,0.010675
704.3892855644226,0.0116,0.010986
704.5043954849243,0.014133,0.012046
704.6098823547363,0.017533,0.012283
704.7218425273895,0.021,0.01227
704.8287944793701,0.024133,0.012257
704.9446544647217,0.027467,0.012173
705.0483298301697,0.0306,0.011938
705.1627237796783,0.0338,0.011859
705.2734365463257,0.0402,0.011718
705.3841552734375,0.0434,0.011705
705.492360830307,0.046267,0.011456
705.6028490066528,0.049133,0.011597
705.7105386257172,0.052667,0.011375
705.8243367671967,0.055733,0.011278
705.9299721717834,0.0586,0.011224
706.0412285327911,0.061667,0.011222
706.1426730155945,0.065133,0.01101
706.2446885108948,0.0674,0.010909
706.3533473014832,0.070867,0.010911
706.4665741920471,0.073933,0.010868
706.5775461196899,0.077467,0.010851
706.6796400547028,0.083133,0.010916
706.7924952507019,0.082533,0.010984
706.9046652317047,0.085067,0.010829
707.0114290714264,0.091333,0.011119
707.1261641979218,0.092533,0.011063
707.2343847751617,0.093667,0.011266
707.3443505764008,0.0954,0.011383
707.4505529403687,0.0964,0.011753
707.5600066184998,0.097867,0.011537
707.6596159934998,0.099533,0.011932
707.7576086521149,0.10033,0.011896
707.867388010025,0.10233,0.01192
707.9691951274872,0.10313,0.011988
708.0689923763275,0.10553,0.012023
708.1674137115479,0.1066,0.012146
708.2735064029694,0.1078,0.012223
708.3747992515564,0.10987,0.012214
708.4702317714691,0.11027,0.012356
708.5712666511536,0.11187,0.011989
708.6732499599457,0.1132,0.012069
708.7814002037048,0.11407,0.011919
708.8817617893219,0.11593,0.012197
708.9916746616364,0.1168,0.012022
709.0898239612579,0.1186,0.011965
709.1996114253998,0.11927,0.011743
709.3076343536377,0.12093,0.011818
709.4093132019043,0.12247,0.011783
709.5161654949188,0.12493,0.011618
709.6205995082855,0.12567,0.011505
709.7224769592285,0.12653,0.011382
709.8200218677521,0.1276,0.011665
709.9303576946259,0.13007,0.011477
710.0376441478729,0.12967,0.011407
710.1496658325195,0.1328,0.011431
710.2494428157806,0.13373,0.011283
710.3633441925049,0.13493,0.011082
710.4703919887543,0.1362,0.011042
710.5678069591522,0.13793,0.010818
710.6831693649292,0.1386,0.010849
710.7789282798767,0.13953,0.010841
710.8890452384949,0.14073,0.010828
710.9900085926056,0.14253,0.010753
711.104053735733,0.1432,0.010803
711.2038578987122,0.14447,0.010782
711.3108654022217,0.14567,0.010812
711.4265594482422,0.14667,0.010738
711.5315663814545,0.14813,0.010707
711.6405777931213,0.1496,0.010685
711.7521436214447,0.15047,0.010795
711.8622174263,0.15207,0.010667
711.97025847435,0.15307,0.010668
712.0803718566895,0.154,0.010708
712.1899101734161,0.1562,0.01069
712.3024559020996,0.15773,0.010714
712.4121961593628,0.15913,0.010728
712.5219306945801,0.16053,0.010638
712.6215755939484,0.16193,0.010699
712.7298052310944,0.16273,0.010703
712.840482711792,0.164,0.010763
712.9502959251404,0.16493,0.010666
713.059009552002,0.16667,0.01077
713.1576659679413,0.16847,0.01066
713.2718975543976,0.16893,0.010763
713.3710713386536,0.16973,0.010705
713.4745783805847,0.17133,0.010769
713.584376335144,0.17213,0.010734
713.6918532848358,0.175,0.010745
713.8048512935638,0.1758,0.010741
713.9128751754761,0.17713,0.010786
714.0243215560913,0.17853,0.010627
714.1328556537628,0.179,0.010691
714.2410247325897,0.1804,0.010761
714.3506097793579,0.18127,0.010772
714.4635450839996,0.1832,0.010733
714.570419549942,0.1844,0.010808
714.6820607185364,0.18527,0.010765
714.7965166568756,0.18647,0.010789
714.8992490768433,0.18847,0.010792
715.0102996826172,0.18867,0.010759
715.1207768917084,0.19073,0.010751
715.2313630580902,0.19213,0.01082
715.3425815105438,0.19333,0.0108
715.4502456188202,0.19453,0.01076
715.56023645401,0.195,0.01074
715.6627006530762,0.19613,0.010785
715.7732222080231,0.19767,0.010809
715.880028963089,0.19847,0.010743
715.9978528022766,0.1998,0.010845
716.0904719829559,0.20113,0.010902
716.1936428546906,0.20233,0.010877
716.3034555912018,0.2028,0.010708
716.4116327762604,0.20553,0.010887
716.5159652233124,0.20567,0.010934
716.6197838783264,0.20807,0.010938
716.731232881546,0.20773,0.010894
716.8408422470093,0.2098,0.010732
716.9550678730011,0.21073,0.010823
717.0520520210266,0.21253,0.010766
717.164379119873,0.21347,0.010775
717.2737710475922,0.2146,0.010793
717.383795261383,0.21573,0.010837
717.4944257736206,0.2166,0.010763
717.595032453537,0.21807,0.010828
717.701180934906,0.21913,0.010746
717.8118448257446,0.22053,0.010806
717.9250226020813,0.22187,0.01075
718.0287463665009,0.2224,0.010781
718.141099691391,0.225,0.010727
718.2504091262817,0.22607,0.010963
718.354593038559,0.22707,0.010865
718.4505279064178,0.22693,0.010933
718.5572845935822,0.22907,0.011055
718.6623687744141,0.23013,0.011083
718.7591500282288,0.23107,0.01124
718.8593695163727,0.23233,0.011257
718.9595401287079,0.2338,0.0114
719.0647203922272,0.2346,0.011427
719.1613969802856,0.23427,0.011508
719.2611975669861,0.23747,0.011653
719.3609752655029,0.23807,0.0118
719.4684517383575,0.23753,0.011777
719.5807113647461,0.2402,0.011819
719.6901054382324,0.2408,0.011856
719.8011412620544,0.24167,0.011853
719.9006838798523,0.2432,0.011902
720.008308172226,0.244,0.011951
720.1204731464386,0.24547,0.011801
720.2200527191162,0.247,0.011871
720.3286147117615,0.24753,0.011814
720.427862405777,0.24827,0.011723
720.5307283401489,0.25007,0.011683
720.6357913017273,0.25107,0.011586
720.7414226531982,0.25207,0.01149
720.848475933075,0.2532,0.011426
720.9613215923309,0.2538,0.011365
721.0696706771851,0.255,0.011345
721.1668498516083,0.25607,0.011375
721.2672398090363,0.2588,0.011277
721.3825387954712,0.25933,0.011266
721.4906675815582,0.26067,0.011239
721.5995919704437,0.26187,0.011123
721.7003490924835,0.2618,0.011095
721.8084151744843,0.26427,0.011124
721.9225335121155,0.26513,0.011145
722.0306208133698,0.26587,0.011056
722.1408777236938,0.26667,0.010875
722.240472316742,0.26793,0.011011
722.3532912731171,0.2688,0.010966
722.4609653949738,0.2702,0.010942
722.5710592269897,0.27107,0.010899
722.6833033561707,0.2728,0.010891
722.7895123958588,0.27467,0.010937
722.8996608257294,0.27473,0.010918
723.0112669467926,0.276,0.010889
723.1188540458679,0.27787,0.010978
723.2303540706635,0.2782,0.011067
723.3322842121124,0.2798,0.011057
723.4345495700836,0.28073,0.01108
723.542986869812,0.2824,0.011272
723.6496050357819,0.28293,0.01125
723.7491707801819,0.2844,0.011306
723.8628897666931,0.2852,0.011286
723.9703290462494,0.2868,0.011247
724.0803551673889,0.28767,0.011181
724.191822052002,0.28873,0.011152
724.29256939888,0.28993,0.011146
724.4000792503357,0.2902,0.011134
724.5121154785156,0.29187,0.011156
724.6228697299957,0.29293,0.011151
724.7322399616241,0.295,0.011213
724.847165107727,0.29593,0.011138
724.9500057697296,0.29753,0.011208
725.0632245540619,0.29787,0.011094
725.170872926712,0.29887,0.011047
725.2843072414398,0.30027,0.011071
725.3920753002167,0.30113,0.011057
725.5016083717346,0.30247,0.010996
725.6135239601135,0.0082667,0.011767
725.7224760055542,0.0112,0.011969
725.823267698288,0.013533,0.012147
725.9218266010284,0.0204,0.01209
726.0311448574066,0.020267,0.011993
726.1425881385803,0.027133,0.011861
726.2566089630127,0.030667,0.011859
726.3622543811798,0.033533,0.011761
726.4719214439392,0.0368,0.011779
726.5811729431152,0.039467,0.011622
726.6912887096405,0.042467,0.011424
726.8055369853973,0.045267,0.011401
726.9117906093597,0.049067,0.011492
727.0236043930054,0.0516,0.011217
727.1373856067657,0.0578,0.01118
727.2450354099274,0.057467,0.011037
727.3514451980591,0.061067,0.011035
727.464916229248,0.066667,0.010901
727.5719971656799,0.0668,0.010914
727.6821978092194,0.072867,0.010907
727.7810461521149,0.0756,0.010903
727.8919701576233,0.078267,0.010838
728.0018162727356,0.081533,0.010858
728.1143188476562,0.0846,0.010838
728.2268862724304,0.087733,0.010803
728.3240058422089,0.090467,0.01093
728.4316556453705,0.0918,0.010996
728.5400099754333,0.093333,0.011095
728.6511726379395,0.094667,0.011015
728.7640459537506,0.096267,0.01145
728.8701405525208,0.098133,0.011537
728.9723620414734,0.10093,0.011487
729.0690307617188,0.1016,0.011668
729.1771266460419,0.10293,0.011457
729.2820422649384,0.1042,0.011645
729.3831832408905,0.106,0.011757
729.482321023941,0.106,0.011682
729.585461139679,0.10873,0.011793
729.6804378032684,0.10993,0.011749
729.7829020023346,0.11047,0.01157
729.8819806575775,0.11147,0.011725
729.9858551025391,0.1124,0.011786
730.0832452774048,0.11387,0.011769
730.1905581951141,0.11527,0.011936
730.2889177799225,0.11613,0.011626
730.4004573822021,0.1198,0.011673
730.5087702274323,0.11953,0.0116
730.6111855506897,0.12087,0.01142
730.7196400165558,0.1222,0.011561
730.8187108039856,0.12353,0.011492
730.9301679134369,0.1252,0.011433
731.0387899875641,0.12633,0.011361
731.1402637958527,0.12753,0.011336
731.237607717514,0.12847,0.011383
731.351286649704,0.1302,0.011257
731.4654512405396,0.13147,0.011309
731.566308259964,0.132,0.01109
731.6784737110138,0.13407,0.010982
731.7910749912262,0.13493,0.010941
731.9000747203827,0.1374,0.010866
732.0004761219025,0.13713,0.010796
732.1098928451538,0.13847,0.010768
732.2193520069122,0.1416,0.010773
732.331090927124,0.1424,0.010792
732.4373965263367,0.14393,0.010733
732.5510950088501,0.14487,0.010719
732.6503791809082,0.1464,0.010736
732.7593591213226,0.1478,0.010703
732.8675594329834,0.14847,0.010659
732.9789378643036,0.14987,0.010729
733.0918016433716,0.15133,0.010662
733.2003207206726,0.15253,0.010676
733.2994058132172,0.15407,0.010665
733.401424407959,0.15493,0.010679
733.5071530342102,0.15547,0.010679
733.6008160114288,0.15773,0.010665
733.7093856334686,0.15873,0.010695
733.8105609416962,0.15933,0.01068
733.9189808368683,0.1622,0.01067
734.0313642024994,0.16207,0.010674
734.1313619613647,0.1632,0.010717
734.2408194541931,0.1654,0.010694
734.3493688106537,0.1668,0.010681
734.4627113342285,0.16813,0.010711
734.5690686702728,0.1694,0.010735
734.6700360774994,0.16993,0.01072
734.7801446914673,0.17127,0.010791
734.8891208171844,0.1724,0.010739
735.0034639835358,0.17353,0.010736
735.1084101200104,0.17513,0.010766
735.2102863788605,0.17607,0.010727
735.3116326332092,0.17707,0.010776
735.4192581176758,0.17853,0.010763
735.5300271511078,0.17993,0.010767
735.6391558647156,0.18093,0.010776
735.7539677619934,0.18233,0.010711
735.8614187240601,0.18407,0.010784
735.9703879356384,0.18373,0.010806
736.0800392627716,0.1866,0.010819
736.1914880275726,0.1874,0.010781
736.304797410965,0.1886,0.010823
736.4079959392548,0.19,0.010814
736.5242700576782,0.19113,0.01094
736.6343414783478,0.1926,0.010937
736.7405705451965,0.193,0.010979
736.8511555194855,0.19453,0.010957
736.9615933895111,0.19567,0.010975
737.0702924728394,0.1982,0.011013
737.1808795928955,0.19807,0.011028
737.2898662090302,0.2,0.010977
737.4015142917633,0.20113,0.010956
737.5107762813568,0.20287,0.010977
737.6108067035675,0.20447,0.011021
737.721150636673,0.20453,0.011001
737.8303060531616,0.2062,0.010924
737.9422056674957,0.20693,0.010927
738.0405752658844,0.20853,0.010953
738.1498017311096,0.2094,0.010819
738.2587749958038,0.21053,0.010876
738.3719310760498,0.21133,0.010881
738.4815902709961,0.21293,0.010893
738.5893552303314,0.2136,0.010824
738.704295873642,0.2158,0.010921
738.8091526031494,0.21707,0.010767
738.9181053638458,0.2184,0.010768
739.0216083526611,0.2194,0.010789
739.123165845871,0.22093,0.010828
739.2298548221588,0.22187,0.010849
739.3422286510468,0.22273,0.010799
739.4515001773834,0.22407,0.010853
739.5539803504944,0.22473,0.010986
739.6573312282562,0.22527,0.010973
739.7750630378723,0.22687,0.011119
739.8695538043976,0.2282,0.011162
739.9827241897583,0.22893,0.011158
740.0780622959137,0.22987,0.011499
740.1789693832397,0.23147,0.011381
740.2780520915985,0.23313,0.01149
740.3805885314941,0.23353,0.011722
740.487012386322,0.2352,0.011735
740.5811853408813,0.236,0.011784
740.6810250282288,0.23687,0.011843
740.7839984893799,0.238,0.011987
740.8887293338776,0.23873,0.011883
740.9977836608887,0.2406,0.011958
741.1006789207458,0.24107,0.012029
741.2053003311157,0.2424,0.011955
741.3198900222778,0.2434,0.011864
741.4293215274811,0.24427,0.011748
741.5394115447998,0.24733,0.011839
741.6489658355713,0.2478,0.011807
741.7567687034607,0.24833,0.011643
741.866863489151,0.24987,0.011598
741.9675500392914,0.251,0.011583
742.076096534729,0.25207,0.011351
742.1796207427979,0.25313,0.011347
742.2918891906738,0.2542,0.011413
742.4020848274231,0.2556,0.011359
742.5089540481567,0.25687,0.011372
742.6077725887299,0.2574,0.011161
742.7174530029297,0.2588,0.011162
742.8292007446289,0.26,0.011092
742.9301698207855,0.26087,0.011008
743.0360186100006,0.2618,0.011016
743.1403555870056,0.26453,0.010969
743.2510099411011,0.2644,0.011017
743.3592205047607,0.2658,0.01087
743.4689030647278,0.26627,0.010936
743.5839111804962,0.2676,0.010891
743.6891386508942,0.26927,0.010928
743.7905538082123,0.2704,0.010943
743.9006385803223,0.2716,0.010895
744.0001075267792,0.27267,0.010892
744.1031310558319,0.2736,0.010821
744.2122757434845,0.27527,0.0109
744.32071352005,0.2764,0.010957
744.4333531856537,0.27673,0.010918
744.539577960968,0.27833,0.010921
744.6480596065521,0.27893,0.011011
744.7609214782715,0.28027,0.010997
744.8703064918518,0.28107,0.011069
744.9795734882355,0.28213,0.010999
745.090756893158,0.2848,0.011174
745.2024037837982,0.28593,0.011171
745.3105669021606,0.28687,0.011068
745.4218423366547,0.288,0.011192
745.5305352210999,0.2888,0.011084
745.6420876979828,0.28953,0.011058
745.7495028972626,0.29087,0.011127
745.8635468482971,0.2924,0.010994
745.9696667194366,0.29327,0.011103
746.0808393955231,0.29447,0.010992
746.1896362304688,0.29667,0.011112
746.2978513240814,0.29713,0.011005
746.40864777565,0.29907,0.011006
746.5212709903717,0.29873,0.010999
746.6306483745575,0.30027,0.011003
746.7368106842041,0.302,0.011039
746.8499712944031,0.0084667,0.011403
746.959988117218,0.0102,0.011336
747.0701570510864,0.013533,0.012132
747.1824064254761,0.016733,0.012072
747.2934246063232,0.019933,0.012229
747.3910293579102,0.022533,0.012264
747.5018556118011,0.028933,0.012042
747.6105341911316,0.0294,0.011717
747.7201824188232,0.035867,0.011599
747.830050945282,0.0386,0.011705
747.929262638092,0.039,0.011531
748.0418646335602,0.044333,0.011471
748.1540150642395,0.048,0.011301
748.2578976154327,0.051533,0.011293
748.3742499351501,0.0542,0.0111
748.4808673858643,0.057333,0.011245
748.5907678604126,0.0598,0.011077
748.7001640796661,0.063467,0.011054
748.8108513355255,0.069133,0.01097
748.9099397659302,0.069333,0.010969
749.0230557918549,0.0762,0.011002
749.1302864551544,0.0782,0.010932
749.2400705814362,0.081067,0.010881
749.3540983200073,0.084067,0.010823
749.4610044956207,0.087,0.010897
749.5718479156494,0.0904,0.010893
749.6805474758148,0.0922,0.010862
749.7895264625549,0.093467,0.01093
749.901202917099,0.094667,0.010876
750.0027108192444,0.096133,0.011119
750.1103973388672,0.0968,0.011341
750.2195069789886,0.098667,0.01132
750.3203325271606,0.099533,0.011186
750.4288105964661,0.1014,0.011404
750.5283682346344,0.1026,0.011319
750.6378529071808,0.10493,0.011447
750.7394208908081,0.1054,0.01148
750.8378095626831,0.10687,0.011427
750.9402370452881,0.108,0.011762
751.043662071228,0.10933,0.011525
751.1411488056183,0.11213,0.011592
751.2456181049347,0.112,0.011419
751.3456525802612,0.1136,0.011432
751.4443473815918,0.11467,0.011455
751.543226480484,0.1164,0.011502
751.6533946990967,0.1194,0.011399
751.7525863647461,0.1194,0.011404
751.8599843978882,0.1214,0.011469
751.9638917446136,0.12273,0.011378
752.0570421218872,0.12287,0.011409
752.1616322994232,0.12407,0.01145
752.2688715457916,0.12667,0.011358
752.3792853355408,0.1264,0.011281
752.4908933639526,0.1288,0.011147
752.588888168335,0.13027,0.011138
752.6896600723267,0.13147,0.011006
752.7997813224792,0.13287,0.010905
752.9095060825348,0.13447,0.010947
753.0222373008728,0.1354,0.010814
753.127358675003,0.1368,0.010746
753.2295095920563,0.13827,0.010735
753.3420133590698,0.13893,0.01073
753.4383511543274,0.14047,0.010751
753.5487589836121,0.14207,0.010802
753.6563165187836,0.1424,0.010702
753.7619037628174,0.14353,0.010717
753.8679497241974,0.14487,0.010684
753.9803833961487,0.14613,0.010666
754.0902826786041,0.1492,0.010673
754.200626373291,0.15033,0.010687
754.3099851608276,0.1514,0.010691
754.4198234081268,0.15247,0.010735
754.52880859375,0.15393,0.010691
754.6267740726471,0.15547,0.010706
754.7410130500793,0.15633,0.010606
754.852329492569,0.15687,0.010725
754.9588177204132,0.1584,0.010737
755.0697400569916,0.16007,0.010687
755.1805109977722,0.1612,0.010655
755.2838904857635,0.16173,0.010671
755.3889298439026,0.1644,0.010682
755.4989511966705,0.16427,0.010617
755.6009404659271,0.16513,0.010661
755.7108700275421,0.16787,0.010663
755.8173260688782,0.16867,0.010675
755.9270510673523,0.16993,0.010728
756.0388224124908,0.17127,0.010671
756.1389019489288,0.17113,0.010707
756.2499394416809,0.1738,0.010743
756.3593742847443,0.17487,0.010717
756.460955619812,0.17633,0.010797
756.569981098175,0.17707,0.010781
756.6804871559143,0.17807,0.010814
756.7901015281677,0.18,0.010748
756.900221824646,0.18093,0.010782
757.010406255722,0.18207,0.010864
757.1125650405884,0.18247,0.010917
757.2177720069885,0.18513,0.010896
757.3294186592102,0.1852,0.010984
757.4388089179993,0.18807,0.011021
757.5507702827454,0.1884,0.01097
757.6596796512604,0.1902,0.010999
757.7680420875549,0.19087,0.011035
757.8768124580383,0.19247,0.011051
757.9781985282898,0.1934,0.011079
758.0904116630554,0.19427,0.011146
758.1979546546936,0.1958,0.011177
758.300253868103,0.19713,0.011153
758.4088015556335,0.19807,0.011234
758.5212771892548,0.1988,0.011241
758.6268877983093,0.2014,0.011169
758.7384481430054,0.20133,0.011121
758.849969625473,0.20393,0.011126
758.9660930633545,0.20487,0.011074
759.0711717605591,0.20627,0.011197
759.1821761131287,0.20673,0.010951
759.2873883247375,0.20793,0.011047
759.4029343128204,0.20933,0.010986
759.5095512866974,0.21033,0.011094
759.619491815567,0.21167,0.01093
759.73202252388,0.21293,0.010821
759.8289318084717,0.21413,0.010918
759.9408280849457,0.21533,0.010888
760.0465614795685,0.2178,0.010757
760.1515910625458,0.21753,0.010793
760.2516379356384,0.21827,0.010826
760.3608462810516,0.22027,0.010847
760.4693953990936,0.22113,0.010941
760.5780317783356,0.223,0.010913
760.6809723377228,0.22367,0.010936
760.7919175624847,0.2248,0.011074
760.8999059200287,0.22607,0.011017
761.000611782074,0.22727,0.011233
761.1040012836456,0.22807,0.011196
761.2014360427856,0.22913,0.011304
761.3110949993134,0.2304,0.011274
761.4280207157135,0.23093,0.011324
761.523900270462,0.23253,0.01171
761.6205685138702,0.2336,0.01181
761.7217755317688,0.23447,0.011836
761.8203508853912,0.23553,0.011886
761.9203650951385,0.23713,0.01204
762.0237817764282,0.23787,0.011935
762.1240785121918,0.23947,0.012029
762.2286403179169,0.24027,0.011987
762.3255054950714,0.24133,0.011958
762.4240822792053,0.24267,0.011895
762.535041809082,0.24313,0.011844
762.655838727951,0.2444,0.011678
762.7577893733978,0.2456,0.011728
762.8581473827362,0.24673,0.01177
762.9558639526367,0.24767,0.011513
763.0657534599304,0.249,0.01152
763.1748199462891,0.2492,0.011432
763.2889201641083,0.25053,0.011347
763.3976666927338,0.2526,0.011374
763.5067729949951,0.25413,0.011405
763.6172511577606,0.2538,0.011231
763.7265226840973,0.25693,0.011295
763.8339807987213,0.25767,0.011291
763.9515278339386,0.25907,0.011186
764.056559085846,0.2596,0.011168
764.1661319732666,0.26087,0.011078
764.2746496200562,0.26187,0.010995
764.3766641616821,0.26253,0.010922
764.4879653453827,0.26453,0.010957
764.5979325771332,0.26487,0.010913
764.710253238678,0.26627,0.010982
764.8188540935516,0.267,0.010934
764.9156520366669,0.26787,0.010899
765.0269429683685,0.27013,0.010872
765.1284453868866,0.27093,0.010804
765.2291009426117,0.272,0.010827
765.3289103507996,0.27287,0.010852
765.4375333786011,0.2752,0.010852
765.5483255386353,0.2758,0.010777
765.6583940982819,0.27687,0.010845
765.7713341712952,0.278,0.010916
765.8787314891815,0.27913,0.010863
765.9879744052887,0.27967,0.011033
766.0991551876068,0.28107,0.010977
766.2083737850189,0.28253,0.010973
766.3179585933685,0.28487,0.010983
766.4262290000916,0.2848,0.010999
766.5415921211243,0.2856,0.011043
766.6512920856476,0.28667,0.011059
766.7575922012329,0.28907,0.011041
766.8677213191986,0.28967,0.01095
766.9784395694733,0.29107,0.011022
767.0771849155426,0.29227,0.010845
767.178192615509,0.29367,0.01092
767.2870345115662,0.29467,0.01093
767.4022331237793,0.2952,0.010903
767.510499715805,0.29627,0.010965
767.6193053722382,0.298,0.010937
767.7297401428223,0.29873,0.010907
767.836608171463,0.29967,0.010898
767.9493706226349,0.3008,0.010929
768.0585300922394,0.3016,0.011906
768.1679995059967,0.0097333,0.010844
768.2770557403564,0.013067,0.011868
768.3867208957672,0.0164,0.011887
768.5008294582367,0.0194,0.011845
768.6085577011108,0.023267,0.011917
768.7196388244629,0.025933,0.011637
768.8280925750732,0.029,0.011682
768.9385747909546,0.0324,0.011493
769.0447487831116,0.0354,0.011463
769.1566126346588,0.038733,0.011283
769.2699065208435,0.044533,0.011284
769.3688139915466,0.0448,0.011266
769.4693655967712,0.047533,0.011189
769.5699841976166,0.054533,0.010999
769.6675808429718,0.057267,0.011109
769.7813358306885,0.057067,0.010992
769.8872096538544,0.063667,0.011065
769.9998095035553,0.066467,0.010993
770.1088764667511,0.068933,0.01099
770.2196943759918,0.071933,0.010867
770.3268394470215,0.075067,0.010797
770.4422032833099,0.078067,0.010806
770.5496649742126,0.0816,0.010807
770.6612651348114,0.083933,0.010744
770.7696831226349,0.0866,0.010794
770.8800718784332,0.089733,0.010824
770.9882934093475,0.0922,0.010707
771.1013383865356,0.094533,0.010756
771.2076182365417,0.095933,0.011106
771.3210439682007,0.098133,0.010866
771.43079829216,0.098733,0.011009
771.5396900177002,0.10007,0.011098
771.6519410610199,0.10153,0.011056
771.7529859542847,0.10273,0.010894
771.858395576477,0.10413,0.011198
771.9620831012726,0.10553,0.011174
772.0692160129547,0.10727,0.011121
772.1804480552673,0.10893,0.011371
772.2790331840515,0.1096,0.011185
772.379825592041,0.11033,0.011173
772.4795134067535,0.11207,0.011145
772.5820033550262,0.11373,0.011131
772.68026304245,0.11453,0.01111
772.783185005188,0.11627,0.011134
772.8803462982178,0.1176,0.011066
772.9810800552368,0.11867,0.011323
773.0917053222656,0.12013,0.011155
773.1997172832489,0.12167,0.011141
773.3075532913208,0.12253,0.011195
773.4151499271393,0.12373,0.011119
773.5184280872345,0.12487,0.011022
773.6321179866791,0.1262,0.010977
773.7298467159271,0.12853,0.010886
773.8398895263672,0.12973,0.010874
773.9488799571991,0.13007,0.01074
774.060652256012,0.13273,0.010706
774.1696920394897,0.13413,0.010699
774.2804756164551,0.13527,0.010663
774.3883945941925,0.1364,0.010765
774.5005576610565,0.13773,0.010727
774.6018440723419,0.13893,0.010695
774.7092912197113,0.13993,0.010688
774.8184792995453,0.14173,0.010723
774.9321167469025,0.1428,0.010639
775.0301909446716,0.14393,0.010645
775.1385419368744,0.14493,0.010636
775.2468912601471,0.14647,0.010723
775.3502290248871,0.14907,0.010666
775.4590563774109,0.14947,0.01065
775.5588946342468,0.1504,0.010678
775.6691014766693,0.15267,0.010673
775.7748649120331,0.1542,0.010715
775.888500213623,0.15507,0.010608
775.9995563030243,0.15633,0.010614
776.0994791984558,0.15747,0.010673
776.2061231136322,0.15867,0.010592
776.3170557022095,0.15947,0.010684
776.420576095581,0.16133,0.010698
776.5293505191803,0.1618,0.010657
776.6286451816559,0.16313,0.010643
776.738951921463,0.1646,0.010663
776.8479793071747,0.1654,0.01067
776.9618418216705,0.1674,0.010619
777.0662224292755,0.168,0.010629
777.1729776859283,0.1694,0.01074
777.2774119377136,0.1718,0.010693
777.393372297287,0.17287,0.010729
777.5018322467804,0.1738,0.010679
777.6084833145142,0.17493,0.010734
777.7247231006622,0.1758,0.010725
777.8293540477753,0.1768,0.010776
777.9283871650696,0.17813,0.010786
778.0402262210846,0.1792,0.010893
778.1499216556549,0.18027,0.010863
778.2492339611053,0.18173,0.010853
778.3588705062866,0.183,0.01099
778.4715464115143,0.18407,0.010942
778.5848081111908,0.1854,0.011037
778.6875252723694,0.18673,0.011087
778.789388179779,0.1876,0.011101
778.9019291400909,0.18973,0.011122
779.0149936676025,0.19127,0.011291
779.1089353561401,0.1924,0.011201
779.2202327251434,0.19367,0.01126
779.3282668590546,0.19473,0.011306
779.4389231204987,0.19553,0.011282
779.5470204353333,0.1968,0.01139
779.6604747772217,0.19827,0.011295
779.7646446228027,0.199,0.011295
779.8697507381439,0.1996,0.011346
779.9812688827515,0.20153,0.011307
780.0911455154419,0.2024,0.011297
780.1993792057037,0.204,0.011301
780.3000934123993,0.205,0.011279
780.4121580123901,0.20733,0.011324
780.5191106796265,0.20707,0.011154
780.6150262355804,0.20827,0.011374
780.7285530567169,0.21067,0.01117
780.8387258052826,0.21073,0.011056
780.949366569519,0.21273,0.011065
781.0496032238007,0.21327,0.010955
781.1633942127228,0.2148,0.011065
781.2692203521729,0.21613,0.01099
781.3796832561493,0.21667,0.010949
781.4870703220367,0.2178,0.010879
781.6007475852966,0.21927,0.010894
781.7104892730713,0.2202,0.010909
781.8091599941254,0.2208,0.010929
781.9163329601288,0.2234,0.011038
782.0314834117889,0.22373,0.011109
782.1384534835815,0.22467,0.010958
782.2499918937683,0.22607,0.011393
782.3601648807526,0.22867,0.011234
782.461076259613,0.22953,0.011427
782.5733377933502,0.23013,0.011278
782.6827874183655,0.23153,0.011608
782.7922503948212,0.23207,0.01166
782.8883681297302,0.2336,0.011721
782.990859746933,0.23453,0.011836
783.093264579773,0.23573,0.011819
783.1899366378784,0.2368,0.011973
783.2896947860718,0.238,0.011886
783.3899521827698,0.23887,0.011841
783.4924709796906,0.24047,0.012048
783.5920209884644,0.24173,0.012037
783.6906697750092,0.24247,0.011814
783.7982702255249,0.24347,0.011774
783.9078528881073,0.2446,0.011663
784.0190589427948,0.24607,0.011745
784.1274242401123,0.24707,0.01173
784.2291569709778,0.24793,0.011659
784.3346691131592,0.24913,0.0117
784.4506824016571,0.24993,0.011482
784.5500872135162,0.2516,0.011487
784.6580531597137,0.25273,0.011264
784.7696692943573,0.2548,0.011225
784.8820016384125,0.25527,0.011205
784.9886496067047,0.25667,0.011256
785.0971291065216,0.258,0.011184
785.2103629112244,0.2592,0.011111
785.3205902576447,0.26,0.011011
785.4180748462677,0.26127,0.011046
785.5292150974274,0.26207,0.011127
785.6424474716187,0.2634,0.010919
785.7514915466309,0.26473,0.0108
785.8601214885712,0.26567,0.010825
785.9698016643524,0.267,0.010813
786.0696623325348,0.26793,0.010827
786.1823573112488,0.27007,0.010883
786.2895505428314,0.26953,0.010803
786.4001817703247,0.2716,0.010807
786.5093302726746,0.27227,0.010752
786.6192119121552,0.2742,0.010854
786.7280931472778,0.27547,0.010853
786.8415834903717,0.27633,0.010778
786.9415621757507,0.27707,0.010818
787.038562297821,0.27807,0.010883
787.1493704319,0.279,0.010914
787.2472250461578,0.27967,0.010917
787.3597095012665,0.28147,0.010903
787.4686677455902,0.28213,0.010884
787.5801651477814,0.28353,0.010909
787.6891431808472,0.28433,0.01096
787.787829875946,0.2856,0.010866
787.8996691703796,0.28687,0.011001
788.0099766254425,0.28893,0.011012
788.11345911026,0.289,0.010843
788.2270720005035,0.28993,0.010874
788.3366029262543,0.29247,0.010874
788.4456112384796,0.29293,0.010969
788.5518436431885,0.2944,0.010918
788.6607103347778,0.29587,0.010765
788.7751455307007,0.29647,0.010891
788.8803248405457,0.297,0.010854
788.9890387058258,0.2984,0.010803
789.1022620201111,0.29927,0.010802
789.2154495716095,0.30133,0.010891
789.3236169815063,0.013133,0.011587
789.4352190494537,0.0064667,0.010943
789.542350769043,0.013067,0.011798
789.6513369083405,0.016067,0.012043
789.7530479431152,0.0192,0.012186
789.8524210453033,0.0232,0.011907
789.9644429683685,0.025667,0.011657
790.0631613731384,0.029067,0.011856
790.1678314208984,0.031933,0.011703
790.2746930122375,0.035333,0.01127
790.385244846344,0.0384,0.011517
790.4929623603821,0.041467,0.011211
790.6035304069519,0.044933,0.011134
790.7142689228058,0.0486,0.011142
790.8250982761383,0.050933,0.010985
790.9219315052032,0.054067,0.01103
791.0326173305511,0.0568,0.011053
791.1439664363861,0.0606,0.011043
791.252135515213,0.063133,0.010889
791.3646376132965,0.069,0.010949
791.462798833847,0.071733,0.010857
791.5735311508179,0.075133,0.010807
791.6823997497559,0.0776,0.010779
791.7949688434601,0.0812,0.010809
791.9065220355988,0.083467,0.010759
792.0050029754639,0.086333,0.010732
792.1175198554993,0.089067,0.010791
792.2242391109467,0.091867,0.010831
792.3239629268646,0.093267,0.010821
792.4258234500885,0.0944,0.010822
792.5387666225433,0.096,0.010789
792.6335587501526,0.097267,0.010966
792.7370386123657,0.098533,0.010943
792.8475430011749,0.1004,0.011074
792.952671289444,0.10147,0.010935
793.0661396980286,0.10313,0.010947
793.1615862846375,0.1054,0.011112
793.2658994197845,0.10547,0.011142
793.3697876930237,0.1082,0.01108
793.4767656326294,0.1086,0.011161
793.586430311203,0.1108,0.011118
793.6876435279846,0.11247,0.011041
793.785835981369,0.11347,0.011024
793.8878252506256,0.11333,0.011081
793.9871678352356,0.11507,0.010968
794.0883681774139,0.11707,0.010958
794.1914114952087,0.11853,0.01094
794.2932796478271,0.11993,0.01092
794.3880784511566,0.1214,0.010885
794.4973886013031,0.1214,0.010941
794.6017966270447,0.124,0.010958
794.7106523513794,0.12493,0.01082
794.8209202289581,0.12667,0.010902
794.9199392795563,0.12733,0.010891
795.0223479270935,0.12793,0.010842
795.131432056427,0.13027,0.010733
795.240296125412,0.13133,0.010777
795.3498322963715,0.13287,0.010723
795.4664571285248,0.13393,0.010697
795.5711877346039,0.1352,0.010762
795.6811079978943,0.13627,0.01071
795.7938687801361,0.13747,0.010709
795.8986694812775,0.13887,0.010703
796.0083050727844,0.13973,0.010698
796.1209990978241,0.14173,0.01067
796.2291049957275,0.14353,0.010635
796.3307640552521,0.14327,0.010675
796.4421434402466,0.1464,0.010672
796.5510642528534,0.1474,0.010715
796.6607511043549,0.14853,0.010652
796.7692952156067,0.1492,0.010745
796.8817045688629,0.1512,0.01065
796.9817609786987,0.15193,0.010688
797.0901746749878,0.1534,0.010678
797.18931889534,0.15473,0.01065
797.3010063171387,0.15587,0.010655
797.4084305763245,0.15747,0.010605
797.509250164032,0.15953,0.010657
797.6176834106445,0.1594,0.010565
797.7311313152313,0.16193,0.010708
797.8391952514648,0.1632,0.010641
797.9482464790344,0.16393,0.010605
798.0635967254639,0.165,0.010696
798.1698970794678,0.16647,0.010665
798.278635263443,0.16767,0.010724
798.3916440010071,0.169,0.010733
798.4999215602875,0.16987,0.010757
798.612753868103,0.17047,0.010694
798.7078070640564,0.1724,0.010705
798.8200614452362,0.17347,0.010824
798.9287250041962,0.1748,0.010865
799.0305671691895,0.17673,0.010896
799.1395218372345,0.1772,0.010975
799.2506740093231,0.178,0.010951
799.3637342453003,0.18027,0.011021
799.4690103530884,0.18053,0.011042
799.5834949016571,0.1826,0.011044
799.6873164176941,0.18353,0.011081
799.8014271259308,0.18527,0.011275
799.8997149467468,0.18633,0.01132
799.9990348815918,0.18753,0.011296
800.1098666191101,0.18847,0.011404
800.2212398052216,0.18933,0.011388
800.3318543434143,0.1908,0.011551
800.4415326118469,0.19153,0.011507
800.5531177520752,0.19327,0.011462
800.6639869213104,0.19473,0.011693
800.7715699672699,0.1968,0.01154
800.879322052002,0.19627,0.011518
800.9892110824585,0.1984,0.011439
801.1007730960846,0.20007,0.011491
801.2139413356781,0.201,0.011497
801.3194937705994,0.2018,0.0115
801.4348502159119,0.20313,0.01132
801.5412740707397,0.20433,0.011448
801.6494545936584,0.20593,0.01132
801.7595536708832,0.2062,0.011358
801.8712694644928,0.20913,0.011266
801.9774723052979,0.20907,0.011326
802.0830116271973,0.21027,0.011149
802.190099477768,0.212,0.011317
802.2993738651276,0.21253,0.01109
802.4105143547058,0.21467,0.011005
802.5202150344849,0.21587,0.011008
802.6307287216187,0.2168,0.010928
802.7400062084198,0.21787,0.010855
802.8414936065674,0.21873,0.010966
802.9505677223206,0.22033,0.011003
803.0601537227631,0.2208,0.010902
803.1717436313629,0.22233,0.010985
803.2723860740662,0.2232,0.011016
803.3847584724426,0.22387,0.011044
803.4895784854889,0.22627,0.01118
803.5949282646179,0.22807,0.011132
803.6920652389526,0.22867,0.011342
803.8047137260437,0.22867,0.011535
803.9101803302765,0.2308,0.011351
804.0239610671997,0.23187,0.01148
804.1218118667603,0.23427,0.011781
804.2203314304352,0.23433,0.011606
804.332427740097,0.23487,0.011847
804.4296824932098,0.235,0.011935
804.5305421352386,0.23793,0.011786
804.631778717041,0.2388,0.011831
804.7319180965424,0.2402,0.011914
804.828430891037,0.24107,0.011701
804.9304404258728,0.24233,0.011771
805.0320990085602,0.24253,0.011755
805.1334164142609,0.2438,0.011621
805.2410283088684,0.24547,0.011715
805.3388795852661,0.2466,0.011613
805.4505155086517,0.24747,0.011687
805.5597071647644,0.249,0.011623
805.6685316562653,0.25,0.011458
805.774108171463,0.25073,0.011357
805.8712255954742,0.25213,0.011297
805.9801244735718,0.25333,0.011375
806.0860991477966,0.25487,0.011294
806.2052388191223,0.25553,0.011288
806.3024892807007,0.25667,0.011215
806.3995826244354,0.258,0.011047
806.5133023262024,0.2586,0.011162
806.6203422546387,0.26007,0.011089
806.7289252281189,0.26113,0.011016
806.8410797119141,0.26193,0.010954
806.9413409233093,0.26413,0.010975
807.0500490665436,0.26533,0.010945
807.157662153244,0.2662,0.010917
807.2707867622375,0.2672,0.010794
807.3800964355469,0.26827,0.010823
807.4931094646454,0.26913,0.010668
807.5997953414917,0.27013,0.01073
807.701099395752,0.2722,0.010797
807.7994422912598,0.27253,0.010752
807.9113821983337,0.27433,0.010759
808.0194137096405,0.2748,0.01079
808.1313934326172,0.27633,0.010788
808.2422297000885,0.27713,0.010767
808.3496384620667,0.27827,0.01079
808.459894657135,0.27907,0.010829
808.571887254715,0.2812,0.010883
808.6801226139069,0.28233,0.010974
808.7928359508514,0.28367,0.0108
808.8997054100037,0.28413,0.010825
809.0113563537598,0.28513,0.010816
809.1221673488617,0.28653,0.010816
809.2323322296143,0.28733,0.010806
809.3428344726562,0.28893,0.010847
809.4515256881714,0.2898,0.010849
809.561331987381,0.2906,0.01086
809.6692223548889,0.29227,0.010933
809.7790868282318,0.29433,0.010838
809.8803157806396,0.2946,0.010861
809.9817678928375,0.2966,0.010801
810.0936872959137,0.29767,0.010865
810.1901738643646,0.29733,0.010813
810.3028500080109,0.29927,0.010715
810.4116907119751,0.29993,0.010721
810.5204563140869,0.30147,0.01079
810.6321313381195,0.007,0.010738
810.7336637973785,0.0086,0.011342
810.8316447734833,0.012467,0.01183
810.9348828792572,0.015733,0.011829
811.0441417694092,0.018667,0.012015
811.1565046310425,0.022133,0.011913
811.2612669467926,0.024933,0.011639
811.3750030994415,0.029067,0.01166
811.4847626686096,0.0316,0.01127
811.5918853282928,0.035333,0.011446
811.7037463188171,0.038267,0.011319
811.8110573291779,0.044267,0.011174
811.9207706451416,0.0474,0.011124
812.0328252315521,0.050333,0.010942
812.1426553726196,0.053267,0.011075
812.2527852058411,0.0564,0.010913
812.3653378486633,0.059467,0.010863
812.47056889534,0.063,0.01101
812.5838723182678,0.065933,0.010881
812.690648317337,0.068467,0.010835
812.7885551452637,0.071667,0.010863
812.9006543159485,0.074867,0.010805
813.0096073150635,0.078,0.010817
813.1191899776459,0.080667,0.010699
813.2303256988525,0.086333,0.010733
813.3390634059906,0.089267,0.01073
813.4496142864227,0.0898,0.010787
813.5491354465485,0.0932,0.010785
813.6625545024872,0.094133,0.010643
813.7713570594788,0.095867,0.010917
813.8814036846161,0.097467,0.010854
813.9926974773407,0.098933,0.010784
814.0979826450348,0.1002,0.010841
814.200671672821,0.10113,0.01093
814.3160743713379,0.1022,0.01096
814.4200887680054,0.10427,0.010892
814.5292887687683,0.10733,0.010946
814.6289730072021,0.10667,0.010823
814.7299561500549,0.10793,0.010897
814.8321752548218,0.10907,0.010959
814.942095041275,0.11207,0.010874
815.0404512882233,0.11167,0.010796
815.140172958374,0.1142,0.010922
815.243861913681,0.11473,0.010821
815.3429582118988,0.11547,0.010902
815.4412364959717,0.11727,0.010983
815.5420277118683,0.11847,0.010909
815.6433398723602,0.12067,0.010827
815.7436699867249,0.12107,0.010799
815.8484098911285,0.1218,0.010783
815.9448993206024,0.12373,0.01085
816.0448241233826,0.126,0.010779
816.1463549137115,0.12607,0.010782
816.2563889026642,0.12867,0.010751
816.3671369552612,0.13027,0.010756
816.4750645160675,0.13013,0.0108
816.5838770866394,0.1326,0.01064
816.6952209472656,0.1342,0.01069
816.8048813343048,0.13447,0.010738
816.9181232452393,0.1364,0.010675
817.0243759155273,0.13807,0.01077
817.1327059268951,0.13907,0.010666
817.2458560466766,0.1398,0.010662
817.3559920787811,0.14133,0.010679
817.4667522907257,0.14227,0.010649
817.5632209777832,0.1448,0.010719
817.661808013916,0.14627,0.010669
817.7757039070129,0.146,0.010687
817.8854913711548,0.1474,0.010739
817.9972717761993,0.14967,0.010658
818.1074633598328,0.15073,0.010724
818.2152388095856,0.1518,0.010648
818.3151607513428,0.15327,0.010654
818.4193794727325,0.15473,0.010654
818.5247619152069,0.15553,0.010665
818.6374568939209,0.15713,0.010681
818.7337443828583,0.1582,0.010669
818.8467645645142,0.15927,0.010736
818.954675912857,0.16073,0.010631
819.0547487735748,0.1612,0.010608
819.1563549041748,0.16307,0.010625
819.2703864574432,0.1644,0.010638
819.3750534057617,0.1656,0.010643
819.4872605800629,0.16693,0.01076
819.5945794582367,0.16767,0.010731
819.7067844867706,0.1704,0.010759
819.8212714195251,0.17127,0.010805
819.9190969467163,0.17233,0.010718
820.0175709724426,0.17387,0.010891
820.1233212947845,0.1746,0.010852
820.23876786232,0.17593,0.010867
820.346287727356,0.1772,0.011039
820.4563646316528,0.17847,0.011179
820.5680458545685,0.17933,0.011148
820.6746895313263,0.18,0.011223
820.7893989086151,0.18147,0.01131
820.8984944820404,0.18307,0.011278
821.0084855556488,0.18413,0.011425
821.1187660694122,0.187,0.011526
821.2273888587952,0.18773,0.011606
821.3282840251923,0.1882,0.01161
821.4276781082153,0.1888,0.011679
821.5394570827484,0.19107,0.011689
821.6551222801208,0.19207,0.01172
821.7579674720764,0.1936,0.01178
821.8552463054657,0.19467,0.011763
821.9693400859833,0.195,0.011868
822.0709135532379,0.19647,0.011834
822.1756701469421,0.19827,0.011806
822.2863838672638,0.1986,0.011816
822.3956346511841,0.19967,0.01156
822.5129175186157,0.20047,0.011544
822.6186170578003,0.2018,0.01154
822.7270302772522,0.20387,0.011462
822.8434090614319,0.2044,0.011442
822.9478237628937,0.20633,0.011463
823.0607635974884,0.2078,0.01134
823.1662752628326,0.2086,0.011386
823.2705488204956,0.21013,0.011385
823.3670825958252,0.21073,0.011207
823.4796674251556,0.212,0.01113
823.5790593624115,0.21367,0.011232
823.6872947216034,0.214,0.01107
823.8005721569061,0.21513,0.011051
823.9089715480804,0.21587,0.01104
824.0198886394501,0.21707,0.010917
824.1188209056854,0.219,0.010998
824.2293658256531,0.21987,0.010897
824.336277961731,0.22087,0.010938
824.4379060268402,0.22273,0.010989
824.5523581504822,0.22333,0.011003
824.6566803455353,0.22533,0.011127
824.7689816951752,0.22647,0.011082
824.882244348526,0.2272,0.011325
824.9936866760254,0.2288,0.011407
825.0969142913818,0.23033,0.011401
825.2087349891663,0.23107,0.011601
825.3071341514587,0.23173,0.011789
825.4213840961456,0.233,0.011659
825.5188729763031,0.2344,0.011732
825.6197619438171,0.2352,0.011767
825.7282023429871,0.23593,0.01172
825.8288233280182,0.238,0.011763
825.9318211078644,0.23893,0.011733
826.0323824882507,0.23967,0.011674
826.1302447319031,0.24067,0.011691
826.2322194576263,0.2418,0.011667
826.3353290557861,0.24267,0.011711
826.4311738014221,0.24453,0.011679
826.5336480140686,0.24613,0.01164
826.6400618553162,0.24673,0.011596
826.7476673126221,0.24767,0.011467
826.8492894172668,0.2484,0.011484
826.9593966007233,0.2498,0.011337
827.0725057125092,0.2512,0.011388
827.1677057743073,0.25193,0.011287
827.2819855213165,0.253,0.011319
827.380086183548,0.25387,0.011275
827.4816613197327,0.25513,0.011221
827.5888161659241,0.25587,0.011146
827.7001919746399,0.25813,0.011196
827.8122098445892,0.25967,0.01109
827.9187090396881,0.26033,0.010982
828.0310668945312,0.26187,0.010953
828.1431851387024,0.263,0.010936
828.2487499713898,0.2636,0.010913
828.3533236980438,0.2648,0.010862
828.449812412262,0.2652,0.010845
828.5609369277954,0.26693,0.010811
828.676019191742,0.26733,0.010767
828.7797698974609,0.26907,0.010749
828.8894963264465,0.27013,0.010774
828.9998161792755,0.27093,0.010646
829.1064455509186,0.27307,0.010817
829.2216470241547,0.27387,0.010819
829.3208000659943,0.27467,0.010771
829.4311285018921,0.2762,0.010724
829.54181599617,0.2776,0.010813
829.6409525871277,0.2788,0.010773
829.751142501831,0.27993,0.010734
829.8623378276825,0.28067,0.010778
829.9737730026245,0.28153,0.01074
830.083000421524,0.28313,0.010835
830.1885600090027,0.28407,0.010802
830.3014974594116,0.28547,0.010863
830.3998680114746,0.28647,0.01081
830.5119304656982,0.28727,0.010829
830.6224210262299,0.28853,0.010743
830.7326304912567,0.28987,0.010844
830.843817949295,0.29153,0.0108
830.9485805034637,0.2916,0.010714
831.0533490180969,0.29387,0.010684
831.1633477210999,0.29387,0.010787
831.2706198692322,0.2944,0.010718
831.3764426708221,0.29727,0.010761
831.4897038936615,0.2982,0.010733
831.6018419265747,0.29887,0.010684
831.7156167030334,0.30033,0.010756
831.8122010231018,0.30127,0.010693
831.9134521484375,0.0072667,0.010832
832.021125793457,0.0086667,0.011425
832.1308157444,0.0122,0.011639
832.2425014972687,0.018467,0.01175
832.3510649204254,0.019,0.011553
832.4607050418854,0.025067,0.011668
832.5713007450104,0.028067,0.011567
832.6808528900146,0.031733,0.011527
832.7908532619476,0.035067,0.011401
832.9024288654327,0.038267,0.011202
833.0094707012177,0.040733,0.01106
833.1227097511292,0.044667,0.011043
833.2352335453033,0.047067,0.011006
833.3304965496063,0.050333,0.010993
833.44269490242,0.053067,0.010911
833.5540127754211,0.056133,0.010891
833.6641483306885,0.059333,0.010909
833.7756929397583,0.065467,0.010821
833.8859059810638,0.0656,0.010783
833.991756439209,0.071067,0.010776
834.1040208339691,0.0742,0.010738
834.2127485275269,0.077067,0.010741
834.3216481208801,0.079533,0.010741
834.4327647686005,0.082733,0.010669
834.5397896766663,0.085933,0.010711
834.6561915874481,0.088667,0.010686
834.7623202800751,0.091067,0.01079
834.8731617927551,0.092467,0.010689
834.9829456806183,0.093867,0.010732
835.083503484726,0.096067,0.010696
835.1930396556854,0.096333,0.010752
835.2918708324432,0.098667,0.010736
835.4015882015228,0.10093,0.010748
835.5018141269684,0.10213,0.010783
835.6092236042023,0.10373,0.010873
835.7134954929352,0.10473,0.01071
835.8233251571655,0.10613,0.010788
835.936048746109,0.10747,0.010823
836.0392334461212,0.10853,0.010852
836.148933172226,0.11087,0.010767
836.2495257854462,0.11127,0.010829
836.3504130840302,0.1126,0.010793
836.4510715007782,0.11413,0.010824
836.5513486862183,0.11547,0.010803
836.6532592773438,0.11627,0.010815
836.7480819225311,0.11773,0.010772
836.8531467914581,0.1192,0.010793
836.9501938819885,0.12,0.010788
837.0547378063202,0.12107,0.0108
837.153552532196,0.1228,0.010703
837.2510628700256,0.1248,0.010778
837.359011888504,0.12573,0.010754
837.4622023105621,0.1272,0.010769
837.5663888454437,0.12847,0.01075
837.6712255477905,0.13047,0.01076
837.7715499401093,0.1314,0.01074
837.8812823295593,0.13207,0.010711
837.993061542511,0.13367,0.010728
838.1021113395691,0.1346,0.010724
838.2105231285095,0.13627,0.010695
838.3090102672577,0.13707,0.010728
838.4102840423584,0.138,0.010685
838.520035982132,0.1394,0.010684
838.6307144165039,0.14227,0.010741
838.7417755126953,0.14193,0.010704
838.841632604599,0.14307,0.010678
838.9512574672699,0.14553,0.010699
839.0619633197784,0.14687,0.010702
839.173440694809,0.1484,0.010791
839.2803688049316,0.1494,0.010693
839.3935549259186,0.15013,0.010726
839.4934647083282,0.1518,0.010659
839.5998735427856,0.15327,0.010689
839.7124271392822,0.15427,0.010736
839.8227589130402,0.15553,0.010694
839.9298725128174,0.1566,0.010678
840.0408034324646,0.1574,0.010703
840.1481964588165,0.16047,0.010685
840.2629437446594,0.16107,0.010696
840.3710031509399,0.16267,0.010693
840.4887557029724,0.16367,0.010705
840.5859577655792,0.1648,0.010705
840.6818237304688,0.16607,0.010671
840.789874792099,0.1672,0.010751
840.9003965854645,0.16873,0.010734
841.013674736023,0.16947,0.010806
841.119441986084,0.171,0.010783
841.2321629524231,0.17227,0.010934
841.3392407894135,0.17333,0.011002
841.448073387146,0.17493,0.011048
841.5596244335175,0.176,0.011178
841.6754107475281,0.17753,0.011144
841.7799224853516,0.1788,0.011205
841.8816058635712,0.18087,0.011391
841.9888305664062,0.18127,0.011425
842.1008603572845,0.1828,0.011531
842.2095968723297,0.18413,0.011638
842.3178427219391,0.1854,0.011658
842.4294607639313,0.18613,0.011733
842.5353319644928,0.1872,0.011839
842.6404747962952,0.1888,0.011824
842.7484464645386,0.18953,0.01186
842.8466744422913,0.19073,0.011815
842.9510726928711,0.192,0.011914
843.0625793933868,0.19327,0.012007
843.1709914207458,0.1936,0.012049
843.2825829982758,0.1952,0.011862
843.381765127182,0.19647,0.011883
843.4805002212524,0.19773,0.011834
843.5915718078613,0.19927,0.011794
843.7034287452698,0.1996,0.01169
843.8121426105499,0.20207,0.011673
843.923966884613,0.20307,0.011599
844.0322062969208,0.20413,0.011554
844.1497349739075,0.20513,0.011374
844.2520568370819,0.20627,0.011386
844.360289812088,0.2082,0.011323
844.4722890853882,0.2088,0.011353
844.5822355747223,0.21013,0.011287
844.6897764205933,0.211,0.011315
844.8002004623413,0.21233,0.011175
844.908077955246,0.2132,0.011109
845.0146172046661,0.21607,0.011109
845.1225764751434,0.21693,0.011043
845.2306938171387,0.21667,0.011049
845.3414764404297,0.2192,0.011003
845.4443535804749,0.21993,0.010967
845.5422148704529,0.22047,0.010969
845.6425106525421,0.222,0.010983
845.7497415542603,0.223,0.010975
845.8566627502441,0.2244,0.011014
845.9634335041046,0.22507,0.011173
846.0723955631256,0.22647,0.011109
846.1730959415436,0.2278,0.011328
846.2813291549683,0.22827,0.011339
846.3954019546509,0.2296,0.011423
846.5028054714203,0.23093,0.011428
846.6151385307312,0.23213,0.011459
846.7244365215302,0.23333,0.011534
846.8323512077332,0.23367,0.011643
846.9300358295441,0.23527,0.011596
847.040744304657,0.237,0.011566
847.1491115093231,0.23873,0.011614
847.2482466697693,0.24027,0.01154
847.3487799167633,0.24147,0.011587
847.4539573192596,0.241,0.011574
847.5492029190063,0.2436,0.011506
847.6513242721558,0.24387,0.011517
847.7509441375732,0.24467,0.011523
847.8513624668121,0.24527,0.011409
847.9546546936035,0.24633,0.011462
848.0569097995758,0.24873,0.011366
848.1576478481293,0.24807,0.011298
848.2698426246643,0.25007,0.011308
848.3696339130402,0.25173,0.011341
848.4802782535553,0.25293,0.011362
848.5941872596741,0.25413,0.011247
848.6959948539734,0.25507,0.011258
848.8099102973938,0.25647,0.011142
848.9096224308014,0.25693,0.011164
849.0188779830933,0.25827,0.010987
849.1297674179077,0.2598,0.011134
849.2360725402832,0.25993,0.011127
849.3502960205078,0.26187,0.010944
849.4620561599731,0.26227,0.0109
849.573130607605,0.26333,0.01092
849.6787238121033,0.26587,0.010771
849.7791466712952,0.26693,0.010842
849.8878190517426,0.268,0.010761
849.9976568222046,0.26893,0.010638
850.1013171672821,0.26987,0.010783
850.19979596138,0.271,0.010753
850.312646150589,0.27193,0.010754
850.4168152809143,0.2734,0.010778
850.5325167179108,0.2742,0.010727
850.64235663414,0.27553,0.010749
850.7529399394989,0.2768,0.010693
850.859591960907,0.27827,0.010706
850.9703569412231,0.27887,0.010706
851.0876710414886,0.27967,0.010733
851.1957063674927,0.28193,0.010767
851.3038921356201,0.28287,0.010766
851.4135320186615,0.28287,0.010719
851.5223183631897,0.28527,0.010845
851.6377458572388,0.2858,0.010814
851.7405531406403,0.28693,0.010786
851.8549284934998,0.28767,0.010769
851.9593524932861,0.2894,0.010765
852.068350315094,0.2904,0.010797
852.1780323982239,0.29173,0.01076
852.2900047302246,0.2926,0.010703
852.3910331726074,0.29407,0.010761
852.4897215366364,0.2944,0.010711
852.5992050170898,0.29527,0.010684
852.7098240852356,0.2972,0.010709
852.821501493454,0.29893,0.010685
852.9198331832886,0.299,0.010687
853.0333139896393,0.30147,0.01065
853.1406729221344,0.0074667,0.010626
853.2531635761261,0.0086,0.010841
853.352082490921,0.011533,0.011411
853.4513514041901,0.015,0.011562
853.564421415329,0.018467,0.011558
853.6758809089661,0.021067,0.011532
853.7793531417847,0.025067,0.011463
853.8816111087799,0.028333,0.011378
853.9921941757202,0.031133,0.011166
854.101092338562,0.0346,0.011335
854.2131040096283,0.0368,0.011229
854.3210368156433,0.040733,0.010932
854.434103012085,0.0432,0.011006
854.5403797626495,0.0496,0.010904
854.6399161815643,0.0502,0.010787
854.7514679431915,0.055933,0.010859
854.8615775108337,0.055267,0.010809
854.971421957016,0.0616,0.010806
855.0807666778564,0.0642,0.010819
855.1814050674438,0.067067,0.010756
855.2952926158905,0.070867,0.010679
855.4015967845917,0.073267,0.010752
855.511949300766,0.076533,0.010741
855.6123852729797,0.078667,0.010717
855.714658498764,0.082667,0.010687
855.8228490352631,0.0852,0.010696
855.931843996048,0.088333,0.010629
856.0430521965027,0.091733,0.01072
856.1417512893677,0.092533,0.010686
856.2504286766052,0.095067,0.010729
856.3612639904022,0.0964,0.010683
856.4697875976562,0.096133,0.010637
856.5853612422943,0.099333,0.010702
856.691573381424,0.1002,0.010721
856.8064856529236,0.10107,0.010725
856.9116854667664,0.1028,0.010815
857.0130758285522,0.1044,0.010758
857.1197037696838,0.10667,0.0107
857.2304182052612,0.1072,0.010757
857.3447315692902,0.10867,0.010746
857.4513218402863,0.10993,0.010796
857.559054851532,0.11113,0.010745
857.6591017246246,0.11287,0.010641
857.7707569599152,0.11373,0.010755
857.8804347515106,0.1166,0.010762
857.9801890850067,0.1182,0.010737
858.0826358795166,0.11853,0.010683
858.1824450492859,0.11907,0.010705
858.279637336731,0.12173,0.010798
858.379588842392,0.1222,0.010783
858.4838118553162,0.12353,0.010687
858.5820872783661,0.12473,0.010748
858.6832504272461,0.12687,0.010721
858.7885172367096,0.12707,0.010724
858.8995370864868,0.1292,0.010719
859.0073990821838,0.131,0.010756
859.1175549030304,0.1318,0.010736
859.2317268848419,0.1336,0.010723
859.3372802734375,0.13487,0.010741
859.4405581951141,0.13593,0.010734
859.5568883419037,0.13673,0.010713
859.6582820415497,0.13827,0.010805
859.7550547122955,0.13993,0.010773
859.8703212738037,0.1412,0.010777
859.9787034988403,0.14173,0.010761
860.0903449058533,0.14307,0.010801
860.2031800746918,0.1452,0.010789
860.3104195594788,0.14567,0.010843
860.422393321991,0.14793,0.010792
860.5323243141174,0.15,0.010692
860.6291737556458,0.15047,0.010802
860.7289493083954,0.1516,0.010816
860.8401532173157,0.15313,0.010754
860.9388449192047,0.15327,0.010773
861.050616979599,0.15527,0.010819
861.1503758430481,0.1562,0.010755
861.2604775428772,0.158,0.010718
861.3711845874786,0.15887,0.01072
861.4709346294403,0.15987,0.010759
861.5795860290527,0.1614,0.010645
861.6911811828613,0.16207,0.01074
861.7974300384521,0.16367,0.01072
861.9089226722717,0.16487,0.010709
862.0207951068878,0.16607,0.010702
862.1340146064758,0.1682,0.010801
862.2298209667206,0.16867,0.010854
862.3406751155853,0.1696,0.010962
862.4387528896332,0.1718,0.010954
862.5510473251343,0.1732,0.011011
862.6589498519897,0.17467,0.01102
862.7650468349457,0.1754,0.011325
862.8816432952881,0.17673,0.011359
862.9896161556244,0.178,0.011299
863.1009950637817,0.17933,0.011585
863.208740234375,0.18147,0.011683
863.3228867053986,0.18173,0.01193
863.4226884841919,0.1822,0.0118
863.5185325145721,0.1836,0.012005
863.6278727054596,0.18613,0.011942
863.7396926879883,0.1858,0.012069
863.8579306602478,0.187,0.012098
863.950484752655,0.18953,0.012056
864.0616614818573,0.19067,0.0121
864.1685154438019,0.192,0.012077
864.2839698791504,0.19287,0.01192
864.3903908729553,0.194,0.011891
864.505396604538,0.19507,0.011965
864.6144351959229,0.19613,0.011842
864.7212610244751,0.19693,0.011826
864.8308544158936,0.1982,0.011769
864.9399836063385,0.19967,0.011546
865.0478374958038,0.2004,0.011555
865.1587533950806,0.20233,0.011598
865.2696344852448,0.20447,0.011493
865.3838427066803,0.20587,0.011306
865.49311876297,0.20653,0.011356
865.5929346084595,0.20807,0.011403
865.6991426944733,0.20893,0.011216
865.8110511302948,0.20967,0.011201
865.9221234321594,0.2104,0.011238
866.0313601493835,0.212,0.011098
866.1443064212799,0.21293,0.01111
866.2513320446014,0.21373,0.01106
866.3623745441437,0.21473,0.011039
866.4741787910461,0.21593,0.010948
866.578250169754,0.219,0.011013
866.6918754577637,0.21827,0.010929
866.801718711853,0.22093,0.010959
866.914303779602,0.2218,0.010987
867.0119771957397,0.22327,0.010919
867.12002825737,0.22427,0.011069
867.2307236194611,0.22513,0.011095
867.3402352333069,0.2258,0.011017
867.4558119773865,0.22753,0.011019
867.5534815788269,0.2282,0.011359
867.6587703227997,0.2298,0.011181
867.7717795372009,0.23093,0.011307
867.8846273422241,0.23193,0.011453
867.9941504001617,0.2334,0.011505
868.1041834354401,0.23447,0.011542
868.2004630565643,0.23593,0.011511
868.3074312210083,0.2374,0.011515
868.41006731987,0.23673,0.011369
868.5069365501404,0.23953,0.011345
868.6187715530396,0.241,0.011483
868.719719171524,0.24173,0.011378
868.8190724849701,0.2428,0.011445
868.9191746711731,0.2436,0.011363
869.0219390392303,0.24533,0.011461
869.1254289150238,0.24707,0.011388
869.2280495166779,0.2478,0.011248
869.319415807724,0.24873,0.011273
869.4242362976074,0.24907,0.011362
869.5312073230743,0.2508,0.011321
869.638044834137,0.25213,0.011354
869.739194393158,0.25287,0.011199
869.8489036560059,0.25393,0.011281
869.95596575737,0.25513,0.011237
870.0600492954254,0.25607,0.011217
870.1703667640686,0.25753,0.011109
870.280499458313,0.25813,0.01115
870.387526512146,0.25973,0.011038
870.4983162879944,0.26087,0.010925
870.5971450805664,0.2614,0.010874
870.7087788581848,0.263,0.010802
870.8190422058105,0.26487,0.010819
870.9297091960907,0.26473,0.010843
871.0396809577942,0.26713,0.010789
871.1484174728394,0.2678,0.010804
871.2490804195404,0.26967,0.010737
871.353319644928,0.27053,0.010718
871.4592354297638,0.27113,0.01072
871.573962688446,0.27247,0.010712
871.6813988685608,0.27353,0.010652
871.792533159256,0.2746,0.010783
871.897641658783,0.2756,0.010725
872.0112090110779,0.2768,0.010666
872.1080694198608,0.278,0.010774
872.2176377773285,0.27853,0.010715
872.3202474117279,0.27967,0.010731
872.4285621643066,0.28047,0.010697
872.5385401248932,0.2822,0.010814
872.6495378017426,0.28447,0.010763
872.7611603736877,0.2832,0.010829
872.867035150528,0.28607,0.010745
872.9804809093475,0.2876,0.010822
873.0908832550049,0.28853,0.010732
873.2063481807709,0.28947,0.010758
873.3100483417511,0.2908,0.010686
873.4108650684357,0.29253,0.010666
873.5102303028107,0.29307,0.010757
873.6196126937866,0.29387,0.010753
873.7317147254944,0.2948,0.010756
873.8430211544037,0.29593,0.010688
873.952229976654,0.2966,0.010761
874.064612865448,0.29813,0.010739
874.1704967021942,0.30007,0.010729
874.2812180519104,0.30127,0.010737
874.389616727829,0.0095333,0.010711
874.5027635097504,0.0090667,0.010828
874.6119699478149,0.011733,0.011408
874.7184665203094,0.015667,0.011421
874.8319766521454,0.018533,0.011407
874.9444189071655,0.021667,0.011479
875.0520389080048,0.025,0.011348
875.1613550186157,0.027933,0.011386
875.260374546051,0.030533,0.011345
875.3597202301025,0.034133,0.011223
875.4736351966858,0.0372,0.011052
875.5802891254425,0.040267,0.010873
875.6923475265503,0.0438,0.01089
875.7901368141174,0.0498,0.010833
875.9014890193939,0.049933,0.010759
876.0107898712158,0.055533,0.010823
876.11798787117,0.059067,0.010732
876.2279710769653,0.061533,0.010737
876.3418424129486,0.064733,0.010678
876.4514939785004,0.068067,0.010778
876.5612394809723,0.070667,0.010698
876.6690814495087,0.074,0.010685
876.7808635234833,0.076867,0.010736
876.8926904201508,0.0828,0.010683
877.0012757778168,0.083267,0.010674
877.1120920181274,0.085667,0.010605
877.2227368354797,0.091,0.010619
877.3284029960632,0.092533,0.010737
877.4461762905121,0.0938,0.01069
877.5521554946899,0.095,0.01066
877.6469566822052,0.096467,0.010698
877.7605381011963,0.097867,0.010713
877.8622460365295,0.0992,0.010644
877.9713456630707,0.10073,0.010692
878.0807375907898,0.10233,0.01062
878.1809566020966,0.10333,0.01077
878.2927920818329,0.10487,0.010717
878.3985245227814,0.1058,0.010681
878.508642911911,0.10747,0.01073
878.6203627586365,0.10893,0.010709
878.7321326732635,0.11227,0.010672
878.841682434082,0.112,0.010632
878.940155506134,0.11247,0.010781
879.046790599823,0.1152,0.010682
879.1535925865173,0.11647,0.01064
879.2624142169952,0.11833,0.010655
879.3603417873383,0.11793,0.010733
879.4609875679016,0.12047,0.010704
879.5585436820984,0.12153,0.010748
879.6606817245483,0.12307,0.010719
879.7608830928802,0.1246,0.010721
879.8640966415405,0.1256,0.010659
879.9640603065491,0.126,0.010675
880.0609202384949,0.12827,0.010785
880.167359828949,0.1296,0.010725
880.2690575122833,0.13087,0.010788
880.370753288269,0.13107,0.010757
880.4818029403687,0.1328,0.010819
880.58078956604,0.13473,0.010779
880.6881413459778,0.13553,0.010816
880.7888612747192,0.13667,0.010883
880.8909769058228,0.13773,0.010866
881.0008862018585,0.13947,0.010851
881.1128067970276,0.14087,0.010857
881.2205357551575,0.14133,0.010853
881.3310108184814,0.14293,0.010856
881.426839351654,0.14427,0.010858
881.5408012866974,0.14527,0.01092
881.6504616737366,0.146,0.010953
881.7622666358948,0.148,0.010828
881.8712179660797,0.15073,0.010831
881.9786334037781,0.15027,0.010858
882.0820727348328,0.15147,0.010787
882.1916213035583,0.154,0.010912
882.3018622398376,0.15487,0.010817
882.4094650745392,0.1568,0.010656
882.5208976268768,0.15747,0.010777
882.6219985485077,0.159,0.010738
882.7293632030487,0.1604,0.010773
882.8406529426575,0.16153,0.010742
882.9497215747833,0.16247,0.010741
883.0517361164093,0.16347,0.010788
883.1504242420197,0.16513,0.010791
883.2620825767517,0.1662,0.010806
883.3612744808197,0.16773,0.010803
883.4705882072449,0.17007,0.01087
883.5802700519562,0.16973,0.011025
883.6919527053833,0.17133,0.01109
883.8028399944305,0.17293,0.011098
883.9099037647247,0.1736,0.011246
884.0197849273682,0.17593,0.011308
884.1220500469208,0.17653,0.011214
884.2312352657318,0.17787,0.011778
884.3409869670868,0.17987,0.011611
884.452228307724,0.18007,0.011909
884.5620586872101,0.1812,0.011941
884.6703777313232,0.18293,0.012044
884.7812650203705,0.18367,0.012189
884.8932807445526,0.18507,0.012265
885.0020604133606,0.18633,0.012265
885.1131453514099,0.18773,0.012269
885.2180976867676,0.1878,0.012301
885.3237042427063,0.18907,0.012194
885.419734954834,0.1912,0.012123
885.5313119888306,0.1916,0.012142
885.6444334983826,0.194,0.011944
885.7535328865051,0.1936,0.012097
885.8520658016205,0.19587,0.011943
885.954793214798,0.19673,0.011842
886.0597500801086,0.19827,0.011609
886.1761527061462,0.19993,0.011591
886.2825298309326,0.2002,0.011671
886.3954532146454,0.2022,0.011441
886.4996840953827,0.20307,0.011477
886.6132273674011,0.20387,0.011323
886.7216143608093,0.205,0.011384
886.8409359455109,0.20727,0.011299
886.9455580711365,0.2076,0.011131
887.0544939041138,0.20893,0.011131
887.1629674434662,0.21067,0.011145
887.2711465358734,0.21193,0.011148
887.373541355133,0.21267,0.011154
887.4761834144592,0.21447,0.010917
887.5866849422455,0.21513,0.011029
887.6956121921539,0.2164,0.011036
887.8073678016663,0.218,0.011005
887.9159941673279,0.21887,0.010976
888.0304274559021,0.21987,0.010949
888.1375608444214,0.22107,0.010876
888.2487528324127,0.2228,0.010912
888.3558423519135,0.22333,0.010941
888.4680440425873,0.2254,0.011118
888.5769782066345,0.22533,0.010969
888.6911492347717,0.22813,0.011104
888.7982358932495,0.22913,0.011074
888.8978800773621,0.23,0.011218
889.0062654018402,0.23107,0.011149
889.1169741153717,0.23207,0.01131
889.2278981208801,0.23327,0.011449
889.337943315506,0.23413,0.011391
889.4361400604248,0.2346,0.011361
889.5461611747742,0.23607,0.011283
889.6488523483276,0.23707,0.011289
889.7486674785614,0.2386,0.011346
889.8509776592255,0.23967,0.011258
889.9458813667297,0.24047,0.011427
890.0588209629059,0.24167,0.01134
890.160148859024,0.24353,0.011306
890.258581161499,0.24393,0.011279
890.3629207611084,0.24547,0.011199
890.4599685668945,0.24667,0.011208
890.5613913536072,0.24747,0.011174
890.6608648300171,0.2478,0.011207
890.7619206905365,0.25027,0.011123
890.8632111549377,0.25053,0.011245
890.9692969322205,0.2514,0.011267
891.0701248645782,0.25267,0.011176
891.1794035434723,0.2542,0.011122
891.2895019054413,0.2548,0.011124
891.3917050361633,0.25673,0.011061
891.4985935688019,0.25827,0.011013
891.6091802120209,0.2584,0.01102
891.7167420387268,0.26013,0.010888
891.8306732177734,0.26147,0.010917
891.9370748996735,0.26247,0.01084
892.036435842514,0.26313,0.010746
892.1491858959198,0.26447,0.010756
892.2605607509613,0.2658,0.010658
892.3687357902527,0.26673,0.010773
892.4788177013397,0.2682,0.010713
892.5880665779114,0.269,0.010677
892.6988408565521,0.27127,0.010714
892.8074507713318,0.27167,0.010622
892.9083557128906,0.2732,0.010713
893.019273519516,0.27447,0.01065
893.1333730220795,0.27607,0.010635
893.2289161682129,0.2764,0.010685
893.3366041183472,0.27733,0.010716
893.4474189281464,0.27873,0.010622
893.5505678653717,0.27947,0.010649
893.6642127037048,0.28027,0.010642
893.7732744216919,0.282,0.010648
893.8760764598846,0.2826,0.01071
893.9901652336121,0.28373,0.010624
894.0920436382294,0.28487,0.010699
894.1992614269257,0.28607,0.010735
894.3093519210815,0.28733,0.010634
894.4200727939606,0.28767,0.010681
894.5309488773346,0.2892,0.010706
894.6398701667786,0.29173,0.010699
894.7354052066803,0.29153,0.010621
894.8574826717377,0.2934,0.010638
894.9618084430695,0.29473,0.010679
895.0589370727539,0.29593,0.010676
895.1685445308685,0.29673,0.010702
895.2790961265564,0.298,0.010679
895.3903923034668,0.29927,0.010609
895.4983201026917,0.3002,0.010713
895.6087353229523,0.3016,0.010674
895.7181766033173,0.0058667,0.010805
895.8235237598419,0.0081333,0.011237
895.9194049835205,0.0146,0.011371
896.019508600235,0.0154,0.011476
896.1318972110748,0.018333,0.01148
896.2379260063171,0.024333,0.011297
896.349583864212,0.024667,0.011252
896.4601376056671,0.031,0.011193
896.571498632431,0.034133,0.011125
896.6826090812683,0.0344,0.010894
896.7879843711853,0.040267,0.010858
896.8972089290619,0.043,0.010812
897.0101890563965,0.047,0.010737
897.1229822635651,0.0498,0.010758
897.2302839756012,0.052667,0.010723
897.3417882919312,0.055533,0.010785
897.4397156238556,0.058467,0.010726
897.5527760982513,0.061733,0.010748
897.6602871417999,0.064533,0.0107
897.7679677009583,0.070333,0.010743
897.877935886383,0.0734,0.010678
897.9949765205383,0.073867,0.010687
898.0887675285339,0.0794,0.010675
898.1912569999695,0.079733,0.010635
898.3021354675293,0.085933,0.010661
898.4115800857544,0.087733,0.010712
898.5101552009583,0.090733,0.010629
898.6220955848694,0.092067,0.010611
898.7301180362701,0.0938,0.010679
898.8401036262512,0.095267,0.01067
898.9483196735382,0.096467,0.010633
899.0513386726379,0.0982,0.010645
899.1615347862244,0.099,0.010672
899.270421743393,0.10067,0.010645
899.3841962814331,0.10373,0.010654
899.4947140216827,0.1034,0.010718
899.6044709682465,0.10633,0.010705
899.7109808921814,0.10753,0.010663
899.8218197822571,0.10873,0.010667
899.9320006370544,0.10933,0.010676
900.038994550705,0.11153,0.010657
900.1463994979858,0.11267,0.010738
900.2468318939209,0.11347,0.010646
900.3537578582764,0.115,0.010679
900.4598591327667,0.1168,0.010697
900.562807559967,0.1176,0.010745
900.6688764095306,0.11953,0.010731
900.779128074646,0.1208,0.010767
900.8790175914764,0.1214,0.010713
900.9801409244537,0.12293,0.010778
901.0802292823792,0.1246,0.010745
901.1803810596466,0.12573,0.010839
901.278971195221,0.12667,0.01086
901.3822951316833,0.12827,0.010825
901.4829211235046,0.12907,0.010862
901.5839600563049,0.131,0.010855
901.6913912296295,0.1318,0.010832
901.7923374176025,0.13347,0.010892
901.9068839550018,0.135,0.010949
902.0135428905487,0.1366,0.010935
902.1192378997803,0.13653,0.01097
902.2309153079987,0.1384,0.010983
902.3418097496033,0.1404,0.011012
902.454104423523,0.14213,0.010999
902.559502363205,0.14313,0.010954
902.6742947101593,0.14367,0.011049
902.768956899643,0.14607,0.011031
902.8810112476349,0.1464,0.010936
902.9913249015808,0.14753,0.010898
903.0994966030121,0.14927,0.010985
903.2124412059784,0.151,0.010937
903.3193509578705,0.1514,0.010862
903.4366955757141,0.1532,0.0109
903.5407667160034,0.15367,0.010894
903.6522057056427,0.15627,0.010886
903.7597913742065,0.15747,0.010856
903.86292552948,0.1588,0.010822
903.9614236354828,0.16027,0.010763
904.0723698139191,0.16067,0.01073
904.1821947097778,0.16213,0.0108
904.2925946712494,0.1642,0.010807
904.4031186103821,0.16507,0.010793
904.5141382217407,0.166,0.010733
904.6229784488678,0.167,0.010877
904.7195811271667,0.16847,0.011005
904.8305106163025,0.16973,0.010949
904.9397563934326,0.17173,0.010994
905.0523393154144,0.17213,0.011182
905.1651647090912,0.1746,0.011346
905.2607536315918,0.1752,0.011324
905.3747136592865,0.17507,0.011689
905.4876272678375,0.178,0.011993
905.5911252498627,0.17873,0.011826
905.7027785778046,0.1798,0.011991
905.810962677002,0.1812,0.01219
905.9118325710297,0.1828,0.01219
906.0112736225128,0.1836,0.012264
906.1208486557007,0.18487,0.012341
906.2331836223602,0.1858,0.012189
906.339332818985,0.18687,0.012245
906.4530072212219,0.1882,0.012316
906.5611565113068,0.18927,0.012259
906.6736705303192,0.1916,0.012058
906.7703020572662,0.19147,0.012074
906.8831186294556,0.19453,0.01201
906.9936752319336,0.19367,0.011961
907.0927097797394,0.19473,0.011833
907.1943645477295,0.19767,0.011804
907.302503824234,0.1982,0.011629
907.4129395484924,0.19947,0.011583
907.5225775241852,0.20067,0.011711
907.6339085102081,0.20153,0.011467
907.7416086196899,0.2026,0.011317
907.854841709137,0.204,0.01133
907.9687073230743,0.2048,0.01122
908.0741679668427,0.20627,0.01125
908.172905921936,0.20753,0.011167
908.2739915847778,0.2082,0.011058
908.383180141449,0.20987,0.011069
908.4852328300476,0.2108,0.011115
908.5886383056641,0.212,0.011041
908.6977109909058,0.21393,0.011037
908.8045625686646,0.21513,0.010962
908.9032592773438,0.21533,0.01095
909.0140857696533,0.21793,0.010942
909.1243250370026,0.2174,0.010852
909.2328417301178,0.2194,0.010849
909.3471705913544,0.2202,0.010853
909.4548704624176,0.22127,0.010959
909.5634391307831,0.223,0.01095
909.6753590106964,0.22433,0.010898
909.7863526344299,0.2256,0.011021
909.8949711322784,0.2264,0.010954
910.001627445221,0.2288,0.01105
910.1136898994446,0.22833,0.011001
910.2267129421234,0.23087,0.011146
910.3260374069214,0.23153,0.011121
910.4327478408813,0.233,0.011135
910.5453197956085,0.2334,0.011167
910.6465003490448,0.23493,0.011204
910.7478187084198,0.2368,0.011251
910.8574256896973,0.2368,0.011195
910.9664299488068,0.23827,0.011111
911.0663957595825,0.239,0.011143
911.1680636405945,0.23933,0.011197
911.2675573825836,0.24147,0.011161
911.3754298686981,0.24267,0.011111
911.4866790771484,0.24407,0.011133
911.5876586437225,0.2448,0.011163
911.6907796859741,0.24573,0.011099
911.7900636196136,0.24687,0.011094
911.8866469860077,0.2482,0.011059
911.9885025024414,0.24893,0.011046
912.0901808738708,0.25027,0.011141
912.1895070075989,0.2506,0.011082
912.2932388782501,0.25287,0.011046
912.3894109725952,0.2538,0.011026
912.4911458492279,0.2546,0.011013
912.6015274524689,0.25533,0.010961
912.7111859321594,0.2566,0.010884
912.811961889267,0.25787,0.010906
912.9218542575836,0.25913,0.010846
913.0326533317566,0.2594,0.010703
913.1290347576141,0.26093,0.01076
913.2411739826202,0.26213,0.010718
913.3507120609283,0.2628,0.010723
913.4630217552185,0.26553,0.010721
913.5726199150085,0.26627,0.010714
913.6813268661499,0.26827,0.01069
913.7827532291412,0.269,0.010698
913.8901681900024,0.27007,0.010669
913.9925169944763,0.2712,0.010626
914.0996136665344,0.27267,0.010599
914.209540605545,0.27327,0.010635
914.3186137676239,0.27373,0.010607
914.434752702713,0.27573,0.010672
914.5420000553131,0.27673,0.010665
914.6548805236816,0.27773,0.010657
914.7616624832153,0.27873,0.010627
914.8706800937653,0.28,0.010645
914.9813902378082,0.28027,0.010634
915.085179567337,0.28247,0.010689
915.1922159194946,0.28407,0.010671
915.3012568950653,0.28447,0.010685
915.4150168895721,0.28647,0.010725
915.5237138271332,0.28747,0.010722
915.6207423210144,0.28873,0.010734
915.7309899330139,0.28953,0.010676
915.843546628952,0.29047,0.010657
915.9417221546173,0.2918,0.010658
916.042594909668,0.29327,0.010689
916.1518089771271,0.29393,0.010699
916.26802277565,0.29473,0.010715
916.3719007968903,0.29527,0.010698
916.4827256202698,0.29593,0.010657
916.5932919979095,0.29767,0.010663
916.6996784210205,0.299,0.010702
916.8129386901855,0.30033,0.010725
916.9250528812408,0.011667,0.010898
917.0308818817139,0.0081333,0.01071
917.1446480751038,0.011733,0.011206
917.2528102397919,0.0144,0.011271
917.3635883331299,0.0182,0.011204
917.4726133346558,0.0214,0.011155
917.581175327301,0.0244,0.011053
917.692271232605,0.027933,0.010946
917.801607131958,0.0334,0.010944
917.9121034145355,0.033867,0.010858
918.0126640796661,0.039933,0.010798
918.1135623455048,0.0402,0.010769
918.2231969833374,0.043,0.010682
918.3326601982117,0.049467,0.0107
918.4329497814178,0.052933,0.010715
918.5438051223755,0.055933,0.01066
918.6528568267822,0.058333,0.010707
918.7547092437744,0.061933,0.010709
918.8538746833801,0.064067,0.010705
918.9639070034027,0.067067,0.010703
919.0722482204437,0.0702,0.010649
919.182272195816,0.073467,0.01063
919.2810416221619,0.076267,0.010667
919.3811378479004,0.08,0.010668
919.4831461906433,0.081933,0.010684
919.592677116394,0.085067,0.010644
919.7052948474884,0.087267,0.010645
919.8154289722443,0.090133,0.010665
919.9266595840454,0.093067,0.010708
920.032604932785,0.092867,0.010642
920.1471605300903,0.094333,0.010633
920.2544350624084,0.0974,0.010643
920.3623468875885,0.098,0.010647
920.4737379550934,0.10027,0.010581
920.5876181125641,0.10153,0.010623
920.69526720047,0.10273,0.01061
920.7943017482758,0.1042,0.010682
920.8950288295746,0.1058,0.010665
920.9936711788177,0.10727,0.010664
921.1078915596008,0.1082,0.010677
921.2034130096436,0.1098,0.010657
921.3137304782867,0.11133,0.010689
921.4243171215057,0.1122,0.010714
921.5268573760986,0.11333,0.010755
921.6388614177704,0.11467,0.010745
921.7355532646179,0.11593,0.010802
921.8369240760803,0.11727,0.010766
921.9351391792297,0.11867,0.01079
922.0460729598999,0.12027,0.010823
922.1465611457825,0.12153,0.010856
922.2458207607269,0.12267,0.010879
922.3493959903717,0.12467,0.010897
922.449417591095,0.12553,0.010936
922.5493512153625,0.1272,0.010936
922.6533079147339,0.1282,0.010987
922.7478654384613,0.1294,0.011012
922.8499944210052,0.1316,0.01105
922.9495792388916,0.132,0.011024
923.060704946518,0.13353,0.011109
923.1582674980164,0.1348,0.011087
923.2698538303375,0.13707,0.011106
923.3688910007477,0.13713,0.011315
923.4684579372406,0.13827,0.011157
923.5710430145264,0.1398,0.011178
923.6784417629242,0.14213,0.011238
923.7836134433746,0.14227,0.011221
923.8812756538391,0.14287,0.011152
923.9938220977783,0.14407,0.011096
924.1018025875092,0.14647,0.011046
924.2131736278534,0.1478,0.011019
924.3209307193756,0.1496,0.011059
924.4337043762207,0.15033,0.011083
924.5308163166046,0.15147,0.010959
924.6413013935089,0.15287,0.010959
924.7536017894745,0.15413,0.010896
924.8519201278687,0.15553,0.01089
924.9505743980408,0.15647,0.01079
925.0627338886261,0.15813,0.01088
925.1713976860046,0.15873,0.010799
925.2837703227997,0.16027,0.0108
925.3964457511902,0.16147,0.010786
925.502779006958,0.1636,0.010824
925.6121714115143,0.16413,0.010809
925.7223975658417,0.1658,0.010878
925.8315899372101,0.16687,0.010844
925.9444615840912,0.16873,0.010933
926.054363489151,0.17007,0.011087
926.1664710044861,0.17113,0.011133
926.2635538578033,0.1724,0.011254
926.3613955974579,0.17347,0.011387
926.4714906215668,0.17467,0.011683
926.5843915939331,0.17553,0.011438
926.6939067840576,0.1764,0.011602
926.801111459732,0.1776,0.011711
926.9138417243958,0.17847,0.012145
927.0208563804626,0.17973,0.012264
927.1342775821686,0.181,0.012285
927.244553565979,0.1838,0.012274
927.3532221317291,0.1834,0.012281
927.4641358852386,0.18547,0.012347
927.5613884925842,0.1866,0.012333
927.6621966362,0.18827,0.01231
927.7781727313995,0.1892,0.012155
927.8814904689789,0.18973,0.012178
927.9938642978668,0.19127,0.012108
928.1029808521271,0.19247,0.011997
928.2166557312012,0.19353,0.011804
928.3218393325806,0.19473,0.011846
928.4295539855957,0.19573,0.011734
928.5454475879669,0.19713,0.011557
928.6539793014526,0.19813,0.011488
928.7555289268494,0.19913,0.011541
928.8527526855469,0.2012,0.0116
928.9660062789917,0.2022,0.011551
929.0730257034302,0.20367,0.011385
929.18514752388,0.20507,0.011215
929.2832880020142,0.20653,0.011266
929.3934299945831,0.2072,0.011218
929.5053699016571,0.2082,0.011103
929.6144161224365,0.2098,0.011
929.7220642566681,0.21067,0.010954
929.8327164649963,0.212,0.010989
929.9440176486969,0.21307,0.010979
930.0586783885956,0.21353,0.010935
930.1648831367493,0.21567,0.010865
930.2779402732849,0.21673,0.010914
930.3768208026886,0.21727,0.010921
930.4750814437866,0.2184,0.010832
930.5887217521667,0.2202,0.010917
930.6866898536682,0.22173,0.010893
930.7921249866486,0.2234,0.010841
930.9055914878845,0.22373,0.010838
931.0153067111969,0.22507,0.010884
931.1245610713959,0.22633,0.010911
931.2255840301514,0.2268,0.010937
931.3355085849762,0.22827,0.01102
931.4430553913116,0.22947,0.011009
931.5571737289429,0.23033,0.011141
931.657731294632,0.23167,0.010999
931.7683117389679,0.23247,0.010911
931.8787155151367,0.2334,0.01101
931.987922668457,0.23553,0.011125
932.0952546596527,0.23613,0.011043
932.2056295871735,0.23807,0.011094
932.3150849342346,0.23873,0.011124
932.4180841445923,0.23907,0.011142
932.5156073570251,0.24053,0.010997
932.6195209026337,0.24267,0.010993
932.7288408279419,0.24353,0.011039
932.8287966251373,0.24487,0.011114
932.9312946796417,0.24573,0.011016
933.028401851654,0.24673,0.011116
933.1257872581482,0.24827,0.011047
933.2318286895752,0.24887,0.011034
933.3301610946655,0.2504,0.011011
933.4302608966827,0.25153,0.010912
933.5301616191864,0.2524,0.010994
933.630539894104,0.25327,0.011027
933.7311644554138,0.2544,0.010962
933.8426337242126,0.2554,0.010903
933.9493682384491,0.257,0.010813
934.0626952648163,0.258,0.010819
934.1678788661957,0.2588,0.010723
934.2783784866333,0.26,0.010782
934.3771545886993,0.26087,0.010723
934.4927203655243,0.26187,0.010678
934.5895795822144,0.263,0.010665
934.6876275539398,0.26467,0.010666
934.7987594604492,0.2658,0.01066
934.906233549118,0.26633,0.010643
935.0183618068695,0.26773,0.010602
935.1293902397156,0.26807,0.010684
935.2398087978363,0.27113,0.010709
935.3499574661255,0.2722,0.010694
935.4600207805634,0.273,0.010684
935.5712201595306,0.27367,0.010679
935.6782500743866,0.27533,0.01066
935.7779185771942,0.2764,0.010641
935.890631198883,0.27767,0.010666
936.0005240440369,0.2786,0.010609
936.1104695796967,0.27933,0.010725
936.2182221412659,0.28127,0.010647
936.3200631141663,0.28193,0.010659
936.4285848140717,0.28353,0.010722
936.542653799057,0.28487,0.010674
936.6503608226776,0.28487,0.010679
936.7638127803802,0.28633,0.010733
936.8593277931213,0.28813,0.010626
936.9611489772797,0.28927,0.010671
937.0713477134705,0.29033,0.010675
937.1860041618347,0.2912,0.010689
937.289229631424,0.29227,0.010638
937.4008259773254,0.29327,0.010688
937.510048866272,0.29433,0.010711
937.6212272644043,0.295,0.01069
937.7210569381714,0.2966,0.010732
937.8293795585632,0.29767,0.01077
937.9397792816162,0.29827,0.010762
938.0518743991852,0.29987,0.010739
938.1621973514557,0.3004,0.010875
938.2710316181183,0.0079333,0.010605
938.38463306427,0.010733,0.010966
938.4914245605469,0.013867,0.01109
938.6015627384186,0.017267,0.010944
938.7103095054626,0.0204,0.010966
938.8107159137726,0.0234,0.010872
938.9148743152618,0.0272,0.010789
939.02215051651,0.030133,0.010759
939.1296346187592,0.0326,0.0108
939.2416079044342,0.036333,0.010694
939.3549871444702,0.039533,0.010702
939.4627814292908,0.0428,0.010707
939.5703701972961,0.045667,0.010688
939.6835401058197,0.051467,0.010734
939.789511680603,0.051533,0.010689
939.9049868583679,0.058333,0.01073
940.0163297653198,0.061,0.010679
940.1111912727356,0.0638,0.010715
940.219132900238,0.066933,0.010644
940.328825712204,0.069667,0.010667
940.4420113563538,0.073333,0.01071
940.5501947402954,0.076267,0.010635
940.6544389724731,0.0784,0.01067
940.7620911598206,0.081867,0.010682
940.8710384368896,0.084533,0.010644
940.9740426540375,0.087667,0.010632
941.078607082367,0.089867,0.010659
941.1824932098389,0.093267,0.010705
941.2916557788849,0.0932,0.010663
941.402419090271,0.096133,0.01067
941.5106298923492,0.095533,0.010665
941.6199610233307,0.097267,0.010705
941.73215508461,0.10047,0.010642
941.845244884491,0.10133,0.010661
941.9527204036713,0.10313,0.010629
942.0613296031952,0.1042,0.010682
942.17165350914,0.10573,0.010763
942.2830941677094,0.1074,0.010632
942.3929107189178,0.10833,0.010669
942.502498626709,0.11013,0.0107
942.6039390563965,0.11147,0.010679
942.7142288684845,0.1128,0.010686
942.8247537612915,0.1134,0.010759
942.9323365688324,0.11693,0.010728
943.0412313938141,0.11747,0.010831
943.1435053348541,0.11887,0.010818
943.2419075965881,0.12047,0.010922
943.3481156826019,0.12173,0.010976
943.4518809318542,0.1226,0.011036
943.5631108283997,0.12367,0.010973
943.6638088226318,0.12513,0.011012
943.7642736434937,0.12673,0.011182
943.8635444641113,0.12833,0.011171
943.9636120796204,0.129,0.01121
944.06502866745,0.13053,0.011189
944.1642999649048,0.1322,0.011251
944.2658989429474,0.13287,0.011243
944.3669974803925,0.13453,0.011305
944.4666986465454,0.13587,0.011362
944.5690701007843,0.137,0.011431
944.6846401691437,0.1384,0.01135
944.789101600647,0.13907,0.011494
944.894073009491,0.1404,0.011327
945.0067412853241,0.14213,0.011398
945.115537405014,0.1432,0.011395
945.2294356822968,0.14447,0.01129
945.3279316425323,0.14547,0.011231
945.4382855892181,0.14687,0.011368
945.5479595661163,0.14773,0.011253
945.6598551273346,0.15007,0.011422
945.7678036689758,0.15193,0.011204
945.8650751113892,0.153,0.011311
945.9775669574738,0.15427,0.010955
946.0896701812744,0.15567,0.011078
946.1966280937195,0.15707,0.011045
946.3062105178833,0.15807,0.01094
946.4140818119049,0.1588,0.010879
946.5258884429932,0.16013,0.010885
946.6386964321136,0.16127,0.010922
946.7473654747009,0.16207,0.010884
946.8571796417236,0.16373,0.010871
946.9700922966003,0.1642,0.010794
947.0773093700409,0.16587,0.010933
947.1885178089142,0.1682,0.010902
947.3006794452667,0.16987,0.010965
947.4101600646973,0.17013,0.011005
947.5136184692383,0.17167,0.011147
947.6177554130554,0.17307,0.011361
947.7265498638153,0.17433,0.011606
947.8374350070953,0.1758,0.01149
947.9356565475464,0.17733,0.011985
948.0475301742554,0.1774,0.011836
948.1569228172302,0.17913,0.01213
948.2684442996979,0.18027,0.012237
948.3811841011047,0.18147,0.012218
948.4820864200592,0.18273,0.012134
948.5866174697876,0.1836,0.012321
948.6991608142853,0.18513,0.012233
948.7948212623596,0.1862,0.012161
948.8996098041534,0.18867,0.012177
949.0053014755249,0.1886,0.012094
949.1211318969727,0.19013,0.012094
949.228376865387,0.19167,0.012127
949.3386738300323,0.19267,0.011875
949.4473056793213,0.19393,0.012058
949.5476920604706,0.19527,0.011904
949.6520671844482,0.19687,0.011858
949.757709980011,0.19767,0.011792
949.8681106567383,0.19807,0.011633
949.9805183410645,0.19947,0.011726
950.089191198349,0.20047,0.011411
950.1889750957489,0.2018,0.011419
950.302131652832,0.20307,0.011267
950.4087154865265,0.20433,0.011306
950.5191776752472,0.2054,0.01123
950.6256849765778,0.20713,0.011301
950.7271199226379,0.2084,0.011138
950.8305006027222,0.2084,0.011062
950.9381761550903,0.2108,0.011019
951.0504357814789,0.21167,0.011026
951.1490609645844,0.2122,0.010933
951.2564375400543,0.2146,0.011018
951.3705306053162,0.2142,0.010923
951.479719877243,0.21587,0.010801
951.5863106250763,0.21733,0.010866
951.7016263008118,0.21773,0.010843
951.7974932193756,0.22007,0.010844
951.9088990688324,0.2208,0.010859
952.0181317329407,0.22167,0.010783
952.131255865097,0.2234,0.01092
952.2421960830688,0.2242,0.010894
952.3541777133942,0.2264,0.010847
952.4590666294098,0.22707,0.010969
952.569566488266,0.2284,0.010795
952.6689822673798,0.22973,0.010963
952.7805826663971,0.2304,0.01084
952.8866703510284,0.2314,0.011032
952.9906077384949,0.23287,0.011025
953.0869770050049,0.23387,0.010983
953.2007479667664,0.23527,0.011019
953.3058657646179,0.2364,0.011055
953.4212732315063,0.23753,0.011071
953.5202453136444,0.2384,0.010965
953.6298112869263,0.23987,0.010998
953.739025592804,0.2402,0.010928
953.8513140678406,0.24153,0.010972
953.949782371521,0.24287,0.010877
954.0518174171448,0.24467,0.010912
954.1608629226685,0.24473,0.010924
954.2586052417755,0.24707,0.010905
954.3602933883667,0.24767,0.010877
954.4590237140656,0.2484,0.010849
954.5614941120148,0.24953,0.010933
954.6642143726349,0.2504,0.010959
954.7610912322998,0.25233,0.01089
954.8638598918915,0.25247,0.010793
954.962123632431,0.2534,0.010843
955.0610270500183,0.25487,0.010814
955.171722650528,0.2572,0.010722
955.2781591415405,0.25847,0.010747
955.3773424625397,0.25907,0.01081
955.4892776012421,0.26033,0.01073
955.6008596420288,0.26107,0.010699
955.7003173828125,0.2622,0.010695
955.8111896514893,0.26333,0.010718
955.9177799224854,0.2648,0.010725
956.0214009284973,0.26607,0.010648
956.122713804245,0.26647,0.010584
956.2299032211304,0.26773,0.01062
956.3400259017944,0.26907,0.010636
956.4475567340851,0.26973,0.010729
956.5642008781433,0.27107,0.010675
956.6719973087311,0.27253,0.010644
956.7775444984436,0.27293,0.010637
956.8906462192535,0.275,0.010589
956.9980463981628,0.2762,0.010664
957.1095178127289,0.27673,0.010619
957.2179324626923,0.27833,0.01069
957.341787815094,0.27907,0.010692
957.4419190883636,0.28087,0.01071
957.5519270896912,0.2818,0.010645
957.6572170257568,0.28287,0.010668
957.7712407112122,0.2836,0.010655
957.882265329361,0.2848,0.010619
957.9906566143036,0.28593,0.010672
958.0997982025146,0.28693,0.010612
958.2011585235596,0.289,0.010673
958.3001525402069,0.28967,0.010669
958.4105544090271,0.291,0.010751
958.5213770866394,0.29067,0.010661
958.6288032531738,0.29233,0.010683
958.7326164245605,0.29413,0.010641
958.8313553333282,0.2956,0.010723
958.9293835163116,0.29673,0.010703
959.0395200252533,0.29807,0.010778
959.1501758098602,0.29853,0.010813
959.2611830234528,0.30007,0.010718
959.3727025985718,0.30093,0.010834
959.480738401413,0.0056,0.01072
959.5922780036926,0.0072,0.010774
959.6970798969269,0.010267,0.010807
959.7997581958771,0.014133,0.010876
959.9113216400146,0.017867,0.010888
960.021478176117,0.0208,0.010722
960.1357266902924,0.023733,0.010751
960.2387280464172,0.026933,0.01073
960.3522429466248,0.0336,0.01069
960.4668979644775,0.036867,0.010725
960.5738697052002,0.04,0.010635
960.6823055744171,0.043333,0.010686
960.7822008132935,0.045933,0.010713
960.8891823291779,0.049267,0.010725
960.99223279953,0.052267,0.010692
961.1012980937958,0.055467,0.01067
961.2099168300629,0.058467,0.010659
961.3258118629456,0.060867,0.010628
961.431930065155,0.0642,0.010673
961.5405702590942,0.067333,0.010644
961.6521956920624,0.072667,0.010677
961.7628610134125,0.072667,0.010731
961.8711535930634,0.078267,0.010686
961.9729008674622,0.0818,0.010641
962.0805785655975,0.081933,0.010702
962.1922895908356,0.087533,0.010647
962.2932343482971,0.090333,0.010691
962.4015953540802,0.092133,0.010678
962.5148105621338,0.093667,0.010663
962.6237027645111,0.0946,0.010633
962.7340936660767,0.0956,0.010666
962.8424580097198,0.097333,0.010617
962.9520423412323,0.099,0.010672
963.0611119270325,0.099733,0.010673
963.1626949310303,0.10173,0.010627
963.2704946994781,0.1042,0.01061
963.3824701309204,0.10433,0.010616
963.4946925640106,0.10673,0.010657
963.6034708023071,0.10787,0.01071
963.7114179134369,0.10947,0.010726
963.8134157657623,0.11073,0.01073
963.914030790329,0.1126,0.010815
964.0241255760193,0.11427,0.010817
964.1349809169769,0.11487,0.010897
964.2405953407288,0.116,0.0109
964.3525321483612,0.11767,0.010924
964.4612164497375,0.11873,0.010938
964.5703499317169,0.12033,0.011115
964.6759362220764,0.12133,0.01117
964.7771928310394,0.12267,0.011191
964.8888518810272,0.12413,0.011245
964.999130487442,0.12527,0.011367
965.1009283065796,0.12687,0.011363
965.2001760005951,0.12887,0.011487
965.300835609436,0.12893,0.01157
965.4021155834198,0.13007,0.01159
965.5024509429932,0.1322,0.011645
965.6012599468231,0.13387,0.011537
965.7049553394318,0.1338,0.011651
965.8041014671326,0.1358,0.011664
965.9064681529999,0.13713,0.011685
966.0095117092133,0.138,0.011637
966.1097590923309,0.14013,0.011671
966.2204196453094,0.14053,0.011716
966.3305747509003,0.14167,0.011873
966.437337398529,0.14427,0.011762
966.5381875038147,0.14553,0.011486
966.6491115093231,0.14667,0.01155
966.7587440013885,0.14833,0.011639
966.869589805603,0.149,0.011584
966.9801750183105,0.15027,0.011491
967.0795891284943,0.15167,0.011326
967.1816132068634,0.15193,0.011362
967.2929086685181,0.15373,0.011272
967.402904510498,0.15473,0.011132
967.5097894668579,0.15633,0.011189
967.6237237453461,0.1576,0.01098
967.7204616069794,0.15833,0.010931
967.8271615505219,0.15993,0.010898
967.9408714771271,0.1606,0.010896
968.0514552593231,0.16193,0.010906
968.1594893932343,0.1644,0.010975
968.2614843845367,0.16593,0.010937
968.3701355457306,0.16687,0.010989
968.4702482223511,0.16787,0.011027
968.5704143047333,0.16953,0.011177
968.6811158657074,0.17027,0.011441
968.7827484607697,0.17153,0.011053
968.884213924408,0.17267,0.011265
968.9942450523376,0.1734,0.011598
969.1022744178772,0.17533,0.011549
969.2114562988281,0.17573,0.011572
969.3245577812195,0.1776,0.011773
969.4331140518188,0.17887,0.01194
969.54185795784,0.17973,0.011985
969.6539342403412,0.18187,0.012083
969.7537355422974,0.1826,0.012084
969.8523571491241,0.18307,0.012133
969.9528820514679,0.1858,0.012049
970.0609636306763,0.18553,0.012091
970.1716303825378,0.1868,0.01211
970.2803192138672,0.18893,0.012058
970.3929166793823,0.18967,0.012161
970.505674123764,0.19087,0.01186
970.6136403083801,0.19213,0.011896
970.7218074798584,0.1932,0.011948
970.8358569145203,0.19467,0.011681
970.9442756175995,0.19573,0.011729
971.0483450889587,0.19633,0.011623
971.1437158584595,0.19767,0.01146
971.2541093826294,0.19873,0.01147
971.3630042076111,0.19993,0.011405
971.4713912010193,0.20233,0.011453
971.584778547287,0.20247,0.011171
971.6947362422943,0.20507,0.011226
971.8045108318329,0.20627,0.011065
971.9028017520905,0.2072,0.011256
972.0134699344635,0.20753,0.011035
972.123993396759,0.209,0.01109
972.233805179596,0.21033,0.011001
972.333621263504,0.2112,0.011002
972.4440586566925,0.21253,0.010887
972.5574688911438,0.2136,0.010955
972.6617348194122,0.214,0.010883
972.7733182907104,0.21573,0.010877
972.883932352066,0.2168,0.010862
972.9866392612457,0.21787,0.010792
973.0927727222443,0.22,0.010868
973.1953561306,0.2204,0.010833
973.2939453125,0.22287,0.010795
973.4046704769135,0.22267,0.010814
973.5162391662598,0.2246,0.010801
973.6268572807312,0.22547,0.010829
973.7363333702087,0.22647,0.010789
973.8427028656006,0.228,0.010799
973.9513492584229,0.2296,0.010854
974.0621247291565,0.23067,0.010965
974.1735079288483,0.2308,0.010899
974.2844474315643,0.23267,0.01082
974.3948447704315,0.233,0.010981
974.5038430690765,0.23467,0.010873
974.613981962204,0.23587,0.010914
974.7253937721252,0.23713,0.010916
974.8366539478302,0.23913,0.010905
974.9326190948486,0.24033,0.010878
975.0459945201874,0.2414,0.010861
975.1522331237793,0.24247,0.010907
975.2519431114197,0.24353,0.010838
975.3558320999146,0.24447,0.010826
975.4550089836121,0.24587,0.010841
975.5568342208862,0.24607,0.01079
975.6684470176697,0.24767,0.010769
975.7660953998566,0.2486,0.010822
975.863475561142,0.24993,0.010813
975.9682440757751,0.25087,0.010781
976.0705554485321,0.25153,0.010727
976.1690936088562,0.25313,0.010812
976.2702078819275,0.25387,0.010716
976.369879245758,0.2554,0.010765
976.471853017807,0.25613,0.010635
976.570877790451,0.25727,0.010694
976.6701176166534,0.259,0.010704
976.7802147865295,0.25993,0.010663
976.8901431560516,0.26067,0.01067
976.998074054718,0.26173,0.010678
977.1115522384644,0.26287,0.010687
977.2217469215393,0.26393,0.010642
977.3341791629791,0.265,0.010657
977.4401812553406,0.26587,0.010644
977.5504539012909,0.2668,0.010669
977.6611185073853,0.26927,0.010604
977.765472650528,0.26973,0.010687
977.8607544898987,0.2702,0.010667
977.9635634422302,0.271,0.010666
978.0731904506683,0.2738,0.010667
978.182208776474,0.2744,0.010582
978.2800207138062,0.27587,0.010671
978.3895535469055,0.2772,0.010637
978.5024945735931,0.27807,0.010645
978.6112861633301,0.279,0.010641
978.7220854759216,0.28047,0.010698
978.8284313678741,0.28107,0.010686
978.9446196556091,0.283,0.010624
979.0426361560822,0.28373,0.010657
979.1519248485565,0.28467,0.010652
979.2624073028564,0.28593,0.010687
979.3629674911499,0.28687,0.010622
979.4719560146332,0.28787,0.010702
979.5818367004395,0.289,0.010731
979.6927707195282,0.291,0.01073
979.8019363880157,0.29193,0.010735
979.9122889041901,0.29333,0.010725
980.0201685428619,0.29367,0.010733
980.1215217113495,0.2952,0.010807
980.2252197265625,0.2954,0.01085
980.3339350223541,0.2974,0.010803
980.44375872612,0.298,0.010754
980.5525448322296,0.2994,0.010849
980.6655564308167,0.30033,0.010768
980.7736265659332,0.0054667,0.010649
980.8832452297211,0.0078,0.010761
980.9928319454193,0.0122,0.010746
981.1008536815643,0.014333,0.010715
981.2126381397247,0.020867,0.010684
981.3248391151428,0.024,0.010633
981.4336154460907,0.027,0.010746
981.5436954498291,0.029933,0.010665
981.6539039611816,0.033333,0.010642
981.7603764533997,0.0364,0.010784
981.8719954490662,0.0396,0.010694
981.9730749130249,0.042533,0.010691
982.0820384025574,0.045667,0.010629
982.1941440105438,0.048733,0.010684
982.2993450164795,0.0524,0.010683
982.4079852104187,0.0544,0.010677
982.520124912262,0.061133,0.010737
982.6303968429565,0.061333,0.010699
982.7417249679565,0.066533,0.010652
982.8437583446503,0.069533,0.010656
982.9465236663818,0.072733,0.010701
983.0532264709473,0.075733,0.010714
983.1625328063965,0.0786,0.010702
983.2748422622681,0.081667,0.010689
983.3843603134155,0.085,0.010639
983.4853856563568,0.087467,0.010695
983.5847833156586,0.090267,0.010645
983.6947107315063,0.091467,0.010685
983.804615020752,0.093333,0.010649
983.9155123233795,0.0942,0.010673
984.0146119594574,0.096,0.010646
984.1252031326294,0.0972,0.010668
984.2350766658783,0.098667,0.010572
984.3428211212158,0.1012,0.010707
984.4526689052582,0.10167,0.010719
984.5641810894012,0.1042,0.010713
984.6738433837891,0.10533,0.010668
984.785769701004,0.10633,0.010776
984.8962426185608,0.10833,0.010805
985.0034129619598,0.11,0.01078
985.1140985488892,0.11053,0.010815
985.2233591079712,0.112,0.010816
985.3360233306885,0.1134,0.011018
985.4457406997681,0.1152,0.011053
985.5522091388702,0.1178,0.011137
985.6544008255005,0.1176,0.011273
985.7564511299133,0.11893,0.011287
985.8674020767212,0.12187,0.01139
985.9643552303314,0.12167,0.011396
986.0660464763641,0.1246,0.011519
986.1705729961395,0.12533,0.011475
986.279453754425,0.1256,0.011708
986.3867151737213,0.12813,0.011787
986.4877557754517,0.12893,0.011795
986.5879340171814,0.12993,0.011825
986.6878042221069,0.13007,0.011943
986.7863092422485,0.13333,0.011916
986.8884797096252,0.13373,0.011788
986.988566160202,0.13547,0.011914
987.088799238205,0.13507,0.011875
987.1915829181671,0.13833,0.01185
987.2980887889862,0.139,0.011944
987.3990368843079,0.14027,0.011708
987.5107550621033,0.1416,0.011758
987.60786485672,0.14307,0.011719
987.7213518619537,0.1442,0.01173
987.8313386440277,0.14573,0.011792
987.9300389289856,0.14607,0.011592
988.0414235591888,0.14787,0.011614
988.1479048728943,0.14913,0.01151
988.2499446868896,0.1502,0.011348
988.3583059310913,0.1512,0.011547
988.4689366817474,0.1526,0.011242
988.5787854194641,0.153,0.011246
988.6874907016754,0.15607,0.011166
988.7859270572662,0.15733,0.010969
988.8972015380859,0.1576,0.010993
989.0118291378021,0.15947,0.011049
989.1179738044739,0.1606,0.011005
989.2342886924744,0.1616,0.010946
989.339706659317,0.16307,0.010887
989.449244260788,0.16467,0.010938
989.5621619224548,0.16587,0.010968
989.6681952476501,0.16607,0.010917
989.769814491272,0.16813,0.011043
989.8777873516083,0.16913,0.011137
989.9894461631775,0.17067,0.011286
990.0888125896454,0.17167,0.011574
990.188360452652,0.1728,0.011013
990.2991545200348,0.17533,0.011406
990.4102411270142,0.175,0.011483
990.519773721695,0.1774,0.011552
990.6214833259583,0.17893,0.011614
990.7291586399078,0.17833,0.012001
990.8382041454315,0.18047,0.011842
990.949565410614,0.18247,0.012025
991.0512492656708,0.18307,0.011859
991.1514277458191,0.18447,0.012095
991.2569782733917,0.1856,0.011821
991.3684616088867,0.18673,0.011979
991.4790296554565,0.18847,0.011867
991.5899312496185,0.18947,0.012149
991.6985487937927,0.19,0.012057
991.807092666626,0.1914,0.01167
991.9183216094971,0.19233,0.01174
992.0303704738617,0.19413,0.011638
992.1377387046814,0.19587,0.011652
992.2477526664734,0.19567,0.011449
992.3652844429016,0.19773,0.011487
992.4735910892487,0.1988,0.011509
992.5817766189575,0.19973,0.011352
992.6891503334045,0.20147,0.011333
992.7979393005371,0.20273,0.011358
992.9098360538483,0.20393,0.011184
993.0216872692108,0.205,0.011223
993.1306700706482,0.2064,0.011079
993.2349112033844,0.20713,0.011024
993.339831829071,0.20773,0.010925
993.4521462917328,0.20913,0.010915
993.5619461536407,0.2108,0.010891
993.6678559780121,0.2126,0.010933
993.7700798511505,0.21353,0.01085
993.8803441524506,0.21427,0.010801
993.9894387722015,0.216,0.010866
994.099109172821,0.21753,0.010807
994.2105937004089,0.21807,0.010706
994.3211660385132,0.21947,0.010953
994.4321768283844,0.22027,0.010639
994.5399270057678,0.2212,0.010822
994.6535484790802,0.2226,0.010731
994.7609400749207,0.22387,0.010802
994.8690588474274,0.22647,0.010844
994.9804472923279,0.22753,0.010747
995.0896134376526,0.2268,0.010798
995.1908714771271,0.22993,0.010768
995.2998406887054,0.23067,0.010758
995.4133634567261,0.23173,0.010733
995.5189514160156,0.23267,0.010775
995.63023686409,0.2342,0.01081
995.7411115169525,0.23513,0.01091
995.8479423522949,0.23633,0.010853
995.9600067138672,0.23707,0.010785
996.0715005397797,0.2392,0.010855
996.1787257194519,0.23973,0.010816
996.2901606559753,0.24047,0.010791
996.3872351646423,0.2426,0.010814
996.4977333545685,0.24347,0.010836
996.6158077716827,0.24453,0.010763
996.7141969203949,0.24607,0.010779
996.8108353614807,0.2456,0.010714
996.9111549854279,0.24807,0.010746
997.0121195316315,0.2494,0.010675
997.1202590465546,0.2502,0.010667
997.2227866649628,0.2512,0.010748
997.3233041763306,0.25247,0.010745
997.4239690303802,0.2534,0.010732
997.5235228538513,0.25447,0.0107
997.6233100891113,0.2552,0.010652
997.7250781059265,0.25527,0.010735
997.825442314148,0.25807,0.010681
997.925598859787,0.25767,0.010621
998.0271937847137,0.2588,0.010686
998.1283390522003,0.2612,0.010703
998.2362298965454,0.2622,0.010719
998.3467762470245,0.2632,0.010685
998.4616680145264,0.26433,0.010705
998.5698430538177,0.26493,0.010546
998.6772916316986,0.2662,0.01066
998.7853376865387,0.26793,0.010668
998.8988122940063,0.26827,0.010677
999.0066924095154,0.2694,0.010686
999.106892824173,0.27167,0.010664
999.217099905014,0.2716,0.010708
999.3294501304626,0.273,0.010677
999.4325063228607,0.27447,0.010719
999.5445365905762,0.275,0.01075
999.6569514274597,0.27693,0.010716
999.767477273941,0.27813,0.010682
999.8768336772919,0.27987,0.010707
999.9874534606934,0.2804,0.010662
1000.0977885723114,0.28193,0.010721
1000.1962234973907,0.28327,0.010719
1000.3074615001678,0.28373,0.01069
1000.4203767776489,0.28467,0.010683
1000.529452085495,0.28513,0.010731
1000.6284115314484,0.28693,0.010672
1000.7270777225494,0.28853,0.010695
1000.8369991779327,0.28947,0.01077
1000.9491901397705,0.2914,0.010778
1001.0497965812683,0.29093,0.010765
1001.1582391262054,0.29353,0.010787
1001.2677402496338,0.29433,0.010824
1001.3762919902802,0.29513,0.010821
1001.4876039028168,0.29607,0.010866
1001.5966422557831,0.29787,0.010935
1001.7063636779785,0.2988,0.010972
1001.8166937828064,0.2996,0.010957
1001.9286606311798,0.30073,0.010852
1002.0281841754913,0.0053333,0.010602
1002.1272571086884,0.0072,0.01065
1002.2388906478882,0.01,0.010762
1002.3495602607727,0.014333,0.010748
1002.4565351009369,0.020267,0.010695
1002.5544683933258,0.023533,0.010721
1002.66947722435,0.0232,0.010731
1002.779290676117,0.030133,0.010688
1002.8882722854614,0.032667,0.010734
1003.0005116462708,0.036467,0.010702
1003.1070604324341,0.039533,0.010746
1003.215692281723,0.042267,0.010738
1003.3271262645721,0.0458,0.010758
1003.4385962486267,0.048267,0.010721
1003.5482170581818,0.051667,0.010733
1003.6601002216339,0.055067,0.010758
1003.7654824256897,0.057533,0.010779
1003.8774325847626,0.0632,0.010737
1003.9892280101776,0.065,0.01075
1004.1001522541046,0.070267,0.010728
1004.1964092254639,0.069133,0.010749
1004.2984113693237,0.072067,0.010714
1004.4096720218658,0.0782,0.010701
1004.5189180374146,0.081533,0.010726
1004.6331417560577,0.083933,0.010686
1004.7408361434937,0.086867,0.010724
1004.8479027748108,0.090133,0.01074
1004.9613111019135,0.0912,0.010697
1005.0682945251465,0.092867,0.010675
1005.1772849559784,0.094933,0.010661
1005.2877266407013,0.096067,0.010711
1005.403501033783,0.096533,0.010741
1005.5056700706482,0.10027,0.010669
1005.6073355674744,0.099867,0.010659
1005.7183601856232,0.10287,0.010706
1005.8197305202484,0.1034,0.010747
1005.9310123920441,0.1054,0.010722
1006.0364637374878,0.10647,0.010781
1006.1474623680115,0.10813,0.010899
1006.2482583522797,0.1094,0.010778
1006.3604011535645,0.11047,0.010795
1006.4678425788879,0.112,0.010996
1006.5803751945496,0.11333,0.010935
1006.6880731582642,0.115,0.011267
1006.7886607646942,0.1154,0.011442
1006.8975956439972,0.11747,0.011377
1007.0021107196808,0.1188,0.011401
1007.108206987381,0.12007,0.011832
1007.2184031009674,0.1226,0.011599
1007.3178145885468,0.124,0.011713
1007.4211809635162,0.12433,0.011951
1007.5151932239532,0.12527,0.012058
1007.6204726696014,0.12687,0.012067
1007.7214586734772,0.1276,0.012145
1007.8319034576416,0.12873,0.012349
1007.9311072826385,0.13227,0.012317
1008.0322406291962,0.1318,0.012163
1008.1315579414368,0.13327,0.012289
1008.234454870224,0.1342,0.012229
1008.3327462673187,0.13613,0.012306
1008.4345481395721,0.1362,0.01205
1008.5344426631927,0.13833,0.012116
1008.6343958377838,0.1412,0.011952
1008.7320148944855,0.1418,0.012003
1008.8375799655914,0.1416,0.01191
1008.9470620155334,0.14373,0.011793
1009.0561702251434,0.14353,0.01173
1009.1676449775696,0.14613,0.011691
1009.2764456272125,0.14747,0.011513
1009.3767523765564,0.14887,0.011497
1009.4847841262817,0.1504,0.011478
1009.5874919891357,0.1512,0.01138
1009.687695980072,0.1526,0.011273
1009.79860496521,0.15307,0.011138
1009.9095480442047,0.15473,0.011361
1010.0175921916962,0.15607,0.011064
1010.1277866363525,0.15733,0.01103
1010.2357127666473,0.15813,0.011036
1010.3458321094513,0.1596,0.010984
1010.4568710327148,0.16107,0.011053
1010.5677220821381,0.16373,0.010978
1010.680032491684,0.16467,0.010957
1010.7901525497437,0.16573,0.010985
1010.9019730091095,0.167,0.011006
1011.0063359737396,0.16867,0.010942
1011.1164140701294,0.1692,0.010993
1011.2320969104767,0.1708,0.01116
1011.3383855819702,0.17167,0.011511
1011.436075925827,0.1734,0.011112
1011.5479645729065,0.17473,0.011261
1011.6559548377991,0.17527,0.011633
1011.7565066814423,0.17693,0.01165
1011.85999584198,0.17807,0.011628
1011.9683156013489,0.17887,0.011582
1012.0787420272827,0.18047,0.011784
1012.1865246295929,0.18087,0.011832
1012.2938771247864,0.1824,0.011724
1012.4078099727631,0.18453,0.011866
1012.5184302330017,0.18533,0.011794
1012.6280918121338,0.18687,0.011794
1012.7371008396149,0.1878,0.011906
1012.8453094959259,0.18933,0.011766
1012.9580805301666,0.19087,0.011781
1013.0716097354889,0.1918,0.011623
1013.1758148670197,0.19293,0.011466
1013.2897002696991,0.19313,0.01164
1013.397843837738,0.1954,0.011567
1013.4985189437866,0.19493,0.011523
1013.605304479599,0.19873,0.011347
1013.7162375450134,0.19907,0.011371
1013.8288276195526,0.20067,0.011343
1013.9290392398834,0.20133,0.01134
1014.0379438400269,0.2028,0.011176
1014.1478765010834,0.20373,0.011209
1014.2581129074097,0.20453,0.011063
1014.368111371994,0.20607,0.011187
1014.480103969574,0.2072,0.011025
1014.5881679058075,0.20833,0.01094
1014.7002923488617,0.20973,0.010895
1014.8109331130981,0.21167,0.010871
1014.9192018508911,0.21173,0.010856
1015.029021024704,0.21267,0.010883
1015.1403958797455,0.21507,0.010767
1015.2470722198486,0.21547,0.01075
1015.3583605289459,0.2174,0.010766
1015.4679780006409,0.21807,0.010721
1015.5780715942383,0.21933,0.010735
1015.6839270591736,0.22067,0.010731
1015.7979550361633,0.22173,0.010751
1015.9070816040039,0.2226,0.010695
1016.0078372955322,0.22487,0.01074
1016.1172542572021,0.22513,0.010741
1016.2287666797638,0.2262,0.010757
1016.3368744850159,0.22853,0.010669
1016.447113275528,0.22833,0.010754
1016.5487761497498,0.22953,0.010777
1016.6587221622467,0.23127,0.010739
1016.7657039165497,0.233,0.010763
1016.8752138614655,0.23393,0.010774
1016.9788801670074,0.23567,0.010812
1017.0872960090637,0.23613,0.010739
1017.1985394954681,0.23787,0.010725
1017.3074433803558,0.23813,0.010763
1017.4235315322876,0.2396,0.010778
1017.5303366184235,0.24053,0.010793
1017.6360404491425,0.2428,0.010735
1017.7477600574493,0.24207,0.010794
1017.8613557815552,0.2442,0.010747
1017.9703118801117,0.2462,0.01069
1018.0792136192322,0.24713,0.010689
1018.1801512241364,0.24887,0.010742
1018.2784280776978,0.24933,0.010739
1018.3791575431824,0.25033,0.010672
1018.4884686470032,0.25127,0.010693
1018.5977838039398,0.25227,0.01075
1018.6993985176086,0.25347,0.010668
1018.7993674278259,0.2546,0.010677
1018.9002153873444,0.2556,0.010717
1019.001029253006,0.25753,0.010671
1019.099711894989,0.2576,0.010725
1019.1981720924377,0.2584,0.010717
1019.3001503944397,0.25967,0.010687
1019.3999478816986,0.26147,0.010677
1019.5071558952332,0.26253,0.010694
1019.6165318489075,0.26387,0.010717
1019.7217946052551,0.2644,0.010707
1019.8297965526581,0.26547,0.010696
1019.9370748996735,0.267,0.010704
1020.0351974964142,0.2674,0.010753
1020.1460118293762,0.2682,0.010734
1020.2613611221313,0.26973,0.010728
1020.3730726242065,0.27093,0.010724
1020.4767937660217,0.272,0.010749
1020.5794961452484,0.27287,0.01077
1020.6868152618408,0.27367,0.010721
1020.7994713783264,0.276,0.010685
1020.8993046283722,0.27767,0.010742
1021.0123624801636,0.2784,0.010693
1021.1202113628387,0.27933,0.010691
1021.232049703598,0.28033,0.010685
1021.3401577472687,0.28173,0.010658
1021.4464769363403,0.28273,0.010701
1021.5596063137054,0.284,0.010749
1021.6722266674042,0.28453,0.010692
1021.7790863513947,0.28527,0.010735
1021.8872690200806,0.28753,0.010771
1021.9982624053955,0.28827,0.010737
1022.1072404384613,0.2898,0.01071
1022.2176842689514,0.29127,0.010761
1022.331648349762,0.29227,0.010805
1022.4333989620209,0.29307,0.010826
1022.5425710678101,0.2944,0.010931
1022.6490759849548,0.29567,0.010925
1022.7468407154083,0.29693,0.010971
1022.8608283996582,0.29767,0.010983
1022.9670751094818,0.29847,0.010959
1023.0716681480408,0.29913,0.011092
1023.1813342571259,0.3008,0.01103
1023.288553237915,0.0049333,0.010692
1023.4001259803772,0.0067333,0.010686
1023.5114753246307,0.010267,0.01074
1023.6124651432037,0.013933,0.010729
1023.7200329303741,0.0206,0.010719
1023.8286752700806,0.020867,0.010676
1023.939178943634,0.0272,0.010738
1024.0577044487,0.030067,0.010684
1024.160068511963,0.033,0.010702
1024.259484052658,0.0368,0.010724
1024.3702602386475,0.039667,0.010766
1024.4804983139038,0.042067,0.010725
1024.5924124717712,0.0462,0.010757
1024.7025179862976,0.048867,0.010771
1024.8092875480652,0.051867,0.010846
1024.919780254364,0.054933,0.010815
1025.0305199623108,0.060867,0.010815
1025.1289355754852,0.061133,0.010727
1025.2399237155914,0.063733,0.010783
1025.3476445674896,0.07,0.010785
1025.4460282325745,0.072267,0.010766
1025.5578923225403,0.075533,0.010769
1025.6683602333069,0.079133,0.010806
1025.7793130874634,0.078267,0.010808
1025.89022397995,0.0846,0.010754
1026.001920223236,0.087133,0.010682
1026.112830400467,0.090133,0.01076
1026.2202589511871,0.091133,0.010737
1026.3166780471802,0.0928,0.010711
1026.4274513721466,0.0944,0.010643
1026.5406289100647,0.095667,0.010758
1026.6525166034698,0.098733,0.01071
1026.759063243866,0.098133,0.010719
1026.8685221672058,0.10087,0.01073
1026.9694027900696,0.10253,0.010715
1027.0834262371063,0.10267,0.010708
1027.1873342990875,0.10547,0.010763
1027.289677143097,0.10667,0.010786
1027.4002814292908,0.10787,0.010899
1027.5082819461823,0.1098,0.010815
1027.6242933273315,0.11067,0.010961
1027.7276637554169,0.1126,0.011053
1027.8290491104126,0.11367,0.011363
1027.9370710849762,0.11513,0.011485
1028.0485486984253,0.11593,0.011391
1028.1489388942719,0.11707,0.011626
1028.2499566078186,0.11853,0.011862
1028.36017537117,0.12013,0.011754
1028.4707322120667,0.12147,0.012051
1028.5808968544006,0.12367,0.012077
1028.6885285377502,0.12367,0.012106
1028.7993030548096,0.1264,0.012341
1028.9006185531616,0.12767,0.012407
1029.004382610321,0.12793,0.01233
1029.1018018722534,0.13013,0.012419
1029.209177017212,0.13187,0.012374
1029.3218085765839,0.13287,0.012374
1029.4206218719482,0.13367,0.012421
1029.5210342407227,0.13527,0.012276
1029.6204504966736,0.13607,0.012258
1029.720412015915,0.13787,0.012065
1029.821575641632,0.13893,0.011976
1029.9250981807709,0.1392,0.012008
1030.02352309227,0.14027,0.011939
1030.1227796077728,0.14313,0.011845
1030.2269504070282,0.14373,0.011782
1030.3306984901428,0.14487,0.011753
1030.4307763576508,0.14513,0.011704
1030.528160572052,0.14787,0.011569
1030.6295397281647,0.14847,0.011534
1030.740581035614,0.1494,0.011471
1030.8500366210938,0.1508,0.011453
1030.9510869979858,0.15267,0.011377
1031.059639453888,0.15287,0.011228
1031.160388469696,0.15507,0.011181
1031.2567784786224,0.1564,0.011175
1031.3701221942902,0.15727,0.011125
1031.4824001789093,0.15773,0.011087
1031.5917863845825,0.15953,0.011007
1031.709412574768,0.16107,0.010938
1031.8115544319153,0.16207,0.010869
1031.9142961502075,0.16313,0.010879
1032.0211124420166,0.16367,0.010903
1032.1319320201874,0.16547,0.010906
1032.2405173778534,0.16727,0.010954
1032.3510098457336,0.16933,0.010977
1032.462583065033,0.17007,0.011032
1032.5713667869568,0.1712,0.011188
1032.6803569793701,0.1728,0.011453
1032.7906920909882,0.17373,0.011359
1032.9009547233582,0.17507,0.011235
1033.0010137557983,0.17593,0.011394
1033.1117639541626,0.17747,0.011501
1033.2223722934723,0.17827,0.011609
1033.3249382972717,0.18013,0.011501
1033.4251141548157,0.18053,0.01173
1033.540601491928,0.1818,0.011741
1033.644996881485,0.18293,0.011645
1033.7438423633575,0.18467,0.011627
1033.8435416221619,0.18507,0.01157
1033.9516026973724,0.18713,0.011605
1034.0651936531067,0.1888,0.011724
1034.1613910198212,0.189,0.011513
1034.2720777988434,0.19153,0.011543
1034.3832845687866,0.19207,0.011549
1034.4969685077667,0.19307,0.01146
1034.6024401187897,0.19447,0.011523
1034.7047185897827,0.19553,0.011304
1034.8120362758636,0.19727,0.011385
1034.9261305332184,0.1982,0.011416
1035.0345969200134,0.1992,0.01135
1035.143747806549,0.2006,0.011405
1035.240823507309,0.20113,0.011194
1035.3521020412445,0.20247,0.011269
1035.4623491764069,0.20393,0.011112
1035.5725586414337,0.20493,0.010981
1035.672684431076,0.20567,0.011106
1035.7722449302673,0.2084,0.011099
1035.8784584999084,0.20867,0.010898
1035.9795277118683,0.20873,0.01085
1036.086983680725,0.21187,0.010866
1036.1987097263336,0.21273,0.010826
1036.2997450828552,0.2134,0.010751
1036.4133162498474,0.215,0.010771
1036.5228333473206,0.21593,0.010702
1036.636292219162,0.21727,0.010758
1036.7320322990417,0.2176,0.010755
1036.846415758133,0.2188,0.010715
1036.9543688297272,0.2202,0.010738
1037.064759016037,0.22127,0.010733
1037.1747601032257,0.22233,0.010666
1037.2843704223633,0.2232,0.010728
1037.3940348625183,0.22447,0.01073
1037.5022132396698,0.2272,0.010734
1037.6146159172058,0.2284,0.010625
1037.7233839035034,0.22867,0.010746
1037.833534002304,0.2306,0.010739
1037.9454247951508,0.23147,0.010746
1038.0519745349884,0.23253,0.010728
1038.1697125434875,0.2334,0.010709
1038.2728881835938,0.23487,0.010718
1038.382509469986,0.23587,0.010706
1038.4942872524261,0.2366,0.010728
1038.6029844284058,0.23907,0.010732
1038.7027781009674,0.23887,0.010714
1038.806226015091,0.2408,0.010702
1038.9146568775177,0.2412,0.01077
1039.0246376991272,0.24173,0.010757
1039.1325318813324,0.24367,0.010716
1039.2440304756165,0.24607,0.010713
1039.3513259887695,0.24667,0.010742
1039.4617848396301,0.248,0.010733
1039.5667374134064,0.2492,0.01073
1039.6638898849487,0.24953,0.010722
1039.7749314308167,0.25093,0.010744
1039.8868021965027,0.25213,0.010726
1039.9967226982117,0.2536,0.010669
1040.0957190990448,0.2534,0.010693
1040.1955671310425,0.25547,0.010733
1040.2995254993439,0.25587,0.010704
1040.3984410762787,0.25767,0.010667
1040.4972474575043,0.25867,0.010739
1040.598981142044,0.25933,0.010801
1040.697702884674,0.26073,0.010766
1040.8007545471191,0.26133,0.010804
1040.8993768692017,0.26207,0.010722
1040.9982779026031,0.26393,0.010807
1041.1093447208405,0.26527,0.010747
1041.2065415382385,0.266,0.010763
1041.3174855709076,0.26687,0.010766
1041.427735567093,0.2682,0.010843
1041.540670633316,0.27,0.010781
1041.635300397873,0.27027,0.010817
1041.741553068161,0.27147,0.010781
1041.848786830902,0.2726,0.010823
1041.959257364273,0.27387,0.010817
1042.0672113895416,0.27467,0.010791
1042.1793489456177,0.27687,0.01074
1042.2829847335815,0.27827,0.010725
1042.3901534080505,0.27933,0.010746
1042.501318693161,0.28,0.010794
1042.609784603119,0.2816,0.010795
1042.7148559093475,0.28193,0.010778
1042.8204338550568,0.28287,0.010702
1042.9239392280579,0.2848,0.01077
1043.0311415195465,0.285,0.010743
1043.1293559074402,0.28647,0.010702
1043.2386393547058,0.28807,0.010837
1043.3537862300873,0.28853,0.010805
1043.458964586258,0.28973,0.010826
1043.5728611946106,0.29173,0.010824
1043.681851863861,0.29193,0.010864
1043.7805943489075,0.29407,0.01091
1043.880521774292,0.29473,0.010982
1043.9901430606842,0.29587,0.011049
1044.1020894050598,0.29727,0.011111
1044.213326215744,0.29793,0.011202
1044.3215672969818,0.2996,0.011163
1044.431226491928,0.30007,0.011269
1044.5392253398895,0.0052,0.010817
1044.651264667511,0.0057333,0.010752
1044.7613017559052,0.0096667,0.010762
1044.8601081371307,0.013067,0.010696
1044.9712889194489,0.016067,0.010731
1045.0801043510437,0.019133,0.010741
1045.1937401294708,0.0262,0.010755
1045.3016114234924,0.025533,0.010743
1045.4140350818634,0.032,0.010769
1045.520076751709,0.035,0.010845
1045.6323826313019,0.038667,0.010841
1045.7408394813538,0.041533,0.010902
1045.8479661941528,0.045,0.010888
1045.9538741111755,0.048267,0.010876
1046.052233695984,0.0512,0.010907
1046.1620304584503,0.0542,0.010846
1046.2719116210938,0.0572,0.010906
1046.384174823761,0.0598,0.010917
1046.4933681488037,0.063533,0.010869
1046.6015105247498,0.066467,0.010845
1046.7100234031677,0.069467,0.010892
1046.821259021759,0.075,0.010913
1046.9357759952545,0.0776,0.010867
1047.0437152385712,0.080533,0.010894
1047.1513974666595,0.083733,0.010778
1047.262617111206,0.0864,0.01085
1047.3726978302002,0.088733,0.010781
1047.470697402954,0.091533,0.010811
1047.5734796524048,0.092867,0.010743
1047.6849880218506,0.094267,0.010693
1047.7945234775543,0.095933,0.01076
1047.903713941574,0.096933,0.010724
1048.0145246982574,0.0984,0.010757
1048.1205356121063,0.099867,0.010757
1048.2323184013367,0.10153,0.010757
1048.3461472988129,0.10387,0.010833
1048.453073501587,0.1052,0.010857
1048.567388534546,0.10647,0.01069
1048.6723835468292,0.10813,0.01107
1048.7737073898315,0.10893,0.011041
1048.8726868629456,0.11007,0.011041
1048.9854476451874,0.1118,0.011377
1049.094805240631,0.11333,0.011409
1049.204502105713,0.11507,0.011657
1049.3057186603546,0.1162,0.011701
1049.4137423038483,0.1174,0.011936
1049.5248239040375,0.1192,0.011944
1049.6341879367828,0.12007,0.012239
1049.7440176010132,0.12133,0.012367
1049.842801809311,0.12387,0.012342
1049.9525909423828,0.12533,0.01252
1050.0624494552612,0.125,0.012566
1050.1754806041718,0.1276,0.012619
1050.2785885334015,0.12873,0.012639
1050.3794219493866,0.13053,0.012594
1050.479296207428,0.13153,0.012584
1050.579640865326,0.13287,0.012376
1050.6923241615295,0.13413,0.0124
1050.7918407917023,0.13527,0.012166
1050.8900713920593,0.1366,0.012246
1050.9910864830017,0.1378,0.012088
1051.0898351669312,0.13793,0.012185
1051.1917045116425,0.14033,0.011988
1051.2885806560516,0.1416,0.011935
1051.3942625522614,0.14253,0.011757
1051.4918513298035,0.14393,0.011713
1051.5988833904266,0.145,0.011742
1051.7033824920654,0.1468,0.011557
1051.8108448982239,0.148,0.011483
1051.9107174873352,0.14887,0.011277
1052.0207197666168,0.14993,0.011298
1052.1209399700165,0.15133,0.011408
1052.2242803573608,0.1522,0.011187
1052.3284840583801,0.15353,0.011111
1052.4443848133087,0.15493,0.011084
1052.5494651794434,0.15567,0.011103
1052.6585805416107,0.15687,0.011102
1052.770812034607,0.15813,0.011078
1052.889084815979,0.15947,0.011018
1052.9905726909637,0.1618,0.011035
1053.0985689163208,0.16313,0.010902
1053.2101819515228,0.16553,0.010923
1053.3196845054626,0.1664,0.010932
1053.430365562439,0.16627,0.010914
1053.540111064911,0.168,0.011027
1053.6380994319916,0.16913,0.010896
1053.7442953586578,0.17033,0.011067
1053.8489112854004,0.17147,0.011158
1053.9512193202972,0.1724,0.01101
1054.0532710552216,0.174,0.010988
1054.162662267685,0.17487,0.010995
1054.2729439735413,0.17607,0.011315
1054.3841099739075,0.1778,0.011422
1054.492331981659,0.17993,0.011377
1054.6014308929443,0.17927,0.011406
1054.7133510112762,0.18047,0.011355
1054.8132719993591,0.1816,0.011327
1054.9122424125671,0.1824,0.011384
1055.0199387073517,0.18467,0.011343
1055.1325285434723,0.1868,0.011496
1055.2335786819458,0.18787,0.011401
1055.3364493846893,0.18873,0.011411
1055.443965435028,0.18967,0.011454
1055.553210258484,0.1906,0.011385
1055.6549940109253,0.1918,0.011404
1055.7649683952332,0.1932,0.011306
1055.8734903335571,0.1942,0.011403
1055.9737741947174,0.1958,0.011303
1056.0834279060364,0.19667,0.011288
1056.1886806488037,0.19773,0.011272
1056.2960052490234,0.19873,0.011147
1056.4021043777466,0.19987,0.011174
1056.5043823719025,0.20053,0.011216
1056.6052513122559,0.20267,0.011152
1056.7164795398712,0.2032,0.011017
1056.8224098682404,0.2044,0.010982
1056.9231827259064,0.20573,0.010943
1057.0261588096619,0.20747,0.010927
1057.1357572078705,0.20747,0.010771
1057.2452068328857,0.209,0.010772
1057.3568558692932,0.2108,0.01073
1057.467877626419,0.21233,0.010749
1057.5759994983673,0.21333,0.01073
1057.684377193451,0.2148,0.010723
1057.7948167324066,0.2158,0.010681
1057.9039459228516,0.2166,0.010617
1058.0147018432617,0.2182,0.010715
1058.128901720047,0.2188,0.010701
1058.2374603748322,0.22087,0.010678
1058.3431403636932,0.22073,0.010686
1058.4579441547394,0.22147,0.010657
1058.5634219646454,0.22387,0.010679
1058.6759600639343,0.22513,0.010664
1058.7855153083801,0.22633,0.010683
1058.8943645954132,0.2272,0.010675
1059.0048055648804,0.22867,0.010646
1059.1024997234344,0.23,0.010642
1059.2039518356323,0.23093,0.010683
1059.3169705867767,0.23147,0.010675
1059.4147610664368,0.2334,0.01068
1059.524213552475,0.23393,0.010666
1059.6352589130402,0.23547,0.010638
1059.738210439682,0.23607,0.010702
1059.84863615036,0.2374,0.010669
1059.9560449123383,0.23833,0.010711
1060.0558893680573,0.2394,0.010649
1060.1565136909485,0.24033,0.010761
1060.2652649879456,0.24267,0.010709
1060.3773143291473,0.2428,0.010743
1060.4864211082458,0.24487,0.010729
1060.5956099033356,0.24513,0.010751
1060.7068314552307,0.24727,0.010713
1060.814465522766,0.24753,0.010786
1060.9204947948456,0.2498,0.010763
1061.0184354782104,0.25127,0.010769
1061.1162099838257,0.25193,0.010771
1061.2308943271637,0.253,0.010749
1061.3370263576508,0.25367,0.010735
1061.4392399787903,0.2548,0.010758
1061.537605047226,0.25633,0.010832
1061.6386659145355,0.25727,0.010745
1061.7415158748627,0.25813,0.010822
1061.8403124809265,0.25933,0.010838
1061.9404063224792,0.26047,0.010813
1062.0367996692657,0.26193,0.010836
1062.1433844566345,0.26287,0.010823
1062.2391929626465,0.26367,0.010812
1062.3408768177032,0.26467,0.010841
1062.4516603946686,0.26553,0.010806
1062.5635538101196,0.2668,0.010892
1062.6717290878296,0.26773,0.010886
1062.781075000763,0.2692,0.010863
1062.891743183136,0.27047,0.01089
1062.9942035675049,0.27107,0.010861
1063.0995354652405,0.27333,0.010786
1063.2127726078033,0.27373,0.010905
1063.3224484920502,0.2754,0.010851
1063.4327132701874,0.2758,0.010924
1063.5417556762695,0.27787,0.010838
1063.648854970932,0.27887,0.010763
1063.7524259090424,0.28013,0.010789
1063.8514490127563,0.2818,0.010759
1063.9623169898987,0.28287,0.010819
1064.072273015976,0.28393,0.010716
1064.1800305843353,0.2842,0.010765
1064.281289100647,0.28533,0.010726
1064.3925166130066,0.28673,0.010814
1064.5027351379395,0.28727,0.010803
1064.6097121238708,0.289,0.010795
1064.7278807163239,0.29093,0.010872
1064.833515882492,0.2904,0.010878
1064.9437382221222,0.29267,0.011022
1065.0534498691559,0.2938,0.010935
1065.1634769439697,0.2948,0.010983
1065.2713038921356,0.29633,0.01107
1065.3834717273712,0.29727,0.011089
1065.4915840625763,0.29847,0.011062
1065.598467350006,0.29953,0.011271
1065.7129294872284,0.3008,0.011289
1065.81920337677,0.004,0.010779
1065.9308321475983,0.0064667,0.010819
1066.0401992797852,0.0097333,0.010775
1066.1509268283844,0.016467,0.010774
1066.2582066059113,0.016533,0.01082
1066.371529340744,0.0232,0.010758
1066.4820837974548,0.0264,0.010839
1066.5920865535736,0.029533,0.010833
1066.7013177871704,0.032467,0.010993
1066.812519311905,0.035733,0.010932
1066.9250011444092,0.038533,0.010911
1067.0329654216766,0.041667,0.011012
1067.1442430019379,0.0448,0.011035
1067.2535164356232,0.048333,0.010952
1067.3602130413055,0.051133,0.01107
1067.4701368808746,0.0568,0.010993
1067.5812757015228,0.060267,0.011007
1067.689826965332,0.062933,0.0111
1067.7980301380157,0.063467,0.011088
1067.9096138477325,0.069333,0.01101
1068.020923614502,0.072133,0.011044
1068.1333401203156,0.074933,0.011009
1068.2423350811005,0.078067,0.010973
1068.3535327911377,0.080867,0.010929
1068.4624762535095,0.083667,0.010782
1068.5699696540833,0.085867,0.010876
1068.6846747398376,0.0902,0.010836
1068.7814309597015,0.0914,0.01077
1068.8860049247742,0.094667,0.01079
1068.9937036037445,0.0948,0.010795
1069.1061425209045,0.096867,0.010753
1069.213177204132,0.098133,0.0108
1069.3143301010132,0.099733,0.010713
1069.42751121521,0.10127,0.010819
1069.5364315509796,0.10247,0.010727
1069.6349303722382,0.10367,0.010775
1069.7342739105225,0.105,0.010805
1069.8429181575775,0.10633,0.010913
1069.951194524765,0.10773,0.011087
1070.0642964839935,0.10913,0.011032
1070.1608114242554,0.1102,0.011337
1070.273594379425,0.1118,0.011221
1070.3858561515808,0.1128,0.011517
1070.4912927150726,0.1142,0.0115
1070.60178399086,0.11553,0.01193
1070.7055804729462,0.11733,0.012073
1070.812566280365,0.11813,0.012208
1070.922503709793,0.11993,0.0123
1071.0309917926788,0.12207,0.012512
1071.143152475357,0.12367,0.012628
1071.2423326969147,0.1236,0.012647
1071.349182844162,0.12647,0.012618
1071.4555208683014,0.12773,0.012584
1071.5529298782349,0.129,0.012596
1071.653906583786,0.13007,0.012464
1071.7576534748077,0.13167,0.01263
1071.863480091095,0.1322,0.012452
1071.9553670883179,0.1332,0.012329
1072.064885377884,0.1352,0.012184
1072.1683208942413,0.1364,0.012126
1072.2692840099335,0.13787,0.012019
1072.3667731285095,0.1392,0.011876
1072.4673655033112,0.1404,0.011918
1072.567890405655,0.14187,0.01182
1072.6677594184875,0.14293,0.011748
1072.770809173584,0.14413,0.011669
1072.8724582195282,0.1452,0.011501
1072.9740970134735,0.14633,0.011522
1073.0700390338898,0.1476,0.011419
1073.179973602295,0.149,0.011344
1073.2899596691132,0.15,0.011246
1073.3952631950378,0.1512,0.011202
1073.5037014484406,0.15233,0.011187
1073.613230228424,0.1538,0.011134
1073.7242803573608,0.155,0.011051
1073.8290734291077,0.15607,0.011039
1073.943442106247,0.15813,0.010988
1074.052390575409,0.15827,0.010974
1074.1630573272705,0.15973,0.010981
1074.271600484848,0.16207,0.010811
1074.3885271549225,0.16307,0.010953
1074.4927079677582,0.16453,0.010787
1074.6038727760315,0.16573,0.010924
1074.7151482105255,0.16687,0.010979
1074.8228917121887,0.1676,0.010883
1074.9336595535278,0.16907,0.01104
1075.0414733886719,0.17013,0.010901
1075.1447727680206,0.17127,0.010928
1075.2423419952393,0.17267,0.010916
1075.3536128997803,0.17347,0.010978
1075.4624092578888,0.17453,0.010959
1075.5624132156372,0.17613,0.011149
1075.6740770339966,0.17767,0.011365
1075.788001537323,0.17853,0.011254
1075.891909122467,0.18073,0.011186
1076.0012257099152,0.18113,0.011154
1076.102946281433,0.1824,0.01124
1076.2160921096802,0.1846,0.011339
1076.323009967804,0.1856,0.011291
1076.432650089264,0.18667,0.011298
1076.5331468582153,0.18707,0.011254
1076.636879682541,0.18887,0.011193
1076.744339466095,0.18967,0.011378
1076.8553042411804,0.191,0.011216
1076.963106393814,0.19193,0.011242
1077.0719616413116,0.19293,0.011081
1077.1843800544739,0.19453,0.011195
1077.2968747615814,0.19667,0.011273
1077.3945338726044,0.19707,0.011207
1077.50674700737,0.19733,0.01121
1077.6155586242676,0.19993,0.011129
1077.7230768203735,0.2016,0.011005
1077.8400027751923,0.20227,0.011025
1077.9328346252441,0.20353,0.011054
1078.0434947013855,0.20493,0.010862
1078.1543402671814,0.20613,0.010878
1078.263912677765,0.20653,0.01076
1078.3738322257996,0.20853,0.010675
1078.4837141036987,0.20967,0.010813
1078.594408750534,0.2106,0.010709
1078.6941232681274,0.21153,0.010749
1078.7942769527435,0.21293,0.010703
1078.8950836658478,0.2138,0.010662
1079.0046944618225,0.21507,0.010738
1079.1166598796844,0.21633,0.010681
1079.2209641933441,0.21847,0.010638
1079.3329734802246,0.21833,0.010673
1079.4414446353912,0.22007,0.010617
1079.5542969703674,0.22093,0.010637
1079.6684494018555,0.2228,0.010754
1079.7808194160461,0.2238,0.010623
1079.8822627067566,0.22447,0.010688
1079.9932153224945,0.226,0.010737
1080.1052663326263,0.22713,0.01064
1080.2085552215576,0.22807,0.010719
1080.315557718277,0.22873,0.010667
1080.4225761890411,0.23027,0.010618
1080.5328252315521,0.23107,0.010667
1080.645486831665,0.2332,0.010589
1080.746016740799,0.23447,0.010684
1080.853623867035,0.23573,0.01069
1080.9606931209564,0.23673,0.010683
1081.0748167037964,0.2378,0.010754
1081.1860280036926,0.23893,0.01067
1081.2837862968445,0.24007,0.010665
1081.3932106494904,0.24073,0.010614
1081.5061299800873,0.24233,0.010646
1081.6128532886505,0.243,0.010683
1081.7253923416138,0.24467,0.01067
1081.8369030952454,0.24553,0.010767
1081.9435541629791,0.2478,0.01073
1082.057359457016,0.248,0.010746
1082.1654438972473,0.24947,0.010817
1082.274341583252,0.25113,0.010798
1082.377527475357,0.2522,0.010825
1082.4754736423492,0.25333,0.010804
1082.5778992176056,0.2542,0.010904
1082.6872687339783,0.2558,0.010859
1082.7981886863708,0.25607,0.010862
1082.8953318595886,0.2578,0.010851
1082.994913816452,0.25833,0.010867
1083.0959963798523,0.2596,0.010893
1083.1969847679138,0.26087,0.010895
1083.2991695404053,0.2618,0.010918
1083.4020593166351,0.26273,0.010945
1083.4985091686249,0.26367,0.011005
1083.5994458198547,0.2642,0.011037
1083.7095923423767,0.26613,0.01102
1083.8063688278198,0.2676,0.010987
1083.9052531719208,0.26773,0.010977
1084.0198781490326,0.2694,0.01096
1084.1272699832916,0.27087,0.010924
1084.2310769557953,0.2716,0.010983
1084.3408143520355,0.27253,0.010972
1084.4508051872253,0.27367,0.010988
1084.5606961250305,0.27413,0.010872
1084.6693069934845,0.2756,0.010878
1084.7814054489136,0.2778,0.01091
1084.8918380737305,0.279,0.010907
1084.997627735138,0.27987,0.010894
1085.1099915504456,0.28153,0.010869
1085.2213745117188,0.28247,0.010822
1085.3300938606262,0.28293,0.010853
1085.4265542030334,0.28493,0.010813
1085.538865327835,0.28573,0.010862
1085.652869462967,0.28653,0.010805
1085.751004934311,0.28727,0.010886
1085.8588197231293,0.28827,0.010814
1085.9743502140045,0.2892,0.010965
1086.0707502365112,0.29073,0.010971
1086.179613351822,0.29213,0.010989
1086.28879570961,0.29313,0.010909
1086.3995687961578,0.29527,0.011012
1086.496526002884,0.29473,0.011125
1086.5999774932861,0.29593,0.01122
1086.7000212669373,0.29693,0.011278
1086.8162529468536,0.29907,0.01132
1086.9087617397308,0.29927,0.011371
1087.0212571620941,0.0073333,0.011193
1087.131278038025,0.003,0.011267
1087.2418448925018,0.0102,0.010853
1087.3470358848572,0.0122,0.010903
1087.4602041244507,0.016133,0.010953
1087.573994398117,0.019133,0.010954
1087.6816112995148,0.022533,0.011085
1087.7910861968994,0.025533,0.010951
1087.901266336441,0.028733,0.011073
1088.013331413269,0.0314,0.011136
1088.1193132400513,0.035067,0.011157
1088.2323732376099,0.041333,0.011327
1088.3397583961487,0.044467,0.011125
1088.447009086609,0.0474,0.011178
1088.5606360435486,0.051067,0.011355
1088.6676678657532,0.0534,0.01133
1088.7705538272858,0.057,0.011343
1088.8699862957,0.060067,0.011204
1088.9837629795074,0.063067,0.011285
1089.0924246311188,0.0664,0.011101
1089.2027099132538,0.069133,0.011331
1089.3044247627258,0.071533,0.011166
1089.4110326766968,0.074733,0.011066
1089.5227000713348,0.0778,0.011054
1089.6296384334564,0.081,0.011071
1089.7410974502563,0.086267,0.011056
1089.854424238205,0.089133,0.010934
1089.964676141739,0.0892,0.010929
1090.0642471313477,0.091333,0.01094
1090.1766574382782,0.094267,0.010948
1090.2802710533142,0.096,0.0109
1090.3825569152832,0.096533,0.01088
1090.4912700653076,0.0982,0.010826
1090.6046543121338,0.099733,0.010804
1090.7032706737518,0.1006,0.010716
1090.805688381195,0.10247,0.010813
1090.9158935546875,0.1042,0.010831
1091.0213963985443,0.10533,0.010937
1091.132729768753,0.10653,0.010878
1091.2434754371643,0.10793,0.011137
1091.351059436798,0.11047,0.01137
1091.4642143249512,0.11,0.011712
1091.563261270523,0.1122,0.011787
1091.6618733406067,0.11347,0.011575
1091.7709512710571,0.1152,0.011922
1091.8746001720428,0.11587,0.011952
1091.9841330051422,0.11893,0.012188
1092.0974290370941,0.11967,0.012512
1092.2046468257904,0.1208,0.012537
1092.314742565155,0.12207,0.012606
1092.4228971004486,0.12373,0.012669
1092.5349175930023,0.12467,0.012667
1092.6446866989136,0.12567,0.012659
1092.754544019699,0.12773,0.012556
1092.8664269447327,0.12833,0.012435
1092.9740579128265,0.1306,0.012524
1093.0732674598694,0.13127,0.012574
1093.1739256381989,0.1336,0.012407
1093.2756547927856,0.13373,0.012208
1093.3848865032196,0.13493,0.012416
1093.4812319278717,0.13613,0.012226
1093.586802482605,0.13727,0.011982
1093.6889865398407,0.1402,0.012128
1093.79035115242,0.1408,0.011963
1093.891440629959,0.14173,0.011785
1093.9869992733002,0.14307,0.01182
1094.0887522697449,0.1438,0.011657
1094.1924545764923,0.14487,0.011631
1094.2902839183807,0.14627,0.011599
1094.3988361358643,0.14727,0.011309
1094.5007808208466,0.14833,0.011414
1094.6080963611603,0.14967,0.011183
1094.7191536426544,0.15247,0.011106
1094.8292162418365,0.15333,0.011121
1094.9377551078796,0.15473,0.011052
1095.047605752945,0.15547,0.011081
1095.1579287052155,0.157,0.011001
1095.270892381668,0.15873,0.01089
1095.377209186554,0.15947,0.010939
1095.487455368042,0.1608,0.010895
1095.5967392921448,0.16213,0.010814
1095.6983771324158,0.16287,0.010851
1095.810783147812,0.16413,0.010821
1095.9190702438354,0.16493,0.010859
1096.0312690734863,0.1666,0.010856
1096.1396770477295,0.16893,0.010888
1096.24546957016,0.16887,0.010876
1096.3617827892303,0.1714,0.01084
1096.4693167209625,0.1726,0.010943
1096.567062139511,0.17447,0.010874
1096.6693024635315,0.1746,0.011059
1096.7796320915222,0.1758,0.011033
1096.8922157287598,0.17653,0.011007
1096.9989891052246,0.17807,0.01115
1097.111086845398,0.17973,0.011006
1097.2244656085968,0.18,0.011134
1097.331047296524,0.1818,0.011199
1097.4391567707062,0.18307,0.011139
1097.549639225006,0.1836,0.011119
1097.6626470088959,0.18653,0.011126
1097.758383512497,0.18747,0.011073
1097.8708918094635,0.18767,0.011077
1097.9811758995056,0.18993,0.011062
1098.0918416976929,0.19127,0.011085
1098.1957681179047,0.1916,0.011055
1098.3121373653412,0.19287,0.011024
1098.4214115142822,0.19373,0.011117
1098.5295901298523,0.19507,0.010959
1098.6398136615753,0.1964,0.011053
1098.7491014003754,0.19773,0.010947
1098.8483698368073,0.19927,0.010967
1098.959848165512,0.20133,0.010945
1099.060420513153,0.20053,0.010869
1099.1713345050812,0.20213,0.010826
1099.2729225158691,0.2032,0.010817
1099.378868341446,0.20533,0.010751
1099.4922842979431,0.20633,0.010732
1099.599404335022,0.2076,0.010715
1099.7091238498688,0.208,0.010716
1099.8203122615814,0.2096,0.010704
1099.9287230968475,0.211,0.010715
1100.0416996479034,0.2118,0.010677
1100.1507289409637,0.21273,0.010652
1100.256757259369,0.21493,0.010654
1100.3698768615723,0.2162,0.010648
1100.4703705310822,0.2166,0.010684
1100.5811660289764,0.2178,0.01068
1100.6939718723297,0.21973,0.010667
1100.797292470932,0.22093,0.010702
1100.9132030010223,0.222,0.010671
1101.019017457962,0.22353,0.010683
1101.1294269561768,0.22387,0.01063
1101.238322019577,0.22573,0.010676
1101.346072435379,0.2266,0.010674
1101.4618668556213,0.22747,0.010714
1101.55877161026,0.22887,0.01065
1101.6643447875977,0.22967,0.010647
1101.7705898284912,0.2304,0.010651
1101.8798925876617,0.23207,0.010665
1101.9943566322327,0.23293,0.010634
1102.099291086197,0.23547,0.010647
1102.2106845378876,0.23653,0.01066
1102.3232941627502,0.23713,0.010665
1102.4277024269104,0.23853,0.010682
1102.539392709732,0.23947,0.010704
1102.648129940033,0.24113,0.010707
1102.7590420246124,0.24213,0.010767
1102.8615329265594,0.2432,0.010738
1102.974595785141,0.2438,0.010743
1103.08202958107,0.24587,0.010778
1103.192058801651,0.24713,0.010806
1103.3003804683685,0.24793,0.010851
1103.4148843288422,0.24867,0.010881
1103.521127462387,0.24973,0.010827
1103.6303470134735,0.25193,0.010885
1103.7363774776459,0.25307,0.010975
1103.843961238861,0.25413,0.010962
1103.9419276714325,0.2552,0.011034
1104.0396950244904,0.25627,0.011061
1104.1502001285553,0.2568,0.011022
1104.266137599945,0.2586,0.011081
1104.3645272254944,0.25933,0.011056
1104.4607264995575,0.2608,0.01107
1104.561707019806,0.26153,0.011095
1104.6603801250458,0.26307,0.011123
1104.7631521224976,0.2638,0.011153
1104.8621318340302,0.2654,0.011083
1104.9639472961426,0.266,0.011142
1105.0652115345001,0.2676,0.011088
1105.1667821407318,0.26747,0.011048
1105.2680072784424,0.2694,0.011078
1105.371949672699,0.2706,0.011058
1105.488124847412,0.2716,0.01105
1105.5944883823395,0.27273,0.011053
1105.6967236995697,0.27333,0.011025
1105.7945251464844,0.2752,0.010947
1105.9071276187897,0.2754,0.011001
1106.0141661167145,0.2764,0.011017
1106.1265180110931,0.27807,0.010905
1106.2376158237457,0.27993,0.010862
1106.3430421352386,0.28033,0.010934
1106.4544124603271,0.28207,0.010939
1106.5551369190216,0.28193,0.010916
1106.6589541435242,0.28307,0.01091
1106.7663805484772,0.28387,0.01089
1106.8770883083344,0.28613,0.010839
1106.9844272136688,0.28767,0.010866
1107.0873353481293,0.28893,0.010894
1107.1869707107544,0.28953,0.010973
1107.2997615337372,0.2908,0.011007
1107.4092655181885,0.29213,0.011026
1107.520759344101,0.2936,0.011028
1107.6316945552826,0.2936,0.011091
1107.7382159233093,0.2952,0.011196
1107.846680879593,0.29747,0.011191
1107.9587256908417,0.29753,0.011252
1108.0693035125732,0.29787,0.011248
1108.1789939403534,0.3002,0.011379
1108.2852730751038,0.0097333,0.01068
1108.4004657268524,0.0062667,0.011179
1108.5093700885773,0.0094667,0.011026
1108.6152029037476,0.012133,0.011115
1108.7333328723907,0.0158,0.011161
1108.8259975910187,0.0194,0.011238
1108.9377555847168,0.022667,0.011252
1109.0483663082123,0.025533,0.011352
1109.1616237163544,0.0294,0.01138
1109.2623763084412,0.031667,0.011362
1109.358868598938,0.0354,0.01147
1109.4705159664154,0.038133,0.011479
1109.570421218872,0.0412,0.011521
1109.6810071468353,0.044533,0.011485
1109.7879242897034,0.047667,0.011599
1109.8988099098206,0.050667,0.01161
1110.0090730190277,0.056667,0.011585
1110.1110956668854,0.057,0.011402
1110.2175343036652,0.059667,0.011302
1110.3278353214264,0.065667,0.011533
1110.4276614189148,0.068333,0.011269
1110.5433163642883,0.071267,0.011319
1110.647024154663,0.0748,0.011359
1110.759182691574,0.0772,0.011357
1110.8704497814178,0.0802,0.011197
1110.9789140224457,0.083133,0.011144
1111.0798933506012,0.0866,0.011239
1111.1920506954193,0.0888,0.010997
1111.289733171463,0.091267,0.011038
1111.3875637054443,0.092933,0.010981
1111.4887585639954,0.093667,0.010975
1111.5890619754791,0.095,0.011067
1111.690884590149,0.0966,0.010972
1111.800132036209,0.099267,0.010805
1111.9026515483856,0.099267,0.010826
1112.0120778083801,0.1014,0.01084
1112.1195287704468,0.10353,0.010887
1112.2205648422241,0.1052,0.010955
1112.327846288681,0.10507,0.011036
1112.4417517185211,0.10807,0.010951
1112.5386593341827,0.10787,0.011005
1112.6525554656982,0.11053,0.011415
1112.7604892253876,0.11173,0.011334
1112.8711285591125,0.11273,0.011587
1112.9807727336884,0.1146,0.011709
1113.090128660202,0.11587,0.011992
1113.1991529464722,0.11667,0.012361
1113.3109340667725,0.11807,0.012595
1113.4221820831299,0.11947,0.012386
1113.5350878238678,0.12047,0.012509
1113.6307117938995,0.12287,0.01248
1113.7405724525452,0.1236,0.012598
1113.8520352840424,0.12587,0.0126
1113.9612720012665,0.12593,0.012502
1114.070036649704,0.1286,0.012508
1114.1802966594696,0.1296,0.012447
1114.2918808460236,0.1308,0.012327
1114.4014313220978,0.13213,0.012499
1114.5029587745667,0.1336,0.012317
1114.6088652610779,0.13453,0.012332
1114.7203297615051,0.13593,0.01213
1114.8332362174988,0.13787,0.012131
1114.9382071495056,0.13853,0.011962
1115.0413010120392,0.13987,0.011772
1115.1415803432465,0.14147,0.011714
1115.2394335269928,0.1424,0.011555
1115.3451035022736,0.143,0.011568
1115.4424088001251,0.1442,0.011355
1115.5407123565674,0.14567,0.01158
1115.6420772075653,0.1474,0.011397
1115.7445085048676,0.14833,0.011267
1115.8495700359344,0.1496,0.011177
1115.9489121437073,0.1504,0.011156
1116.0602345466614,0.1518,0.011186
1116.174809217453,0.15347,0.011009
1116.273598909378,0.15493,0.010931
1116.3889801502228,0.1566,0.010947
1116.4888017177582,0.15753,0.010888
1116.586413860321,0.1578,0.01088
1116.6987681388855,0.16,0.010863
1116.7995953559875,0.16093,0.010849
1116.908124446869,0.1626,0.010928
1117.0213799476624,0.164,0.010855
1117.129866361618,0.16507,0.010789
1117.2384974956512,0.16593,0.010754
1117.3534076213837,0.16753,0.010857
1117.4589231014252,0.1686,0.010819
1117.568145275116,0.16967,0.010796
1117.6796503067017,0.17087,0.010741
1117.791457414627,0.17233,0.0108
1117.8987939357758,0.17487,0.010841
1118.0100753307343,0.1762,0.010863
1118.1223096847534,0.177,0.010874
1118.2261872291565,0.17793,0.011032
1118.3276216983795,0.1786,0.011029
1118.4395868778229,0.18053,0.010986
1118.5497314929962,0.18173,0.01108
1118.6603400707245,0.18207,0.010814
1118.767502784729,0.18367,0.011074
1118.8710277080536,0.18573,0.010907
1118.9800817966461,0.1862,0.011004
1119.0931072235107,0.18747,0.010917
1119.2028687000275,0.18813,0.010879
1119.3114376068115,0.19013,0.01092
1119.4214367866516,0.1912,0.010958
1119.5298826694489,0.19147,0.01098
1119.6296474933624,0.19393,0.010919
1119.7379415035248,0.1956,0.010878
1119.8467161655426,0.19707,0.010887
1119.9606738090515,0.19727,0.010769
1120.070811510086,0.19847,0.010727
1120.1710007190704,0.19993,0.01083
1120.280489206314,0.20147,0.010714
1120.3887023925781,0.20193,0.010764
1120.499610900879,0.203,0.010726
1120.6101653575897,0.2044,0.010765
1120.7091219425201,0.20533,0.010729
1120.8240494728088,0.20687,0.010747
1120.9276554584503,0.20813,0.010671
1121.0373377799988,0.21073,0.010689
1121.1490721702576,0.21053,0.010749
1121.2589118480682,0.2124,0.010625
1121.3691430091858,0.21393,0.010694
1121.4820866584778,0.21487,0.010671
1121.579997062683,0.2162,0.010668
1121.6811718940735,0.21713,0.010672
1121.791790008545,0.21793,0.010614
1121.886864900589,0.21893,0.010692
1122.001631975174,0.2204,0.010744
1122.1119377613068,0.2212,0.010599
1122.2190914154053,0.22187,0.010578
1122.3322584629059,0.22387,0.010667
1122.4423806667328,0.2258,0.010654
1122.5492641925812,0.22593,0.010623
1122.6519117355347,0.228,0.010645
1122.7606801986694,0.2278,0.010609
1122.8694396018982,0.22967,0.010671
1122.9766476154327,0.23027,0.010706
1123.0807881355286,0.23073,0.010666
1123.1885595321655,0.2332,0.010666
1123.3024203777313,0.2342,0.01077
1123.4105002880096,0.2362,0.010697
1123.5200991630554,0.23673,0.010665
1123.6298351287842,0.2376,0.010785
1123.7392959594727,0.2384,0.01068
1123.8512670993805,0.24,0.01073
1123.9599344730377,0.24073,0.010748
1124.0699055194855,0.24267,0.01074
1124.1845271587372,0.24353,0.010773
1124.2798709869385,0.24413,0.010809
1124.382112979889,0.2466,0.010926
1124.4894495010376,0.24747,0.010901
1124.6014428138733,0.24867,0.010904
1124.714252948761,0.25007,0.011025
1124.8223750591278,0.2508,0.011025
1124.9287769794464,0.25267,0.011035
1125.0401682853699,0.25207,0.011076
1125.1506583690643,0.25433,0.01111
1125.262841463089,0.25513,0.011063
1125.3694224357605,0.2574,0.011144
1125.4802958965302,0.25747,0.01111
1125.5768945217133,0.25873,0.011182
1125.6880071163177,0.2606,0.011241
1125.7885994911194,0.2606,0.011221
1125.8896188735962,0.26173,0.011195
1125.9951333999634,0.26393,0.011226
1126.0905313491821,0.26327,0.011246
1126.1882236003876,0.26547,0.011242
1126.292734861374,0.2658,0.011155
1126.390126466751,0.267,0.011253
1126.4927906990051,0.26787,0.01109
1126.6001117229462,0.27033,0.011092
1126.702874660492,0.27033,0.011137
1126.8101603984833,0.2712,0.011083
1126.9227576255798,0.2732,0.011133
1127.0308339595795,0.275,0.011145
1127.1400210857391,0.2758,0.011038
1127.2484936714172,0.2768,0.011031
1127.351205587387,0.278,0.011032
1127.4586608409882,0.27913,0.010953
1127.5701615810394,0.2802,0.010977
1127.6818661689758,0.28107,0.010883
1127.7917473316193,0.2824,0.010905
1127.8985381126404,0.283,0.010901
1128.0090198516846,0.28347,0.010826
1128.1216895580292,0.28633,0.010874
1128.229249238968,0.28753,0.010988
1128.3409893512726,0.28873,0.010858
1128.4535381793976,0.28927,0.01089
1128.550582408905,0.28967,0.011048
1128.6599893569946,0.29167,0.01101
1128.7624917030334,0.29253,0.011175
1128.8609986305237,0.2938,0.011042
1128.9625391960144,0.29493,0.011165
1129.0714180469513,0.29633,0.011215
1129.1811232566833,0.29727,0.01111
1129.292646408081,0.29767,0.011331
1129.402052640915,0.29947,0.011338
1129.5113859176636,0.3,0.011242
1129.6129069328308,0.0031333,0.010988
1129.7104256153107,0.0056667,0.011843
1129.8228080272675,0.0089333,0.011356
1129.932184457779,0.015533,0.011398
1130.0425746440887,0.015733,0.011457
1130.1519763469696,0.022267,0.011467
1130.2622466087341,0.025067,0.01162
1130.3716208934784,0.0286,0.011541
1130.4832036495209,0.031267,0.011704
1130.5940072536469,0.034133,0.011805
1130.703887462616,0.038133,0.011698
1130.8121395111084,0.041267,0.011804
1130.9262762069702,0.044533,0.011802
1131.032530784607,0.047267,0.011686
1131.1411793231964,0.052867,0.011835
1131.2522730827332,0.0536,0.011932
1131.354070186615,0.055933,0.011588
1131.462132692337,0.0624,0.011616
1131.5741868019104,0.0656,0.011687
1131.6758239269257,0.068533,0.011729
1131.773378610611,0.068333,0.011734
1131.8832817077637,0.074133,0.011542
1131.9895136356354,0.0776,0.011665
1132.10125374794,0.080333,0.011266
1132.2038905620575,0.0832,0.011329
1132.3143672943115,0.086533,0.011382
1132.4234976768494,0.089,0.011111
1132.532903432846,0.091133,0.011021
1132.6422264575958,0.092533,0.01101
1132.7533693313599,0.094267,0.010999
1132.8627698421478,0.095733,0.010869
1132.9754633903503,0.0966,0.010912
1133.0815353393555,0.099933,0.010853
1133.1933012008667,0.0994,0.010861
1133.3028256893158,0.102,0.010803
1133.416422367096,0.10193,0.010845
1133.5263302326202,0.10447,0.010865
1133.6337208747864,0.10647,0.011168
1133.7426707744598,0.10713,0.011193
1133.8430240154266,0.1086,0.011229
1133.9455618858337,0.1102,0.011208
1134.0574824810028,0.11167,0.011401
1134.1540358066559,0.1128,0.011839
1134.2616703510284,0.11413,0.01178
1134.375684261322,0.1158,0.012154
1134.4836254119873,0.117,0.011901
1134.5923199653625,0.11807,0.012169
1134.6927154064178,0.1198,0.012467
1134.8045411109924,0.1214,0.012184
1134.9114005565643,0.12247,0.012511
1135.0234515666962,0.12467,0.01239
1135.13534283638,0.12633,0.012201
1135.2438633441925,0.1272,0.012447
1135.3533680438995,0.1284,0.012403
1135.4690001010895,0.12967,0.012224
1135.5758333206177,0.13087,0.012249
1135.6833856105804,0.1326,0.012277
1135.7906498908997,0.13347,0.012102
1135.9031574726105,0.1346,0.012277
1136.0035412311554,0.1362,0.011946
1136.1081414222717,0.13693,0.011991
1136.2201006412506,0.1384,0.01173
1136.3289110660553,0.14067,0.011692
1136.4412577152252,0.14227,0.01154
1136.5401933193207,0.1422,0.011388
1136.6386942863464,0.14313,0.011429
1136.7409219741821,0.1456,0.011299
1136.8426690101624,0.1472,0.011462
1136.940996646881,0.1468,0.011305
1137.040896654129,0.1486,0.011233
1137.141483783722,0.1496,0.011177
1137.243680715561,0.15193,0.011165
1137.348667383194,0.1532,0.010881
1137.4593079090118,0.15467,0.010859
1137.568371295929,0.156,0.010953
1137.682008266449,0.15667,0.010807
1137.789016008377,0.1578,0.010828
1137.9006187915802,0.159,0.010893
1138.0079181194305,0.16027,0.010804
1138.1201150417328,0.16173,0.010814
1138.2203023433685,0.1626,0.010824
1138.3294508457184,0.16433,0.01083
1138.4268186092377,0.16567,0.010829
1138.5289754867554,0.16593,0.010791
1138.6396641731262,0.16747,0.010825
1138.7492558956146,0.16847,0.010741
1138.8625798225403,0.17033,0.010712
1138.9716444015503,0.1718,0.010711
1139.0793097019196,0.1732,0.010799
1139.1888279914856,0.17433,0.010721
1139.2987432479858,0.17587,0.010727
1139.4137208461761,0.17673,0.010971
1139.5211505889893,0.1778,0.010791
1139.6297771930695,0.17933,0.010864
1139.7313692569733,0.18067,0.010857
1139.8304874897003,0.1816,0.010794
1139.9432609081268,0.182,0.010942
1140.048106431961,0.1838,0.010953
1140.1606214046478,0.18527,0.010816
1140.2698781490326,0.1854,0.010908
1140.380687713623,0.18807,0.010833
1140.490210533142,0.18933,0.010839
1140.6001875400543,0.1902,0.010761
1140.7077622413635,0.19173,0.010774
1140.8212077617645,0.19287,0.01082
1140.932648897171,0.19347,0.010777
1141.0414571762085,0.1952,0.010811
1141.1511805057526,0.1966,0.010732
1141.258880853653,0.1974,0.010782
1141.3595554828644,0.19833,0.010678
1141.462866783142,0.19947,0.010827
1141.5716443061829,0.20167,0.010769
1141.6759004592896,0.20193,0.010726
1141.7716674804688,0.2036,0.010684
1141.8820006847382,0.20427,0.010755
1141.9822072982788,0.20593,0.010673
1142.0932722091675,0.20693,0.010723
1142.2033038139343,0.2086,0.010722
1142.3149325847626,0.20893,0.010645
1142.4223935604095,0.21093,0.010621
1142.5215725898743,0.2118,0.010667
1142.6346032619476,0.21267,0.010623
1142.7434244155884,0.21487,0.010642
1142.851511001587,0.21553,0.010647
1142.9638822078705,0.21687,0.01064
1143.07084274292,0.21773,0.010687
1143.181752204895,0.21847,0.010636
1143.2959916591644,0.22053,0.010618
1143.4019122123718,0.22107,0.01064
1143.5118308067322,0.22227,0.010724
1143.6215963363647,0.22413,0.010676
1143.732980966568,0.22473,0.010632
1143.8311932086945,0.2268,0.010692
1143.9323375225067,0.2276,0.010696
1144.0426442623138,0.22847,0.01071
1144.151124715805,0.23027,0.010664
1144.2608294487,0.2314,0.010592
1144.374588251114,0.23213,0.01066
1144.4809067249298,0.23353,0.010679
1144.593290090561,0.23413,0.010667
1144.7049021720886,0.23567,0.01068
1144.8139052391052,0.23673,0.010725
1144.912719488144,0.23767,0.010591
1145.0200095176697,0.23867,0.010755
1145.1324799060822,0.2404,0.010687
1145.2467031478882,0.24087,0.010762
1145.3589057922363,0.24313,0.010829
1145.4611296653748,0.2444,0.010919
1145.5745778083801,0.24533,0.010893
1145.6815185546875,0.24607,0.010868
1145.7937474250793,0.24747,0.011035
1145.9032673835754,0.2484,0.011059
1146.0171597003937,0.25,0.011097
1146.121027469635,0.25053,0.011135
1146.231816291809,0.25253,0.011214
1146.340259552002,0.25313,0.011233
1146.4512031078339,0.25413,0.011375
1146.5612392425537,0.2566,0.011221
1146.6647851467133,0.25673,0.011387
1146.7699747085571,0.25813,0.01121
1146.8772232532501,0.25993,0.011352
1146.9955713748932,0.26127,0.011386
1147.1019005775452,0.2616,0.011385
1147.2086026668549,0.26307,0.01137
1147.3104870319366,0.26373,0.011295
1147.4074802398682,0.26573,0.011318
1147.512191772461,0.26607,0.011296
1147.610582113266,0.26693,0.011222
1147.7101106643677,0.2682,0.011289
1147.8126409053802,0.26933,0.011148
1147.9151525497437,0.27013,0.011224
1148.0112385749817,0.2714,0.011187
1148.1130731105804,0.2724,0.011102
1148.2133738994598,0.27387,0.01109
1148.3123970031738,0.27487,0.011059
1148.4217994213104,0.27567,0.011046
1148.5313227176666,0.2766,0.011016
1148.6422908306122,0.27787,0.010992
1148.7499935626984,0.27867,0.010985
1148.8501501083374,0.28027,0.010942
1148.9597837924957,0.28107,0.010934
1149.0765988826752,0.28253,0.010836
1149.1806497573853,0.28327,0.010882
1149.2932214736938,0.28447,0.010921
1149.4013192653656,0.28587,0.010842
1149.513339996338,0.2866,0.010849
1149.6210668087006,0.28813,0.010903
1149.7309546470642,0.28987,0.01093
1149.840143918991,0.2908,0.011033
1149.9538025856018,0.29167,0.010993
1150.0649876594543,0.29293,0.011033
1150.1733932495117,0.294,0.011058
1150.2817358970642,0.2946,0.011095
1150.3811411857605,0.29713,0.011185
1150.4837291240692,0.297,0.011282
1150.5920515060425,0.29867,0.011293
1150.7025690078735,0.30013,0.011206
1150.812099456787,0.0064667,0.01074
1150.9229130744934,0.0059333,0.012238
1151.0300765037537,0.0092,0.011769
1151.1392374038696,0.012333,0.011726
1151.2533373832703,0.015267,0.011724
1151.3556299209595,0.018867,0.011789
1151.4619352817535,0.0222,0.011914
1151.5708014965057,0.0256,0.011974
1151.6737763881683,0.028067,0.012187
1151.7720472812653,0.0318,0.012178
1151.882398366928,0.0346,0.012181
1151.9910309314728,0.037867,0.012245
1152.1045079231262,0.041,0.012237
1152.2170915603638,0.0442,0.012265
1152.3283326625824,0.047,0.012025
1152.438003063202,0.0528,0.011898
1152.5461719036102,0.053467,0.012205
1152.653021812439,0.059133,0.012033
1152.7641186714172,0.0622,0.011939
1152.8646235466003,0.064933,0.011746
1152.9739925861359,0.068333,0.011814
1153.072185754776,0.071067,0.011834
1153.1831543445587,0.0746,0.011521
1153.295155763626,0.0766,0.011578
1153.392513513565,0.08,0.011399
1153.5084993839264,0.082733,0.011418
1153.6127154827118,0.085533,0.011357
1153.723575592041,0.088667,0.011236
1153.8351361751556,0.0924,0.011221
1153.9323115348816,0.0926,0.011152
1154.0374958515167,0.0938,0.011031
1154.1488242149353,0.0954,0.011002
1154.2563803195953,0.097667,0.010858
1154.3647661209106,0.0996,0.010892
1154.4727051258087,0.10087,0.010892
1154.588173866272,0.1026,0.010991
1154.6973435878754,0.10347,0.010909
1154.795601606369,0.10533,0.010878
1154.8943905830383,0.10647,0.011193
1155.002447605133,0.10753,0.010927
1155.1175022125244,0.1086,0.011524
1155.226231098175,0.11007,0.011387
1155.3274574279785,0.1118,0.011622
1155.433718919754,0.11333,0.011579
1155.5451209545135,0.11427,0.011828
1155.6654245853424,0.1154,0.012058
1155.7650866508484,0.11693,0.011901
1155.8739013671875,0.11907,0.012096
1155.9853830337524,0.12113,0.012119
1156.0970470905304,0.1218,0.012148
1156.2052013874054,0.12353,0.012161
1156.3165023326874,0.12467,0.012325
1156.4288046360016,0.12627,0.012061
1156.5350677967072,0.1272,0.012375
1156.6365232467651,0.12793,0.012171
1156.73677277565,0.12927,0.012295
1156.8452718257904,0.13127,0.012183
1156.9521317481995,0.13227,0.012101
1157.0686523914337,0.13393,0.011883
1157.1733272075653,0.13473,0.01196
1157.2873713970184,0.13673,0.012018
1157.3954842090607,0.1372,0.011657
1157.4940392971039,0.13953,0.011627
1157.5956778526306,0.14093,0.011551
1157.7061369419098,0.141,0.011449
1157.8179006576538,0.143,0.011351
1157.9254791736603,0.14493,0.011407
1158.0269553661346,0.14553,0.011257
1158.131253004074,0.1476,0.011369
1158.2267696857452,0.14833,0.011283
1158.328619003296,0.1494,0.011102
1158.4308547973633,0.1512,0.011164
1158.5286202430725,0.15207,0.011064
1158.6303708553314,0.153,0.010974
1158.7282836437225,0.15487,0.010874
1158.8390970230103,0.1562,0.010873
1158.940178155899,0.15733,0.010865
1159.0391066074371,0.15853,0.010894
1159.147715806961,0.1592,0.010851
1159.2613627910614,0.161,0.010852
1159.3689458370209,0.1618,0.010887
1159.4809453487396,0.16253,0.010731
1159.5935218334198,0.16393,0.010761
1159.700668334961,0.16533,0.01078
1159.8092741966248,0.1664,0.010776
1159.9080319404602,0.1678,0.010768
1160.0177414417267,0.16887,0.010708
1160.1300024986267,0.17147,0.010686
1160.2296514511108,0.17153,0.010773
1160.3395819664001,0.173,0.010766
1160.4463217258453,0.175,0.010765
1160.5604257583618,0.1756,0.010746
1160.6678867340088,0.17673,0.010739
1160.779437303543,0.17833,0.010746
1160.8926389217377,0.18,0.01082
1160.9989306926727,0.1808,0.010755
1161.1003150939941,0.18173,0.010795
1161.216278553009,0.1828,0.010774
1161.3209261894226,0.18387,0.010786
1161.432672739029,0.187,0.010804
1161.5402402877808,0.18673,0.010748
1161.641117811203,0.18733,0.010818
1161.7443466186523,0.18967,0.010788
1161.8517088890076,0.18987,0.010815
1161.964263677597,0.192,0.010685
1162.0738945007324,0.19367,0.010731
1162.183618068695,0.19427,0.010717
1162.2924010753632,0.19533,0.010715
1162.404265165329,0.19613,0.010773
1162.5112357139587,0.19813,0.010677
1162.6219527721405,0.19907,0.010751
1162.7302186489105,0.20047,0.010778
1162.8399155139923,0.20087,0.010682
1162.9494245052338,0.2024,0.010711
1163.0605063438416,0.2038,0.010697
1163.1731872558594,0.20587,0.010741
1163.2810142040253,0.20647,0.010694
1163.3910827636719,0.2078,0.010718
1163.4996905326843,0.20933,0.010738
1163.6113541126251,0.21053,0.010754
1163.721832036972,0.212,0.01069
1163.8320891857147,0.2122,0.010691
1163.9328873157501,0.21393,0.010678
1164.0307598114014,0.21447,0.010696
1164.1420702934265,0.21567,0.010699
1164.2526395320892,0.21687,0.010726
1164.36452460289,0.21973,0.01075
1164.47030711174,0.21867,0.010684
1164.579711675644,0.2214,0.010723
1164.6936798095703,0.22227,0.010683
1164.8018016815186,0.22353,0.010666
1164.9106109142303,0.225,0.010724
1165.019935131073,0.2258,0.0107
1165.131545305252,0.227,0.010698
1165.2316298484802,0.22827,0.010667
1165.3447470664978,0.2288,0.010758
1165.4514713287354,0.22973,0.010673
1165.5615932941437,0.23113,0.010634
1165.6701254844666,0.23213,0.01065
1165.777429819107,0.2328,0.010566
1165.8779110908508,0.23527,0.010685
1165.9909734725952,0.23587,0.010742
1166.1021070480347,0.23793,0.010634
1166.2137446403503,0.23767,0.010735
1166.3245174884796,0.24,0.010758
1166.432711839676,0.24093,0.010826
1166.542518377304,0.242,0.010881
1166.6456520557404,0.24293,0.011086
1166.7428495883942,0.24373,0.010918
1166.8541071414948,0.24493,0.011005
1166.9680004119873,0.2462,0.011031
1167.0702085494995,0.24767,0.011213
1167.183765888214,0.24867,0.011274
1167.2923777103424,0.2504,0.011297
1167.405080318451,0.25167,0.011305
1167.5127627849579,0.25247,0.011472
1167.6249787807465,0.2532,0.011454
1167.740442276001,0.2556,0.011428
1167.844782114029,0.2564,0.01149
1167.9514400959015,0.25793,0.01151
1168.0610432624817,0.2588,0.011464
1168.1719768047333,0.2594,0.011492
1168.2781386375427,0.26067,0.011402
1168.3791387081146,0.2622,0.0115
1168.4813826084137,0.26333,0.011454
1168.5904111862183,0.26433,0.011447
1168.69961810112,0.2656,0.011266
1168.7986993789673,0.26633,0.011219
1168.900559425354,0.267,0.011269
1168.999115228653,0.2686,0.011234
1169.1021001338959,0.2698,0.011251
1169.2022020816803,0.27053,0.011104
1169.3031640052795,0.27207,0.011108
1169.401981830597,0.27267,0.011089
1169.5029048919678,0.274,0.011053
1169.6125597953796,0.2748,0.011065
1169.7225680351257,0.27647,0.011105
1169.8202188014984,0.27693,0.010979
1169.9299776554108,0.27813,0.011019
1170.0391671657562,0.2792,0.01092
1170.1412634849548,0.28,0.010923
1170.2483508586884,0.28267,0.010896
1170.3621788024902,0.28213,0.010861
1170.4675116539001,0.28453,0.010869
1170.57799243927,0.28533,0.010945
1170.6876809597015,0.2864,0.010879
1170.7883923053741,0.28713,0.010917
1170.9003639221191,0.2886,0.010836
1171.0083680152893,0.29,0.0109
1171.1092433929443,0.29047,0.011003
1171.2086753845215,0.29173,0.010969
1171.3184015750885,0.29307,0.011096
1171.4274518489838,0.29413,0.011117
1171.5403265953064,0.29433,0.011186
1171.638482093811,0.2962,0.011102
1171.7406821250916,0.29687,0.011201
1171.850952386856,0.298,0.011117
1171.9605586528778,0.29927,0.011107
1172.0720798969269,0.30033,0.010738
1172.1813297271729,0.0066667,0.011621
1172.2905225753784,0.0085333,0.012351
1172.400334596634,0.012,0.012114
1172.5014419555664,0.015333,0.012268
1172.60928940773,0.015667,0.012406
1172.7201399803162,0.022867,0.012422
1172.8325922489166,0.025067,0.012461
1172.942816734314,0.028533,0.012433
1173.0360088348389,0.0314,0.012441
1173.1509039402008,0.0348,0.012584
1173.258774280548,0.037733,0.012494
1173.368849515915,0.041733,0.01258
1173.4780077934265,0.044067,0.01253
1173.589982509613,0.05,0.012331
1173.7007567882538,0.0504,0.012534
1173.8099133968353,0.057067,0.012121
1173.9133989810944,0.0596,0.012046
1174.011001586914,0.059467,0.011882
1174.1216192245483,0.065333,0.012101
1174.2335431575775,0.068133,0.011756
1174.3417010307312,0.071,0.011725
1174.4532942771912,0.074133,0.011691
1174.560727596283,0.076867,0.011712
1174.670208454132,0.080267,0.011511
1174.789571762085,0.0828,0.011269
1174.8915674686432,0.085867,0.011273
1174.9999859333038,0.0892,0.011293
1175.109272480011,0.093067,0.011096
1175.2139387130737,0.092533,0.011073
1175.3141655921936,0.094533,0.010988
1175.424753665924,0.0972,0.01092
1175.531860589981,0.097133,0.011019
1175.6411242485046,0.099733,0.010858
1175.7545955181122,0.10153,0.010949
1175.8669760227203,0.10193,0.010881
1175.9610512256622,0.1044,0.010928
1176.0714364051819,0.10567,0.010873
1176.1843085289001,0.10653,0.011033
1176.2948319911957,0.10773,0.010997
1176.4024589061737,0.10913,0.011212
1176.5115959644318,0.112,0.011637
1176.621872663498,0.1118,0.011189
1176.7292699813843,0.11333,0.011418
1176.843296289444,0.11513,0.011542
1176.9515640735626,0.1172,0.011645
1177.0596606731415,0.11793,0.011826
1177.1700036525726,0.1198,0.01206
1177.2799129486084,0.1212,0.011925
1177.391021490097,0.1222,0.012017
1177.491958141327,0.12367,0.011867
1177.593465089798,0.12487,0.012043
1177.7000560760498,0.1256,0.011996
1177.8107750415802,0.127,0.012105
1177.9214770793915,0.12873,0.011975
1178.0332624912262,0.13107,0.012014
1178.137745141983,0.13213,0.01188
1178.246418952942,0.13333,0.011894
1178.3537647724152,0.13493,0.011819
1178.4592852592468,0.13627,0.011683
1178.566829442978,0.13753,0.011628
1178.6696813106537,0.13893,0.011735
1178.7794148921967,0.1396,0.011546
1178.8884353637695,0.14073,0.011462
1178.9878251552582,0.14233,0.011471
1179.0880906581879,0.14293,0.01133
1179.1954746246338,0.1444,0.011377
1179.2859842777252,0.14553,0.011375
1179.3997640609741,0.14693,0.011308
1179.4997053146362,0.14847,0.011211
1179.5986711978912,0.15007,0.011132
1179.703748703003,0.1506,0.011077
1179.8049111366272,0.1522,0.011067
1179.9007360935211,0.15313,0.010865
1180.0057554244995,0.1542,0.010883
1180.1044399738312,0.15593,0.010833
1180.2083506584167,0.15707,0.010853
1180.3055257797241,0.15827,0.010874
1180.4065039157867,0.15913,0.010752
1180.5169649124146,0.16027,0.010791
1180.6154713630676,0.161,0.010736
1180.7249190807343,0.16267,0.010732
1180.8354241847992,0.16387,0.010801
1180.9460434913635,0.1656,0.010735
1181.0559883117676,0.1664,0.010762
1181.165200471878,0.16787,0.010647
1181.2794342041016,0.1686,0.010738
1181.3890011310577,0.1708,0.010717
1181.497437953949,0.17213,0.010714
1181.6079905033112,0.1732,0.010653
1181.7187054157257,0.17433,0.010821
1181.8308560848236,0.1756,0.010723
1181.9364948272705,0.17673,0.010712
1182.0478270053864,0.17793,0.010704
1182.1550431251526,0.1794,0.010763
1182.2687683105469,0.1806,0.010729
1182.3788766860962,0.1818,0.010699
1182.4864337444305,0.1828,0.010795
1182.586430311203,0.1848,0.010708
1182.6973991394043,0.1848,0.010786
1182.809520483017,0.18573,0.010792
1182.9071025848389,0.188,0.01075
1183.0090136528015,0.18987,0.010754
1183.1148257255554,0.19007,0.010766
1183.227126121521,0.19167,0.010729
1183.3386833667755,0.19313,0.010753
1183.4448220729828,0.194,0.010732
1183.557567358017,0.19507,0.010724
1183.6678614616394,0.19607,0.010694
1183.7772240638733,0.19727,0.010701
1183.8893117904663,0.1988,0.010727
1183.9981503486633,0.19947,0.010726
1184.107575416565,0.20073,0.010741
1184.2174246311188,0.20333,0.010688
1184.3271601200104,0.20307,0.01066
1184.4360296726227,0.20513,0.010771
1184.5469360351562,0.20693,0.010762
1184.6507301330566,0.20693,0.010702
1184.759497642517,0.20847,0.010776
1184.8762376308441,0.21,0.010738
1184.9747424125671,0.211,0.0107
1185.0890214443207,0.21227,0.010722
1185.1837809085846,0.21327,0.010773
1185.2871482372284,0.21453,0.010729
1185.3876028060913,0.21547,0.010832
1185.5016477108002,0.21627,0.010741
1185.6154096126556,0.21753,0.01075
1185.7193367481232,0.21853,0.010825
1185.829421043396,0.22053,0.01078
1185.9383289813995,0.22227,0.010796
1186.048799276352,0.22193,0.010704
1186.1608271598816,0.2242,0.010739
1186.2703013420105,0.2258,0.010787
1186.380086183548,0.2264,0.010763
1186.4885294437408,0.22753,0.010703
1186.5973427295685,0.2286,0.010745
1186.7069292068481,0.22987,0.01075
1186.8196470737457,0.23073,0.010727
1186.9282011985779,0.232,0.010733
1187.0347542762756,0.2328,0.010724
1187.1486201286316,0.234,0.010717
1187.256637096405,0.23633,0.010788
1187.3654532432556,0.23647,0.010854
1187.467896938324,0.23847,0.010899
1187.5685317516327,0.2398,0.010875
1187.6806063652039,0.24067,0.010871
1187.7896056175232,0.24147,0.010951
1187.8987312316895,0.24253,0.01097
1188.008570432663,0.244,0.011183
1188.0994093418121,0.24467,0.011222
1188.2092642784119,0.24613,0.011288
1188.3071658611298,0.2476,0.011329
1188.4203503131866,0.24813,0.011378
1188.5310068130493,0.24973,0.011534
1188.6382341384888,0.25067,0.011493
1188.7516615390778,0.25133,0.011546
1188.8509902954102,0.25213,0.01164
1188.9575521945953,0.25493,0.011538
1189.0682573318481,0.2548,0.011527
1189.1692605018616,0.25573,0.011561
1189.278385400772,0.2586,0.011536
1189.3840327262878,0.25933,0.011519
1189.486807346344,0.25927,0.011468
1189.5902280807495,0.2606,0.011499
1189.6941833496094,0.26233,0.011379
1189.7994995117188,0.26373,0.011311
1189.8985295295715,0.26447,0.011403
1190.0085961818695,0.26573,0.011296
1190.1130919456482,0.26687,0.011178
1190.2089960575104,0.268,0.011076
1190.316154718399,0.26907,0.011152
1190.4144015312195,0.27027,0.011012
1190.5083847045898,0.271,0.011028
1190.609625339508,0.2714,0.011023
1190.706758260727,0.2724,0.011023
1190.8101406097412,0.2742,0.011008
1190.9135119915009,0.27467,0.010919
1191.0186405181885,0.27687,0.010947
1191.1233015060425,0.2778,0.01099
1191.2297298908234,0.27853,0.010947
1191.3381555080414,0.28013,0.010844
1191.4489583969116,0.28073,0.0109
1191.5608043670654,0.2824,0.010872
1191.668306350708,0.28327,0.010904
1191.7723233699799,0.28473,0.010904
1191.869951248169,0.28533,0.010869
1191.9803247451782,0.28647,0.010871
1192.0898039340973,0.2874,0.010825
1192.1990644931793,0.28813,0.010926
1192.3108348846436,0.28967,0.010853
1192.420799255371,0.29087,0.010951
1192.521523475647,0.29307,0.010962
1192.6287426948547,0.29267,0.01105
1192.7386219501495,0.29513,0.011137
1192.8389074802399,0.29633,0.011123
1192.949833393097,0.29707,0.011077
1193.062340259552,0.298,0.01107
1193.1675686836243,0.29887,0.011082
1193.2799961566925,0.29987,0.011101
1193.381492614746,0.0032667,0.010868
1193.4790415763855,0.0052,0.012433
1193.5930168628693,0.0084,0.012671
1193.687481880188,0.011733,0.012477
1193.7997965812683,0.014867,0.012674
1193.9119312763214,0.018067,0.012703
1194.0109062194824,0.0214,0.012772
1194.1208550930023,0.024667,0.012834
1194.22913980484,0.027333,0.012762
1194.3294351100922,0.0306,0.012681
1194.4369750022888,0.033467,0.012781
1194.547290802002,0.0406,0.012779
1194.6507110595703,0.040133,0.012573
1194.762773513794,0.047133,0.0125
1194.8699398040771,0.049733,0.012613
1194.9769217967987,0.049867,0.012279
1195.0900628566742,0.055867,0.012186
1195.1907913684845,0.059333,0.011995
1195.3001194000244,0.062,0.011822
1195.4079027175903,0.064867,0.011882
1195.510588169098,0.067333,0.011912
1195.6193220615387,0.071333,0.011771
1195.7297194004059,0.074067,0.011738
1195.8372292518616,0.076733,0.01159
1195.9521307945251,0.08,0.011479
1196.0579636096954,0.085533,0.011388
1196.1608664989471,0.0882,0.011258
1196.2700545787811,0.0886,0.011363
1196.3815705776215,0.093,0.011172
1196.4951431751251,0.0938,0.011037
1196.6010203361511,0.095,0.010983
1196.7089812755585,0.0966,0.011029
1196.8184328079224,0.097933,0.011011
1196.9275023937225,0.099467,0.010931
1197.0298776626587,0.10053,0.010877
1197.1382496356964,0.10173,0.010859
1197.2446904182434,0.10327,0.010831
1197.3507528305054,0.10527,0.010987
1197.4581334590912,0.10687,0.010908
1197.5671591758728,0.10793,0.010849
1197.6685671806335,0.1094,0.011099
1197.7799453735352,0.1116,0.011007
1197.8927354812622,0.1116,0.010927
1198.0037252902985,0.11447,0.011194
1198.10822057724,0.1152,0.011507
1198.2129755020142,0.1164,0.011508
1198.3174903392792,0.1182,0.011633
1198.4276449680328,0.1194,0.011502
1198.5404765605927,0.12053,0.011599
1198.6502349376678,0.122,0.011711
1198.761791229248,0.123,0.011545
1198.857190132141,0.12467,0.011621
1198.9701251983643,0.12633,0.011851
1199.080023765564,0.12747,0.011818
1199.1935033798218,0.12847,0.011864
1199.2995111942291,0.13113,0.011749
1199.4119992256165,0.13127,0.011831
1199.5181431770325,0.13293,0.011689
1199.6303596496582,0.13367,0.011548
1199.7290847301483,0.13587,0.011584
1199.8427596092224,0.13693,0.01157
1199.952067375183,0.13907,0.011415
1200.0490183830261,0.14013,0.011483
1200.1590168476105,0.14087,0.011421
1200.2685809135437,0.14247,0.01135
1200.3692877292633,0.14367,0.011338
1200.4795343875885,0.14467,0.011315
1200.5800676345825,0.14627,0.011236
1200.690099477768,0.14707,0.011158
1200.7988798618317,0.14787,0.011136
1200.9011886119843,0.15027,0.011075
1201.0021364688873,0.1506,0.010877
1201.101241827011,0.1518,0.010849
1201.2078657150269,0.15293,0.010931
1201.3027012348175,0.15407,0.010803
1201.4025161266327,0.15547,0.010783
1201.5000565052032,0.1576,0.010815
1201.601309299469,0.15833,0.010795
1201.7088515758514,0.1594,0.010774
1201.813012123108,0.16087,0.010711
1201.9101769924164,0.16167,0.010702
1202.016937494278,0.16247,0.010674
1202.1301455497742,0.164,0.010703
1202.2377953529358,0.16527,0.010707
1202.3490993976593,0.16787,0.010703
1202.4476191997528,0.16747,0.010698
1202.5600471496582,0.17,0.010649
1202.6692616939545,0.17,0.010681
1202.7706146240234,0.17247,0.010686
1202.8809642791748,0.17393,0.01069
1202.9889793395996,0.1744,0.010751
1203.0987567901611,0.17587,0.010702
1203.2101895809174,0.1774,0.010706
1203.318306684494,0.17853,0.010686
1203.430905342102,0.17933,0.010699
1203.5390031337738,0.18027,0.010739
1203.639652967453,0.18127,0.010677
1203.7482223510742,0.18327,0.010674
1203.8607618808746,0.18427,0.010723
1203.9695343971252,0.185,0.010664
1204.0786468982697,0.18747,0.01075
1204.1905858516693,0.18873,0.010735
1204.3029098510742,0.18993,0.010749
1204.3995463848114,0.19087,0.010674
1204.5092260837555,0.19167,0.010715
1204.621120929718,0.19253,0.010702
1204.7224099636078,0.1942,0.010696
1204.8217618465424,0.19533,0.010741
1204.9342663288116,0.19613,0.01071
1205.0441708564758,0.19687,0.010771
1205.136901140213,0.19853,0.01078
1205.2515788078308,0.19933,0.010701
1205.3628551959991,0.20047,0.010733
1205.4690327644348,0.20187,0.010746
1205.577377319336,0.2034,0.01075
1205.6810991764069,0.20553,0.010759
1205.7945754528046,0.2056,0.010779
1205.9030468463898,0.208,0.010761
1206.0082125663757,0.20893,0.010771
1206.1245353221893,0.2094,0.010835
1206.2314846515656,0.2108,0.010811
1206.340045452118,0.2122,0.010855
1206.4499571323395,0.213,0.010821
1206.5611188411713,0.2138,0.010813
1206.6707289218903,0.21547,0.010863
1206.7830939292908,0.2168,0.010811
1206.8817782402039,0.21807,0.010814
1206.9819877147675,0.21893,0.010872
1207.0913252830505,0.22033,0.010879
1207.2014367580414,0.2212,0.010834
1207.3031322956085,0.2232,0.010821
1207.402713060379,0.22347,0.010839
1207.5020666122437,0.2238,0.010753
1207.6119184494019,0.22527,0.010814
1207.7223250865936,0.2276,0.010717
1207.8323049545288,0.22847,0.010771
1207.9405291080475,0.23,0.01072
1208.055180311203,0.23067,0.010721
1208.1644685268402,0.23167,0.010763
1208.271512746811,0.23307,0.010837
1208.3786075115204,0.23367,0.010794
1208.4917924404144,0.2352,0.01076
1208.602481842041,0.23607,0.010783
1208.7125477790833,0.2384,0.010866
1208.8136446475983,0.2388,0.011042
1208.913741827011,0.23993,0.010893
1209.0183131694794,0.24113,0.011101
1209.1323051452637,0.24353,0.011023
1209.241491317749,0.24433,0.01135
1209.3530209064484,0.245,0.011225
1209.4626514911652,0.24607,0.011268
1209.5741674900055,0.2472,0.011351
1209.6804943084717,0.24807,0.011475
1209.7922859191895,0.2498,0.01162
1209.9023168087006,0.2508,0.01163
1210.0137040615082,0.25133,0.01166
1210.1213488578796,0.2532,0.011615
1210.213570356369,0.25373,0.01165
1210.324465751648,0.2546,0.011668
1210.4235255718231,0.2558,0.011597
1210.5308575630188,0.2574,0.011499
1210.6459064483643,0.25913,0.011482
1210.7527348995209,0.25993,0.011321
1210.865657567978,0.26233,0.011363
1210.9705662727356,0.2626,0.011268
1211.0742774009705,0.26347,0.011268
1211.1759369373322,0.26513,0.011282
1211.2811512947083,0.26607,0.011152
1211.3947937488556,0.2672,0.011105
1211.4940736293793,0.26793,0.011032
1211.5938153266907,0.26833,0.01107
1211.6944751739502,0.27093,0.011027
1211.794643163681,0.27173,0.010968
1211.8937773704529,0.27253,0.010985
1211.9957811832428,0.2738,0.010987
1212.0972301959991,0.275,0.010899
1212.1979353427887,0.27573,0.010937
1212.2995910644531,0.277,0.010916
1212.4022386074066,0.278,0.01091
1212.4995217323303,0.279,0.010896
1212.6097059249878,0.2804,0.01094
1212.7092390060425,0.28087,0.0109
1212.8190820217133,0.2824,0.010852
1212.9262673854828,0.2836,0.010876
1213.037885427475,0.28433,0.010786
1213.1487951278687,0.28533,0.010837
1213.2516222000122,0.28653,0.010873
1213.3563442230225,0.28847,0.010851
1213.4678981304169,0.28887,0.01093
1213.5811414718628,0.2894,0.010882
1213.6912958621979,0.29133,0.010966
1213.7900786399841,0.29193,0.010916
1213.8889000415802,0.29307,0.010871
1214.0064165592194,0.29513,0.010974
1214.1089963912964,0.29613,0.010978
1214.209358215332,0.29713,0.011016
1214.3179366588593,0.298,0.01099
1214.422774553299,0.2988,0.011
1214.5190563201904,0.29867,0.011002
1214.6291768550873,0.0039333,0.010757
1214.7399835586548,0.0056,0.012254
1214.8476266860962,0.0081333,0.013019
1214.956294298172,0.011133,0.01281
1215.0693657398224,0.014933,0.012969
1215.1834108829498,0.017733,0.01293
1215.2901191711426,0.021867,0.012966
1215.3981375694275,0.0246,0.0129
1215.5127131938934,0.0288,0.012789
1215.6213235855103,0.034133,0.012973
1215.7289578914642,0.0348,0.012728
1215.8412988185883,0.040533,0.012679
1215.9511132240295,0.043867,0.012669
1216.06063580513,0.047067,0.012397
1216.1748983860016,0.050067,0.012415
1216.2797553539276,0.0524,0.012291
1216.3928289413452,0.0562,0.012215
1216.5016767978668,0.059,0.012055
1216.6008925437927,0.0618,0.011855
1216.6998090744019,0.0648,0.011884
1216.8110847473145,0.071133,0.011578
1216.922106742859,0.071267,0.011719
1217.0321459770203,0.0766,0.011371
1217.137844800949,0.077,0.011374
1217.2402229309082,0.079867,0.011275
1217.3512659072876,0.085667,0.01122
1217.4627931118011,0.087933,0.01123
1217.5705692768097,0.0912,0.011087
1217.6860654354095,0.0928,0.011153
1217.7918968200684,0.0936,0.011001
1217.8980967998505,0.0954,0.010979
1218.0114822387695,0.0966,0.01092
1218.1208834648132,0.0986,0.010858
1218.2302553653717,0.099133,0.010942
1218.3412623405457,0.1022,0.01088
1218.4527773857117,0.1026,0.010836
1218.5637199878693,0.10367,0.01084
1218.6708691120148,0.10653,0.010865
1218.7814865112305,0.10793,0.010935
1218.8935310840607,0.10927,0.010968
1219.0018782615662,0.11053,0.011212
1219.108137845993,0.1118,0.011009
1219.2094371318817,0.11353,0.011266
1219.3228142261505,0.11427,0.011098
1219.4227528572083,0.1156,0.011357
1219.5217156410217,0.11687,0.011208
1219.6321318149567,0.11853,0.01143
1219.740698337555,0.1198,0.011528
1219.856671333313,0.1222,0.011574
1219.9629528522491,0.12267,0.011575
1220.0724339485168,0.12487,0.011467
1220.1865117549896,0.12633,0.011558
1220.2899107933044,0.12613,0.011547
1220.4046845436096,0.12867,0.01155
1220.5128734111786,0.12987,0.011505
1220.6230187416077,0.13067,0.011439
1220.7331538200378,0.13287,0.011581
1220.842487335205,0.13407,0.011226
1220.9543430805206,0.13433,0.01145
1221.061909198761,0.138,0.011394
1221.1691875457764,0.13787,0.011282
1221.275090932846,0.13873,0.011275
1221.3822453022003,0.1398,0.011283
1221.4897410869598,0.14113,0.011302
1221.5922219753265,0.14407,0.011215
1221.6917922496796,0.1448,0.01123
1221.8000588417053,0.1448,0.011087
1221.9004695415497,0.14687,0.011063
1221.9988191127777,0.14733,0.011069
1222.1078562736511,0.1504,0.010942
1222.2200467586517,0.1512,0.01093
1222.3192653656006,0.1524,0.0108
1222.420710325241,0.1532,0.010777
1222.52188205719,0.1532,0.010737
1222.62011384964,0.1562,0.010779
1222.7228667736053,0.15693,0.010722
1222.8176155090332,0.15773,0.010722
1222.9226264953613,0.15947,0.01071
1223.025467157364,0.1594,0.010709
1223.128303527832,0.16133,0.010677
1223.242124080658,0.16253,0.010697
1223.338253736496,0.1644,0.01071
1223.4512181282043,0.16507,0.010661
1223.5602521896362,0.16687,0.010668
1223.6666071414948,0.1668,0.010715
1223.7776381969452,0.16853,0.010634
1223.8873858451843,0.16967,0.010686
1223.9996628761292,0.17153,0.010642
1224.1057884693146,0.17207,0.010685
1224.2098679542542,0.17327,0.010672
1224.307588815689,0.175,0.010683
1224.4082579612732,0.17587,0.010674
1224.510014295578,0.17693,0.01069
1224.6231451034546,0.17833,0.010595
1224.7294788360596,0.18047,0.010666
1224.8430833816528,0.1814,0.010673
1224.9501321315765,0.18287,0.010652
1225.0513143539429,0.18393,0.010716
1225.1600506305695,0.18453,0.010662
1225.2700700759888,0.18593,0.01071
1225.38112282753,0.1872,0.010703
1225.4881207942963,0.18853,0.010689
1225.6002795696259,0.1894,0.010675
1225.711303949356,0.19033,0.010757
1225.8199903964996,0.19187,0.010765
1225.9349603652954,0.19307,0.010754
1226.0433950424194,0.1952,0.010739
1226.152676820755,0.197,0.010806
1226.25923037529,0.19747,0.010717
1226.3717982769012,0.19847,0.010807
1226.4770703315735,0.19947,0.010802
1226.5901319980621,0.20047,0.010801
1226.6981933116913,0.20207,0.010895
1226.7974104881287,0.20307,0.010821
1226.9123504161835,0.20427,0.010917
1227.0168008804321,0.20513,0.01088
1227.1286323070526,0.20573,0.010898
1227.2402675151825,0.20807,0.010931
1227.3441545963287,0.20887,0.010895
1227.4527728557587,0.2106,0.010958
1227.5653729438782,0.21073,0.010986
1227.6727612018585,0.2126,0.011073
1227.764657497406,0.213,0.011006
1227.8678934574127,0.21547,0.010987
1227.9655213356018,0.21553,0.011035
1228.0702571868896,0.21753,0.010953
1228.1691210269928,0.2186,0.010955
1228.2772288322449,0.21847,0.010911
1228.3770818710327,0.22067,0.010968
1228.4793422222137,0.22093,0.010875
1228.5770378112793,0.22193,0.010819
1228.6829798221588,0.2228,0.010887
1228.7819652557373,0.2248,0.010887
1228.8780100345612,0.22553,0.010816
1228.980242729187,0.22613,0.010844
1229.0792257785797,0.22747,0.010746
1229.1849026679993,0.22893,0.010771
1229.2828645706177,0.23093,0.010757
1229.3810312747955,0.23133,0.010837
1229.4824004173279,0.23173,0.010794
1229.5829231739044,0.23433,0.010757
1229.6845746040344,0.23387,0.010848
1229.7826805114746,0.23587,0.010846
1229.8822350502014,0.23607,0.010896
1229.9818181991577,0.23853,0.010894
1230.0845618247986,0.2388,0.011054
1230.1859424114227,0.241,0.010929
1230.286131620407,0.24033,0.01121
1230.3829171657562,0.24207,0.011315
1230.4853711128235,0.243,0.011173
1230.5882952213287,0.24487,0.011286
1230.690129518509,0.24527,0.011382
1230.7868087291718,0.24627,0.011486
1230.8869421482086,0.24673,0.011562
1230.9874093532562,0.24927,0.011688
1231.0905072689056,0.2488,0.011692
1231.1893618106842,0.25047,0.011682
1231.2925777435303,0.25153,0.011603
1231.3889141082764,0.2534,0.011619
1231.492916584015,0.25367,0.011623
1231.58944773674,0.2546,0.011649
1231.6904089450836,0.2556,0.01162
1231.80104470253,0.25813,0.011598
1231.9119248390198,0.25873,0.011394
1232.021919965744,0.26,0.011309
1232.1288406848907,0.26027,0.011314
1232.2318708896637,0.26133,0.011283
1232.3294005393982,0.26367,0.011213
1232.438303232193,0.26347,0.01116
1232.5506398677826,0.2656,0.011295
1232.662462234497,0.2666,0.011138
1232.7702674865723,0.26713,0.011098
1232.8726000785828,0.26813,0.010957
1232.9727058410645,0.2698,0.011
1233.0799100399017,0.27187,0.010966
1233.1900975704193,0.272,0.010871
1233.2939803600311,0.273,0.010933
1233.4028379917145,0.27393,0.010896
1233.5069665908813,0.27553,0.010907
1233.6216578483582,0.27667,0.010864
1233.7331643104553,0.27727,0.010858
1233.8421018123627,0.27973,0.010759
1233.9495663642883,0.27967,0.01081
1234.0616400241852,0.28193,0.010852
1234.1731300354004,0.2834,0.010839
1234.2839570045471,0.28367,0.010784
1234.381111383438,0.2848,0.010838
1234.481523513794,0.2864,0.010835
1234.5945935249329,0.287,0.010814
1234.7000060081482,0.28833,0.010857
1234.811850786209,0.28907,0.010831
1234.9214169979095,0.29007,0.010888
1235.030193567276,0.29227,0.010905
1235.1390912532806,0.2926,0.010915
1235.2503399848938,0.2936,0.010933
1235.3590443134308,0.2942,0.010922
1235.4751262664795,0.29633,0.010931
1235.5841236114502,0.2978,0.010875
1235.6898546218872,0.29893,0.010894
1235.7991707324982,0.29993,0.010852
1235.9098336696625,0.0030667,0.010685
1236.0193057060242,0.004,0.0127
1236.1300563812256,0.008,0.013018
1236.2391228675842,0.010867,0.01291
1236.3523597717285,0.014867,0.012992
1236.4614806175232,0.0176,0.013234
1236.5609731674194,0.021333,0.012949
1236.662888288498,0.0244,0.012939
1236.7605826854706,0.0276,0.012775
1236.8722441196442,0.030467,0.013018
1236.9830536842346,0.036667,0.012741
1237.0899081230164,0.0402,0.012459
1237.2002446651459,0.0434,0.012488
1237.309205532074,0.046267,0.012568
1237.4213767051697,0.049467,0.012074
1237.5205581188202,0.0522,0.012269
1237.6321711540222,0.055333,0.012016
1237.7445430755615,0.058267,0.012059
1237.850677728653,0.0618,0.011777
1237.9638421535492,0.0648,0.011647
1238.0699396133423,0.0674,0.01145
1238.1806313991547,0.069933,0.011624
1238.292980670929,0.073333,0.011237
1238.406046628952,0.079067,0.011279
1238.5122673511505,0.082533,0.011151
1238.6265978813171,0.085067,0.011264
1238.7336900234222,0.088267,0.011189
1238.8383948802948,0.091133,0.011083
1238.9503042697906,0.092467,0.01113
1239.0628583431244,0.093467,0.011041
1239.1718745231628,0.094933,0.011052
1239.2801146507263,0.0966,0.010926
1239.3819327354431,0.097667,0.010958
1239.4841105937958,0.099067,0.010853
1239.583753824234,0.10053,0.01088
1239.6919026374817,0.1022,0.010909
1239.8043882846832,0.1038,0.010849
1239.9120388031006,0.1044,0.0109
1240.0205299854279,0.1058,0.010939
1240.1355412006378,0.1088,0.010917
1240.242966890335,0.10947,0.01095
1240.3499827384949,0.11113,0.01079
1240.4625461101532,0.1134,0.011056
1240.5732171535492,0.11433,0.011247
1240.686808347702,0.11567,0.01096
1240.7940080165863,0.117,0.010981
1240.9024302959442,0.11807,0.011285
1241.0126240253448,0.11967,0.011325
1241.1229593753815,0.1202,0.011261
1241.2331025600433,0.12327,0.0114
1241.3424890041351,0.12293,0.011298
1241.4519085884094,0.1256,0.011389
1241.5623087882996,0.12687,0.011401
1241.6643002033234,0.12793,0.011278
1241.7597122192383,0.1296,0.011239
1241.8721976280212,0.13073,0.011275
1241.980413198471,0.1318,0.011153
1242.0911178588867,0.13313,0.011341
1242.2043278217316,0.13447,0.011083
1242.3171260356903,0.13573,0.011401
1242.4234323501587,0.13607,0.011175
1242.5329463481903,0.13793,0.011201
1242.6417503356934,0.13967,0.011283
1242.7583873271942,0.14053,0.011193
1242.857711315155,0.14307,0.011095
1242.954217672348,0.14433,0.011079
1243.0537729263306,0.14447,0.011045
1243.1575019359589,0.14553,0.010958
1243.2589814662933,0.14687,0.010796
1243.3695459365845,0.14853,0.010694
1243.4775941371918,0.1496,0.010787
1243.5788207054138,0.1524,0.010673
1243.6894371509552,0.15313,0.010685
1243.8002371788025,0.1538,0.010743
1243.910492658615,0.15473,0.010771
1244.020015001297,0.15667,0.01075
1244.1292440891266,0.15793,0.010737
1244.2269024848938,0.15913,0.010641
1244.328619480133,0.16007,0.010698
1244.4376072883606,0.16167,0.010674
1244.5494916439056,0.16253,0.010657
1244.6587238311768,0.16427,0.01073
1244.7702522277832,0.16473,0.010715
1244.8826525211334,0.16693,0.010676
1244.9901413917542,0.167,0.010629
1245.0883824825287,0.1692,0.010695
1245.1995272636414,0.17047,0.010661
1245.3106546401978,0.17233,0.01071
1245.4208555221558,0.17273,0.010694
1245.530174255371,0.1738,0.010652
1245.6415648460388,0.17547,0.010699
1245.750536441803,0.17673,0.010644
1245.85005402565,0.1772,0.010666
1245.960577249527,0.17893,0.010638
1246.0692536830902,0.1802,0.010671
1246.1803426742554,0.1814,0.010655
1246.2908794879913,0.18347,0.010706
1246.3996622562408,0.18427,0.010651
1246.5087308883667,0.18547,0.010663
1246.6118187904358,0.187,0.010642
1246.7106602191925,0.1874,0.01072
1246.8236973285675,0.18927,0.010666
1246.9299893379211,0.19067,0.010725
1247.0302045345306,0.191,0.010702
1247.1392102241516,0.19307,0.010754
1247.251725435257,0.19427,0.010796
1247.361196756363,0.19473,0.010799
1247.4754092693329,0.19567,0.010892
1247.5706026554108,0.19673,0.010825
1247.6826651096344,0.19813,0.010904
1247.789335012436,0.19947,0.010875
1247.904420375824,0.2004,0.010913
1248.011081457138,0.203,0.010933
1248.121752500534,0.20287,0.011026
1248.232792854309,0.2054,0.010956
1248.3404750823975,0.206,0.011038
1248.4521420001984,0.20773,0.011063
1248.5594975948334,0.2082,0.011078
1248.6705391407013,0.20927,0.011133
1248.7830052375793,0.21047,0.011084
1248.8911383152008,0.2124,0.011132
1249.0031311511993,0.21327,0.01117
1249.1111755371094,0.21407,0.011056
1249.2193851470947,0.21553,0.011137
1249.3319885730743,0.21707,0.011068
1249.4301190376282,0.2176,0.011132
1249.5308630466461,0.2182,0.011116
1249.6415917873383,0.22,0.011122
1249.7501480579376,0.22227,0.011016
1249.861985206604,0.2232,0.011068
1249.9687280654907,0.22413,0.010932
1250.0796148777008,0.22547,0.01096
1250.194914340973,0.22627,0.010863
1250.3003857135773,0.22733,0.010873
1250.415241241455,0.2282,0.010883
1250.5212597846985,0.22953,0.010817
1250.6324653625488,0.23087,0.010777
1250.7432961463928,0.2318,0.010814
1250.8506515026093,0.23327,0.010817
1250.9625494480133,0.2342,0.010907
1251.0624017715454,0.2364,0.01085
1251.1760659217834,0.23713,0.010972
1251.2825770378113,0.23813,0.010982
1251.3912165164948,0.24,0.011148
1251.5037124156952,0.2402,0.011096
1251.6123468875885,0.24207,0.011295
1251.719544172287,0.24307,0.01128
1251.8231320381165,0.24393,0.011441
1251.924705028534,0.24567,0.011433
1252.034856081009,0.24613,0.011622
1252.1410677433014,0.24673,0.011711
1252.2561056613922,0.24833,0.011625
1252.3654732704163,0.24967,0.011763
1252.4720964431763,0.2508,0.011654
1252.581791639328,0.25153,0.011518
1252.693071603775,0.25353,0.01163
1252.8016591072083,0.25453,0.011554
1252.9124655723572,0.25533,0.011528
1253.0225999355316,0.25707,0.011532
1253.134654045105,0.2586,0.011417
1253.243058681488,0.25907,0.011409
1253.354650259018,0.25987,0.011388
1253.4628829956055,0.26147,0.011315
1253.5630886554718,0.2618,0.011198
1253.672695159912,0.26313,0.011129
1253.7825288772583,0.26553,0.011064
1253.887498140335,0.266,0.011124
1253.995548248291,0.26713,0.011069
1254.1018743515015,0.26767,0.011118
1254.2145488262177,0.26993,0.010978
1254.3223519325256,0.2712,0.010849
1254.4251534938812,0.27233,0.011034
1254.525268793106,0.27313,0.010839
1254.6331188678741,0.27487,0.010818
1254.745773077011,0.27587,0.010951
1254.8563933372498,0.27647,0.01092
1254.9642593860626,0.27767,0.010811
1255.0744831562042,0.2786,0.010823
1255.1847050189972,0.27987,0.010751
1255.2971639633179,0.28093,0.010772
1255.408207654953,0.2828,0.010709
1255.5146217346191,0.2834,0.010751
1255.6254193782806,0.2854,0.010817
1255.7327980995178,0.2864,0.010811
1255.8450767993927,0.28693,0.010774
1255.9564356803894,0.28807,0.010809
1256.067828655243,0.28973,0.010825
1256.176190853119,0.29027,0.010851
1256.2850375175476,0.29187,0.010867
1256.3818385601044,0.29247,0.010882
1256.4971284866333,0.29407,0.010867
1256.6014177799225,0.2944,0.010892
1256.714280128479,0.29573,0.010918
1256.8223814964294,0.29807,0.010894
1256.9265201091766,0.29747,0.010874
1257.0374612808228,0.29927,0.010862
1257.1422259807587,0.0045333,0.011517
1257.2543497085571,0.0047333,0.012486
1257.3638234138489,0.0082,0.01297
1257.4738891124725,0.011267,0.01302
1257.582766532898,0.0142,0.013009
1257.6947255134583,0.018267,0.012988
1257.8005924224854,0.021733,0.012913
1257.9168779850006,0.024533,0.013087
1258.0211384296417,0.0276,0.012791
1258.1364209651947,0.0342,0.012722
1258.2458236217499,0.033933,0.012752
1258.3519525527954,0.040533,0.012933
1258.4667212963104,0.040667,0.012566
1258.5738697052002,0.0466,0.012442
1258.6813774108887,0.049333,0.012324
1258.7923867702484,0.052467,0.012102
1258.9113948345184,0.055133,0.012159
1259.001802444458,0.0588,0.012074
1259.1090083122253,0.061733,0.011635
1259.2159502506256,0.064333,0.0116
1259.315982580185,0.067667,0.011597
1259.4287295341492,0.070733,0.011435
1259.5337748527527,0.073933,0.011357
1259.6472964286804,0.0762,0.011289
1259.7542650699615,0.079467,0.011179
1259.8639695644379,0.082133,0.011176
1259.9751410484314,0.088533,0.01106
1260.0739271640778,0.0916,0.011004
1260.174087524414,0.090867,0.011059
1260.2862973213196,0.093533,0.010969
1260.395408630371,0.095133,0.010889
1260.504721403122,0.0966,0.010908
1260.6065664291382,0.098267,0.010901
1260.7072594165802,0.099267,0.010869
1260.815648317337,0.101,0.010833
1260.9221715927124,0.1016,0.010802
1261.0344352722168,0.1034,0.010812
1261.1518833637238,0.1046,0.010766
1261.2578666210175,0.10567,0.010814
1261.3648130893707,0.10753,0.010842
1261.477280139923,0.1088,0.010833
1261.5865969657898,0.1116,0.010844
1261.6958208084106,0.11313,0.010945
1261.8067317008972,0.11253,0.010898
1261.9182195663452,0.11607,0.011018
1262.0158648490906,0.11693,0.011119
1262.1280753612518,0.11853,0.011045
1262.237376689911,0.11967,0.011081
1262.345600605011,0.1204,0.011051
1262.4452285766602,0.12213,0.011002
1262.5589663982391,0.12327,0.01103
1262.6658954620361,0.1242,0.011039
1262.7758774757385,0.12567,0.011032
1262.8907284736633,0.12733,0.011115
1262.9883515834808,0.1286,0.011033
1263.0976672172546,0.1298,0.011154
1263.199110031128,0.1324,0.011137
1263.3103396892548,0.13267,0.010959
1263.4189398288727,0.13453,0.010986
1263.5275938510895,0.1362,0.010961
1263.6355805397034,0.13613,0.01092
1263.7482874393463,0.1386,0.010918
1263.8603954315186,0.13927,0.010977
1263.9675934314728,0.14007,0.010867
1264.0703234672546,0.14207,0.010874
1264.1674008369446,0.14313,0.010935
1264.26686501503,0.14453,0.010851
1264.3717663288116,0.14593,0.010757
1264.4674544334412,0.14673,0.010667
1264.583169221878,0.14867,0.010722
1264.677540063858,0.1496,0.010728
1264.7779233455658,0.1498,0.010759
1264.892765045166,0.15167,0.010723
1264.9991371631622,0.153,0.010734
1265.1042585372925,0.15427,0.010667
1265.2005097866058,0.1556,0.010683
1265.3107416629791,0.15753,0.010685
1265.4240996837616,0.15747,0.010669
1265.5310804843903,0.1604,0.010697
1265.6372606754303,0.1612,0.010672
1265.7501356601715,0.16313,0.010665
1265.850928068161,0.16387,0.010691
1265.9629232883453,0.1638,0.010654
1266.06982421875,0.166,0.010663
1266.177222251892,0.1678,0.010691
1266.2804346084595,0.16853,0.010629
1266.3899865150452,0.16993,0.010622
1266.5063841342926,0.17093,0.010615
1266.609111070633,0.17267,0.010664
1266.7213668823242,0.17313,0.010632
1266.8296828269958,0.1744,0.010624
1266.9366602897644,0.17547,0.010672
1267.0423302650452,0.17727,0.010644
1267.1502985954285,0.1774,0.010674
1267.2482795715332,0.18007,0.010674
1267.3504621982574,0.1802,0.010659
1267.4600591659546,0.18153,0.010665
1267.5739750862122,0.18347,0.010602
1267.6859288215637,0.18367,0.01071
1267.7914423942566,0.18547,0.010687
1267.8906700611115,0.18653,0.010682
1268.0009384155273,0.18793,0.010759
1268.1117482185364,0.18933,0.010781
1268.2137093544006,0.19007,0.010779
1268.3217482566833,0.19187,0.010925
1268.4330673217773,0.19293,0.010821
1268.5443608760834,0.19427,0.010865
1268.649979352951,0.19527,0.010887
1268.7612640857697,0.1974,0.010946
1268.8735723495483,0.19713,0.011045
1268.9822494983673,0.19913,0.011038
1269.090089559555,0.2008,0.011059
1269.1980719566345,0.20213,0.011123
1269.3163800239563,0.20293,0.011128
1269.4181563854218,0.20413,0.011121
1269.5302367210388,0.20493,0.011227
1269.6424984931946,0.206,0.011131
1269.7537195682526,0.20747,0.011329
1269.8598380088806,0.20813,0.011241
1269.971114873886,0.20947,0.011276
1270.070960521698,0.21027,0.011272
1270.1747467517853,0.21147,0.011288
1270.2821011543274,0.2128,0.011316
1270.3969116210938,0.2148,0.01125
1270.503300666809,0.21527,0.011159
1270.611730337143,0.2178,0.011147
1270.7219791412354,0.2184,0.011222
1270.8296675682068,0.22027,0.011162
1270.9414637088776,0.22153,0.011091
1271.051165819168,0.22213,0.011033
1271.1567633152008,0.22307,0.01103
1271.2584519386292,0.22327,0.011095
1271.368571281433,0.22547,0.010997
1271.4806339740753,0.22653,0.010917
1271.594777584076,0.229,0.010994
1271.7053034305573,0.22867,0.010979
1271.8127825260162,0.23067,0.010824
1271.9225399494171,0.23193,0.010904
1272.0312819480896,0.23313,0.010885
1272.1403918266296,0.2342,0.01097
1272.2432532310486,0.235,0.010877
1272.3440532684326,0.2362,0.010919
1272.4523122310638,0.23727,0.010946
1272.5601172447205,0.23873,0.01117
1272.6727707386017,0.2394,0.011119
1272.7839992046356,0.24107,0.011137
1272.8911278247833,0.24233,0.011235
1273.0012454986572,0.24253,0.011428
1273.11350440979,0.24413,0.011426
1273.2230694293976,0.24633,0.011631
1273.3296720981598,0.24707,0.011599
1273.4439177513123,0.24867,0.011488
1273.5507249832153,0.24933,0.011638
1273.6606600284576,0.25027,0.011594
1273.7725360393524,0.2514,0.011621
1273.8854207992554,0.2528,0.011566
1273.9925429821014,0.2548,0.01151
1274.1018726825714,0.25507,0.011468
1274.212617635727,0.25627,0.011472
1274.3241167068481,0.2572,0.011501
1274.4347603321075,0.25813,0.011377
1274.5432574748993,0.25967,0.011305
1274.653294801712,0.2612,0.011254
1274.7628605365753,0.26273,0.011176
1274.870700120926,0.26247,0.011179
1274.9800815582275,0.26407,0.01113
1275.0841064453125,0.26533,0.011112
1275.183207988739,0.2666,0.011049
1275.2963225841522,0.26773,0.011097
1275.402379989624,0.269,0.01095
1275.5038101673126,0.26973,0.011069
1275.6060128211975,0.2712,0.011003
1275.703945159912,0.27227,0.010915
1275.8148872852325,0.2736,0.010908
1275.926037788391,0.27447,0.010876
1276.0347063541412,0.2756,0.010845
1276.1486370563507,0.27667,0.010843
1276.2602143287659,0.27727,0.010774
1276.3653564453125,0.2802,0.010765
1276.4749646186829,0.28,0.010812
1276.5885508060455,0.28193,0.010747
1276.6960380077362,0.28187,0.010765
1276.805210351944,0.2836,0.010767
1276.9138419628143,0.28447,0.010796
1277.0255987644196,0.28613,0.010757
1277.1358664035797,0.28707,0.010777
1277.2458708286285,0.28847,0.010797
1277.3536322116852,0.28933,0.010805
1277.4639320373535,0.2912,0.010804
1277.5731542110443,0.29113,0.010814
1277.6747343540192,0.29207,0.010864
1277.7855117321014,0.29293,0.010845
1277.8960762023926,0.2954,0.010854
1278.0038199424744,0.29553,0.010839
1278.1050736904144,0.2972,0.010853
1278.2037346363068,0.29873,0.010834
1278.3182072639465,0.29987,0.010817
1278.4259593486786,0.0034,0.010908
1278.5359661579132,0.0048,0.012318
1278.6425557136536,0.0071333,0.012677
1278.7472169399261,0.010133,0.012711
1278.8561515808105,0.013933,0.012642
1278.9658160209656,0.017133,0.012571
1279.072910785675,0.020867,0.012604
1279.18585562706,0.023667,0.013049
1279.2954077720642,0.026667,0.012958
1279.408573627472,0.033667,0.012913
1279.5166983604431,0.033667,0.012831
1279.6239774227142,0.040067,0.012448
1279.7353239059448,0.042933,0.012347
1279.84112906456,0.0456,0.012226
1279.9524505138397,0.048667,0.012222
1280.057823896408,0.0518,0.011856
1280.1578209400177,0.054533,0.011885
1280.2642414569855,0.057867,0.011731
1280.3788290023804,0.060667,0.011785
1280.4861097335815,0.063933,0.011651
1280.5977094173431,0.0672,0.011567
1280.7058033943176,0.070067,0.011433
1280.8153743743896,0.072733,0.011282
1280.9279425144196,0.075867,0.011268
1281.0357065200806,0.078333,0.011073
1281.1333889961243,0.0844,0.011024
1281.2484633922577,0.087067,0.011027
1281.3532860279083,0.0904,0.011001
1281.4688181877136,0.091733,0.010943
1281.574714422226,0.0934,0.010889
1281.6899201869965,0.095133,0.010911
1281.7949450016022,0.095933,0.010861
1281.9055483341217,0.097333,0.010899
1282.0148665904999,0.099267,0.010749
1282.126622915268,0.1002,0.010783
1282.2351105213165,0.10313,0.010757
1282.3369238376617,0.10287,0.010815
1282.4369180202484,0.10467,0.010804
1282.5453894138336,0.107,0.010803
1282.6568315029144,0.1088,0.010828
1282.7671093940735,0.10833,0.010772
1282.8763329982758,0.11107,0.01074
1282.9862625598907,0.11247,0.010822
1283.0944809913635,0.1134,0.010823
1283.2059652805328,0.11573,0.010957
1283.3173711299896,0.11673,0.011022
1283.4300038814545,0.11773,0.010965
1283.535745382309,0.11947,0.010964
1283.6399040222168,0.1204,0.011023
1283.7473912239075,0.12107,0.011017
1283.8566761016846,0.12267,0.010957
1283.9678716659546,0.12433,0.010919
1284.0752229690552,0.12653,0.011032
1284.1723546981812,0.12833,0.010957
1284.28702378273,0.12893,0.010987
1284.3971717357635,0.13053,0.010913
1284.5051651000977,0.13147,0.010867
1284.6135182380676,0.13273,0.010917
1284.7262454032898,0.13447,0.010862
1284.8394408226013,0.13573,0.010848
1284.948341369629,0.13693,0.010873
1285.0446345806122,0.1382,0.010854
1285.1481947898865,0.13887,0.010779
1285.2553915977478,0.14027,0.010788
1285.3652393817902,0.14213,0.010759
1285.475026845932,0.14313,0.010744
1285.5783920288086,0.14393,0.010673
1285.6816194057465,0.14573,0.01074
1285.7735164165497,0.147,0.010759
1285.8884613513947,0.14927,0.010724
1285.9995622634888,0.15053,0.010706
1286.1071109771729,0.15207,0.010734
1286.2172038555145,0.15273,0.010693
1286.319589138031,0.15353,0.010646
1286.4205076694489,0.15487,0.010685
1286.5277671813965,0.15667,0.010678
1286.6244220733643,0.1576,0.010707
1286.731751203537,0.15947,0.010659
1286.8441276550293,0.16047,0.010628
1286.9546298980713,0.16107,0.010661
1287.0653989315033,0.1624,0.01068
1287.165242433548,0.16393,0.010619
1287.2739117145538,0.16507,0.010633
1287.3783650398254,0.1658,0.010662
1287.478259563446,0.16607,0.010653
1287.5844790935516,0.16893,0.010631
1287.6971409320831,0.16947,0.01069
1287.806265115738,0.17207,0.010644
1287.9153459072113,0.17187,0.010664
1288.0251605510712,0.1744,0.010659
1288.133337020874,0.1752,0.010682
1288.2483179569244,0.17653,0.010625
1288.3572993278503,0.17787,0.010653
1288.4664623737335,0.17873,0.010691
1288.5731189250946,0.18007,0.010695
1288.6864595413208,0.18153,0.010719
1288.796770811081,0.18247,0.010674
1288.9063792228699,0.18413,0.010685
1289.0159606933594,0.1844,0.010711
1289.1146676540375,0.18607,0.010729
1289.2220809459686,0.18667,0.010748
1289.336020231247,0.189,0.010855
1289.4451441764832,0.19027,0.010759
1289.5492498874664,0.1912,0.010869
1289.6475987434387,0.19267,0.010963
1289.7542068958282,0.1936,0.010918
1289.866242647171,0.19487,0.011033
1289.974012851715,0.1958,0.011054
1290.0783293247223,0.19693,0.011124
1290.1788198947906,0.1986,0.011171
1290.2876000404358,0.19953,0.011231
1290.3967123031616,0.2,0.011218
1290.5088937282562,0.20133,0.011299
1290.6153388023376,0.20273,0.011393
1290.7286295890808,0.2034,0.011409
1290.8360810279846,0.205,0.011366
1290.946985244751,0.20613,0.011291
1291.056203365326,0.20713,0.011395
1291.1656184196472,0.20907,0.011476
1291.2733199596405,0.2102,0.011439
1291.3835144042969,0.2114,0.011429
1291.4881007671356,0.21287,0.011405
1291.5966181755066,0.21393,0.011278
1291.704526424408,0.2148,0.011283
1291.8174226284027,0.2162,0.011365
1291.932207107544,0.21667,0.0113
1292.0275604724884,0.21793,0.011231
1292.1362054347992,0.21967,0.011318
1292.245824098587,0.22073,0.011182
1292.3553500175476,0.22307,0.011237
1292.4687974452972,0.22427,0.011171
1292.5664715766907,0.2236,0.011015
1292.6751968860626,0.22513,0.011035
1292.7848386764526,0.22787,0.01102
1292.903175830841,0.2274,0.010955
1293.006526708603,0.22947,0.010942
1293.1172807216644,0.23067,0.010903
1293.2268466949463,0.2318,0.010911
1293.3399868011475,0.23293,0.010904
1293.4474785327911,0.23353,0.010922
1293.5537297725677,0.23507,0.011053
1293.6673500537872,0.2356,0.011025
1293.7785410881042,0.2372,0.01105
1293.8865883350372,0.2382,0.011101
1293.9957439899445,0.2404,0.011123
1294.095022201538,0.24133,0.01142
1294.201064825058,0.24267,0.011469
1294.2980651855469,0.24247,0.011564
1294.4114730358124,0.24467,0.011351
1294.518166065216,0.2462,0.011454
1294.624798297882,0.247,0.011591
1294.7384178638458,0.24773,0.011567
1294.847675561905,0.24867,0.011558
1294.9557304382324,0.2508,0.011535
1295.0575399398804,0.25073,0.01164
1295.1569573879242,0.25293,0.011481
1295.262523174286,0.25367,0.011427
1295.3684394359589,0.25507,0.011459
1295.4798192977905,0.25573,0.011302
1295.5901322364807,0.25687,0.011403
1295.7009167671204,0.2574,0.011458
1295.8068599700928,0.25973,0.011286
1295.9194304943085,0.26033,0.011164
1296.0192127227783,0.2614,0.011125
1296.1193084716797,0.263,0.011131
1296.231113910675,0.265,0.011019
1296.3393218517303,0.26547,0.0111
1296.4486775398254,0.26713,0.011063
1296.562195301056,0.26767,0.01102
1296.6682324409485,0.26867,0.010955
1296.7788307666779,0.2704,0.010988
1296.8920872211456,0.27133,0.01093
1296.994324684143,0.272,0.010997
1297.0981979370117,0.27347,0.010922
1297.1986553668976,0.27487,0.010791
1297.2990045547485,0.2754,0.010814
1297.3993937969208,0.27647,0.010837
1297.512749671936,0.27873,0.010821
1297.617014169693,0.2788,0.010761
1297.72509598732,0.2796,0.010822
1297.841671705246,0.2818,0.010707
1297.950136423111,0.2828,0.010783
1298.0604858398438,0.28413,0.010643
1298.156944990158,0.28487,0.010692
1298.2694618701935,0.2858,0.010789
1298.3803074359894,0.2868,0.010782
1298.4920136928558,0.28793,0.010682
1298.6010868549347,0.28933,0.010678
1298.7089495658875,0.2906,0.010717
1298.8197207450867,0.2908,0.010725
1298.9295978546143,0.29293,0.010777
1299.0384035110474,0.29453,0.010733
1299.1494543552399,0.29513,0.010808
1299.2616109848022,0.2954,0.010747
1299.3701021671295,0.29787,0.010796
1299.4802315235138,0.298,0.010703
1299.5916883945465,0.2998,0.0108
1299.6989390850067,0.0021333,0.010716
1299.8108859062195,0.0038667,0.012638
1299.9221861362457,0.0076,0.012577
1300.0301442146301,0.010267,0.01286
1300.1326763629913,0.013533,0.012557
1300.227625131607,0.016933,0.012406
1300.345186471939,0.019933,0.012599
1300.4522874355316,0.023533,0.012731
1300.5637550354004,0.0272,0.012828
1300.6592576503754,0.0318,0.012875
1300.769466161728,0.033,0.012691
1300.8783521652222,0.0398,0.012695
1300.990874528885,0.043,0.012518
1301.0993371009827,0.0458,0.012167
1301.2116417884827,0.048867,0.011899
1301.3219919204712,0.051533,0.011791
1301.4315197467804,0.055267,0.011918
1301.5407712459564,0.057867,0.011565
1301.6497519016266,0.060933,0.011468
1301.7587728500366,0.0642,0.011534
1301.8688571453094,0.0668,0.011397
1301.9757664203644,0.0698,0.011313
1302.0916645526886,0.0734,0.011297
1302.2010743618011,0.079,0.011041
1302.300211429596,0.081933,0.011318
1302.3999843597412,0.082933,0.011056
1302.5128033161163,0.087133,0.010924
1302.6223316192627,0.0902,0.010972
1302.7232749462128,0.091933,0.010898
1302.8314971923828,0.0934,0.010892
1302.941740512848,0.094667,0.010894
1303.0518786907196,0.096067,0.01082
1303.1623184680939,0.097667,0.010745
1303.2731320858002,0.0992,0.010872
1303.3828172683716,0.10007,0.010733
1303.4921598434448,0.10087,0.010814
1303.6045331954956,0.10227,0.01083
1303.7148382663727,0.10533,0.010719
1303.822496175766,0.10513,0.010673
1303.9305906295776,0.10887,0.010656
1304.0418090820312,0.1098,0.010741
1304.1517417430878,0.1106,0.010772
1304.2698323726654,0.11233,0.0107
1304.3720817565918,0.1132,0.010739
1304.4809424877167,0.11473,0.010742
1304.591355085373,0.1164,0.01081
1304.6993281841278,0.11707,0.010813
1304.8156552314758,0.11907,0.010858
1304.9217503070831,0.12167,0.010777
1305.031822681427,0.123,0.010841
1305.133430480957,0.1238,0.010815
1305.233036518097,0.12647,0.010836
1305.343297958374,0.1256,0.010773
1305.4505128860474,0.128,0.010842
1305.5629396438599,0.129,0.010848
1305.6620767116547,0.13067,0.010877
1305.7760484218597,0.13153,0.010842
1305.8814334869385,0.13287,0.010887
1305.9932198524475,0.13447,0.010903
1306.1010324954987,0.13533,0.010712
1306.203753232956,0.1372,0.010714
1306.315663099289,0.1384,0.01074
1306.4182803630829,0.13933,0.010747
1306.529738664627,0.14053,0.01078
1306.6460041999817,0.14113,0.01075
1306.7408211231232,0.144,0.010779
1306.850557565689,0.14433,0.010727
1306.9653916358948,0.14687,0.010796
1307.073114156723,0.14793,0.010694
1307.1812283992767,0.1498,0.010662
1307.2913467884064,0.1506,0.010707
1307.3944034576416,0.15113,0.010719
1307.492525100708,0.1524,0.010673
1307.6035735607147,0.15407,0.010695
1307.7018930912018,0.1552,0.010669
1307.8122198581696,0.15673,0.010673
1307.9137024879456,0.15753,0.010699
1308.0208773612976,0.15927,0.01072
1308.132348060608,0.15987,0.01075
1308.2379450798035,0.16127,0.010739
1308.3403832912445,0.16253,0.010734
1308.4378337860107,0.16353,0.010686
1308.551974773407,0.1654,0.010747
1308.6574532985687,0.16733,0.010734
1308.7731738090515,0.16707,0.010751
1308.8816249370575,0.16967,0.010651
1308.989531993866,0.1704,0.010667
1309.0985929965973,0.17087,0.010687
1309.2012977600098,0.17253,0.010641
1309.3140399456024,0.1744,0.010715
1309.4212543964386,0.1754,0.01065
1309.5324521064758,0.17647,0.010653
1309.630623102188,0.17753,0.010707
1309.729235649109,0.17893,0.010736
1309.8397057056427,0.18027,0.010698
1309.9502177238464,0.18127,0.010766
1310.0594873428345,0.18227,0.010752
1310.161448955536,0.18353,0.010783
1310.2616469860077,0.18467,0.010734
1310.3723165988922,0.1852,0.010812
1310.480088710785,0.1868,0.010846
1310.5796988010406,0.189,0.010898
1310.6912922859192,0.189,0.010914
1310.8002562522888,0.19,0.011074
1310.9144659042358,0.19233,0.011034
1311.0221123695374,0.19393,0.01122
1311.1244521141052,0.19473,0.011224
1311.2307238578796,0.19573,0.0114
1311.3417963981628,0.1968,0.011435
1311.45059132576,0.19827,0.011384
1311.5606777668,0.19967,0.011387
1311.6700863838196,0.20013,0.011537
1311.7835230827332,0.20133,0.011532
1311.8924043178558,0.20367,0.011485
1312.0014071464539,0.2036,0.011606
1312.1119029521942,0.20573,0.011583
1312.2241787910461,0.20587,0.011501
1312.3192358016968,0.2082,0.011494
1312.432606935501,0.20873,0.011492
1312.5348517894745,0.20907,0.011459
1312.6423077583313,0.21127,0.011585
1312.7550098896027,0.21267,0.011431
1312.862892150879,0.2144,0.011457
1312.9775931835175,0.2148,0.011321
1313.0782310962677,0.21573,0.011358
1313.1907453536987,0.217,0.011337
1313.3017828464508,0.21873,0.011284
1313.412211894989,0.21893,0.011226
1313.5222835540771,0.22087,0.011197
1313.633625984192,0.22293,0.01114
1313.7434842586517,0.22367,0.011091
1313.852513551712,0.225,0.011083
1313.96404504776,0.22667,0.011086
1314.0751323699951,0.22713,0.010956
1314.1702020168304,0.2284,0.010968
1314.2823460102081,0.2296,0.010947
1314.3918862342834,0.23087,0.01093
1314.5009758472443,0.23133,0.010935
1314.6121106147766,0.23293,0.010956
1314.712167263031,0.23407,0.010884
1314.8197438716888,0.23547,0.01095
1314.93301653862,0.23633,0.011038
1315.0427975654602,0.23787,0.010976
1315.1426162719727,0.238,0.010927
1315.2448513507843,0.24033,0.011181
1315.3554112911224,0.2404,0.01131
1315.4613938331604,0.243,0.011338
1315.5748312473297,0.24387,0.011421
1315.6815717220306,0.24487,0.011515
1315.7947702407837,0.2458,0.011269
1315.901218175888,0.24727,0.011406
1316.0158474445343,0.24827,0.011513
1316.122853755951,0.24907,0.011444
1316.221426486969,0.24993,0.011467
1316.3330504894257,0.25133,0.011326
1316.4476227760315,0.25207,0.011321
1316.5538136959076,0.25373,0.011391
1316.6691539287567,0.25553,0.011334
1316.760954618454,0.25713,0.01124
1316.8732964992523,0.257,0.01132
1316.981483221054,0.25947,0.011113
1317.0932698249817,0.26027,0.011072
1317.2007036209106,0.26113,0.011154
1317.314644575119,0.2622,0.011128
1317.4281978607178,0.26327,0.011083
1317.5338521003723,0.26467,0.011034
1317.6445336341858,0.26587,0.011063
1317.7524116039276,0.2666,0.011009
1317.8632023334503,0.26793,0.010999
1317.9732265472412,0.26847,0.011006
1318.0844585895538,0.27047,0.011022
1318.1961030960083,0.27093,0.010911
1318.303087234497,0.27287,0.010851
1318.4156231880188,0.2734,0.010881
1318.5216135978699,0.27533,0.010896
1318.6308062076569,0.2758,0.010831
1318.733831167221,0.27647,0.010792
1318.8392267227173,0.2784,0.010746
1318.9476413726807,0.2794,0.0107
1319.0602705478668,0.2806,0.010738
1319.1686959266663,0.2824,0.010719
1319.2706415653229,0.283,0.010697
1319.3793563842773,0.2842,0.010637
1319.491152048111,0.28467,0.010639
1319.5866935253143,0.2856,0.01068
1319.700029850006,0.2884,0.010734
1319.8105733394623,0.28807,0.010765
1319.9199147224426,0.2908,0.010695
1320.0291244983673,0.291,0.010715
1320.1290791034698,0.29213,0.010652
1320.230208158493,0.29407,0.010667
1320.3410410881042,0.29493,0.010814
1320.4409177303314,0.2956,0.010687
1320.542004585266,0.29693,0.010723
1320.651783466339,0.2976,0.010751
1320.759735584259,0.29893,0.010734
1320.8675000667572,0.30027,0.010706
1320.9824607372284,0.0036667,0.010693
1321.0918018817902,0.004,0.0121
1321.1982128620148,0.0076667,0.012306
1321.3116154670715,0.010467,0.012598
1321.4192624092102,0.013867,0.012575
1321.532166004181,0.0204,0.01256
1321.6407356262207,0.020067,0.012429
1321.7493691444397,0.027,0.012398
1321.8611643314362,0.0298,0.012614
1321.9597251415253,0.033133,0.012507
1322.0692899227142,0.0358,0.01241
1322.1821582317352,0.039067,0.011931
1322.2896718978882,0.042533,0.011957
1322.3925378322601,0.045733,0.01187
1322.4906277656555,0.048867,0.011719
1322.6019806861877,0.051267,0.011569
1322.7102453708649,0.0544,0.011593
1322.8222744464874,0.0578,0.011369
1322.9269094467163,0.061267,0.011394
1323.0414323806763,0.063533,0.01145
1323.1414248943329,0.0694,0.011377
1323.2475035190582,0.069667,0.011307
1323.3655202388763,0.0754,0.011229
1323.473094701767,0.078467,0.011075
1323.5795710086823,0.082133,0.011109
1323.6876666545868,0.084067,0.010855
1323.7991626262665,0.087733,0.010903
1323.9090695381165,0.090533,0.01085
1324.0220081806183,0.0922,0.010769
1324.1342463493347,0.093533,0.010877
1324.2402517795563,0.094333,0.010779
1324.3531143665314,0.097467,0.010827
1324.4595708847046,0.097867,0.01075
1324.5692827701569,0.10027,0.010701
1324.6697671413422,0.1012,0.010713
1324.7799212932587,0.102,0.010693
1324.890332698822,0.1046,0.010719
1325.004482269287,0.10407,0.010728
1325.1143944263458,0.10707,0.010665
1325.2112998962402,0.10827,0.010721
1325.314194202423,0.10993,0.010709
1325.4224979877472,0.11073,0.010673
1325.5318810939789,0.11193,0.010716
1325.6401076316833,0.11387,0.010713
1325.7407751083374,0.11467,0.010769
1325.8515980243683,0.11653,0.010727
1325.964697599411,0.1172,0.01074
1326.0704138278961,0.1194,0.010821
1326.1804580688477,0.12093,0.010742
1326.2918589115143,0.1232,0.010716
1326.3979890346527,0.1246,0.010826
1326.5111482143402,0.1258,0.010766
1326.6245975494385,0.12653,0.010837
1326.7299826145172,0.12793,0.010769
1326.8427650928497,0.1292,0.010805
1326.951946258545,0.1304,0.010739
1327.0648217201233,0.1316,0.010751
1327.17138338089,0.13307,0.010828
1327.2844495773315,0.1342,0.010687
1327.3807244300842,0.135,0.010817
1327.482907295227,0.137,0.010727
1327.5918259620667,0.138,0.010795
1327.700751543045,0.1402,0.010755
1327.8125731945038,0.14033,0.010756
1327.917884349823,0.1428,0.010713
1328.0321578979492,0.144,0.010736
1328.1416594982147,0.1452,0.010737
1328.25550532341,0.14693,0.01071
1328.3613646030426,0.14793,0.010661
1328.4619929790497,0.1484,0.010654
1328.5811085700989,0.1504,0.010733
1328.6854848861694,0.151,0.010684
1328.7933959960938,0.15267,0.010755
1328.9013493061066,0.15433,0.010678
1329.014407157898,0.15607,0.010713
1329.1245739459991,0.1568,0.01067
1329.232966184616,0.15887,0.010705
1329.3417673110962,0.15887,0.010719
1329.4524464607239,0.16047,0.01082
1329.5565538406372,0.16267,0.01078
1329.6581027507782,0.1636,0.010786
1329.7719902992249,0.16433,0.010741
1329.8829214572906,0.1658,0.010785
1329.9876637458801,0.16693,0.010674
1330.0907752513885,0.1684,0.010742
1330.1986322402954,0.16927,0.010717
1330.308617591858,0.1702,0.010746
1330.4071955680847,0.17153,0.010711
1330.5193951129913,0.17307,0.010773
1330.6249272823334,0.17413,0.010699
1330.7282557487488,0.17493,0.010694
1330.8447089195251,0.17673,0.010661
1330.9465110301971,0.17787,0.010718
1331.0562534332275,0.18033,0.010742
1331.1683313846588,0.18133,0.010657
1331.2683491706848,0.18247,0.010768
1331.383768081665,0.18367,0.010773
1331.4802598953247,0.1848,0.010814
1331.580563545227,0.1862,0.010872
1331.6886959075928,0.18713,0.010977
1331.801750421524,0.188,0.010882
1331.912471294403,0.189,0.010937
1332.0213367938995,0.19067,0.011204
1332.1305854320526,0.19187,0.011101
1332.2369587421417,0.19207,0.011255
1332.3523571491241,0.1952,0.011384
1332.4626858234406,0.195,0.011499
1332.5591514110565,0.19693,0.011582
1332.6687862873077,0.19667,0.011672
1332.7811772823334,0.19893,0.011683
1332.8933708667755,0.20073,0.011741
1333.0021555423737,0.20153,0.011746
1333.1098477840424,0.20353,0.011764
1333.2202429771423,0.20373,0.011715
1333.3278651237488,0.20527,0.011721
1333.443050146103,0.20653,0.011703
1333.5501227378845,0.20667,0.011687
1333.648738861084,0.2086,0.011611
1333.747224330902,0.20967,0.01147
1333.857969045639,0.21133,0.011498
1333.9714570045471,0.21273,0.011564
1334.080840587616,0.2134,0.01141
1334.190499305725,0.2142,0.011355
1334.2999250888824,0.2164,0.011365
1334.4119436740875,0.2162,0.011219
1334.5230934619904,0.21827,0.011313
1334.6369409561157,0.2196,0.011168
1334.7401053905487,0.22107,0.011165
1334.8525190353394,0.22147,0.011094
1334.9639632701874,0.22307,0.011179
1335.073088169098,0.224,0.010906
1335.1815478801727,0.2252,0.011042
1335.2909903526306,0.22613,0.011039
1335.4014778137207,0.22693,0.011014
1335.5017907619476,0.2302,0.010931
1335.613553762436,0.2294,0.010917
1335.72372174263,0.23153,0.010851
1335.830241203308,0.2326,0.010946
1335.939572095871,0.2334,0.010891
1336.0494530200958,0.23493,0.010832
1336.1548113822937,0.2362,0.010934
1336.2641563415527,0.23713,0.01101
1336.3693616390228,0.23827,0.011013
1336.4815838336945,0.2394,0.011065
1336.5882341861725,0.24047,0.011114
1336.6945114135742,0.2414,0.011206
1336.801203250885,0.2428,0.011153
1336.9150195121765,0.24413,0.011283
1337.0138692855835,0.245,0.011336
1337.1090893745422,0.24573,0.011278
1337.2216217517853,0.2468,0.011211
1337.3293359279633,0.24807,0.011263
1337.4404275417328,0.24993,0.011318
1337.5400695800781,0.25033,0.011207
1337.6486818790436,0.25207,0.011275
1337.7587921619415,0.25393,0.01118
1337.866864681244,0.25433,0.011305
1337.9844596385956,0.2558,0.011352
1338.0912635326385,0.2568,0.011221
1338.2012751102448,0.25847,0.011286
1338.3103320598602,0.25913,0.011144
1338.423653125763,0.2598,0.011039
1338.5277638435364,0.26107,0.011069
1338.641487121582,0.26347,0.011126
1338.7521834373474,0.26413,0.011043
1338.8602526187897,0.26587,0.01106
1338.9690103530884,0.26687,0.011103
1339.081506729126,0.26807,0.011094
1339.1907913684845,0.26847,0.011044
1339.2911205291748,0.27033,0.010952
1339.3914849758148,0.2708,0.010901
1339.5020823478699,0.27193,0.010932
1339.611654996872,0.2734,0.010982
1339.7220714092255,0.27413,0.010734
1339.8315365314484,0.2752,0.010734
1339.9412882328033,0.27653,0.010796
1340.0531470775604,0.279,0.010725
1340.1615159511566,0.27887,0.010779
1340.2721049785614,0.27907,0.010666
1340.3727676868439,0.28153,0.010714
1340.4825296401978,0.28293,0.010653
1340.5899548530579,0.28353,0.010653
1340.688514471054,0.28487,0.010597
1340.8018789291382,0.28627,0.010624
1340.9137969017029,0.28693,0.010645
1341.0140943527222,0.2882,0.010741
1341.112719297409,0.28913,0.010738
1341.224184513092,0.29007,0.010645
1341.332569360733,0.29147,0.010632
1341.443331003189,0.29273,0.010749
1341.5521471500397,0.2938,0.010715
1341.6647820472717,0.29467,0.010711
1341.77197599411,0.29547,0.010702
1341.8848340511322,0.29747,0.010748
1341.9937081336975,0.2978,0.010765
1342.1039490699768,0.29973,0.010691
1342.2155559062958,0.0048,0.010722
1342.323133468628,0.004,0.01139
1342.436369419098,0.0067333,0.012183
1342.542816877365,0.0099333,0.011998
1342.650891304016,0.0132,0.012122
1342.7531752586365,0.016667,0.012207
1342.8643960952759,0.019667,0.012365
1342.9746487140656,0.023,0.012082
1343.0809659957886,0.026,0.012233
1343.1937754154205,0.029733,0.012163
1343.2945857048035,0.0324,0.011934
1343.4041030406952,0.039733,0.011688
1343.5157837867737,0.0422,0.01179
1343.6249990463257,0.045267,0.011793
1343.732370376587,0.048067,0.011593
1343.8457112312317,0.051533,0.011522
1343.9526600837708,0.054867,0.01152
1344.0633568763733,0.057667,0.011446
1344.1742062568665,0.060333,0.011375
1344.2731175422668,0.063933,0.01133
1344.3737046718597,0.066533,0.011447
1344.483693599701,0.069867,0.011119
1344.5961608886719,0.0722,0.011316
1344.7048857212067,0.075267,0.011109
1344.8105425834656,0.077733,0.010867
1344.926752090454,0.083933,0.011034
1345.035237312317,0.084,0.010893
1345.1477835178375,0.090333,0.010811
1345.2426064014435,0.091133,0.01069
1345.353209733963,0.0934,0.010805
1345.4633524417877,0.094333,0.0108
1345.5742797851562,0.095667,0.010803
1345.685225725174,0.0968,0.010725
1345.7833321094513,0.0986,0.010736
1345.899019241333,0.099733,0.010662
1346.003827571869,0.10133,0.010723
1346.1144721508026,0.10313,0.010642
1346.2219080924988,0.1044,0.010657
1346.3353624343872,0.10573,0.010666
1346.4439144134521,0.10893,0.010745
1346.5541179180145,0.1086,0.01067
1346.6637253761292,0.11087,0.010746
1346.774006843567,0.1122,0.010763
1346.8855240345001,0.11367,0.010689
1346.9951870441437,0.115,0.010652
1347.1067821979523,0.11613,0.010681
1347.2146990299225,0.11753,0.010698
1347.3237047195435,0.1188,0.010741
1347.4343626499176,0.12033,0.010723
1347.5450568199158,0.12173,0.010666
1347.6517758369446,0.12313,0.010721
1347.7612280845642,0.1262,0.01073
1347.8726744651794,0.127,0.010737
1347.9836282730103,0.1278,0.010756
1348.0936954021454,0.12933,0.010665
1348.1955397129059,0.13027,0.010682
1348.305290222168,0.13193,0.010748
1348.4054791927338,0.13327,0.010674
1348.5132591724396,0.13433,0.010732
1348.6256170272827,0.13513,0.010831
1348.7345778942108,0.13647,0.010673
1348.832005739212,0.13747,0.010676
1348.9334383010864,0.13927,0.010697
1349.0448825359344,0.14007,0.010721
1349.1591725349426,0.14253,0.010666
1349.267863035202,0.14253,0.010741
1349.3757255077362,0.14387,0.010777
1349.485515832901,0.14653,0.010712
1349.5953516960144,0.1464,0.010726
1349.7032577991486,0.14947,0.010703
1349.8175311088562,0.15007,0.010729
1349.9155910015106,0.15127,0.010768
1350.0263369083405,0.152,0.01079
1350.1346237659454,0.1534,0.01083
1350.24929189682,0.15527,0.010762
1350.3585729599,0.15613,0.01077
1350.4663288593292,0.15713,0.010806
1350.5742292404175,0.15927,0.010868
1350.6838443279266,0.16007,0.010818
1350.7956049442291,0.1608,0.010799
1350.9121198654175,0.1628,0.010827
1351.0047399997711,0.16413,0.010809
1351.1066052913666,0.1654,0.010776
1351.2071888446808,0.16653,0.010724
1351.3055379390717,0.16833,0.010795
1351.405220746994,0.16827,0.010738
1351.519315958023,0.17067,0.010753
1351.617103099823,0.17173,0.010668
1351.7264428138733,0.17293,0.01073
1351.8365964889526,0.17367,0.010699
1351.9479155540466,0.17507,0.010738
1352.0551400184631,0.17607,0.010706
1352.1686298847198,0.1776,0.010718
1352.2697792053223,0.17827,0.01073
1352.3664181232452,0.18013,0.010738
1352.4774644374847,0.18053,0.010763
1352.5894005298615,0.1822,0.010791
1352.6966087818146,0.1834,0.010922
1352.7994124889374,0.18487,0.010875
1352.9100179672241,0.18667,0.011055
1353.0188646316528,0.18653,0.011136
1353.1286008358002,0.188,0.011248
1353.2361409664154,0.1902,0.011356
1353.3555569648743,0.1904,0.011369
1353.4607532024384,0.19233,0.01145
1353.5725939273834,0.19387,0.011586
1353.6798794269562,0.19453,0.011674
1353.7923259735107,0.196,0.011742
1353.898202419281,0.19727,0.011758
1354.0038857460022,0.19773,0.011786
1354.1170251369476,0.19933,0.011807
1354.2288179397583,0.20073,0.011789
1354.3367376327515,0.20133,0.011887
1354.4505569934845,0.2034,0.011882
1354.5561881065369,0.20493,0.011755
1354.6730484962463,0.2066,0.011771
1354.7786395549774,0.20713,0.011882
1354.8882093429565,0.2084,0.011665
1354.9949715137482,0.2094,0.011662
1355.107980966568,0.2106,0.011567
1355.2177112102509,0.21173,0.0114
1355.3280725479126,0.21267,0.011401
1355.439481496811,0.21407,0.011361
1355.5486612319946,0.21547,0.011225
1355.6594142913818,0.21753,0.011198
1355.7695903778076,0.218,0.011146
1355.879988193512,0.21873,0.011244
1355.9866135120392,0.22067,0.011006
1356.0934278964996,0.22167,0.011122
1356.196264743805,0.2226,0.011104
1356.3062522411346,0.2234,0.011012
1356.4190301895142,0.22487,0.011037
1356.5254118442535,0.22627,0.010946
1356.6274182796478,0.22733,0.010993
1356.7297480106354,0.22833,0.010953
1356.8372855186462,0.22953,0.010841
1356.947233915329,0.23093,0.010839
1357.0645096302032,0.23113,0.010866
1357.1707999706268,0.23387,0.010982
1357.2786719799042,0.23513,0.011011
1357.3825907707214,0.23513,0.01084
1357.4760375022888,0.23587,0.01092
1357.5907227993011,0.23733,0.011039
1357.6999361515045,0.23947,0.01107
1357.8099031448364,0.2402,0.011031
1357.9224090576172,0.24147,0.011103
1358.0315527915955,0.24247,0.011183
1358.128930091858,0.24387,0.011166
1358.2384991645813,0.24493,0.011183
1358.3490006923676,0.24607,0.011129
1358.4509890079498,0.24673,0.01129
1358.5607287883759,0.24773,0.011127
1358.669537305832,0.2488,0.011219
1358.777453660965,0.25013,0.011149
1358.8907279968262,0.2516,0.011144
1359.000694990158,0.25293,0.011254
1359.114469051361,0.25293,0.011152
1359.219358921051,0.25493,0.011147
1359.3199467658997,0.25613,0.011057
1359.4168655872345,0.25727,0.011137
1359.5231699943542,0.25887,0.011081
1359.6294548511505,0.2602,0.011027
1359.7403848171234,0.26073,0.01098
1359.851217508316,0.2612,0.011116
1359.960153579712,0.26313,0.011105
1360.0701742172241,0.2648,0.010962
1360.1797683238983,0.26547,0.010986
1360.2841975688934,0.26627,0.01107
1360.3894426822662,0.26727,0.0111
1360.502244234085,0.26907,0.011017
1360.6082165241241,0.27127,0.011002
1360.7208433151245,0.2708,0.010776
1360.8328409194946,0.27307,0.010833
1360.9389724731445,0.27387,0.010801
1361.0481963157654,0.2748,0.010766
1361.162184715271,0.27593,0.010808
1361.270652294159,0.27713,0.010687
1361.3675553798676,0.27767,0.010689
1361.4771058559418,0.27933,0.010658
1361.5794894695282,0.28093,0.010693
1361.6801393032074,0.28127,0.010584
1361.7903218269348,0.28267,0.010612
1361.9057095050812,0.28333,0.010671
1362.0037789344788,0.28513,0.010638
1362.1117527484894,0.2856,0.010653
1362.2181069850922,0.28693,0.010617
1362.327446937561,0.2884,0.010667
1362.4378411769867,0.28913,0.010645
1362.5518243312836,0.29073,0.010638
1362.6483974456787,0.29247,0.010703
1362.7583677768707,0.29313,0.010691
1362.867701292038,0.29387,0.010683
1362.978370666504,0.294,0.010698
1363.0892024040222,0.29587,0.010723
1363.200273513794,0.29747,0.010662
1363.2971873283386,0.29807,0.010687
1363.4012382030487,0.29947,0.010726
1363.5086452960968,0.0016,0.01066
1363.6182959079742,0.0030667,0.011867
1363.7255220413208,0.0070667,0.011926
1363.8295600414276,0.0102,0.011747
1363.941368341446,0.0164,0.011829
1364.0520915985107,0.016733,0.011641
1364.1638314723969,0.02,0.011754
1364.267067193985,0.026067,0.011904
1364.38046336174,0.0298,0.011799
1364.4899673461914,0.0326,0.011866
1364.6030175685883,0.035533,0.011839
1364.7089247703552,0.039133,0.011648
1364.8201296329498,0.042533,0.01156
1364.9320940971375,0.0458,0.011501
1365.0377535820007,0.0484,0.011402
1365.1505391597748,0.051133,0.011238
1365.2593941688538,0.057,0.011385
1365.3663256168365,0.057467,0.011252
1365.4781510829926,0.0632,0.011334
1365.5771358013153,0.063733,0.011332
1365.6827471256256,0.069267,0.011293
1365.791626214981,0.071667,0.010994
1365.9011843204498,0.075,0.010939
1366.0116710662842,0.0782,0.010925
1366.123343706131,0.081333,0.010918
1366.2200682163239,0.082933,0.010863
1366.3294913768768,0.087067,0.010724
1366.4286489486694,0.089533,0.010839
1366.5397386550903,0.091867,0.010801
1366.6527843475342,0.092867,0.010777
1366.7600462436676,0.093733,0.010736
1366.8627240657806,0.095267,0.01072
1366.970866203308,0.0972,0.010689
1367.081428527832,0.0986,0.010666
1367.1946475505829,0.1,0.010667
1367.2999529838562,0.1026,0.01068
1367.401183128357,0.10287,0.010706
1367.5125377178192,0.104,0.010666
1367.6188015937805,0.10613,0.010706
1367.7297446727753,0.10773,0.010689
1367.83913230896,0.10953,0.010662
1367.9486858844757,0.1108,0.010594
1368.0623590946198,0.11227,0.010707
1368.1691534519196,0.11273,0.010708
1368.2834558486938,0.11413,0.01067
1368.3906948566437,0.11647,0.01067
1368.50306391716,0.11727,0.010683
1368.6094942092896,0.1188,0.010701
1368.720109462738,0.1204,0.010701
1368.8301217556,0.1224,0.010727
1368.933482170105,0.12313,0.010655
1369.0309875011444,0.1254,0.010664
1369.141462802887,0.12493,0.010661
1369.2515823841095,0.12767,0.010663
1369.3613674640656,0.1288,0.010706
1369.471203804016,0.1306,0.010625
1369.5704216957092,0.13167,0.010678
1369.6724390983582,0.1328,0.010706
1369.782354593277,0.1342,0.010779
1369.8950555324554,0.13527,0.01075
1370.0032064914703,0.13673,0.010713
1370.1122405529022,0.138,0.010726
1370.2208306789398,0.13953,0.010698
1370.332656621933,0.13993,0.010731
1370.4449861049652,0.1426,0.010722
1370.5536088943481,0.14407,0.010701
1370.6619610786438,0.14513,0.010767
1370.7722079753876,0.14587,0.010741
1370.8837378025055,0.14807,0.010788
1370.9972109794617,0.14947,0.010879
1371.1050021648407,0.15067,0.010927
1371.2105779647827,0.1516,0.010955
1371.3228528499603,0.15327,0.010919
1371.4325079917908,0.15367,0.010875
1371.5346393585205,0.15547,0.010927
1371.6405944824219,0.15767,0.010869
1371.7570865154266,0.15787,0.010899
1371.8628945350647,0.16,0.010818
1371.972993850708,0.16093,0.010871
1372.0822110176086,0.16087,0.010883
1372.1788380146027,0.1632,0.010884
1372.2920026779175,0.16407,0.010819
1372.4040262699127,0.16647,0.010886
1372.5121629238129,0.1668,0.010809
1372.6225953102112,0.16773,0.010811
1372.732792854309,0.16953,0.01092
1372.8401091098785,0.17053,0.010818
1372.9334616661072,0.17127,0.010787
1373.0439896583557,0.17293,0.010803
1373.1530585289001,0.17353,0.010783
1373.260673046112,0.17493,0.010786
1373.3624413013458,0.17667,0.010782
1373.4755074977875,0.17787,0.010742
1373.5813927650452,0.18027,0.010777
1373.6974437236786,0.1798,0.010826
1373.795105934143,0.18193,0.010848
1373.8964557647705,0.18367,0.010878
1374.0024106502533,0.1846,0.010929
1374.1123869419098,0.18593,0.010924
1374.2163004875183,0.18653,0.011073
1374.3233053684235,0.18807,0.01108
1374.433694601059,0.1888,0.011237
1374.5450174808502,0.19027,0.011424
1374.6545112133026,0.19147,0.011593
1374.7651283740997,0.19247,0.011631
1374.8760108947754,0.19387,0.011881
1374.9819157123566,0.19553,0.01174
1375.0842416286469,0.1954,0.011865
1375.1955242156982,0.19827,0.011897
1375.3028497695923,0.19953,0.011857
1375.4150829315186,0.20027,0.011978
1375.5281026363373,0.2014,0.011932
1375.6325778961182,0.20247,0.011889
1375.742740869522,0.20333,0.01189
1375.854979276657,0.20453,0.011793
1375.9634671211243,0.2058,0.011699
1376.0732610225677,0.20713,0.011583
1376.182907819748,0.2084,0.0116
1376.2932827472687,0.2092,0.0116
1376.392510175705,0.21033,0.011537
1376.5079562664032,0.21133,0.011384
1376.6135461330414,0.21293,0.011337
1376.7272880077362,0.21353,0.011272
1376.8377254009247,0.2164,0.01123
1376.9344718456268,0.21713,0.011177
1377.042997598648,0.21793,0.011159
1377.153962612152,0.219,0.011064
1377.2651009559631,0.22033,0.011022
1377.3741359710693,0.22167,0.011061
1377.4849743843079,0.22273,0.010975
1377.5982539653778,0.223,0.01094
1377.7025332450867,0.22467,0.010909
1377.8114032745361,0.22613,0.010909
1377.9227814674377,0.22727,0.010921
1378.0334022045135,0.22787,0.010895
1378.144372701645,0.22993,0.010778
1378.2539718151093,0.23047,0.010826
1378.3610212802887,0.2324,0.010886
1378.474395275116,0.23347,0.010885
1378.5840554237366,0.2346,0.010894
1378.6962659358978,0.2354,0.010904
1378.794049501419,0.237,0.010998
1378.9032561779022,0.23787,0.010932
1379.0168316364288,0.2392,0.010946
1379.1235406398773,0.24,0.010895
1379.230920791626,0.24147,0.011065
1379.3442935943604,0.24293,0.011095
1379.4523582458496,0.24447,0.011069
1379.557968378067,0.2456,0.010964
1379.6616883277893,0.2458,0.011112
1379.7737500667572,0.24773,0.011027
1379.8829040527344,0.2492,0.011141
1379.992734670639,0.2496,0.011069
1380.104830980301,0.25127,0.011051
1380.2138493061066,0.2518,0.011044
1380.3159103393555,0.25313,0.011023
1380.4163708686829,0.25413,0.011153
1380.523707151413,0.2552,0.011071
1380.6347510814667,0.2564,0.011066
1380.7450196743011,0.25787,0.010985
1380.853280544281,0.2586,0.010929
1380.9653253555298,0.25947,0.010954
1381.0759286880493,0.26213,0.01089
1381.1844437122345,0.26333,0.011002
1381.2942175865173,0.26433,0.010968
1381.4050343036652,0.26547,0.010999
1381.5145008563995,0.26653,0.010925
1381.6149616241455,0.26767,0.010959
1381.72518658638,0.2682,0.010913
1381.8336675167084,0.26907,0.01081
1381.9445478916168,0.2708,0.010716
1382.0544955730438,0.27193,0.010719
1382.155332326889,0.27307,0.010699
1382.2619659900665,0.27373,0.010704
1382.375272989273,0.2748,0.01068
1382.475949048996,0.2756,0.010697
1382.57639169693,0.27753,0.010674
1382.6845450401306,0.27793,0.010657
1382.7958111763,0.2802,0.010622
1382.9054579734802,0.2816,0.010647
1383.0163867473602,0.2812,0.010634
1383.124547958374,0.28387,0.010624
1383.234355688095,0.2846,0.010581
1383.3479135036469,0.28553,0.010609
1383.4541375637054,0.2872,0.010695
1383.5654940605164,0.28807,0.010595
1383.6661944389343,0.28867,0.010551
1383.7656137943268,0.29033,0.010646
1383.8635790348053,0.2916,0.010608
1383.9803144931793,0.292,0.010673
1384.0844359397888,0.2932,0.010663
1384.1980454921722,0.2946,0.010628
1384.3055531978607,0.29647,0.010651
1384.4133262634277,0.29613,0.010685
1384.5238029956818,0.2982,0.010613
1384.6351101398468,0.29913,0.010686
1384.7460482120514,0.0016667,0.010763
1384.8471174240112,0.0032,0.011362
1384.9567680358887,0.0059333,0.011586
1385.0660009384155,0.010267,0.01149
1385.1744434833527,0.013467,0.011685
1385.2873120307922,0.016333,0.011501
1385.3854320049286,0.019467,0.011414
1385.493236064911,0.023133,0.011422
1385.6081516742706,0.0262,0.0116
1385.7172887325287,0.0292,0.011481
1385.825664281845,0.0328,0.011631
1385.9276790618896,0.0386,0.011406
1386.0362620353699,0.038867,0.011357
1386.145842552185,0.0444,0.011439
1386.2518124580383,0.048133,0.011357
1386.361038684845,0.0516,0.011273
1386.4772078990936,0.053933,0.011279
1386.5865633487701,0.056933,0.011302
1386.6956350803375,0.060067,0.011223
1386.8045268058777,0.0632,0.011162
1386.908520936966,0.065933,0.01119
1387.009025335312,0.068867,0.011003
1387.114539861679,0.071933,0.010892
1387.2288455963135,0.075467,0.010958
1387.336879491806,0.077933,0.010775
1387.4460754394531,0.084133,0.010752
1387.5567502975464,0.086933,0.010723
1387.6674518585205,0.089333,0.010754
1387.7789771556854,0.0918,0.010758
1387.8864798545837,0.093133,0.010733
1387.9971544742584,0.094333,0.010753
1388.1063630580902,0.095867,0.010654
1388.2083914279938,0.097333,0.010709
1388.3068108558655,0.098067,0.010715
1388.417358636856,0.099467,0.010656
1388.526015996933,0.101,0.010688
1388.629311323166,0.10267,0.010683
1388.738288640976,0.1038,0.010661
1388.8504056930542,0.10547,0.010656
1388.9578785896301,0.10773,0.010641
1389.070531129837,0.10827,0.01065
1389.1770989894867,0.11087,0.010683
1389.288242816925,0.11227,0.010629
1389.3957467079163,0.11393,0.010647
1389.5079543590546,0.115,0.01064
1389.617253780365,0.11573,0.010658
1389.7271451950073,0.1172,0.010605
1389.8393194675446,0.1188,0.010651
1389.9474675655365,0.1202,0.010646
1390.0575394630432,0.1214,0.010635
1390.1580662727356,0.1228,0.010671
1390.2604596614838,0.12413,0.010651
1390.3686096668243,0.12493,0.010662
1390.4782135486603,0.1274,0.010662
1390.5784423351288,0.12927,0.010702
1390.6828908920288,0.129,0.010665
1390.7891626358032,0.1312,0.010668
1390.8889985084534,0.131,0.01069
1390.9982242584229,0.13447,0.010714
1391.0999302864075,0.13567,0.010747
1391.2077417373657,0.1358,0.010759
1391.319439649582,0.13773,0.010788
1391.4296915531158,0.1388,0.010833
1391.5306713581085,0.14073,0.010769
1391.633106470108,0.1416,0.010855
1391.7386763095856,0.14253,0.010815
1391.8503232002258,0.14387,0.010893
1391.949631690979,0.14533,0.01082
1392.0597217082977,0.1464,0.010978
1392.1742670536041,0.14767,0.010946
1392.2806868553162,0.14907,0.01096
1392.38915848732,0.14973,0.010938
1392.4900879859924,0.1514,0.010942
1392.6005597114563,0.15253,0.011096
1392.7151095867157,0.15373,0.011042
1392.807522058487,0.15473,0.011043
1392.9090824127197,0.1578,0.011052
1393.0123562812805,0.15773,0.010929
1393.1204640865326,0.15873,0.011088
1393.229981660843,0.1594,0.011005
1393.3414256572723,0.16213,0.010996
1393.4501180648804,0.16307,0.011089
1393.5600428581238,0.16407,0.010919
1393.670040845871,0.1656,0.010972
1393.7733042240143,0.16687,0.010932
1393.8722085952759,0.1674,0.010955
1393.9809770584106,0.1696,0.010895
1394.0798254013062,0.1702,0.010913
1394.1889255046844,0.17233,0.010785
1394.2906241416931,0.17247,0.01079
1394.3898158073425,0.174,0.010668
1394.4901704788208,0.17553,0.010758
1394.601716518402,0.17607,0.010771
1394.7093482017517,0.1778,0.010809
1394.8230195045471,0.17887,0.010809
1394.9239628314972,0.18013,0.010806
1395.0284643173218,0.18127,0.010938
1395.1416747570038,0.182,0.010944
1395.2525656223297,0.18447,0.011026
1395.365271806717,0.1854,0.011092
1395.464903831482,0.18533,0.011136
1395.5700495243073,0.18773,0.011279
1395.682286977768,0.18907,0.011399
1395.7903945446014,0.19,0.011487
1395.9008638858795,0.19113,0.011699
1396.0046000480652,0.19267,0.011614
1396.101307630539,0.19353,0.011882
1396.2120130062103,0.1948,0.01181
1396.321696281433,0.1962,0.011907
1396.4301216602325,0.197,0.011948
1396.5428750514984,0.1982,0.011925
1396.6490905284882,0.19953,0.011956
1396.7652533054352,0.20033,0.011976
1396.875048160553,0.20273,0.011954
1396.9810049533844,0.20347,0.011726
1397.094417333603,0.20553,0.011765
1397.203577041626,0.20673,0.011727
1397.3092942237854,0.20733,0.011596
1397.4219238758087,0.2082,0.011693
1397.531345129013,0.20953,0.011394
1397.6424269676208,0.21027,0.011406
1397.7409172058105,0.2124,0.011478
1397.8516087532043,0.21273,0.011335
1397.960730791092,0.21373,0.011152
1398.074420452118,0.21447,0.011158
1398.17760014534,0.21727,0.011264
1398.2946252822876,0.21733,0.01111
1398.3993935585022,0.21953,0.011077
1398.5126259326935,0.2208,0.011011
1398.6219775676727,0.22153,0.010924
1398.7224798202515,0.2228,0.010949
1398.8229403495789,0.2232,0.010891
1398.9335100650787,0.22533,0.010855
1399.0471014976501,0.22667,0.010842
1399.1558327674866,0.22713,0.010853
1399.2609329223633,0.22887,0.010833
1399.3723649978638,0.2296,0.0108
1399.4799933433533,0.2304,0.010786
1399.5932326316833,0.232,0.010805
1399.6902017593384,0.23273,0.010804
1399.8037786483765,0.23413,0.010847
1399.9131336212158,0.23507,0.010721
1400.020947933197,0.2364,0.010926
1400.1337084770203,0.23787,0.010955
1400.2340779304504,0.2398,0.010831
1400.3450102806091,0.2402,0.010882
1400.4521408081055,0.24107,0.010922
1400.5615348815918,0.24213,0.010919
1400.6734735965729,0.24347,0.010978
1400.7812786102295,0.24493,0.010934
1400.8808236122131,0.2458,0.010862
1400.9835104942322,0.24653,0.010984
1401.0803718566895,0.2476,0.01097
1401.1950488090515,0.24887,0.010955
1401.3022010326385,0.2498,0.010897
1401.4142806529999,0.25167,0.01093
1401.5233793258667,0.25233,0.010903
1401.6340336799622,0.25407,0.01094
1401.743635892868,0.2554,0.010936
1401.854281425476,0.2562,0.010965
1401.9651420116425,0.25753,0.010872
1402.0769670009613,0.25887,0.010887
1402.1854691505432,0.2598,0.010933
1402.2938828468323,0.26113,0.010924
1402.403347492218,0.26213,0.010952
1402.512886762619,0.26267,0.01093
1402.6228532791138,0.26447,0.010923
1402.7288701534271,0.2652,0.010914
1402.8328733444214,0.26753,0.010845
1402.941885471344,0.2686,0.01082
1403.0559957027435,0.26807,0.010734
1403.161386013031,0.27067,0.010672
1403.2617182731628,0.2716,0.010638
1403.3730936050415,0.2726,0.010661
1403.4817996025085,0.27387,0.010662
1403.5910954475403,0.2746,0.010645
1403.7025468349457,0.27607,0.010629
1403.8041801452637,0.2772,0.010692
1403.909495830536,0.27813,0.010658
1404.0150027275085,0.2794,0.010626
1404.1230795383453,0.2804,0.010645
1404.232007741928,0.2818,0.010639
1404.348702430725,0.28307,0.010636
1404.4561650753021,0.28433,0.010608
1404.5637423992157,0.285,0.010647
1404.6769335269928,0.2874,0.010644
1404.7848122119904,0.2882,0.010619
1404.8892538547516,0.28893,0.010627
1404.9952054023743,0.29033,0.010663
1405.0953862667084,0.29113,0.010627
1405.1923534870148,0.29233,0.010638
1405.301800251007,0.29367,0.010662
1405.4071383476257,0.2942,0.010649
1405.5200545787811,0.29487,0.010644
1405.6296150684357,0.29627,0.010678
1405.7374243736267,0.29767,0.010596
1405.8494470119476,0.29887,0.010643
1405.9629518985748,0.3,0.01065
1406.0594599246979,0.0022667,0.010701
1406.1717183589935,0.0028,0.011331
1406.2784898281097,0.0066667,0.011211
1406.3795206546783,0.0097333,0.011353
1406.4906058311462,0.016133,0.011237
1406.5901515483856,0.0192,0.011282
1406.6853384971619,0.0228,0.011259
1406.8013138771057,0.026067,0.011293
1406.9112086296082,0.029133,0.011229
1407.0243999958038,0.032067,0.011105
1407.1322183609009,0.035267,0.01117
1407.2303960323334,0.038467,0.01111
1407.3386483192444,0.042267,0.011133
1407.4509236812592,0.0452,0.011233
1407.5609843730927,0.047467,0.01107
1407.6687343120575,0.0508,0.011201
1407.780513048172,0.053733,0.011027
1407.890569448471,0.057067,0.011103
1407.9973034858704,0.059667,0.010994
1408.1063480377197,0.062667,0.010963
1408.222979068756,0.068667,0.010833
1408.3279197216034,0.072133,0.010794
1408.4409534931183,0.075067,0.010765
1408.5492470264435,0.0776,0.010727
1408.6600461006165,0.080467,0.010751
1408.7610201835632,0.082933,0.010697
1408.8616352081299,0.0864,0.010725
1408.9706859588623,0.089067,0.010715
1409.0789234638214,0.091533,0.010655
1409.1948368549347,0.093067,0.010667
1409.3016653060913,0.095,0.010653
1409.4106976985931,0.095533,0.010673
1409.5207464694977,0.0988,0.010673
1409.6196961402893,0.10073,0.010698
1409.7310919761658,0.0998,0.010619
1409.84033203125,0.1028,0.010702
1409.9497351646423,0.10427,0.010668
1410.059843301773,0.10527,0.010656
1410.1606962680817,0.10693,0.010611
1410.2724537849426,0.1078,0.010659
1410.3786270618439,0.1096,0.010694
1410.489827632904,0.11113,0.010636
1410.5977985858917,0.11247,0.010643
1410.700082540512,0.11393,0.010641
1410.807419538498,0.11453,0.010653
1410.9198634624481,0.116,0.010593
1411.0185496807098,0.118,0.010638
1411.1214697360992,0.1186,0.010663
1411.2337338924408,0.12113,0.01069
1411.3311445713043,0.1216,0.010615
1411.445743560791,0.12293,0.010679
1411.5476713180542,0.1252,0.010629
1411.6620049476624,0.12627,0.010679
1411.7708098888397,0.12787,0.010673
1411.8826797008514,0.12933,0.010658
1411.990660905838,0.13007,0.010721
1412.1007285118103,0.1308,0.010772
1412.2117204666138,0.13253,0.010847
1412.3215594291687,0.13373,0.010772
1412.4332139492035,0.1358,0.010875
1412.5397758483887,0.13633,0.010801
1412.651307106018,0.1382,0.010881
1412.7642016410828,0.13873,0.010976
1412.8609263896942,0.13993,0.010925
1412.9596033096313,0.1424,0.010973
1413.073885679245,0.14313,0.011075
1413.1820607185364,0.145,0.011068
1413.2909979820251,0.14607,0.011024
1413.4053599834442,0.14767,0.011097
1413.511552810669,0.14993,0.011182
1413.6205434799194,0.1502,0.011201
1413.7334172725677,0.15093,0.011171
1413.8432550430298,0.15227,0.011179
1413.9493429660797,0.15347,0.011198
1414.0609803199768,0.1552,0.01112
1414.1710431575775,0.15613,0.011067
1414.2826991081238,0.1576,0.011212
1414.3949944972992,0.15967,0.011125
1414.501212835312,0.16053,0.011314
1414.6125936508179,0.1616,0.011226
1414.7229268550873,0.16307,0.011165
1414.8209736347198,0.16407,0.011053
1414.9321677684784,0.165,0.011137
1415.0302515029907,0.16627,0.011067
1415.1338284015656,0.16753,0.010896
1415.2426300048828,0.16847,0.010934
1415.3440701961517,0.17027,0.011005
1415.4585065841675,0.17107,0.010938
1415.561800956726,0.17247,0.010826
1415.673887014389,0.17367,0.010882
1415.7811522483826,0.17607,0.010817
1415.8905112743378,0.1756,0.010826
1415.9923663139343,0.17733,0.010895
1416.1030671596527,0.17827,0.010856
1416.2135083675385,0.18133,0.010916
1416.32417345047,0.18147,0.010914
1416.431940317154,0.1834,0.011092
1416.547125339508,0.1842,0.010901
1416.6545095443726,0.18513,0.010998
1416.7622609138489,0.187,0.011231
1416.8701417446136,0.18793,0.011335
1416.983413696289,0.18887,0.011561
1417.0923759937286,0.19067,0.011607
1417.2048087120056,0.19087,0.011563
1417.314759016037,0.19307,0.01181
1417.426479101181,0.19327,0.011719
1417.5325820446014,0.1956,0.011875
1417.6342091560364,0.1956,0.01195
1417.7407519817352,0.19787,0.011892
1417.8444819450378,0.199,0.011959
1417.9538254737854,0.199,0.011829
1418.0651161670685,0.2018,0.011666
1418.1738607883453,0.2028,0.011835
1418.2841255664825,0.2036,0.011724
1418.3844344615936,0.20433,0.011626
1418.4882912635803,0.20587,0.011643
1418.5841748714447,0.20673,0.011539
1418.693823337555,0.2078,0.011542
1418.804446697235,0.20927,0.011363
1418.9061551094055,0.2102,0.011387
1419.0130746364594,0.21113,0.011367
1419.1252205371857,0.2118,0.011385
1419.2347226142883,0.21333,0.011304
1419.345935344696,0.21513,0.011275
1419.4554402828217,0.21627,0.011195
1419.564036846161,0.21807,0.011024
1419.6782233715057,0.219,0.010953
1419.7833631038666,0.2202,0.010997
1419.8936321735382,0.2208,0.01095
1420.0039367675781,0.2224,0.010917
1420.1134736537933,0.2238,0.010887
1420.2229018211365,0.2246,0.010894
1420.335175037384,0.22527,0.01082
1420.4507610797882,0.22667,0.010885
1420.5585725307465,0.22747,0.01083
1420.6570999622345,0.23013,0.010863
1420.755791425705,0.2306,0.010839
1420.8651440143585,0.23147,0.01078
1420.9772417545319,0.23247,0.010814
1421.0880250930786,0.23473,0.010812
1421.1971213817596,0.2358,0.010785
1421.3064227104187,0.23647,0.010848
1421.4134681224823,0.23807,0.010896
1421.525372505188,0.23853,0.010901
1421.6366221904755,0.2396,0.010842
1421.748654127121,0.24127,0.01095
1421.8567752838135,0.2422,0.010923
1421.9523260593414,0.24307,0.010966
1422.0650219917297,0.2442,0.010899
1422.1783640384674,0.24527,0.010894
1422.286767244339,0.24787,0.010899
1422.3973302841187,0.2492,0.010917
1422.4955220222473,0.24933,0.010851
1422.605736732483,0.2508,0.010908
1422.715306520462,0.252,0.010788
1422.8291552066803,0.25287,0.010852
1422.9268953800201,0.25453,0.010798
1423.0268788337708,0.2554,0.010879
1423.1382274627686,0.25687,0.010853
1423.2469696998596,0.25833,0.010839
1423.3543243408203,0.259,0.010812
1423.4586346149445,0.26007,0.010804
1423.5588924884796,0.26067,0.010865
1423.6685509681702,0.262,0.010838
1423.7764585018158,0.2628,0.01083
1423.8758466243744,0.26393,0.010737
1423.9899027347565,0.2646,0.010851
1424.097062587738,0.2668,0.010728
1424.2069172859192,0.26727,0.010706
1424.3175010681152,0.268,0.010679
1424.4163489341736,0.27033,0.010652
1424.527170419693,0.2714,0.010639
1424.6338865756989,0.27167,0.010677
1424.7475204467773,0.27353,0.010638
1424.8572597503662,0.2746,0.010642
1424.9663197994232,0.2764,0.01065
1425.0759994983673,0.277,0.010683
1425.1838734149933,0.27807,0.01065
1425.2938840389252,0.2788,0.01065
1425.4073612689972,0.28113,0.010628
1425.5148947238922,0.2806,0.010609
1425.6280434131622,0.28287,0.010626
1425.734858751297,0.2836,0.010601
1425.8481171131134,0.28547,0.010646
1425.955721616745,0.28627,0.010647
1426.0674679279327,0.2874,0.010631
1426.1773116588593,0.28867,0.010642
1426.287292957306,0.2892,0.010662
1426.3956203460693,0.2902,0.010599
1426.5082273483276,0.29227,0.010627
1426.6190195083618,0.29247,0.01061
1426.726425409317,0.294,0.010676
1426.8269879817963,0.29487,0.010633
1426.9277849197388,0.29633,0.010642
1427.0262393951416,0.2972,0.010644
1427.138797044754,0.29867,0.010679
1427.2500023841858,0.29913,0.011158
1427.358958721161,0.0026667,0.0107
1427.465440750122,0.0055333,0.011153
1427.5812261104584,0.0087333,0.010962
1427.6907498836517,0.012267,0.011114
1427.7954642772675,0.015267,0.011106
1427.909698009491,0.019067,0.011053
1428.0190443992615,0.022333,0.011061
1428.1285848617554,0.025467,0.011071
1428.2375671863556,0.031667,0.010915
1428.3480293750763,0.0316,0.01097
1428.449111700058,0.034933,0.010898
1428.5568590164185,0.0416,0.010992
1428.6583313941956,0.040733,0.010941
1428.7686967849731,0.0472,0.010962
1428.882601737976,0.047667,0.010914
1428.9899713993073,0.053667,0.010915
1429.1006128787994,0.056867,0.010826
1429.213666677475,0.059733,0.010818
1429.3165874481201,0.062467,0.010781
1429.4294607639313,0.0654,0.010768
1429.528652191162,0.068733,0.010735
1429.6318128108978,0.072133,0.010705
1429.741222858429,0.0746,0.010697
1429.8501143455505,0.077667,0.010667
1429.9579033851624,0.0822,0.010728
1430.0610220432281,0.0834,0.010711
1430.1698920726776,0.086333,0.010635
1430.2784769535065,0.09,0.010679
1430.3890914916992,0.091267,0.010688
1430.5063226222992,0.0942,0.010665
1430.612740278244,0.095267,0.01064
1430.7126972675323,0.096467,0.010691
1430.820547580719,0.098067,0.010685
1430.9293024539948,0.099133,0.01066
1431.0478987693787,0.10073,0.01063
1431.1498103141785,0.10253,0.010648
1431.2583792209625,0.10427,0.010649
1431.3705170154572,0.10507,0.010613
1431.4829139709473,0.108,0.010644
1431.5909523963928,0.10827,0.010643
1431.699539422989,0.1104,0.010639
1431.7997975349426,0.1118,0.010667
1431.90216755867,0.11167,0.01063
1432.0088798999786,0.1142,0.010662
1432.1206758022308,0.11553,0.010612
1432.2191631793976,0.11567,0.010659
1432.3311731815338,0.11867,0.010624
1432.440887928009,0.11973,0.010638
1432.5512328147888,0.12093,0.010675
1432.6603481769562,0.12273,0.010618
1432.7722306251526,0.12413,0.010703
1432.8835754394531,0.1248,0.010706
1432.9913108348846,0.12607,0.010811
1433.1003341674805,0.1268,0.010746
1433.209350347519,0.12793,0.01078
1433.322246313095,0.12967,0.010832
1433.434009552002,0.13253,0.010861
1433.5466759204865,0.13373,0.010933
1433.6410496234894,0.13407,0.010897
1433.7541785240173,0.1366,0.011038
1433.8616404533386,0.13693,0.011009
1433.9715201854706,0.1382,0.011076
1434.0830082893372,0.13987,0.011217
1434.182459115982,0.14187,0.011104
1434.2914214134216,0.14247,0.011176
1434.4014604091644,0.1434,0.011253
1434.5100705623627,0.14487,0.011328
1434.6227505207062,0.14587,0.011311
1434.7297258377075,0.14713,0.011361
1434.841498374939,0.1484,0.011359
1434.9556591510773,0.15047,0.011486
1435.0610184669495,0.15193,0.011474
1435.170839548111,0.15327,0.01138
1435.2816829681396,0.1546,0.011456
1435.3943884372711,0.15593,0.01145
1435.5014770030975,0.15673,0.01134
1435.6111249923706,0.1582,0.011297
1435.712026834488,0.1596,0.011227
1435.8123860359192,0.16173,0.011367
1435.927285194397,0.16253,0.011161
1436.0319154262543,0.1646,0.011225
1436.1345484256744,0.16473,0.011156
1436.2380275726318,0.1654,0.011062
1436.351079940796,0.16793,0.011158
1436.459817647934,0.1684,0.011165
1436.573532819748,0.17067,0.011078
1436.6720294952393,0.17147,0.011011
1436.7799093723297,0.17107,0.011047
1436.8936793804169,0.17347,0.01101
1437.0005826950073,0.1742,0.0109
1437.1089861392975,0.1756,0.01089
1437.223471403122,0.17667,0.010911
1437.3326992988586,0.1778,0.010895
1437.4426696300507,0.17973,0.010877
1437.5511193275452,0.1806,0.010931
1437.654254436493,0.18147,0.010978
1437.7583756446838,0.183,0.011058
1437.8729963302612,0.18493,0.011047
1437.9833307266235,0.18527,0.011347
1438.0929799079895,0.18673,0.011312
1438.2032010555267,0.188,0.011388
1438.317381620407,0.188,0.011533
1438.421756029129,0.19133,0.01172
1438.5232193470001,0.19253,0.011781
1438.6242277622223,0.1928,0.011624
1438.733276128769,0.19407,0.011754
1438.8421342372894,0.19507,0.011726
1438.954690694809,0.1966,0.011857
1439.0606653690338,0.1968,0.011727
1439.1741497516632,0.1988,0.01174
1439.2831935882568,0.20113,0.01168
1439.3942008018494,0.20107,0.011738
1439.5063698291779,0.20307,0.011766
1439.6118743419647,0.2038,0.011601
1439.7218153476715,0.20527,0.011632
1439.8371596336365,0.20693,0.011532
1439.9421920776367,0.20753,0.011476
1440.0539255142212,0.20907,0.011425
1440.1524198055267,0.21027,0.01146
1440.2669742107391,0.21133,0.011261
1440.3735752105713,0.21273,0.011295
1440.481246471405,0.21347,0.011195
1440.5939877033234,0.21413,0.011189
1440.6950781345367,0.21567,0.011191
1440.795301437378,0.2162,0.011096
1440.9053082466125,0.2188,0.011017
1441.0158698558807,0.21927,0.010961
1441.1238071918488,0.22113,0.011015
1441.237817287445,0.2224,0.010917
1441.3436796665192,0.2234,0.010807
1441.453161239624,0.2242,0.010864
1441.5635590553284,0.226,0.010847
1441.6783978939056,0.22673,0.010764
1441.784015417099,0.228,0.010807
1441.8943846225739,0.2294,0.010775
1441.993702173233,0.23033,0.010797
1442.1047110557556,0.23153,0.01073
1442.214769601822,0.2318,0.010771
1442.324589729309,0.23287,0.010822
1442.4330897331238,0.23533,0.010758
1442.543351650238,0.2354,0.010759
1442.6561288833618,0.23767,0.010712
1442.7614948749542,0.23873,0.010806
1442.8549890518188,0.23807,0.010823
1442.9547832012177,0.24093,0.010895
1443.0687544345856,0.24193,0.010871
1443.1761348247528,0.24327,0.010851
1443.2865533828735,0.2442,0.010857
1443.3955521583557,0.24507,0.010966
1443.4962103366852,0.2468,0.010905
1443.6056520938873,0.2474,0.010843
1443.7131299972534,0.24833,0.010864
1443.8185670375824,0.24987,0.010865
1443.9272198677063,0.25127,0.010813
1444.026762008667,0.2518,0.010818
1444.1284441947937,0.25287,0.010851
1444.2397661209106,0.2542,0.01078
1444.3473689556122,0.2554,0.010819
1444.4562957286835,0.2558,0.010781
1444.5691215991974,0.259,0.01077
1444.6756224632263,0.25913,0.01078
1444.7901637554169,0.26113,0.010796
1444.9007658958435,0.26147,0.010762
1445.0086538791656,0.2628,0.010746
1445.1078457832336,0.26407,0.010751
1445.215742111206,0.26487,0.010699
1445.32670211792,0.2666,0.010678
1445.4375274181366,0.26707,0.010715
1445.5477952957153,0.268,0.010695
1445.660539150238,0.26967,0.01063
1445.7680835723877,0.27073,0.010664
1445.8820252418518,0.27133,0.010605
1445.98810505867,0.27347,0.010653
1446.1013073921204,0.27433,0.010658
1446.1963334083557,0.27447,0.010675
1446.299292087555,0.27533,0.010582
1446.4081699848175,0.27793,0.010633
1446.5198774337769,0.27933,0.0106
1446.6179406642914,0.27927,0.010661
1446.7259197235107,0.281,0.010631
1446.8381698131561,0.2826,0.010586
1446.9504537582397,0.28307,0.01064
1447.062000989914,0.28453,0.010621
1447.166434764862,0.2854,0.010601
1447.2763586044312,0.28647,0.010672
1447.3864455223083,0.287,0.010655
1447.5052359104156,0.28973,0.010614
1447.6084024906158,0.29,0.010604
1447.7216618061066,0.292,0.010605
1447.8281922340393,0.29313,0.010609
1447.9406456947327,0.2938,0.010659
1448.0457835197449,0.29533,0.010683
1448.158711194992,0.2962,0.010684
1448.2699010372162,0.29767,0.010631
1448.3813254833221,0.29833,0.010618
1448.477260351181,0.299,0.010661
1448.575914144516,0.0012,0.010621
1448.680020570755,0.0022667,0.010921
1448.7868719100952,0.0056667,0.010942
1448.8985705375671,0.0094667,0.010785
1449.010626077652,0.012867,0.010899
1449.1186110973358,0.015467,0.010934
1449.2215003967285,0.0192,0.010883
1449.3285405635834,0.025667,0.01101
1449.4298734664917,0.028333,0.010874
1449.5403270721436,0.032133,0.010859
1449.6500182151794,0.032133,0.010849
1449.7492017745972,0.038333,0.010808
1449.860294342041,0.040867,0.01088
1449.9688839912415,0.043667,0.010784
1450.0809571743011,0.047333,0.010783
1450.1905491352081,0.050267,0.010789
1450.2987883090973,0.0538,0.010689
1450.3996260166168,0.056267,0.010792
1450.5100364685059,0.059467,0.010729
1450.6161677837372,0.062333,0.010621
1450.7190420627594,0.065333,0.010759
1450.8294970989227,0.068867,0.010768
1450.9360041618347,0.0742,0.010642
1451.0502018928528,0.074467,0.010702
1451.1603631973267,0.0796,0.010687
1451.2577652931213,0.082667,0.010622
1451.3615272045135,0.085933,0.010705
1451.4700772762299,0.0886,0.01069
1451.5698273181915,0.088533,0.010631
1451.680669784546,0.092733,0.01063
1451.7779033184052,0.094467,0.010667
1451.8911483287811,0.096133,0.010691
1451.998204946518,0.096733,0.010696
1452.0986590385437,0.098,0.010689
1452.2096047401428,0.099267,0.010657
1452.311384677887,0.10153,0.010721
1452.420206785202,0.1022,0.010654
1452.529613018036,0.1034,0.010689
1452.637924194336,0.10527,0.01074
1452.7489597797394,0.1064,0.010623
1452.8586690425873,0.109,0.010652
1452.9699747562408,0.10893,0.010688
1453.0708267688751,0.11193,0.010674
1453.1786103248596,0.11307,0.010658
1453.2871096134186,0.11487,0.010643
1453.4020776748657,0.11527,0.01074
1453.5114138126373,0.11673,0.010631
1453.6222703456879,0.1184,0.010693
1453.7301564216614,0.11913,0.010653
1453.837785243988,0.12073,0.010695
1453.9484720230103,0.12247,0.010715
1454.0625240802765,0.123,0.010791
1454.158154964447,0.12507,0.010781
1454.2603785991669,0.12587,0.010713
1454.368178844452,0.12767,0.010768
1454.4788320064545,0.12893,0.010774
1454.5943441390991,0.13113,0.010935
1454.6893632411957,0.13253,0.010973
1454.799988269806,0.13353,0.010976
1454.9001610279083,0.13553,0.011147
1455.0137803554535,0.13613,0.011167
1455.120412349701,0.13733,0.011176
1455.2192120552063,0.1388,0.01133
1455.3304159641266,0.1398,0.011427
1455.4419493675232,0.14133,0.011446
1455.5517084598541,0.14307,0.011505
1455.6594488620758,0.14387,0.011415
1455.7702531814575,0.145,0.011563
1455.8861711025238,0.14647,0.011682
1455.9856803417206,0.14847,0.011649
1456.0918588638306,0.14907,0.011682
1456.197054862976,0.14947,0.011733
1456.3083896636963,0.15227,0.011546
1456.4112000465393,0.1536,0.011649
1456.5117719173431,0.1534,0.011669
1456.6105148792267,0.15467,0.011625
1456.7236692905426,0.1558,0.011496
1456.8302586078644,0.15867,0.011496
1456.9423825740814,0.15947,0.011426
1457.046029806137,0.16053,0.011483
1457.1438915729523,0.16213,0.011444
1457.2544870376587,0.16353,0.011274
1457.363789319992,0.16413,0.011322
1457.4728667736053,0.1656,0.011239
1457.5828304290771,0.16633,0.011241
1457.6970138549805,0.1674,0.011134
1457.8040928840637,0.1686,0.011071
1457.9113373756409,0.17033,0.010942
1458.0235977172852,0.17247,0.010978
1458.1328537464142,0.17267,0.011027
1458.242291212082,0.17347,0.010885
1458.3530218601227,0.17587,0.010968
1458.4626669883728,0.1766,0.010938
1458.573271036148,0.17827,0.010885
1458.6824316978455,0.17893,0.010906
1458.793902873993,0.1802,0.010888
1458.9000759124756,0.182,0.010885
1459.0126676559448,0.1826,0.010945
1459.1217188835144,0.1836,0.011122
1459.221518754959,0.18507,0.011206
1459.3300821781158,0.1862,0.011232
1459.4273958206177,0.1872,0.011266
1459.5412783622742,0.189,0.011564
1459.646746635437,0.19067,0.011657
1459.7488248348236,0.19053,0.01148
1459.859058856964,0.19287,0.01158
1459.968178987503,0.19313,0.011702
1460.0771460533142,0.19533,0.011641
1460.1903297901154,0.1964,0.011582
1460.2984583377838,0.19727,0.011745
1460.4074912071228,0.199,0.011655
1460.5208275318146,0.20033,0.011623
1460.619574546814,0.20087,0.011586
1460.7304158210754,0.20253,0.011539
1460.8450753688812,0.2036,0.01157
1460.9477307796478,0.2058,0.011524
1461.0621147155762,0.2056,0.011537
1461.1734201908112,0.20767,0.0114
1461.2685384750366,0.20933,0.011265
1461.3681881427765,0.20953,0.011324
1461.4699370861053,0.21153,0.011289
1461.582641363144,0.21173,0.011308
1461.679803609848,0.21213,0.011218
1461.7915017604828,0.21413,0.011217
1461.897165298462,0.2154,0.011107
1462.0093796253204,0.21613,0.011136
1462.121398448944,0.21767,0.011004
1462.2300028800964,0.21873,0.011081
1462.3429024219513,0.21987,0.010837
1462.4445977210999,0.22153,0.010915
1462.5489110946655,0.2222,0.010988
1462.65891623497,0.22293,0.010872
1462.7700324058533,0.22427,0.010898
1462.8801736831665,0.22667,0.010786
1462.989557504654,0.22647,0.010767
1463.100371837616,0.22887,0.010637
1463.2089896202087,0.2306,0.010698
1463.3203580379486,0.231,0.010801
1463.4324378967285,0.23247,0.010704
1463.5382838249207,0.23287,0.010758
1463.6474332809448,0.23487,0.010798
1463.7643103599548,0.23573,0.010754
1463.8693833351135,0.23693,0.0107
1463.9843394756317,0.23787,0.010702
1464.0895211696625,0.23893,0.010779
1464.190407037735,0.2394,0.010765
1464.2882857322693,0.24067,0.010771
1464.3989531993866,0.24293,0.010822
1464.5119874477386,0.2436,0.010696
1464.6229259967804,0.24493,0.010752
1464.7294158935547,0.2468,0.010778
1464.8377408981323,0.24727,0.010811
1464.9511647224426,0.24847,0.01084
1465.0613577365875,0.2498,0.010752
1465.158294916153,0.2514,0.01077
1465.2708497047424,0.2514,0.010798
1465.3772103786469,0.2532,0.010809
1465.491291999817,0.25367,0.010757
1465.6008925437927,0.25633,0.01061
1465.7113165855408,0.25667,0.010726
1465.8206164836884,0.25847,0.010712
1465.9287059307098,0.25833,0.010672
1466.0410523414612,0.26087,0.010666
1466.1528956890106,0.26207,0.010692
1466.2603242397308,0.26293,0.010671
1466.3677830696106,0.2634,0.010652
1466.4601986408234,0.26513,0.010689
1466.574026107788,0.26653,0.010693
1466.6854257583618,0.26733,0.010641
1466.7874958515167,0.26847,0.010703
1466.9004011154175,0.2694,0.01069
1467.0080795288086,0.27033,0.010602
1467.1216821670532,0.27187,0.010657
1467.2310194969177,0.27247,0.010611
1467.344098329544,0.27473,0.010674
1467.4531881809235,0.27593,0.010678
1467.5607995986938,0.27667,0.010663
1467.6720468997955,0.2782,0.010653
1467.782225370407,0.27907,0.01065
1467.8812630176544,0.2802,0.010611
1467.9901716709137,0.28113,0.010633
1468.1019687652588,0.2824,0.010655
1468.21262550354,0.2836,0.0107
1468.3227944374084,0.2844,0.010646
1468.423344373703,0.28593,0.010639
1468.5326793193817,0.28713,0.010685
1468.638694524765,0.2888,0.010682
1468.7507429122925,0.2886,0.010709
1468.8616590499878,0.2908,0.010658
1468.973058462143,0.2912,0.010634
1469.082355260849,0.29293,0.010676
1469.1791121959686,0.29453,0.010666
1469.2823820114136,0.294,0.0106
1469.3959860801697,0.2962,0.010633
1469.5013461112976,0.29687,0.010672
1469.6114118099213,0.298,0.010702
1469.7224729061127,0.299,0.010702
1469.829761505127,-0.00013333,0.011414
1469.9425358772278,0.0023333,0.01091
1470.0425477027893,0.0056667,0.010807
1470.1426322460175,0.0087333,0.010718
1470.2541391849518,0.012067,0.010854
1470.3652336597443,0.0148,0.010722
1470.4733839035034,0.018667,0.01085
1470.5839552879333,0.025,0.010822
1470.69234085083,0.025133,0.010843
1470.8015773296356,0.0308,0.010756
1470.9033381938934,0.0348,0.010719
1471.0128231048584,0.0376,0.010745
1471.1224563121796,0.040867,0.010733
1471.2335848808289,0.043533,0.01069
1471.3426806926727,0.047333,0.010717
1471.4422690868378,0.050267,0.010664
1471.5467994213104,0.053333,0.010625
1471.6512115001678,0.0564,0.010672
1471.7689566612244,0.059533,0.010673
1471.8720684051514,0.063,0.010644
1471.9845633506775,0.065667,0.010714
1472.0932130813599,0.071133,0.010749
1472.202897310257,0.071467,0.010669
1472.3117032051086,0.073867,0.010678
1472.428674697876,0.080267,0.010713
1472.532802581787,0.083533,0.010678
1472.644044160843,0.086133,0.010627
1472.7519931793213,0.088267,0.010643
1472.8623077869415,0.091,0.010675
1472.961658000946,0.0926,0.01073
1473.071192741394,0.094467,0.010669
1473.181170463562,0.095933,0.010675
1473.290357351303,0.096533,0.010722
1473.3923587799072,0.097933,0.010699
1473.4939126968384,0.0994,0.010684
1473.5985126495361,0.101,0.010727
1473.7075653076172,0.1018,0.010716
1473.8163602352142,0.10347,0.010716
1473.9198377132416,0.10647,0.010734
1474.0297560691833,0.10667,0.010637
1474.1271555423737,0.109,0.010677
1474.2395248413086,0.11027,0.01068
1474.3533067703247,0.11167,0.010722
1474.4474396705627,0.11333,0.01077
1474.5608813762665,0.11407,0.010681
1474.6664085388184,0.1154,0.010742
1474.7706923484802,0.11713,0.010677
1474.871322631836,0.11793,0.010757
1474.9838516712189,0.11933,0.01076
1475.081377506256,0.12113,0.010648
1475.1801254749298,0.12147,0.010709
1475.2920627593994,0.1238,0.010823
1475.400554895401,0.12413,0.010767
1475.5106282234192,0.12613,0.010784
1475.6218914985657,0.12667,0.011042
1475.7208709716797,0.12867,0.010905
1475.8218803405762,0.1298,0.010937
1475.936840057373,0.13107,0.011114
1476.0323550701141,0.13247,0.011124
1476.1318082809448,0.1336,0.011268
1476.2319774627686,0.1352,0.011318
1476.342797279358,0.13593,0.011416
1476.451448917389,0.1392,0.011563
1476.560082435608,0.13893,0.011561
1476.6759963035583,0.1412,0.0116
1476.782795906067,0.142,0.011702
1476.879788160324,0.1422,0.011841
1476.9805181026459,0.14467,0.011671
1477.0887989997864,0.146,0.011826
1477.1996731758118,0.1468,0.011859
1477.3156638145447,0.14873,0.011786
1477.4096953868866,0.15,0.01191
1477.5200457572937,0.15173,0.011834
1477.6291902065277,0.15167,0.011795
1477.740306854248,0.15347,0.011729
1477.8497965335846,0.1544,0.01167
1477.957276582718,0.15573,0.011477
1478.050745010376,0.15713,0.011555
1478.1621623039246,0.15773,0.011494
1478.2620351314545,0.15947,0.011423
1478.3677771091461,0.16047,0.011434
1478.4821028709412,0.16293,0.011329
1478.5898160934448,0.16247,0.011316
1478.7011704444885,0.16493,0.011286
1478.8054857254028,0.16573,0.011266
1478.8995640277863,0.16753,0.01114
1479.0131063461304,0.16833,0.011136
1479.1213958263397,0.16953,0.011115
1479.2201373577118,0.1708,0.010939
1479.3207490444183,0.17213,0.011046
1479.4332723617554,0.17327,0.010949
1479.5434775352478,0.17447,0.010923
1479.6513249874115,0.17607,0.010887
1479.7602899074554,0.17707,0.010935
1479.8774127960205,0.17813,0.010854
1479.9886651039124,0.17913,0.010987
1480.0820243358612,0.18047,0.010989
1480.1920433044434,0.18167,0.011083
1480.3003149032593,0.18287,0.010896
1480.4134101867676,0.1852,0.011079
1480.5204920768738,0.18587,0.011111
1480.6329054832458,0.1868,0.011256
1480.734629869461,0.1882,0.011295
1480.8394572734833,0.18967,0.01129
1480.949447631836,0.19093,0.011416
1481.0636732578278,0.19173,0.011357
1481.1591930389404,0.19287,0.011483
1481.2688314914703,0.19433,0.011636
1481.3803706169128,0.1956,0.011294
1481.4802784919739,0.19653,0.01145
1481.5936753749847,0.19747,0.011676
1481.7009506225586,0.19913,0.011433
1481.8008468151093,0.19967,0.011338
1481.9128136634827,0.20153,0.011583
1482.022608757019,0.2024,0.011393
1482.1297221183777,0.204,0.011462
1482.239423751831,0.20553,0.01133
1482.3368084430695,0.20667,0.011392
1482.4484951496124,0.2066,0.011303
1482.559816122055,0.20873,0.011343
1482.6692583560944,0.21007,0.011267
1482.7683901786804,0.21133,0.011315
1482.8802936077118,0.2122,0.01125
1482.9811265468597,0.2132,0.011159
1483.0886220932007,0.21467,0.011216
1483.200397014618,0.21467,0.011187
1483.2997319698334,0.2164,0.011032
1483.4110374450684,0.2176,0.011009
1483.51957654953,0.2186,0.011147
1483.629097700119,0.22013,0.010994
1483.7360002994537,0.22067,0.010869
1483.8389630317688,0.22187,0.010909
1483.9416644573212,0.22447,0.010853
1484.0476801395416,0.22487,0.010824
1484.1584751605988,0.2268,0.010764
1484.2605276107788,0.22627,0.010789
1484.3617634773254,0.2278,0.01068
1484.4750094413757,0.22967,0.010721
1484.5834922790527,0.23093,0.010755
1484.6906106472015,0.2324,0.010703
1484.8001720905304,0.23327,0.010653
1484.9136307239532,0.23427,0.010682
1485.0206842422485,0.23567,0.01067
1485.1317176818848,0.2364,0.010726
1485.2424952983856,0.23787,0.010706
1485.351910352707,0.23867,0.01065
1485.4607832431793,0.23987,0.010678
1485.5683026313782,0.2416,0.010777
1485.680532693863,0.24253,0.010789
1485.7916758060455,0.24333,0.01085
1485.8996005058289,0.24547,0.0108
1486.0086884498596,0.2466,0.010772
1486.1219511032104,0.24713,0.010816
1486.2311854362488,0.24847,0.010822
1486.3395774364471,0.25027,0.010696
1486.4395639896393,0.25093,0.010785
1486.5424375534058,0.25193,0.010796
1486.6522228717804,0.25253,0.010764
1486.7538177967072,0.25393,0.010757
1486.8597898483276,0.25533,0.010755
1486.971827507019,0.25727,0.010694
1487.0808696746826,0.25727,0.010795
1487.1915454864502,0.2586,0.01074
1487.3014676570892,0.2604,0.010658
1487.4143443107605,0.26107,0.010691
1487.5216710567474,0.26213,0.01073
1487.6315956115723,0.26333,0.010625
1487.7421436309814,0.26453,0.010587
1487.8509771823883,0.2658,0.010637
1487.9618771076202,0.26653,0.010637
1488.0698597431183,0.26807,0.01069
1488.1808440685272,0.26873,0.010614
1488.2909481525421,0.2696,0.010596
1488.401397228241,0.27133,0.010669
1488.5128908157349,0.27253,0.010611
1488.622286081314,0.27473,0.010648
1488.7333121299744,0.2762,0.010636
1488.8425619602203,0.2766,0.010629
1488.9506068229675,0.27773,0.010683
1489.0492408275604,0.27893,0.010615
1489.161141872406,0.27973,0.010685
1489.261833190918,0.28127,0.010741
1489.3620216846466,0.2826,0.010638
1489.471654176712,0.28313,0.010642
1489.5716030597687,0.28433,0.010714
1489.6712954044342,0.28513,0.010705
1489.7831513881683,0.287,0.010648
1489.8838849067688,0.28773,0.010689
1489.9918100833893,0.28907,0.01075
1490.102128982544,0.28907,0.010611
1490.2129075527191,0.29173,0.010736
1490.323889017105,0.2918,0.010651
1490.431000471115,0.2926,0.010723
1490.5302422046661,0.29533,0.010624
1490.6427521705627,0.29547,0.010729
1490.757354259491,0.29713,0.010638
1490.8647515773773,0.297,0.010736
1490.9736931324005,0.29947,0.010704
1491.0697979927063,0.001,0.010833
1491.1733186244965,0.0022,0.010696
1491.2824623584747,0.0054,0.01068
1491.3973519802094,0.0086,0.010738
1491.49374127388,0.012,0.010785
1491.6005699634552,0.016067,0.010687
1491.7094304561615,0.018533,0.010758
1491.821988105774,0.021,0.010734
1491.9294703006744,0.027333,0.010769
1492.028065443039,0.027533,0.010739
1492.1397070884705,0.031267,0.010776
1492.2509789466858,0.0378,0.01079
1492.3639776706696,0.040667,0.010623
1492.4678840637207,0.044133,0.010713
1492.5694036483765,0.047267,0.01069
1492.6795361042023,0.049667,0.010652
1492.7898054122925,0.053,0.010731
1492.8899064064026,0.055933,0.010676
1492.9978392124176,0.0592,0.010754
1493.105997800827,0.062267,0.010661
1493.2080929279327,0.065267,0.010683
1493.3102040290833,0.068533,0.010687
1493.408326625824,0.071,0.010684
1493.5205800533295,0.073933,0.010633
1493.6301503181458,0.076667,0.010698
1493.7403168678284,0.0802,0.010657
1493.8481848239899,0.083267,0.010731
1493.9599323272705,0.085933,0.01072
1494.0673270225525,0.091533,0.010825
1494.1799449920654,0.092067,0.01079
1494.291341304779,0.094267,0.010764
1494.400223493576,0.0954,0.010707
1494.509484052658,0.0966,0.010791
1494.6219651699066,0.098133,0.010774
1494.7323274612427,0.0992,0.010858
1494.8370854854584,0.10133,0.010749
1494.948478460312,0.102,0.010754
1495.04882478714,0.1042,0.010641
1495.1589908599854,0.10507,0.010759
1495.2709374427795,0.106,0.010637
1495.3814759254456,0.1074,0.010678
1495.4923870563507,0.10913,0.01075
1495.5999908447266,0.1118,0.010767
1495.7114255428314,0.1124,0.010675
1495.8199315071106,0.11393,0.010768
1495.9292423725128,0.11527,0.010745
1496.0388956069946,0.1172,0.010667
1496.1500926017761,0.1184,0.010752
1496.2614197731018,0.1196,0.010762
1496.3710269927979,0.12113,0.010716
1496.4711499214172,0.12187,0.01082
1496.571440935135,0.12313,0.010776
1496.6808536052704,0.12467,0.010874
1496.7782204151154,0.12647,0.010977
1496.8900599479675,0.12687,0.011073
1496.9896302223206,0.12827,0.011062
1497.1027557849884,0.12927,0.011088
1497.2101640701294,0.13113,0.011117
1497.3220558166504,0.13233,0.011425
1497.430000782013,0.13407,0.011374
1497.5431215763092,0.13593,0.011558
1497.6501777172089,0.1372,0.011655
1497.763128042221,0.1386,0.011794
1497.8693118095398,0.13947,0.011889
1497.976798772812,0.14067,0.011864
1498.0926625728607,0.14207,0.011957
1498.1913132667542,0.1434,0.01197
1498.3017151355743,0.1444,0.012023
1498.4111626148224,0.1458,0.012053
1498.5262389183044,0.1486,0.011859
1498.6303277015686,0.14827,0.011823
1498.7407233715057,0.15053,0.011796
1498.8517820835114,0.15107,0.011914
1498.9595215320587,0.1532,0.011648
1499.068977355957,0.15513,0.011607
1499.1727786064148,0.15533,0.011589
1499.2704491615295,0.1568,0.011456
1499.37109541893,0.15793,0.01141
1499.4810667037964,0.15913,0.011377
1499.592244386673,0.16047,0.011462
1499.700840473175,0.16187,0.011328
1499.811880350113,0.16207,0.011341
1499.920702457428,0.16347,0.011245
1500.0300209522247,0.16533,0.011091
1500.1441411972046,0.16727,0.011133
1500.252581834793,0.1672,0.011194
1500.3640077114105,0.1696,0.010962
1500.4698085784912,0.17087,0.010949
1500.5703561306,0.17087,0.011063
1500.6818556785583,0.17333,0.011004
1500.7942140102386,0.17453,0.010981
1500.903825044632,0.17547,0.010916
1501.0114567279816,0.17673,0.0109
1501.1148171424866,0.178,0.010848
1501.2187893390656,0.1794,0.010865
1501.3286199569702,0.1808,0.010929
1501.4328508377075,0.1816,0.010922
1501.5315427780151,0.18247,0.011006
1501.6400890350342,0.1842,0.010901
1501.7533004283905,0.18453,0.011142
1501.8618626594543,0.18613,0.011153
1501.9619002342224,0.1882,0.011268
1502.0745153427124,0.1884,0.01125
1502.1804826259613,0.1904,0.011105
1502.2830123901367,0.1916,0.011465
1502.3834841251373,0.1922,0.011421
1502.4924538135529,0.19287,0.011498
1502.6051936149597,0.1954,0.011362
1502.7091929912567,0.1962,0.011387
1502.8154664039612,0.1974,0.011317
1502.9213359355927,0.199,0.011519
1503.0337042808533,0.2004,0.01119
1503.1431956291199,0.20033,0.011395
1503.2493181228638,0.20187,0.01122
1503.356220960617,0.20293,0.0113
1503.461956501007,0.20433,0.011379
1503.5713167190552,0.20553,0.011259
1503.6836411952972,0.20647,0.011155
1503.7925853729248,0.20733,0.011091
1503.9026684761047,0.2098,0.011192
1504.0053989887238,0.2108,0.011261
1504.1055302619934,0.21107,0.011102
1504.2019562721252,0.21233,0.01115
1504.3152015209198,0.21453,0.011209
1504.4257843494415,0.2158,0.011231
1504.533596277237,0.2168,0.010986
1504.6460974216461,0.21733,0.010874
1504.7522447109222,0.21867,0.010973
1504.86190533638,0.2198,0.010975
1504.9721376895905,0.22107,0.010915
1505.0829100608826,0.22293,0.010754
1505.194711446762,0.22313,0.01081
1505.3037791252136,0.2248,0.010712
1505.4122776985168,0.2258,0.010677
1505.5215978622437,0.22807,0.010637
1505.63520693779,0.2288,0.010657
1505.7392990589142,0.2298,0.010724
1505.8515484333038,0.23127,0.010609
1505.9626715183258,0.23147,0.010695
1506.0714416503906,0.23353,0.010629
1506.1840977668762,0.23487,0.010639
1506.2839624881744,0.23573,0.010684
1506.3946151733398,0.23687,0.010701
1506.5034968852997,0.2378,0.010662
1506.6163160800934,0.2398,0.010658
1506.723932504654,0.2398,0.010741
1506.835605621338,0.24267,0.010666
1506.9344787597656,0.2436,0.010733
1507.0334792137146,0.24347,0.010766
1507.1426515579224,0.24527,0.010744
1507.2535665035248,0.24553,0.010654
1507.3651077747345,0.24753,0.010755
1507.463365316391,0.2484,0.010802
1507.569222688675,0.25007,0.010777
1507.6733984947205,0.2502,0.010707
1507.7836365699768,0.25187,0.010796
1507.8834869861603,0.2528,0.010689
1507.9952402114868,0.25387,0.010754
1508.1110305786133,0.2556,0.010648
1508.2158000469208,0.2564,0.010736
1508.3238520622253,0.2572,0.010683
1508.4338710308075,0.25853,0.010719
1508.5475783348083,0.26107,0.010725
1508.6505563259125,0.26113,0.010626
1508.7627732753754,0.2616,0.010655
1508.8616840839386,0.26247,0.010682
1508.9651460647583,0.26433,0.010701
1509.0711164474487,0.26553,0.010727
1509.1837131977081,0.26707,0.010684
1509.283724308014,0.26713,0.01068
1509.3846044540405,0.26893,0.010707
1509.4941308498383,0.27047,0.010718
1509.607265472412,0.27207,0.010623
1509.7158570289612,0.27213,0.010669
1509.8260860443115,0.27327,0.01066
1509.9389169216156,0.27447,0.010703
1510.0443103313446,0.27627,0.010731
1510.1451559066772,0.2768,0.010752
1510.2550070285797,0.2778,0.010747
1510.3647937774658,0.28007,0.010739
1510.474016904831,0.2804,0.010694
1510.5746884346008,0.281,0.01069
1510.676493883133,0.28287,0.010662
1510.7876675128937,0.28413,0.010687
1510.8938574790955,0.28553,0.010773
1511.0049788951874,0.28633,0.010789
1511.1174581050873,0.2868,0.010727
1511.2236778736115,0.2888,0.010855
1511.3402440547943,0.29033,0.010762
1511.4458222389221,0.2908,0.010671
1511.5540418624878,0.29233,0.010776
1511.6688923835754,0.29267,0.010756
1511.7786478996277,0.2936,0.010787
1511.8861021995544,0.29507,0.01075
1511.9973876476288,0.29653,0.010734
1512.106721162796,0.29813,0.010796
1512.2179427146912,0.2992,0.010716
1512.3245129585266,0.2992,0.011051
1512.435230255127,0.0021333,0.010637
1512.5449330806732,0.0048667,0.010763
1512.6561589241028,0.0082,0.010784
1512.7546834945679,0.011533,0.01065
1512.8551886081696,0.015333,0.010717
1512.9643681049347,0.0182,0.010681
1513.0680177211761,0.021667,0.01071
1513.1709485054016,0.0248,0.01068
1513.26833319664,0.027933,0.010629
1513.3767087459564,0.0314,0.010662
1513.4845843315125,0.0342,0.010638
1513.5953786373138,0.037533,0.010709
1513.7054872512817,0.043267,0.010608
1513.8140668869019,0.0438,0.01064
1513.926139831543,0.050067,0.010672
1514.038475036621,0.0532,0.010667
1514.1482472419739,0.056333,0.010737
1514.2494053840637,0.059133,0.010729
1514.3519213199615,0.059133,0.0107
1514.4584474563599,0.0652,0.010663
1514.5700693130493,0.0684,0.010731
1514.6668655872345,0.070867,0.010776
1514.7765231132507,0.074067,0.01069
1514.8868939876556,0.076867,0.010706
1514.9998047351837,0.080133,0.010773
1515.1112480163574,0.083,0.010819
1515.2194402217865,0.085667,0.010846
1515.3257894515991,0.088933,0.010813
1515.4375257492065,0.0926,0.010736
1515.5460863113403,0.0938,0.010856
1515.6599469184875,0.0952,0.01086
1515.765661239624,0.097,0.01085
1515.880316734314,0.0984,0.010817
1515.9873294830322,0.099267,0.010868
1516.0983171463013,0.10093,0.010868
1516.206509590149,0.10253,0.010788
1516.3183097839355,0.10347,0.010816
1516.428785085678,0.10553,0.010864
1516.5361075401306,0.10667,0.010736
1516.6605513095856,0.1078,0.010687
1516.7567522525787,0.11027,0.010686
1516.8698332309723,0.11167,0.010745
1516.9810321331024,0.11313,0.010665
1517.0888793468475,0.1142,0.010704
1517.1970872879028,0.11547,0.010651
1517.308067560196,0.117,0.010626
1517.4142627716064,0.1184,0.010822
1517.5201942920685,0.1202,0.010771
1517.6327638626099,0.1212,0.010732
1517.7368838787079,0.12207,0.01082
1517.8482375144958,0.1234,0.010787
1517.956788778305,0.1244,0.010846
1518.0678906440735,0.12613,0.011066
1518.1789186000824,0.127,0.011172
1518.290282011032,0.12833,0.011242
1518.4026272296906,0.13053,0.011286
1518.5071244239807,0.1322,0.011592
1518.6212425231934,0.13367,0.011586
1518.7271709442139,0.13447,0.011747
1518.8416748046875,0.13567,0.01184
1518.9475750923157,0.1374,0.011894
1519.0572743415833,0.13853,0.011898
1519.171403169632,0.13987,0.012093
1519.2688093185425,0.1416,0.012038
1519.3692061901093,0.1422,0.012098
1519.4784157276154,0.14353,0.012154
1519.593445777893,0.14493,0.012075
1519.6994180679321,0.1468,0.012078
1519.8144114017487,0.14713,0.012105
1519.920069694519,0.14973,0.011739
1520.020941734314,0.1508,0.011718
1520.12823843956,0.15227,0.011662
1520.23992061615,0.1534,0.011642
1520.346918106079,0.15467,0.011579
1520.4604761600494,0.15633,0.011593
1520.5666630268097,0.15707,0.011497
1520.6793115139008,0.1584,0.011443
1520.7890584468842,0.15953,0.011334
1520.8977086544037,0.16187,0.011269
1521.009646654129,0.1622,0.011245
1521.1212947368622,0.16427,0.011161
1521.2205386161804,0.1648,0.01107
1521.3304615020752,0.16607,0.011093
1521.439525604248,0.16807,0.01109
1521.5466825962067,0.16933,0.010953
1521.6566369533539,0.1704,0.010984
1521.7699801921844,0.17113,0.010972
1521.8798353672028,0.17247,0.010943
1521.989229440689,0.1728,0.01089
1522.0910429954529,0.17413,0.010827
1522.1997692584991,0.17573,0.010863
1522.3089265823364,0.177,0.010864
1522.418864250183,0.1782,0.010968
1522.5276489257812,0.1798,0.0109
1522.6387870311737,0.1802,0.010963
1522.7369956970215,0.1828,0.010933
1522.8386869430542,0.18407,0.010953
1522.9498665332794,0.18533,0.010994
1523.0475890636444,0.1858,0.011055
1523.1583108901978,0.18753,0.011023
1523.2702941894531,0.188,0.011142
1523.3791399002075,0.18947,0.011306
1523.4892530441284,0.1908,0.01115
1523.58957862854,0.19273,0.01131
1523.6996157169342,0.19293,0.011262
1523.802300453186,0.19447,0.011258
1523.903505563736,0.19507,0.011222
1524.0089492797852,0.19647,0.011218
1524.1107623577118,0.19787,0.011232
1524.2205679416656,0.19827,0.011192
1524.3208501338959,0.19947,0.011294
1524.420214176178,0.20067,0.011176
1524.5270595550537,0.20213,0.011133
1524.6403913497925,0.2036,0.011211
1524.750303030014,0.20447,0.011286
1524.865541934967,0.2062,0.011261
1524.9700107574463,0.20733,0.011221
1525.0689170360565,0.20853,0.011256
1525.1820707321167,0.20987,0.01105
1525.2891006469727,0.21133,0.011112
1525.4008522033691,0.21167,0.011002
1525.5117559432983,0.213,0.011058
1525.6204853057861,0.2138,0.011069
1525.7307176589966,0.21533,0.011073
1525.8407640457153,0.21667,0.010862
1525.9508123397827,0.21787,0.010838
1526.0625026226044,0.21847,0.010864
1526.1717545986176,0.2214,0.010841
1526.2813425064087,0.2212,0.0108
1526.3917818069458,0.22247,0.010727
1526.4912161827087,0.2242,0.010646
1526.5899930000305,0.22533,0.010711
1526.69082903862,0.22547,0.010631
1526.8005170822144,0.22773,0.010627
1526.9014320373535,0.22873,0.010711
1527.0131618976593,0.22993,0.01062
1527.1234691143036,0.2308,0.010685
1527.2325580120087,0.23167,0.010674
1527.3405191898346,0.23313,0.010615
1527.4492580890656,0.23487,0.010667
1527.5629494190216,0.23453,0.010708
1527.6685147285461,0.23653,0.010611
1527.7816400527954,0.23867,0.010678
1527.8929891586304,0.23853,0.010691
1527.999920129776,0.24007,0.010709
1528.1097490787506,0.24233,0.010551
1528.223001241684,0.24293,0.010637
1528.3304665088654,0.24473,0.010699
1528.4342732429504,0.24527,0.010653
1528.5411927700043,0.24633,0.010636
1528.651822090149,0.2472,0.010639
1528.7522778511047,0.24807,0.010614
1528.8516404628754,0.24953,0.010712
1528.9630327224731,0.25,0.010627
1529.0756351947784,0.25193,0.010612
1529.1833062171936,0.253,0.010698
1529.2830092906952,0.25427,0.010637
1529.383413553238,0.25533,0.010658
1529.4913952350616,0.25627,0.010651
1529.601845741272,0.25753,0.010699
1529.7122492790222,0.25893,0.010647
1529.816258430481,0.25993,0.010695
1529.9214437007904,0.2622,0.010745
1530.0367875099182,0.2622,0.010757
1530.141126871109,0.26387,0.010652
1530.2548649311066,0.26473,0.010724
1530.3649830818176,0.26607,0.010726
1530.4703876972198,0.26767,0.010698
1530.5838949680328,0.26833,0.010684
1530.696228981018,0.26927,0.01073
1530.8065297603607,0.2706,0.010653
1530.913286447525,0.27193,0.010736
1531.0219101905823,0.27353,0.010757
1531.1339445114136,0.27373,0.010782
1531.2440695762634,0.27507,0.010842
1531.3532564640045,0.2766,0.010831
1531.4617364406586,0.27833,0.010772
1531.5723094940186,0.27873,0.010703
1531.6856315135956,0.28047,0.01079
1531.7943773269653,0.28127,0.010789
1531.9049842357635,0.282,0.010712
1532.0140709877014,0.28333,0.010775
1532.1228771209717,0.28413,0.010814
1532.238804101944,0.28573,0.010738
1532.342179775238,0.28627,0.0108
1532.4533305168152,0.28767,0.010754
1532.5608670711517,0.28973,0.010747
1532.6715388298035,0.29127,0.010683
1532.7829716205597,0.29167,0.010795
1532.8856451511383,0.2926,0.010748
1532.987069606781,0.2938,0.01075
1533.093760728836,0.29527,0.010796
1533.207997560501,0.2962,0.010688
1533.3114528656006,0.2978,0.010735
1533.4153637886047,0.2986,0.010713
1533.5257411003113,0.2986,0.010712
1533.6362800598145,-0.0002,0.010931
1533.7475299835205,0.0014667,0.010718
1533.8551397323608,0.0055333,0.010594
1533.956300020218,0.0086,0.010685
1534.060793876648,0.011333,0.010638
1534.172512292862,0.018133,0.010749
1534.2763357162476,0.021467,0.010622
1534.375389099121,0.0214,0.010647
1534.4837539196014,0.028533,0.01067
1534.595251083374,0.0316,0.010638
1534.6943192481995,0.033,0.010729
1534.7986509799957,0.034067,0.010651
1534.8987050056458,0.0408,0.010692
1535.0100781917572,0.043933,0.010688
1535.117439031601,0.0478,0.010765
1535.2298634052277,0.049733,0.010707
1535.336436033249,0.0528,0.010697
1535.4375841617584,0.055267,0.010776
1535.5376012325287,0.058467,0.01078
1535.6471152305603,0.0628,0.010796
1535.7503643035889,0.065,0.010815
1535.8506977558136,0.067667,0.010855
1535.9549043178558,0.070667,0.010843
1536.0602269172668,0.073667,0.010889
1536.1583275794983,0.076867,0.010905
1536.2650878429413,0.080133,0.010907
1536.3787755966187,0.082333,0.010946
1536.4906122684479,0.085733,0.010956
1536.5892131328583,0.0886,0.010862
1536.6988279819489,0.091467,0.010935
1536.8088328838348,0.094267,0.010973
1536.9203400611877,0.095933,0.011052
1537.0279257297516,0.0964,0.011052
1537.1385567188263,0.0988,0.010998
1537.2465109825134,0.099067,0.011002
1537.3545389175415,0.10067,0.010798
1537.4643123149872,0.10227,0.010857
1537.575089931488,0.10347,0.010876
1537.689086675644,0.1048,0.010895
1537.8025295734406,0.10627,0.010732
1537.9080033302307,0.1092,0.010925
1538.0173978805542,0.10847,0.01084
1538.1265075206757,0.1118,0.010792
1538.2275359630585,0.11173,0.010758
1538.3440563678741,0.1146,0.010811
1538.438236951828,0.115,0.010724
1538.5488541126251,0.11673,0.010756
1538.6586616039276,0.11807,0.010798
1538.7691571712494,0.1194,0.010754
1538.8795194625854,0.12113,0.010832
1538.9774096012115,0.1222,0.010943
1539.0795164108276,0.124,0.010838
1539.1882903575897,0.12487,0.010993
1539.2884109020233,0.1264,0.011106
1539.389340877533,0.12753,0.011129
1539.5010261535645,0.12913,0.011394
1539.6088037490845,0.1294,0.011292
1539.719610452652,0.131,0.01148
1539.8305158615112,0.13207,0.011661
1539.9394693374634,0.13507,0.011788
1540.0508177280426,0.13467,0.011877
1540.148803472519,0.13627,0.012083
1540.2486281394958,0.13713,0.012056
1540.3617010116577,0.1398,0.012055
1540.4694097042084,0.14127,0.012134
1540.5803852081299,0.1426,0.012138
1540.6905915737152,0.1436,0.012186
1540.789579153061,0.14507,0.012108
1540.9086425304413,0.14667,0.012036
1541.0095558166504,0.1472,0.01212
1541.1207909584045,0.1484,0.011921
1541.2308728694916,0.1494,0.01196
1541.3363370895386,0.15007,0.011714
1541.4489181041718,0.15287,0.011718
1541.5467681884766,0.15413,0.011535
1541.647160768509,0.1544,0.011559
1541.7612800598145,0.15713,0.011331
1541.871295452118,0.15627,0.011523
1541.9813821315765,0.15787,0.011301
1542.091160774231,0.16033,0.011183
1542.203907251358,0.1614,0.011196
1542.3113927841187,0.1626,0.01114
1542.4202325344086,0.16407,0.011025
1542.5327095985413,0.16513,0.011101
1542.6412997245789,0.16587,0.010941
1542.7410264015198,0.16753,0.01087
1542.852597951889,0.16887,0.011029
1542.9642012119293,0.17,0.0109
1543.072983264923,0.17033,0.010966
1543.1802988052368,0.17153,0.0109
1543.2819833755493,0.17367,0.010866
1543.3898830413818,0.1756,0.010832
1543.491213798523,0.17547,0.010898
1543.6011970043182,0.17793,0.010907
1543.7033777236938,0.17913,0.010838
1543.8029437065125,0.18067,0.010926
1543.9041635990143,0.18033,0.01088
1544.0048649311066,0.1828,0.010842
1544.1050448417664,0.18433,0.010865
1544.2127001285553,0.1842,0.010992
1544.3108603954315,0.18593,0.010828
1544.410424232483,0.18753,0.010898
1544.5226209163666,0.1888,0.011068
1544.63338804245,0.18973,0.011014
1544.7396702766418,0.1904,0.011103
1544.8538072109222,0.1918,0.011202
1544.9613852500916,0.193,0.01117
1545.0732171535492,0.19393,0.011125
1545.184283733368,0.19533,0.011071
1545.2940192222595,0.19613,0.011002
1545.3924489021301,0.19767,0.011002
1545.4993374347687,0.19953,0.010978
1545.6101124286652,0.201,0.011096
1545.7104442119598,0.20053,0.01093
1545.8218898773193,0.2024,0.011157
1545.931687116623,0.20433,0.011089
1546.0390710830688,0.20427,0.010994
1546.1488144397736,0.2066,0.011001
1546.2623863220215,0.20773,0.011018
1546.3744866847992,0.2086,0.010885
1546.4839987754822,0.21,0.011036
1546.5776166915894,0.2112,0.010983
1546.6821846961975,0.2122,0.011109
1546.7895114421844,0.213,0.010998
1546.8989849090576,0.21407,0.010875
1547.009962797165,0.21527,0.010878
1547.108142375946,0.2164,0.010872
1547.2241742610931,0.21747,0.010785
1547.3321480751038,0.21867,0.010677
1547.4466018676758,0.22113,0.010666
1547.5529372692108,0.22173,0.010689
1547.6648757457733,0.22353,0.01068
1547.773133277893,0.22427,0.010719
1547.8807699680328,0.22547,0.010679
1547.988142490387,0.22693,0.01072
1548.1041753292084,0.22673,0.010637
1548.2099511623383,0.22853,0.010624
1548.3136904239655,0.22973,0.010616
1548.4193725585938,0.2308,0.010648
1548.5350041389465,0.232,0.010619
1548.6398758888245,0.23313,0.010631
1548.741635799408,0.23407,0.010658
1548.8502163887024,0.2348,0.010603
1548.9614522457123,0.23693,0.010676
1549.0700328350067,0.239,0.010608
1549.1810984611511,0.23973,0.010607
1549.2779099941254,0.24053,0.010718
1549.3816068172455,0.24167,0.010683
1549.481088399887,0.2428,0.010632
1549.5813190937042,0.24427,0.010647
1549.6834034919739,0.24467,0.010653
1549.7901318073273,0.24607,0.010597
1549.9025297164917,0.24707,0.010674
1550.0130639076233,0.2486,0.010658
1550.1197290420532,0.24973,0.010677
1550.2322473526,0.2502,0.010629
1550.3431522846222,0.25207,0.010716
1550.4427094459534,0.25247,0.010649
1550.5520153045654,0.2532,0.010691
1550.6665422916412,0.25493,0.010666
1550.7672119140625,0.2558,0.010692
1550.8830754756927,0.25733,0.010653
1550.9931545257568,0.25853,0.010653
1551.1011989116669,0.2608,0.010735
1551.2102944850922,0.2618,0.010736
1551.3233213424683,0.26293,0.010798
1551.4324400424957,0.26347,0.010688
1551.5388202667236,0.26467,0.010749
1551.6499814987183,0.2656,0.010763
1551.7549510002136,0.267,0.010742
1551.8537974357605,0.26767,0.010826
1551.962452173233,0.26873,0.010799
1552.0706195831299,0.27033,0.010781
1552.1831693649292,0.2714,0.010805
1552.293067932129,0.27187,0.010863
1552.4039597511292,0.27467,0.010822
1552.5129911899567,0.27467,0.010853
1552.6238918304443,0.27667,0.010762
1552.732370853424,0.2774,0.010923
1552.8314008712769,0.27833,0.010857
1552.9430584907532,0.27967,0.010907
1553.053590297699,0.28127,0.010853
1553.1624281406403,0.28233,0.010903
1553.2736423015594,0.28253,0.010854
1553.3706324100494,0.28347,0.010819
1553.483329296112,0.2852,0.010866
1553.589768409729,0.28633,0.010844
1553.702451467514,0.28693,0.010828
1553.8122799396515,0.28853,0.010881
1553.922839164734,0.29067,0.010804
1554.0335216522217,0.29053,0.010833
1554.1399331092834,0.29267,0.010782
1554.2534222602844,0.29373,0.010778
1554.3522546291351,0.2948,0.010673
1554.4538080692291,0.29587,0.010822
1554.5636262893677,0.2968,0.010758
1554.673621416092,0.2982,0.010717
1554.7820134162903,0.29933,0.010705
1554.8851082324982,-0.00066667,0.011068
1554.993777513504,0.0020667,0.010679
1555.1018462181091,0.0043333,0.010642
1555.2155525684357,0.0078,0.010677
1555.32288813591,0.0116,0.010693
1555.4315993785858,0.014533,0.010655
1555.5410153865814,0.021133,0.010691
1555.65469455719,0.024133,0.010659
1555.7531356811523,0.0274,0.01069
1555.865924358368,0.0304,0.010716
1555.9735343456268,0.033467,0.010741
1556.0814554691315,0.037267,0.010739
1556.1867682933807,0.040733,0.010779
1556.2892580032349,0.0432,0.010783
1556.4034552574158,0.045933,0.0108
1556.497885465622,0.049467,0.01083
1556.6003155708313,0.052333,0.010762
1556.7102682590485,0.055467,0.010773
1556.8200504779816,0.058267,0.010874
1556.9291183948517,0.061533,0.01085
1557.040552854538,0.0642,0.011014
1557.150526046753,0.067667,0.010981
1557.2486307621002,0.0706,0.011035
1557.3578100204468,0.072933,0.011069
1557.4711418151855,0.0766,0.011107
1557.5799798965454,0.082267,0.011052
1557.6921219825745,0.082,0.011118
1557.7989902496338,0.088133,0.011088
1557.9100160598755,0.0908,0.011153
1558.0229978561401,0.0918,0.011136
1558.1323432922363,0.094267,0.011102
1558.2407104969025,0.095533,0.011184
1558.350344657898,0.096533,0.011105
1558.4580142498016,0.098133,0.011075
1558.5721762180328,0.098933,0.011136
1558.6823925971985,0.10067,0.011102
1558.782885313034,0.10293,0.011002
1558.882158756256,0.10493,0.010976
1558.9882986545563,0.10633,0.011082
1559.0996403694153,0.1078,0.011051
1559.2017390727997,0.109,0.010957
1559.3101363182068,0.11,0.01087
1559.412389755249,0.111,0.010867
1559.5109763145447,0.11313,0.01083
1559.622196674347,0.114,0.010911
1559.733036994934,0.115,0.010834
1559.8402876853943,0.1172,0.010809
1559.9549672603607,0.11833,0.010805
1560.0629305839539,0.1194,0.010801
1560.1712832450867,0.12093,0.01081
1560.2830393314362,0.12173,0.0111
1560.3865344524384,0.12413,0.010968
1560.4943001270294,0.12413,0.011023
1560.6030342578888,0.12693,0.010945
1560.7119088172913,0.12707,0.011304
1560.8213193416595,0.12967,0.011519
1560.928828716278,0.1312,0.011599
1561.0419447422028,0.133,0.01171
1561.151000738144,0.13313,0.011911
1561.2598452568054,0.13447,0.011786
1561.3733305931091,0.1358,0.012061
1561.4872744083405,0.13773,0.012015
1561.582840204239,0.13833,0.01216
1561.686777830124,0.13967,0.012243
1561.7919292449951,0.1408,0.01215
1561.9014239311218,0.14187,0.012269
1562.0149185657501,0.14453,0.012062
1562.1215817928314,0.14433,0.012093
1562.2262299060822,0.14567,0.012055
1562.3329873085022,0.1464,0.011998
1562.4401650428772,0.14913,0.011852
1562.5529432296753,0.15013,0.011802
1562.6624593734741,0.15187,0.011713
1562.7762537002563,0.15313,0.011543
1562.8774826526642,0.15433,0.011684
1562.9730334281921,0.1552,0.011438
1563.0856919288635,0.15667,0.011255
1563.1929216384888,0.15793,0.011371
1563.303305864334,0.15927,0.01118
1563.4137480258942,0.16007,0.011345
1563.5211973190308,0.16193,0.011213
1563.6342737674713,0.16307,0.011103
1563.741759777069,0.16507,0.010998
1563.8546314239502,0.1648,0.011047
1563.9624536037445,0.16727,0.011002
1564.0814018249512,0.1688,0.010915
1564.1737875938416,0.16953,0.010969
1564.2751107215881,0.1706,0.010892
1564.3733801841736,0.17213,0.010886
1564.4819648265839,0.1732,0.010792
1564.594759941101,0.17447,0.010849
1564.6921305656433,0.17593,0.010871
1564.8031594753265,0.17633,0.01085
1564.9010145664215,0.17787,0.010829
1565.0187482833862,0.179,0.01081
1565.1249463558197,0.1804,0.010783
1565.2255222797394,0.18127,0.010796
1565.3335299491882,0.18287,0.010883
1565.442253112793,0.18373,0.010985
1565.5538907051086,0.18493,0.01077
1565.6653308868408,0.18727,0.010811
1565.7676212787628,0.18727,0.010935
1565.8777906894684,0.18833,0.010831
1565.9864892959595,0.1908,0.010953
1566.0931329727173,0.19167,0.011033
1566.2043452262878,0.19313,0.011065
1566.307044506073,0.19393,0.010902
1566.4152312278748,0.195,0.011045
1566.5136861801147,0.196,0.011012
1566.6159625053406,0.19753,0.010996
1566.7281413078308,0.1986,0.010933
1566.8360409736633,0.19987,0.010822
1566.9335210323334,0.20133,0.010856
1567.033941745758,0.202,0.01097
1567.1367239952087,0.20313,0.010922
1567.246530532837,0.20393,0.010887
1567.3454406261444,0.2054,0.010925
1567.4571237564087,0.20613,0.01087
1567.5675082206726,0.20733,0.010984
1567.6754715442657,0.2082,0.010855
1567.7762939929962,0.21,0.010781
1567.885455608368,0.21133,0.010904
1567.9962277412415,0.21187,0.010869
1568.1109437942505,0.21453,0.010779
1568.2200422286987,0.21553,0.010825
1568.3140392303467,0.21533,0.010686
1568.4259321689606,0.2176,0.01072
1568.5349128246307,0.2194,0.010754
1568.6442863941193,0.21973,0.010666
1568.7552998065948,0.22087,0.010628
1568.863216161728,0.2222,0.010573
1568.973620414734,0.22373,0.010691
1569.0872383117676,0.2244,0.010615
1569.1968235969543,0.2254,0.01063
1569.305435180664,0.22713,0.010562
1569.4193120002747,0.228,0.010609
1569.524309873581,0.2294,0.01059
1569.6375806331635,0.23073,0.010593
1569.7450182437897,0.23193,0.010602
1569.860387802124,0.23267,0.010687
1569.9672355651855,0.2336,0.010639
1570.0760834217072,0.23493,0.010638
1570.1841304302216,0.2354,0.010633
1570.296543121338,0.23727,0.010647
1570.3947162628174,0.238,0.010551
1570.5049109458923,0.2392,0.010667
1570.6146922111511,0.24113,0.010593
1570.7275166511536,0.2416,0.010644
1570.836667060852,0.24387,0.010627
1570.937519311905,0.2444,0.01063
1571.0466301441193,0.24593,0.010671
1571.1561591625214,0.24673,0.010585
1571.2668352127075,0.2482,0.010498
1571.377281665802,0.249,0.010702
1571.4782662391663,0.24973,0.010682
1571.5778031349182,0.25187,0.010701
1571.68745470047,0.25287,0.010646
1571.798938035965,0.25347,0.010595
1571.906615972519,0.2546,0.010741
1572.0145452022552,0.25587,0.010655
1572.1250131130219,0.25647,0.010755
1572.2406332492828,0.258,0.010743
1572.3487150669098,0.25893,0.0108
1572.4576394557953,0.2608,0.01081
1572.5674958229065,0.2624,0.010801
1572.6773998737335,0.26247,0.010802
1572.7857630252838,0.2648,0.010806
1572.8881652355194,0.26573,0.010781
1572.991316318512,0.267,0.010861
1573.0959293842316,0.26753,0.010837
1573.208307504654,0.2688,0.010854
1573.3196709156036,0.26947,0.01087
1573.4288077354431,0.27127,0.010899
1573.5381019115448,0.27193,0.010961
1573.6457273960114,0.27253,0.010857
1573.7589390277863,0.2742,0.010852
1573.8665521144867,0.27613,0.010901
1573.9785766601562,0.27613,0.010823
1574.086397409439,0.27853,0.010874
1574.196670293808,0.2796,0.010847
1574.3086757659912,0.28053,0.010923
1574.42058968544,0.28193,0.010792
1574.517225265503,0.28287,0.010925
1574.6276350021362,0.284,0.010931
1574.7380974292755,0.28573,0.010887
1574.8488664627075,0.28587,0.010908
1574.9595305919647,0.28727,0.010851
1575.0577399730682,0.2884,0.010852
1575.1629400253296,0.28973,0.010874
1575.2682688236237,0.2904,0.010861
1575.3816804885864,0.29267,0.010762
1575.4866781234741,0.29387,0.010787
1575.6006753444672,0.2938,0.010805
1575.7070360183716,0.2956,0.010782
1575.8167202472687,0.29567,0.010794
1575.9290668964386,0.29767,0.010746
1576.0292303562164,0.2986,0.010816
1576.1407234668732,0.00086667,0.011057
1576.2466473579407,0.0014,0.010683
1576.3500881195068,0.0043333,0.010662
1576.460317850113,0.0077333,0.010684
1576.5672504901886,0.011133,0.01068
1576.676062822342,0.014533,0.010658
1576.7870020866394,0.018067,0.01062
1576.8951570987701,0.020533,0.010749
1577.0074167251587,0.023267,0.010762
1577.1078774929047,0.0272,0.010704
1577.2107863426208,0.030333,0.010723
1577.3207352161407,0.037133,0.010826
1577.4196305274963,0.040133,0.010782
1577.528574705124,0.043067,0.010841
1577.6410522460938,0.045667,0.010893
1577.7396326065063,0.046867,0.010924
1577.8592593669891,0.052533,0.010955
1577.9586815834045,0.055133,0.011028
1578.0675013065338,0.0584,0.011015
1578.1684155464172,0.061267,0.010955
1578.2777931690216,0.0644,0.011169
1578.3885090351105,0.0674,0.011206
1578.5002264976501,0.0704,0.011157
1578.5987145900726,0.0732,0.011239
1578.7093760967255,0.0762,0.011367
1578.809354543686,0.081933,0.011444
1578.9174823760986,0.082,0.011127
1579.0303843021393,0.085133,0.011291
1579.1402266025543,0.087667,0.011228
1579.2478566169739,0.092667,0.01132
1579.350284576416,0.093667,0.011375
1579.4501309394836,0.093867,0.011212
1579.5605962276459,0.0968,0.011321
1579.6723093986511,0.097467,0.011205
1579.7788045406342,0.0988,0.011213
1579.892575263977,0.101,0.011248
1579.9908361434937,0.10207,0.011271
1580.0994091033936,0.104,0.011245
1580.2097074985504,0.10493,0.011115
1580.3207745552063,0.10607,0.011
1580.4295740127563,0.10787,0.011054
1580.526731967926,0.1088,0.011029
1580.639323234558,0.11027,0.011029
1580.7494628429413,0.11293,0.010935
1580.85178565979,0.11253,0.010828
1580.9609532356262,0.11533,0.010826
1581.0701477527618,0.1168,0.010735
1581.1793518066406,0.11853,0.010814
1581.2887034416199,0.1198,0.010905
1581.3985378742218,0.1204,0.010844
1581.5082290172577,0.12233,0.010846
1581.611361503601,0.12307,0.010904
1581.721002817154,0.12427,0.011035
1581.8291335105896,0.1258,0.011214
1581.942624092102,0.12693,0.011119
1582.0490038394928,0.12787,0.011302
1582.154210805893,0.1294,0.011586
1582.248407125473,0.131,0.011537
1582.3601696491241,0.1318,0.011814
1582.471127986908,0.13393,0.011671
1582.5790176391602,0.1362,0.011868
1582.6909301280975,0.137,0.012041
1582.7998745441437,0.1386,0.011848
1582.9000539779663,0.13973,0.012105
1583.0152332782745,0.14113,0.012073
1583.1104202270508,0.14227,0.011813
1583.2190072536469,0.14327,0.011967
1583.3290793895721,0.14467,0.011859
1583.4405982494354,0.14487,0.011852
1583.5514862537384,0.14667,0.011871
1583.66170668602,0.14847,0.011957
1583.77179312706,0.14913,0.011518
1583.8780612945557,0.15007,0.0116
1583.9781377315521,0.152,0.011691
1584.0952806472778,0.1538,0.011629
1584.2001421451569,0.15527,0.011384
1584.3108761310577,0.1566,0.011453
1584.4115438461304,0.1578,0.011252
1584.5128452777863,0.15927,0.011269
1584.6222381591797,0.16027,0.011114
1584.7338407039642,0.16107,0.011151
1584.8426196575165,0.16247,0.011039
1584.9518010616302,0.1638,0.011021
1585.062293767929,0.16393,0.011011
1585.1710858345032,0.16587,0.010919
1585.279420375824,0.16733,0.010825
1585.391420841217,0.16827,0.010888
1585.501634836197,0.16947,0.010846
1585.6106488704681,0.171,0.010876
1585.713499546051,0.1718,0.010775
1585.8198387622833,0.17393,0.010842
1585.9290673732758,0.17573,0.010745
1586.0389437675476,0.1766,0.010781
1586.1501169204712,0.1772,0.010749
1586.251443862915,0.17933,0.010773
1586.3619463443756,0.18013,0.010766
1586.4714303016663,0.1816,0.010854
1586.5823049545288,0.1824,0.0107
1586.6893908977509,0.1832,0.010806
1586.7930138111115,0.1844,0.010815
1586.9019575119019,0.18553,0.010817
1587.0121161937714,0.18727,0.010829
1587.1215550899506,0.188,0.010874
1587.2352035045624,0.18933,0.010795
1587.3425755500793,0.19127,0.010908
1587.4510445594788,0.19267,0.010923
1587.5648245811462,0.19253,0.010942
1587.6735231876373,0.19493,0.010906
1587.7827398777008,0.196,0.010934
1587.8916392326355,0.1972,0.010917
1588.003072977066,0.19847,0.010869
1588.1110105514526,0.19893,0.011025
1588.219111919403,0.20047,0.010847
1588.3292002677917,0.20207,0.010809
1588.4416987895966,0.203,0.010853
1588.5399351119995,0.20407,0.010847
1588.6417276859283,0.20493,0.010898
1588.7525403499603,0.2064,0.010794
1588.8670625686646,0.20827,0.010794
1588.9758625030518,0.2082,0.010752
1589.0830421447754,0.21027,0.010792
1589.1912112236023,0.21167,0.010699
1589.3084914684296,0.21247,0.010675
1589.4039514064789,0.21433,0.010746
1589.5137748718262,0.2148,0.010761
1589.6101522445679,0.21593,0.010655
1589.7202453613281,0.21693,0.010636
1589.8316481113434,0.2182,0.010693
1589.9427571296692,0.2198,0.010693
1590.0523681640625,0.22073,0.010645
1590.1625592708588,0.22147,0.010619
1590.2733044624329,0.2242,0.01063
1590.3839864730835,0.22407,0.010631
1590.4832673072815,0.22653,0.010596
1590.592455625534,0.22773,0.010561
1590.7025809288025,0.22853,0.010631
1590.8135433197021,0.23033,0.010688
1590.9199934005737,0.2308,0.010608
1591.0328810214996,0.232,0.010654
1591.1451046466827,0.2326,0.010653
1591.2522602081299,0.2334,0.010674
1591.3630847930908,0.23473,0.010585
1591.4705791473389,0.236,0.010642
1591.58642411232,0.2372,0.010647
1591.6928701400757,0.23847,0.010656
1591.803836107254,0.24027,0.010663
1591.9170503616333,0.24167,0.010632
1592.0211207866669,0.24267,0.010625
1592.1337699890137,0.24373,0.010667
1592.2412564754486,0.245,0.010676
1592.3541367053986,0.24593,0.010659
1592.462539434433,0.24707,0.010653
1592.563182592392,0.24833,0.010684
1592.6749377250671,0.2494,0.010697
1592.7797977924347,0.2502,0.010685
1592.8929302692413,0.2516,0.010676
1593.0023267269135,0.25273,0.010719
1593.1132156848907,0.2534,0.010741
1593.225574016571,0.25567,0.010755
1593.3327116966248,0.25707,0.010716
1593.440992116928,0.2584,0.010756
1593.554723739624,0.25873,0.010825
1593.6524856090546,0.2602,0.010833
1593.7644093036652,0.2612,0.010888
1593.8734221458435,0.2622,0.010867
1593.983540058136,0.26373,0.010871
1594.0896291732788,0.2648,0.010882
1594.1973237991333,0.26573,0.010976
1594.2991743087769,0.2668,0.010925
1594.4120349884033,0.2674,0.01097
1594.5259156227112,0.2694,0.011053
1594.6313621997833,0.2706,0.010981
1594.7420098781586,0.27207,0.010978
1594.853188753128,0.27293,0.010971
1594.9623239040375,0.27427,0.010963
1595.0724260807037,0.27473,0.010985
1595.1821682453156,0.27647,0.011047
1595.2982323169708,0.27753,0.01096
1595.4026238918304,0.2786,0.010998
1595.5141470432281,0.27947,0.010933
1595.6202549934387,0.28067,0.01095
1595.7315664291382,0.28273,0.010914
1595.8424644470215,0.28327,0.010929
1595.9556770324707,0.28513,0.010886
1596.0640828609467,0.28567,0.010878
1596.1721079349518,0.2872,0.010849
1596.2762405872345,0.28847,0.010906
1596.3806250095367,0.289,0.010803
1596.492931842804,0.29067,0.010936
1596.6047077178955,0.29107,0.010849
1596.7126641273499,0.29267,0.010854
1596.8112919330597,0.294,0.010822
1596.9224860668182,0.29453,0.010797
1597.031123161316,0.29533,0.010833
1597.1441657543182,0.2966,0.010822
1597.2541344165802,0.2984,0.010813
1597.3615264892578,0.29873,0.010762
1597.4740843772888,0.00086667,0.01118
1597.5847368240356,0.0039333,0.010652
1597.6977968215942,0.0074667,0.01066
1597.8034036159515,0.011067,0.010646
1597.9126584529877,0.0136,0.010717
1598.0243909358978,0.017333,0.010715
1598.1339654922485,0.020467,0.010735
1598.2433197498322,0.024,0.010818
1598.3517899513245,0.026867,0.01079
1598.4620056152344,0.030267,0.010854
1598.572730064392,0.036133,0.010857
1598.6793031692505,0.0394,0.010927
1598.7967157363892,0.0432,0.010945
1598.8987548351288,0.042867,0.011042
1599.0148413181305,0.048733,0.011051
1599.1250681877136,0.052,0.011227
1599.2354846000671,0.0554,0.011183
1599.3461239337921,0.058133,0.011312
1599.4449427127838,0.060533,0.011326
1599.5517745018005,0.063933,0.011409
1599.648869752884,0.0672,0.011555
1599.755164384842,0.069933,0.011591
1599.8673939704895,0.0732,0.01153
1599.9781761169434,0.075667,0.011499
1600.0898232460022,0.081733,0.01165
1600.1985273361206,0.084667,0.011584
1600.3005585670471,0.088,0.011761
1600.4085233211517,0.090667,0.011529
1600.5083665847778,0.0916,0.011543
1600.6170287132263,0.092467,0.011592
1600.734183549881,0.094733,0.011587
1600.8375227451324,0.096667,0.011394
1600.9488396644592,0.0984,0.011471
1601.0599400997162,0.099067,0.011398
1601.1668803691864,0.10013,0.011273
1601.2785024642944,0.10187,0.011371
1601.3880956172943,0.10267,0.011091
1601.498507976532,0.10493,0.011255
1601.6094913482666,0.10587,0.011218
1601.7117807865143,0.10853,0.011005
1601.8226940631866,0.1084,0.011083
1601.92991232872,0.11007,0.011041
1602.0397462844849,0.11207,0.010992
1602.140281200409,0.1124,0.010933
1602.2508115768433,0.115,0.010791
1602.3493688106537,0.11647,0.010901
1602.4628756046295,0.11747,0.010787
1602.568618774414,0.11913,0.010903
1602.6778090000153,0.1204,0.010858
1602.7882475852966,0.12087,0.010978
1602.9005341529846,0.12213,0.011073
1603.008181810379,0.12513,0.011103
1603.1179895401,0.12553,0.011092
1603.2195582389832,0.1264,0.011317
1603.3346667289734,0.12853,0.011687
1603.4418413639069,0.13047,0.01161
1603.538868188858,0.13047,0.011634
1603.647762298584,0.13293,0.01182
1603.7607855796814,0.13427,0.011782
1603.870808839798,0.13547,0.011875
1603.9769768714905,0.13687,0.01184
1604.088205575943,0.1386,0.01182
1604.2016167640686,0.1392,0.011902
1604.3066453933716,0.14067,0.011867
1604.406867980957,0.14153,0.011838
1604.5182991027832,0.14327,0.011775
1604.6317439079285,0.14407,0.011899
1604.7288117408752,0.14547,0.011661
1604.836706161499,0.1464,0.011698
1604.9380447864532,0.1488,0.011719
1605.0508995056152,0.14873,0.011622
1605.1606032848358,0.15127,0.011543
1605.2674717903137,0.15227,0.011338
1605.382131099701,0.15433,0.011402
1605.4889583587646,0.1548,0.011315
1605.5981016159058,0.15587,0.01128
1605.7130205631256,0.1572,0.011262
1605.8260204792023,0.15827,0.01117
1605.933337688446,0.16107,0.011211
1606.0410108566284,0.1612,0.011215
1606.151157617569,0.16333,0.010982
1606.2621161937714,0.1638,0.010982
1606.369968175888,0.1646,0.010953
1606.4803853034973,0.1668,0.010936
1606.5906021595001,0.1676,0.010834
1606.6993918418884,0.16947,0.010979
1606.808941602707,0.17113,0.010843
1606.911628961563,0.17187,0.010836
1607.0115151405334,0.17273,0.010809
1607.1232044696808,0.17473,0.010801
1607.2342896461487,0.17507,0.010745
1607.3435034751892,0.17667,0.01077
1607.4522516727448,0.178,0.010787
1607.5605835914612,0.17907,0.0107
1607.6710631847382,0.17953,0.010746
1607.7804100513458,0.1816,0.010747
1607.8874959945679,0.18347,0.010718
1607.9907445907593,0.18353,0.010713
1608.1069116592407,0.18447,0.010698
1608.2117583751678,0.1868,0.010785
1608.3220121860504,0.18693,0.010759
1608.4317376613617,0.18867,0.010825
1608.5299422740936,0.1902,0.010832
1608.641277551651,0.1912,0.010798
1608.7505960464478,0.19193,0.010901
1608.861340522766,0.1936,0.010798
1608.9602777957916,0.19507,0.010839
1609.0591671466827,0.19587,0.010836
1609.1715152263641,0.1972,0.010856
1609.2804667949677,0.19853,0.010786
1609.3965864181519,0.19927,0.010776
1609.5059168338776,0.20033,0.010854
1609.6024324893951,0.20213,0.010825
1609.7020058631897,0.20247,0.010773
1609.8131685256958,0.2038,0.010747
1609.9262013435364,0.2066,0.010741
1610.0311801433563,0.2062,0.010736
1610.1413278579712,0.20793,0.010738
1610.240112066269,0.20947,0.010723
1610.3429567813873,0.2108,0.010718
1610.4441854953766,0.21187,0.010709
1610.5520162582397,0.21233,0.010735
1610.661565542221,0.21393,0.010699
1610.7710053920746,0.2152,0.010667
1610.8834660053253,0.21693,0.010676
1610.9869785308838,0.21687,0.010677
1611.0916521549225,0.21893,0.010645
1611.2022194862366,0.21913,0.010633
1611.301144361496,0.221,0.010663
1611.4132449626923,0.22153,0.010638
1611.523199081421,0.2238,0.010635
1611.6299893856049,0.22407,0.010639
1611.7444314956665,0.22607,0.010638
1611.845133781433,0.2272,0.01062
1611.942673444748,0.22847,0.010675
1612.0572345256805,0.22813,0.010618
1612.1630537509918,0.23093,0.010723
1612.272887468338,0.23167,0.010631
1612.3822543621063,0.23327,0.010659
1612.494312763214,0.23407,0.01069
1612.6035783290863,0.2348,0.010667
1612.7137939929962,0.2364,0.010683
1612.8264753818512,0.237,0.010662
1612.932157754898,0.23947,0.010709
1613.042117357254,0.24047,0.010678
1613.1508121490479,0.2408,0.010629
1613.263194322586,0.2412,0.010645
1613.374109506607,0.2438,0.010666
1613.4791910648346,0.2434,0.010656
1613.58456492424,0.2456,0.010654
1613.6937289237976,0.24727,0.010667
1613.799644947052,0.24793,0.010695
1613.9125044345856,0.24913,0.010701
1614.024246931076,0.25067,0.010661
1614.1346962451935,0.2516,0.01075
1614.2463128566742,0.25267,0.010751
1614.3521311283112,0.25367,0.010707
1614.462080001831,0.25553,0.010728
1614.5715582370758,0.2562,0.010819
1614.687103509903,0.25767,0.010894
1614.7939105033875,0.26007,0.010866
1614.9018392562866,0.2612,0.01094
1615.0138671398163,0.26127,0.010962
1615.1223347187042,0.26267,0.010961
1615.232655286789,0.26353,0.011035
1615.3437538146973,0.26507,0.011027
1615.4535315036774,0.26587,0.011013
1615.5633890628815,0.26673,0.0111
1615.6764767169952,0.26773,0.011072
1615.7815809249878,0.2702,0.011065
1615.8923275470734,0.27007,0.011022
1615.9928777217865,0.272,0.011013
1616.1055629253387,0.27287,0.010994
1616.2030079364777,0.2728,0.011046
1616.3075759410858,0.2752,0.011026
1616.4176440238953,0.2766,0.011022
1616.5256242752075,0.27813,0.011003
1616.6390039920807,0.27853,0.010971
1616.7474603652954,0.28007,0.01094
1616.860114812851,0.2814,0.010905
1616.9726815223694,0.2818,0.010891
1617.0716569423676,0.2826,0.010901
1617.183387517929,0.2848,0.010887
1617.2875399589539,0.2856,0.010843
1617.3981008529663,0.28747,0.010839
1617.511977672577,0.2876,0.010848
1617.6167418956757,0.28993,0.010825
1617.7191247940063,0.29027,0.01078
1617.8307406902313,0.2914,0.010902
1617.9372415542603,0.29267,0.010807
1618.048751592636,0.29413,0.010799
1618.1562519073486,0.29493,0.010777
1618.258348941803,0.29573,0.010785
1618.3721640110016,0.297,0.010822
1618.4787979125977,0.29847,0.010812
1618.5797810554504,0.29827,0.01082
1618.6906893253326,-0.0008,0.01165
1618.7997591495514,0.0006,0.010922
1618.8998897075653,0.0040667,0.010752
1619.0093369483948,0.007,0.010726
1619.1160588264465,0.0132,0.010679
1619.2262678146362,0.013933,0.010769
1619.33842587471,0.020867,0.010759
1619.4496386051178,0.023467,0.010805
1619.5575633049011,0.026533,0.010793
1619.6692295074463,0.0304,0.010826
1619.7663700580597,0.033067,0.010994
1619.8776094913483,0.0358,0.01102
1619.9877033233643,0.0386,0.011134
1620.0970268249512,0.0424,0.011109
1620.2088351249695,0.0458,0.011235
1620.3192992210388,0.048533,0.011433
1620.4224841594696,0.051467,0.011472
1620.5312178134918,0.054867,0.011483
1620.6350560188293,0.061133,0.011547
1620.738430261612,0.0612,0.011689
1620.8489689826965,0.064667,0.011666
1620.9573729038239,0.070133,0.011793
1621.0624058246613,0.07,0.011765
1621.1564235687256,0.076,0.011721
1621.261556148529,0.0782,0.011807
1621.3675243854523,0.079067,0.011867
1621.4809670448303,0.0852,0.011857
1621.577332496643,0.087267,0.011783
1621.680644750595,0.090133,0.011826
1621.78644156456,0.092067,0.01165
1621.897898197174,0.093467,0.01168
1621.9996688365936,0.095,0.011679
1622.107238292694,0.0964,0.011606
1622.2183623313904,0.097667,0.011442
1622.3189103603363,0.099067,0.011643
1622.4275207519531,0.1006,0.011353
1622.5397911071777,0.10227,0.011357
1622.6492111682892,0.10333,0.011273
1622.762370109558,0.10473,0.01121
1622.8584883213043,0.10727,0.01124
1622.970947265625,0.10753,0.011111
1623.066900730133,0.1084,0.011061
1623.1787712574005,0.11127,0.011035
1623.2891371250153,0.11287,0.011002
1623.3902490139008,0.11453,0.010911
1623.4973547458649,0.11533,0.010886
1623.60835313797,0.11667,0.010886
1623.7200829982758,0.11807,0.010938
1623.8296301364899,0.1196,0.010871
1623.9421689510345,0.12013,0.010832
1624.050755739212,0.12193,0.0109
1624.1609380245209,0.1236,0.01097
1624.2713551521301,0.12467,0.010883
1624.3785679340363,0.12647,0.011016
1624.4895617961884,0.12673,0.011325
1624.5988235473633,0.12973,0.011389
1624.7098560333252,0.13147,0.011291
1624.821638584137,0.13227,0.011469
1624.9150865077972,0.1332,0.011479
1625.0283143520355,0.1344,0.011801
1625.139948606491,0.13567,0.011717
1625.2504880428314,0.13647,0.011717
1625.3594949245453,0.138,0.011835
1625.4608373641968,0.1392,0.011588
1625.5695638656616,0.1404,0.01177
1625.6786177158356,0.14153,0.011752
1625.780305147171,0.1428,0.011696
1625.889255285263,0.14473,0.011692
1626.0049378871918,0.1446,0.011693
1626.1116909980774,0.14667,0.011619
1626.2194142341614,0.14953,0.011394
1626.3325114250183,0.14927,0.011424
1626.4383141994476,0.1522,0.011334
1626.5389852523804,0.153,0.01135
1626.6507587432861,0.1542,0.01126
1626.7626190185547,0.15493,0.011316
1626.873787164688,0.15667,0.011195
1626.9780313968658,0.1576,0.011164
1627.0892720222473,0.1592,0.011116
1627.200986623764,0.16033,0.011229
1627.3101663589478,0.1614,0.011179
1627.4260022640228,0.16353,0.011027
1627.5276901721954,0.1638,0.010976
1627.6379849910736,0.166,0.010978
1627.7510616779327,0.16773,0.010881
1627.8592610359192,0.1684,0.010874
1627.9679453372955,0.16953,0.010859
1628.0812811851501,0.1704,0.010785
1628.1867911815643,0.17153,0.010767
1628.301557302475,0.1732,0.010777
1628.4072988033295,0.17433,0.010761
1628.5165174007416,0.1754,0.010725
1628.627477645874,0.17627,0.010734
1628.736248254776,0.17773,0.010789
1628.836234331131,0.17947,0.010742
1628.9363851547241,0.1806,0.010688
1629.0506510734558,0.18153,0.010715
1629.158061504364,0.18273,0.010705
1629.266559123993,0.184,0.010712
1629.3774144649506,0.18613,0.010731
1629.4926052093506,0.1862,0.010703
1629.599823474884,0.18867,0.010736
1629.7101275920868,0.18953,0.010816
1629.818534374237,0.19087,0.010727
1629.9282538890839,0.192,0.010771
1630.0413937568665,0.19253,0.010742
1630.1502141952515,0.1938,0.010763
1630.2559373378754,0.19527,0.01079
1630.3709955215454,0.19573,0.010776
1630.4798421859741,0.19813,0.010814
1630.5897743701935,0.19973,0.010784
1630.6978585720062,0.2002,0.010758
1630.809763431549,0.2016,0.010794
1630.919595003128,0.20293,0.010784
1631.0291357040405,0.20367,0.010755
1631.1259863376617,0.2052,0.010733
1631.2256247997284,0.20633,0.010765
1631.3293776512146,0.20753,0.010766
1631.4373896121979,0.20813,0.010751
1631.5473914146423,0.20967,0.010637
1631.6600177288055,0.21113,0.010764
1631.7689011096954,0.2132,0.010695
1631.8740530014038,0.21327,0.010714
1631.9695868492126,0.2144,0.010691
1632.0777904987335,0.21547,0.010732
1632.1898708343506,0.2174,0.010731
1632.2926154136658,0.21747,0.01073
1632.3995208740234,0.21993,0.01071
1632.508861064911,0.22007,0.010711
1632.619870185852,0.2216,0.010688
1632.7312655448914,0.223,0.010695
1632.8403434753418,0.22413,0.010706
1632.9520699977875,0.22547,0.010752
1633.062825202942,0.22593,0.010727
1633.1700582504272,0.2274,0.010739
1633.2807371616364,0.22853,0.010655
1633.3804323673248,0.22967,0.010708
1633.4820182323456,0.23087,0.010686
1633.587515592575,0.23213,0.010741
1633.7007613182068,0.23287,0.010703
1633.8008692264557,0.23467,0.01071
1633.9014348983765,0.23493,0.010707
1634.0105016231537,0.2362,0.01073
1634.1127257347107,0.23827,0.0107
1634.2202525138855,0.23947,0.010688
1634.328370809555,0.2406,0.010702
1634.4401514530182,0.24167,0.010735
1634.5493834018707,0.2424,0.01071
1634.6619923114777,0.24353,0.010694
1634.772675037384,0.24493,0.010751
1634.8814330101013,0.24567,0.010702
1634.9895379543304,0.24667,0.010683
1635.1038401126862,0.24807,0.010695
1635.2108063697815,0.24907,0.010741
1635.3225030899048,0.25153,0.010718
1635.4327101707458,0.2514,0.010795
1635.5464298725128,0.25367,0.010769
1635.651415348053,0.254,0.010796
1635.7636151313782,0.2558,0.010893
1635.8713023662567,0.25567,0.011004
1635.9742288589478,0.25733,0.010931
1636.0710198879242,0.25927,0.011025
1636.1829164028168,0.26027,0.011057
1636.2936170101166,0.26107,0.011041
1636.4030961990356,0.26253,0.011164
1636.513370513916,0.26427,0.011088
1636.62149143219,0.26467,0.011134
1636.7346465587616,0.26633,0.011228
1636.8408877849579,0.26807,0.011129
1636.951320886612,0.268,0.011183
1637.063848733902,0.2702,0.011222
1637.17156124115,0.27047,0.011162
1637.2727572917938,0.2724,0.011127
1637.3826224803925,0.2732,0.011097
1637.4926309585571,0.274,0.011133
1637.6031439304352,0.275,0.01101
1637.7135820388794,0.27613,0.011009
1637.8202350139618,0.27753,0.010958
1637.9214887619019,0.2788,0.010942
1638.0310616493225,0.27987,0.010913
1638.1429953575134,0.28087,0.010934
1638.2480120658875,0.28207,0.010851
1638.3610265254974,0.2842,0.010929
1638.4735314846039,0.28393,0.010806
1638.5865125656128,0.28627,0.010855
1638.6916182041168,0.2858,0.010781
1638.7918672561646,0.28633,0.010695
1638.903376340866,0.28887,0.010796
1639.0119407176971,0.29027,0.010811
1639.1234230995178,0.29173,0.010825
1639.2317745685577,0.29247,0.010799
1639.3432385921478,0.2936,0.010797
1639.4526805877686,0.29407,0.010782
1639.5628037452698,0.29593,0.010754
1639.671897649765,0.2964,0.010775
1639.7805557250977,0.29847,0.010725
1639.8939051628113,0.29933,0.010739
1640.0010063648224,0.00073333,0.011385
1640.114313364029,0.004,0.010749
1640.2218515872955,0.0068,0.010739
1640.3209426403046,0.0104,0.01077
1640.4333806037903,0.013867,0.010717
1640.5476784706116,0.0166,0.010861
1640.6524753570557,0.020533,0.010885
1640.7640166282654,0.023867,0.010998
1640.8744354248047,0.0268,0.010935
1640.9725379943848,0.029733,0.010987
1641.0823130607605,0.032867,0.011158
1641.1942446231842,0.039133,0.011089
1641.3084633350372,0.039333,0.011423
1641.4117302894592,0.0456,0.011363
1641.5254893302917,0.0482,0.011675
1641.634107351303,0.0512,0.011662
1641.7443532943726,0.054333,0.011916
1641.8526186943054,0.057533,0.011894
1641.9649443626404,0.060933,0.011983
1642.0772891044617,0.063933,0.012063
1642.183214187622,0.066267,0.012053
1642.2919838428497,0.069933,0.012037
1642.406001329422,0.073,0.012138
1642.516296863556,0.0758,0.012036
1642.6257994174957,0.078933,0.011974
1642.7235918045044,0.081867,0.011961
1642.8235569000244,0.087267,0.011861
1642.9341611862183,0.089667,0.011689
1643.042825460434,0.091933,0.0117
1643.1543295383453,0.0932,0.011673
1643.2645359039307,0.095333,0.01162
1643.3756115436554,0.096533,0.011475
1643.4842269420624,0.097667,0.011667
1643.5854258537292,0.099067,0.011453
1643.6962819099426,0.10053,0.011345
1643.796775341034,0.1018,0.011323
1643.896903514862,0.10293,0.011313
1644.0138998031616,0.10453,0.011273
1644.1053099632263,0.1058,0.011251
1644.216307401657,0.10687,0.011149
1644.3272309303284,0.10927,0.011138
1644.4337947368622,0.10947,0.010985
1644.549075126648,0.11207,0.011006
1644.656519651413,0.11207,0.010985
1644.7665543556213,0.11527,0.010889
1644.8770518302917,0.11707,0.010862
1644.9889011383057,0.1176,0.010842
1645.0957584381104,0.11913,0.010891
1645.193941116333,0.12033,0.010837
1645.2947807312012,0.12187,0.010831
1645.407708644867,0.12353,0.010871
1645.5171015262604,0.12433,0.010976
1645.624762058258,0.1252,0.010963
1645.728210926056,0.12727,0.011088
1645.8338260650635,0.1292,0.01123
1645.9438304901123,0.12933,0.011359
1646.0604152679443,0.13227,0.01133
1646.1657893657684,0.132,0.011482
1646.2733058929443,0.1342,0.011419
1646.3884387016296,0.1358,0.011633
1646.4944114685059,0.13653,0.011663
1646.6038556098938,0.13727,0.011489
1646.714335680008,0.13907,0.011673
1646.8256628513336,0.14007,0.011596
1646.9277758598328,0.14167,0.011577
1647.0372099876404,0.14307,0.011661
1647.1498551368713,0.1438,0.011386
1647.257244348526,0.147,0.011494
1647.3645033836365,0.14653,0.011368
1647.4674999713898,0.14853,0.011425
1647.5661368370056,0.14953,0.011374
1647.6779243946075,0.1514,0.011284
1647.787514925003,0.15327,0.011343
1647.896850824356,0.15253,0.011279
1648.0077719688416,0.15513,0.011333
1648.1175479888916,0.15593,0.011145
1648.2281241416931,0.15773,0.011195
1648.3369295597076,0.15907,0.011198
1648.4385907649994,0.16013,0.011157
1648.5503566265106,0.161,0.011083
1648.6563608646393,0.16233,0.011097
1648.756288766861,0.16327,0.011087
1648.8542335033417,0.1646,0.011022
1648.9681458473206,0.16567,0.010949
1649.0659232139587,0.16733,0.010877
1649.1828172206879,0.16807,0.010773
1649.285850763321,0.1694,0.010821
1649.3960633277893,0.1702,0.010791
1649.514184474945,0.17267,0.010847
1649.605809211731,0.1736,0.010772
1649.7190046310425,0.17373,0.010707
1649.8277807235718,0.17447,0.010714
1649.937007188797,0.17747,0.010698
1650.0493006706238,0.17867,0.010756
1650.1554934978485,0.1794,0.010731
1650.2718448638916,0.18107,0.010729
1650.3810527324677,0.1816,0.010713
1650.4863572120667,0.18307,0.010702
1650.598927974701,0.18453,0.010698
1650.7089869976044,0.18553,0.0107
1650.8164911270142,0.1882,0.010796
1650.9252200126648,0.1872,0.010698
1651.028205871582,0.18847,0.010702
1651.1286454200745,0.19173,0.010702
1651.2395751476288,0.19207,0.010702
1651.3484592437744,0.19313,0.010789
1651.461269378662,0.19433,0.010826
1651.5668663978577,0.19607,0.010666
1651.6780188083649,0.1968,0.010767
1651.7891311645508,0.1974,0.010721
1651.8986184597015,0.19867,0.01075
1652.0023710727692,0.19987,0.010737
1652.1089227199554,0.20167,0.010805
1652.2195296287537,0.2034,0.010752
1652.3305313587189,0.20367,0.010755
1652.4391067028046,0.2042,0.010667
1652.5421407222748,0.2056,0.010658
1652.6482014656067,0.20727,0.010697
1652.7586998939514,0.208,0.010713
1652.8646070957184,0.2108,0.010721
1652.9785301685333,0.21173,0.010691
1653.0890710353851,0.2122,0.010764
1653.1953048706055,0.21347,0.010666
1653.3108880519867,0.2152,0.010691
1653.4181401729584,0.21573,0.010756
1653.5159096717834,0.21693,0.010693
1653.6213171482086,0.218,0.010746
1653.731159210205,0.21933,0.010742
1653.8299860954285,0.22053,0.010686
1653.9376771450043,0.22213,0.010748
1654.0483367443085,0.22247,0.010695
1654.1488649845123,0.22493,0.010774
1654.2587049007416,0.22513,0.010731
1654.3676326274872,0.22553,0.010785
1654.4711656570435,0.22667,0.010787
1654.587147474289,0.22887,0.010794
1654.6841094493866,0.23013,0.010756
1654.7928841114044,0.23153,0.010799
1654.8906140327454,0.2326,0.010813
1655.0010454654694,0.23393,0.01083
1655.1030514240265,0.23493,0.010825
1655.2167694568634,0.2358,0.010761
1655.3225100040436,0.23673,0.010789
1655.4308874607086,0.23833,0.01075
1655.5433962345123,0.239,0.010776
1655.653450012207,0.24027,0.01073
1655.7640707492828,0.24127,0.010705
1655.8741018772125,0.24373,0.010746
1655.9825685024261,0.2436,0.010743
1656.0955531597137,0.24453,0.010738
1656.2004697322845,0.247,0.010715
1656.3126270771027,0.24787,0.010842
1656.4225389957428,0.249,0.010731
1656.5312020778656,0.25033,0.010758
1656.643361568451,0.25133,0.010863
1656.7526433467865,0.2524,0.010809
1656.8554377555847,0.25327,0.010919
1656.9532833099365,0.254,0.010817
1657.0680484771729,0.2556,0.011013
1657.1753525733948,0.25653,0.011017
1657.2833602428436,0.25773,0.011176
1657.3963577747345,0.25867,0.011185
1657.508986711502,0.261,0.011155
1657.6167681217194,0.26127,0.011266
1657.722254037857,0.26287,0.011245
1657.8362882137299,0.2642,0.011249
1657.9366388320923,0.26593,0.011228
1658.0436811447144,0.26673,0.011205
1658.154572725296,0.26793,0.011233
1658.2631726264954,0.2688,0.011192
1658.3778085708618,0.26933,0.011237
1658.4816055297852,0.2708,0.011127
1658.5956494808197,0.27133,0.01115
1658.7018196582794,0.27287,0.011141
1658.8140108585358,0.27453,0.011038
1658.9266097545624,0.27447,0.011
1659.0368134975433,0.27707,0.010953
1659.1424794197083,0.2782,0.01093
1659.244036912918,0.27907,0.010902
1659.3545174598694,0.27993,0.010852
1659.4637644290924,0.2814,0.010785
1659.5634469985962,0.28193,0.010802
1659.6648035049438,0.2834,0.010816
1659.7699844837189,0.28427,0.010846
1659.875144481659,0.28547,0.010881
1659.9854991436005,0.2864,0.010826
1660.0846803188324,0.28773,0.010795
1660.1847503185272,0.2896,0.010751
1660.2958211898804,0.29007,0.010785
1660.4055845737457,0.29113,0.010727
1660.5157244205475,0.29227,0.01078
1660.6239416599274,0.2936,0.010755
1660.7236423492432,0.294,0.010704
1660.8362231254578,0.29447,0.010715
1660.9469201564789,0.29693,0.010772
1661.0555665493011,0.29833,0.010763
1661.1664972305298,0.0008,0.010795
1661.2753126621246,0.00033333,0.011902
1661.386924982071,0.0028,0.010824
1661.499162197113,0.0066667,0.010755
1661.5957560539246,0.0098,0.010787
1661.6957318782806,0.012267,0.010839
1661.806728363037,0.016133,0.010839
1661.9300591945648,0.019933,0.011037
1662.027687549591,0.023133,0.010905
1662.1386077404022,0.0256,0.011065
1662.2486600875854,0.029533,0.011219
1662.3568351268768,0.032133,0.011425
1662.457043170929,0.038667,0.011394
1662.57035779953,0.041533,0.011572
1662.681386232376,0.045667,0.011822
1662.786423921585,0.047867,0.011802
1662.8963079452515,0.050933,0.011984
1663.0060205459595,0.054133,0.012171
1663.1179728507996,0.056933,0.012053
1663.225510597229,0.059733,0.012234
1663.3360998630524,0.062867,0.01227
1663.4471056461334,0.066667,0.012116
1663.5581767559052,0.068867,0.012184
1663.6659498214722,0.072267,0.012164
1663.7670345306396,0.075067,0.012175
1663.869574546814,0.077667,0.012203
1663.9751119613647,0.080333,0.01179
1664.0896430015564,0.086133,0.011936
1664.2001285552979,0.089467,0.011793
1664.2976422309875,0.091533,0.011615
1664.3986823558807,0.092133,0.011668
1664.4957075119019,0.092667,0.011611
1664.6057422161102,0.095667,0.011529
1664.723334312439,0.0974,0.011413
1664.8281717300415,0.0988,0.011434
1664.9282767772675,0.099533,0.011399
1665.029554605484,0.10093,0.011251
1665.1295380592346,0.1022,0.011233
1665.238389968872,0.10347,0.011189
1665.3474969863892,0.10433,0.011064
1665.461769580841,0.10667,0.011006
1665.5701529979706,0.10773,0.011053
1665.6807763576508,0.11033,0.011025
1665.7887346744537,0.11047,0.010944
1665.8895542621613,0.11187,0.011007
1666.0020456314087,0.113,0.010889
1666.1088240146637,0.11647,0.010874
1666.2191677093506,0.11707,0.010932
1666.329460144043,0.1186,0.010889
1666.4387469291687,0.11987,0.010902
1666.537526845932,0.12133,0.010912
1666.6501367092133,0.12253,0.011016
1666.7596292495728,0.12413,0.010947
1666.8671238422394,0.12513,0.01112
1666.978393793106,0.12613,0.011105
1667.0884454250336,0.1278,0.010977
1667.1970655918121,0.12947,0.011162
1667.2992417812347,0.12987,0.011222
1667.4015576839447,0.13153,0.01119
1667.5122473239899,0.1332,0.011384
1667.6158421039581,0.1342,0.011388
1667.7226037979126,0.13533,0.01126
1667.8264617919922,0.1362,0.011388
1667.940764427185,0.13747,0.011453
1668.048885345459,0.13973,0.011289
1668.1550250053406,0.1414,0.011348
1668.2686982154846,0.1426,0.011349
1668.382666349411,0.14367,0.011302
1668.486516237259,0.14527,0.011351
1668.590927362442,0.146,0.01134
1668.7016065120697,0.14753,0.011321
1668.8073451519012,0.14913,0.011262
1668.9193360805511,0.14973,0.011219
1669.0290615558624,0.15133,0.011155
1669.139246225357,0.15213,0.011284
1669.2353665828705,0.15333,0.011104
1669.3522267341614,0.1548,0.011251
1669.4607644081116,0.15633,0.011148
1669.5635707378387,0.15727,0.011167
1669.6597700119019,0.15847,0.011111
1669.7681028842926,0.161,0.011036
1669.8787753582,0.16173,0.011039
1669.9869740009308,0.163,0.011011
1670.0842220783234,0.16427,0.010928
1670.1818633079529,0.16433,0.010889
1670.2936282157898,0.1664,0.010642
1670.3992636203766,0.16727,0.010722
1670.508692741394,0.16893,0.010737
1670.6228172779083,0.17047,0.010713
1670.72949552536,0.171,0.010747
1670.8389856815338,0.1726,0.010648
1670.948984861374,0.1736,0.01067
1671.0588216781616,0.175,0.010696
1671.172281742096,0.17627,0.010686
1671.2799756526947,0.1786,0.01066
1671.388615846634,0.1802,0.010709
1671.5005559921265,0.18073,0.010624
1671.6117961406708,0.18233,0.010626
1671.7207608222961,0.18327,0.01068
1671.8192644119263,0.184,0.010644
1671.930629491806,0.18513,0.010697
1672.033894777298,0.18653,0.010664
1672.1412777900696,0.18747,0.010685
1672.2399728298187,0.18913,0.01074
1672.344226360321,0.1898,0.010642
1672.4496607780457,0.1914,0.010606
1672.5619721412659,0.19233,0.010715
1672.6732325553894,0.19367,0.010661
1672.7811205387115,0.19447,0.010639
1672.8893105983734,0.19573,0.0107
1672.9978241920471,0.19693,0.010799
1673.1113498210907,0.19793,0.01069
1673.2227718830109,0.19993,0.010673
1673.3331575393677,0.20087,0.010729
1673.4420783519745,0.20267,0.010757
1673.5506620407104,0.204,0.010753
1673.6618518829346,0.2054,0.010684
1673.7713389396667,0.20647,0.010746
1673.8824665546417,0.20687,0.010706
1673.9913606643677,0.20893,0.010685
1674.0998866558075,0.20927,0.010748
1674.208845615387,0.2116,0.010747
1674.3192355632782,0.21227,0.010779
1674.4325790405273,0.21373,0.010717
1674.5458056926727,0.2146,0.010751
1674.6523277759552,0.21587,0.010747
1674.7592942714691,0.21753,0.010731
1674.872737646103,0.21847,0.010791
1674.9714050292969,0.2198,0.010759
1675.071130990982,0.22033,0.01082
1675.1795737743378,0.22173,0.010819
1675.289277791977,0.22233,0.010878
1675.400542497635,0.22427,0.01084
1675.5070548057556,0.2252,0.010838
1675.6212327480316,0.2262,0.010815
1675.7276759147644,0.2268,0.010869
1675.8273432254791,0.2294,0.010855
1675.938794851303,0.23033,0.010789
1676.0469670295715,0.23113,0.010825
1676.1568989753723,0.23273,0.010899
1676.2699217796326,0.23353,0.010854
1676.3786697387695,0.23473,0.010948
1676.4778382778168,0.2356,0.010818
1676.5901856422424,0.23707,0.010809
1676.6986424922943,0.23827,0.010854
1676.7982425689697,0.23967,0.010778
1676.911410331726,0.24027,0.01082
1677.0198602676392,0.241,0.010801
1677.1173417568207,0.2418,0.010745
1677.2233972549438,0.24313,0.010706
1677.329997062683,0.24527,0.010739
1677.4380931854248,0.24593,0.010753
1677.5405893325806,0.24653,0.010869
1677.646517753601,0.24767,0.010812
1677.7611238956451,0.25,0.010824
1677.8719663619995,0.25133,0.010847
1677.9766795635223,0.25207,0.010926
1678.0712718963623,0.2524,0.010933
1678.180314540863,0.25453,0.010995
1678.280448436737,0.2554,0.010992
1678.3911125659943,0.25633,0.010957
1678.489717245102,0.25787,0.011109
1678.6009125709534,0.259,0.011251
1678.7084228992462,0.26033,0.011216
1678.809947013855,0.2616,0.011253
1678.9199006557465,0.262,0.011195
1679.0331447124481,0.26307,0.011298
1679.1320850849152,0.264,0.011355
1679.2433049678802,0.2656,0.011369
1679.341285943985,0.26627,0.011287
1679.449495792389,0.26773,0.011316
1679.5592188835144,0.26887,0.011299
1679.6684503555298,0.26947,0.011107
1679.7788376808167,0.27093,0.011066
1679.8911838531494,0.27233,0.011067
1680.0016674995422,0.2738,0.01099
1680.1051406860352,0.27433,0.011016
1680.2019197940826,0.27547,0.01097
1680.3087496757507,0.27707,0.010854
1680.4230892658234,0.27827,0.010878
1680.530249118805,0.27967,0.010864
1680.6387836933136,0.28027,0.010833
1680.7520172595978,0.28133,0.010755
1680.8606972694397,0.2828,0.010725
1680.9728293418884,0.2836,0.010776
1681.0800042152405,0.28473,0.010739
1681.1930794715881,0.286,0.010626
1681.3027465343475,0.28767,0.010731
1681.4119787216187,0.2878,0.010675
1681.5217940807343,0.29027,0.010728
1681.6333327293396,0.2906,0.01068
1681.7320811748505,0.2924,0.010666
1681.8419218063354,0.29333,0.010692
1681.9446289539337,0.29413,0.010679
1682.0519108772278,0.29553,0.010719
1682.1683139801025,0.296,0.010683
1682.2608931064606,0.29693,0.010782
1682.3636229038239,0.29867,0.010729
1682.475082397461,-0.0015333,0.011282
1682.5819301605225,0.0,0.010983
1682.6924889087677,0.0031333,0.010857
1682.8005237579346,0.0068,0.010789
1682.9080846309662,0.0094667,0.01089
1683.0054128170013,0.012733,0.010902
1683.1140010356903,0.017933,0.010975
1683.223000049591,0.019867,0.011164
1683.333267211914,0.026133,0.01123
1683.445823431015,0.0284,0.011258
1683.5546474456787,0.032467,0.011409
1683.6670145988464,0.035133,0.011568
1683.7725541591644,0.039,0.011746
1683.8837583065033,0.041533,0.011893
1683.9960741996765,0.045067,0.011914
1684.1055228710175,0.0476,0.012042
1684.2147314548492,0.050133,0.012115
1684.3254022598267,0.054,0.012252
1684.4336829185486,0.057267,0.012399
1684.5476260185242,0.060067,0.012431
1684.654217004776,0.065933,0.012325
1684.7640278339386,0.0692,0.012304
1684.8726279735565,0.072133,0.012042
1684.98113656044,0.0756,0.011973
1685.084531545639,0.077667,0.011991
1685.1843643188477,0.081267,0.012011
1685.2965314388275,0.083267,0.011987
1685.4036045074463,0.0864,0.011778
1685.5156285762787,0.0894,0.011666
1685.6253850460052,0.092067,0.011574
1685.7361772060394,0.0928,0.011446
1685.8342597484589,0.0946,0.011403
1685.9345729351044,0.095267,0.011419
1686.045776128769,0.097133,0.011164
1686.145379781723,0.0986,0.011313
1686.2555425167084,0.1002,0.011401
1686.365112066269,0.1012,0.011024
1686.475121498108,0.10433,0.011054
1686.5870234966278,0.1058,0.011058
1686.6923546791077,0.10667,0.011055
1686.806125164032,0.10707,0.011038
1686.9152748584747,0.10967,0.011028
1687.0273523330688,0.11053,0.010807
1687.136467218399,0.11233,0.010867
1687.2429611682892,0.11333,0.010882
1687.352080821991,0.1146,0.01089
1687.4638757705688,0.11673,0.010845
1687.5806195735931,0.11747,0.010818
1687.6847279071808,0.1202,0.010849
1687.783152103424,0.12187,0.010845
1687.895346879959,0.1216,0.010933
1688.009878873825,0.12387,0.010851
1688.1141352653503,0.1256,0.01083
1688.2229714393616,0.12667,0.010982
1688.334936618805,0.1276,0.010995
1688.445438861847,0.1296,0.011149
1688.5565259456635,0.13033,0.011307
1688.6690936088562,0.13107,0.011302
1688.7747406959534,0.13247,0.011146
1688.8865690231323,0.13473,0.011181
1688.9967913627625,0.13673,0.011126
1689.1042966842651,0.1372,0.011133
1689.214199066162,0.138,0.011354
1689.32644033432,0.14047,0.011121
1689.4364035129547,0.14193,0.011146
1689.5448772907257,0.1434,0.011186
1689.6558783054352,0.14393,0.011202
1689.7662751674652,0.14533,0.011197
1689.8759081363678,0.147,0.011263
1689.9847626686096,0.14813,0.011079
1690.095894575119,0.14907,0.011167
1690.206475019455,0.15067,0.011199
1690.3156189918518,0.1516,0.011087
1690.431584596634,0.154,0.011122
1690.5254740715027,0.155,0.01108
1690.6350677013397,0.15593,0.011103
1690.745587348938,0.15727,0.011169
1690.8531527519226,0.15867,0.011133
1690.9625535011292,0.1594,0.010995
1691.0779831409454,0.16107,0.01088
1691.1865158081055,0.16293,0.01089
1691.2951941490173,0.1634,0.010889
1691.4041738510132,0.16527,0.010717
1691.5050480365753,0.16653,0.010818
1691.6064722537994,0.1672,0.010633
1691.7150118350983,0.16933,0.010686
1691.8289368152618,0.16973,0.010651
1691.9371898174286,0.1714,0.010717
1692.0456047058105,0.17227,0.010654
1692.1459040641785,0.17313,0.01063
1692.2544872760773,0.17527,0.010694
1692.369301557541,0.17667,0.01069
1692.4758520126343,0.17793,0.010723
1692.5867896080017,0.17913,0.010677
1692.697170972824,0.17953,0.010637
1692.8121807575226,0.18173,0.010703
1692.91752409935,0.18273,0.010613
1693.0257160663605,0.1832,0.0106
1693.1395361423492,0.18447,0.010587
1693.2470262050629,0.18687,0.010666
1693.357316493988,0.187,0.010733
1693.4668633937836,0.1896,0.010614
1693.5795896053314,0.1902,0.010577
1693.6858534812927,0.19147,0.010657
1693.7869305610657,0.19313,0.010647
1693.8880364894867,0.1932,0.010605
1693.9969944953918,0.19533,0.010727
1694.1082615852356,0.19633,0.010641
1694.2186069488525,0.19753,0.010724
1694.3207907676697,0.19813,0.010743
1694.41654753685,0.19947,0.010736
1694.529528617859,0.20073,0.010657
1694.6333138942719,0.20193,0.010736
1694.7525641918182,0.20287,0.010673
1694.8482592105865,0.20453,0.010715
1694.956924200058,0.20507,0.010728
1695.0674114227295,0.20593,0.010635
1695.1759300231934,0.2082,0.010702
1695.2848210334778,0.20813,0.010769
1695.3994393348694,0.21053,0.010798
1695.5067563056946,0.21127,0.010779
1695.6171424388885,0.21273,0.010817
1695.7266745567322,0.21367,0.010745
1695.838881969452,0.21453,0.010845
1695.9463648796082,0.21533,0.010906
1696.0545892715454,0.21693,0.01094
1696.170176267624,0.21807,0.010911
1696.274584531784,0.2198,0.010899
1696.3759815692902,0.2202,0.01095
1696.4771656990051,0.2214,0.011011
1696.578693151474,0.22373,0.011031
1696.6776225566864,0.22407,0.010993
1696.780023574829,0.22567,0.01097
1696.8804857730865,0.22607,0.010893
1696.9887220859528,0.22667,0.010945
1697.0903582572937,0.22927,0.011021
1697.185806274414,0.2304,0.010957
1697.3000419139862,0.23153,0.010914
1697.4057025909424,0.23233,0.010981
1697.5206818580627,0.23347,0.010954
1697.6254012584686,0.235,0.011041
1697.739193201065,0.23613,0.010888
1697.8497440814972,0.23727,0.0109
1697.9610204696655,0.2376,0.010881
1698.0688531398773,0.23933,0.010879
1698.1815195083618,0.24073,0.010894
1698.2896432876587,0.24113,0.010827
1698.4035487174988,0.24273,0.01078
1698.5090353488922,0.24367,0.010795
1698.6199352741241,0.2464,0.010831
1698.721212387085,0.24727,0.010785
1698.8303275108337,0.24813,0.010797
1698.9415752887726,0.24907,0.01086
1699.0470428466797,0.24953,0.010941
1699.1593489646912,0.25113,0.010963
1699.2678349018097,0.25213,0.010992
1699.37114071846,0.25333,0.010986
1699.4706726074219,0.25433,0.010967
1699.5806348323822,0.25507,0.011203
1699.690330028534,0.257,0.011197
1699.80268740654,0.25727,0.011286
1699.9018409252167,0.2586,0.011281
1700.0073370933533,0.2598,0.011273
1700.1208398342133,0.26147,0.011386
1700.2328851222992,0.2634,0.011345
1700.3410284519196,0.26427,0.011227
1700.4512770175934,0.26547,0.011299
1700.5612390041351,0.26627,0.011281
1700.6739251613617,0.26793,0.011227
1700.7808651924133,0.2686,0.011314
1700.8966114521027,0.26993,0.011295
1701.0019450187683,0.27093,0.011047
1701.1113457679749,0.2718,0.011083
1701.2214903831482,0.27293,0.010913
1701.3306148052216,0.27367,0.010958
1701.4400944709778,0.27533,0.010825
1701.55113697052,0.27693,0.01087
1701.661297082901,0.27867,0.010855
1701.7609021663666,0.2796,0.010845
1701.8717865943909,0.27947,0.010742
1701.9820075035095,0.28193,0.010711
1702.0968956947327,0.2828,0.010779
1702.1929132938385,0.2836,0.010794
1702.2912724018097,0.28513,0.010675
1702.4062757492065,0.28587,0.010732
1702.510692358017,0.28747,0.01075
1702.6185731887817,0.28773,0.010769
1702.729331254959,0.28967,0.010739
1702.839486837387,0.29013,0.010708
1702.9528629779816,0.29133,0.010741
1703.0614647865295,0.29287,0.010705
1703.1721861362457,0.29367,0.010708
1703.2822875976562,0.2954,0.01069
1703.3903687000275,0.2962,0.010645
1703.5018968582153,0.2978,0.010676
1703.6124935150146,0.2984,0.010769
1703.722214460373,-0.0024,0.010684
1703.8303124904633,-0.00046667,0.011383
1703.9320390224457,0.0024667,0.011031
1704.0415897369385,0.0068,0.01082
1704.1492052078247,0.0098667,0.011031
1704.2620027065277,0.012933,0.011118
1704.3613426685333,0.016133,0.011059
1704.4655759334564,0.0196,0.01127
1704.5757677555084,0.0232,0.011288
1704.680836200714,0.026067,0.011332
1704.792222738266,0.032467,0.011603
1704.901892900467,0.035067,0.011669
1705.0126132965088,0.038333,0.012039
1705.1264598369598,0.0418,0.012201
1705.2326881885529,0.0446,0.012302
1705.3406195640564,0.048267,0.012223
1705.4501440525055,0.051333,0.012353
1705.562762260437,0.0544,0.012422
1705.6714811325073,0.057133,0.012391
1705.7839624881744,0.059867,0.012405
1705.8894529342651,0.0634,0.012305
1706.0027251243591,0.0658,0.012098
1706.1125667095184,0.071533,0.012193
1706.2238430976868,0.072333,0.012123
1706.3339755535126,0.078133,0.012002
1706.4333193302155,0.0812,0.012004
1706.54238820076,0.083733,0.012
1706.6516001224518,0.086733,0.011809
1706.7638261318207,0.089467,0.011657
1706.8720383644104,0.091867,0.011649
1706.9722454547882,0.0932,0.011701
1707.0842282772064,0.094067,0.011476
1707.1945464611053,0.0958,0.011331
1707.3002173900604,0.097467,0.011257
1707.4121389389038,0.098533,0.011195
1707.5118262767792,0.0998,0.011141
1707.610422372818,0.1008,0.011161
1707.7158992290497,0.10273,0.010966
1707.8249814510345,0.10573,0.01096
1707.9350821971893,0.1058,0.011078
1708.0340309143066,0.10693,0.010946
1708.1415576934814,0.10953,0.010907
1708.2549796104431,0.10933,0.010934
1708.3612294197083,0.1124,0.010876
1708.4720554351807,0.1128,0.01087
1708.5815761089325,0.1148,0.010812
1708.6938145160675,0.11553,0.010793
1708.805048942566,0.11767,0.010825
1708.9139137268066,0.119,0.010823
1709.0243422985077,0.12,0.01087
1709.1361720561981,0.12053,0.010841
1709.2440271377563,0.12353,0.010813
1709.3558225631714,0.124,0.010841
1709.4625029563904,0.12513,0.010873
1709.5779275894165,0.12733,0.010911
1709.682541847229,0.1286,0.010845
1709.7851436138153,0.13033,0.011019
1709.8874447345734,0.13147,0.011029
1709.9953410625458,0.13207,0.011069
1710.105724811554,0.13293,0.011122
1710.2156500816345,0.13507,0.011156
1710.317153453827,0.136,0.011198
1710.418639421463,0.13787,0.011003
1710.515986919403,0.1392,0.011136
1710.6149733066559,0.14013,0.011101
1710.7267117500305,0.14147,0.011105
1710.8376438617706,0.143,0.011062
1710.9340779781342,0.1434,0.010967
1711.0455338954926,0.14473,0.011122
1711.1555943489075,0.1464,0.011043
1711.2651071548462,0.1474,0.010978
1711.3769536018372,0.14887,0.011099
1711.4848415851593,0.14973,0.011051
1711.5933256149292,0.152,0.010954
1711.7112710475922,0.15327,0.011038
1711.8165163993835,0.1546,0.010919
1711.9256920814514,0.15613,0.010851
1712.0395503044128,0.15707,0.010887
1712.1461770534515,0.15767,0.010842
1712.2573511600494,0.1594,0.010781
1712.3665716648102,0.16053,0.010821
1712.4762086868286,0.1618,0.010686
1712.586018562317,0.16287,0.010711
1712.6958379745483,0.16533,0.010682
1712.7953579425812,0.1648,0.010713
1712.896547794342,0.16813,0.010665
1712.9965710639954,0.16767,0.010691
1713.1073014736176,0.16993,0.010698
1713.2159934043884,0.17087,0.01069
1713.3277144432068,0.17267,0.010632
1713.4400522708893,0.17433,0.010678
1713.5472695827484,0.17553,0.010618
1713.6570847034454,0.17633,0.010683
1713.7672126293182,0.17727,0.010682
1713.8807694911957,0.17813,0.010666
1713.987498998642,0.1786,0.010698
1714.0984244346619,0.17993,0.010641
1714.2074205875397,0.18147,0.010641
1714.3192417621613,0.18367,0.0107
1714.4274804592133,0.1842,0.01066
1714.5402953624725,0.18607,0.010694
1714.6479666233063,0.18773,0.010675
1714.7555801868439,0.18927,0.010649
1714.8673305511475,0.19007,0.01065
1714.975709438324,0.1912,0.010707
1715.0773479938507,0.19207,0.010672
1715.1874458789825,0.19327,0.010752
1715.299738407135,0.1944,0.010689
1715.4087862968445,0.19567,0.010625
1715.5169248580933,0.19633,0.010711
1715.619092464447,0.199,0.010695
1715.7257459163666,0.19927,0.010704
1715.8370039463043,0.19987,0.010761
1715.9457154273987,0.20207,0.010761
1716.0583379268646,0.20313,0.010756
1716.166360616684,0.20453,0.010753
1716.2756750583649,0.20567,0.010752
1716.3850710391998,0.20673,0.01086
1716.4957146644592,0.2084,0.010807
1716.6069285869598,0.2086,0.010922
1716.7167036533356,0.2098,0.010813
1716.8311648368835,0.21113,0.010929
1716.936593055725,0.21373,0.010955
1717.0469915866852,0.21413,0.010898
1717.1552805900574,0.21493,0.010988
1717.2661538124084,0.21693,0.010982
1717.3745863437653,0.21827,0.011022
1717.4873294830322,0.2188,0.011092
1717.596035003662,0.22013,0.011067
1717.7089548110962,0.22167,0.011015
1717.8155028820038,0.22307,0.011112
1717.9273533821106,0.2234,0.011163
1718.0353903770447,0.2248,0.011192
1718.144085407257,0.22567,0.011124
1718.256067276001,0.22753,0.01112
1718.3589870929718,0.2282,0.011049
1718.457184791565,0.22933,0.011024
1718.5577473640442,0.22973,0.011103
1718.6708328723907,0.23213,0.011109
1718.7763934135437,0.23327,0.010985
1718.8858053684235,0.23447,0.011056
1718.9858317375183,0.23507,0.011047
1719.0892102718353,0.23653,0.010979
1719.1921179294586,0.2366,0.010968
1719.2975766658783,0.23907,0.010894
1719.4085490703583,0.24053,0.010866
1719.5142612457275,0.24113,0.01097
1719.6185417175293,0.24207,0.010848
1719.7198722362518,0.2434,0.010833
1719.8289687633514,0.24453,0.010834
1719.9387452602386,0.24547,0.010854
1720.0486228466034,0.2466,0.010818
1720.149513721466,0.24787,0.010852
1720.2584669589996,0.2484,0.010937
1720.3695147037506,0.24947,0.010908
1720.4776592254639,0.25113,0.010978
1720.5904560089111,0.25327,0.010974
1720.6960599422455,0.25253,0.011199
1720.8086907863617,0.25473,0.010995
1720.9189140796661,0.25573,0.011111
1721.0180969238281,0.25727,0.011309
1721.1203963756561,0.2578,0.011229
1721.2303397655487,0.25967,0.011321
1721.3419914245605,0.26073,0.011266
1721.450971364975,0.2614,0.011298
1721.5645186901093,0.26307,0.011296
1721.6665558815002,0.2634,0.011285
1721.780589580536,0.26513,0.011264
1721.8902215957642,0.266,0.011207
1722.0002348423004,0.26693,0.011113
1722.1108140945435,0.2694,0.01111
1722.2205905914307,0.27047,0.011074
1722.330190896988,0.27173,0.010985
1722.4299702644348,0.27293,0.01101
1722.5321922302246,0.27413,0.01093
1722.6396667957306,0.27393,0.010956
1722.7526094913483,0.2756,0.010877
1722.8494181632996,0.27613,0.01097
1722.9619166851044,0.27793,0.010852
1723.0705473423004,0.27833,0.010863
1723.1792311668396,0.27967,0.010862
1723.2776713371277,0.28153,0.010762
1723.3803553581238,0.28227,0.010758
1723.4938724040985,0.28353,0.010788
1723.6008915901184,0.2844,0.010726
1723.7120509147644,0.2852,0.010762
1723.8214933872223,0.2866,0.010716
1723.932708978653,0.28907,0.010718
1724.0444102287292,0.2886,0.010723
1724.149884223938,0.29033,0.010692
1724.2609543800354,0.2908,0.010701
1724.3698415756226,0.29273,0.010721
1724.4818422794342,0.2936,0.01064
1724.5927658081055,0.29553,0.010701
1724.6929848194122,0.2952,0.010618
1724.803729057312,0.2972,0.010686
1724.912053346634,0.2982,0.010727
1725.0232632160187,-0.0034,0.012165
1725.1306405067444,-0.00066667,0.01126
1725.2322118282318,0.0028667,0.011012
1725.3414928913116,0.0060667,0.010807
1725.4420347213745,0.0092,0.010862
1725.5455873012543,0.016267,0.010959
1725.6547365188599,0.015933,0.011111
1725.7643432617188,0.0224,0.01106
1725.8713829517365,0.0256,0.011194
1725.9817221164703,0.028667,0.011524
1726.0918111801147,0.0322,0.011625
1726.2051796913147,0.035267,0.01203
1726.3119132518768,0.038267,0.011749
1726.4200398921967,0.041667,0.012037
1726.537662267685,0.044267,0.012205
1726.6338574886322,0.047467,0.012112
1726.7430891990662,0.049733,0.012333
1726.8553957939148,0.053933,0.012231
1726.9625623226166,0.059867,0.012372
1727.0696911811829,0.0592,0.012235
1727.1836290359497,0.065933,0.012307
1727.2912666797638,0.068867,0.012059
1727.4041512012482,0.071733,0.012162
1727.5129091739655,0.075133,0.012034
1727.6229469776154,0.0774,0.012008
1727.7317140102386,0.0808,0.011802
1727.8406915664673,0.0832,0.011729
1727.9532220363617,0.086267,0.0118
1728.0520474910736,0.089133,0.011603
1728.1544830799103,0.091467,0.011701
1728.257551908493,0.0924,0.011439
1728.354665517807,0.094133,0.011405
1728.4655358791351,0.095267,0.011369
1728.5752987861633,0.098467,0.011313
1728.6839265823364,0.098533,0.011259
1728.7939941883087,0.1002,0.011085
1728.9053387641907,0.103,0.010957
1729.0158405303955,0.1044,0.01094
1729.1166362762451,0.10413,0.011099
1729.2204258441925,0.1068,0.010969
1729.3298194408417,0.107,0.010936
1729.4402623176575,0.10967,0.010862
1729.5417745113373,0.1102,0.010841
1729.6400954723358,0.11207,0.010872
1729.740351676941,0.11313,0.010816
1729.8404049873352,0.1144,0.010784
1729.952852010727,0.11593,0.010808
1730.0588269233704,0.11713,0.010793
1730.167602300644,0.11807,0.010801
1730.279459476471,0.12,0.010826
1730.3817915916443,0.121,0.010814
1730.4940114021301,0.12187,0.010803
1730.6000723838806,0.12347,0.010847
1730.710988521576,0.12513,0.010831
1730.8160746097565,0.12793,0.01085
1730.9204938411713,0.12727,0.01081
1731.0285279750824,0.129,0.010878
1731.1436326503754,0.1314,0.010975
1731.2497358322144,0.13213,0.010898
1731.35964179039,0.13413,0.010959
1731.4614088535309,0.13487,0.010973
1731.5745015144348,0.13607,0.010925
1731.6778280735016,0.1376,0.010979
1731.7798771858215,0.13893,0.010954
1731.8785288333893,0.1402,0.010907
1731.9902384281158,0.14133,0.010899
1732.1028454303741,0.14273,0.010886
1732.2167437076569,0.1436,0.010965
1732.3197360038757,0.14493,0.010846
1732.4329538345337,0.14647,0.01085
1732.5391438007355,0.14727,0.010859
1732.6506853103638,0.14927,0.010926
1732.7639379501343,0.15087,0.010949
1732.8707888126373,0.1528,0.010908
1732.9831597805023,0.15407,0.010862
1733.0942113399506,0.1554,0.010833
1733.2006928920746,0.15613,0.010814
1733.3013257980347,0.157,0.010795
1733.4037895202637,0.1586,0.010747
1733.513044834137,0.1596,0.010681
1733.621746301651,0.16113,0.010704
1733.7296714782715,0.16187,0.010709
1733.841744184494,0.16433,0.010685
1733.955317735672,0.16513,0.010684
1734.0635120868683,0.167,0.010689
1734.1744377613068,0.16807,0.010681
1734.2823138237,0.169,0.010658
1734.3919088840485,0.17033,0.010646
1734.4940745830536,0.17127,0.010618
1734.605319261551,0.17267,0.010668
1734.7103126049042,0.17413,0.010641
1734.8220484256744,0.1754,0.01067
1734.9337260723114,0.17633,0.010701
1735.042813539505,0.17753,0.010719
1735.1521379947662,0.1786,0.010665
1735.2600214481354,0.17947,0.010618
1735.3707230091095,0.18107,0.010682
1735.4754784107208,0.1822,0.010657
1735.5721201896667,0.1844,0.010676
1735.681892156601,0.1854,0.010636
1735.7923777103424,0.18673,0.010669
1735.9022607803345,0.188,0.01062
1736.0129702091217,0.18887,0.010643
1736.122650384903,0.18987,0.0107
1736.2332198619843,0.191,0.010651
1736.3412754535675,0.1922,0.010711
1736.4556152820587,0.1938,0.010705
1736.5607161521912,0.19473,0.010644
1736.6723010540009,0.19547,0.010677
1736.7817766666412,0.1968,0.010698
1736.8926775455475,0.1976,0.010664
1737.0010180473328,0.2,0.010729
1737.1151678562164,0.20107,0.010718
1737.2231032848358,0.2034,0.01079
1737.3344683647156,0.2042,0.010868
1737.4440751075745,0.20493,0.010835
1737.5413467884064,0.20553,0.01093
1737.6537158489227,0.207,0.01097
1737.7656264305115,0.20833,0.010889
1737.8745701313019,0.20907,0.011016
1737.9819014072418,0.21007,0.011021
1738.0925686359406,0.21093,0.010993
1738.2014813423157,0.21253,0.011089
1738.3038773536682,0.2136,0.011174
1738.4051322937012,0.215,0.01111
1738.513328552246,0.21567,0.011165
1738.6294159889221,0.21827,0.011185
1738.7327194213867,0.2194,0.011219
1738.8442282676697,0.22007,0.01123
1738.9539649486542,0.22147,0.01116
1739.0640997886658,0.22247,0.011289
1739.1741034984589,0.22367,0.011218
1739.2837278842926,0.22427,0.011141
1739.3940107822418,0.22607,0.011156
1739.509025812149,0.22667,0.011258
1739.6162090301514,0.22913,0.011202
1739.724927186966,0.23033,0.011141
1739.8344056606293,0.2304,0.011193
1739.9350228309631,0.2312,0.011156
1740.036598443985,0.23373,0.011121
1740.1437237262726,0.2344,0.011136
1740.254476070404,0.23547,0.011136
1740.3666207790375,0.23687,0.011011
1740.4657847881317,0.238,0.011008
1740.5750246047974,0.2388,0.010932
1740.6909322738647,0.24033,0.010878
1740.7960155010223,0.24133,0.010975
1740.9075322151184,0.24167,0.010938
1741.0164976119995,0.24287,0.010825
1741.1276931762695,0.24427,0.010874
1741.2337951660156,0.24593,0.010881
1741.3441934585571,0.24673,0.010952
1741.459072113037,0.24893,0.01091
1741.5637075901031,0.2492,0.010951
1741.66384267807,0.25073,0.010961
1741.7715406417847,0.25187,0.011025
1741.8869779109955,0.25327,0.011048
1741.994959115982,0.2544,0.011011
1742.1044697761536,0.2548,0.011217
1742.2143223285675,0.25653,0.011272
1742.3270020484924,0.2578,0.011246
1742.43612408638,0.25887,0.011281
1742.5446207523346,0.25933,0.011185
1742.6551446914673,0.26167,0.011257
1742.7565987110138,0.26193,0.011224
1742.8662118911743,0.26293,0.01115
1742.965947151184,0.26467,0.011201
1743.073631286621,0.26553,0.011151
1743.1858625411987,0.267,0.011198
1743.286805152893,0.268,0.011079
1743.3876433372498,0.26793,0.011062
1743.497210264206,0.2702,0.011063
1743.598755121231,0.27147,0.01101
1743.6967957019806,0.27253,0.010915
1743.8082802295685,0.27393,0.010906
1743.9188401699066,0.27473,0.010929
1744.0257005691528,0.2756,0.010855
1744.1374747753143,0.27667,0.01089
1744.2487833499908,0.27793,0.010855
1744.3484706878662,0.27927,0.010754
1744.4473540782928,0.2802,0.010805
1744.5597095489502,0.28087,0.010839
1744.6698520183563,0.28167,0.010738
1744.7779321670532,0.2834,0.010785
1744.8915431499481,0.28487,0.010669
1745.0002055168152,0.2868,0.010778
1745.1086678504944,0.2876,0.010719
1745.2182621955872,0.28827,0.010683
1745.3278222084045,0.289,0.01069
1745.4395389556885,0.2906,0.010769
1745.5507225990295,0.29147,0.010667
1745.6587963104248,0.2928,0.010715
1745.7679905891418,0.2942,0.010666
1745.8838708400726,0.29473,0.01069
1745.9808871746063,0.2956,0.01069
1746.0870904922485,0.29713,0.010671
1746.197501897812,0.29773,0.011259
1746.3088793754578,-0.00053333,0.011999
1746.4199590682983,0.0026,0.011321
1746.5211231708527,0.0024667,0.010772
1746.6196355819702,0.0091333,0.010928
1746.7192854881287,0.011867,0.011084
1746.8292367458344,0.0126,0.011148
1746.9391684532166,0.019467,0.011438
1747.048742055893,0.022267,0.011468
1747.1599617004395,0.026733,0.0114
1747.259673833847,0.0286,0.011559
1747.3685491085052,0.031667,0.011643
1747.480093240738,0.034867,0.011971
1747.588139295578,0.0382,0.011834
1747.6957683563232,0.041,0.011695
1747.8097445964813,0.044067,0.012034
1747.922634601593,0.047533,0.012105
1748.0302934646606,0.053267,0.01215
1748.1369965076447,0.0552,0.011945
1748.2500822544098,0.06,0.012061
1748.3585648536682,0.062533,0.012204
1748.4627304077148,0.062067,0.01218
1748.5638422966003,0.068333,0.011949
1748.6781408786774,0.071133,0.012095
1748.7868421077728,0.074533,0.011994
1748.8954071998596,0.0774,0.011997
1749.0023882389069,0.0798,0.011781
1749.1061906814575,0.082867,0.011542
1749.215901851654,0.086533,0.01167
1749.3284878730774,0.0892,0.011464
1749.440506219864,0.090667,0.011457
1749.539481639862,0.092533,0.011419
1749.6459271907806,0.094,0.011325
1749.7573280334473,0.0966,0.011245
1749.8653383255005,0.0968,0.011162
1749.9763007164001,0.099733,0.011116
1750.0907497406006,0.1012,0.011014
1750.195970773697,0.10253,0.011007
1750.3056375980377,0.10333,0.010893
1750.4064230918884,0.1046,0.010956
1750.5063316822052,0.10633,0.010891
1750.6173293590546,0.1074,0.010909
1750.7190310955048,0.10887,0.010854
1750.8155040740967,0.11,0.010825
1750.9196746349335,0.1112,0.010842
1751.0286703109741,0.113,0.010816
1751.1365053653717,0.1142,0.010791
1751.2427291870117,0.11547,0.010836
1751.340692281723,0.1172,0.010774
1751.4455451965332,0.11813,0.01076
1751.5496275424957,0.1192,0.010792
1751.6600189208984,0.12113,0.010791
1751.7711412906647,0.12267,0.010709
1751.8697621822357,0.1236,0.010842
1751.9816637039185,0.126,0.010837
1752.0963160991669,0.12613,0.010792
1752.196636915207,0.12813,0.01082
1752.3076412677765,0.12987,0.010872
1752.4122042655945,0.13133,0.010872
1752.5271890163422,0.1322,0.010896
1752.6316957473755,0.1334,0.010868
1752.7288975715637,0.13533,0.010879
1752.8390214443207,0.13627,0.010873
1752.9493041038513,0.13693,0.01086
1753.056701183319,0.13893,0.010806
1753.1677057743073,0.1398,0.010862
1753.2805004119873,0.1414,0.010901
1753.382286787033,0.14253,0.010865
1753.4801788330078,0.1438,0.010824
1753.5930194854736,0.14493,0.010817
1753.6998467445374,0.14567,0.010821
1753.8006694316864,0.14887,0.010759
1753.9005172252655,0.1482,0.01075
1754.0112698078156,0.15127,0.010797
1754.1209907531738,0.152,0.010739
1754.2322239875793,0.15247,0.010709
1754.3403658866882,0.15447,0.010721
1754.449117898941,0.15553,0.010681
1754.5613460540771,0.15713,0.010758
1754.6733367443085,0.15767,0.0107
1754.782166004181,0.1594,0.010718
1754.8889601230621,0.15973,0.010666
1755.003636598587,0.1618,0.010698
1755.0992188453674,0.163,0.010705
1755.2110307216644,0.16393,0.010676
1755.3110840320587,0.16633,0.010647
1755.4194493293762,0.1676,0.010692
1755.5324475765228,0.16813,0.010686
1755.6346480846405,0.16973,0.010701
1755.7435660362244,0.17127,0.010653
1755.848895072937,0.17147,0.010667
1755.9589231014252,0.1734,0.010649
1756.0699689388275,0.17433,0.010634
1756.1711990833282,0.17547,0.010677
1756.2804629802704,0.177,0.010696
1756.393313884735,0.17767,0.010662
1756.5006561279297,0.17933,0.010682
1756.6112706661224,0.1802,0.010706
1756.7195580005646,0.18133,0.010629
1756.819075345993,0.18213,0.010641
1756.9294350147247,0.18353,0.010685
1757.0386199951172,0.1852,0.010697
1757.1525311470032,0.18733,0.010659
1757.2641332149506,0.1882,0.010675
1757.369698047638,0.18987,0.010656
1757.4812262058258,0.19093,0.01066
1757.5914561748505,0.19167,0.0107
1757.701990365982,0.193,0.010696
1757.8089482784271,0.1938,0.010622
1757.9194672107697,0.19493,0.010781
1758.0341386795044,0.196,0.010696
1758.138952255249,0.19867,0.010741
1758.2515172958374,0.19993,0.010779
1758.3621942996979,0.20013,0.01085
1758.4722287654877,0.20127,0.010884
1758.5824420452118,0.20313,0.010874
1758.69091963768,0.20413,0.010985
1758.7911965847015,0.20567,0.011035
1758.8948855400085,0.2066,0.011001
1759.0019490718842,0.20787,0.011176
1759.1120297908783,0.2086,0.011086
1759.2242794036865,0.20993,0.011249
1759.3338940143585,0.2114,0.011253
1759.4443352222443,0.2118,0.011325
1759.5521321296692,0.21353,0.011303
1759.6600906848907,0.21447,0.011242
1759.7717111110687,0.21693,0.01121
1759.8810987472534,0.21667,0.011337
1759.991706609726,0.21927,0.011402
1760.099179983139,0.22033,0.011347
1760.210910320282,0.22167,0.011383
1760.321988105774,0.2226,0.01135
1760.424381494522,0.2232,0.01127
1760.5303542613983,0.2246,0.011342
1760.633321762085,0.22553,0.011309
1760.739025592804,0.22673,0.011292
1760.8488631248474,0.22767,0.011222
1760.9596133232117,0.2288,0.011158
1761.073345899582,0.23,0.011145
1761.1726191043854,0.23087,0.011141
1761.2809550762177,0.23307,0.011099
1761.3921792507172,0.23293,0.01109
1761.4935839176178,0.23467,0.011151
1761.5945177078247,0.2368,0.01107
1761.6922056674957,0.23747,0.011078
1761.807320356369,0.2382,0.010973
1761.9114158153534,0.2398,0.010971
1762.0201370716095,0.2406,0.010966
1762.137447834015,0.2424,0.010874
1762.2418291568756,0.24313,0.011036
1762.353899717331,0.2438,0.010942
1762.462783575058,0.24507,0.010913
1762.5723905563354,0.246,0.010912
1762.6729266643524,0.24747,0.010893
1762.7828528881073,0.2482,0.010844
1762.8837175369263,0.2494,0.010985
1762.9922626018524,0.25087,0.010964
1763.1067032814026,0.25267,0.010976
1763.201458454132,0.2534,0.011062
1763.3110592365265,0.25367,0.011111
1763.4210758209229,0.25633,0.011111
1763.532645225525,0.2568,0.011177
1763.6428852081299,0.25827,0.011202
1763.7529647350311,0.25927,0.011291
1763.8609058856964,0.2606,0.011176
1763.9741487503052,0.26173,0.01119
1764.080288887024,0.2632,0.011178
1764.193358182907,0.2636,0.011113
1764.3029725551605,0.26467,0.011081
1764.4009799957275,0.26553,0.011013
1764.5121479034424,0.26693,0.010954
1764.6215896606445,0.2696,0.010924
1764.7339260578156,0.269,0.011054
1764.8460006713867,0.2704,0.010972
1764.953507900238,0.27207,0.010995
1765.0614030361176,0.2736,0.010902
1765.1692593097687,0.27487,0.010936
1765.2818310260773,0.27587,0.010817
1765.3936455249786,0.27693,0.010804
1765.5040202140808,0.27767,0.010851
1765.613924741745,0.279,0.010852
1765.7234816551208,0.2804,0.010859
1765.8352980613708,0.28107,0.010826
1765.9305303096771,0.2822,0.010877
1766.0315845012665,0.28333,0.010757
1766.1297779083252,0.28473,0.010805
1766.2409274578094,0.28653,0.010744
1766.3453876972198,0.2864,0.010699
1766.4522831439972,0.2874,0.010725
1766.561928510666,0.28947,0.010658
1766.6711888313293,0.29067,0.010718
1766.7836380004883,0.2922,0.010677
1766.8941202163696,0.293,0.010642
1767.0031180381775,0.2942,0.010679
1767.113142490387,0.29473,0.010635
1767.219360113144,0.2966,0.010689
1767.3347644805908,0.29733,0.010647
1767.4434087276459,0.29793,0.01108
1767.551822423935,-0.0012,0.011139
1767.6632013320923,-0.00073333,0.010984
1767.7753810882568,0.0026,0.010785
1767.875192642212,0.0086667,0.010979
1767.9847056865692,0.0086667,0.010993
1768.08242726326,0.012267,0.010827
1768.1941919326782,0.019867,0.011383
1768.305745124817,0.022,0.011282
1768.4144365787506,0.0256,0.011345
1768.5234837532043,0.028267,0.011463
1768.6335752010345,0.032,0.011782
1768.7431688308716,0.0344,0.011898
1768.850694179535,0.038467,0.01158
1768.9639039039612,0.041867,0.011853
1769.075529575348,0.044133,0.011735
1769.1843330860138,0.050067,0.011944
1769.295315504074,0.0506,0.011909
1769.4040791988373,0.056533,0.01203
1769.5063409805298,0.059467,0.012069
1769.6147394180298,0.062467,0.011975
1769.7274136543274,0.0652,0.01207
1769.829550743103,0.068933,0.011867
1769.9460220336914,0.071267,0.011941
1770.0435154438019,0.0744,0.011742
1770.157497882843,0.0776,0.011834
1770.2639384269714,0.080667,0.011554
1770.3733959197998,0.082867,0.011626
1770.4822928905487,0.086667,0.01136
1770.5917778015137,0.091933,0.011478
1770.7009980678558,0.0918,0.011331
1770.8120257854462,0.0944,0.011168
1770.92338514328,0.095,0.011215
1771.0336439609528,0.0962,0.011091
1771.1483674049377,0.097933,0.011184
1771.2539505958557,0.0994,0.011101
1771.36350440979,0.10067,0.011085
1771.471220254898,0.10273,0.010962
1771.5835044384003,0.1032,0.010899
1771.6946768760681,0.10527,0.011053
1771.8038568496704,0.1064,0.010944
1771.9127006530762,0.1076,0.010831
1772.0232751369476,0.10947,0.010782
1772.1330082416534,0.11053,0.010881
1772.2459404468536,0.113,0.010764
1772.3443315029144,0.1146,0.010723
1772.45037150383,0.11573,0.010727
1772.561134815216,0.11673,0.010773
1772.6606414318085,0.1186,0.010807
1772.7695751190186,0.1194,0.010726
1772.879126548767,0.12153,0.010743
1772.97962641716,0.12247,0.010699
1773.0903911590576,0.12393,0.010671
1773.2000069618225,0.1248,0.010725
1773.3084528446198,0.1262,0.010753
1773.4188334941864,0.12687,0.010764
1773.5198640823364,0.1284,0.010725
1773.6289143562317,0.13007,0.010766
1773.7340598106384,0.13167,0.010801
1773.8332254886627,0.13253,0.01079
1773.9412350654602,0.13407,0.010822
1774.0402646064758,0.13647,0.010807
1774.1505289077759,0.13693,0.01078
1774.2584476470947,0.13913,0.010837
1774.3693850040436,0.13973,0.010771
1774.4721310138702,0.13993,0.010781
1774.5791447162628,0.14193,0.010845
1774.6878776550293,0.14427,0.010853
1774.798133611679,0.14473,0.01079
1774.9113626480103,0.14587,0.010818
1775.0189402103424,0.14733,0.010722
1775.1292929649353,0.1482,0.010799
1775.2299687862396,0.1498,0.010744
1775.3311595916748,0.15113,0.01076
1775.439659833908,0.15173,0.010731
1775.5405972003937,0.15347,0.010641
1775.650426864624,0.155,0.010673
1775.7593078613281,0.15593,0.010692
1775.8628079891205,0.15667,0.010665
1775.9728014469147,0.15773,0.010749
1776.0805277824402,0.16053,0.010658
1776.1907413005829,0.16187,0.010656
1776.3009445667267,0.1634,0.010697
1776.4099442958832,0.16407,0.010639
1776.5166554450989,0.16573,0.010679
1776.6306188106537,0.16647,0.010632
1776.7400267124176,0.16727,0.010674
1776.8498079776764,0.16887,0.010603
1776.959594964981,0.1696,0.010715
1777.0706005096436,0.17133,0.010648
1777.1806416511536,0.17247,0.010656
1777.2808117866516,0.17373,0.010717
1777.3872861862183,0.17467,0.010698
1777.4936492443085,0.17553,0.010669
1777.5909633636475,0.177,0.010649
1777.701723575592,0.17913,0.010699
1777.8085289001465,0.17953,0.010645
1777.9138314723969,0.18147,0.010666
1778.022253036499,0.18347,0.010733
1778.1307096481323,0.18413,0.010634
1778.240336894989,0.1854,0.01072
1778.3416275978088,0.186,0.010682
1778.4403443336487,0.18693,0.010687
1778.5405428409576,0.1886,0.010654
1778.6507272720337,0.18953,0.010666
1778.761845588684,0.19113,0.010688
1778.871521949768,0.1926,0.01065
1778.981119632721,0.19313,0.010679
1779.090986251831,0.1942,0.010735
1779.2029168605804,0.19653,0.01076
1779.310039281845,0.19653,0.010751
1779.4212958812714,0.19767,0.010796
1779.5340428352356,0.1996,0.010905
1779.6444261074066,0.201,0.010944
1779.7428913116455,0.20207,0.010949
1779.8409752845764,0.20313,0.011077
1779.9539337158203,0.20427,0.011058
1780.062129497528,0.20487,0.011137
1780.17311501503,0.20633,0.011134
1780.2722063064575,0.20767,0.01113
1780.3728384971619,0.2092,0.011305
1780.4864830970764,0.20993,0.011376
1780.5906519889832,0.21113,0.011469
1780.70277261734,0.21273,0.011421
1780.8137340545654,0.21333,0.011434
1780.9261152744293,0.2158,0.011508
1781.0221047401428,0.216,0.011408
1781.1222133636475,0.216,0.011501
1781.2245726585388,0.21773,0.01143
1781.3344089984894,0.21853,0.011472
1781.4484004974365,0.22087,0.011576
1781.5541331768036,0.22233,0.011365
1781.66903424263,0.22173,0.01141
1781.7726106643677,0.22427,0.011311
1781.8839855194092,0.2258,0.011216
1781.990164756775,0.22707,0.011244
1782.1058983802795,0.2284,0.011217
1782.2146909236908,0.229,0.011206
1782.3275773525238,0.23,0.011124
1782.4387357234955,0.2316,0.01111
1782.546462059021,0.2324,0.011159
1782.6432127952576,0.233,0.011094
1782.753326177597,0.23573,0.011137
1782.8620176315308,0.23567,0.011034
1782.97372174263,0.2374,0.011014
1783.0819613933563,0.2388,0.010993
1783.176117181778,0.239,0.011036
1783.285341501236,0.2402,0.01093
1783.3936398029327,0.24233,0.010909
1783.5031599998474,0.24367,0.010879
1783.6146461963654,0.24473,0.010863
1783.723709821701,0.24553,0.010892
1783.8368484973907,0.2464,0.010833
1783.9404940605164,0.24833,0.010902
1784.0424494743347,0.24867,0.010854
1784.1469867229462,0.24987,0.010893
1784.2552819252014,0.2514,0.011022
1784.3667974472046,0.25327,0.01096
1784.47740483284,0.25347,0.01103
1784.5890336036682,0.254,0.011118
1784.6932842731476,0.2562,0.011121
1784.8062250614166,0.2576,0.011171
1784.903920173645,0.25907,0.011074
1785.0162572860718,0.25927,0.011163
1785.1264657974243,0.26027,0.011026
1785.2362065315247,0.26133,0.011024
1785.3474125862122,0.26293,0.011087
1785.4538683891296,0.26327,0.011049
1785.562964439392,0.2646,0.011053
1785.6757202148438,0.26653,0.011013
1785.7861080169678,0.2672,0.010926
1785.8973281383514,0.26927,0.01091
1786.006172657013,0.26947,0.010925
1786.115445613861,0.27107,0.011002
1786.214480638504,0.27227,0.010892
1786.3136186599731,0.27353,0.010803
1786.4268708229065,0.27493,0.01085
1786.5380337238312,0.27573,0.010862
1786.6457915306091,0.27693,0.010799
1786.7559506893158,0.27807,0.010839
1786.85724401474,0.27927,0.010857
1786.9674575328827,0.28033,0.010909
1787.0745949745178,0.28193,0.010883
1787.1758625507355,0.2828,0.010761
1787.285166978836,0.2842,0.010838
1787.395497083664,0.28507,0.010729
1787.5068709850311,0.2872,0.010792
1787.6145968437195,0.2868,0.010722
1787.7273535728455,0.289,0.01065
1787.8370349407196,0.2884,0.010697
1787.9365718364716,0.29013,0.010749
1788.0434021949768,0.29193,0.010656
1788.1580481529236,0.2932,0.010643
1788.2749619483948,0.294,0.010679
1788.375917673111,0.29553,0.010598
1788.4776458740234,0.29633,0.01067
1788.5847218036652,0.29787,0.010667
1788.6920766830444,0.29867,0.010683
1788.802562713623,-0.0034,0.01087
1788.9080805778503,-0.00086667,0.011248
1789.0072982311249,0.0019333,0.010907
1789.1121962070465,0.0054667,0.010847
1789.2193644046783,0.0092,0.010851
1789.327320575714,0.0158,0.011005
1789.4362955093384,0.015267,0.011146
1789.5384275913239,0.018533,0.011087
1789.6492567062378,0.025533,0.011178
1789.7468509674072,0.028267,0.011468
1789.8561935424805,0.029,0.011146
1789.9734332561493,0.034667,0.011306
1790.0808835029602,0.0382,0.011611
1790.1865592002869,0.041133,0.012
1790.2995126247406,0.044067,0.0118
1790.409559726715,0.0474,0.011737
1790.5192277431488,0.05,0.011823
1790.6294856071472,0.053533,0.011775
1790.740341424942,0.057133,0.011927
1790.8463153839111,0.0594,0.011945
1790.9577958583832,0.0656,0.011691
1791.0669438838959,0.065467,0.011841
1791.1780829429626,0.070933,0.011841
1791.288084745407,0.074267,0.011541
1791.3994088172913,0.077133,0.011639
1791.5068714618683,0.081267,0.011516
1791.6212940216064,0.082467,0.011356
1791.7285158634186,0.0864,0.0114
1791.8292932510376,0.088267,0.011356
1791.9300029277802,0.091133,0.011224
1792.039716720581,0.093133,0.011233
1792.1469588279724,0.094133,0.011204
1792.2479357719421,0.096133,0.011254
1792.3598353862762,0.0968,0.011206
1792.4714605808258,0.098333,0.011196
1792.5828740596771,0.099667,0.011086
1792.6850922107697,0.10247,0.01098
1792.7991375923157,0.1036,0.010968
1792.9093959331512,0.10507,0.010907
1793.0199618339539,0.10647,0.010776
1793.1227095127106,0.10807,0.010802
1793.227946281433,0.1092,0.010743
1793.3370249271393,0.11067,0.010775
1793.4398212432861,0.11147,0.010783
1793.5498223304749,0.11327,0.010773
1793.6575374603271,0.11407,0.010717
1793.767529964447,0.11593,0.010684
1793.8682310581207,0.11707,0.010732
1793.971167087555,0.1186,0.010705
1794.0697617530823,0.11967,0.010706
1794.1810719966888,0.12127,0.01068
1794.287838459015,0.1224,0.010675
1794.3971133232117,0.12407,0.010694
1794.508027791977,0.1248,0.010692
1794.6208262443542,0.12647,0.010732
1794.718211889267,0.1286,0.010715
1794.8181335926056,0.1302,0.010696
1794.9318108558655,0.13153,0.010685
1795.0441246032715,0.13267,0.010763
1795.1493167877197,0.13353,0.01073
1795.2655954360962,0.13453,0.010748
1795.3716537952423,0.13613,0.010735
1795.480111837387,0.13753,0.010717
1795.5906155109406,0.13873,0.010742
1795.700757265091,0.13987,0.010707
1795.8031542301178,0.1412,0.01072
1795.908489227295,0.1444,0.010717
1796.0217065811157,0.14353,0.010654
1796.1337876319885,0.14587,0.010708
1796.248999118805,0.1462,0.010625
1796.351444721222,0.14853,0.010747
1796.460130929947,0.15047,0.010694
1796.5739243030548,0.1512,0.010746
1796.6795105934143,0.15173,0.010662
1796.7905826568604,0.15313,0.010688
1796.8999395370483,0.15467,0.010679
1797.0002040863037,0.15573,0.010714
1797.1017775535583,0.1572,0.010607
1797.2122225761414,0.15833,0.010726
1797.3232934474945,0.1592,0.010603
1797.4318804740906,0.1602,0.010666
1797.5418190956116,0.16127,0.010663
1797.6508538722992,0.16433,0.010708
1797.762146472931,0.16507,0.010707
1797.872620344162,0.16613,0.010656
1797.9821009635925,0.16767,0.010658
1798.0897080898285,0.1686,0.010692
1798.20250248909,0.17013,0.010738
1798.3061153888702,0.17107,0.01068
1798.4122648239136,0.17207,0.010635
1798.5173184871674,0.17353,0.010678
1798.6316893100739,0.17427,0.010721
1798.7428975105286,0.17533,0.010682
1798.8424489498138,0.1778,0.010709
1798.9471459388733,0.17853,0.010674
1799.040599822998,0.1794,0.010652
1799.1528990268707,0.18067,0.010699
1799.2612404823303,0.182,0.010698
1799.373625278473,0.18287,0.010693
1799.4859409332275,0.18413,0.010717
1799.5929384231567,0.1856,0.010715
1799.700745344162,0.1874,0.0107
1799.8107488155365,0.1884,0.010723
1799.924842596054,0.19087,0.01069
1800.0316672325134,0.1914,0.010737
1800.1423001289368,0.1914,0.010705
1800.2579073905945,0.1932,0.01077
1800.3648147583008,0.19387,0.010751
1800.4615454673767,0.1952,0.010805
1800.5724790096283,0.19713,0.010832
1800.6812479496002,0.1976,0.01095
1800.7933208942413,0.19907,0.010864
1800.902487039566,0.201,0.011059
1801.0099337100983,0.2026,0.011042
1801.123564004898,0.20307,0.011189
1801.2264924049377,0.20407,0.011165
1801.3222506046295,0.2054,0.011261
1801.4294035434723,0.20493,0.011305
1801.5449149608612,0.2072,0.011409
1801.6449871063232,0.20913,0.011565
1801.7511575222015,0.2098,0.011599
1801.8598763942719,0.21087,0.011622
1801.9571316242218,0.21167,0.011618
1802.0599884986877,0.21367,0.011607
1802.1568295955658,0.21453,0.011676
1802.2591168880463,0.2158,0.011537
1802.3691976070404,0.2164,0.01162
1802.4658634662628,0.21807,0.011508
1802.5781962871552,0.21893,0.011504
1802.68235039711,0.22013,0.011518
1802.7969460487366,0.2226,0.011325
1802.906522512436,0.222,0.011293
1803.0045528411865,0.2238,0.011242
1803.1057860851288,0.22513,0.011299
1803.204185962677,0.22633,0.011234
1803.306518793106,0.228,0.01112
1803.404892206192,0.22753,0.011171
1803.5066075325012,0.2292,0.011156
1803.6059079170227,0.22973,0.011122
1803.7082831859589,0.231,0.011012
1803.806155204773,0.233,0.010997
1803.9095315933228,0.23327,0.01092
1804.0115857124329,0.235,0.011006
1804.1196947097778,0.23493,0.01096
1804.2276694774628,0.23753,0.010899
1804.3386170864105,0.23853,0.010952
1804.4364535808563,0.23993,0.010969
1804.5387253761292,0.23933,0.010892
1804.6481037139893,0.2418,0.010892
1804.7569904327393,0.24313,0.01085
1804.868174314499,0.24447,0.010883
1804.9779329299927,0.24533,0.010878
1805.0762691497803,0.24687,0.01087
1805.1795229911804,0.24733,0.010944
1805.2797145843506,0.2484,0.010953
1805.378621339798,0.2502,0.010946
1805.479378938675,0.251,0.010948
1805.5799186229706,0.2518,0.01094
1805.680900812149,0.2534,0.010881
1805.783258676529,0.25447,0.010941
1805.8865253925323,0.25527,0.010957
1805.997356891632,0.25667,0.011098
1806.107911348343,0.2578,0.011042
1806.2176847457886,0.2584,0.011097
1806.3176517486572,0.2596,0.01096
1806.418615102768,0.26027,0.010958
1806.5314209461212,0.26167,0.011044
1806.6398105621338,0.2642,0.01098
1806.7470667362213,0.26433,0.010987
1806.8585216999054,0.26513,0.010884
1806.9668986797333,0.26767,0.011006
1807.0706367492676,0.2676,0.011046
1807.1829602718353,0.26913,0.010954
1807.2882075309753,0.27053,0.010798
1807.3897776603699,0.27127,0.010895
1807.4956917762756,0.27273,0.010799
1807.6081130504608,0.2736,0.010854
1807.7208166122437,0.27473,0.010799
1807.818950176239,0.27593,0.010801
1807.919196844101,0.27673,0.010909
1808.0296890735626,0.27833,0.010906
1808.13894033432,0.27887,0.010851
1808.2399008274078,0.2804,0.010836
1808.3467752933502,0.28147,0.010835
1808.4521441459656,0.28247,0.010764
1808.5598113536835,0.28333,0.010711
1808.6580622196198,0.2846,0.010761
1808.7677264213562,0.28547,0.010727
1808.8813240528107,0.28627,0.010631
1808.9871153831482,0.2876,0.010667
1809.0910470485687,0.28867,0.010651
1809.2045562267303,0.29053,0.010699
1809.3099360466003,0.29207,0.010671
1809.4195809364319,0.29353,0.010633
1809.5304391384125,0.29453,0.010621
1809.6459565162659,0.2952,0.010613
1809.753021478653,0.29647,0.010612
1809.8593573570251,0.2974,0.010572
1809.9708664417267,0.2986,0.010693
1810.0705699920654,-0.0041333,0.01077
1810.1796653270721,-0.0015333,0.011053
1810.2908639907837,0.0016,0.010817
1810.399979352951,0.0084,0.01083
1810.5099592208862,0.011667,0.011138
1810.6206321716309,0.0112,0.011079
1810.7306101322174,0.0186,0.01127
1810.8395099639893,0.021733,0.010948
1810.9513337612152,0.025467,0.011117
1811.0598313808441,0.028333,0.011103
1811.1684675216675,0.031267,0.011194
1811.2820882797241,0.0342,0.011649
1811.3893806934357,0.038067,0.01161
1811.505132675171,0.0408,0.011533
1811.6122877597809,0.044467,0.011653
1811.7201986312866,0.05,0.011626
1811.8310232162476,0.050067,0.011689
1811.9299731254578,0.056267,0.011559
1812.0409228801727,0.0562,0.011531
1812.1563112735748,0.062267,0.011503
1812.2622814178467,0.065533,0.011486
1812.3711140155792,0.067867,0.011572
1812.4838411808014,0.070533,0.011457
1812.591016292572,0.073733,0.011529
1812.7011969089508,0.077733,0.011383
1812.8139736652374,0.080333,0.011244
1812.9210231304169,0.082933,0.011321
1813.0283160209656,0.089133,0.011302
1813.1411073207855,0.089933,0.011204
1813.2419197559357,0.091667,0.011222
1813.349930047989,0.094133,0.011242
1813.4607193470001,0.096267,0.011165
1813.5722846984863,0.096867,0.011185
1813.6757726669312,0.098667,0.011095
1813.7707200050354,0.099533,0.011115
1813.88392329216,0.10107,0.01099
1813.9926733970642,0.1022,0.010898
1814.099882364273,0.10387,0.010857
1814.1996252536774,0.10513,0.010885
1814.3137049674988,0.10647,0.0108
1814.4212174415588,0.10807,0.010695
1814.5325529575348,0.10967,0.010769
1814.6299362182617,0.11093,0.0107
1814.7333681583405,0.1114,0.010718
1814.8401000499725,0.11353,0.010746
1814.9521822929382,0.11387,0.010687
1815.0618517398834,0.11713,0.010725
1815.1640992164612,0.11807,0.010693
1815.2611973285675,0.11807,0.01068
1815.3628113269806,0.1212,0.01066
1815.464073896408,0.12087,0.010734
1815.5641803741455,0.1234,0.010748
1815.6743264198303,0.1234,0.010656
1815.779239654541,0.126,0.010589
1815.8895137310028,0.1272,0.010672
1815.9883196353912,0.12847,0.010647
1816.0971608161926,0.13013,0.010694
1816.208092212677,0.1312,0.010664
1816.317675113678,0.1326,0.010698
1816.4351556301117,0.1338,0.010697
1816.528578042984,0.13507,0.010649
1816.6324617862701,0.13607,0.010675
1816.7370374202728,0.1378,0.010714
1816.8476831912994,0.13853,0.010659
1816.958342552185,0.14,0.010715
1817.0569655895233,0.14127,0.010703
1817.1680417060852,0.14207,0.010726
1817.2800986766815,0.145,0.01071
1817.3806223869324,0.14533,0.010691
1817.481341123581,0.14593,0.010745
1817.5921666622162,0.1476,0.010678
1817.7007162570953,0.14967,0.010728
1817.8099381923676,0.1496,0.010628
1817.9199373722076,0.1522,0.010744
1818.0273640155792,0.15347,0.01066
1818.1413521766663,0.1546,0.010645
1818.2499389648438,0.15527,0.010741
1818.3610796928406,0.15693,0.010721
1818.4707946777344,0.158,0.010675
1818.5806868076324,0.15927,0.010719
1818.6870937347412,0.1604,0.010714
1818.7801823616028,0.16193,0.010688
1818.8914902210236,0.163,0.010769
1819.0012192726135,0.16453,0.010741
1819.1090624332428,0.16673,0.010707
1819.2087738513947,0.16733,0.010814
1819.3209028244019,0.16727,0.0107
1819.4307231903076,0.16993,0.010752
1819.5387568473816,0.17093,0.010849
1819.6500239372253,0.1724,0.010708
1819.7510328292847,0.17347,0.010808
1819.8638010025024,0.17467,0.010801
1819.973279953003,0.17607,0.010767
1820.0719482898712,0.17713,0.01076
1820.1745603084564,0.1782,0.010906
1820.2792882919312,0.17913,0.01072
1820.391886472702,0.18007,0.010777
1820.5015614032745,0.1812,0.010783
1820.6145551204681,0.1824,0.01073
1820.7227139472961,0.1838,0.010732
1820.8347072601318,0.18547,0.010759
1820.9414281845093,0.1872,0.010747
1821.0511846542358,0.18827,0.01064
1821.1607973575592,0.189,0.010718
1821.2707262039185,0.19047,0.010795
1821.3810081481934,0.19207,0.010784
1821.4860091209412,0.19307,0.010829
1821.581651687622,0.19427,0.010815
1821.6949841976166,0.1956,0.010781
1821.8012988567352,0.19607,0.010933
1821.9109733104706,0.19793,0.010943
1822.0109753608704,0.1984,0.010947
1822.1155042648315,0.19967,0.010985
1822.223866224289,0.20067,0.010967
1822.3326427936554,0.20207,0.011175
1822.443116426468,0.20247,0.011305
1822.5516493320465,0.20473,0.011244
1822.6656816005707,0.2052,0.011507
1822.7644572257996,0.20647,0.011578
1822.8657231330872,0.20893,0.011648
1822.9743502140045,0.21033,0.011605
1823.0840508937836,0.21087,0.011659
1823.1937685012817,0.2118,0.011736
1823.3065445423126,0.21287,0.011726
1823.4193305969238,0.2142,0.011602
1823.5222127437592,0.21587,0.011646
1823.635222196579,0.21733,0.011682
1823.7414009571075,0.21793,0.011546
1823.8562066555023,0.2192,0.011536
1823.9640939235687,0.2202,0.011487
1824.071579694748,0.22247,0.011366
1824.1725795269012,0.22373,0.011278
1824.2728080749512,0.22447,0.011317
1824.3851993083954,0.22553,0.011177
1824.4942166805267,0.22533,0.011086
1824.6032559871674,0.22767,0.011117
1824.7163150310516,0.2286,0.011017
1824.8244483470917,0.23007,0.011061
1824.9378249645233,0.23127,0.010971
1825.0443260669708,0.2322,0.0109
1825.1452641487122,0.233,0.010938
1825.2589564323425,0.23487,0.010941
1825.3639101982117,0.23587,0.010928
1825.4730870723724,0.23613,0.010868
1825.5739285945892,0.2378,0.010915
1825.6749875545502,0.23847,0.010855
1825.7856726646423,0.2398,0.010811
1825.895340204239,0.24193,0.010936
1825.9957938194275,0.24187,0.010864
1826.0986242294312,0.2432,0.010862
1826.1974651813507,0.2454,0.010825
1826.3081300258636,0.24547,0.010863
1826.417138338089,0.2472,0.010887
1826.516164779663,0.2484,0.010798
1826.6168603897095,0.24913,0.010883
1826.7177166938782,0.24927,0.010897
1826.8174948692322,0.25227,0.01085
1826.9180591106415,0.25287,0.010853
1827.0184128284454,0.2528,0.010881
1827.1219520568848,0.2546,0.010979
1827.222977399826,0.25627,0.010997
1827.3269939422607,0.2572,0.011041
1827.4378416538239,0.25813,0.010929
1827.5511775016785,0.25893,0.011021
1827.6573376655579,0.2608,0.010917
1827.7689893245697,0.26147,0.011029
1827.8782880306244,0.2622,0.01089
1827.9889166355133,0.26347,0.010967
1828.0993990898132,0.26473,0.010931
1828.2125070095062,0.26647,0.010938
1828.3219232559204,0.26787,0.010822
1828.4303319454193,0.26813,0.010804
1828.5373013019562,0.27033,0.010827
1828.648448228836,0.27153,0.010825
1828.7600905895233,0.27233,0.010825
1828.8690876960754,0.27367,0.01081
1828.9778084754944,0.27433,0.010773
1829.0885746479034,0.2758,0.010808
1829.1973378658295,0.27733,0.010845
1829.297871351242,0.278,0.010866
1829.408980846405,0.27893,0.010779
1829.5188477039337,0.28033,0.010829
1829.6291677951813,0.2808,0.010702
1829.7399368286133,0.28307,0.010777
1829.8504440784454,0.28433,0.010655
1829.9584867954254,0.28447,0.010667
1830.0695114135742,0.286,0.010687
1830.1784300804138,0.28693,0.010659
1830.288377046585,0.28813,0.010622
1830.3985121250153,0.2896,0.010675
1830.5091216564178,0.291,0.01062
1830.6175656318665,0.29127,0.010619
1830.7294373512268,0.29307,0.010613
1830.8363556861877,0.29347,0.010659
1830.949188709259,0.29487,0.010629
1831.05677485466,0.29787,0.010573
1831.1717548370361,0.29827,0.010611
1831.2788879871368,0.29807,0.011158
1831.3924458026886,-0.0014667,0.011054
1831.4983170032501,-0.0014667,0.01084
1831.6068460941315,0.0052,0.010853
1831.7202920913696,0.0082,0.010819
1831.829833984375,0.011733,0.010861
1831.9380149841309,0.014867,0.010797
1832.039362668991,0.018333,0.011034
1832.1399426460266,0.021,0.011227
1832.2460975646973,0.024467,0.010878
1832.3597538471222,0.028,0.011161
1832.4606409072876,0.0308,0.01134
1832.5714235305786,0.034333,0.011422
1832.6829283237457,0.040533,0.011371
1832.7899060249329,0.0402,0.011506
1832.8994765281677,0.046667,0.011379
1833.011177778244,0.0498,0.011431
1833.1247427463531,0.052933,0.011228
1833.2300140857697,0.055733,0.011345
1833.3382577896118,0.059133,0.011406
1833.4524149894714,0.0618,0.011342
1833.5566918849945,0.0652,0.011286
1833.6737847328186,0.067733,0.011422
1833.7784984111786,0.070533,0.011222
1833.8899295330048,0.074133,0.011356
1833.999766588211,0.080133,0.011291
1834.1091582775116,0.079933,0.011267
1834.218689441681,0.085933,0.011201
1834.3195230960846,0.0886,0.011153
1834.4206635951996,0.091133,0.011195
1834.5294382572174,0.0928,0.011042
1834.6407587528229,0.094333,0.011077
1834.7535755634308,0.095333,0.011003
1834.8491888046265,0.096667,0.011141
1834.9608957767487,0.098533,0.011081
1835.072003364563,0.0998,0.010876
1835.1788663864136,0.1008,0.010915
1835.2913391590118,0.1024,0.010852
1835.4024789333344,0.10367,0.010815
1835.508628129959,0.1056,0.010741
1835.6212301254272,0.10747,0.010669
1835.7327013015747,0.10853,0.010735
1835.8375685214996,0.11027,0.010704
1835.9506742954254,0.1108,0.01064
1836.059077501297,0.1128,0.01072
1836.1790788173676,0.11447,0.010653
1836.2788317203522,0.1154,0.010647
1836.3939929008484,0.11707,0.010629
1836.5036125183105,0.1182,0.010699
1836.6099343299866,0.11967,0.01063
1836.7210907936096,0.1222,0.010634
1836.8286385536194,0.1222,0.010685
1836.9282448291779,0.12307,0.010662
1837.0404779911041,0.12433,0.010627
1837.148733139038,0.127,0.01067
1837.2610049247742,0.1284,0.010665
1837.36097407341,0.12953,0.01063
1837.4607002735138,0.131,0.010611
1837.5561439990997,0.13127,0.010718
1837.6635489463806,0.13327,0.010663
1837.756894826889,0.13487,0.010655
1837.8599491119385,0.13447,0.010673
1837.964024066925,0.13553,0.010684
1838.0610496997833,0.13873,0.010704
1838.1678178310394,0.13953,0.010633
1838.2812201976776,0.14113,0.010711
1838.387392282486,0.14233,0.010724
1838.4978070259094,0.14373,0.010717
1838.6099195480347,0.14467,0.010691
1838.7213335037231,0.14593,0.010683
1838.831233739853,0.14733,0.010702
1838.9388666152954,0.14813,0.010642
1839.0517008304596,0.14933,0.0107
1839.1574268341064,0.1506,0.010693
1839.2667150497437,0.15193,0.010721
1839.3794074058533,0.1534,0.010717
1839.4914150238037,0.15493,0.01073
1839.6005249023438,0.1566,0.010738
1839.712734222412,0.1578,0.010724
1839.8175582885742,0.159,0.010755
1839.9294927120209,0.15993,0.010775
1840.0375726222992,0.16133,0.010761
1840.1484715938568,0.16293,0.010827
1840.2601866722107,0.16373,0.010819
1840.3679313659668,0.16587,0.010837
1840.478996515274,0.1666,0.010823
1840.5915322303772,0.16713,0.010845
1840.6979773044586,0.17047,0.010886
1840.8138411045074,0.17053,0.010859
1840.917106628418,0.17187,0.010806
1841.0286388397217,0.173,0.010837
1841.143316745758,0.17447,0.010826
1841.238744020462,0.17553,0.010871
1841.3484811782837,0.17727,0.010849
1841.4578890800476,0.17853,0.010863
1841.5699734687805,0.17927,0.010866
1841.6761829853058,0.18053,0.010679
1841.7890775203705,0.18153,0.01083
1841.8999061584473,0.184,0.010761
1842.0081596374512,0.185,0.01078
1842.1100294589996,0.1844,0.010732
1842.2197394371033,0.18687,0.010765
1842.3293628692627,0.1886,0.010749
1842.4424033164978,0.18907,0.01076
1842.5476078987122,0.19073,0.010802
1842.6588175296783,0.1922,0.010799
1842.76820063591,0.19293,0.010872
1842.8775568008423,0.1946,0.010853
1842.9897482395172,0.19527,0.010765
1843.1017007827759,0.1966,0.010897
1843.2084929943085,0.19733,0.010964
1843.311418056488,0.20013,0.011093
1843.4101948738098,0.20127,0.011189
1843.5191144943237,0.201,0.011167
1843.6181616783142,0.20313,0.011271
1843.7299401760101,0.2036,0.011499
1843.8406808376312,0.20413,0.011562
1843.9491395950317,0.20687,0.011503
1844.0499291419983,0.20793,0.01167
1844.154049396515,0.20913,0.011601
1844.2587475776672,0.2104,0.011743
1844.3730232715607,0.2104,0.011779
1844.4790606498718,0.21207,0.01175
1844.592708826065,0.21367,0.011666
1844.6952407360077,0.21473,0.011734
1844.8023653030396,0.21607,0.011599
1844.909470319748,0.2168,0.011547
1845.0236797332764,0.21793,0.011494
1845.1309025287628,0.22007,0.011484
1845.2421119213104,0.22073,0.011322
1845.3557877540588,0.2228,0.011395
1845.4588134288788,0.22353,0.011183
1845.5671882629395,0.22413,0.011181
1845.6799321174622,0.2252,0.011152
1845.7892696857452,0.2268,0.01108
1845.8995368480682,0.22707,0.011116
1846.0022356510162,0.22907,0.010985
1846.0999076366425,0.2304,0.011009
1846.2111694812775,0.23147,0.010983
1846.3214643001556,0.23193,0.010903
1846.4332418441772,0.23433,0.010881
1846.5309851169586,0.23447,0.010871
1846.639701128006,0.23513,0.010866
1846.7493546009064,0.23747,0.010817
1846.8640887737274,0.23773,0.010856
1846.9698972702026,0.24013,0.010851
1847.0706715583801,0.24087,0.010792
1847.1679286956787,0.24187,0.010822
1847.2801814079285,0.24233,0.010766
1847.383712053299,0.24427,0.01082
1847.4815142154694,0.24527,0.010797
1847.5823905467987,0.24653,0.010811
1847.6870725154877,0.24773,0.010783
1847.7984354496002,0.24913,0.010854
1847.9098551273346,0.24973,0.010812
1848.0214085578918,0.2508,0.010929
1848.1160824298859,0.25227,0.010864
1848.2226631641388,0.25333,0.010913
1848.3187189102173,0.25447,0.01088
1848.4194192886353,0.25533,0.010837
1848.5202207565308,0.2562,0.010981
1848.6167843341827,0.258,0.010926
1848.7221779823303,0.25853,0.010971
1848.821438074112,0.25953,0.011
1848.9306588172913,0.26027,0.010948
1849.0380489826202,0.2616,0.010932
1849.1471285820007,0.26313,0.010868
1849.2600212097168,0.26407,0.010811
1849.3668529987335,0.26513,0.010763
1849.4806506633759,0.26573,0.010824
1849.5808007717133,0.26727,0.010822
1849.688808441162,0.2684,0.010757
1849.8002662658691,0.26873,0.010776
1849.9092977046967,0.27207,0.010769
1850.0176632404327,0.27207,0.010771
1850.127970457077,0.27313,0.010801
1850.2406516075134,0.27447,0.010787
1850.3484404087067,0.2762,0.010701
1850.4583966732025,0.2778,0.010768
1850.5685255527496,0.27747,0.010737
1850.6791441440582,0.27867,0.010751
1850.7875010967255,0.28007,0.010745
1850.897108078003,0.28073,0.010633
1851.008225440979,0.28407,0.010653
1851.1185941696167,0.284,0.010683
1851.2308602333069,0.28573,0.010609
1851.3412940502167,0.28673,0.010613
1851.450513601303,0.28773,0.010641
1851.5590372085571,0.2886,0.010595
1851.6681022644043,0.2892,0.010653
1851.7717089653015,0.29147,0.010569
1851.8718173503876,0.29167,0.010599
1851.9812288284302,0.293,0.010638
1852.093415260315,0.2944,0.010599
1852.2030906677246,0.29487,0.010572
1852.310694694519,0.29713,0.010564
1852.4206280708313,0.2976,0.010614
1852.529982805252,0.0002,0.010856
1852.6378874778748,-0.0046,0.011249
1852.7488915920258,0.0012,0.010799
1852.8583335876465,0.0046667,0.010802
1852.971048116684,0.0081333,0.01086
1853.0814418792725,0.011467,0.010806
1853.1935076713562,0.014933,0.010812
1853.3043911457062,0.018333,0.010847
1853.4095702171326,0.021467,0.010961
1853.5223331451416,0.0248,0.010953
1853.6292431354523,0.028067,0.010989
1853.7363045215607,0.0344,0.010919
1853.8507494926453,0.034667,0.01103
1853.95863032341,0.040533,0.011102
1854.0711283683777,0.043067,0.011243
1854.1807630062103,0.046667,0.011258
1854.288283109665,0.049667,0.011215
1854.3899297714233,0.0524,0.011128
1854.500993013382,0.056333,0.011269
1854.6110875606537,0.0584,0.011126
1854.7219452857971,0.062067,0.011109
1854.8299186229706,0.065533,0.011178
1854.9295566082,0.067667,0.011049
1855.042057275772,0.070533,0.011216
1855.1507680416107,0.0748,0.011022
1855.2595009803772,0.077733,0.011162
1855.3673479557037,0.083133,0.011068
1855.4808225631714,0.085267,0.01107
1855.5861229896545,0.087867,0.011111
1855.7043342590332,0.091,0.011067
1855.8136065006256,0.092733,0.011011
1855.919707775116,0.094867,0.011037
1856.0298697948456,0.0954,0.010984
1856.1401624679565,0.097467,0.010903
1856.2530190944672,0.0986,0.01089
1856.3593945503235,0.099533,0.010785
1856.471197128296,0.10207,0.010709
1856.5788350105286,0.10293,0.010681
1856.6878435611725,0.10393,0.010682
1856.8005819320679,0.10693,0.010709
1856.9091255664825,0.10767,0.010685
1857.0191850662231,0.10873,0.010742
1857.1312398910522,0.1106,0.010675
1857.2389051914215,0.11147,0.010638
1857.3488047122955,0.11327,0.010658
1857.459918498993,0.11393,0.010693
1857.5610752105713,0.11513,0.010654
1857.6694402694702,0.11653,0.010695
1857.780030488968,0.1194,0.010665
1857.8926630020142,0.1194,0.010677
1858.0016779899597,0.12187,0.010635
1858.1110541820526,0.12327,0.010675
1858.2201673984528,0.12433,0.010643
1858.3307693004608,0.1254,0.010648
1858.429961681366,0.12707,0.010654
1858.5317845344543,0.1284,0.010676
1858.6282012462616,0.1296,0.010649
1858.73930311203,0.13087,0.010647
1858.8508503437042,0.13207,0.010621
1858.9543857574463,0.13313,0.010642
1859.0516271591187,0.1344,0.010647
1859.1530091762543,0.13553,0.010638
1859.2510523796082,0.13767,0.010672
1859.354371547699,0.1378,0.010677
1859.4538898468018,0.13973,0.010678
1859.554854631424,0.14053,0.010664
1859.6526052951813,0.14233,0.010731
1859.7570323944092,0.14353,0.010709
1859.8700561523438,0.1438,0.010691
1859.9783284664154,0.14573,0.010696
1860.0909683704376,0.14667,0.010707
1860.1988198757172,0.14807,0.010775
1860.3099179267883,0.14987,0.010705
1860.416485786438,0.15067,0.010786
1860.5281989574432,0.15267,0.010754
1860.638266801834,0.1536,0.010739
1860.7485001087189,0.15527,0.010793
1860.8609290122986,0.1568,0.0108
1860.9571750164032,0.158,0.01082
1861.066522359848,0.1588,0.010843
1861.1803224086761,0.1606,0.010951
1861.2947754859924,0.1616,0.010929
1861.4023549556732,0.1624,0.010934
1861.510033607483,0.164,0.010951
1861.6180522441864,0.16447,0.010924
1861.7293093204498,0.16673,0.01099
1861.8368690013885,0.1686,0.010967
1861.948005914688,0.16853,0.010948
1862.058569431305,0.1708,0.010979
1862.1573193073273,0.17107,0.011124
1862.2668697834015,0.17353,0.01097
1862.3806529045105,0.1744,0.010921
1862.4900469779968,0.17607,0.010905
1862.5995645523071,0.1772,0.010967
1862.6995475292206,0.1776,0.0109
1862.8083260059357,0.17927,0.010879
1862.919953584671,0.1802,0.010961
1863.0193111896515,0.1812,0.010814
1863.1320352554321,0.18273,0.010817
1863.2367389202118,0.18373,0.010834
1863.3520939350128,0.18453,0.01078
1863.4483919143677,0.18593,0.010789
1863.559182882309,0.18747,0.01077
1863.6685938835144,0.18907,0.010778
1863.7699303627014,0.1902,0.010777
1863.872267961502,0.19113,0.010781
1863.979898929596,0.19227,0.010757
1864.0882551670074,0.1944,0.010858
1864.1874406337738,0.1952,0.010887
1864.299883365631,0.19673,0.010932
1864.4109897613525,0.1976,0.0109
1864.5074639320374,0.19813,0.010934
1864.6256206035614,0.19987,0.011167
1864.729938030243,0.20113,0.011262
1864.8434603214264,0.2022,0.011359
1864.9541733264923,0.20313,0.011425
1865.057663679123,0.2042,0.011421
1865.1700460910797,0.20507,0.011619
1865.2773027420044,0.20687,0.011666
1865.3880729675293,0.20747,0.011744
1865.5025548934937,0.2104,0.011705
1865.611531496048,0.21093,0.011668
1865.7184817790985,0.21273,0.011686
1865.8367388248444,0.21353,0.011658
1865.930496931076,0.21427,0.011619
1866.0290842056274,0.21473,0.011494
1866.1407804489136,0.21687,0.011532
1866.2512300014496,0.21753,0.011506
1866.3582611083984,0.21887,0.011478
1866.4695856571198,0.21993,0.0114
1866.5782883167267,0.2212,0.011237
1866.6929461956024,0.22193,0.011235
1866.8006346225739,0.22433,0.011146
1866.9119861125946,0.226,0.011072
1867.0173335075378,0.2262,0.010999
1867.1199867725372,0.228,0.011149
1867.2233719825745,0.22853,0.010968
1867.330983877182,0.2292,0.010995
1867.4418292045593,0.2308,0.011041
1867.5531792640686,0.23173,0.011018
1867.6589043140411,0.2334,0.010847
1867.7710840702057,0.23433,0.010852
1867.8842792510986,0.235,0.010822
1867.9906902313232,0.23627,0.010802
1868.0984961986542,0.23773,0.010811
1868.2089953422546,0.2388,0.010717
1868.320916891098,0.2406,0.010769
1868.4293830394745,0.2418,0.010792
1868.53733086586,0.24113,0.010739
1868.6490387916565,0.24353,0.010784
1868.7600665092468,0.2452,0.010778
1868.869514465332,0.2464,0.010762
1868.9821574687958,0.24713,0.010826
1869.0899283885956,0.24773,0.010823
1869.1891119480133,0.24913,0.010784
1869.2920353412628,0.25,0.010815
1869.3931534290314,0.25173,0.010818
1869.5011761188507,0.25247,0.010887
1869.607361316681,0.2542,0.0109
1869.710173368454,0.2552,0.010934
1869.8112790584564,0.25613,0.010898
1869.9115719795227,0.25773,0.010944
1870.0100991725922,0.25813,0.010919
1870.1100883483887,0.25953,0.010905
1870.215616941452,0.26047,0.010826
1870.3118360042572,0.2612,0.010817
1870.4107842445374,0.262,0.010845
1870.5183284282684,0.264,0.01078
1870.63103556633,0.26467,0.010746
1870.7369976043701,0.2658,0.010772
1870.8489706516266,0.26733,0.010803
1870.9585886001587,0.26907,0.010717
1871.069155216217,0.27033,0.010767
1871.1791334152222,0.27007,0.010694
1871.287608385086,0.2724,0.010702
1871.4050252437592,0.2726,0.010699
1871.5095167160034,0.27433,0.010722
1871.6212120056152,0.275,0.01071
1871.7269852161407,0.27707,0.010666
1871.8395519256592,0.27787,0.010683
1871.946435213089,0.27913,0.010678
1872.0588624477386,0.28,0.010628
1872.1577816009521,0.2816,0.010622
1872.2715919017792,0.28213,0.010566
1872.378123998642,0.2834,0.010592
1872.4894752502441,0.285,0.010576
1872.5993270874023,0.28607,0.010583
1872.7083795070648,0.28673,0.010568
1872.8174180984497,0.288,0.010578
1872.929738521576,0.2896,0.010575
1873.0371704101562,0.29047,0.010591
1873.149122953415,0.29153,0.010576
1873.2579321861267,0.29253,0.010595
1873.3669707775116,0.29353,0.010602
1873.4759967327118,0.29433,0.010563
1873.5853879451752,0.29533,0.010577
1873.6992135047913,0.29793,0.010604
1873.8091268539429,-0.0026667,0.010934
1873.9204711914062,-0.0032667,0.01101
1874.027562379837,0.0014,0.010821
1874.1381220817566,0.0044667,0.010765
1874.252935886383,0.0076,0.010753
1874.3468537330627,0.011133,0.010816
1874.4593732357025,0.014333,0.010818
1874.568710565567,0.017533,0.010775
1874.6795492172241,0.021,0.010779
1874.7792291641235,0.024333,0.010925
1874.8877608776093,0.027667,0.010939
1874.999184370041,0.030733,0.010944
1875.1093888282776,0.037267,0.010879
1875.209926366806,0.039933,0.011073
1875.317344903946,0.043333,0.01095
1875.433167219162,0.043333,0.01101
1875.5400390625,0.049467,0.010983
1875.650037765503,0.0524,0.011106
1875.760205745697,0.055467,0.010954
1875.8686468601227,0.058533,0.011054
1875.9699051380157,0.062133,0.010947
1876.0691108703613,0.0642,0.010947
1876.1829841136932,0.067133,0.010964
1876.2801415920258,0.070933,0.010899
1876.390435218811,0.073933,0.010939
1876.4964876174927,0.075467,0.01104
1876.609791278839,0.079333,0.011015
1876.7245044708252,0.082733,0.010895
1876.8175704479218,0.085067,0.010888
1876.9328792095184,0.089467,0.010941
1877.0382056236267,0.0926,0.010934
1877.1392276287079,0.093933,0.010964
1877.251669883728,0.0954,0.010756
1877.3606474399567,0.096267,0.010747
1877.4699194431305,0.098133,0.010725
1877.5830059051514,0.0992,0.010683
1877.6907577514648,0.1002,0.01068
1877.79905295372,0.10207,0.010624
1877.9130148887634,0.10307,0.010665
1878.0226664543152,0.10493,0.010643
1878.1307945251465,0.10553,0.010651
1878.2408032417297,0.1094,0.010659
1878.3431508541107,0.10827,0.010669
1878.4515964984894,0.11267,0.010643
1878.562114238739,0.11287,0.010645
1878.6728246212006,0.11387,0.01069
1878.7818446159363,0.11607,0.01068
1878.878867149353,0.1166,0.010657
1878.9915487766266,0.118,0.010673
1879.1006410121918,0.119,0.01065
1879.2117114067078,0.12007,0.010619
1879.3266007900238,0.1222,0.01061
1879.4194197654724,0.123,0.010649
1879.525054216385,0.1244,0.010631
1879.629902124405,0.12547,0.010638
1879.7428019046783,0.12713,0.010663
1879.8466103076935,0.12853,0.010639
1879.950100660324,0.12913,0.010687
1880.0575816631317,0.131,0.010665
1880.1704251766205,0.1332,0.010682
1880.2781391143799,0.13293,0.010643
1880.3910238742828,0.13433,0.010689
1880.4955596923828,0.1372,0.010612
1880.588642835617,0.13687,0.010592
1880.6916625499725,0.13833,0.010633
1880.7884578704834,0.14087,0.010662
1880.891107082367,0.14213,0.010731
1880.9914515018463,0.1436,0.010724
1881.0912518501282,0.14467,0.010715
1881.1919395923615,0.14553,0.010674
1881.298047542572,0.14673,0.010771
1881.4118642807007,0.14793,0.010777
1881.5189244747162,0.14887,0.010783
1881.6294639110565,0.15053,0.01083
1881.7385649681091,0.15187,0.010807
1881.8494107723236,0.1528,0.010892
1881.9602015018463,0.15433,0.010898
1882.0679264068604,0.15533,0.010881
1882.1715371608734,0.15693,0.010945
1882.2778487205505,0.15847,0.010878
1882.3885588645935,0.1604,0.010946
1882.5002553462982,0.16087,0.011047
1882.6099195480347,0.16147,0.011059
1882.719814300537,0.1634,0.011042
1882.8291189670563,0.16493,0.010999
1882.9405875205994,0.16647,0.011074
1883.05611038208,0.16727,0.011057
1883.1628720760345,0.16893,0.01107
1883.2714567184448,0.16947,0.011129
1883.3800513744354,0.17147,0.011103
1883.4877450466156,0.17253,0.011109
1883.598402261734,0.1732,0.011014
1883.70907330513,0.1746,0.011077
1883.8211905956268,0.17687,0.011054
1883.9332339763641,0.178,0.010959
1884.0294156074524,0.17807,0.011025
1884.138190984726,0.18,0.010933
1884.2400922775269,0.18147,0.010962
1884.3518538475037,0.1826,0.010972
1884.4501028060913,0.18333,0.010914
1884.5527267456055,0.18447,0.010872
1884.6572036743164,0.1856,0.010839
1884.769852399826,0.1874,0.010858
1884.8813557624817,0.18787,0.010833
1884.990742444992,0.1892,0.010797
1885.0993542671204,0.1906,0.010836
1885.2091553211212,0.19187,0.010808
1885.3198502063751,0.19273,0.010843
1885.427833557129,0.195,0.011031
1885.5401792526245,0.1958,0.010998
1885.6497180461884,0.19687,0.011058
1885.7598841190338,0.19933,0.01096
1885.8707463741302,0.20027,0.011183
1885.978464603424,0.20127,0.011295
1886.0928995609283,0.20213,0.011357
1886.1925349235535,0.2024,0.011409
1886.3031241893768,0.20407,0.011595
1886.4081518650055,0.20527,0.011573
1886.5190722942352,0.2064,0.011565
1886.632622718811,0.20787,0.011552
1886.7376282215118,0.20833,0.011576
1886.8501553535461,0.21127,0.011549
1886.9514229297638,0.21067,0.011505
1887.0512082576752,0.212,0.011646
1887.148931980133,0.21367,0.011641
1887.2601408958435,0.21547,0.011547
1887.367601633072,0.21487,0.011493
1887.479329586029,0.21773,0.011415
1887.590980052948,0.21907,0.011428
1887.6997284889221,0.2202,0.011429
1887.8099324703217,0.22107,0.011278
1887.9207084178925,0.22233,0.011258
1888.0306515693665,0.2234,0.011254
1888.1365928649902,0.2242,0.011201
1888.253825187683,0.22533,0.011144
1888.3600571155548,0.22667,0.010998
1888.4706497192383,0.2284,0.011019
1888.5818915367126,0.22907,0.010978
1888.6783034801483,0.23133,0.010995
1888.7899253368378,0.23247,0.010895
1888.9009928703308,0.23353,0.010942
1889.0100185871124,0.23447,0.010795
1889.1186378002167,0.23533,0.010868
1889.2318983078003,0.23693,0.010836
1889.3423855304718,0.23753,0.010777
1889.4426708221436,0.2388,0.010812
1889.5395085811615,0.23973,0.010749
1889.6511619091034,0.24147,0.010715
1889.75998711586,0.2426,0.010719
1889.8766915798187,0.2434,0.01081
1889.9819703102112,0.24453,0.010734
1890.0899205207825,0.24453,0.010706
1890.2011563777924,0.24753,0.010758
1890.3099086284637,0.24833,0.010713
1890.4199147224426,0.2496,0.010717
1890.5320751667023,0.25113,0.010763
1890.639295578003,0.2522,0.010785
1890.753597021103,0.25273,0.010784
1890.8588826656342,0.25447,0.010789
1890.9705312252045,0.25467,0.010784
1891.079768896103,0.25627,0.010821
1891.1882133483887,0.2576,0.010856
1891.2911260128021,0.2586,0.010798
1891.3889377117157,0.25913,0.010824
1891.4950470924377,0.26073,0.010766
1891.5897896289825,0.26173,0.01079
1891.695639848709,0.263,0.010814
1891.7904198169708,0.26387,0.010766
1891.8960990905762,0.265,0.010762
1891.9960398674011,0.266,0.010729
1892.101268529892,0.2674,0.010745
1892.198926448822,0.2682,0.010701
1892.309366941452,0.269,0.0106
1892.4192523956299,0.27147,0.010669
1892.5276811122894,0.27233,0.010662
1892.6384453773499,0.27307,0.010671
1892.7475697994232,0.2746,0.01068
1892.8612551689148,0.27547,0.010664
1892.9677109718323,0.2766,0.010659
1893.0792834758759,0.27833,0.010624
1893.1892709732056,0.2788,0.010656
1893.2992289066315,0.2796,0.010616
1893.4104537963867,0.28107,0.010607
1893.5214674472809,0.28287,0.010631
1893.6277356147766,0.28433,0.010566
1893.7394602298737,0.28567,0.010544
1893.8471946716309,0.28573,0.010577
1893.9575560092926,0.28573,0.010598
1894.0699985027313,0.289,0.010568
1894.179924249649,0.28973,0.010586
1894.2904574871063,0.2906,0.010619
1894.4013748168945,0.2918,0.010599
1894.511470079422,0.2924,0.010549
1894.617472410202,0.29373,0.010573
1894.7288525104523,0.2948,0.010557
1894.8370168209076,0.296,0.010611
1894.9499316215515,0.29807,0.010587
1895.059332370758,0.29787,0.011513
1895.1690862178802,-0.0018667,0.010853
1895.2789022922516,0.00066667,0.010692
1895.388030052185,0.0047333,0.010741
1895.501722574234,0.0074667,0.010772
1895.6091284751892,0.011067,0.010795
1895.7219684123993,0.0146,0.010779
1895.8300790786743,0.018,0.010705
1895.9407105445862,0.0208,0.010733
1896.049201965332,0.024333,0.010881
1896.1614212989807,0.0272,0.010786
1896.2674400806427,0.0304,0.010806
1896.3767120838165,0.036533,0.010874
1896.4878356456757,0.039533,0.010793
1896.600875377655,0.042733,0.010882
1896.7109696865082,0.046,0.010959
1896.8190577030182,0.049,0.010923
1896.930341720581,0.052667,0.011028
1897.038896560669,0.0558,0.0109
1897.1465919017792,0.058133,0.010935
1897.2490475177765,0.0614,0.010839
1897.3598909378052,0.0638,0.010896
1897.469110250473,0.067,0.010859
1897.5810062885284,0.073467,0.010885
1897.6888904571533,0.0762,0.010835
1897.7913565635681,0.0764,0.010845
1897.8958303928375,0.081667,0.010819
1898.0088136196136,0.085267,0.010815
1898.1209511756897,0.084467,0.010813
1898.221143245697,0.0908,0.010782
1898.31915974617,0.092133,0.010719
1898.4232745170593,0.093667,0.010629
1898.524741411209,0.0958,0.010618
1898.6211576461792,0.0966,0.010686
1898.72105550766,0.0982,0.010658
1898.8199586868286,0.0988,0.010698
1898.9277215003967,0.1002,0.01066
1899.039034128189,0.10233,0.010681
1899.1479241847992,0.1028,0.010601
1899.2594912052155,0.10453,0.01063
1899.3598539829254,0.10653,0.01064
1899.4713847637177,0.10687,0.010673
1899.5799238681793,0.109,0.010612
1899.6895699501038,0.1096,0.010712
1899.7968952655792,0.11133,0.010626
1899.9123802185059,0.11387,0.010653
1900.01362991333,0.11567,0.010661
1900.1114964485168,0.11553,0.010668
1900.225632429123,0.11693,0.010661
1900.331391096115,0.11913,0.010662
1900.4379699230194,0.11927,0.010624
1900.5499439239502,0.12153,0.010677
1900.6548397541046,0.12333,0.010659
1900.7572133541107,0.124,0.010633
1900.873473405838,0.126,0.010647
1900.984496831894,0.12733,0.010663
1901.0878691673279,0.1286,0.010652
1901.1974129676819,0.1292,0.010673
1901.3087344169617,0.13047,0.010648
1901.4187350273132,0.13147,0.010649
1901.5217423439026,0.13293,0.010674
1901.6292774677277,0.1352,0.010612
1901.7382376194,0.1358,0.010646
1901.8534173965454,0.13673,0.010666
1901.9566397666931,0.13927,0.010665
1902.0605235099792,0.13927,0.010669
1902.1560683250427,0.1406,0.010683
1902.2601392269135,0.14333,0.010699
1902.3633930683136,0.14413,0.01073
1902.4608445167542,0.14553,0.010715
1902.5622034072876,0.1458,0.010829
1902.6633489131927,0.1464,0.010807
1902.7618713378906,0.1494,0.010849
1902.8673985004425,0.14973,0.010844
1902.9799370765686,0.15173,0.010889
1903.0773367881775,0.15313,0.010962
1903.181384086609,0.15433,0.011029
1903.2881608009338,0.1558,0.01103
1903.3979077339172,0.1566,0.011059
1903.507845401764,0.15787,0.01113
1903.6069750785828,0.1596,0.011096
1903.7155554294586,0.1606,0.011127
1903.8317828178406,0.16147,0.011186
1903.9383804798126,0.1624,0.01119
1904.0501534938812,0.1644,0.011213
1904.1567516326904,0.1658,0.011242
1904.2715725898743,0.1676,0.011146
1904.3788607120514,0.16833,0.011178
1904.4791388511658,0.16973,0.011238
1904.5882534980774,0.17133,0.011162
1904.6998972892761,0.17187,0.011149
1904.8087344169617,0.17293,0.01114
1904.9157507419586,0.1742,0.011101
1905.0284399986267,0.17507,0.011094
1905.1424667835236,0.17653,0.011053
1905.2491805553436,0.17773,0.011101
1905.3567471504211,0.17913,0.011046
1905.4699256420135,0.18047,0.011047
1905.5804541110992,0.18153,0.011048
1905.68989777565,0.18393,0.010897
1905.8024723529816,0.18467,0.010937
1905.9098505973816,0.18633,0.010885
1906.0205693244934,0.18733,0.010863
1906.1302576065063,0.1886,0.010887
1906.230625629425,0.18913,0.010811
1906.3259270191193,0.19067,0.010859
1906.4294602870941,0.19167,0.010852
1906.5374510288239,0.19327,0.010877
1906.6514723300934,0.19387,0.010966
1906.75887465477,0.19533,0.01088
1906.8714444637299,0.1968,0.010927
1906.9794063568115,0.19767,0.011021
1907.0863468647003,0.19887,0.011109
1907.19868350029,0.20007,0.011243
1907.3005304336548,0.20213,0.011411
1907.4104342460632,0.20167,0.011523
1907.5177645683289,0.20307,0.011275
1907.6289863586426,0.20587,0.011429
1907.7392303943634,0.20627,0.011563
1907.8423037528992,0.20747,0.01157
1907.9379651546478,0.20827,0.011631
1908.0510892868042,0.20993,0.011645
1908.163848400116,0.2112,0.011475
1908.2603373527527,0.21233,0.011513
1908.3628540039062,0.21333,0.011531
1908.469008922577,0.21487,0.011361
1908.5767028331757,0.2156,0.011449
1908.6774501800537,0.21653,0.01143
1908.7799489498138,0.21753,0.011483
1908.8798735141754,0.21927,0.011409
1908.9904549121857,0.2202,0.011245
1909.099441766739,0.22147,0.011259
1909.20760679245,0.22253,0.01117
1909.3224203586578,0.22407,0.011171
1909.4201912879944,0.2242,0.01112
1909.5314667224884,0.22607,0.011072
1909.6293618679047,0.22613,0.011105
1909.7400097846985,0.22713,0.011056
1909.8506743907928,0.23007,0.011043
1909.9500005245209,0.23107,0.010972
1910.0525176525116,0.23207,0.010889
1910.161455154419,0.23253,0.01095
1910.2736480236053,0.234,0.010885
1910.3800420761108,0.2352,0.010868
1910.4800446033478,0.23613,0.010793
1910.5894658565521,0.23773,0.010833
1910.699026107788,0.2388,0.010815
1910.8087100982666,0.23987,0.010779
1910.920271396637,0.2406,0.01079
1911.0192394256592,0.24273,0.01077
1911.129747390747,0.24327,0.010726
1911.2373397350311,0.24453,0.010725
1911.3491866588593,0.24593,0.010728
1911.4498009681702,0.24653,0.010769
1911.5500893592834,0.248,0.010725
1911.660757780075,0.24933,0.010758
1911.7679753303528,0.2498,0.010798
1911.878749370575,0.2508,0.010733
1911.9888200759888,0.25307,0.010813
1912.0879747867584,0.2542,0.010793
1912.1910026073456,0.25453,0.010791
1912.2850034236908,0.2548,0.010786
1912.3923122882843,0.2562,0.010774
1912.5000402927399,0.25827,0.010763
1912.6022238731384,0.2594,0.010741
1912.6992690563202,0.26047,0.010812
1912.7988710403442,0.2612,0.010776
1912.9000883102417,0.263,0.01076
1913.0035243034363,0.26413,0.010796
1913.1020641326904,0.26467,0.010702
1913.20419049263,0.26547,0.010758
1913.2990663051605,0.26687,0.010674
1913.4026975631714,0.268,0.010621
1913.50070977211,0.26873,0.010705
1913.604487657547,0.2698,0.010677
1913.7052364349365,0.27087,0.010613
1913.8065514564514,0.27233,0.010674
1913.9157152175903,0.27327,0.010639
1914.0148849487305,0.274,0.010655
1914.1265830993652,0.27553,0.010557
1914.2287480831146,0.27687,0.010675
1914.322318315506,0.2778,0.010621
1914.4245598316193,0.2782,0.010639
1914.5243303775787,0.27987,0.010661
1914.6381294727325,0.28107,0.010627
1914.738070011139,0.28253,0.010584
1914.8387537002563,0.28287,0.010613
1914.9377052783966,0.28387,0.010606
1915.0470895767212,0.28493,0.010583
1915.1478712558746,0.28593,0.010563
1915.2474927902222,0.28607,0.010615
1915.3499503135681,0.28867,0.010666
1915.4621841907501,0.28947,0.010651
1915.5702109336853,0.2912,0.010629
1915.678908586502,0.29187,0.010604
1915.779703617096,0.2924,0.010578
1915.8910658359528,0.2938,0.010601
1915.9989738464355,0.29473,0.010617
1916.1139261722565,0.2954,0.01053
1916.2203290462494,0.29673,0.010552
1916.3217251300812,0.298,0.011143
1916.4206218719482,-0.0027333,0.01078
1916.5291302204132,0.00066667,0.010733
1916.6386473178864,0.00066667,0.010758
1916.7461228370667,0.0072667,0.010713
1916.848138809204,0.0106,0.010808
1916.948045015335,0.013933,0.010711
1917.0597615242004,0.017333,0.010835
1917.1731827259064,0.020867,0.010686
1917.2712700366974,0.023733,0.010705
1917.3691265583038,0.026867,0.010721
1917.4764115810394,0.030133,0.010824
1917.5884354114532,0.033333,0.010808
1917.6986846923828,0.036867,0.010705
1917.8078918457031,0.0398,0.010805
1917.9081015586853,0.0424,0.01085
1918.0101430416107,0.046467,0.010805
1918.1074495315552,0.048933,0.010799
1918.219753742218,0.051267,0.010843
1918.334416627884,0.054533,0.010734
1918.4312839508057,0.0578,0.010782
1918.539737701416,0.061333,0.010765
1918.6447265148163,0.064067,0.010866
1918.7594397068024,0.0702,0.010718
1918.8665852546692,0.0726,0.010835
1918.9699263572693,0.0756,0.010762
1919.0693323612213,0.079,0.010708
1919.1813786029816,0.0822,0.01077
1919.2899248600006,0.084933,0.010755
1919.4014329910278,0.087867,0.010769
1919.4977803230286,0.0906,0.010781
1919.5995712280273,0.0922,0.010787
1919.7111937999725,0.093533,0.010727
1919.8212773799896,0.0954,0.010684
1919.9291710853577,0.0968,0.010659
1920.0283527374268,0.097733,0.010698
1920.1339735984802,0.099467,0.010687
1920.2299544811249,0.10053,0.01067
1920.3417088985443,0.10187,0.010679
1920.4494280815125,0.10287,0.01068
1920.5539033412933,0.1046,0.010648
1920.6595594882965,0.10647,0.010646
1920.7736134529114,0.10907,0.010669
1920.879177570343,0.10893,0.010692
1920.9925639629364,0.10993,0.0107
1921.0891387462616,0.1136,0.010709
1921.1988260746002,0.1144,0.01066
1921.3100504875183,0.11547,0.010643
1921.420094013214,0.11687,0.010626
1921.5288228988647,0.11827,0.010677
1921.6407163143158,0.1192,0.010657
1921.748573064804,0.12093,0.010679
1921.8583226203918,0.1224,0.010703
1921.9683330059052,0.12313,0.010561
1922.0774195194244,0.12473,0.010681
1922.1919393539429,0.12673,0.010608
1922.28990316391,0.1282,0.010666
1922.3989086151123,0.12867,0.010754
1922.51021194458,0.13167,0.010631
1922.6201784610748,0.1324,0.010671
1922.7190427780151,0.13333,0.010713
1922.8206181526184,0.13513,0.010649
1922.9224808216095,0.13573,0.010695
1923.0293006896973,0.13707,0.010654
1923.140423297882,0.13807,0.010711
1923.2398936748505,0.13947,0.010649
1923.3423173427582,0.14053,0.010734
1923.4455325603485,0.14153,0.010757
1923.5430705547333,0.14367,0.010779
1923.6401307582855,0.14453,0.010758
1923.7419459819794,0.146,0.010823
1923.8407549858093,0.147,0.010875
1923.945651769638,0.14787,0.010858
1924.0499784946442,0.14933,0.010965
1924.159211397171,0.15087,0.011072
1924.259651184082,0.15213,0.011139
1924.3694953918457,0.1528,0.011113
1924.4700853824615,0.15407,0.011058
1924.5742399692535,0.1554,0.011164
1924.680733203888,0.15633,0.011283
1924.7840700149536,0.158,0.011246
1924.890070438385,0.15853,0.011329
1925.0008354187012,0.15993,0.011325
1925.100667476654,0.16133,0.011269
1925.199375152588,0.16287,0.011364
1925.301274061203,0.16393,0.011301
1925.4105832576752,0.16473,0.011346
1925.5160295963287,0.16553,0.011398
1925.629954814911,0.167,0.011308
1925.738775253296,0.16773,0.011311
1925.838705778122,0.16933,0.01123
1925.9521253108978,0.1718,0.011214
1926.058995962143,0.17153,0.011102
1926.1683294773102,0.174,0.011166
1926.2797410488129,0.17567,0.011147
1926.37926197052,0.17667,0.011056
1926.481120109558,0.1778,0.011062
1926.5876924991608,0.1792,0.011082
1926.6979022026062,0.17993,0.010922
1926.811226606369,0.18067,0.01097
1926.909362077713,0.1828,0.010926
1927.0195331573486,0.183,0.010889
1927.1293337345123,0.18447,0.010968
1927.239887714386,0.18627,0.010903
1927.3403885364532,0.18707,0.010856
1927.4409103393555,0.188,0.010852
1927.5510685443878,0.1894,0.010829
1927.6615443229675,0.19127,0.010916
1927.7712361812592,0.19173,0.010914
1927.8752763271332,0.1936,0.010974
1927.9799933433533,0.19507,0.010873
1928.0887684822083,0.19653,0.010914
1928.2024493217468,0.19747,0.010834
1928.3092877864838,0.19867,0.011005
1928.4189088344574,0.19913,0.010999
1928.5275297164917,0.20073,0.011322
1928.6380515098572,0.20167,0.011206
1928.751354932785,0.20267,0.011397
1928.8606915473938,0.2042,0.0113
1928.9708700180054,0.20647,0.011492
1929.0794684886932,0.20753,0.011488
1929.1889162063599,0.20827,0.011559
1929.3007562160492,0.20933,0.01153
1929.4093225002289,0.2104,0.011526
1929.5115344524384,0.21047,0.011386
1929.6154866218567,0.21307,0.011458
1929.7312941551208,0.2146,0.01147
1929.8421876430511,0.2154,0.011299
1929.9503238201141,0.2164,0.011275
1930.0587973594666,0.21813,0.011258
1930.1585485935211,0.21833,0.011114
1930.2677447795868,0.21973,0.011346
1930.3793330192566,0.2206,0.011226
1930.4800086021423,0.2228,0.011133
1930.5931506156921,0.22293,0.011032
1930.6998927593231,0.224,0.011123
1930.8100571632385,0.2262,0.011061
1930.9235889911652,0.2262,0.011059
1931.0267877578735,0.22873,0.011059
1931.1387875080109,0.22987,0.010997
1931.2496905326843,0.2308,0.010987
1931.3613300323486,0.2316,0.010866
1931.4673578739166,0.2332,0.010869
1931.5770337581635,0.23433,0.010766
1931.6785390377045,0.2352,0.010759
1931.7883279323578,0.23567,0.01075
1931.8999457359314,0.23693,0.010745
1932.0082671642303,0.23787,0.010807
1932.1172788143158,0.23913,0.010699
1932.2197234630585,0.2408,0.010724
1932.3206086158752,0.24153,0.010682
1932.4248886108398,0.2434,0.010715
1932.5319528579712,0.24373,0.010727
1932.6443884372711,0.24573,0.010656
1932.7439548969269,0.24733,0.010742
1932.8502588272095,0.248,0.010691
1932.954978942871,0.24947,0.010737
1933.0701649188995,0.25047,0.010695
1933.1799774169922,0.2512,0.01071
1933.2795033454895,0.25227,0.01069
1933.3787808418274,0.25407,0.01065
1933.498958349228,0.25473,0.010741
1933.6012771129608,0.25553,0.010773
1933.7083530426025,0.25667,0.010663
1933.8083107471466,0.2576,0.010706
1933.9087488651276,0.25913,0.0107
1934.0122928619385,0.25987,0.010744
1934.109914779663,0.26067,0.010713
1934.2095594406128,0.26213,0.010655
1934.309764623642,0.26307,0.010713
1934.4099140167236,0.2644,0.010735
1934.5100173950195,0.26573,0.010629
1934.6137607097626,0.2666,0.010745
1934.7152307033539,0.26787,0.010733
1934.8267784118652,0.26887,0.010655
1934.928935289383,0.27107,0.010677
1935.0375530719757,0.27087,0.010663
1935.1487338542938,0.273,0.010638
1935.2583422660828,0.27467,0.010621
1935.3687872886658,0.27553,0.010679
1935.4700314998627,0.27507,0.010569
1935.5781807899475,0.2776,0.010687
1935.693219423294,0.27867,0.010623
1935.7999069690704,0.28,0.010531
1935.9082305431366,0.28113,0.010575
1936.0200481414795,0.28227,0.010527
1936.1322627067566,0.2832,0.010627
1936.2382850646973,0.28407,0.010589
1936.3504037857056,0.285,0.01058
1936.4494411945343,0.28627,0.01057
1936.5498945713043,0.28713,0.01062
1936.6626291275024,0.28867,0.010617
1936.770177602768,0.29007,0.010637
1936.8798866271973,0.29173,0.010565
1936.979996919632,0.29247,0.010623
1937.09481215477,0.29387,0.010573
1937.197295665741,0.29367,0.010575
1937.3009638786316,0.295,0.010515
1937.4006865024567,0.29693,0.010557
1937.4979877471924,0.2976,0.010667
1937.6095643043518,-0.0034,0.011329
1937.718020915985,-0.0027333,0.010739
1937.8208951950073,0.0006,0.010707
1937.9299755096436,0.0043333,0.010764
1938.0310554504395,0.0072,0.010652
1938.1390023231506,0.010533,0.010729
1938.2488331794739,0.013867,0.010731
1938.362655878067,0.016667,0.010663
1938.4687774181366,0.020133,0.0107
1938.5704367160797,0.023467,0.010709
1938.6783072948456,0.027067,0.010666
1938.7882130146027,0.0304,0.010742
1938.9017705917358,0.0362,0.010667
1939.0112583637238,0.0388,0.010765
1939.109431028366,0.042533,0.010738
1939.207900762558,0.0454,0.010736
1939.3207700252533,0.049067,0.010859
1939.4291093349457,0.0514,0.01072
1939.5289351940155,0.054533,0.010866
1939.6298949718475,0.055267,0.01081
1939.7435429096222,0.061067,0.010693
1939.8480648994446,0.063333,0.010859
1939.9625959396362,0.066733,0.010771
1940.0680723190308,0.069533,0.010731
1940.1688618659973,0.072533,0.010751
1940.277909040451,0.075333,0.010685
1940.3887193202972,0.078867,0.01061
1940.4999136924744,0.0818,0.010717
1940.6105659008026,0.084,0.010741
1940.7228138446808,0.090267,0.010641
1940.8252701759338,0.091467,0.010756
1940.9372296333313,0.091867,0.010703
1941.0480632781982,0.094533,0.010714
1941.1615703105927,0.096,0.010691
1941.266901731491,0.097733,0.010654
1941.370099067688,0.099,0.0107
1941.4680321216583,0.1006,0.010695
1941.5708792209625,0.10153,0.010712
1941.6821126937866,0.10327,0.010713
1941.788390636444,0.1042,0.010628
1941.8963866233826,0.10527,0.010652
1942.00780916214,0.10733,0.010627
1942.119074344635,0.10847,0.010608
1942.2301461696625,0.1116,0.010596
1942.3364231586456,0.11247,0.010693
1942.4475753307343,0.11347,0.01073
1942.5567836761475,0.11393,0.010735
1942.6682076454163,0.1166,0.010756
1942.7812530994415,0.11747,0.01069
1942.879145860672,0.11887,0.010655
1942.9892358779907,0.11967,0.01071
1943.0988142490387,0.122,0.01069
1943.2085220813751,0.12293,0.010741
1943.3212122917175,0.1246,0.010707
1943.4284784793854,0.12573,0.010664
1943.5385522842407,0.1268,0.010634
1943.6476545333862,0.12913,0.010685
1943.7599136829376,0.12907,0.010657
1943.8593547344208,0.1308,0.010642
1943.9694685935974,0.1322,0.010636
1944.0698463916779,0.1334,0.010686
1944.1828548908234,0.13513,0.010711
1944.2870607376099,0.1368,0.010717
1944.3855712413788,0.1384,0.010775
1944.4886240959167,0.13973,0.0107
1944.5889439582825,0.1394,0.010777
1944.6884179115295,0.14127,0.010808
1944.790486574173,0.14313,0.010782
1944.8888306617737,0.14393,0.010905
1944.9914524555206,0.14413,0.010895
1945.0909349918365,0.1466,0.010914
1945.192584991455,0.1464,0.011045
1945.2932677268982,0.14853,0.011106
1945.3993439674377,0.15007,0.011183
1945.4974591732025,0.1518,0.011207
1945.6092817783356,0.15293,0.011237
1945.71933054924,0.15393,0.011304
1945.8258080482483,0.15547,0.011417
1945.9392199516296,0.15667,0.011365
1946.0418920516968,0.15753,0.011395
1946.1489520072937,0.15853,0.011445
1946.2588155269623,0.15993,0.011405
1946.369996547699,0.16133,0.011437
1946.483277797699,0.1636,0.011468
1946.5926141738892,0.16347,0.011506
1946.6982028484344,0.16507,0.011516
1946.8087422847748,0.16727,0.011333
1946.9213354587555,0.1672,0.011193
1947.0290172100067,0.16947,0.011236
1947.128005027771,0.17067,0.011189
1947.2397031784058,0.1716,0.011203
1947.3380334377289,0.1724,0.011172
1947.440726518631,0.1742,0.011124
1947.550145149231,0.175,0.011082
1947.6595418453217,0.17587,0.011073
1947.7690877914429,0.1768,0.011037
1947.8838908672333,0.178,0.011032
1947.993373632431,0.17967,0.010939
1948.0876162052155,0.18073,0.010989
1948.1972725391388,0.18247,0.01098
1948.3097670078278,0.18367,0.010856
1948.4168090820312,0.18493,0.010929
1948.53085231781,0.18567,0.010894
1948.6316692829132,0.187,0.010865
1948.7389514446259,0.189,0.010803
1948.83846950531,0.18927,0.010875
1948.9514214992523,0.19147,0.0108
1949.0627818107605,0.19307,0.010802
1949.159996509552,0.19353,0.010902
1949.26664853096,0.19513,0.010914
1949.3765738010406,0.19613,0.011006
1949.4919772148132,0.19733,0.011117
1949.5891816616058,0.19793,0.010979
1949.6909198760986,0.19907,0.011065
1949.802369594574,0.20067,0.011229
1949.9100041389465,0.2014,0.011351
1950.0199105739594,0.20287,0.0113
1950.1314842700958,0.2052,0.011072
1950.2263774871826,0.20487,0.011268
1950.338229894638,0.20607,0.011384
1950.4479279518127,0.20873,0.011373
1950.5589761734009,0.20813,0.011315
1950.6703460216522,0.21007,0.011277
1950.7707045078278,0.21187,0.011327
1950.8786480426788,0.21267,0.011342
1950.9866631031036,0.21427,0.011232
1951.1001915931702,0.21513,0.011205
1951.1998431682587,0.21587,0.011229
1951.3035447597504,0.21753,0.011201
1951.3993480205536,0.2186,0.011223
1951.512111902237,0.21993,0.01121
1951.6194500923157,0.221,0.011156
1951.7319116592407,0.22253,0.011165
1951.8339104652405,0.22307,0.011067
1951.943757534027,0.22453,0.011198
1952.046287536621,0.22647,0.011173
1952.1584928035736,0.22673,0.011073
1952.2699975967407,0.2286,0.010994
1952.3711626529694,0.22867,0.011052
1952.4782960414886,0.23087,0.011041
1952.5975024700165,0.23173,0.011001
1952.6976764202118,0.23267,0.010815
1952.811707019806,0.23447,0.010956
1952.9215981960297,0.23533,0.01078
1953.0305399894714,0.23687,0.010815
1953.1377294063568,0.23693,0.010697
1953.248488664627,0.23847,0.010708
1953.3576395511627,0.23953,0.010759
1953.4593486785889,0.24047,0.010704
1953.569718837738,0.24127,0.010725
1953.6697988510132,0.24287,0.010643
1953.772450208664,0.2442,0.010695
1953.8850181102753,0.24447,0.010643
1953.9887890815735,0.2462,0.01067
1954.1006236076355,0.24873,0.01063
1954.2081665992737,0.24967,0.010717
1954.3195314407349,0.25087,0.010665
1954.4298734664917,0.25153,0.010782
1954.5398862361908,0.25273,0.010667
1954.6499094963074,0.25393,0.010667
1954.749888420105,0.25513,0.010718
1954.8493602275848,0.2558,0.010693
1954.9573874473572,0.25727,0.010741
1955.0726625919342,0.25847,0.010714
1955.1795935630798,0.25907,0.010708
1955.2780668735504,0.2606,0.010645
1955.3799452781677,0.26133,0.010693
1955.4814102649689,0.26293,0.010657
1955.5799827575684,0.26353,0.010704
1955.678567647934,0.2644,0.010624
1955.7799155712128,0.26547,0.010614
1955.8789103031158,0.26653,0.010691
1955.981498003006,0.2678,0.010672
1956.0886723995209,0.2682,0.010591
1956.1973617076874,0.27013,0.010642
1956.3066618442535,0.27113,0.010659
1956.4176585674286,0.27193,0.010673
1956.528344154358,0.27407,0.010657
1956.6378812789917,0.274,0.010665
1956.7489650249481,0.27633,0.010628
1956.856642961502,0.2772,0.010641
1956.9683032035828,0.27847,0.0106
1957.0783367156982,0.28007,0.010583
1957.1899547576904,0.28067,0.010624
1957.2998881340027,0.2816,0.010644
1957.3986992835999,0.28313,0.010609
1957.5059309005737,0.2842,0.010598
1957.6203136444092,0.28527,0.01057
1957.7287447452545,0.28633,0.010624
1957.8306109905243,0.28673,0.010624
1957.943490743637,0.289,0.010575
1958.038400888443,0.29,0.01059
1958.152517080307,0.29093,0.010606
1958.2604894638062,0.29207,0.01064
1958.368535041809,0.29373,0.010636
1958.4798884391785,0.29433,0.010608
1958.589881181717,0.29587,0.010581
1958.6931755542755,0.29673,0.010607
1958.7991037368774,0.29787,0.01071
1958.9092330932617,-0.0054,0.010691
1959.0126848220825,-0.0026667,0.010682
1959.122014760971,0.0008,0.010682
1959.2276666164398,0.0032667,0.010712
1959.3377282619476,0.0070667,0.010715
1959.449692249298,0.010267,0.010676
1959.5595004558563,0.0132,0.01066
1959.6714906692505,0.019267,0.010655
1959.7744200229645,0.023667,0.010675
1959.8777763843536,0.023867,0.010671
1959.9796850681305,0.030067,0.010744
1960.0795283317566,0.0328,0.010659
1960.189242362976,0.035867,0.010639
1960.291328907013,0.0388,0.010765
1960.3989460468292,0.042333,0.010658
1960.50830245018,0.045067,0.010658
1960.6201992034912,0.0486,0.010676
1960.7275800704956,0.051467,0.010771
1960.8265376091003,0.0548,0.010731
1960.9273896217346,0.058267,0.01071
1961.0294497013092,0.0602,0.010635
1961.139326095581,0.063333,0.010805
1961.2460606098175,0.066667,0.010671
1961.3508398532867,0.069267,0.010738
1961.4586126804352,0.072467,0.010702
1961.5671219825745,0.0782,0.010649
1961.6811690330505,0.0812,0.01076
1961.7875773906708,0.081333,0.010727
1961.8928060531616,0.086867,0.010638
1961.9857800006866,0.0904,0.010687
1962.0994517803192,0.091867,0.01065
1962.2086210250854,0.092533,0.010601
1962.3223996162415,0.095,0.010687
1962.4190549850464,0.096467,0.010708
1962.5291919708252,0.098,0.010712
1962.636875629425,0.098867,0.010599
1962.7484149932861,0.1,0.010657
1962.857624053955,0.10187,0.010673
1962.958637714386,0.10293,0.010691
1963.0716564655304,0.10453,0.010599
1963.1782720088959,0.1056,0.010713
1963.2877876758575,0.10733,0.010727
1963.3963134288788,0.10947,0.010781
1963.4993505477905,0.1094,0.010796
1963.5998995304108,0.11107,0.01074
1963.7098994255066,0.11227,0.010701
1963.8194885253906,0.1136,0.010795
1963.9281713962555,0.1158,0.010734
1964.0395121574402,0.11767,0.010767
1964.1490375995636,0.11933,0.010721
1964.2589635849,0.12053,0.010668
1964.369430065155,0.12167,0.01069
1964.4787011146545,0.12273,0.010826
1964.589282989502,0.124,0.010714
1964.6962854862213,0.1258,0.010738
1964.8113856315613,0.12627,0.010698
1964.9199352264404,0.12773,0.01069
1965.028540611267,0.1306,0.010727
1965.130987405777,0.13207,0.010613
1965.2356853485107,0.132,0.010657
1965.3526198863983,0.13487,0.010674
1965.4535958766937,0.13527,0.010704
1965.5623304843903,0.1366,0.010681
1965.6594905853271,0.1388,0.010844
1965.7688446044922,0.13967,0.010776
1965.8781819343567,0.1406,0.010862
1965.9824633598328,0.1414,0.010919
1966.0799460411072,0.1426,0.010899
1966.1800718307495,0.1442,0.01093
1966.2818341255188,0.1452,0.010936
1966.3806912899017,0.14667,0.011193
1966.4823653697968,0.1474,0.011195
1966.5826573371887,0.14913,0.011188
1966.6825008392334,0.15053,0.011339
1966.7891595363617,0.1514,0.011322
1966.899463891983,0.153,0.011349
1967.0060727596283,0.15427,0.011377
1967.117413520813,0.1548,0.011447
1967.2288665771484,0.1566,0.011579
1967.3412396907806,0.15827,0.011519
1967.4514191150665,0.15967,0.011577
1967.5559720993042,0.16127,0.011595
1967.6668169498444,0.16127,0.011549
1967.7777423858643,0.16327,0.011339
1967.8893678188324,0.16373,0.011353
1968.00146317482,0.16587,0.011305
1968.1129236221313,0.16673,0.011384
1968.222459077835,0.16867,0.011125
1968.328828573227,0.16967,0.011253
1968.439044713974,0.17133,0.011183
1968.551377773285,0.17153,0.011065
1968.659797668457,0.17253,0.010974
1968.7579169273376,0.1744,0.011049
1968.8579819202423,0.17553,0.010989
1968.9613192081451,0.17613,0.010922
1969.0742082595825,0.1786,0.01092
1969.1799178123474,0.17947,0.010866
1969.2910916805267,0.17967,0.010906
1969.399789571762,0.18147,0.010883
1969.5122582912445,0.18287,0.010795
1969.606096982956,0.18447,0.01084
1969.7196733951569,0.18613,0.010777
1969.8217861652374,0.18647,0.010869
1969.9298872947693,0.18787,0.010822
1970.0389058589935,0.18847,0.010868
1970.1497340202332,0.1898,0.010835
1970.258594751358,0.19173,0.010754
1970.3626160621643,0.19287,0.010808
1970.4698328971863,0.1938,0.010814
1970.577142715454,0.1946,0.010899
1970.6910045146942,0.19633,0.010913
1970.7961719036102,0.198,0.010847
1970.897343635559,0.19807,0.011076
1970.9998035430908,0.19933,0.011326
1971.113095998764,0.20167,0.011245
1971.2241427898407,0.20293,0.011155
1971.3289020061493,0.2042,0.011218
1971.429247379303,0.20507,0.011187
1971.5387599468231,0.20593,0.011162
1971.6529607772827,0.20727,0.011206
1971.7483110427856,0.20827,0.011149
1971.852124452591,0.2094,0.011159
1971.95050907135,0.21067,0.011171
1972.058901309967,0.2124,0.011178
1972.167322397232,0.21313,0.011107
1972.279167175293,0.21427,0.011143
1972.3805541992188,0.2148,0.011103
1972.4776883125305,0.21593,0.01115
1972.5893507003784,0.2176,0.010995
1972.699289560318,0.21893,0.011138
1972.8114559650421,0.22087,0.011002
1972.9216289520264,0.22093,0.011014
1973.0203313827515,0.22187,0.011076
1973.1220619678497,0.22387,0.011055
1973.2299070358276,0.22387,0.011073
1973.3398678302765,0.22573,0.010983
1973.4508078098297,0.22673,0.010951
1973.5480501651764,0.22873,0.011038
1973.658809185028,0.22933,0.010904
1973.7715101242065,0.23087,0.010934
1973.878837108612,0.23153,0.010781
1973.99045419693,0.23273,0.010797
1974.0890746116638,0.2342,0.010696
1974.1899354457855,0.2352,0.010739
1974.2914555072784,0.23587,0.010786
1974.39803814888,0.23747,0.010753
1974.5114374160767,0.238,0.010624
1974.6076538562775,0.23987,0.010683
1974.7097327709198,0.24107,0.010602
1974.8207278251648,0.24127,0.010699
1974.919394493103,0.2426,0.010596
1975.0294840335846,0.2436,0.010614
1975.1303091049194,0.24507,0.010608
1975.2407631874084,0.24573,0.010625
1975.350073337555,0.24853,0.010714
1975.4577696323395,0.2492,0.010633
1975.572794675827,0.2492,0.010606
1975.6726717948914,0.25153,0.010597
1975.7713224887848,0.25227,0.010723
1975.8763754367828,0.25333,0.010749
1975.9882996082306,0.25473,0.010647
1976.0884518623352,0.25533,0.01071
1976.1926231384277,0.25687,0.010741
1976.2999420166016,0.25767,0.010704
1976.397420167923,0.2588,0.010661
1976.502406835556,0.2602,0.010715
1976.5975787639618,0.261,0.010691
1976.7006976604462,0.26207,0.010732
1976.800924539566,0.264,0.010626
1976.9018590450287,0.26433,0.010703
1977.0021843910217,0.26533,0.010705
1977.1018767356873,0.26693,0.010726
1977.2037675380707,0.2674,0.010684
1977.302892446518,0.26907,0.010734
1977.4125473499298,0.27047,0.010667
1977.5214130878448,0.27053,0.010625
1977.6288981437683,0.27213,0.010688
1977.7364625930786,0.27333,0.010623
1977.8388957977295,0.274,0.010644
1977.9495193958282,0.2746,0.010621
1978.0589780807495,0.2758,0.010652
1978.1700265407562,0.2782,0.01068
1978.284227848053,0.2786,0.010654
1978.3789517879486,0.2792,0.010679
1978.4892320632935,0.2806,0.010634
1978.6013641357422,0.2832,0.010677
1978.7095320224762,0.28387,0.010679
1978.8086636066437,0.28473,0.010629
1978.9168982505798,0.28613,0.010688
1979.0268924236298,0.28747,0.010629
1979.140037059784,0.2882,0.010622
1979.251345872879,0.28887,0.010633
1979.3615078926086,0.2898,0.010644
1979.4571261405945,0.2918,0.010692
1979.5715928077698,0.29227,0.010657
1979.6811323165894,0.293,0.010679
1979.7883343696594,0.29413,0.010691
1979.890008687973,0.29493,0.010652
1980.0014927387238,0.2962,0.010654
1980.1072001457214,-0.0036,0.010665
1980.2189218997955,-0.0028667,0.010706
1980.3193445205688,-0.0038,0.010626
1980.424528837204,0.0026667,0.010687
1980.523507118225,0.0068,0.010636
1980.620257139206,0.0095333,0.010666
1980.7182495594025,0.0094,0.010646
1980.8201110363007,0.012667,0.01063
1980.9246032238007,0.019267,0.010712
1981.0216364860535,0.0222,0.010621
1981.1210260391235,0.023067,0.01057
1981.222920179367,0.025933,0.010726
1981.321130514145,0.032133,0.010682
1981.424518585205,0.0328,0.010775
1981.5299677848816,0.035867,0.010707
1981.6394379138947,0.042267,0.010643
1981.7502043247223,0.045333,0.010689
1981.8599653244019,0.047667,0.010663
1981.9632289409637,0.051267,0.01075
1982.0581924915314,0.051867,0.010738
1982.158570766449,0.057667,0.010664
1982.2585813999176,0.060867,0.010667
1982.3589651584625,0.0624,0.010678
1982.4618122577667,0.066333,0.01071
1982.5630416870117,0.067133,0.010673
1982.6577825546265,0.072,0.010651
1982.7663085460663,0.0756,0.010624
1982.8654203414917,0.078,0.010715
1982.9583985805511,0.081067,0.01074
1983.05859041214,0.081333,0.010701
1983.1610825061798,0.086533,0.010678
1983.2665584087372,0.086933,0.010685
1983.3609800338745,0.091667,0.01067
1983.4613966941833,0.093133,0.010753
1983.5661327838898,0.093267,0.010673
1983.6636595726013,0.094533,0.010729
1983.7647738456726,0.097667,0.010678
1983.8641669750214,0.097333,0.010713
1983.9681136608124,0.0998,0.010752
1984.066764831543,0.099867,0.010698
1984.165632724762,0.10147,0.010757
1984.2658114433289,0.103,0.010727
1984.3659932613373,0.10387,0.010793
1984.466493844986,0.10647,0.010753
1984.5688683986664,0.10713,0.010771
1984.6677377223969,0.10833,0.010785
1984.7683379650116,0.1096,0.010826
1984.8659024238586,0.11047,0.01083
1984.9672288894653,0.11207,0.010826
1985.0661175251007,0.11333,0.010789
1985.1690473556519,0.1146,0.010823
1985.2719204425812,0.1158,0.010775
1985.3698904514313,0.11673,0.010785
1985.4710597991943,0.12013,0.010837
1985.5681986808777,0.12,0.010814
1985.6717126369476,0.12187,0.010861
1985.7705807685852,0.12267,0.010847
1985.8725082874298,0.1238,0.010739
1985.9710834026337,0.12607,0.010742
1986.0699834823608,0.12653,0.010768
1986.1735136508942,0.12733,0.010754
1986.2724609375,0.12933,0.01079
1986.3723917007446,0.13053,0.010711
1986.4741597175598,0.1316,0.010702
1986.5757122039795,0.13267,0.010736
1986.675850868225,0.13393,0.010767
1986.776150226593,0.1352,0.010784
1986.876924276352,0.13707,0.010803
1986.975810289383,0.1372,0.010749
1987.077044725418,0.13873,0.010837
1987.1782114505768,0.13993,0.010873
1987.2797574996948,0.14147,0.010988
1987.3773443698883,0.14387,0.011019
1987.4781908988953,0.1442,0.01107
1987.5763099193573,0.14527,0.011164
1987.679461479187,0.1464,0.01117
1987.7834451198578,0.14773,0.011188
1987.8751525878906,0.14833,0.011424
1987.977781534195,0.15013,0.011396
1988.0793483257294,0.15133,0.011503
1988.1809706687927,0.1526,0.011459
1988.280478477478,0.15387,0.01153
1988.3840973377228,0.15493,0.011555
1988.4812259674072,0.15567,0.011579
1988.5826444625854,0.15713,0.01157
1988.684039592743,0.15873,0.011646
1988.7830111980438,0.15973,0.01151
1988.8823096752167,0.16067,0.011591
1988.9798648357391,0.162,0.011353
1989.084189414978,0.16313,0.011301
1989.1832230091095,0.1644,0.011455
1989.2838611602783,0.16573,0.011242
1989.3849039077759,0.16707,0.011314
1989.4848382472992,0.16787,0.01111
1989.5871419906616,0.16927,0.011155
1989.6835136413574,0.1702,0.011219
1989.7866685390472,0.17127,0.011078
1989.8857653141022,0.17213,0.011049
1989.988401889801,0.17387,0.010953
1990.0879211425781,0.175,0.010882
1990.1877582073212,0.17613,0.010931
1990.2871243953705,0.177,0.010922
1990.3872594833374,0.1782,0.010788
1990.492749929428,0.17933,0.010919
1990.5904431343079,0.18107,0.010895
1990.6879777908325,0.18247,0.010856
1990.7909829616547,0.18327,0.010926
1990.8902854919434,0.18393,0.01088
1990.9899234771729,0.1852,0.010822
1991.0895919799805,0.18647,0.010843
1991.1953704357147,0.1878,0.010833
1991.2899761199951,0.1888,0.010752
1991.3893427848816,0.18973,0.010853
1991.4935069084167,0.19153,0.01081
1991.5941543579102,0.19193,0.010758
1991.6937327384949,0.19353,0.01081
1991.7936248779297,0.1942,0.010876
1991.8940658569336,0.19533,0.010922
1991.9977052211761,0.19713,0.011049
1992.0930588245392,0.198,0.010907
1992.1963160037994,0.1988,0.010996
1992.294275045395,0.20027,0.011023
1992.3986480236053,0.20087,0.010968
1992.4981265068054,0.203,0.011043
1992.6013178825378,0.20347,0.011015
1992.6992547512054,0.20473,0.011205
1992.7984387874603,0.2056,0.011191
1992.9034049510956,0.20693,0.011034
1992.9986245632172,0.20787,0.01119
1993.0986590385437,0.20913,0.010982
1993.1979393959045,0.21007,0.011127
1993.3005065917969,0.21153,0.011202
1993.398367881775,0.21233,0.011041
1993.49955868721,0.21413,0.011017
1993.603024482727,0.21473,0.011144
1993.6992347240448,0.21547,0.011086
1993.8000755310059,0.21553,0.011012
1993.902765750885,0.21847,0.011028
1994.0018031597137,0.21947,0.01099
1994.1025598049164,0.22047,0.011077
1994.203266620636,0.22127,0.011123
1994.305401802063,0.22227,0.010929
1994.403252363205,0.22293,0.010984
1994.5085318088531,0.224,0.010986
1994.6043121814728,0.22573,0.011067
1994.7032632827759,0.22653,0.010869
1994.806943655014,0.22713,0.011011
1994.908029794693,0.22853,0.01091
1995.0046381950378,0.23033,0.010811
1995.1097881793976,0.23167,0.01079
1995.2090315818787,0.23087,0.010782
1995.316062927246,0.2334,0.010757
1995.4092025756836,0.23353,0.010714
1995.5088498592377,0.2346,0.010651
1995.60933303833,0.23647,0.010714
1995.7115688323975,0.23767,0.010683
1995.8133456707,0.23907,0.010722
1995.9085838794708,0.2388,0.01072
1996.0131521224976,0.24093,0.010671
1996.1138479709625,0.24073,0.010626
1996.210037946701,0.2418,0.010629
1996.3083667755127,0.24293,0.010649
1996.4130520820618,0.24513,0.010605
1996.511872768402,0.2454,0.010673
1996.6126883029938,0.24693,0.010647
1996.7138016223907,0.24773,0.010593
1996.8130481243134,0.25007,0.010631
1996.916372537613,0.24967,0.010641
1997.0172600746155,0.25193,0.010649
1997.1181318759918,0.25187,0.010594
1997.2157180309296,0.25307,0.010597
1997.3171863555908,0.25387,0.010708
1997.414089679718,0.2554,0.010637
1997.5188007354736,0.25673,0.010664
1997.6167685985565,0.25727,0.010626
1997.719289302826,0.25873,0.010666
1997.8155081272125,0.26047,0.010651
1997.9209456443787,0.26033,0.010676
1998.0241377353668,0.26167,0.010692
1998.1176497936249,0.26287,0.010587
1998.2205023765564,0.26467,0.010655
1998.3216376304626,0.2646,0.01069
1998.4172594547272,0.26647,0.010681
1998.5198707580566,0.2672,0.01069
1998.6208748817444,0.26947,0.010659
1998.7239799499512,0.26967,0.010634
1998.8219532966614,0.27087,0.010678
1998.9225931167603,0.27187,0.010658
1999.0217998027802,0.27253,0.010697
1999.1210782527924,0.27387,0.010664
1999.2209241390228,0.2752,0.010697
1999.3205404281616,0.2758,0.010679
1999.4206864833832,0.2772,0.010673
1999.5229907035828,0.27787,0.010647
1999.6248857975006,0.27907,0.010702
1999.7246992588043,0.28,0.010674
1999.8220086097717,0.28153,0.010681
1999.9246664047241,0.28227,0.01064
2000.0253729820251,0.2836,0.010683
2000.1259121894836,0.28487,0.010698
2000.228672504425,0.28573,0.010737
2000.3308055400848,0.28613,0.010671
2000.425722360611,0.28767,0.010725
2000.5298538208008,0.28887,0.010738
2000.6286942958832,0.29,0.01072
2000.7270150184631,0.29107,0.010741
2000.8256380558014,0.2928,0.010719
2000.9294958114624,0.29353,0.010775
2001.0309209823608,0.29493,0.010736
2001.129489183426,0.29533,0.010684
2001.2306456565857,0.2966,0.010724
2001.3313443660736,0.298,0.010701
2001.4334218502045,-0.0045333,0.010897
2001.531347990036,-0.0036667,0.01066
2001.6313507556915,-0.0002,0.010641
2001.732575416565,0.0034,0.010677
2001.8298523426056,0.0064,0.010701
2001.9308762550354,0.0093333,0.01073
2002.033848285675,0.013267,0.010636
2002.134434223175,0.016533,0.010657
2002.23451089859,0.019467,0.01063
2002.3384573459625,0.022933,0.010649
2002.4354267120361,0.025867,0.010649
2002.5387399196625,0.0284,0.010626
2002.637268781662,0.0316,0.010689
2002.7404527664185,0.035067,0.010611
2002.8389644622803,0.0382,0.010589
2002.9379301071167,0.041533,0.010674
2003.0363337993622,0.044933,0.010671
2003.1422271728516,0.047733,0.010627
2003.2398655414581,0.0508,0.010657
2003.3427970409393,0.0542,0.010611
2003.4420311450958,0.057133,0.010686
2003.53839468956,0.059333,0.010605
2003.6407101154327,0.0624,0.010605
2003.7438206672668,0.065933,0.010686
2003.8387658596039,0.069067,0.010666
2003.943793296814,0.0714,0.01067
2004.0423974990845,0.0746,0.010634
2004.1479914188385,0.077667,0.01066
2004.245069026947,0.079933,0.010687
2004.3449139595032,0.0808,0.010712
2004.4441812038422,0.0862,0.010734
2004.5465083122253,0.0886,0.01075
2004.6511116027832,0.0916,0.010721
2004.746575832367,0.0922,0.010777
2004.847118139267,0.093867,0.010695
2004.9466800689697,0.0956,0.010795
2005.0493621826172,0.096533,0.01081
2005.1531691551208,0.097333,0.010806
2005.2520225048065,0.099467,0.010825
2005.3490295410156,0.1008,0.010821
2005.4533157348633,0.1022,0.010802
2005.549946308136,0.10373,0.010837
2005.6511828899384,0.10487,0.010958
2005.753000497818,0.10633,0.010995
2005.8564400672913,0.10793,0.010964
2005.9516010284424,0.10827,0.010873
2006.0531871318817,0.11087,0.010937
2006.152824163437,0.11187,0.010932
2006.2545096874237,0.1134,0.010931
2006.353796005249,0.11453,0.010893
2006.4524953365326,0.11607,0.011004
2006.555430650711,0.1176,0.010863
2006.6547830104828,0.1168,0.010912
2006.7545766830444,0.12007,0.010874
2006.8554091453552,0.12113,0.010829
2006.959311723709,0.1226,0.010842
2007.0555353164673,0.12393,0.010891
2007.156474351883,0.12507,0.01082
2007.2582879066467,0.12647,0.010783
2007.3586077690125,0.12633,0.010728
2007.4586300849915,0.12927,0.010759
2007.559894323349,0.13033,0.01076
2007.6594116687775,0.13033,0.010722
2007.7585861682892,0.13113,0.010761
2007.8658928871155,0.1342,0.010705
2007.960214138031,0.13547,0.010789
2008.0618941783905,0.13693,0.010814
2008.1619563102722,0.13647,0.010848
2008.2637310028076,0.13953,0.010801
2008.3624529838562,0.13913,0.010913
2008.4610023498535,0.14013,0.010929
2008.5621769428253,0.14187,0.011037
2008.6646044254303,0.14413,0.011012
2008.7629702091217,0.14527,0.011024
2008.8625786304474,0.1454,0.011225
2008.9643330574036,0.1464,0.011268
2009.0642113685608,0.1484,0.01137
2009.1638858318329,0.1486,0.01141
2009.2681274414062,0.1494,0.011502
2009.3668313026428,0.15287,0.011593
2009.4686589241028,0.152,0.011592
2009.5698599815369,0.1538,0.011611
2009.668464422226,0.1548,0.011629
2009.7715842723846,0.15547,0.011594
2009.8698728084564,0.15673,0.011633
2009.969456911087,0.158,0.01149
2010.072586297989,0.15927,0.011468
2010.1687088012695,0.16067,0.011467
2010.2713956832886,0.16227,0.011397
2010.3704946041107,0.16273,0.011313
2010.4789140224457,0.16427,0.011334
2010.5717208385468,0.16493,0.011224
2010.6702840328217,0.1662,0.011237
2010.7728214263916,0.16793,0.011155
2010.8726224899292,0.16853,0.011059
2010.9729883670807,0.17,0.010971
2011.0715870857239,0.171,0.01101
2011.1756727695465,0.17207,0.010906
2011.2763254642487,0.17387,0.010905
2011.3766832351685,0.17433,0.010929
2011.4763083457947,0.1756,0.010946
2011.5768988132477,0.17767,0.010893
2011.6797015666962,0.1784,0.010751
2011.779129743576,0.1792,0.010791
2011.8824002742767,0.1806,0.010773
2011.9779953956604,0.18173,0.010788
2012.0784220695496,0.1832,0.010797
2012.1798655986786,0.18433,0.010766
2012.2801101207733,0.18533,0.010767
2012.3775725364685,0.18667,0.010761
2012.4803969860077,0.18747,0.010759
2012.5805714130402,0.189,0.010777
2012.6832075119019,0.18967,0.010763
2012.7806341648102,0.19153,0.010749
2012.8807833194733,0.19193,0.010788
2012.984589099884,0.1938,0.010781
2013.082276582718,0.19447,0.010857
2013.1823587417603,0.19573,0.010798
2013.2839903831482,0.1966,0.010905
2013.3853940963745,0.1976,0.010801
2013.4871082305908,0.19933,0.010963
2013.5872130393982,0.1998,0.010958
2013.6869962215424,0.202,0.010962
2013.7869291305542,0.202,0.011059
2013.8875410556793,0.20353,0.011071
2013.9850616455078,0.20447,0.011111
2014.0878319740295,0.2056,0.011016
2014.186903476715,0.2068,0.01098
2014.2887632846832,0.2082,0.010993
2014.3879084587097,0.20947,0.01097
2014.4887323379517,0.2102,0.011015
2014.5894429683685,0.21133,0.010997
2014.6893901824951,0.21293,0.011037
2014.7918837070465,0.21327,0.010978
2014.891124010086,0.2148,0.010962
2014.995932817459,0.21527,0.01097
2015.094787120819,0.21647,0.010895
2015.194035768509,0.21827,0.010903
2015.2907609939575,0.21933,0.010916
2015.3943231105804,0.2206,0.01097
2015.4996492862701,0.22127,0.010976
2015.594048500061,0.222,0.010875
2015.6951563358307,0.2236,0.010831
2015.7933554649353,0.22447,0.010929
2015.8966715335846,0.22593,0.010922
2015.999945640564,0.22733,0.010817
2016.0980730056763,0.228,0.010701
2016.1955788135529,0.229,0.010753
2016.2968060970306,0.2302,0.010754
2016.402339220047,0.231,0.010721
2016.4981307983398,0.23267,0.010661
2016.600709438324,0.233,0.010625
2016.7046077251434,0.2352,0.010615
2016.7998678684235,0.2358,0.010525
2016.899239063263,0.237,0.010668
2017.0032687187195,0.23673,0.010628
2017.1022989749908,0.23893,0.010611
2017.2013182640076,0.24007,0.010644
2017.303146123886,0.24107,0.010613
2017.4022421836853,0.2424,0.010578
2017.502353668213,0.2432,0.01058
2017.6016669273376,0.24407,0.010579
2017.706774711609,0.2452,0.010623
2017.803599357605,0.24613,0.010618
2017.9016480445862,0.2472,0.010651
2018.0041921138763,0.24867,0.010631
2018.1055793762207,0.2496,0.010656
2018.2036168575287,0.25027,0.010651
2018.3082611560822,0.25227,0.010658
2018.4079041481018,0.2532,0.010619
2018.5104217529297,0.25447,0.010587
2018.6081657409668,0.25433,0.010619
2018.7086141109467,0.25653,0.010658
2018.8095390796661,0.25733,0.010657
2018.9070324897766,0.2582,0.010647
2019.0077316761017,0.25913,0.010635
2019.110366344452,0.26067,0.010633
2019.207363128662,0.26173,0.010631
2019.3098378181458,0.26313,0.010677
2019.409497499466,0.26367,0.010596
2019.5129759311676,0.26487,0.010615
2019.6152439117432,0.2652,0.010656
2019.7159893512726,0.267,0.010668
2019.8121311664581,0.26647,0.01071
2019.9184086322784,0.2694,0.010671
2020.0141036510468,0.27,0.010678
2020.1157326698303,0.27147,0.010686
2020.2161974906921,0.27127,0.010648
2020.3157064914703,0.2732,0.010721
2020.4146411418915,0.2744,0.010696
2020.5156908035278,0.27613,0.010699
2020.617179632187,0.27587,0.010733
2020.71710896492,0.27807,0.010731
2020.8177556991577,0.27893,0.010728
2020.9190740585327,0.28027,0.010701
2021.0198636054993,0.28027,0.010737
2021.1217467784882,0.28227,0.010745
2021.2210538387299,0.283,0.010749
2021.3217120170593,0.28333,0.010758
2021.4179713726044,0.2844,0.010753
2021.5228142738342,0.2856,0.010772
2021.6197667121887,0.28767,0.010777
2021.7248992919922,0.28873,0.010762
2021.8220088481903,0.28867,0.010773
2021.9231674671173,0.28973,0.010723
2022.025160074234,0.29067,0.010761
2022.1232225894928,0.2922,0.010767
2022.2268023490906,0.29293,0.010804
2022.3220295906067,0.2938,0.010789
2022.4231967926025,0.29487,0.010804
2022.5321354866028,0.296,0.010736
2022.6257417201996,0.29713,0.010793
2022.725775718689,-0.0067333,0.010678
2022.8248851299286,-0.0040667,0.010617
2022.9239084720612,-0.0011333,0.01065
2023.0267808437347,0.0032,0.01067
2023.1276412010193,0.0058,0.01066
2023.2302222251892,0.0099333,0.010637
2023.3280127048492,0.012467,0.010626
2023.4280829429626,0.016267,0.01064
2023.528903722763,0.019267,0.010636
2023.6307878494263,0.0254,0.01059
2023.7322070598602,0.026067,0.010645
2023.8300924301147,0.0286,0.010677
2023.9326989650726,0.0318,0.010668
2024.0340857505798,0.035067,0.010644
2024.1391224861145,0.038333,0.010646
2024.233605146408,0.0414,0.010586
2024.333377122879,0.044733,0.010609
2024.4325149059296,0.0474,0.010642
2024.5355134010315,0.050867,0.01065
2024.634745836258,0.054067,0.010616
2024.7343645095825,0.0564,0.01063
2024.8357470035553,0.059533,0.010624
2024.9370648860931,0.062867,0.010654
2025.0398590564728,0.065467,0.010673
2025.13613986969,0.0684,0.010707
2025.2396585941315,0.071333,0.010674
2025.3357560634613,0.074867,0.010749
2025.4377324581146,0.0772,0.010657
2025.5418877601624,0.080667,0.010758
2025.6422703266144,0.084,0.010773
2025.7390117645264,0.0862,0.010753
2025.8401763439178,0.089067,0.01085
2025.9400234222412,0.0912,0.010827
2026.040938615799,0.093,0.01079
2026.1428632736206,0.094467,0.01087
2026.2450342178345,0.095667,0.010866
2026.3421132564545,0.096667,0.010789
2026.4428217411041,0.098333,0.01087
2026.543720960617,0.099067,0.010955
2026.6436188220978,0.1014,0.010933
2026.7498614788055,0.1018,0.010966
2026.8436205387115,0.104,0.010995
2026.9445312023163,0.10513,0.011074
2027.0449588298798,0.10627,0.011034
2027.1450726985931,0.10807,0.010983
2027.2468709945679,0.10887,0.011116
2027.3466789722443,0.11067,0.011005
2027.4508428573608,0.11227,0.010933
2027.5494177341461,0.1126,0.011086
2027.6481952667236,0.1144,0.01106
2027.7502036094666,0.11553,0.010972
2027.8512647151947,0.11713,0.010955
2027.9516475200653,0.11813,0.011026
2028.053241968155,0.11987,0.011056
2028.1508448123932,0.12067,0.011095
2028.2522978782654,0.12207,0.010864
2028.353270292282,0.12347,0.010862
2028.4526762962341,0.12487,0.010934
2028.554144859314,0.12687,0.010801
2028.6572363376617,0.12733,0.010754
2028.7523515224457,0.12867,0.010862
2028.8585851192474,0.1304,0.010808
2028.9538946151733,0.13153,0.010822
2029.0545065402985,0.1326,0.010755
2029.1542251110077,0.1338,0.010823
2029.2569601535797,0.13473,0.010766
2029.3565492630005,0.13673,0.010823
2029.4577629566193,0.13727,0.010918
2029.5604031085968,0.13887,0.010961
2029.6571207046509,0.1408,0.01088
2029.7600119113922,0.14147,0.010918
2029.8587455749512,0.14213,0.011001
2029.9605205059052,0.14353,0.011108
2030.063017129898,0.14573,0.011035
2030.1632380485535,0.1464,0.011359
2030.2620179653168,0.14773,0.011357
2030.3646230697632,0.14873,0.011426
2030.4630210399628,0.14967,0.01137
2030.563261270523,0.1506,0.011553
2030.6664791107178,0.15213,0.011576
2030.7643449306488,0.15353,0.011562
2030.8653144836426,0.15487,0.011635
2030.9662895202637,0.15627,0.011541
2031.0665352344513,0.15567,0.011443
2031.1662876605988,0.1584,0.011501
2031.267651796341,0.15953,0.01144
2031.36873793602,0.161,0.011553
2031.4664742946625,0.16233,0.011362
2031.567153453827,0.16333,0.01132
2031.669498682022,0.16453,0.011392
2031.7760646343231,0.1656,0.011203
2031.8740720748901,0.16653,0.011186
2031.970942735672,0.16827,0.011115
2032.0688462257385,0.16793,0.011175
2032.169934272766,0.17027,0.011065
2032.273776769638,0.1718,0.010969
2032.3695282936096,0.17247,0.010965
2032.4725744724274,0.173,0.010915
2032.5724997520447,0.1752,0.01095
2032.6724529266357,0.17633,0.010952
2032.774403333664,0.1768,0.010891
2032.8738451004028,0.17767,0.010858
2032.9744782447815,0.18,0.010837
2033.073129415512,0.18107,0.010865
2033.175015449524,0.18227,0.010749
2033.279380083084,0.18207,0.010762
2033.3791654109955,0.18313,0.010737
2033.4766325950623,0.18527,0.01075
2033.5786528587341,0.18647,0.010768
2033.678718805313,0.18633,0.010704
2033.7775402069092,0.18873,0.010717
2033.8798558712006,0.18993,0.010701
2033.983000278473,0.1902,0.010756
2034.082929611206,0.1914,0.010741
2034.1844527721405,0.19353,0.010751
2034.2792060375214,0.194,0.010737
2034.3757553100586,0.19453,0.01076
2034.4773292541504,0.19627,0.010776
2034.57927942276,0.19807,0.010821
2034.6817240715027,0.19787,0.010831
2034.7822456359863,0.1992,0.010903
2034.8826127052307,0.2,0.010843
2034.9835023880005,0.20227,0.010931
2035.0844686031342,0.20253,0.011033
2035.1833338737488,0.20313,0.010961
2035.2865788936615,0.2048,0.010994
2035.3831605911255,0.20693,0.010965
2035.485188484192,0.20713,0.010928
2035.5867493152618,0.20787,0.010912
2035.6883425712585,0.20907,0.010953
2035.7871768474579,0.21093,0.010946
2035.8880660533905,0.2106,0.010926
2035.9865231513977,0.2128,0.010907
2036.0907220840454,0.2138,0.010859
2036.1899092197418,0.2148,0.010919
2036.2865045070648,0.21547,0.010861
2036.3889627456665,0.2166,0.010847
2036.4903395175934,0.21867,0.010842
2036.5896182060242,0.2196,0.010841
2036.6888637542725,0.22087,0.010789
2036.7899034023285,0.22173,0.010837
2036.890374660492,0.22213,0.010877
2036.9920926094055,0.22427,0.010818
2037.0928137302399,0.225,0.010829
2037.1922438144684,0.2258,0.01078
2037.2921087741852,0.22687,0.010755
2037.3968651294708,0.2278,0.010785
2037.4931936264038,0.22913,0.010666
2037.589899301529,0.2304,0.010663
2037.6920368671417,0.2312,0.01065
2037.791188955307,0.23227,0.010645
2037.8937883377075,0.2334,0.010662
2037.9898660182953,0.23467,0.010647
2038.094321012497,0.23573,0.010641
2038.1918132305145,0.23673,0.010656
2038.2943441867828,0.23807,0.010631
2038.39714717865,0.2392,0.010653
2038.4970078468323,0.2398,0.010617
2038.5923278331757,0.24147,0.010592
2038.6991777420044,0.2424,0.010598
2038.7966980934143,0.24373,0.010622
2038.8971526622772,0.2448,0.010611
2038.9992661476135,0.24593,0.010637
2039.0967063903809,0.24627,0.010634
2039.197001695633,0.24793,0.010623
2039.299331188202,0.2484,0.010634
2039.3966522216797,0.2506,0.010621
2039.4962933063507,0.251,0.010644
2039.5994250774384,0.25233,0.010647
2039.697796344757,0.25347,0.010644
2039.797751903534,0.25473,0.010664
2039.9010853767395,0.25547,0.01063
2040.0017354488373,0.25653,0.01064
2040.1012074947357,0.2578,0.01066
2040.2019248008728,0.2588,0.010675
2040.3027081489563,0.26013,0.010676
2040.4031858444214,0.26093,0.01067
2040.5037529468536,0.26267,0.010623
2040.605791091919,0.26367,0.010693
2040.703528881073,0.26487,0.010714
2040.8011486530304,0.26533,0.010725
2040.9042294025421,0.26653,0.010693
2041.0030388832092,0.26773,0.010657
2041.1072764396667,0.2686,0.010744
2041.2044365406036,0.26947,0.010744
2041.3064255714417,0.27073,0.010732
2041.4070703983307,0.27173,0.010778
2041.5058016777039,0.27233,0.010775
2041.6061272621155,0.2742,0.01077
2041.7076697349548,0.27547,0.01077
2041.809796333313,0.2764,0.010772
2041.910480260849,0.27727,0.010782
2042.0101330280304,0.27807,0.010784
2042.1083178520203,0.27853,0.010831
2042.2098813056946,0.2806,0.010772
2042.3117470741272,0.2812,0.010807
2042.4114062786102,0.28273,0.010779
2042.514785528183,0.28367,0.01081
2042.6149735450745,0.28467,0.010843
2042.7151236534119,0.2862,0.010845
2042.8125178813934,0.28527,0.010817
2042.9123561382294,0.2872,0.010795
2043.0161821842194,0.2886,0.010817
2043.1143472194672,0.28967,0.010821
2043.2145807743073,0.28987,0.01082
2043.3150477409363,0.29207,0.010825
2043.4161777496338,0.2928,0.010821
2043.5138454437256,0.2944,0.010773
2043.6168220043182,0.2934,0.010784
2043.7146680355072,0.29473,0.010777
2043.8161203861237,0.2974,0.010784
2043.918925523758,-0.0048,0.010672
2044.020468711853,-0.0038667,0.010673
2044.1190750598907,-0.0013333,0.010626
2044.21963763237,0.0019333,0.010622
2044.3171634674072,0.0020667,0.010638
2044.4199407100677,0.0085333,0.010532
2044.523211479187,0.0126,0.010661
2044.6200730800629,0.012467,0.01066
2044.7199573516846,0.0156,0.010624
2044.8263628482819,0.018933,0.010626
2044.9217295646667,0.025867,0.01058
2045.021381855011,0.028933,0.01055
2045.1255939006805,0.0286,0.010623
2045.2238607406616,0.032067,0.010541
2045.3237345218658,0.035067,0.01065
2045.4235060214996,0.040267,0.01064
2045.5218119621277,0.044733,0.010658
2045.6243362426758,0.044,0.010626
2045.7224164009094,0.0466,0.010683
2045.8263914585114,0.053533,0.010647
2045.923507452011,0.053467,0.010645
2046.0297853946686,0.056,0.010699
2046.1268060207367,0.059467,0.010695
2046.2321574687958,0.0654,0.010706
2046.3285021781921,0.0658,0.010696
2046.428261756897,0.068067,0.010738
2046.5312497615814,0.0712,0.010746
2046.628921508789,0.0744,0.010743
2046.727878332138,0.077133,0.010775
2046.8351700305939,0.0836,0.010786
2046.9293949604034,0.0834,0.010838
2047.0318274497986,0.0862,0.010893
2047.1312336921692,0.089067,0.01088
2047.2336983680725,0.091133,0.010965
2047.3311355113983,0.092667,0.010976
2047.430337190628,0.093733,0.010983
2047.5331943035126,0.0954,0.011027
2047.6336147785187,0.098133,0.011081
2047.7342920303345,0.098467,0.01107
2047.8352851867676,0.099467,0.011101
2047.9366986751556,0.1008,0.011188
2048.033620595932,0.1024,0.011162
2048.1359972953796,0.10373,0.011215
2048.236183166504,0.10473,0.011157
2048.3353679180145,0.1058,0.011246
2048.43315410614,0.1078,0.011227
2048.536813020706,0.1092,0.011137
2048.639119386673,0.1102,0.011207
2048.73593211174,0.11167,0.011172
2048.8389599323273,0.11213,0.011141
2048.938718557358,0.11473,0.011277
2049.0388610363007,0.116,0.011031
2049.138343334198,0.11733,0.011085
2049.239524126053,0.1182,0.011151
2049.339135169983,0.11953,0.01101
2049.441283941269,0.1208,0.011081
2049.541647911072,0.12227,0.011014
2049.638814687729,0.12327,0.010946
2049.740412712097,0.1252,0.011012
2049.844169616699,0.12613,0.010911
2049.939092874527,0.1274,0.010955
2050.044667482376,0.12873,0.010849
2050.140427350998,0.12933,0.010834
2050.244464635849,0.131,0.010793
2050.3471059799194,0.13213,0.010805
2050.443989753723,0.13353,0.010837
2050.5443844795227,0.13453,0.010797
2050.645905017853,0.1364,0.010849
2050.7510669231415,0.13727,0.010883
2050.844772338867,0.13853,0.010864
2050.948775291443,0.1394,0.010881
2051.0470566749573,0.14067,0.011011
2051.1489083766937,0.142,0.011157
2051.2474949359894,0.14293,0.011102
2051.349545478821,0.14447,0.011111
2051.44362449646,0.14553,0.011285
2051.5474014282227,0.14667,0.011299
2051.649898290634,0.1484,0.011324
2051.7489864826202,0.14967,0.011353
2051.849850654602,0.1512,0.011438
2051.9497916698456,0.1522,0.011556
2052.054102420807,0.153,0.011565
2052.154951810837,0.15453,0.011551
2052.2510092258453,0.15547,0.011473
2052.3500056266785,0.15747,0.011547
2052.4522292613983,0.1574,0.011427
2052.5532734394073,0.15913,0.011352
2052.654556274414,0.16053,0.011263
2052.751986026764,0.16153,0.01134
2052.8552644252777,0.16247,0.01127
2052.954988002777,0.1642,0.011289
2053.054800748825,0.1652,0.01113
2053.156536102295,0.1668,0.011157
2053.2577328681946,0.168,0.011117
2053.3554084300995,0.1696,0.011052
2053.457361459732,0.17,0.011025
2053.560379743576,0.17047,0.011098
2053.6601819992065,0.1728,0.011018
2053.756339073181,0.1732,0.010944
2053.860169172287,0.1746,0.010919
2053.958681821823,0.1758,0.010914
2054.0597953796387,0.17713,0.010848
2054.160322666168,0.17813,0.010891
2054.2623591423035,0.17887,0.010823
2054.3587102890015,0.1798,0.010845
2054.4590520858765,0.18013,0.010792
2054.5588462352753,0.1824,0.010733
2054.66219162941,0.18393,0.010764
2054.762695789337,0.18473,0.010738
2054.861958026886,0.1862,0.010715
2054.9624037742615,0.18687,0.010712
2055.062071323395,0.18853,0.010743
2055.1648795604706,0.189,0.010764
2055.263170480728,0.1906,0.010645
2055.361676931381,0.19167,0.010762
2055.4651803970337,0.1918,0.010739
2055.565998315811,0.19367,0.010816
2055.664983510971,0.195,0.010811
2055.764808177948,0.19653,0.010734
2055.8662700653076,0.1976,0.010816
2055.968521118164,0.1992,0.010737
2056.0650470256805,0.19967,0.010809
2056.1663751602173,0.19987,0.01079
2056.2694199085236,0.20153,0.010835
2056.3660082817078,0.2026,0.010817
2056.46835398674,0.20467,0.010818
2056.567182779312,0.2054,0.01084
2056.6692385673523,0.20567,0.010904
2056.771015882492,0.20687,0.010864
2056.870151281357,0.20927,0.010869
2056.9670836925507,0.2108,0.010856
2057.0686128139496,0.21167,0.010863
2057.171783685684,0.2118,0.010822
2057.268970966339,0.21353,0.010873
2057.3763575553894,0.21307,0.010845
2057.4737010002136,0.2146,0.010756
2057.5723218917847,0.21653,0.01079
2057.67094039917,0.2178,0.010822
2057.770271539688,0.21767,0.010828
2057.8737564086914,0.21847,0.010741
2057.973201274872,0.22013,0.010768
2058.073076248169,0.22233,0.010771
2058.1722526550293,0.22253,0.010789
2058.2718579769135,0.22287,0.010756
2058.371851205826,0.22567,0.010661
2058.4766635894775,0.22573,0.010775
2058.574965238571,0.22593,0.010696
2058.6738159656525,0.22753,0.010661
2058.780138731003,0.22987,0.010679
2058.879860162735,0.2304,0.010675
2058.976222515106,0.23247,0.010683
2059.078464984894,0.23233,0.010642
2059.1767258644104,0.23353,0.010637
2059.2804625034332,0.23507,0.010633
2059.382042169571,0.23593,0.010641
2059.4791831970215,0.23667,0.010611
2059.5789184570312,0.23813,0.010627
2059.6829764842987,0.23887,0.010626
2059.7818846702576,0.2402,0.010579
2059.882481813431,0.24147,0.01064
2059.9805176258087,0.24213,0.010613
2060.078387737274,0.24373,0.01062
2060.182055711746,0.2446,0.010635
2060.282152891159,0.246,0.010636
2060.3838114738464,0.24693,0.010637
2060.483701944351,0.24807,0.01066
2060.580689430237,0.24927,0.010651
2060.687900543213,0.24933,0.01065
2060.785572052002,0.25127,0.010633
2060.8878610134125,0.2524,0.01066
2060.9853382110596,0.25327,0.010628
2061.0858142375946,0.25427,0.010605
2061.185504436493,0.255,0.010619
2061.2857055664062,0.25647,0.010623
2061.388203382492,0.2578,0.010646
2061.488538980484,0.25807,0.010624
2061.5901606082916,0.2598,0.010647
2061.688541650772,0.261,0.010627
2061.78706073761,0.26213,0.010647
2061.88649058342,0.26333,0.010674
2061.989854812622,0.26387,0.010694
2062.08806180954,0.26487,0.010704
2062.1867954730988,0.266,0.010729
2062.286741733551,0.2672,0.010729
2062.3939578533173,0.26873,0.010754
2062.4954991340637,0.26913,0.010738
2062.59081697464,0.27047,0.010723
2062.693455219269,0.271,0.010784
2062.795823097229,0.27247,0.010812
2062.8932778835297,0.27347,0.010863
2062.9961931705475,0.275,0.010789
2063.0941882133484,0.2762,0.010879
2063.1922030448914,0.2766,0.010893
2063.2971284389496,0.27787,0.010883
2063.3955850601196,0.27893,0.010942
2063.4978499412537,0.28047,0.010948
2063.5931708812714,0.28107,0.010912
2063.7022545337677,0.28247,0.010925
2063.7990181446075,0.28273,0.010871
2063.8969752788544,0.2844,0.010911
2063.999675512314,0.28533,0.010909
2064.0998554229736,0.28667,0.010881
2064.1966536045074,0.28787,0.010873
2064.297229528427,0.28887,0.010906
2064.399852991104,0.29,0.010892
2064.502329826355,0.29067,0.010849
2064.6006438732147,0.29233,0.01083
2064.7035641670227,0.29347,0.010828
2064.8008983135223,0.29353,0.010826
2064.904263973236,0.29507,0.010813
2065.000418663025,0.2958,0.010851
2065.1050777435303,0.29727,0.010769
2065.2043750286102,-0.0045333,0.011303
2065.304851770401,-0.0044667,0.010661
2065.4024925231934,-0.0012667,0.010632
2065.5041778087616,0.0020667,0.010619
2065.605852365494,0.0063333,0.010655
2065.7044582366943,0.0088,0.010603
2065.8102753162384,0.012333,0.010649
2065.9054038524628,0.015267,0.010666
2066.0080263614655,0.018667,0.010668
2066.1080162525177,0.018333,0.010701
2066.2090454101562,0.025333,0.010641
2066.311663389206,0.028733,0.010675
2066.4099633693695,0.0318,0.010655
2066.509852409363,0.034333,0.010593
2066.6098737716675,0.0348,0.010617
2066.7098791599274,0.0412,0.010656
2066.812137365341,0.044333,0.010659
2066.909897327423,0.047533,0.010665
2067.0110499858856,0.050133,0.01067
2067.1163108348846,0.053467,0.010593
2067.2123930454254,0.055667,0.01069
2067.3098735809326,0.059667,0.010711
2067.4112753868103,0.0624,0.010687
2067.510390520096,0.062533,0.010793
2067.612003326416,0.068933,0.01078
2067.7118487358093,0.068667,0.010776
2067.814213037491,0.074933,0.010797
2067.9151635169983,0.077867,0.010879
2068.0120992660522,0.080467,0.010887
2068.1123497486115,0.083267,0.010984
2068.2152338027954,0.0832,0.011003
2068.3152227401733,0.089,0.011044
2068.4138684272766,0.091,0.011073
2068.51509809494,0.091733,0.011086
2068.6150913238525,0.0932,0.01121
2068.719008922577,0.095267,0.011164
2068.8154690265656,0.0954,0.011291
2068.920344352722,0.096733,0.011183
2069.0171008110046,0.097667,0.01129
2069.1198210716248,0.10093,0.011319
2069.2198560237885,0.1024,0.01128
2069.3181414604187,0.10233,0.011297
2069.4192724227905,0.10367,0.011443
2069.5206327438354,0.10547,0.011315
2069.6199946403503,0.1064,0.011335
2069.7193875312805,0.1082,0.011346
2069.821890592575,0.11073,0.011293
2069.9210860729218,0.1118,0.011223
2070.0209362506866,0.11207,0.011307
2070.123076915741,0.113,0.011254
2070.22363781929,0.1146,0.011225
2070.320150375366,0.11707,0.011237
2070.419860601425,0.11833,0.011138
2070.5243923664093,0.11793,0.011176
2070.62628364563,0.11927,0.011126
2070.7233233451843,0.12133,0.011131
2070.820921897888,0.12227,0.01109
2070.924486875534,0.12353,0.010982
2071.023879289627,0.12433,0.011
2071.124302625656,0.12613,0.010997
2071.224145889282,0.12733,0.010911
2071.323535680771,0.1294,0.010928
2071.4221925735474,0.12993,0.010889
2071.5251739025116,0.1312,0.010896
2071.6263320446014,0.1324,0.01087
2071.728625535965,0.13393,0.010769
2071.827404975891,0.13507,0.010775
2071.932762145996,0.13593,0.0109
2072.02840590477,0.13773,0.01081
2072.1295688152313,0.13847,0.010884
2072.2284033298492,0.14,0.010989
2072.3292078971863,0.14107,0.010985
2072.429629087448,0.1422,0.011039
2072.529755115509,0.1434,0.0111
2072.633802175522,0.1448,0.011147
2072.7298526763916,0.14567,0.011424
2072.8323900699615,0.14693,0.011495
2072.935357570648,0.1484,0.011326
2073.036183834076,0.1498,0.01135
2073.134072303772,0.15073,0.011447
2073.236040830612,0.15187,0.01147
2073.3356573581696,0.15293,0.011432
2073.430772781372,0.15473,0.011441
2073.5322301387787,0.15607,0.011426
2073.634331226349,0.157,0.011459
2073.7349424362183,0.15813,0.011374
2073.837476491928,0.15913,0.011342
2073.9360904693604,0.16093,0.011318
2074.0367901325226,0.16167,0.011224
2074.139766931534,0.16313,0.011153
2074.2423396110535,0.16447,0.011064
2074.3400399684906,0.1656,0.011165
2074.4410440921783,0.16647,0.011019
2074.539887905121,0.16733,0.011102
2074.642334461212,0.1684,0.011056
2074.7376465797424,0.17007,0.010974
2074.839606523514,0.171,0.010929
2074.9380462169647,0.1726,0.011008
2075.0499267578125,0.17373,0.010947
2075.1576342582703,0.1744,0.010953
2075.269497871399,0.17607,0.010901
2075.3679797649384,0.17747,0.010909
2075.4787952899933,0.1784,0.010908
2075.5912096500397,0.1792,0.010791
2075.6983828544617,0.18093,0.010819
2075.807234287262,0.18313,0.010789
2075.9192299842834,0.18447,0.010768
2076.0311210155487,0.1856,0.010746
2076.1372606754303,0.18647,0.010753
2076.245929002762,0.187,0.01067
2076.3568613529205,0.1886,0.010753
2076.4677889347076,0.1898,0.010728
2076.579484939575,0.19107,0.010751
2076.688626050949,0.192,0.010667
2076.7989790439606,0.19347,0.010717
2076.898293018341,0.19453,0.010721
2077.00869679451,0.19533,0.01075
2077.120087146759,0.19767,0.010758
2077.229146718979,0.1986,0.010736
2077.337350130081,0.19993,0.010804
2077.443272829056,0.2008,0.010796
2077.537866592407,0.2018,0.01087
2077.6406326293945,0.2036,0.01082
2077.7405347824097,0.20447,0.010733
2077.8425829410553,0.2042,0.010829
2077.9435534477234,0.20613,0.010819
2078.041484117508,0.2076,0.010849
2078.141462802887,0.20887,0.010803
2078.248668909073,0.21047,0.01085
2078.35732793808,0.20987,0.010822
2078.4670810699463,0.21187,0.010792
2078.579841375351,0.21353,0.010724
2078.6886672973633,0.21493,0.010792
2078.7949924468994,0.21567,0.010813
2078.896829366684,0.2168,0.010746
2078.9974660873413,0.2186,0.010713
2079.096341609955,0.2192,0.010741
2079.1971366405487,0.2204,0.010753
2079.3001289367676,0.22167,0.010664
2079.396585702896,0.22293,0.010714
2079.5000882148743,0.22307,0.010668
2079.5982949733734,0.22487,0.010673
2079.695804834366,0.22613,0.010664
2079.7988476753235,0.22673,0.010688
2079.898987054825,0.22813,0.010663
2080.000591993332,0.22927,0.010682
2080.1011271476746,0.23033,0.010653
2080.204071044922,0.23087,0.010624
2080.3032183647156,0.2322,0.010596
2080.4034008979797,0.2332,0.010622
2080.499634742737,0.2344,0.010671
2080.601142168045,0.236,0.010717
2080.703797340393,0.23673,0.010584
2080.807733297348,0.23827,0.010645
2080.9087705612183,0.2388,0.010593
2081.0058510303497,0.24007,0.010629
2081.1133000850677,0.24087,0.010674
2081.2085151672363,0.2424,0.010659
2081.3051331043243,0.243,0.010573
2081.4071485996246,0.24473,0.010618
2081.506382226944,0.24533,0.010621
2081.6098363399506,0.2464,0.010582
2081.7146849632263,0.2478,0.010585
2081.8079652786255,0.2484,0.010647
2081.9076459407806,0.24967,0.010721
2082.0080766677856,0.25067,0.010683
2082.109817504883,0.25187,0.010616
2082.209977388382,0.25347,0.010696
2082.307439804077,0.25347,0.010624
2082.4125158786774,0.25567,0.010703
2082.5087370872498,0.256,0.01072
2082.6112678050995,0.257,0.010689
2082.7099862098694,0.25813,0.010652
2082.8078026771545,0.2598,0.010699
2082.916878938675,0.2604,0.010591
2083.0112709999084,0.26167,0.010649
2083.1153218746185,0.26273,0.010732
2083.211399078369,0.26427,0.010725
2083.3146317005157,0.26547,0.010684
2083.414439201355,0.26613,0.010707
2083.5136020183563,0.26673,0.010712
2083.6130208969116,0.2684,0.010753
2083.712474346161,0.26933,0.010837
2083.813120365143,0.2694,0.010848
2083.9091193675995,0.27167,0.010853
2084.0094368457794,0.27247,0.01083
2084.1162145137787,0.27367,0.010837
2084.2172017097473,0.2738,0.010913
2084.3289272785187,0.27593,0.010968
2084.4335799217224,0.2768,0.010972
2084.5286676883698,0.27827,0.011006
2084.630586385727,0.27927,0.010985
2084.7274312973022,0.28007,0.011038
2084.82865691185,0.281,0.010938
2084.929974079132,0.28127,0.010947
2085.029005050659,0.2832,0.010895
2085.124710083008,0.28413,0.010966
2085.2282779216766,0.286,0.010882
2085.3305735588074,0.28587,0.010988
2085.430006980896,0.2866,0.01087
2085.5323729515076,0.28913,0.010823
2085.630396604538,0.28993,0.010861
2085.7342875003815,0.29067,0.010832
2085.8319561481476,0.29093,0.010868
2085.9321608543396,0.29253,0.010885
2086.0312218666077,0.29427,0.01074
2086.1422879695892,0.2942,0.010852
2086.23579120636,0.29607,0.010866
2086.3357751369476,0.297,0.010716
2086.436583995819,-0.003,0.010933
2086.5388889312744,-0.0059333,0.010651
2086.6383974552155,-0.0047333,0.010666
2086.737552165985,0.0020667,0.010651
2086.8354585170746,0.0054,0.010663
2086.936770439148,0.0048667,0.010675
2087.0358040332794,0.011867,0.010703
2087.136089324951,0.015267,0.010671
2087.2411770820618,0.014933,0.010597
2087.339814901352,0.019467,0.010633
2087.438227891922,0.025333,0.010647
2087.540289878845,0.025067,0.010637
2087.63778758049,0.028333,0.010625
2087.739770889282,0.031067,0.010724
2087.841421842575,0.034333,0.010687
2087.94419670105,0.037733,0.010617
2088.0420830249786,0.0412,0.010694
2088.142194032669,0.046867,0.01065
2088.241354942322,0.0476,0.010726
2088.3423178195953,0.050333,0.01066
2088.4420716762543,0.052867,0.010762
2088.5439887046814,0.0594,0.010705
2088.6447398662567,0.0594,0.01073
2088.7436702251434,0.062733,0.010724
2088.845977306366,0.065867,0.010807
2088.9466977119446,0.0686,0.010814
2089.0485644340515,0.070867,0.010894
2089.144973754883,0.074333,0.010938
2089.2457509040833,0.0768,0.011088
2089.3470475673676,0.079533,0.010958
2089.4494817256927,0.082733,0.01116
2089.5463399887085,0.0856,0.011205
2089.6478655338287,0.0884,0.011275
2089.7482833862305,0.0914,0.011294
2089.8482110500336,0.092133,0.011419
2089.9497566223145,0.093333,0.011378
2090.0520083904266,0.095267,0.011402
2090.1486048698425,0.096333,0.011471
2090.2504982948303,0.097867,0.011519
2090.3509242534637,0.099467,0.01147
2090.450646162033,0.10067,0.01154
2090.553738594055,0.10213,0.011478
2090.6516485214233,0.1036,0.01148
2090.7546288967133,0.10533,0.011421
2090.8509137630463,0.10653,0.011349
2090.9513478279114,0.10813,0.011289
2091.0507757663727,0.10867,0.011372
2091.1539244651794,0.1106,0.011421
2091.254019498825,0.11173,0.01122
2091.3536298274994,0.113,0.01122
2091.4536230564117,0.11427,0.011226
2091.553277015686,0.1152,0.011165
2091.6535036563873,0.11613,0.011179
2091.756809234619,0.11773,0.011176
2091.8565034866333,0.11887,0.011061
2091.9546196460724,0.1206,0.011177
2092.0547564029694,0.12153,0.011067
2092.1603643894196,0.12347,0.01098
2092.254428625107,0.1252,0.011001
2092.3606371879578,0.12647,0.011032
2092.464836835861,0.12747,0.011003
2092.5591270923615,0.12853,0.010892
2092.6562781333923,0.1304,0.010871
2092.7595937252045,0.13107,0.010831
2092.858831882477,0.1326,0.010863
2092.9583370685577,0.13393,0.010769
2093.059641122818,0.13467,0.010817
2093.159807443619,0.13587,0.010808
2093.259075164795,0.13793,0.011043
2093.3599603176117,0.13887,0.010852
2093.4581763744354,0.1402,0.011015
2093.5624055862427,0.1412,0.010965
2093.6625740528107,0.143,0.010961
2093.7610697746277,0.144,0.011067
2093.859853029251,0.1448,0.011143
2093.9622786045074,0.1464,0.01119
2094.062484264374,0.14733,0.011131
2094.1628704071045,0.14887,0.011327
2094.2622199058533,0.14947,0.011316
2094.3630101680756,0.15147,0.011391
2094.465657711029,0.1524,0.011231
2094.5652916431427,0.1534,0.011406
2094.664672613144,0.15453,0.011312
2094.766713619232,0.1562,0.011425
2094.8662297725677,0.15687,0.011293
2094.964814901352,0.15853,0.011226
2095.0654063224792,0.15987,0.011222
2095.166981935501,0.1602,0.01118
2095.2712042331696,0.1616,0.011197
2095.3693718910217,0.16307,0.011165
2095.468451023102,0.1646,0.011157
2095.5710685253143,0.16467,0.011061
2095.6724338531494,0.16533,0.01103
2095.768253803253,0.16847,0.010989
2095.8717460632324,0.16887,0.010915
2095.969177722931,0.17027,0.010947
2096.0711150169373,0.17127,0.010961
2096.170032262802,0.17253,0.010944
2096.26856136322,0.17387,0.010998
2096.3690690994263,0.17473,0.010971
2096.4717218875885,0.17487,0.010937
2096.5713624954224,0.1764,0.010913
2096.672971725464,0.17787,0.010759
2096.7735538482666,0.17927,0.010838
2096.875545978546,0.17893,0.010897
2096.9747171401978,0.18147,0.010715
2097.076685667038,0.18247,0.010706
2097.173762321472,0.18413,0.01079
2097.2782323360443,0.18527,0.010711
2097.3758614063263,0.18527,0.010709
2097.4778969287872,0.1874,0.010681
2097.5758175849915,0.18907,0.010748
2097.683886051178,0.18933,0.010636
2097.778775215149,0.18993,0.010693
2097.8763196468353,0.1908,0.01078
2097.975905895233,0.19347,0.010674
2098.07679438591,0.19387,0.010722
2098.1790018081665,0.1944,0.010696
2098.276577949524,0.1964,0.010692
2098.3791139125824,0.1974,0.01075
2098.4791824817657,0.19767,0.010771
2098.581084251404,0.19927,0.010661
2098.6810779571533,0.1998,0.010722
2098.7858476638794,0.20207,0.010712
2098.8843755722046,0.20273,0.010806
2098.98286819458,0.203,0.010756
2099.084060192108,0.20433,0.010771
2099.1822607517242,0.2052,0.010827
2099.286128759384,0.20767,0.010721
2099.384571313858,0.20793,0.010822
2099.482414007187,0.20933,0.010722
2099.5869657993317,0.21013,0.010777
2099.6863055229187,0.21147,0.010722
2099.7908577919006,0.21193,0.010785
2099.888488292694,0.21367,0.010704
2099.988781452179,0.21467,0.010707
2100.0878825187683,0.21547,0.01075
2100.1917629241943,0.21593,0.010719
2100.2885925769806,0.21807,0.010658
2100.3891217708588,0.21867,0.010638
2100.492058992386,0.21987,0.010633
2100.5906653404236,0.22133,0.010581
2100.6901350021362,0.2226,0.010649
2100.7953946590424,0.2234,0.010699
2100.890751361847,0.22507,0.010646
2100.993163585663,0.22727,0.010685
2101.090460062027,0.22687,0.010683
2101.1928157806396,0.22847,0.010755
2101.288816690445,0.22873,0.010651
2101.390770673752,0.23107,0.010635
2101.490705728531,0.23107,0.010608
2101.5938453674316,0.23207,0.010704
2101.69456243515,0.23307,0.010672
2101.7970452308655,0.23453,0.010598
2101.8933985233307,0.23567,0.010687
2101.9928874969482,0.23633,0.01061
2102.0944635868073,0.23767,0.010678
2102.196354150772,0.2394,0.010569
2102.2913494110107,0.24013,0.010633
2102.39301609993,0.24133,0.010565
2102.4954702854156,0.242,0.010706
2102.5972578525543,0.2438,0.010617
2102.6941690444946,0.24413,0.01065
2102.7928421497345,0.24513,0.010682
2102.8942148685455,0.2466,0.01065
2102.9929201602936,0.24787,0.010684
2103.0958619117737,0.2486,0.010623
2103.1943786144257,0.25033,0.01069
2103.3017089366913,0.25067,0.010699
2103.396955013275,0.25153,0.01062
2103.4980404376984,0.25287,0.010626
2103.59965133667,0.25427,0.010615
2103.7005190849304,0.25547,0.010673
2103.797336578369,0.25707,0.010696
2103.89728140831,0.2578,0.01073
2103.9986996650696,0.25873,0.010751
2104.099828481674,0.25987,0.01069
2104.1998200416565,0.2602,0.010708
2104.2998502254486,0.2618,0.010698
2104.4011375904083,0.26267,0.010679
2104.5007581710815,0.264,0.010787
2104.60085105896,0.26507,0.01081
2104.702104330063,0.26613,0.010791
2104.79918551445,0.2676,0.010851
2104.9010536670685,0.26853,0.010763
2105.001799106598,0.26973,0.010848
2105.101433992386,0.27053,0.010953
2105.1998455524445,0.27127,0.010914
2105.302826166153,0.27313,0.010888
2105.4058272838593,0.2746,0.010967
2105.503091812134,0.2748,0.011049
2105.6038138866425,0.2758,0.011032
2105.70525932312,0.27733,0.011072
2105.8056693077087,0.27807,0.011042
2105.9077093601227,0.27927,0.011031
2106.0040752887726,0.28073,0.011076
2106.107005596161,0.28167,0.011002
2106.2088491916656,0.28287,0.010943
2106.3107481002808,0.28347,0.010937
2106.411744117737,0.2848,0.010991
2106.5099596977234,0.28533,0.010934
2106.6077165603638,0.28627,0.010851
2106.707713365555,0.2876,0.010846
2106.810021877289,0.28887,0.01087
2106.9096002578735,0.29047,0.010816
2107.008391857147,0.29093,0.010805
2107.108563899994,0.29227,0.010749
2107.2135405540466,0.29347,0.010712
2107.3115928173065,0.29393,0.010767
2107.4104216098785,0.29527,0.010742
2107.5132219791412,0.29633,0.010726
2107.6130821704865,0.29773,0.010786
2107.7093489170074,0.29813,0.010768
2107.8089632987976,0.29787,0.010722
2107.9118297100067,0.2974,0.010756
2108.0143809318542,0.29787,0.010738
2108.112220287323,0.29793,0.010751
2108.213970899582,0.2976,0.010727
2108.3138344287872,0.297,0.010643
2108.4132244586945,0.2972,0.010695
2108.512595176697,0.29667,0.010651
2108.6138050556183,0.29727,0.010681
2108.7151186466217,0.29687,0.010654
2108.812684059143,0.29727,0.010701
2108.9144179821014,0.29773,0.010654
2109.0162386894226,0.29707,0.010726
2109.1171407699585,0.2972,0.010732
2109.21581864357,0.29687,0.010668
2109.3163352012634,0.2976,0.010698
2109.4153983592987,0.297,0.010718
2109.5189085006714,0.29693,0.010755
2109.625198841095,0.29667,0.010651
2109.7184047698975,0.2974,0.010769
2109.8187906742096,0.29673,0.010651
2109.919840812683,0.2976,0.010689
2110.020583152771,0.29747,0.01073
2110.119803905487,0.29707,0.010703
2110.2227404117584,0.29733,0.010664
2110.319630384445,0.2968,0.010616
2110.421859025955,0.2974,0.010683
2110.524216890335,0.29767,0.010714
2110.6229162216187,0.29727,0.010768
2110.7208354473114,0.29747,0.010701
2110.8239617347717,0.29707,0.010721
2110.9266107082367,0.2962,0.010719
2111.026067495346,0.29713,0.0107
2111.1239562034607,0.29753,0.010773
2111.227432489395,0.29753,0.010682
2111.3274924755096,0.2974,0.01065
2111.429658651352,0.29747,0.010644
2111.528391122818,0.29753,0.010712
2111.62677526474,0.29713,0.010627
2111.7298595905304,0.29713,0.010633
2111.835831642151,0.297,0.010671
2111.930317401886,0.29733,0.010637
2112.031002998352,0.29733,0.010675
2112.1311600208282,0.29727,0.010684
2112.2316765785217,0.29687,0.010734
2112.3303875923157,0.29713,0.0107
2112.429708003998,0.29713,0.010609
2112.532830476761,0.2978,0.010694
2112.634659051895,0.29753,0.010671
2112.7351660728455,0.29753,0.010761
2112.8347611427307,0.29733,0.010709
2112.9334309101105,0.29673,0.010682
2113.035658597946,0.29773,0.010679
2113.1358482837677,0.298,0.010685
2113.2378554344177,0.2972,0.010737
2113.336045742035,0.29693,0.010715
2113.4356348514557,0.2978,0.010664
2113.5383262634277,0.2974,0.010649
2113.6410682201385,0.29693,0.01068
2113.7387552261353,0.297,0.010747
2113.8387105464935,0.2972,0.010726
2113.940132379532,0.29693,0.010782
2114.039386510849,0.2974,0.010662
2114.141599178314,0.2972,0.010729
2114.239171266556,0.29727,0.010732
2114.340805530548,0.29773,0.010813
2114.444355726242,0.29707,0.010776
2114.543970108032,0.2968,0.010723
2114.643832206726,0.2974,0.010664
2114.7434945106506,0.29733,0.010676
2114.8441529273987,0.29713,0.01068
2114.9437022209167,0.297,0.010739
2115.0460777282715,0.2972,0.010742
2115.1471753120422,0.2974,0.010749
2115.251211166382,0.2974,0.010669
2115.3484342098236,0.2974,0.010749
2115.4473049640656,0.298,0.010653
2115.5487625598907,0.29733,0.010682
2115.650934934616,0.29727,0.010722
2115.745398044586,0.29733,0.010733
2115.8500607013702,0.29747,0.0107
2115.950834274292,0.29793,0.010705
2116.0480530261993,0.29733,0.010691
2116.148622274399,0.298,0.010749
2116.252234697342,0.2976,0.010781
2116.3511111736298,0.2978,0.010719
2116.4523673057556,0.29773,0.01063
2116.554950237274,0.29753,0.010666
2116.65323472023,0.2978,0.010667
2116.7493460178375,0.29773,0.01067
2116.854497909546,0.29713,0.010691
2116.9516186714172,0.29753,0.010684
2117.0535275936127,0.29727,0.010641
2117.1582720279694,0.29727,0.010659
2117.2527129650116,0.29707,0.010617
2117.355489015579,0.29747,0.010672
2117.4536900520325,0.29767,0.010675
2117.5558471679688,0.29707,0.010634
2117.6568880081177,0.29673,0.010695
2117.7598798274994,0.29753,0.010745
2117.8593804836273,0.29747,0.0107
2117.95672416687,0.2978,0.010691
2118.0580670833588,0.2968,0.010716
2118.157189846039,0.29767,0.010723
2118.2582199573517,0.29753,0.01073
2118.3601541519165,0.29733,0.0107
2118.460109233856,0.2976,0.010675
2118.558079481125,0.2976,0.010621
2118.6610791683197,0.29727,0.010674
2118.7617540359497,0.29793,0.010594
2118.8615255355835,0.29707,0.010674
2118.9643211364746,0.298,0.010685
2119.0609476566315,0.29747,0.010719
2119.1634652614594,0.29733,0.010669
2119.2627243995667,0.2978,0.010648
2119.3672699928284,0.29733,0.010777
2119.46471619606,0.2982,0.010637
2119.5647525787354,0.29747,0.010698
2119.666768550873,0.29733,0.010706
2119.7677540779114,0.29793,0.010742
2119.867840528488,0.29747,0.010776
2119.963504076004,0.29767,0.010714
2120.069129228592,0.2976,0.010671
2120.1696994304657,0.2978,0.010761
2120.266343355179,0.29753,0.010707
2120.369199514389,0.29767,0.010683
2120.4660243988037,0.29767,0.010764
2120.568747520447,0.29767,0.010705
2120.6692476272583,0.29773,0.010738
2120.770038127899,0.29693,0.010718
2120.870301961899,0.2974,0.01064
2120.9715213775635,0.29793,0.010755
2121.0722177028656,0.29773,0.010645
2121.173262119293,0.29733,0.010712
2121.270425796509,0.29773,0.010724
2121.3739759922028,0.29747,0.010651
2121.475594520569,0.29767,0.010665
2121.5717158317566,0.2974,0.010704
2121.672734975815,0.29767,0.010659
2121.7760179042816,0.29727,0.010712
2121.874004840851,0.29733,0.01069
2121.9765293598175,0.29713,0.010702
2122.078138113022,0.29713,0.010746
2122.180675983429,0.29733,0.010723
2122.2818479537964,0.29727,0.010704
2122.3782222270966,0.2976,0.010667
2122.477499961853,0.2976,0.010641
2122.5793759822845,0.29807,0.01077
2122.6834995746613,0.29687,0.010691
2122.7817578315735,0.29733,0.01076
2122.8805418014526,0.29713,0.010653
2122.9813165664673,0.2976,0.010673
2123.0839705467224,0.2972,0.010717
2123.1820571422577,0.29727,0.010701
2123.2792966365814,0.29767,0.010755
2123.3871562480927,0.29727,0.010728
2123.481974363327,0.2974,0.010739
2123.578447818756,0.297,0.010723
2123.683721780777,0.29687,0.010701
2123.77991938591,0.29673,0.010718
2123.8846588134766,0.29673,0.010748
2123.985745191574,0.29673,0.010642
2124.0846145153046,0.29727,0.010727
2124.1898350715637,0.29733,0.0107
2124.2877938747406,0.29753,0.010687
2124.3872356414795,0.29753,0.010601
2124.489767074585,0.29753,0.010642
2124.585681915283,0.2972,0.010776
2124.6915371418,0.29687,0.01074
2124.7935993671417,0.29707,0.010751
2124.8896214962006,0.29667,0.010733
2124.9882781505585,0.29693,0.01073
2125.0887444019318,0.29727,0.010692
2125.189248085022,0.29747,0.010668
2125.2893393039703,0.29693,0.010721
2125.393543958664,0.29713,0.010692
2125.4899830818176,0.29673,0.010809
2125.59157705307,0.29627,0.010726
2125.6932480335236,0.29667,0.010729
2125.792447090149,0.29667,0.010761
2125.8912835121155,0.29753,0.010725
2125.992853164673,0.29747,0.010685
2126.0941326618195,0.29673,0.010644
2126.1950244903564,0.2974,0.010719
2126.2963449954987,0.2974,0.010675
2126.3953495025635,0.2974,0.010712
2126.4957807064056,0.29753,0.010645
2126.597262620926,0.2968,0.01062
2126.695801973343,0.297,0.010735
2126.794753074646,0.29707,0.010645
2126.896877527237,0.29707,0.010719
2126.996078014374,0.29687,0.010765
2127.098254442215,0.29693,0.010667
2127.2012214660645,0.29693,0.010672
2127.298292160034,0.29693,0.010793
2127.3993656635284,0.2974,0.010663
2127.4977271556854,0.29747,0.010641
2127.599833250046,0.29687,0.01063
2127.6999039649963,0.2976,0.010679
2127.7974874973297,0.2974,0.01064
2127.900608778,0.29713,0.010641
2127.9994282722473,0.29667,0.010689
2128.1003670692444,0.297,0.010642
2128.2010095119476,0.29707,0.010622
2128.300256252289,0.29707,0.010667
2128.401075363159,0.29733,0.010673
2128.5027163028717,0.29733,0.010751
2128.601491212845,0.2968,0.01076
2128.702392101288,0.29707,0.010743
2128.801351070404,0.29713,0.01076
2128.901168823242,0.29687,0.010686
2129.0039627552032,0.297,0.010689
2129.1049213409424,0.29747,0.010724
2129.2057263851166,0.29727,0.010716
2129.3096175193787,0.29713,0.01066
2129.4104278087616,0.2972,0.010658
2129.507219314575,0.29707,0.010676
2129.6048426628113,0.29687,0.010664
2129.7085902690887,0.2972,0.010649
2129.808307647705,0.29707,0.010647
2129.9093403816223,0.29727,0.010678
2130.0129392147064,0.297,0.010681
2130.1105864048004,0.29693,0.010676
2130.2103402614594,0.297,0.010661
2130.313956260681,0.2974,0.010737
2130.409791946411,0.2974,0.010729
2130.511052131653,0.29713,0.010739
2130.6123394966125,0.2974,0.010729
2130.7114667892456,0.2968,0.010727
2130.8129036426544,0.29673,0.010705
2130.9148700237274,0.2974,0.010679
2131.0152690410614,0.2964,0.010659
2131.114842891693,0.29693,0.010726
2131.2144417762756,0.297,0.010651
2131.313061237335,0.2972,0.010736
2131.4135134220123,0.2974,0.010743
2131.5145950317383,0.29693,0.010674
2131.619342803955,0.29747,0.010697
2131.717572450638,0.2972,0.010625
2131.816657066345,0.29733,0.01073
2131.917364358902,0.297,0.010682
2132.018231153488,0.29647,0.010717
2132.1203384399414,0.29687,0.010723
2132.220067501068,0.29713,0.010717
2132.31981921196,0.2972,0.010669
2132.4185707569122,0.29707,0.010676
2132.523125886917,0.29733,0.010619
2132.620044708252,0.297,0.01068
2132.720561981201,0.2972,0.010682
2132.819106578827,0.29747,0.010638
2132.921449661255,0.29693,0.010702
2133.0233538150787,0.2968,0.010665
2133.120585203171,0.29767,0.010693
2133.22004032135,0.2984,0.010597
2133.3236236572266,0.29807,0.010684
2133.4227707386017,0.29787,0.010703
2133.52463889122,0.29733,0.010629
2133.6234982013702,0.29753,0.010737
2133.728272676468,0.29733,0.010742
2133.8300383090973,0.29727,0.010649
2133.927021741867,0.29807,0.010712
2134.026846885681,0.29767,0.010778
2134.1255106925964,0.2976,0.010741
2134.228840112686,0.29707,0.010631
2134.329831600189,0.29707,0.010678
2134.429834127426,0.29767,0.010677
2134.5275864601135,0.2976,0.010735
2134.6281065940857,0.2976,0.010673
2134.732738018036,0.2976,0.010702
2134.832445383072,0.29733,0.010701
2134.930781364441,0.29787,0.010651
2135.0315794944763,0.298,0.010718
2135.128961801529,0.29693,0.010775
2135.2321496009827,0.29727,0.010643
2135.336626291275,0.2968,0.010669
2135.43420958519,0.29707,0.010683
2135.5378124713898,0.29733,0.010611
2135.633446455002,0.29747,0.010709
2135.7341895103455,0.29713,0.01066
2135.8347198963165,0.29687,0.010713
2135.9348945617676,0.29727,0.010691
2136.0350449085236,0.29747,0.010759
2136.137140750885,0.29713,0.010618
2136.2361176013947,0.2976,0.010711
2136.33962225914,0.29793,0.010656
2136.437261581421,0.29727,0.010661
2136.5376584529877,0.29733,0.010694
2136.6417651176453,0.297,0.010673
2136.737588405609,0.29727,0.010646
2136.8416707515717,0.29687,0.010686
2136.937991142273,0.29747,0.010737
2137.043587207794,0.29693,0.010674
2137.1454808712006,0.29773,0.010704
2137.240995168686,0.2972,0.010711
2137.3420701026917,0.29727,0.010723
2137.440802335739,0.2974,0.010699
2137.543837785721,0.29793,0.010719
2137.6410624980927,0.29667,0.010766
2137.7399394512177,0.29707,0.010667
2137.8447341918945,0.29673,0.010689
2137.9435646533966,0.29727,0.010711
2138.0437211990356,0.29713,0.010682
2138.145214319229,0.29707,0.01079
2138.2417783737183,0.29747,0.010714
2138.3459689617157,0.29733,0.010704
2138.4450964927673,0.297,0.010728
2138.54269695282,0.29707,0.010621
2138.642895936966,0.2974,0.010744
2138.74889421463,0.297,0.010655
2138.844847202301,0.2974,0.010757
2138.947515487671,0.297,0.010684
2139.046761751175,0.29747,0.010685
2139.145776987076,0.29753,0.010659
2139.24667096138,0.2976,0.010646
2139.348279953003,0.29747,0.010634
2139.446779489517,0.2972,0.010662
2139.5504672527313,0.29727,0.0107
2139.6464245319366,0.29727,0.010633
2139.752039909363,0.29753,0.010642
2139.8497693538666,0.29733,0.010702
2139.9517493247986,0.29707,0.010619
2140.055868625641,0.29733,0.01071
2140.1531784534454,0.29707,0.010636
2140.2553646564484,0.29787,0.010771
2140.3545627593994,0.29693,0.010711
2140.4524250030518,0.29793,0.010753
2140.5543892383575,0.29687,0.010751
2140.6536736488342,0.29713,0.010741
2140.7549703121185,0.29733,0.010704
2140.854262113571,0.2974,0.010696
2140.9550955295563,0.2976,0.010717
2141.054482460022,0.29727,0.010753
2141.1595900058746,0.29753,0.010712
2141.2551276683807,0.2972,0.010758
2141.360585451126,0.29747,0.010672
2141.4591102600098,0.297,0.010672
2141.558364391327,0.2976,0.01072
2141.659365415573,0.29707,0.010763
2141.75985455513,0.2978,0.010698
2141.8645493984222,0.29727,0.010635
2141.9590480327606,0.2974,0.010672
2142.0605053901672,0.29687,0.010775
2142.159430503845,0.29733,0.010713
2142.261069536209,0.29747,0.010726
2142.3620071411133,0.29733,0.010751
2142.463737487793,0.2972,0.010729
2142.5628995895386,0.2974,0.010739
2142.661115169525,0.29713,0.010754
2142.7622170448303,0.2976,0.01073
2142.8621006011963,0.29733,0.010647
2142.964285135269,0.2976,0.010697
2143.064797639847,0.29747,0.010743
2143.1655707359314,0.29693,0.010682
2143.266497850418,0.29693,0.010725
2143.366425037384,0.2972,0.010718
2143.4655323028564,0.297,0.010707
2143.5684587955475,0.29727,0.010691
2143.6663048267365,0.29733,0.010745
2143.7665803432465,0.29713,0.010679
2143.870521068573,0.2978,0.010683
2143.971104621887,0.29733,0.010678
2144.0696268081665,0.29753,0.010721
2144.1711089611053,0.29747,0.010782
2144.271491765976,0.29753,0.010643
2144.369820356369,0.29713,0.010706
2144.4709799289703,0.29807,0.010761
2144.5677437782288,0.29707,0.01069
2144.668484210968,0.2978,0.010705
2144.7746322155,0.29733,0.010662
2144.8731496334076,0.29713,0.0107
2144.975170612335,0.29713,0.010722
2145.074804544449,0.29753,0.010739
2145.1775691509247,0.29727,0.010758
2145.2737743854523,0.2972,0.010663
2145.378222465515,0.2972,0.010698
2145.4742839336395,0.29707,0.010738
2145.5770156383514,0.29693,0.010645
2145.673911333084,0.297,0.010735
2145.7734310626984,0.2974,0.010649
2145.877753973007,0.2974,0.01069
2145.9762585163116,0.2972,0.010768
2146.0779824256897,0.29773,0.010721
2146.176700115204,0.29727,0.010726
2146.278281211853,0.2972,0.010674
2146.3796145915985,0.29713,0.010607
2146.4821128845215,0.29733,0.010704
2146.583518266678,0.29787,0.010711
2146.6798605918884,0.297,0.010663
2146.7820138931274,0.29733,0.010676
2146.8849692344666,0.29707,0.010679
2146.9814777374268,0.29733,0.010673
2147.0873358249664,0.29747,0.010685
2147.1851432323456,0.29707,0.010707
2147.2845261096954,0.2968,0.010731
2147.3854429721832,0.297,0.010729
2147.487706899643,0.2972,0.010689
2147.5880887508392,0.297,0.010673
2147.6859929561615,0.29767,0.010721
2147.7866220474243,0.29727,0.010752
2147.8886272907257,0.29727,0.010737
2147.987719297409,0.29767,0.010711
2148.089918613434,0.29687,0.010721
2148.188200712204,0.29753,0.010662
2148.289706468582,0.2978,0.010694
2148.3898508548737,0.2974,0.01073
2148.4928166866302,0.2974,0.010726
2148.5914812088013,0.29747,0.010687
2148.691390991211,0.29747,0.010683
2148.7920892238617,0.2978,0.010734
2148.892174243927,0.29753,0.010676
2148.994798898697,0.29747,0.010646
2149.0940778255463,0.29713,0.010645
2149.1922929286957,0.29707,0.010733
2149.2956323623657,0.297,0.010705
2149.396327018738,0.2972,0.010694
2149.4960219860077,0.29727,0.010741
2149.5974962711334,0.29727,0.010653
2149.6958696842194,0.2978,0.010636
2149.7956397533417,0.2972,0.01066
2149.8943922519684,0.2976,0.010682
2149.9946308135986,0.29747,0.010706
2150.096611261368,0.2976,0.010716
2150.2006254196167,0.29747,0.010695
2150.29767370224,0.29727,0.010708
2150.400766849518,0.2972,0.010704
2150.4990158081055,0.29753,0.01067
2150.5956723690033,0.297,0.010694
2150.702305793762,0.2974,0.010728
2150.80003285408,0.29753,0.01069
2150.902503490448,0.2976,0.010682
2151.004329919815,0.29727,0.01069
2151.1013391017914,0.29727,0.010652
2151.202887058258,0.2976,0.010653
2151.304937362671,0.29787,0.010718
2151.4045877456665,0.29753,0.01069
2151.5093886852264,0.29813,0.010682
2151.60591506958,0.298,0.010741
2151.704414367676,0.2978,0.010658
2151.8039259910583,0.29693,0.010736
2151.907615661621,0.2972,0.010681
2152.00728559494,0.29753,0.010672
2152.109486103058,0.29747,0.01072
2152.208660364151,0.29767,0.010718
2152.30962061882,0.2972,0.010683
2152.410369157791,0.29707,0.010735
2152.5112159252167,0.2976,0.010669
2152.6104283332825,0.2972,0.010684
2152.7077345848083,0.2976,0.010729
2152.8070328235626,0.29747,0.0107
2152.9099764823914,0.29707,0.01072
2153.010880470276,0.29747,0.010685
2153.1107094287872,0.29747,0.010714
2153.2127029895782,0.29707,0.010722
2153.3117558956146,0.29713,0.010667
2153.4153125286102,0.297,0.010694
2153.5146684646606,0.29753,0.010655
2153.613674402237,0.29727,0.010646
2153.7130119800568,0.29773,0.010692
2153.815094947815,0.29773,0.010713
2153.9127101898193,0.2972,0.010696
2154.015196084976,0.29727,0.010697
2154.1149542331696,0.2972,0.010705
2154.224246740341,0.29753,0.010673
2154.3180425167084,0.2968,0.010678
2154.4231250286102,0.29727,0.010698
2154.517398118973,0.29753,0.010713
2154.616700410843,0.2974,0.010726
2154.719186067581,0.29733,0.010709
2154.818380832672,0.29727,0.010686
2154.920605659485,0.29753,0.010702
2155.0184581279755,0.2976,0.010708
2155.121190071106,0.29713,0.010708
2155.219825029373,0.29667,0.010614
2155.324405670166,0.2974,0.010703
2155.421218395233,0.29747,0.010671
2155.519818544388,0.29747,0.010647
2155.6180334091187,0.29747,0.01064
2155.721454143524,0.2978,0.01066
2155.82159781456,0.29767,0.010649
2155.9250252246857,0.297,0.010709
2156.02023935318,0.2972,0.010717
2156.1236135959625,0.29787,0.010698
2156.2243313789368,0.29707,0.010719
2156.3252098560333,0.2974,0.010666
2156.4309327602386,0.297,0.010735
2156.5302019119263,0.2976,0.010685
2156.625688791275,0.29733,0.010678
2156.7304775714874,0.29773,0.010749
2156.827348947525,0.2972,0.010709
2156.9286966323853,0.29713,0.010705
2157.0321412086487,0.29747,0.010697
2157.129450559616,0.29767,0.01068
2157.2284591197968,0.29767,0.010734
2157.330016374588,0.29707,0.01066
2157.427475452423,0.29727,0.01073
2157.530074596405,0.29733,0.010672
2157.6338291168213,0.29733,0.010649
2157.732317209244,0.29727,0.010659
2157.833529472351,0.29707,0.010715
2157.929179906845,0.29787,0.010638
2158.028544664383,0.29753,0.010655
2158.1327772140503,0.2978,0.010682
2158.229659318924,0.29733,0.010681
2158.331547021866,0.2978,0.010706
2158.4341695308685,0.29693,0.010679
2158.5329990386963,0.29747,0.01067
2158.6321115493774,0.29773,0.01076
2158.7353665828705,0.29773,0.010667
2158.833714723587,0.2976,0.010596
2158.933578014374,0.29767,0.010731
2159.0365850925446,0.2974,0.010633
2159.1394441127777,0.29733,0.010682
2159.2342824935913,0.297,0.010671
2159.3391592502594,0.29713,0.010632
2159.438079595566,0.29733,0.010646
2159.5391347408295,0.2978,0.010751
2159.6374118328094,0.29707,0.010706
2159.7392117977142,0.2976,0.010699
2159.8425896167755,0.29813,0.010657
2159.9382648468018,0.29747,0.010643
2160.0435078144073,0.2972,0.010724
2160.1412274837494,0.29787,0.01066
2160.2414071559906,0.29747,0.010679
2160.34392118454,0.2968,0.010718
2160.44416308403,0.2974,0.010699
2160.546626806259,0.2972,0.010701
2160.6435923576355,0.29727,0.010646
2160.7446172237396,0.297,0.010699
2160.845248222351,0.29707,0.010703
2160.946414709091,0.29707,0.010644
2161.0499126911163,0.29747,0.010683
2161.146255493164,0.29747,0.010673
2161.2452495098114,0.29753,0.010725
2161.3478722572327,0.29693,0.01071
2161.450009584427,0.29673,0.01068
2161.550266265869,0.29733,0.010876
2161.6479284763336,0.29713,0.010721
2161.7484550476074,0.29687,0.010687
2161.8491027355194,0.2968,0.010635
2161.949702501297,0.29673,0.01073
2162.0547320842743,0.2972,0.010657
2162.150965690613,0.297,0.010647
2162.250697374344,0.29693,0.010678
2162.3520431518555,0.29727,0.010677
2162.454849243164,0.29713,0.010666
2162.554751634598,0.2972,0.010686
2162.6511805057526,0.2974,0.010693
2162.7530822753906,0.29707,0.010657
2162.8531064987183,0.29693,0.010647
2162.952785730362,0.29727,0.010706
2163.056710243225,0.29733,0.010648
2163.1594207286835,0.2974,0.010671
2163.2571651935577,0.29673,0.010688
2163.3563208580017,0.29753,0.010758
2163.4592003822327,0.29707,0.010668
2163.556857585907,0.29747,0.010701
2163.6548326015472,0.29767,0.010684
2163.758898973465,0.2974,0.010766
2163.857577085495,0.29727,0.010708
2163.9565365314484,0.29747,0.01069
2164.060227870941,0.29753,0.010733
2164.1601979732513,0.29727,0.010667
2164.260666370392,0.29753,0.010676
2164.361201286316,0.2972,0.010711
2164.4606816768646,0.29713,0.01067
2164.5624780654907,0.29767,0.0107
2164.661894083023,0.29693,0.010696
2164.761265516281,0.29687,0.010675
2164.8636894226074,0.29733,0.010718
2164.9606351852417,0.29733,0.010671
2165.0598204135895,0.2972,0.010689
2165.166654586792,0.29753,0.01069
2165.2641916275024,0.2976,0.010628
2165.364591360092,0.2976,0.010698
2165.4723768234253,0.29813,0.010667
2165.566890001297,0.29733,0.010705
2165.66774225235,0.29747,0.01072
2165.7711584568024,0.29773,0.010709
2165.869638442993,0.2976,0.010691
2165.9720618724823,0.2976,0.010694
2166.0685250759125,0.29793,0.010559
2166.1693947315216,0.29733,0.010692
2166.2697370052338,0.29767,0.010747
2166.369816303253,0.29767,0.010708
2166.472907066345,0.29753,0.010649
2166.5703320503235,0.297,0.010649
2166.6738364696503,0.29687,0.010716
2166.7709681987762,0.29707,0.010631
2166.8785331249237,0.29747,0.010669
2166.973897457123,0.2974,0.010731
2167.0767233371735,0.2968,0.010632
2167.1748156547546,0.29687,0.010712
2167.2707216739655,0.2976,0.010752
2167.3754465579987,0.29733,0.010673
2167.4752805233,0.2964,0.010668
2167.5769321918488,0.297,0.010684
2167.677277326584,0.29773,0.010708
2167.776129961014,0.29693,0.010635
2167.876908302307,0.29773,0.010692
2167.977479696274,0.2976,0.010701
2168.0758516788483,0.29687,0.010726
2168.1786093711853,0.29727,0.010709
2168.2778191566467,0.29693,0.010662
2168.3800477981567,0.29727,0.010646
2168.482103586197,0.29753,0.010718
2168.583245277405,0.29727,0.010758
2168.6801409721375,0.29693,0.01073
2168.780510902405,0.2974,0.010732
2168.8816125392914,0.29713,0.01067
2168.9859902858734,0.2972,0.010603
2169.088181257248,0.29633,0.010623
2169.185546398163,0.29747,0.010662
2169.280862092972,0.2974,0.010652
2169.387804031372,0.2972,0.010631
2169.48659324646,0.297,0.01061
2169.5849447250366,0.2974,0.010673
2169.687119960785,0.29693,0.010702
2169.7863035202026,0.29713,0.010713
2169.888137102127,0.29693,0.010667
2169.990578889847,0.29733,0.010734
2170.0885088443756,0.29673,0.010668
2170.1871361732483,0.29747,0.010705
2170.2893471717834,0.2968,0.010612
2170.3897013664246,0.29747,0.010734
2170.4916110038757,0.2966,0.010731
2170.591812849045,0.297,0.010677
2170.688851594925,0.2968,0.010671
2170.7917590141296,0.2974,0.010647
2170.8914062976837,0.29733,0.010772
2170.993102788925,0.29647,0.010681
2171.0929913520813,0.29687,0.010721
2171.1940307617188,0.29727,0.010725
2171.2927057743073,0.297,0.010702
2171.393639087677,0.2974,0.010766
2171.492574453354,0.29713,0.010742
2171.592278242111,0.29687,0.010697
2171.6916043758392,0.297,0.010646
2171.7964205741882,0.297,0.010675
2171.894022464752,0.29733,0.010709
2171.9959001541138,0.29673,0.010689
2172.09797000885,0.2972,0.010747
2172.1952335834503,0.2972,0.010622
2172.295948266983,0.29727,0.010638
2172.399711370468,0.29713,0.010694
2172.4996592998505,0.29733,0.010667
2172.5977017879486,0.2972,0.010636
2172.6972074508667,0.2972,0.010705
2172.797681093216,0.29733,0.010683
2172.9000401496887,0.29727,0.010687
2172.998901605606,0.2968,0.010622
2173.103473186493,0.29707,0.010678
2173.202038526535,0.29773,0.01072
2173.305577993393,0.2974,0.010594
2173.4026441574097,0.2976,0.010644
2173.502660751343,0.2974,0.010717
2173.6047129631042,0.297,0.010646
2173.703031539917,0.29707,0.010661
2173.8039956092834,0.29647,0.01064
2173.909198284149,0.29707,0.010704
2174.0070350170135,0.297,0.010739
2174.106591463089,0.2972,0.010708
2174.20685505867,0.2974,0.01064
2174.30903339386,0.2974,0.010734
2174.406730413437,0.2976,0.010678
2174.506567001343,0.29707,0.010787
2174.608246564865,0.29693,0.010674
2174.709058046341,0.29733,0.010721
2174.810570716858,0.29707,0.01071
2174.9106550216675,0.29733,0.010708
2175.0098237991333,0.2976,0.010717
2175.112852573395,0.2972,0.010661
2175.210807800293,0.29747,0.010655
2175.309872150421,0.297,0.010687
2175.413778066635,0.29687,0.010714
2175.511741876602,0.29713,0.010684
2175.611029148102,0.298,0.010721
2175.7180738449097,0.29693,0.010665
2175.814836502075,0.29727,0.01067
2175.913803100586,0.29707,0.010681
2176.012811422348,0.29693,0.010711
2176.117518424988,0.29687,0.010674
2176.217674255371,0.29773,0.010646
2176.315806388855,0.29767,0.010649
2176.4149832725525,0.29707,0.010619
2176.5182070732117,0.29747,0.010679
2176.618079662323,0.29727,0.010701
2176.717896461487,0.2972,0.010614
2176.8167674541473,0.29687,0.01075
2176.9200060367584,0.29687,0.01075
2177.020789384842,0.29687,0.010626
2177.1200735569,0.2976,0.010685
2177.222935438156,0.29727,0.010657
2177.322312116623,0.29707,0.010684
2177.4217653274536,0.29827,0.010724
2177.521113395691,0.29787,0.010699
2177.6235320568085,0.29747,0.010726
2177.7186410427094,0.297,0.010729
2177.8223366737366,0.29673,0.010628
2177.921409368515,0.29693,0.010673
2178.0230510234833,0.29687,0.010705
2178.1246914863586,0.29733,0.010632
2178.2266731262207,0.29767,0.010656
2178.324808359146,0.29707,0.010708
2178.424616575241,0.29653,0.010702
2178.5257716178894,0.29707,0.01067
2178.625345468521,0.29733,0.010663
2178.7272565364838,0.29713,0.010756
2178.8284645080566,0.29653,0.010707
2178.9278271198273,0.29687,0.010685
2179.0298416614532,0.29733,0.010735
2179.128618955612,0.2974,0.010692
2179.227558851242,0.2968,0.010565
2179.3292112350464,0.29673,0.010654
2179.431446313858,0.2966,0.010657
2179.5299038887024,0.2976,0.01073
2179.6316468715668,0.29673,0.010721
2179.730396270752,0.2968,0.010675
2179.829205274582,0.297,0.010634
2179.9289009571075,0.29673,0.01069
2180.0330109596252,0.29693,0.010665
2180.133138656616,0.2972,0.010666
2180.231164932251,0.29713,0.010699
2180.3289725780487,0.29687,0.010662
2180.4318561553955,0.29713,0.01075
2180.532062768936,0.2968,0.010745
2180.631753206253,0.2968,0.010663
2180.7333567142487,0.29667,0.010757
2180.8321249485016,0.29673,0.01073
2180.9341564178467,0.29673,0.010674
2181.0340728759766,0.29733,0.010665
2181.1327362060547,0.29727,0.010723
2181.2300441265106,0.2974,0.010658
2181.3352777957916,0.2972,0.010703
2181.4335651397705,0.29733,0.010702
2181.5352795124054,0.29727,0.010697
2181.635988712311,0.2968,0.010656
2181.7351298332214,0.29653,0.010669
2181.8342821598053,0.29667,0.010659
2181.9368216991425,0.29693,0.01073
2182.0364298820496,0.2974,0.010681
2182.1364569664,0.29687,0.010685
2182.2358424663544,0.297,0.010667
2182.3386693000793,0.29707,0.010641
2182.4436485767365,0.29787,0.010766
2182.5372302532196,0.2972,0.010657
2182.6388499736786,0.2972,0.010638
2182.7387228012085,0.29733,0.010624
2182.8390760421753,0.2974,0.010666
2182.9412989616394,0.29767,0.010663
2183.037839651108,0.29707,0.010766
2183.140903234482,0.29653,0.010733
2183.2397134304047,0.29727,0.010683
2183.3411593437195,0.29693,0.010742
2183.448754310608,0.2972,0.010666
2183.537111520767,0.29707,0.010724
2183.6403658390045,0.29753,0.010695
2183.740567922592,0.29687,0.010664
2183.844378232956,0.29753,0.010721
2183.941373348236,0.29733,0.01071
2184.0418288707733,0.29707,0.010704
2184.1439237594604,0.29693,0.01064
2184.2429518699646,0.2968,0.01063
2184.345072746277,0.29667,0.010753
2184.44335269928,0.29727,0.010629
2184.5410766601562,0.29693,0.010755
2184.643545627594,0.297,0.010633
2184.7389810085297,0.2974,0.010708
2184.8429939746857,0.29753,0.010718
2184.9413073062897,0.2972,0.010729
2185.041406393051,0.2974,0.010698
2185.143085718155,0.2978,0.010724
2185.248109817505,0.29713,0.010662
2185.3459119796753,0.29747,0.010723
2185.4462921619415,0.2968,0.010614
2185.5449669361115,0.29727,0.010706
2185.644433259964,0.29773,0.010625
2185.7504856586456,0.297,0.010735
2185.850887298584,0.29693,0.010729
2185.9487426280975,0.29687,0.010698
2186.052128791809,0.29707,0.01071
2186.1504414081573,0.29673,0.010683
2186.2482390403748,0.297,0.010684
2186.3488805294037,0.29747,0.010737
2186.449823141098,0.29733,0.010778
2186.5498106479645,0.29753,0.010719
2186.652101278305,0.29733,0.010603
2186.750888824463,0.2974,0.010725
2186.853600502014,0.297,0.010708
2186.952159166336,0.2976,0.010721
2187.0495705604553,0.29747,0.010717
2187.1537437438965,0.29727,0.010685
2187.254736661911,0.2974,0.010753
2187.357953310013,0.29693,0.010656
2187.4536714553833,0.29747,0.010722
2187.553651571274,0.29713,0.010684
2187.6526865959167,0.29653,0.010708
2187.7568151950836,0.29707,0.010728
2187.8523490428925,0.29713,0.010683
2187.955885887146,0.29687,0.010727
2188.0602581501007,0.29733,0.010739
2188.16157579422,0.29707,0.010745
2188.2559316158295,0.2972,0.010671
2188.354156255722,0.2976,0.010802
2188.4582834243774,0.29727,0.01077
2188.5571825504303,0.29707,0.010688
2188.660014629364,0.29713,0.010735
2188.760853767395,0.29713,0.010722
2188.859792947769,0.29733,0.010771
2188.9598150253296,0.2972,0.010677
2189.0581641197205,0.297,0.010654
2189.158991575241,0.2976,0.010736
2189.2615265846252,0.29747,0.010684
2189.361032485962,0.29687,0.010732
2189.4608583450317,0.29707,0.010722
2189.559988975525,0.29733,0.010692
2189.6602342128754,0.29753,0.010672
2189.762631893158,0.29787,0.010672
2189.861166715622,0.29747,0.010731
2189.9646039009094,0.2978,0.010693
2190.063184261322,0.2978,0.010672
2190.1648137569427,0.29773,0.010626
2190.265517950058,0.2976,0.01072
2190.3659036159515,0.29767,0.01076
2190.4657502174377,0.2972,0.010567
2190.5705959796906,0.2976,0.01067
2190.666510820389,0.29707,0.010766
2190.7669970989227,0.29707,0.010709
2190.866670846939,0.29727,0.01059
2190.967858314514,0.2972,0.010709
2191.067586660385,0.29753,0.010673
2191.1676251888275,0.29713,0.010741
2191.269914627075,0.29747,0.010634
2191.3681633472443,0.29693,0.010745
2191.4678168296814,0.29693,0.010689
2191.569558620453,0.29687,0.010747
2191.6719903945923,0.2968,0.010651
2191.769955635071,0.2968,0.010726
2191.870181083679,0.29727,0.010733
2191.9717257022858,0.2972,0.010662
2192.0725326538086,0.2968,0.010726
2192.1714804172516,0.29713,0.010733
2192.270998954773,0.2966,0.010677
2192.370168209076,0.29673,0.010676
2192.4699823856354,0.29693,0.010637
2192.571414232254,0.29727,0.010673
2192.672608613968,0.29647,0.010695
2192.7709124088287,0.29653,0.010726
2192.8730964660645,0.297,0.010677
2192.9737198352814,0.2976,0.01068
2193.0693895816803,0.29693,0.010715
2193.1722021102905,0.2978,0.010666
2193.2729086875916,0.29707,0.010726
2193.3741097450256,0.29727,0.01077
2193.4715020656586,0.2972,0.010662
2193.575179576874,0.29687,0.01063
2193.673796892166,0.29773,0.010678
2193.779083967209,0.29733,0.010707
2193.875561475754,0.2974,0.010658
2193.9772415161133,0.2972,0.010754
2194.0771186351776,0.29773,0.010755
2194.1771919727325,0.297,0.010684
2194.2731833457947,0.297,0.010667
2194.3775742053986,0.29713,0.010724
2194.4782090187073,0.2972,0.010689
2194.578999519348,0.29687,0.01071
2194.6766164302826,0.2972,0.010663
2194.7776861190796,0.29687,0.010694
2194.878397703171,0.29747,0.010698
2194.9806315898895,0.29727,0.010745
2195.0783529281616,0.2968,0.010598
2195.1819512844086,0.2972,0.010657
2195.281552553177,0.29747,0.010726
2195.3796679973602,0.2968,0.010734
2195.4800412654877,0.29747,0.010738
2195.582189798355,0.297,0.010744
2195.680682659149,0.29647,0.010648
2195.7831127643585,0.297,0.010702
2195.8826031684875,0.2972,0.010653
2195.982524871826,0.29753,0.010677
2196.0825951099396,0.29727,0.010711
2196.1860625743866,0.29713,0.010707
2196.282951116562,0.2966,0.010717
2196.3828172683716,0.29773,0.010711
2196.482398748398,0.29653,0.010731
2196.5858283042908,0.29727,0.010701
2196.6861815452576,0.29687,0.010729
2196.7845747470856,0.29687,0.010682
2196.8846764564514,0.29647,0.010722
2196.982476711273,0.297,0.010742
2197.084554195404,0.29727,0.010725
2197.1872255802155,0.2964,0.010673
2197.28946352005,0.29633,0.010667
2197.3871676921844,0.2968,0.010692
2197.4910538196564,0.29653,0.010688
2197.584630727768,0.29593,0.010769
2197.691012620926,0.2972,0.010608
2197.7886176109314,0.29687,0.010716
2197.889694929123,0.297,0.010834
2197.9927184581757,0.29633,0.010746
2198.0890860557556,0.29747,0.010614
2198.1905863285065,0.297,0.010746
2198.289279460907,0.2966,0.010718
2198.3890087604523,0.297,0.010708
2198.490322828293,0.29653,0.010741
2198.5911169052124,0.29687,0.010675
2198.6893706321716,0.29667,0.010743
2198.7920060157776,0.29693,0.010698
2198.899012327194,0.29707,0.010641
2199.015925168991,0.29693,0.010659
2199.1186034679413,0.29747,0.010702
2199.229475259781,0.2968,0.01072
2199.336604833603,0.29673,0.010703
2199.4521114826202,0.29673,0.010725
2199.5622375011444,0.29647,0.010618
2199.6695108413696,0.29713,0.010757
2199.7761096954346,0.2974,0.010639
2199.8810997009277,0.29707,0.010755
2199.988039255142,0.29733,0.010725
2200.09419631958,0.29727,0.010665
2200.209932088852,0.29693,0.010649
2200.3172283172607,0.29667,0.010674
2200.4156851768494,0.29747,0.010647
2200.5250537395477,0.297,0.010739
2200.628961086273,0.29687,0.010665
2200.725349664688,0.29707,0.010693
2200.8256549835205,0.2972,0.010721
2200.9258131980896,0.29713,0.010709
2201.029019355774,0.2972,0.010738
2201.1251928806305,0.29733,0.010726
2201.2251727581024,0.2976,0.010698
2201.325758934021,0.297,0.010765
2201.4258856773376,0.2966,0.010743
2201.529323577881,0.29667,0.010619
2201.629355430603,0.29607,0.010635
2201.729115962982,0.297,0.010698
2201.832193374634,0.29647,0.010712
2201.9319829940796,0.29707,0.010713
2202.031849384308,0.29687,0.010722
2202.1324677467346,0.29667,0.01067
2202.2336976528168,0.2968,0.010762
2202.3289885520935,0.29713,0.010723
2202.4310562610626,0.29687,0.010724
2202.5372099876404,0.29693,0.010694
2202.638139486313,0.29713,0.010697
2202.7393202781677,0.29733,0.010721
2202.851724386215,0.2966,0.010716
2202.9445793628693,0.29673,0.010737
2203.0509855747223,0.2972,0.010642
2203.148892879486,0.29747,0.010661
2203.2490100860596,0.29733,0.010738
2203.366196155548,0.29707,0.010717
2203.4700593948364,0.297,0.010742
2203.578941345215,0.29667,0.010686
2203.688129901886,0.29727,0.010698
2203.7979061603546,0.29773,0.010715
2203.9099826812744,0.2976,0.010687
2204.0075118541718,0.2972,0.010662
2204.120979309082,0.29713,0.010698
2204.231989145279,0.29733,0.010733
2204.340229034424,0.29727,0.010646
2204.45002245903,0.2974,0.01078
2204.5531985759735,0.29707,0.010728
2204.6601428985596,0.29747,0.010608
2204.772742509842,0.29673,0.010719
2204.879642009735,0.29733,0.01066
2204.9901235103607,0.29713,0.010719
2205.1036825180054,0.29753,0.010705
2205.20978975296,0.29673,0.010738
2205.320149421692,0.29713,0.010661
2205.4210498332977,0.29733,0.0107
2205.531102180481,0.29713,0.010711
2205.6401221752167,0.29747,0.010786
2205.753504753113,0.29753,0.010623
2205.864082336426,0.29727,0.010707
2205.964197397232,0.2972,0.010583
2206.0743219852448,0.297,0.01066
2206.1734850406647,0.29753,0.010673
2206.2815334796906,0.2978,0.010747
2206.3948752880096,0.29667,0.010674
2206.5016844272614,0.29667,0.010674
2206.6139771938324,0.2968,0.01063
2206.728399038315,0.29687,0.010641
2206.833788871765,0.29713,0.0107
2206.9415242671967,0.2974,0.010621
2207.0540182590485,0.29707,0.010679
2207.15531206131,0.29707,0.010643
2207.2659680843353,0.29753,0.010721
2207.3760969638824,0.2976,0.010691
2207.475776910782,0.29693,0.010691
2207.583713531494,0.29687,0.010684
2207.6838793754578,0.2966,0.010684
2207.794369459152,0.29727,0.010682
2207.9083330631256,0.29733,0.010677
2208.005336046219,0.29727,0.010666
2208.1061663627625,0.29647,0.010725
2208.204908847809,0.29653,0.010739
2208.3135278224945,0.29653,0.010788
2208.424068927765,0.29707,0.01066
2208.524913549423,0.29693,0.010654
2208.626574277878,0.29687,0.010764
2208.7273242473602,0.2966,0.010746
2208.8264367580414,0.2968,0.010718
2208.9319636821747,0.29673,0.010786
2209.0335850715637,0.29707,0.010701
2209.137699842453,0.29707,0.010771
2209.2412810325623,0.29673,0.010775
2209.3454179763794,0.297,0.010822
2209.465719938278,0.29627,0.010645
2209.563175201416,0.2968,0.010714
2209.6682291030884,0.2968,0.010708
2209.778738975525,0.29653,0.010654
2209.887391805649,0.29713,0.010727
2209.9918830394745,0.2972,0.010734
2210.100976705551,0.29713,0.010707
2210.2094082832336,0.29733,0.010679
2210.317612171173,0.29647,0.01072
2210.4333407878876,0.29653,0.01069
2210.530079603195,0.29673,0.010694
2210.639344930649,0.29693,0.010798
2210.7494201660156,0.2966,0.01075
2210.858827114105,0.297,0.010689
2210.9701449871063,0.2968,0.010702
2211.0670862197876,0.29713,0.010649
2211.1666462421417,0.29653,0.010655
2211.2797660827637,0.2972,0.010727
2211.3832788467407,0.29627,0.010646
2211.48055934906,0.2966,0.010686
2211.5904817581177,0.29707,0.010673
2211.7008090019226,0.297,0.010709
2211.803757429123,0.29667,0.010614
2211.910389184952,0.29693,0.010709
2212.0205335617065,0.29687,0.010687
2212.123458147049,0.2966,0.010717
2212.23056435585,0.29713,0.010736
2212.332057952881,0.2976,0.010703
2212.4463763237,0.29653,0.010725
2212.552967071533,0.29687,0.010742
2212.65992808342,0.2968,0.010734
2212.761638402939,0.2966,0.010749
2212.8610470294952,0.29647,0.010644
2212.962599515915,0.29653,0.010682
2213.059746026993,0.29733,0.010649
2213.162362575531,0.2968,0.010724
2213.2640764713287,0.29633,0.01075
2213.3706147670746,0.29633,0.010668
2213.4721579551697,0.29687,0.010681
2213.584488391876,0.2966,0.010673
2213.6836998462677,0.29693,0.010657
2213.79425907135,0.29693,0.010716
2213.9052324295044,0.2964,0.010751
2214.001249074936,0.29693,0.010625
2214.105173110962,0.29693,0.010662
2214.208809375763,0.29633,0.010796
2214.3152220249176,0.29667,0.010701
2214.423441171646,0.29673,0.010682
2214.5336079597473,0.29693,0.010707
2214.646136045456,0.2972,0.01075
2214.753961086273,0.29733,0.010668
2214.854614019394,0.29693,0.010656
2214.963829278946,0.29667,0.010765
2215.0712370872498,0.297,0.010607
2215.175220489502,0.29673,0.010673
2215.276487350464,0.29707,0.010766
2215.3899717330933,0.29693,0.010669
2215.486104249954,0.29713,0.010739
2215.585183620453,0.29687,0.010598
2215.6945104599,0.29667,0.01076
2215.8052701950073,0.2972,0.010735
2215.914226293564,0.29667,0.010727
2216.0294029712677,0.29667,0.010751
2216.1346049308777,0.29653,0.010763
2216.244300842285,0.29647,0.010714
2216.346500635147,0.29627,0.010653
2216.44429564476,0.29727,0.010678
2216.554557800293,0.29747,0.010729
2216.6533472537994,0.29673,0.010782
2216.7651360034943,0.2968,0.010754
2216.8777396678925,0.29687,0.010638
2216.9845213890076,0.29633,0.010701
2217.096951007843,0.29707,0.010659
2217.197280883789,0.2972,0.010751
2217.305759191513,0.2976,0.01067
2217.414918422699,0.29707,0.010659
