Tiempo (s),Monitoreo_X_CH1 (V),Scattering_CH2 (V)
0.04900860786437988,0.30045,0.011614
0.09949326515197754,0.3004,0.011626
0.1498570442199707,0.30044,0.011605
0.19929003715515137,0.30045,0.011618
0.25053882598876953,0.30055,0.01161
0.30139732360839844,0.3006,0.011567
0.35129499435424805,0.30052,0.011594
0.40247654914855957,0.30039,0.011571
0.4489736557006836,0.3006,0.011582
0.5006754398345947,0.30055,0.011605
0.5501761436462402,0.30051,0.011613
0.6036195755004883,0.30056,0.011595
0.6562738418579102,0.30061,0.011587
0.7068054676055908,0.30041,0.011566
0.7522289752960205,0.30041,0.011639
0.8031446933746338,0.30049,0.011582
0.8562467098236084,0.30055,0.011609
0.909229040145874,0.30041,0.011571
0.9613511562347412,0.30044,0.011608
1.0091557502746582,0.30056,0.011642
1.0628318786621094,0.30052,0.011553
1.1116268634796143,0.30049,0.011587
1.161891222000122,0.30036,0.011597
1.2139942646026611,0.30043,0.011526
1.26597261428833,0.30055,0.011542
1.3142454624176025,0.30055,0.011607
1.3660402297973633,0.30055,0.011625
1.4137470722198486,0.30059,0.011589
1.4626491069793701,0.30064,0.011611
1.5159072875976562,0.30057,0.011564
1.5713117122650146,0.30068,0.01155
1.621464490890503,0.30056,0.01162
1.6742832660675049,0.30063,0.011574
1.7230455875396729,0.30055,0.01161
1.7751460075378418,0.30065,0.011596
1.8252508640289307,0.30064,0.011585
1.87436842918396,0.3006,0.0116
1.921952724456787,0.30045,0.011584
1.9745240211486816,0.30063,0.011579
2.0246572494506836,0.30057,0.011591
2.075143814086914,0.30067,0.01157
2.123565435409546,0.30072,0.01164
2.1816635131835938,0.30061,0.011617
2.2318921089172363,0.30047,0.011612
2.2796788215637207,0.30057,0.011578
2.3316915035247803,0.30064,0.011595
2.3880536556243896,0.30053,0.011582
2.4381215572357178,0.30049,0.011581
2.488304853439331,0.30041,0.011586
2.5384342670440674,0.30027,0.011575
2.5953919887542725,0.30047,0.011561
2.640528917312622,0.30063,0.011529
2.6926398277282715,0.30059,0.011573
2.7444660663604736,0.30057,0.011574
2.796079397201538,0.30041,0.011606
2.8516488075256348,0.30041,0.01164
2.89810848236084,0.30032,0.011567
2.950911045074463,0.30048,0.011628
3.005845546722412,0.30049,0.011625
3.057286024093628,0.30061,0.011578
3.1097252368927,0.30044,0.011628
3.158926248550415,0.30048,0.011584
3.216761589050293,0.30063,0.011504
3.265981674194336,0.30044,0.011599
3.316755533218384,0.055413,0.011661
3.366068124771118,0.050707,0.011559
3.4308016300201416,0.050547,0.011631
3.4791316986083984,0.050053,0.011597
3.5315356254577637,0.050107,0.011643
3.5797059535980225,0.050173,0.011573
3.6313931941986084,0.050227,0.011564
3.680532217025757,0.050093,0.011571
3.7319204807281494,0.04996,0.011579
3.781031847000122,0.05012,0.011571
3.833085536956787,0.050067,0.011504
3.8826146125793457,0.050267,0.011566
3.9302029609680176,0.05,0.011553
3.978949546813965,0.050093,0.011578
4.03392767906189,0.050107,0.011558
4.081764459609985,0.05012,0.011581
4.139116287231445,0.050213,0.011634
4.188947677612305,0.050107,0.011601
4.243561506271362,0.050107,0.011569
4.290586948394775,0.05008,0.011608
4.342163324356079,0.050107,0.011584
4.3978190422058105,0.050093,0.011607
4.442837238311768,0.050107,0.011594
4.498006820678711,0.05004,0.011657
4.546130657196045,0.050027,0.011605
4.595888376235962,0.050067,0.011602
4.648371934890747,0.05004,0.011598
4.697730779647827,0.050147,0.011612
4.747298955917358,0.05016,0.011582
4.796298027038574,0.04984,0.011768
4.848986387252808,0.05008,0.011666
4.897239923477173,0.050067,0.011618
4.949630975723267,0.050093,0.011621
4.999069690704346,0.04988,0.011688
5.050329685211182,0.050053,0.011566
5.0992841720581055,0.050173,0.011653
5.156354665756226,0.049827,0.01167
5.2017316818237305,0.049813,0.011614
5.253870487213135,0.05004,0.011721
5.306937217712402,0.05876,0.011694
5.355141639709473,0.069947,0.011694
5.404454469680786,0.081173,0.011578
5.454581022262573,0.091933,0.011614
5.505363941192627,0.09992,0.011531
5.555415630340576,0.10504,0.011603
5.607399940490723,0.11015,0.011628
5.6548638343811035,0.11511,0.011661
5.703781366348267,0.11771,0.011624
5.756663799285889,0.12713,0.01164
5.808943510055542,0.13411,0.011576
5.856884956359863,0.13651,0.011633
5.907755374908447,0.14212,0.011657
5.958770275115967,0.14796,0.01131
6.011394262313843,0.15112,0.011279
6.065688133239746,0.15672,0.011293
6.113861083984375,0.15993,0.011328
6.164778709411621,0.16333,0.011545
6.215750455856323,0.17297,0.011647
6.264417409896851,0.17724,0.011578
6.320346832275391,0.18239,0.011607
6.3686745166778564,0.18768,0.011596
6.417422294616699,0.19101,0.011569
6.469508171081543,0.19609,0.011606
6.522164583206177,0.20013,0.011563
6.570230007171631,0.20432,0.011439
6.6205153465271,0.2094,0.011201
6.670009136199951,0.21247,0.011255
6.722245931625366,0.22069,0.011251
6.773113965988159,0.22451,0.01145
6.821839332580566,0.22856,0.011631
6.8708884716033936,0.23361,0.01169
6.92448091506958,0.23771,0.011617
6.980874538421631,0.24169,0.011629
7.030034780502319,0.24551,0.011644
7.090657949447632,0.25365,0.011655
7.140887498855591,0.25661,0.011671
7.1903157234191895,0.26053,0.011598
7.245405673980713,0.26541,0.011253
7.291102647781372,0.26979,0.011074
7.343728303909302,0.27255,0.011234
7.398518323898315,0.27943,0.011423
7.450623512268066,0.28348,0.011664
7.508859395980835,0.29136,0.011628
7.561586141586304,0.29249,0.011618
7.610940217971802,0.29923,0.011727
7.6621623039245605,0.30123,0.011678
7.7156147956848145,0.30645,0.011604
7.763719320297241,0.31065,0.011702
7.8147735595703125,0.05496,0.011335
7.86848521232605,0.07584,0.011641
7.918505430221558,0.07584,0.011678
7.967885971069336,0.095987,0.011692
8.019389390945435,0.10107,0.011677
8.06501817703247,0.10504,0.011648
8.121070384979248,0.11005,0.011639
8.169061183929443,0.11625,0.011623
8.22668170928955,0.11745,0.011639
8.274007320404053,0.12472,0.01165
8.330662488937378,0.13519,0.011585
8.38441777229309,0.14099,0.01141
8.4325270652771,0.14445,0.011316
8.481049060821533,0.14771,0.011429
8.537935018539429,0.15317,0.011379
8.590006589889526,0.15663,0.011546
8.638806104660034,0.16207,0.011727
8.691591262817383,0.16639,0.011662
8.752854347229004,0.17509,0.011589
8.799912214279175,0.18047,0.011612
8.851627588272095,0.18335,0.011611
8.902280807495117,0.18876,0.01161
8.956980228424072,0.18975,0.011648
9.01070261001587,0.19793,0.011603
9.05851674079895,0.20116,0.011401
9.111939191818237,0.20947,0.011173
9.164121389389038,0.20947,0.011099
9.210026502609253,0.21945,0.011323
9.262994050979614,0.2226,0.011594
9.31331992149353,0.22364,0.011616
9.370100975036621,0.22972,0.011686
9.418380498886108,0.23369,0.011636
9.466220378875732,0.24176,0.01169
9.519289255142212,0.2466,0.011684
9.576309204101562,0.24975,0.01162
9.62442922592163,0.25368,0.01163
9.675639390945435,0.25764,0.011438
9.726203918457031,0.26163,0.011389
9.782814502716064,0.26561,0.011064
9.829119205474854,0.27035,0.011068
9.889889001846313,0.27852,0.01151
9.940322160720825,0.28147,0.01169
9.990196466445923,0.28639,0.011726
10.040626764297485,0.29032,0.011616
10.099064588546753,0.29444,0.011611
10.147213697433472,0.29819,0.011646
10.204101800918579,0.30228,0.011715
10.254181861877441,0.3064,0.011677
10.30095911026001,0.31652,0.011691
10.352555513381958,0.06532,0.011292
10.403747081756592,0.078187,0.011604
10.455296754837036,0.086213,0.011597
10.502828598022461,0.096013,0.011588
10.554404258728027,0.10107,0.011566
10.604823350906372,0.10493,0.011613
10.651564359664917,0.11245,0.011569
10.702763557434082,0.11729,0.011616
10.754914283752441,0.12468,0.011655
10.805867910385132,0.13169,0.011593
10.854890584945679,0.13527,0.011543
10.904979944229126,0.13967,0.011336
10.9602952003479,0.14431,0.01133
11.01068902015686,0.14993,0.011408
11.061542272567749,0.15432,0.011426
11.113903999328613,0.16207,0.011418
11.16381025314331,0.16623,0.011654
11.21461796760559,0.16956,0.011586
11.267086029052734,0.17372,0.011673
11.312111139297485,0.17803,0.011636
11.365031957626343,0.18551,0.011596
11.413893461227417,0.18852,0.011619
11.467114210128784,0.19275,0.011639
11.520860433578491,0.19707,0.011485
11.568847179412842,0.201,0.011341
11.627932071685791,0.20921,0.011252
11.675696849822998,0.21337,0.011094
11.738611459732056,0.21744,0.011503
11.793102741241455,0.22247,0.011497
11.84001111984253,0.22944,0.01168
11.889703273773193,0.23041,0.011647
11.950779914855957,0.23755,0.01163
11.9989914894104,0.24149,0.011632
12.047019958496094,0.24563,0.01163
12.098291158676147,0.24855,0.011624
12.148629665374756,0.25275,0.011655
12.200139284133911,0.25749,0.011558
12.256565809249878,0.26647,0.011402
12.303478002548218,0.26933,0.011081
12.355090379714966,0.27244,0.011308
12.404193878173828,0.27637,0.011629
12.458590745925903,0.28424,0.011693
12.512469291687012,0.28727,0.011637
12.561321020126343,0.29216,0.011663
12.612578392028809,0.29513,0.011698
12.668529987335205,0.30008,0.011687
12.71953010559082,0.30489,0.011663
12.773095846176147,0.31032,0.011677
12.82408332824707,0.31829,0.011343
12.873638391494751,0.0702,0.011343
12.921237230300903,0.080613,0.011598
12.972440958023071,0.088627,0.011635
13.022583246231079,0.098347,0.011662
13.073755025863647,0.10332,0.011643
13.123318433761597,0.10852,0.011589
13.174477577209473,0.11343,0.011588
13.226088523864746,0.11587,0.011645
13.273944854736328,0.12335,0.011568
13.326424360275269,0.13035,0.011652
13.377911806106567,0.13729,0.011445
13.426306962966919,0.14183,0.011377
13.476896524429321,0.14744,0.011384
13.535072803497314,0.15081,0.011321
13.587823867797852,0.15529,0.011425
13.639424800872803,0.16071,0.011613
13.684194564819336,0.16515,0.011646
13.736555576324463,0.16717,0.011652
13.790745735168457,0.17599,0.01163
13.839010000228882,0.18235,0.011567
13.892518520355225,0.18656,0.011592
13.939505577087402,0.19065,0.011655
13.999139547348022,0.19376,0.011658
14.046958446502686,0.19891,0.011541
14.099128723144531,0.20199,0.01137
14.152113676071167,0.21229,0.011243
14.200019359588623,0.21545,0.011219
14.250168085098267,0.21936,0.011401
14.301465034484863,0.22344,0.011577
14.352092266082764,0.22647,0.011616
14.40062952041626,0.23168,0.011609
14.453097343444824,0.23556,0.011631
14.509830713272095,0.24043,0.011578
14.556347370147705,0.24451,0.011632
14.616409063339233,0.25247,0.01162
14.665201187133789,0.25633,0.011615
14.715070486068726,0.25927,0.011478
14.766976356506348,0.2634,0.011492
14.824246883392334,0.26839,0.01132
14.872163534164429,0.27225,0.011558
14.922363758087158,0.27529,0.01166
14.972410202026367,0.28435,0.011665
15.02379059791565,0.28836,0.011657
15.077538967132568,0.29327,0.011669
15.12341570854187,0.29712,0.011651
15.178349494934082,0.30095,0.011654
15.228842496871948,0.30472,0.011648
15.280089139938354,0.3122,0.011637
15.329977035522461,0.3196,0.011613
15.381632328033447,0.05748,0.011582
15.429450988769531,0.072693,0.011635
15.481348752975464,0.09396,0.011637
15.53190279006958,0.098293,0.011601
15.589020252227783,0.10476,0.011628
15.637065887451172,0.10984,0.011622
15.686566829681396,0.11479,0.011598
15.737769603729248,0.1196,0.011605
15.787832736968994,0.12317,0.01159
15.837069272994995,0.12695,0.011636
15.88739800453186,0.13267,0.011398
15.939826250076294,0.13847,0.011265
15.987704277038574,0.14301,0.011281
16.039411783218384,0.15323,0.011323
16.08544921875,0.15531,0.011323
16.139819145202637,0.16207,0.011522
16.19226312637329,0.16753,0.011638
16.240199327468872,0.17069,0.011602
16.290342569351196,0.17583,0.011618
16.338371992111206,0.18004,0.011624
16.391438484191895,0.18233,0.011579
16.440300464630127,0.19051,0.011627
16.491110801696777,0.19592,0.011594
16.541457653045654,0.20003,0.011654
16.592649221420288,0.20423,0.011533
16.645015478134155,0.20715,0.011335
16.69380283355713,0.21224,0.011337
16.74181079864502,0.21639,0.011459
16.7995445728302,0.22129,0.011654
16.85260248184204,0.22545,0.011682
16.902202367782593,0.22835,0.011625
16.95072340965271,0.23736,0.011691
17.00308394432068,0.24255,0.011638
17.052676677703857,0.24535,0.01159
17.1044442653656,0.25048,0.011544
17.152610778808594,0.25343,0.011564
17.203599452972412,0.25739,0.011549
17.25349760055542,0.26128,0.011554
17.305928707122803,0.26924,0.011506
17.351659297943115,0.27125,0.011283
17.404659271240234,0.27528,0.01168
17.4565908908844,0.27925,0.011686
17.504267692565918,0.28324,0.011681
17.556039094924927,0.28808,0.011666
17.604336500167847,0.29409,0.011695
17.65406322479248,0.29783,0.011652
17.707334756851196,0.30076,0.011637
17.75711703300476,0.30605,0.011616
17.81054973602295,0.0566,0.011618
17.859118700027466,0.05956,0.011394
17.909302949905396,0.067187,0.011683
17.96127462387085,0.077733,0.011666
18.008585691452026,0.091027,0.011653
18.058576107025146,0.093693,0.01166
18.112751007080078,0.10201,0.01172
18.162399530410767,0.11103,0.011644
18.214990377426147,0.11715,0.011667
18.268213987350464,0.12313,0.011612
18.31762385368347,0.12669,0.011605
18.3684184551239,0.13147,0.011574
18.41761827468872,0.13721,0.011429
18.46741271018982,0.14069,0.011332
18.517696142196655,0.14527,0.011234
18.56865692138672,0.15416,0.011357
18.617411613464355,0.15863,0.011503
18.669915676116943,0.16073,0.011681
18.719735860824585,0.16604,0.011647
18.76747751235962,0.16937,0.011594
18.81727647781372,0.17467,0.011609
18.871124029159546,0.18424,0.011604
18.920505046844482,0.18631,0.01163
18.970618963241577,0.19159,0.011607
19.0234534740448,0.19473,0.011647
19.071716785430908,0.19877,0.011665
19.13144564628601,0.20707,0.011502
19.183616876602173,0.21219,0.011369
19.23335337638855,0.21521,0.01141
19.286447525024414,0.21927,0.011497
19.33441162109375,0.22441,0.011672
19.38374900817871,0.22723,0.011657
19.432292938232422,0.23343,0.011623
19.483641147613525,0.23639,0.011613
19.533411741256714,0.23943,0.011619
19.58689832687378,0.24929,0.011638
19.637260675430298,0.25143,0.011625
19.686102867126465,0.25637,0.011641
19.741127252578735,0.25936,0.011574
19.79361319541931,0.26435,0.011555
19.84692645072937,0.27215,0.011464
19.89422631263733,0.27607,0.011549
19.956279516220093,0.27915,0.011676
20.002986192703247,0.28423,0.011683
20.056010246276855,0.28817,0.011724
20.106667280197144,0.29089,0.011695
20.152365684509277,0.29592,0.011662
20.206921100616455,0.29988,0.011655
20.253387928009033,0.30276,0.011681
20.305830001831055,0.31172,0.011667
20.35512948036194,0.31807,0.011669
20.40630841255188,0.067133,0.011507
20.457249641418457,0.080107,0.011621
20.50897216796875,0.091,0.011577
20.5568368434906,0.097987,0.011626
20.60989761352539,0.10329,0.011603
20.658909559249878,0.10712,0.011635
20.70948624610901,0.11313,0.011608
20.763392210006714,0.12187,0.011574
20.81027364730835,0.12655,0.01163
20.862645387649536,0.13247,0.011614
20.91284966468811,0.13595,0.01155
20.960695266723633,0.14055,0.011368
21.01342272758484,0.14383,0.011412
21.06335949897766,0.14941,0.0114
21.11302900314331,0.155,0.011556
21.16447114944458,0.15837,0.011606
21.215460300445557,0.16705,0.011596
21.267953634262085,0.17259,0.011647
21.31635856628418,0.17664,0.011588
21.36679434776306,0.17988,0.011602
21.421194076538086,0.18504,0.011555
21.468913555145264,0.18955,0.011603
21.524275541305542,0.19764,0.011565
21.57194447517395,0.19964,0.011608
21.621891736984253,0.20583,0.011493
21.67430281639099,0.20891,0.011524
21.728973150253296,0.21411,0.011509
21.77615761756897,0.21808,0.011558
21.8280668258667,0.22101,0.011627
21.880621194839478,0.22425,0.011597
21.92970585823059,0.2342,0.011621
21.97652530670166,0.23813,0.011642
22.02663779258728,0.24223,0.011632
22.080599546432495,0.24419,0.011623
22.129936456680298,0.24921,0.011606
22.183372497558594,0.25209,0.011719
22.232481241226196,0.25805,0.011693
22.28161597251892,0.26113,0.011572
22.330623626708984,0.26516,0.011577
22.38063907623291,0.27309,0.011607
22.43156599998474,0.27592,0.011611
22.48361086845398,0.28199,0.011662
22.5362389087677,0.28489,0.011631
22.583914518356323,0.28983,0.011663
22.632983207702637,0.29384,0.011668
22.686359167099,0.29764,0.01169
22.73822593688965,0.30068,0.011642
22.788900136947632,0.31163,0.011672
22.83633279800415,0.053813,0.011666
22.889179706573486,0.05956,0.011636
22.938355445861816,0.0718,0.011629
22.988964319229126,0.07972,0.011682
23.041192293167114,0.093173,0.011605
23.088988304138184,0.09796,0.011635
23.14283037185669,0.10308,0.01165
23.19119167327881,0.10935,0.011679
23.23777151107788,0.11436,0.0116
23.292712211608887,0.12285,0.011678
23.343344688415527,0.13009,0.011621
23.393763065338135,0.13336,0.011679
23.44209361076355,0.13808,0.011579
23.495823860168457,0.14384,0.011521
23.54895520210266,0.14603,0.011452
23.598504781723022,0.1528,0.011464
23.645784616470337,0.15611,0.011646
23.69813346862793,0.16475,0.011622
23.74932098388672,0.17021,0.011621
23.807088136672974,0.17236,0.011635
23.86070704460144,0.17655,0.011648
23.91200876235962,0.18516,0.011639
23.95953679084778,0.18911,0.011648
24.009281158447266,0.19329,0.011645
24.061715364456177,0.19741,0.011638
24.1111478805542,0.20265,0.011633
24.1619131565094,0.2066,0.011554
24.216391563415527,0.21088,0.011594
24.264925003051758,0.214,0.011594
24.318192958831787,0.22201,0.011668
24.367377042770386,0.22713,0.011615
24.417367935180664,0.23088,0.011636
24.46785616874695,0.23521,0.011653
24.516061067581177,0.23912,0.011647
24.56883955001831,0.2422,0.011588
24.61819815635681,0.246,0.011617
24.670692205429077,0.24915,0.011619
24.72040367126465,0.25423,0.011615
24.768986225128174,0.26309,0.011627
24.819663286209106,0.26605,0.011666
24.8727068901062,0.27099,0.011633
24.92329740524292,0.27493,0.011666
24.97130513191223,0.27991,0.011688
25.020820140838623,0.28205,0.01165
25.073625802993774,0.28773,0.011658
25.122090339660645,0.29159,0.011643
25.173726081848145,0.29481,0.011651
25.2213454246521,0.30065,0.011707
25.274181365966797,0.30733,0.011657
25.3290057182312,0.31341,0.011691
25.376877069473267,0.054627,0.011642
25.427860498428345,0.061373,0.011657
25.478965044021606,0.074213,0.011619
25.530040979385376,0.087547,0.011647
25.578601837158203,0.096387,0.01167
25.6275475025177,0.10545,0.011612
25.68110728263855,0.11037,0.01163
25.73008131980896,0.11549,0.01161
25.779087781906128,0.11913,0.011627
25.832889080047607,0.12399,0.011641
25.887850999832153,0.13116,0.011612
25.939266681671143,0.138,0.011565
25.987611055374146,0.14251,0.01158
26.044358015060425,0.14717,0.011564
26.092459440231323,0.15025,0.011573
26.14198923110962,0.15597,0.011597
26.19364285469055,0.15923,0.011643
26.24399161338806,0.16255,0.011647
26.295897722244263,0.17001,0.011616
26.34335994720459,0.17756,0.011612
26.393343448638916,0.18072,0.011625
26.444587230682373,0.18621,0.011573
26.495020627975464,0.19127,0.01163
26.54800271987915,0.19447,0.011624
26.59637951850891,0.19749,0.011657
26.649072885513306,0.20484,0.011667
26.700424909591675,0.20973,0.011651
26.7503399848938,0.21395,0.011597
26.801588773727417,0.21789,0.011586
26.852938890457153,0.22195,0.011629
26.902063131332397,0.22703,0.011652
26.95067596435547,0.23012,0.011642
27.003246545791626,0.23415,0.011662
27.051846027374268,0.24308,0.011658
27.102814197540283,0.24604,0.011642
27.149060010910034,0.25001,0.011653
27.2025089263916,0.25209,0.011631
27.254284143447876,0.25904,0.011653
27.303760051727295,0.26195,0.011597
27.35417103767395,0.26695,0.011591
27.40604543685913,0.26987,0.011614
27.459140300750732,0.274,0.011668
27.50427794456482,0.28288,0.011638
27.558268070220947,0.28681,0.011634
27.60975956916809,0.29083,0.011671
27.658453226089478,0.29473,0.011605
27.70503807067871,0.29868,0.011723
27.759015798568726,0.30267,0.011647
27.804704904556274,0.30719,0.011662
27.859389305114746,0.31741,0.01162
27.90905237197876,0.05556,0.011599
27.96072745323181,0.073947,0.011589
28.016139268875122,0.084707,0.011635
28.061678647994995,0.096293,0.011663
28.122352600097656,0.098947,0.011649
28.17198085784912,0.10549,0.011611
28.223995447158813,0.11035,0.011612
28.280969619750977,0.11537,0.011616
28.32713508605957,0.12625,0.011617
28.380411624908447,0.13093,0.011673
28.428941011428833,0.13557,0.011634
28.47972583770752,0.13904,0.011517
28.531266927719116,0.14356,0.011579
28.583673238754272,0.14912,0.011569
28.632142066955566,0.15259,0.011605
28.68200421333313,0.15708,0.011618
28.73243474960327,0.16361,0.011577
28.783551692962646,0.17011,0.011587
28.836534023284912,0.17428,0.011611
28.887000799179077,0.17957,0.011595
28.936036825180054,0.18279,0.0116
28.992931842803955,0.18807,0.011588
29.042741060256958,0.19199,0.011602
29.091563940048218,0.20056,0.011641
29.14488673210144,0.20564,0.011653
29.19454526901245,0.20767,0.011667
29.24178433418274,0.21164,0.011702
29.29743218421936,0.21473,0.01156
29.34766435623169,0.22476,0.011554
29.39514923095703,0.22687,0.011614
29.45024538040161,0.23108,0.011649
29.498040437698364,0.23491,0.011648
29.548495531082153,0.239,0.011582
29.601280212402344,0.24384,0.011665
29.651545763015747,0.24679,0.011562
29.70190453529358,0.25195,0.011554
29.754029273986816,0.25592,0.011626
29.80112624168396,0.2598,0.011568
29.858749866485596,0.26772,0.011658
29.90394616127014,0.27177,0.011557
29.959450244903564,0.27559,0.011606
30.00782036781311,0.27868,0.011673
30.055622577667236,0.28461,0.011709
30.11043095588684,0.28551,0.011666
30.15923571586609,0.29161,0.011684
30.20902943611145,0.29447,0.011613
30.262861967086792,0.30435,0.011637
30.314195156097412,0.30904,0.011657
30.367165088653564,0.3194,0.011639
30.41502285003662,0.058773,0.011631
30.463061094284058,0.065973,0.011636
30.517499208450317,0.073773,0.011605
30.567245960235596,0.087027,0.011597
30.617318630218506,0.09628,0.011603
30.66818404197693,0.10265,0.011629
30.71967363357544,0.11399,0.011629
30.770353078842163,0.11753,0.011607
30.81667995452881,0.12365,0.011606
30.867039918899536,0.12591,0.011622
30.9203884601593,0.13073,0.011645
30.97051167488098,0.13769,0.011571
31.020992279052734,0.13992,0.011563
31.068076372146606,0.14691,0.011573
31.12135672569275,0.15249,0.01159
31.167436838150024,0.15583,0.011593
31.222556829452515,0.16441,0.011587
31.278231382369995,0.16893,0.011579
31.326826810836792,0.17208,0.011562
31.378636837005615,0.17629,0.011598
31.429583311080933,0.18152,0.011611
31.480581521987915,0.18584,0.011691
31.527907609939575,0.19313,0.011613
31.578129053115845,0.19737,0.011633
31.63233518600464,0.20137,0.011605
31.684734344482422,0.20544,0.01168
31.73059892654419,0.20767,0.011586
31.784961462020874,0.21263,0.011614
31.831398963928223,0.21556,0.011565
31.885298252105713,0.22169,0.011607
31.934375524520874,0.22976,0.011625
31.985111951828003,0.23389,0.011602
32.034820556640625,0.23779,0.011655
32.08827328681946,0.24073,0.011634
32.13622069358826,0.24576,0.011621
32.18684244155884,0.25364,0.011597
32.238343715667725,0.25696,0.01166
32.285733222961426,0.25979,0.011581
32.336620807647705,0.26359,0.011628
32.388545751571655,0.26963,0.011671
32.43937015533447,0.27168,0.011653
32.489227533340454,0.27652,0.011629
32.53744602203369,0.2806,0.011687
32.59476184844971,0.28447,0.011719
32.63874173164368,0.28844,0.011678
32.692347288131714,0.29629,0.011668
32.748822927474976,0.30139,0.011664
32.798255920410156,0.30523,0.011682
32.84785318374634,0.31291,0.011664
32.896445751190186,0.31937,0.011657
32.94898867607117,0.058627,0.011644
32.999598026275635,0.07104,0.011579
33.05014705657959,0.07908,0.011622
33.09793210029602,0.09892,0.011644
33.15098690986633,0.10263,0.011643
33.20416760444641,0.10899,0.011691
33.25076866149902,0.114,0.011597
33.30318546295166,0.11872,0.011651
33.35829281806946,0.12485,0.011579
33.41189098358154,0.12725,0.011537
33.45736479759216,0.13303,0.011602
33.51116466522217,0.14223,0.011618
33.561888217926025,0.14677,0.011636
33.6137056350708,0.15212,0.011651
33.659035444259644,0.15563,0.011634
33.71018195152283,0.15995,0.011661
33.76495051383972,0.16445,0.011641
33.81892967224121,0.16967,0.011571
33.867313623428345,0.17513,0.01163
33.91766667366028,0.17833,0.011643
33.968966007232666,0.18255,0.011616
34.02282524108887,0.18789,0.011625
34.0677011013031,0.19623,0.011627
34.12345910072327,0.20031,0.011592
34.17220759391785,0.20437,0.011598
34.2208468914032,0.20873,0.011589
34.27561974525452,0.2126,0.011652
34.32406258583069,0.21767,0.011565
34.37217831611633,0.22057,0.01167
34.42673182487488,0.22385,0.01162
34.479694843292236,0.23293,0.011596
34.53503227233887,0.23667,0.011611
34.58307433128357,0.24188,0.01162
34.63371276855469,0.24573,0.011581
34.68764328956604,0.24884,0.011664
34.73458003997803,0.25275,0.01164
34.7882080078125,0.2616,0.011658
34.83745551109314,0.26371,0.01164
34.89243221282959,0.26867,0.011646
34.94647812843323,0.27252,0.01164
34.99459719657898,0.27645,0.011622
35.0461266040802,0.28057,0.011638
35.09338855743408,0.28447,0.01165
35.14372777938843,0.28845,0.011677
35.20134925842285,0.29644,0.011667
35.25174951553345,0.30124,0.011627
35.30097270011902,0.3052,0.011674
35.34920954704285,0.31287,0.011669
35.41295552253723,0.31904,0.01161
35.46080255508423,0.055827,0.011588
35.5108060836792,0.0694,0.011577
35.56145238876343,0.0922,0.011622
35.61139893531799,0.097427,0.011532
35.663106203079224,0.10015,0.011574
35.709397077560425,0.10891,0.011667
35.762765884399414,0.11381,0.011619
35.81312084197998,0.11871,0.011616
35.867960691452026,0.12353,0.011585
35.916269063949585,0.13055,0.011606
35.967111587524414,0.13535,0.01156
36.0182888507843,0.13992,0.011649
36.07059383392334,0.14561,0.011622
36.125033140182495,0.14899,0.011596
36.17105746269226,0.15895,0.011614
36.22350072860718,0.16236,0.011641
36.27224111557007,0.16541,0.011575
36.32724595069885,0.16865,0.011563
36.37373995780945,0.17305,0.011613
36.426713705062866,0.18235,0.01163
36.476144552230835,0.18667,0.011678
36.5244779586792,0.1908,0.011636
36.575193881988525,0.19191,0.011645
36.626307249069214,0.19809,0.011633
36.68032908439636,0.20229,0.011632
36.72853064537048,0.20539,0.011612
36.77863693237305,0.21336,0.011621
36.82801413536072,0.21751,0.011635
36.878150939941406,0.2216,0.011582
36.93028712272644,0.22656,0.011613
36.98070430755615,0.22873,0.011654
37.03162121772766,0.2338,0.011614
37.08264899253845,0.23869,0.011653
37.130388021469116,0.2426,0.011554
37.18236207962036,0.25072,0.011622
37.23203492164612,0.25456,0.011619
37.284077405929565,0.25667,0.011676
37.33424520492554,0.26361,0.011608
37.387043714523315,0.26852,0.01163
37.43364334106445,0.27144,0.011628
37.48118710517883,0.27543,0.011641
37.535112142562866,0.27848,0.01167
37.58686351776123,0.28336,0.011664
37.63798713684082,0.28645,0.011619
37.68486952781677,0.29121,0.011682
37.73825979232788,0.29827,0.011668
37.790215253829956,0.30303,0.011685
37.838046073913574,0.3086,0.011664
37.889897108078,0.31681,0.011704
37.94047808647156,0.055533,0.011594
37.988247871398926,0.065347,0.011654
38.039050340652466,0.07576,0.011621
38.092092990875244,0.083827,0.011615
38.14187526702881,0.10244,0.011622
38.19242453575134,0.10615,0.011637
38.24279975891113,0.11001,0.011614
38.296430587768555,0.11497,0.011676
38.34338068962097,0.12219,0.011569
38.39382863044739,0.12577,0.011622
38.448859453201294,0.13052,0.011606
38.49811792373657,0.13863,0.011597
38.54559350013733,0.14313,0.011611
38.59915518760681,0.14551,0.011603
38.646164894104004,0.15093,0.011588
38.69989275932312,0.15659,0.011541
38.74967908859253,0.15871,0.011594
38.806365728378296,0.16839,0.011575
38.85726857185364,0.17392,0.011611
38.907798767089844,0.17804,0.011601
38.95996809005737,0.18137,0.011598
39.005980253219604,0.18659,0.011611
39.055423736572266,0.19084,0.011631
39.108994007110596,0.19375,0.01163
39.16343331336975,0.20236,0.01159
39.214763879776,0.20725,0.011605
39.26854681968689,0.21133,0.011703
39.31575274467468,0.21535,0.01159
39.36766815185547,0.21841,0.011579
39.42174172401428,0.22555,0.01162
39.47013187408447,0.22952,0.011615
39.519487619400024,0.23451,0.011639
39.57049560546875,0.23656,0.011609
39.61886548995972,0.23963,0.011563
39.67167019844055,0.24853,0.011669
39.7203266620636,0.25237,0.01167
39.774057388305664,0.25661,0.011542
39.82392501831055,0.2606,0.011597
39.87018704414368,0.26449,0.011609
39.92204236984253,0.26757,0.011656
39.97320890426636,0.27159,0.011639
40.025912046432495,0.27524,0.011623
40.07321000099182,0.28144,0.011682
40.133460521698,0.28808,0.01164
40.18338918685913,0.29208,0.011661
40.23240041732788,0.29729,0.011688
40.282102823257446,0.30127,0.011626
40.34277868270874,0.30508,0.01168
40.3921160697937,0.31247,0.011619
40.449581146240234,0.05516,0.011601
40.500383615493774,0.07032,0.011573
40.55337142944336,0.075547,0.011643
40.602956771850586,0.08904,0.011628
40.655269145965576,0.099747,0.011591
40.703248739242554,0.10351,0.011613
40.757201194763184,0.10849,0.011612
40.807567834854126,0.11487,0.011649
40.8583288192749,0.11973,0.011602
40.91046762466431,0.12935,0.011592
40.959627628326416,0.13379,0.011571
41.00942325592041,0.13737,0.011607
41.06845211982727,0.14295,0.011605
41.115931034088135,0.14765,0.011635
41.16784715652466,0.15315,0.011611
41.21626138687134,0.15649,0.011578
41.267475843429565,0.16197,0.011582
41.31583499908447,0.1652,0.011582
41.36717939376831,0.17288,0.011611
41.41966795921326,0.17908,0.011574
41.46933627128601,0.18233,0.011562
41.519474267959595,0.18755,0.011612
41.57175874710083,0.19155,0.011638
41.620686054229736,0.19576,0.011612
41.671324729919434,0.19797,0.011628
41.720364570617676,0.20411,0.011661
41.7770037651062,0.20924,0.011607
41.82381582260132,0.21339,0.011597
41.872897148132324,0.21832,0.011636
41.92548990249634,0.22231,0.011591
41.97614622116089,0.22921,0.011646
42.026569843292236,0.23243,0.011613
42.07413935661316,0.23665,0.011635
42.129958152770996,0.2426,0.011609
42.17821931838989,0.24843,0.01159
42.229785680770874,0.24948,0.011573
42.2837233543396,0.25549,0.011674
42.33240818977356,0.25836,0.01163
42.384838819503784,0.26233,0.011644
42.43588590621948,0.26947,0.011668
42.4920871257782,0.27429,0.011626
42.53966283798218,0.27936,0.011683
42.588550090789795,0.28223,0.011567
42.64200234413147,0.28523,0.011665
42.691112995147705,0.29012,0.011663
42.74015665054321,0.29804,0.01168
42.791759967803955,0.30213,0.011682
42.84181618690491,0.30501,0.011662
42.89052724838257,0.30819,0.011648
42.9421603679657,0.05332,0.01163
42.99218726158142,0.062347,0.011587
43.04374432563782,0.075227,0.011578
43.09517860412598,0.08608,0.011598
43.14696025848389,0.09584,0.011608
43.19385075569153,0.099653,0.011609
43.24669861793518,0.11096,0.011634
43.300313234329224,0.1148,0.011644
43.351417779922485,0.11844,0.011621
43.40381932258606,0.1244,0.011574
43.45523977279663,0.12932,0.011607
43.503196716308594,0.13371,0.01159
43.554521560668945,0.13629,0.011599
43.60450720787048,0.14753,0.011641
43.65841245651245,0.15212,0.011592
43.70722961425781,0.15655,0.011552
43.75720524787903,0.16085,0.011611
43.80893063545227,0.16407,0.011606
43.86120820045471,0.16947,0.01161
43.909916162490845,0.17376,0.011634
43.96136212348938,0.17808,0.01159
44.01136612892151,0.18759,0.011639
44.058159589767456,0.18964,0.011623
44.11223912239075,0.19489,0.011615
44.163153648376465,0.19884,0.011615
44.21114444732666,0.20408,0.011642
44.26400637626648,0.208,0.011607
44.31173610687256,0.21112,0.01163
44.361281871795654,0.21432,0.011631
44.41586637496948,0.21944,0.011615
44.46049928665161,0.2244,0.011637
44.51460075378418,0.23248,0.011645
44.56473708152771,0.23633,0.011663
44.61195492744446,0.24032,0.011637
44.66679930686951,0.24348,0.011616
44.720276832580566,0.24848,0.011604
44.77252721786499,0.2524,0.011668
44.820542097091675,0.25444,0.011649
44.87169432640076,0.26033,0.011566
44.92907404899597,0.26941,0.011633
44.983439922332764,0.27121,0.011641
45.03141665458679,0.27724,0.011643
45.08329439163208,0.28121,0.011678
45.13406848907471,0.28508,0.011661
45.18553423881531,0.29203,0.011638
45.23768758773804,0.2962,0.011667
45.286375999450684,0.29889,0.011648
45.33889722824097,0.30197,0.011686
45.38844561576843,0.30601,0.011622
45.43662881851196,0.31745,0.011605
45.48792052268982,0.054867,0.01163
45.53930616378784,0.0646,0.011627
45.586159229278564,0.08848,0.011606
45.64465045928955,0.095707,0.011675
45.69561767578125,0.10088,0.011602
45.744771242141724,0.10732,0.011647
45.79661011695862,0.1098,0.011637
45.850292682647705,0.12072,0.011608
45.89836311340332,0.12429,0.01159
45.955585956573486,0.13007,0.011601
46.00329613685608,0.13601,0.011618
46.055237770080566,0.1406,0.011574
46.10427165031433,0.14407,0.011593
46.15308880805969,0.14869,0.011594
46.20481610298157,0.153,0.011563
46.254276275634766,0.16177,0.011633
46.305920362472534,0.16607,0.011601
46.35499691963196,0.17031,0.011607
46.40750527381897,0.17253,0.011599
46.46383500099182,0.17689,0.011621
46.51171588897705,0.18213,0.011588
46.57192587852478,0.19049,0.011598
46.61830115318298,0.19455,0.011572
46.673595905303955,0.19884,0.011629
46.72211575508118,0.20388,0.011615
46.77904772758484,0.20695,0.011631
46.827670097351074,0.21208,0.011706
46.87900161743164,0.21613,0.011638
46.929670572280884,0.22316,0.011612
46.988078594207764,0.2272,0.011672
47.03761005401611,0.23223,0.011572
47.09805083274841,0.2374,0.011668
47.14898133277893,0.24039,0.011655
47.19999313354492,0.24437,0.011659
47.253841400146484,0.25329,0.011626
47.30422401428223,0.25516,0.01164
47.35065054893494,0.25932,0.011624
47.39845085144043,0.26428,0.011598
47.44915151596069,0.26927,0.01165
47.50731635093689,0.27212,0.011655
47.55511498451233,0.27508,0.011645
47.604923486709595,0.28015,0.01163
47.657527923583984,0.28416,0.011678
47.708964109420776,0.28807,0.011674
47.757256746292114,0.29791,0.011689
47.80739998817444,0.30083,0.011664
47.859161615371704,0.30485,0.01164
47.910125732421875,0.31189,0.011669
47.958497285842896,0.05272,0.011592
48.01984524726868,0.061853,0.01158
48.07026386260986,0.072227,0.011668
48.12200117111206,0.07744,0.01165
48.17250370979309,0.099507,0.011623
48.22195625305176,0.10449,0.011635
48.2730610370636,0.10969,0.011613
48.32252621650696,0.11323,0.011596
48.37314438819885,0.11932,0.011649
48.422125577926636,0.12309,0.011558
48.472479820251465,0.12892,0.011582
48.52270698547363,0.13355,0.011605
48.57757878303528,0.14385,0.011584
48.6240394115448,0.14839,0.011598
48.67537808418274,0.15073,0.011639
48.72728204727173,0.1562,0.01162
48.78285312652588,0.16169,0.011592
48.831193685531616,0.16588,0.011605
48.88066387176514,0.17129,0.011558
48.94322490692139,0.17564,0.011582
48.98915076255798,0.17883,0.011581
49.038952112197876,0.18731,0.011595
49.09129738807678,0.19036,0.011609
49.148423194885254,0.19455,0.01161
49.1990385055542,0.19976,0.011609
49.251840114593506,0.20276,0.011595
49.29880356788635,0.20896,0.011633
49.35584831237793,0.21197,0.011593
49.409425020217896,0.21808,0.011605
49.45613694190979,0.22611,0.011638
49.50787329673767,0.2302,0.011615
49.55766439437866,0.23428,0.011614
49.61232137680054,0.23705,0.011479
49.66659164428711,0.24216,0.011646
49.71809267997742,0.24617,0.011597
49.767154693603516,0.25031,0.01159
49.81407070159912,0.25424,0.011639
49.865349531173706,0.25821,0.011565
49.91619086265564,0.26215,0.011602
49.967050075531006,0.27116,0.011658
50.017091035842896,0.27511,0.011624
50.07327938079834,0.27911,0.011592
50.12327432632446,0.28399,0.011612
50.17566108703613,0.28705,0.011602
50.22780895233154,0.28996,0.011631
50.27367329597473,0.29389,0.011647
50.326092004776,0.29879,0.011649
50.38334035873413,0.30755,0.011626
50.43384790420532,0.31581,0.011629
50.48814296722412,0.054933,0.011618
50.54054117202759,0.061627,0.011647
50.5905396938324,0.074653,0.011637
50.64306449890137,0.09552,0.011579
50.69142532348633,0.098013,0.011562
50.74530744552612,0.10572,0.01163
50.795008420944214,0.10967,0.011612
50.84194231033325,0.11579,0.011605
50.89522051811218,0.11799,0.011619
50.94799208641052,0.12547,0.011626
50.99691557884216,0.13341,0.011617
51.04755163192749,0.13707,0.011592
51.09817600250244,0.14267,0.011623
51.14608144760132,0.14605,0.011573
51.19812893867493,0.15173,0.011637
51.2499897480011,0.15615,0.011592
51.307016372680664,0.16067,0.011612
51.35608243942261,0.16593,0.011613
51.40554594993591,0.17032,0.011626
51.45786476135254,0.17985,0.011608
51.50562334060669,0.18219,0.011597
51.55633473396301,0.18648,0.011575
51.60764408111572,0.19149,0.011577
51.65708017349243,0.19468,0.011587
51.70865321159363,0.19868,0.011596
51.75909876823425,0.20277,0.011666
51.81043791770935,0.21007,0.011606
51.858744621276855,0.21391,0.011568
51.911348819732666,0.21916,0.011543
51.959383726119995,0.22329,0.011598
52.01091241836548,0.22727,0.011627
52.06338882446289,0.23124,0.011623
52.11078715324402,0.23632,0.011623
52.162057399749756,0.2402,0.011618
52.215632915496826,0.24415,0.011647
52.268638372421265,0.25321,0.011639
52.31838893890381,0.25423,0.011652
52.3656108379364,0.26032,0.011625
52.41807246208191,0.26404,0.011643
52.46804332733154,0.26917,0.011643
52.51554083824158,0.27295,0.01165
52.57022285461426,0.27692,0.011685
52.62386441230774,0.28196,0.011686
52.67323708534241,0.285,0.011627
52.730857372283936,0.29297,0.011658
52.783817768096924,0.29471,0.011648
52.82989454269409,0.29973,0.011654
52.88237380981445,0.30277,0.011623
52.93289065361023,0.30967,0.011637
52.98746466636658,0.056413,0.011579
53.04642057418823,0.065213,0.011539
53.09446597099304,0.077187,0.011625
53.14619064331055,0.083827,0.011607
53.19514465332031,0.09656,0.011593
53.2461895942688,0.10051,0.011557
53.29607963562012,0.10681,0.011607
53.3520348072052,0.11073,0.011617
53.404582262039185,0.12285,0.011589
53.45193648338318,0.12763,0.011551
53.507030963897705,0.13111,0.011589
53.55353569984436,0.13697,0.011587
53.60564732551575,0.14261,0.01159
53.660109519958496,0.14712,0.011589
53.71101212501526,0.15153,0.011558
53.75861740112305,0.15491,0.011563
53.81062173843384,0.16052,0.011589
53.863460302352905,0.16923,0.011566
53.911545753479004,0.17239,0.011612
53.95981454849243,0.1778,0.011618
54.0121328830719,0.18083,0.011594
54.06260299682617,0.18603,0.011589
54.11465334892273,0.1904,0.011614
54.16312265396118,0.19453,0.011621
54.214019536972046,0.20167,0.011597
54.26738381385803,0.2048,0.011571
54.31336164474487,0.20977,0.011639
54.36658525466919,0.21285,0.011641
54.41693568229675,0.22016,0.011608
54.465672731399536,0.22212,0.011617
54.516496658325195,0.22805,0.011542
54.568270683288574,0.23097,0.011608
54.62112021446228,0.23411,0.011645
54.66985869407654,0.23925,0.011636
54.723191022872925,0.24523,0.011714
54.77399134635925,0.25121,0.011687
54.82194638252258,0.25504,0.011647
54.87192678451538,0.25877,0.011623
54.92726421356201,0.26305,0.011627
54.978585958480835,0.26789,0.011671
55.024452924728394,0.27197,0.011651
55.07711863517761,0.27601,0.011604
55.12971591949463,0.27989,0.011573
55.17855453491211,0.28385,0.011624
55.22811245918274,0.28892,0.011613
55.27967548370361,0.29456,0.011683
55.32982063293457,0.30061,0.011583
55.38375449180603,0.30369,0.011612
55.43504214286804,0.30933,0.011646
55.48201870918274,0.05028,0.011616
55.53359603881836,0.056507,0.011595
55.58292508125305,0.076813,0.0116
55.63383221626282,0.085,0.01166
55.68888854980469,0.09792,0.011639
55.736135482788086,0.103,0.011639
55.789971113204956,0.10564,0.01164
55.83895397186279,0.11189,0.011595
55.88973259925842,0.11788,0.011621
55.93874955177307,0.12165,0.011602
55.99300003051758,0.12781,0.011606
56.04199576377869,0.13224,0.0116
56.09132933616638,0.13685,0.011607
56.139647483825684,0.146,0.011588
56.19097185134888,0.1494,0.01158
56.24110722541809,0.15591,0.011593
56.29952073097229,0.1594,0.01155
56.34715533256531,0.16472,0.011645
56.41029977798462,0.16688,0.01163
56.46731781959534,0.17647,0.011571
56.51253938674927,0.18185,0.011566
56.5670120716095,0.18619,0.011623
56.618409633636475,0.19035,0.011643
56.66939663887024,0.1944,0.011609
56.71958827972412,0.19752,0.011604
56.76803278923035,0.20263,0.011634
56.8177444934845,0.20664,0.011585
56.87472367286682,0.21573,0.01156
56.923545837402344,0.21887,0.011595
56.977272272109985,0.22304,0.011619
57.02483773231506,0.22691,0.011579
57.07493209838867,0.23095,0.011615
57.128928422927856,0.23487,0.011641
57.18054509162903,0.24007,0.011635
57.22883105278015,0.24304,0.011645
57.28374886512756,0.25089,0.011613
57.33083987236023,0.25593,0.011654
57.38305640220642,0.25888,0.011622
57.43448305130005,0.26379,0.011638
57.483192443847656,0.26773,0.011676
57.531148195266724,0.27176,0.011589
57.58385443687439,0.27488,0.01165
57.6370804309845,0.28276,0.011606
57.690043449401855,0.28683,0.011635
57.7442672252655,0.29069,0.011637
57.79372525215149,0.29463,0.011639
57.84919881820679,0.29748,0.011654
57.896673917770386,0.30257,0.011623
57.954142808914185,0.31337,0.011605
58.005937576293945,0.052573,0.011617
58.05726480484009,0.06352,0.011639
58.11086297035217,0.071493,0.011641
58.16880178451538,0.08488,0.011607
58.218016147613525,0.10151,0.011617
58.26895093917847,0.10412,0.011586
58.320353507995605,0.11039,0.011608
58.37990736961365,0.11543,0.011616
58.42975044250488,0.12027,0.011591
58.487783670425415,0.12493,0.011557
58.537548303604126,0.12979,0.011562
58.5860230922699,0.13787,0.011581
58.63838505744934,0.14361,0.011579
58.68545651435852,0.14923,0.011629
58.73806715011597,0.15373,0.0116
58.786437034606934,0.15931,0.011621
58.837491035461426,0.16259,0.011558
58.889538526535034,0.16695,0.011591
58.94253897666931,0.17019,0.011631
58.99361610412598,0.17652,0.011604
59.042330265045166,0.18491,0.011576
59.091856956481934,0.18817,0.011534
59.14350938796997,0.19232,0.011558
59.19514799118042,0.19444,0.011575
59.244884967803955,0.20056,0.011605
59.29249930381775,0.20768,0.011624
59.34444570541382,0.20865,0.01161
59.39238166809082,0.21572,0.011604
59.447880029678345,0.21781,0.011647
59.49489665031433,0.22384,0.011646
59.5504412651062,0.228,0.011666
59.59797167778015,0.23209,0.011624
59.64653992652893,0.23607,0.011642
59.7026731967926,0.23991,0.011655
59.748270750045776,0.24488,0.01162
59.80238389968872,0.25199,0.011669
59.85300850868225,0.25699,0.011578
59.90158820152283,0.26093,0.011633
59.955055236816406,0.26388,0.01159
60.00018572807312,0.26793,0.011617
60.05249261856079,0.27392,0.011637
60.104997396469116,0.2768,0.011638
60.15570259094238,0.28172,0.01164
60.20081162452698,0.28563,0.011609
60.254392862319946,0.29264,0.011651
60.30681037902832,0.29659,0.01163
60.35542416572571,0.30053,0.011635
60.40561628341675,0.30543,0.01163
60.45473265647888,0.31319,0.011649
60.50878572463989,0.3174,0.011537
60.55604338645935,0.060787,0.011573
60.609368085861206,0.07128,0.011619
60.655455350875854,0.07916,0.011592
60.70513677597046,0.092653,0.011557
60.75747585296631,0.10287,0.01154
60.808218002319336,0.10895,0.011579
60.861248254776,0.11291,0.011691
60.90658974647522,0.11885,0.011583
60.9586284160614,0.12384,0.011657
61.01251149177551,0.12975,0.011576
61.059814453125,0.13091,0.011646
61.1114776134491,0.13563,0.011615
61.16716122627258,0.14472,0.011619
61.22236156463623,0.15037,0.011605
61.27308249473572,0.15593,0.011604
61.32079577445984,0.16017,0.011582
61.37261176109314,0.16452,0.011646
61.42382454872131,0.16996,0.011608
61.47441244125366,0.173,0.011617
61.52104568481445,0.17852,0.011592
61.57620716094971,0.18157,0.011576
61.624510288238525,0.18669,0.011599
61.679280281066895,0.19204,0.011616
61.73339867591858,0.19629,0.011609
61.78100252151489,0.20016,0.011643
61.83099579811096,0.21059,0.011654
61.881908655166626,0.21375,0.011618
61.936553955078125,0.21863,0.011594
61.98480701446533,0.22181,0.01159
62.038777112960815,0.22483,0.011653
62.08608818054199,0.22993,0.011645
62.137479305267334,0.23288,0.011648
62.187089681625366,0.23781,0.011676
62.237942934036255,0.24595,0.01163
62.28491234779358,0.24987,0.011579
62.33900308609009,0.25384,0.011654
62.39140868186951,0.25788,0.011598
62.43909454345703,0.26273,0.01164
62.491379261016846,0.26485,0.011622
62.54467034339905,0.26973,0.011635
62.60035991668701,0.27275,0.011635
62.647528886795044,0.28173,0.011643
62.698195457458496,0.28669,0.011633
62.755592346191406,0.29047,0.011636
62.80629801750183,0.29456,0.011638
62.85625505447388,0.29836,0.01165
62.90691614151001,0.30133,0.011622
62.95739412307739,0.31115,0.011643
63.016414165496826,0.05372,0.01165
63.064783334732056,0.060347,0.011615
63.11464047431946,0.070867,0.011661
63.16542387008667,0.084413,0.011663
63.218395948410034,0.0896,0.01161
63.26559782028198,0.10019,0.011673
63.32354998588562,0.10523,0.011684
63.37512564659119,0.11641,0.011654
63.42351198196411,0.11996,0.011707
63.47488594055176,0.12365,0.011579
63.52493762969971,0.12965,0.011598
63.57481408119202,0.13545,0.011473
63.62365198135376,0.13987,0.011621
63.67743921279907,0.14463,0.011594
63.72548317909241,0.14913,0.011594
63.776166915893555,0.15477,0.011469
63.828927993774414,0.15793,0.011534
63.87644648551941,0.16117,0.011602
63.92700719833374,0.16977,0.011638
63.97709655761719,0.17628,0.011596
64.02794623374939,0.17847,0.011648
64.0774073600769,0.18356,0.011614
64.12956809997559,0.18687,0.011589
64.17951369285583,0.19099,0.011617
64.23023867607117,0.19512,0.011602
64.27827453613281,0.20436,0.01162
64.33266496658325,0.20855,0.011644
64.37781167030334,0.21181,0.011624
64.430508852005,0.21561,0.011558
64.48286628723145,0.21989,0.011609
64.53528118133545,0.22485,0.011645
64.58896064758301,0.22791,0.011637
64.63694620132446,0.23579,0.01164
64.68631720542908,0.23993,0.011582
64.74086117744446,0.24288,0.011615
64.78894901275635,0.24779,0.011629
64.84203815460205,0.25185,0.01167
64.8903124332428,0.25583,0.011641
64.94106101989746,0.2588,0.011667
64.99074149131775,0.26375,0.011692
65.04299664497375,0.27168,0.011639
65.09625029563904,0.27561,0.011587
65.1502537727356,0.27961,0.01165
65.19766736030579,0.2844,0.011578
65.24956917762756,0.28845,0.01159
65.2990493774414,0.29359,0.011622
65.34744906425476,0.29841,0.01169
65.39913368225098,0.30231,0.011653
65.45731210708618,0.30653,0.011678
65.50538897514343,0.31285,0.011657
65.55898809432983,0.051613,0.011543
65.61500382423401,0.07344,0.011478
65.66421866416931,0.086867,0.011657
65.71346473693848,0.09228,0.011577
65.76802968978882,0.10013,0.011631
65.81802701950073,0.10384,0.011632
65.86901760101318,0.1102,0.011595
65.92028474807739,0.11644,0.011619
65.97053980827332,0.12248,0.011572
66.0236451625824,0.12731,0.011537
66.07174253463745,0.13064,0.011593
66.1209602355957,0.13655,0.011606
66.1729142665863,0.14549,0.01155
66.22048449516296,0.15004,0.011579
66.27278590202332,0.1546,0.011557
66.32430982589722,0.15893,0.011564
66.3732738494873,0.16232,0.011586
66.42239189147949,0.16644,0.011598
66.47412753105164,0.17191,0.011568
66.52414035797119,0.17927,0.011562
66.57722783088684,0.18359,0.011651
66.62836837768555,0.18585,0.01169
66.67718124389648,0.194,0.011542
66.72640538215637,0.19832,0.011589
66.7770893573761,0.20215,0.011614
66.82633256912231,0.20533,0.011609
66.87880349159241,0.21035,0.011569
66.92799949645996,0.21447,0.011621
66.98167395591736,0.21852,0.011596
67.03049993515015,0.22276,0.011617
67.07854056358337,0.22659,0.011635
67.12937784194946,0.23081,0.011722
67.18253111839294,0.23856,0.011615
67.23271775245667,0.24172,0.011619
67.28886365890503,0.24773,0.011617
67.34115386009216,0.24976,0.011644
67.39196801185608,0.25376,0.011612
67.44012880325317,0.25872,0.011572
67.49530005455017,0.26336,0.011643
67.5492615699768,0.27151,0.01168
67.59998035430908,0.27452,0.011661
67.64673185348511,0.27943,0.011678
67.69963669776917,0.28235,0.011678
67.74685859680176,0.28729,0.011652
67.80032324790955,0.29024,0.011646
67.84856128692627,0.2952,0.011671
67.8997790813446,0.29924,0.011604
67.95283699035645,0.31061,0.011614
68.00296330451965,0.31473,0.011667
68.05158019065857,0.054853,0.011637
68.10348582267761,0.062467,0.011699
68.15397787094116,0.073147,0.011687
68.20176100730896,0.0838,0.011642
68.25240635871887,0.09452,0.01163
68.30535960197449,0.10375,0.011598
68.35562038421631,0.10997,0.011609
68.40375518798828,0.11373,0.011649
68.4539737701416,0.11985,0.011604
68.50633192062378,0.1234,0.011619
68.55762529373169,0.12708,0.011527
68.60726737976074,0.13853,0.011595
68.65739226341248,0.14201,0.01163
68.7058048248291,0.14436,0.011541
68.75799322128296,0.14879,0.011617
68.81286215782166,0.15773,0.011635
68.86162328720093,0.16216,0.011642
68.91589212417603,0.16661,0.011586
68.96781611442566,0.17083,0.011605
69.01684713363647,0.17837,0.011647
69.06811332702637,0.18131,0.011611
69.11760234832764,0.18563,0.011548
69.16615581512451,0.18992,0.011609
69.21764469146729,0.19181,0.011592
69.26732087135315,0.20121,0.011587
69.31952142715454,0.20643,0.01161
69.36781787872314,0.21041,0.011609
69.41743326187134,0.21436,0.011608
69.46746611595154,0.21761,0.011581
69.52355813980103,0.22055,0.011618
69.56941223144531,0.22567,0.011611
69.62193131446838,0.23165,0.011637
69.6767966747284,0.23659,0.011637
69.7203357219696,0.24163,0.011665
69.77735567092896,0.24361,0.011485
69.82784724235535,0.24957,0.011537
69.87717366218567,0.2518,0.011634
69.92579674720764,0.2576,0.011616
69.97937321662903,0.26061,0.011672
70.02703499794006,0.26857,0.01166
70.07758784294128,0.27257,0.011645
70.12959361076355,0.27655,0.011681
70.17892646789551,0.28027,0.01167
70.23034429550171,0.28453,0.011665
70.28109240531921,0.28933,0.011653
70.33534288406372,0.29632,0.011699
70.38263869285583,0.29937,0.011735
70.44215488433838,0.30407,0.011701
70.49269723892212,0.31055,0.011626
70.54416990280151,0.0492,0.011702
70.590402841568,0.055187,0.011658
70.6538634300232,0.07852,0.011636
70.70244884490967,0.089107,0.011649
70.75316667556763,0.095933,0.011638
70.80287766456604,0.10237,0.011584
70.85375499725342,0.10631,0.011662
70.90699362754822,0.11117,0.011565
70.95496797561646,0.1174,0.01165
71.00662350654602,0.12216,0.011645
71.05542993545532,0.13176,0.011602
71.10965299606323,0.13639,0.011615
71.15502452850342,0.14199,0.011602
71.20738697052002,0.1442,0.011607
71.25750684738159,0.14864,0.011629
71.30971622467041,0.15324,0.011617
71.36423301696777,0.15781,0.011646
71.41484475135803,0.1674,0.011565
71.46740341186523,0.17068,0.011591
71.51495313644409,0.17592,0.011592
71.56511688232422,0.17813,0.011561
71.61504554748535,0.18455,0.011616
71.66722083091736,0.18659,0.01164
71.7165961265564,0.19173,0.011616
71.77334094047546,0.196,0.011657
71.82163977622986,0.20105,0.011613
71.87198114395142,0.20524,0.01162
71.92234659194946,0.21431,0.011654
71.97703528404236,0.21745,0.011627
72.02849054336548,0.22056,0.011615
72.07939863204956,0.22563,0.011627
72.13081169128418,0.22852,0.011633
72.18430972099304,0.23259,0.011713
72.22917246818542,0.24251,0.011621
72.28553366661072,0.24456,0.011603
72.33734321594238,0.25148,0.011578
72.3917784690857,0.25461,0.011622
72.4401547908783,0.25857,0.011642
72.49203443527222,0.26247,0.011611
72.5422990322113,0.26756,0.011611
72.59028005599976,0.27131,0.011613
72.64508938789368,0.27833,0.011648
72.69608855247498,0.28236,0.011611
72.74511885643005,0.28535,0.01161
72.79935145378113,0.2902,0.011588
72.8501045703888,0.29312,0.01169
72.90186500549316,0.29807,0.011638
72.94783329963684,0.30623,0.01169
73.00125551223755,0.30839,0.011704
73.05136227607727,0.05244,0.011673
73.10120368003845,0.062147,0.011601
73.15238881111145,0.06868,0.011635
73.21077489852905,0.0808,0.011573
73.25897550582886,0.091573,0.011609
73.30952167510986,0.098533,0.011626
73.36003708839417,0.10856,0.011654
73.4100980758667,0.11373,0.011629
73.4638204574585,0.11856,0.01159
73.51488423347473,0.12447,0.011559
73.56402492523193,0.12811,0.011586
73.6134557723999,0.13268,0.011615
73.66092610359192,0.14073,0.011575
73.71580529212952,0.14524,0.011571
73.76548743247986,0.15001,0.011605
73.81309366226196,0.15432,0.011552
73.86383771896362,0.1598,0.011593
73.91983461380005,0.16412,0.011536
73.96908235549927,0.17161,0.011604
74.01800537109375,0.17588,0.011595
74.0713562965393,0.18033,0.011546
74.12159490585327,0.18451,0.011612
74.17142343521118,0.18964,0.01157
74.22227072715759,0.1926,0.011587
74.27150321006775,0.19803,0.01161
74.31989479064941,0.20215,0.011543
74.37305450439453,0.2052,0.011626
74.42191886901855,0.21023,0.011609
74.47231364250183,0.21733,0.011629
74.52152562141418,0.22233,0.011617
74.57529735565186,0.22625,0.011612
74.62260174751282,0.22824,0.011576
74.67511367797852,0.23448,0.011617
74.7194459438324,0.23833,0.011609
74.7732846736908,0.24448,0.011642
74.82328414916992,0.24944,0.011641
74.87478590011597,0.25241,0.011623
74.92462134361267,0.25649,0.011637
74.97503018379211,0.25943,0.011593
75.02428340911865,0.26436,0.011669
75.077965259552,0.26641,0.011599
75.13061785697937,0.2714,0.011637
75.17812156677246,0.28129,0.011644
75.23218131065369,0.28531,0.011652
75.27741861343384,0.28917,0.011654
75.33146786689758,0.29121,0.011631
75.38200831413269,0.29612,0.01168
75.43529677391052,0.29911,0.011648
75.48291063308716,0.30399,0.011666
75.53958940505981,0.29044,0.011614
75.58625650405884,0.05684,0.011597
75.638516664505,0.067307,0.011618
75.68785214424133,0.07504,0.011635
75.73972058296204,0.0886,0.011625
75.78788995742798,0.097067,0.01162
75.84186220169067,0.10223,0.011629
75.8937156200409,0.1096,0.01162
75.9434974193573,0.11352,0.011635
75.99511122703552,0.11829,0.011593
76.04676246643066,0.12312,0.011591
76.09710121154785,0.13253,0.01154
76.14568042755127,0.13837,0.011608
76.19467425346375,0.14309,0.011565
76.24989771842957,0.14743,0.011542
76.30026173591614,0.15205,0.011609
76.35316395759583,0.15641,0.011633
76.4036066532135,0.16085,0.011622
76.45069909095764,0.16407,0.011583
76.5033221244812,0.1694,0.011555
76.5555100440979,0.17805,0.011515
76.60581803321838,0.18215,0.011564
76.658456325531,0.18648,0.011569
76.70533323287964,0.19161,0.011592
76.75580430030823,0.19467,0.011515
76.8093810081482,0.19985,0.011597
76.86066174507141,0.20412,0.011607
76.91678261756897,0.20813,0.011649
76.96389412879944,0.21109,0.011608
77.01862978935242,0.22035,0.011629
77.06723546981812,0.2244,0.011586
77.11993145942688,0.2294,0.011602
77.17125511169434,0.23023,0.01163
77.22949433326721,0.23633,0.011602
77.27776455879211,0.24432,0.011591
77.33257341384888,0.24845,0.011639
77.3814902305603,0.25228,0.011637
77.43602848052979,0.25637,0.01154
77.48517441749573,0.26029,0.011645
77.53689694404602,0.26336,0.011626
77.58840012550354,0.27124,0.011643
77.64026427268982,0.27631,0.011648
77.68896555900574,0.27825,0.01167
77.74198889732361,0.28404,0.011662
77.78812885284424,0.28811,0.011591
77.85333132743835,0.29205,0.011618
77.90071630477905,0.29423,0.011599
77.95236301422119,0.30391,0.011611
78.00563287734985,0.30999,0.011637
78.0587100982666,0.31616,0.011592
78.10807347297668,0.056413,0.011586
78.16122364997864,0.064387,0.011587
78.21446013450623,0.07768,0.011588
78.26424932479858,0.088507,0.011673
78.3177604675293,0.098293,0.011661
78.36658978462219,0.10219,0.011626
78.41884636878967,0.10967,0.01158
78.46654319763184,0.11825,0.011699
78.51353573799133,0.12308,0.011593
78.56963872909546,0.12899,0.011592
78.61765003204346,0.13368,0.011593
78.66884922981262,0.13707,0.011626
78.71760845184326,0.14192,0.0116
78.76479721069336,0.14752,0.011598
78.81879305839539,0.15528,0.011596
78.87845945358276,0.15848,0.011639
78.92749261856079,0.16395,0.011619
78.97808599472046,0.16599,0.011601
79.02942085266113,0.17464,0.011606
79.07962274551392,0.17885,0.011569
79.12938046455383,0.18325,0.011586
79.18207144737244,0.18845,0.011552
79.24062013626099,0.19261,0.011567
79.29932165145874,0.19573,0.011506
79.34559679031372,0.20604,0.011608
79.40280771255493,0.20916,0.011612
79.45150470733643,0.2122,0.011567
79.50445342063904,0.21717,0.011647
79.55115485191345,0.22129,0.011596
79.59975171089172,0.22517,0.011612
79.65378260612488,0.22927,0.011553
79.70436215400696,0.23425,0.011573
79.75530958175659,0.23732,0.01157
79.80600094795227,0.24229,0.011626
79.85584688186646,0.24937,0.011594
79.90838027000427,0.25432,0.011632
79.95788049697876,0.25739,0.011635
80.00977730751038,0.26325,0.011629
80.06163883209229,0.26437,0.011622
80.11147665977478,0.27116,0.011636
80.16132855415344,0.27324,0.011675
80.21354699134827,0.27828,0.011575
80.26217555999756,0.28305,0.011592
80.31147289276123,0.28609,0.011612
80.36176443099976,0.29412,0.011649
80.41745162010193,0.29691,0.011657
80.46386885643005,0.30189,0.011608
80.51489019393921,0.30469,0.011673
80.5640377998352,0.05424,0.011611
80.61698365211487,0.051813,0.011547
80.66894578933716,0.066853,0.011542
80.71902084350586,0.07212,0.011586
80.77041006088257,0.096787,0.011597
80.81848216056824,0.10065,0.011566
80.87401556968689,0.10471,0.011626
80.92202758789062,0.11204,0.011635
80.96941828727722,0.11569,0.011574
81.01985096931458,0.12063,0.011533
81.0728805065155,0.12427,0.011522
81.12913918495178,0.13487,0.011565
81.17888641357422,0.13936,0.011577
81.23257780075073,0.14393,0.011613
81.28117227554321,0.14959,0.011588
81.33423256874084,0.15181,0.011631
81.38465762138367,0.15841,0.011549
81.43398785591125,0.16173,0.011535
81.48940753936768,0.17039,0.011592
81.53722596168518,0.17469,0.011594
81.58635234832764,0.17801,0.011462
81.63915991783142,0.1842,0.011578
81.69584822654724,0.18728,0.01159
81.7509753704071,0.19255,0.011524
81.79824733734131,0.19659,0.011445
81.84993982315063,0.20079,0.011619
81.89749550819397,0.20491,0.011623
81.94883012771606,0.21004,0.011654
82.00078678131104,0.21711,0.011588
82.0592052936554,0.22019,0.011537
82.11113429069519,0.22525,0.011617
82.15957522392273,0.22628,0.01167
82.21134996414185,0.23312,0.011565
82.26611638069153,0.24133,0.011595
82.31696033477783,0.2444,0.011662
82.3666672706604,0.24821,0.011661
82.41951107978821,0.25316,0.01159
82.46986246109009,0.25812,0.011604
82.52020168304443,0.26099,0.011595
82.57080030441284,0.26425,0.011665
82.61992645263672,0.269,0.011632
82.67078042030334,0.27609,0.011619
82.72091841697693,0.28008,0.011629
82.77041935920715,0.28476,0.011696
82.82471036911011,0.28988,0.011662
82.87346291542053,0.29288,0.011618
82.92360973358154,0.29877,0.011665
82.9751353263855,0.30072,0.011648
83.02402520179749,0.30555,0.011674
83.07296323776245,0.31369,0.011616
83.12422466278076,0.049213,0.011623
83.17556023597717,0.069307,0.011617
83.22717332839966,0.08268,0.011604
83.27626514434814,0.093333,0.01159
83.32524394989014,0.097867,0.011631
83.37649583816528,0.10437,0.011645
83.43256378173828,0.10947,0.01163
83.4783079624176,0.11457,0.011618
83.53530240058899,0.12391,0.011603
83.58435392379761,0.13007,0.01153
83.63848853111267,0.13339,0.011597
83.68466186523438,0.13804,0.01155
83.73682379722595,0.14272,0.011611
83.78950929641724,0.14613,0.011627
83.84314274787903,0.15064,0.011593
83.89254021644592,0.15833,0.011581
83.93842196464539,0.16497,0.011544
83.99335885047913,0.16816,0.011555
84.04515075683594,0.17124,0.011528
84.0989100933075,0.17681,0.01152
84.14480495452881,0.18088,0.011562
84.19773054122925,0.18921,0.011553
84.245600938797,0.19427,0.011538
84.2972047328949,0.19556,0.011361
84.34682726860046,0.19968,0.011531
84.39910817146301,0.20483,0.011588
84.44468855857849,0.21095,0.011579
84.50045800209045,0.21613,0.011611
84.5544273853302,0.21997,0.011584
84.59923315048218,0.22396,0.011606
84.65346813201904,0.22904,0.0116
84.70611691474915,0.23319,0.011613
84.75314235687256,0.2372,0.011643
84.80390334129333,0.24115,0.011592
84.85443115234375,0.24313,0.01161
84.90520000457764,0.24904,0.011641
84.95749592781067,0.25717,0.011598
85.0099139213562,0.26108,0.011614
85.0609450340271,0.26487,0.011601
85.10817289352417,0.269,0.011634
85.15933990478516,0.27305,0.011624
85.21266174316406,0.277,0.011608
85.26208400726318,0.28092,0.011627
85.3152687549591,0.28873,0.011625
85.36609148979187,0.29385,0.011643
85.41308927536011,0.29576,0.011675
85.46650505065918,0.29961,0.011575
85.51426124572754,0.30551,0.011639
85.56884384155273,0.31165,0.01149
85.61724877357483,0.049347,0.011576
85.6697769165039,0.055973,0.011645
85.71765923500061,0.074307,0.011601
85.77005243301392,0.093253,0.011659
85.8182213306427,0.09776,0.011639
85.8715648651123,0.10303,0.01163
85.92173099517822,0.10943,0.011552
85.97204446792603,0.11436,0.011596
86.01812529563904,0.12043,0.011607
86.07273197174072,0.12412,0.011537
86.11806511878967,0.12877,0.011578
86.17082786560059,0.13353,0.011621
86.22245121002197,0.13684,0.011533
86.27278280258179,0.14376,0.011595
86.32522344589233,0.15159,0.011561
86.37842154502869,0.15717,0.011614
86.42644739151001,0.1614,0.011532
86.47685980796814,0.16593,0.011623
86.52793025970459,0.16909,0.011564
86.58190751075745,0.17781,0.011554
86.62822556495667,0.18088,0.011572
86.68237042427063,0.184,0.011595
86.73046970367432,0.19028,0.011595
86.78029131889343,0.19432,0.011354
86.82992219924927,0.19856,0.011415
86.88575220108032,0.19963,0.011582
86.93537545204163,0.20575,0.011622
86.98825454711914,0.21093,0.011593
87.04069542884827,0.216,0.01156
87.08929872512817,0.22395,0.01157
87.13679003715515,0.22901,0.011586
87.19356536865234,0.23215,0.011611
87.24324870109558,0.23611,0.011664
87.29033088684082,0.24112,0.011642
87.33892297744751,0.24401,0.011535
87.39271903038025,0.24688,0.011636
87.44552397727966,0.25115,0.011567
87.49605989456177,0.25695,0.011565
87.55067205429077,0.26512,0.011627
87.59872317314148,0.26892,0.011626
87.64886617660522,0.27288,0.011633
87.70407009124756,0.27687,0.011668
87.75196194648743,0.28088,0.011632
87.80152010917664,0.28477,0.011601
87.85272693634033,0.28981,0.011541
87.90590691566467,0.29372,0.011659
87.95427131652832,0.29663,0.011579
88.0136730670929,0.30536,0.011622
88.0598132610321,0.31348,0.011644
88.11308407783508,0.051,0.011606
88.16201639175415,0.06076,0.011563
88.21907901763916,0.068573,0.011569
88.27258443832397,0.079453,0.011599
88.32060837745667,0.0904,0.011607
88.37208557128906,0.10041,0.011621
88.42412686347961,0.10917,0.011642
88.47232413291931,0.11424,0.011614
88.52196002006531,0.12036,0.0116
88.5748085975647,0.12388,0.011543
88.62311363220215,0.12997,0.011583
88.67401361465454,0.13459,0.011569
88.72476291656494,0.13811,0.011582
88.77541399002075,0.14247,0.011639
88.82495307922363,0.14699,0.01161
88.87378859519958,0.15269,0.01158
88.9303789138794,0.16145,0.011612
88.98074150085449,0.16684,0.011557
89.03536105155945,0.17101,0.01159
89.08169770240784,0.17549,0.01156
89.1321051120758,0.17644,0.011501
89.1883933544159,0.18287,0.011548
89.23781108856201,0.18595,0.011529
89.28895139694214,0.19224,0.011381
89.33936715126038,0.19645,0.011254
89.38634276390076,0.20039,0.011532
89.44049334526062,0.20961,0.011608
89.48807668685913,0.21388,0.0116
89.539395570755,0.21784,0.011639
89.59276366233826,0.22205,0.011611
89.63752841949463,0.226,0.011609
89.6906533241272,0.22999,0.011654
89.73956036567688,0.23503,0.011615
89.79145860671997,0.23605,0.01161
89.84687542915344,0.24596,0.011621
89.89644598960876,0.25,0.011643
89.94592094421387,0.25191,0.011652
89.99296116828918,0.25591,0.011604
90.0465612411499,0.26091,0.011658
90.09614086151123,0.26475,0.011599
90.15026140213013,0.27279,0.011619
90.19803380966187,0.27584,0.011623
90.24901533126831,0.28087,0.011639
90.30132389068604,0.28275,0.011647
90.34897923469543,0.28875,0.011657
90.39960813522339,0.28971,0.011634
90.4482033252716,0.29457,0.011718
90.5015549659729,0.29957,0.011702
90.5515775680542,0.30916,0.011722
90.60036778450012,0.046573,0.01165
90.6510694026947,0.05796,0.011668
90.70080327987671,0.065747,0.011523
90.75348711013794,0.076387,0.011609
90.80023050308228,0.089893,0.011526
90.85296082496643,0.09636,0.011623
90.90439796447754,0.10281,0.011625
90.9517970085144,0.10793,0.011635
91.00827145576477,0.11653,0.011598
91.05668950080872,0.12377,0.011605
91.10893750190735,0.12839,0.011557
91.15967154502869,0.13215,0.01161
91.21022629737854,0.13776,0.011624
91.2585928440094,0.14145,0.011637
91.31152129173279,0.14589,0.011618
91.36052989959717,0.15013,0.011597
91.41361284255981,0.15476,0.011535
91.46334838867188,0.16029,0.011604
91.51138353347778,0.16461,0.011613
91.56646823883057,0.17321,0.011567
91.61537718772888,0.17845,0.011599
91.66442704200745,0.18276,0.011592
91.7164363861084,0.18589,0.011634
91.76217222213745,0.19103,0.011535
91.81906270980835,0.19517,0.011244
91.86465239524841,0.19844,0.011321
91.9166362285614,0.20139,0.01165
91.96873259544373,0.21169,0.011614
92.01833605766296,0.21484,0.011601
92.06850576400757,0.21988,0.011605
92.11859583854675,0.22377,0.011684
92.16840386390686,0.22693,0.011649
92.21960377693176,0.23292,0.011631
92.27144479751587,0.23475,0.011651
92.31875729560852,0.24273,0.011603
92.37060689926147,0.24685,0.011605
92.42437410354614,0.25081,0.01158
92.47520780563354,0.25472,0.011601
92.5235686302185,0.25965,0.011629
92.57980918884277,0.26385,0.011608
92.62923336029053,0.26771,0.011648
92.6790599822998,0.27175,0.011611
92.73438906669617,0.27776,0.011626
92.78380346298218,0.28372,0.011634
92.8319616317749,0.2866,0.011639
92.8850793838501,0.29153,0.011633
92.93644261360168,0.29555,0.011625
92.9833345413208,0.29948,0.011655
93.03778982162476,0.3042,0.011633
93.08910322189331,0.30909,0.011611
93.136061668396,0.048107,0.011655
93.18985295295715,0.0654,0.011609
93.24070596694946,0.07616,0.011674
93.28857040405273,0.081747,0.011589
93.34362006187439,0.09492,0.011664
93.39276671409607,0.09876,0.011591
93.44432210922241,0.10529,0.011611
93.49283862113953,0.1152,0.011617
93.54807019233704,0.11892,0.011601
93.60295486450195,0.12243,0.01161
93.64997911453247,0.12716,0.011551
93.70009231567383,0.13303,0.011601
93.75597047805786,0.14128,0.011623
93.80869579315186,0.14673,0.011589
93.85661625862122,0.15243,0.011546
93.90962791442871,0.15579,0.011645
93.95795154571533,0.15705,0.011547
94.00772595405579,0.16457,0.011727
94.05747509002686,0.16981,0.011609
94.10987305641174,0.17309,0.011623
94.15752410888672,0.17845,0.011614
94.20814299583435,0.18604,0.011649
94.2661304473877,0.19007,0.011688
94.3142659664154,0.19509,0.011311
94.36447668075562,0.19931,0.011399
94.41449761390686,0.20224,0.011656
94.47012948989868,0.20544,0.011673
94.51995944976807,0.21053,0.011636
94.5701687335968,0.21871,0.01158
94.62148332595825,0.22279,0.011584
94.67520451545715,0.22567,0.011578
94.7239625453949,0.22983,0.011615
94.77344679832458,0.23585,0.01152
94.82224082946777,0.24005,0.011666
94.87712788581848,0.24376,0.011623
94.9280903339386,0.25089,0.011602
94.97808599472046,0.25487,0.011686
95.02912759780884,0.25868,0.011583
95.07641220092773,0.26275,0.011594
95.13002920150757,0.2676,0.011667
95.18047213554382,0.27147,0.011595
95.2272686958313,0.27555,0.011657
95.27969431877136,0.27865,0.011587
95.32897520065308,0.28456,0.011613
95.37768363952637,0.2886,0.01165
95.43046569824219,0.29347,0.01163
95.4817762374878,0.29852,0.01167
95.53037190437317,0.29932,0.011644
95.58186173439026,0.30893,0.011672
95.63259148597717,0.050493,0.011595
95.68102645874023,0.062547,0.011622
95.73265361785889,0.06512,0.01162
95.79269766807556,0.076013,0.011637
95.84035801887512,0.09236,0.011656
95.89402437210083,0.10261,0.011666
95.94258785247803,0.10631,0.011622
95.99689960479736,0.11383,0.011727
96.04798936843872,0.11628,0.01162
96.09908604621887,0.12143,0.011559
96.14900660514832,0.12717,0.011547
96.20248866081238,0.13071,0.01162
96.24804043769836,0.13661,0.011594
96.30037021636963,0.14573,0.011591
96.3506178855896,0.15151,0.01161
96.40934348106384,0.15348,0.011558
96.45739126205444,0.15785,0.011615
96.51053404808044,0.16437,0.011609
96.5613706111908,0.1688,0.011572
96.61450505256653,0.17285,0.011571
96.66456317901611,0.17839,0.011564
96.71358132362366,0.18164,0.011579
96.76696276664734,0.19103,0.011571
96.81538510322571,0.19511,0.011518
96.86984729766846,0.20033,0.011296
96.91844582557678,0.20129,0.011592
96.97351026535034,0.20635,0.0116
97.01884937286377,0.21147,0.01156
97.07429814338684,0.21456,0.011603
97.11968111991882,0.22259,0.011558
97.17427778244019,0.22568,0.011618
97.22714495658875,0.23068,0.011636
97.27810621261597,0.23467,0.011637
97.32572507858276,0.23876,0.011603
97.37644839286804,0.24271,0.011616
97.42749691009521,0.24987,0.011583
97.47794008255005,0.25457,0.011616
97.52907752990723,0.25772,0.011605
97.5780439376831,0.26159,0.011627
97.62786197662354,0.26657,0.011601
97.68179273605347,0.27063,0.011604
97.72827196121216,0.27452,0.011582
97.78207778930664,0.28139,0.011607
97.83395433425903,0.28555,0.011587
97.87857675552368,0.29025,0.011612
97.93237900733948,0.29331,0.011661
97.98489713668823,0.29832,0.011597
98.0364887714386,0.30211,0.011621
98.0800359249115,0.30529,0.011562
98.13438677787781,0.31076,0.011508
98.18752765655518,0.050293,0.011525
98.23510432243347,0.070533,0.011594
98.28525066375732,0.081213,0.011582
98.33763360977173,0.081213,0.011618
98.38697838783264,0.09996,0.011595
98.43788290023804,0.10513,0.011568
98.49188733100891,0.11125,0.011645
98.54036521911621,0.11633,0.011625
98.5895299911499,0.11991,0.011589
98.64289402961731,0.12597,0.011559
98.69282793998718,0.12949,0.011651
98.74140787124634,0.134,0.011576
98.79424977302551,0.13869,0.011651
98.8438630104065,0.14991,0.011617
98.89244985580444,0.15444,0.011558
98.94639754295349,0.159,0.011629
98.99441933631897,0.16331,0.01167
99.04079127311707,0.16541,0.011629
99.094895362854,0.17197,0.011606
99.14898753166199,0.17304,0.011657
99.19609189033508,0.18033,0.011636
99.24834704399109,0.18769,0.011619
99.29717636108398,0.19088,0.011524
99.35699081420898,0.19515,0.011407
99.40471243858337,0.20221,0.011486
99.45469760894775,0.2052,0.011583
99.50677537918091,0.21041,0.011537
99.55928874015808,0.21544,0.011577
99.60759401321411,0.22044,0.011521
99.65908455848694,0.22357,0.011532
99.70788741111755,0.22759,0.011479
99.75790357589722,0.23165,0.01162
99.80527639389038,0.23667,0.011645
99.85929608345032,0.24175,0.011577
99.91088271141052,0.24464,0.011467
99.9647741317749,0.24856,0.011566
100.01149153709412,0.25264,0.011592
100.06380867958069,0.26163,0.011626
100.11402320861816,0.26451,0.011569
100.16489505767822,0.26943,0.011606
100.21482706069946,0.27345,0.011581
100.2679648399353,0.27747,0.011527
100.31673622131348,0.28245,0.011594
100.36843848228455,0.28539,0.011625
100.41708874702454,0.28924,0.011622
100.47651243209839,0.29827,0.011635
100.52258706092834,0.3012,0.011624
100.57543659210205,0.30411,0.011657
100.62874984741211,0.31259,0.011643
100.67541813850403,0.052027,0.011666
100.72894716262817,0.05704,0.011562
100.7772307395935,0.073,0.0116
100.83004450798035,0.083773,0.011462
100.88052225112915,0.091787,0.011646
100.92892646789551,0.10376,0.011646
100.97924327850342,0.11016,0.011565
101.03193020820618,0.11271,0.011623
101.08075714111328,0.11993,0.011546
101.12849187850952,0.12463,0.0116
101.18199419975281,0.12952,0.011627
101.23042106628418,0.13845,0.011591
101.2817587852478,0.14189,0.011599
101.33629941940308,0.1466,0.011614
101.38669061660767,0.14984,0.011585
101.4333975315094,0.15527,0.011535
101.48547124862671,0.1598,0.011651
101.53536891937256,0.16203,0.011649
101.58486270904541,0.16857,0.011643
101.63499546051025,0.1718,0.011679
101.68957233428955,0.18143,0.011621
101.73788237571716,0.18557,0.011642
101.78796195983887,0.19077,0.011586
101.84161758422852,0.19299,0.011564
101.89088749885559,0.19804,0.011535
101.93954706192017,0.20217,0.011599
101.98979902267456,0.20625,0.011537
102.04273104667664,0.20932,0.011577
102.09304022789001,0.21448,0.011561
102.14284110069275,0.22351,0.011539
102.19092178344727,0.22751,0.011547
102.24277329444885,0.23161,0.011641
102.29455637931824,0.23568,0.011596
102.34044361114502,0.24055,0.011625
102.39278745651245,0.24151,0.011624
102.44366574287415,0.24753,0.011595
102.49614024162292,0.25241,0.011634
102.54493451118469,0.25448,0.01161
102.59809875488281,0.26351,0.011594
102.64999628067017,0.26645,0.011645
102.6981475353241,0.27141,0.011579
102.74826765060425,0.27647,0.01156
102.79912042617798,0.27932,0.011603
102.8506326675415,0.28341,0.011602
102.89785647392273,0.28845,0.011611
102.94996070861816,0.29201,0.011669
102.9949517250061,0.29623,0.011597
103.05112099647522,0.29917,0.011603
103.10060334205627,0.30404,0.011586
103.14713740348816,0.047813,0.011668
103.20017766952515,0.051627,0.011661
103.25579071044922,0.06728,0.011537
103.30795216560364,0.075413,0.011578
103.3563163280487,0.089053,0.011584
103.4106011390686,0.0942,0.01168
103.46045398712158,0.10228,0.011579
103.51051664352417,0.11133,0.0116
103.56193470954895,0.11615,0.011603
103.61240077018738,0.12213,0.0116
103.6638994216919,0.12689,0.011604
103.712158203125,0.13164,0.011602
103.76123142242432,0.1352,0.011575
103.81504964828491,0.14095,0.011607
103.86577343940735,0.14879,0.011609
103.92286491394043,0.15213,0.011645
103.97257614135742,0.15877,0.011733
104.03381252288818,0.16307,0.011769
104.08271336555481,0.17165,0.011705
104.1307909488678,0.17489,0.011673
104.18556833267212,0.17793,0.011666
104.23685193061829,0.18351,0.011642
104.28482031822205,0.18752,0.011653
104.33733606338501,0.19181,0.011497
104.38672590255737,0.19695,0.01152
104.43686890602112,0.20103,0.011524
104.48494029045105,0.20513,0.011574
104.53823804855347,0.20916,0.011623
104.58768343925476,0.21321,0.011565
104.64276075363159,0.22153,0.011615
104.68969964981079,0.22637,0.011619
104.74193024635315,0.22956,0.011627
104.78970861434937,0.23448,0.011577
104.84123682975769,0.23753,0.011523
104.89253163337708,0.24345,0.011567
104.94952988624573,0.24653,0.011652
104.996022939682,0.25059,0.011616
105.05189204216003,0.25871,0.011645
105.1059353351593,0.26343,0.011675
105.16277027130127,0.26632,0.011642
105.21150779724121,0.27139,0.011607
105.26223802566528,0.27431,0.011553
105.31118369102478,0.27844,0.011543
105.36957859992981,0.28629,0.011559
105.4191951751709,0.28923,0.011615
105.473069190979,0.29405,0.011618
105.52194833755493,0.29796,0.011657
105.57277464866638,0.30101,0.011668
105.62543773651123,0.30608,0.01165
105.67155742645264,0.051293,0.011536
105.72573137283325,0.056453,0.011568
105.7742989063263,0.0698,0.011564
105.82721829414368,0.077867,0.011661
105.8819899559021,0.0888,0.011611
105.9319121837616,0.101,0.011575
105.98231172561646,0.1072,0.011611
106.0315489768982,0.11233,0.011593
106.08957099914551,0.11839,0.011604
106.13896155357361,0.12201,0.011564
106.19106531143188,0.12435,0.011482
106.24001026153564,0.13149,0.011573
106.30226302146912,0.14071,0.011591
106.34981155395508,0.14633,0.011604
106.4082179069519,0.15207,0.011653
106.45871639251709,0.15536,0.011672
106.51150059700012,0.15972,0.01173
106.56565260887146,0.16299,0.011759
106.61331033706665,0.17176,0.011738
106.664479970932,0.17703,0.011756
106.71293187141418,0.18024,0.01171
106.76441144943237,0.18664,0.011732
106.8188145160675,0.18876,0.011701
106.8657476902008,0.19373,0.011517
106.92091464996338,0.19791,0.011544
106.96912050247192,0.204,0.011602
107.02091145515442,0.20812,0.011599
107.07320094108582,0.21219,0.011619
107.12235927581787,0.21536,0.011598
107.17142653465271,0.22441,0.011619
107.22342586517334,0.22831,0.011599
107.27619361877441,0.23128,0.011619
107.3235251903534,0.23641,0.011693
107.37480926513672,0.23741,0.01159
107.42227053642273,0.24332,0.01159
107.47522521018982,0.24635,0.011634
107.53163075447083,0.25129,0.011682
107.5822970867157,0.26029,0.011612
107.63117337226868,0.26431,0.011599
107.68313264846802,0.26832,0.011641
107.73298788070679,0.27232,0.011599
107.78298211097717,0.27721,0.011599
107.83380150794983,0.28024,0.011616
107.88048672676086,0.28419,0.011659
107.93233227729797,0.28809,0.011629
107.98748779296875,0.29403,0.011651
108.03555846214294,0.29889,0.011632
108.08634805679321,0.30191,0.011679
108.13525032997131,0.31211,0.011656
108.18723583221436,0.31435,0.011763
108.23872971534729,0.059,0.011582
108.28681230545044,0.06808,0.011635
108.34019923210144,0.07484,0.011657
108.38726472854614,0.095707,0.011611
108.43527436256409,0.099627,0.011585
108.49039959907532,0.10612,0.011621
108.53899455070496,0.11216,0.011552
108.5896463394165,0.11728,0.011581
108.64241051673889,0.12072,0.01151
108.69042921066284,0.12804,0.011615
108.74146294593811,0.13044,0.011615
108.78717803955078,0.13493,0.011615
108.84256196022034,0.14529,0.01159
108.89220929145813,0.14763,0.011611
108.9440176486969,0.15421,0.011668
108.99304366111755,0.15744,0.011677
109.04700040817261,0.16311,0.011794
109.0973174571991,0.16741,0.011742
109.14705014228821,0.17473,0.011719
109.19531059265137,0.17904,0.011662
109.24629306793213,0.18435,0.011652
109.29568409919739,0.18747,0.011718
109.346515417099,0.19057,0.011669
109.39511704444885,0.19587,0.011498
109.44597387313843,0.19993,0.011575
109.49727058410645,0.20403,0.011655
109.54899621009827,0.21243,0.011586
109.59675931930542,0.21531,0.011581
109.65188574790955,0.21828,0.01157
109.69969344139099,0.22328,0.011614
109.75046277046204,0.22633,0.011605
109.8008508682251,0.22945,0.011593
109.85217475891113,0.23847,0.011546
109.89898490905762,0.24368,0.011575
109.95522928237915,0.24649,0.011594
110.00316452980042,0.25149,0.01162
110.05509853363037,0.25349,0.011647
110.108318567276,0.26049,0.011598
110.15977168083191,0.26241,0.011535
110.20905566215515,0.26749,0.011608
110.25827240943909,0.27017,0.011519
110.30648589134216,0.27527,0.011597
110.3600242137909,0.28428,0.011517
110.4096348285675,0.28797,0.011555
110.46331214904785,0.29116,0.011593
110.51300573348999,0.29589,0.011623
110.57274174690247,0.29885,0.011669
110.62117028236389,0.30808,0.011663
110.68018198013306,0.046173,0.011705
110.73014545440674,0.050813,0.011576
110.7800087928772,0.06108,0.011638
110.83229732513428,0.07748,0.011664
110.89053082466125,0.095653,0.011643
110.93906831741333,0.1006,0.011626
110.98633861541748,0.10599,0.011622
111.03870487213135,0.11088,0.011614
111.08761382102966,0.11457,0.011604
111.13849687576294,0.11828,0.011526
111.19400095939636,0.12552,0.011469
111.24573349952698,0.13367,0.011613
111.2912290096283,0.13848,0.011663
111.34447073936462,0.14284,0.011549
111.4014401435852,0.14753,0.011654
111.44949197769165,0.15191,0.011689
111.49952387809753,0.15529,0.011795
111.55119729042053,0.15968,0.011769
111.61060833930969,0.17052,0.011743
111.66349220275879,0.17369,0.011792
111.71234178543091,0.17892,0.011651
111.76526522636414,0.18412,0.011634
111.81389474868774,0.1874,0.011713
111.86406779289246,0.19263,0.011552
111.91556978225708,0.19657,0.011516
111.96472454071045,0.20193,0.011566
112.01567602157593,0.205,0.011575
112.06989455223083,0.20912,0.011614
112.11651039123535,0.21816,0.011527
112.16731595993042,0.22227,0.011605
112.21841239929199,0.22621,0.011602
112.2698974609375,0.22947,0.011614
112.32091236114502,0.23425,0.011541
112.36854076385498,0.23741,0.011604
112.42202019691467,0.24031,0.011613
112.4675395488739,0.24645,0.011634
112.52135634422302,0.25024,0.011615
112.57002544403076,0.25225,0.011679
112.62218141555786,0.26115,0.011552
112.67162609100342,0.2672,0.011591
112.72337603569031,0.27029,0.011538
112.77433347702026,0.27403,0.011558
112.82274794578552,0.279,0.011563
112.87209296226501,0.28203,0.011558
112.92743229866028,0.28497,0.011665
112.97656321525574,0.29109,0.011578
113.02771592140198,0.29489,0.011654
113.07620239257812,0.30163,0.011661
113.12903022766113,0.30563,0.011611
113.17808127403259,0.2866,0.011644
113.22746801376343,0.050707,0.01158
113.27854704856873,0.063693,0.011601
113.32796859741211,0.077187,0.011624
113.37777781486511,0.085467,0.011669
113.42787861824036,0.095653,0.011592
113.48070788383484,0.10199,0.011618
113.52895402908325,0.11084,0.011611
113.57753562927246,0.11439,0.011633
113.6305468082428,0.118,0.011569
113.68048882484436,0.1218,0.011485
113.72636890411377,0.12911,0.011485
113.78012228012085,0.13481,0.011635
113.8318030834198,0.13812,0.011558
113.88161277770996,0.14153,0.011652
113.93991327285767,0.15292,0.011674
113.99751448631287,0.15736,0.011774
114.0455322265625,0.16059,0.011851
114.09483289718628,0.16724,0.011772
114.14764928817749,0.16927,0.011759
114.19777083396912,0.17556,0.011694
114.24814057350159,0.17897,0.011709
114.29832410812378,0.1832,0.011608
114.35224914550781,0.19153,0.011514
114.39885330200195,0.19653,0.011674
114.44672203063965,0.20077,0.011597
114.50196552276611,0.20279,0.011564
114.5563383102417,0.20899,0.011561
114.60903263092041,0.21101,0.011524
114.65511083602905,0.21625,0.01157
114.70772433280945,0.21907,0.011567
114.75860142707825,0.22919,0.011642
114.80901885032654,0.23416,0.011603
114.85858607292175,0.23719,0.01159
114.91178870201111,0.24116,0.011582
114.95986461639404,0.24617,0.011659
115.0108289718628,0.25016,0.011697
115.06060910224915,0.25407,0.011694
115.11308121681213,0.25705,0.011665
115.1648268699646,0.26105,0.011656
115.21068072319031,0.26505,0.011678
115.26320719718933,0.27404,0.011604
115.31282305717468,0.27703,0.011578
115.36637449264526,0.28101,0.011574
115.4118447303772,0.28592,0.011567
115.46375155448914,0.28987,0.011607
115.5166563987732,0.29265,0.011615
115.56619310379028,0.29776,0.011621
115.61692357063293,0.30175,0.011651
115.66623258590698,0.3136,0.011659
115.71842885017395,0.050987,0.011619
115.76901006698608,0.05548,0.011909
115.81891465187073,0.071507,0.011685
115.86941289901733,0.079533,0.011683
115.92338156700134,0.09332,0.011624
115.97061705589294,0.096653,0.011621
116.0280499458313,0.10936,0.011659
116.07586359977722,0.1144,0.011663
116.13048648834229,0.11803,0.011617
116.17861127853394,0.12403,0.011591
116.22701478004456,0.12893,0.011514
116.2798330783844,0.13335,0.011651
116.33385348320007,0.13907,0.011648
116.38291811943054,0.14255,0.011649
116.43460750579834,0.14711,0.011776
116.481271982193,0.1516,0.011856
116.53141808509827,0.15723,0.011794
116.58435225486755,0.16476,0.011969
116.6327338218689,0.17124,0.011856
116.6836290359497,0.17352,0.01177
116.73460650444031,0.17973,0.011737
116.78745317459106,0.18295,0.011657
116.83569645881653,0.18712,0.011605
116.88652110099792,0.19127,0.011614
116.93700385093689,0.19539,0.011669
116.98918080329895,0.19748,0.011564
117.03736853599548,0.20764,0.011584
117.08739733695984,0.21296,0.01156
117.13758635520935,0.21501,0.011554
117.19378066062927,0.21988,0.011454
117.24601984024048,0.22401,0.011584
117.29367971420288,0.22813,0.011659
117.34478163719177,0.23312,0.011587
117.39221119880676,0.23815,0.011647
117.44284009933472,0.2402,0.011706
117.49378991127014,0.24815,0.011711
117.5455150604248,0.25308,0.011763
117.59947657585144,0.25703,0.011664
117.64293599128723,0.26303,0.011707
117.69646000862122,0.26609,0.011686
117.75219011306763,0.26989,0.011575
117.79919600486755,0.27296,0.011585
117.85146188735962,0.27787,0.011517
117.90058517456055,0.28376,0.011647
117.95264315605164,0.28672,0.011594
118.00671935081482,0.28973,0.011572
118.0574746131897,0.29569,0.011644
118.10579204559326,0.30168,0.01161
118.1550281047821,0.30559,0.011682
118.20703554153442,0.044747,0.011472
118.25800728797913,0.055347,0.011843
118.3093729019165,0.06304,0.011657
118.3579695224762,0.071133,0.011554
118.40620183944702,0.087547,0.011627
118.45738554000854,0.096533,0.011679
118.50850558280945,0.099173,0.011627
118.55658602714539,0.10688,0.0117
118.60904741287231,0.11676,0.011619
118.65898275375366,0.12168,0.011605
118.71040487289429,0.12521,0.011457
118.75874423980713,0.12991,0.011578
118.81175661087036,0.13451,0.011494
118.86218118667603,0.14039,0.011675
118.91400694847107,0.14471,0.011784
118.960205078125,0.14929,0.011911
119.01668930053711,0.15816,0.011831
119.06659030914307,0.16373,0.012002
119.11614966392517,0.16707,0.01191
119.16659188270569,0.17009,0.011856
119.22091007232666,0.17339,0.011806
119.26880359649658,0.18181,0.011765
119.31861567497253,0.18617,0.011729
119.36987853050232,0.19119,0.011607
119.42096257209778,0.19536,0.011635
119.47170090675354,0.19852,0.011596
119.51833510398865,0.20372,0.011565
119.57107853889465,0.20675,0.011592
119.61894083023071,0.21197,0.011505
119.67195653915405,0.21899,0.011488
119.72056317329407,0.22388,0.011691
119.77405858039856,0.22803,0.011694
119.82326602935791,0.23211,0.011575
119.87396335601807,0.23599,0.01162
119.92791080474854,0.24001,0.011655
119.97898173332214,0.24415,0.01168
120.02674698829651,0.249,0.011707
120.07759666442871,0.25309,0.011527
120.12877321243286,0.25705,0.011418
120.1797604560852,0.26005,0.011451
120.2293746471405,0.26491,0.011638
120.2802357673645,0.27293,0.011422
120.32748770713806,0.27764,0.011544
120.38096642494202,0.27985,0.011466
120.4312014579773,0.28475,0.011605
120.48738598823547,0.29067,0.011619
120.53543972969055,0.29259,0.011642
120.58757066726685,0.2974,0.011629
120.64028859138489,0.30157,0.011649
120.68638229370117,0.30451,0.011641
120.7374153137207,0.31331,0.011586
120.78961372375488,0.050133,0.011549
120.84060096740723,0.07104,0.011571
120.89461469650269,0.084667,0.011601
120.94394111633301,0.09508,0.011628
121.00010943412781,0.09888,0.011592
121.04977130889893,0.1054,0.011649
121.10315656661987,0.1104,0.011661
121.1567645072937,0.11647,0.011604
121.20339632034302,0.12257,0.011451
121.25478267669678,0.13199,0.011557
121.30643510818481,0.13561,0.011687
121.35612893104553,0.14023,0.011641
121.4050452709198,0.14476,0.011716
121.45779752731323,0.14925,0.01198
121.50906920433044,0.15392,0.011839
121.55566954612732,0.15808,0.011993
121.60542964935303,0.16345,0.012093
121.65681409835815,0.16564,0.011997
121.71116709709167,0.17533,0.011827
121.76010870933533,0.17968,0.011792
121.81171989440918,0.18375,0.011667
121.86039757728577,0.18801,0.011541
121.91183042526245,0.19116,0.011578
121.96443152427673,0.19435,0.011653
122.01170873641968,0.20463,0.01157
122.06351685523987,0.20871,0.011567
122.11848092079163,0.2108,0.011484
122.17188906669617,0.21581,0.011293
122.2208182811737,0.22095,0.011488
122.27171587944031,0.22384,0.011605
122.33377289772034,0.22895,0.011619
122.3821370601654,0.23291,0.011552
122.43092203140259,0.23796,0.011661
122.48388314247131,0.24613,0.011726
122.53540134429932,0.24896,0.011702
122.5812520980835,0.2538,0.011399
122.63997483253479,0.25692,0.011133
122.68616843223572,0.26287,0.011279
122.73950672149658,0.26487,0.011023
122.78933835029602,0.26968,0.010949
122.84137225151062,0.27371,0.011203
122.88918709754944,0.28065,0.010935
122.9410879611969,0.28461,0.011304
122.9913170337677,0.28651,0.01164
123.04221677780151,0.29341,0.011641
123.09070563316345,0.29539,0.01162
123.13979601860046,0.30037,0.011651
123.19104099273682,0.30427,0.011662
123.24286270141602,0.045613,0.011753
123.29578185081482,0.049853,0.011615
123.34325695037842,0.060053,0.011672
123.39397692680359,0.084427,0.011774
123.45010328292847,0.092613,0.01167
123.49673914909363,0.10016,0.011711
123.54982590675354,0.10652,0.011638
123.60122776031494,0.11156,0.011688
123.65031433105469,0.11408,0.011695
123.70084571838379,0.11907,0.011649
123.750244140625,0.12485,0.011548
123.80058979988098,0.12952,0.011657
123.8515932559967,0.14008,0.011714
123.90373992919922,0.14351,0.011798
123.9527850151062,0.1458,0.011858
124.0031304359436,0.15121,0.012027
124.05329012870789,0.15579,0.012154
124.10181045532227,0.16123,0.012178
124.16192626953125,0.16996,0.011967
124.21138072013855,0.17429,0.011906
124.26985144615173,0.17831,0.011785
124.31997418403625,0.18272,0.011598
124.36622667312622,0.1858,0.011603
124.4190137386322,0.19195,0.011678
124.46654295921326,0.19817,0.011631
124.51869630813599,0.19928,0.01165
124.56932210922241,0.2054,0.011569
124.6190812587738,0.20855,0.011452
124.66903352737427,0.21475,0.011161
124.72116112709045,0.21763,0.011102
124.7751727104187,0.22677,0.011605
124.82496190071106,0.23081,0.011624
124.87424397468567,0.23373,0.011574
124.92584681510925,0.23873,0.011655
124.98653101921082,0.2428,0.011593
125.03106045722961,0.24781,0.011534
125.0922737121582,0.25073,0.011415
125.14674043655396,0.25483,0.011198
125.19485759735107,0.26365,0.011198
125.24450778961182,0.26569,0.011077
125.29479956626892,0.27063,0.010957
125.34353995323181,0.27569,0.011114
125.39687657356262,0.27953,0.010884
125.44827914237976,0.28156,0.011668
125.49656414985657,0.28751,0.011593
125.54699945449829,0.29431,0.011663
125.59606003761292,0.29925,0.011666
125.64899706840515,0.30221,0.011651
125.69735455513,0.30883,0.011606
125.74871635437012,0.04556,0.010977
125.80164432525635,0.053333,0.011736
125.8488073348999,0.066613,0.011792
125.89978647232056,0.07332,0.011816
125.95324397087097,0.084293,0.011681
125.99989366531372,0.09624,0.011655
126.04902458190918,0.10652,0.011609
126.10291838645935,0.11157,0.011684
126.15409541130066,0.1152,0.011757
126.20190024375916,0.12133,0.011634
126.252925157547,0.12605,0.011641
126.30321884155273,0.132,0.011603
126.36084175109863,0.13555,0.011622
126.41085290908813,0.1412,0.011811
126.45743680000305,0.14347,0.011858
126.50970077514648,0.15359,0.012139
126.55704188346863,0.15793,0.012209
126.61357760429382,0.16329,0.012308
126.6644971370697,0.16768,0.012143
126.71124863624573,0.17308,0.012126
126.7635748386383,0.17616,0.012125
126.81601476669312,0.18056,0.011765
126.87077760696411,0.1868,0.011565
126.92015433311462,0.19407,0.01166
126.9707498550415,0.1972,0.011648
127.0215117931366,0.20132,0.011608
127.07210993766785,0.20336,0.011638
127.12612438201904,0.20955,0.011429
127.17577648162842,0.21352,0.011062
127.22425842285156,0.21869,0.011127
127.27474856376648,0.22276,0.011629
127.32623338699341,0.22564,0.011595
127.37339115142822,0.23368,0.011584
127.42767286300659,0.23564,0.011658
127.47742915153503,0.24077,0.011695
127.52708005905151,0.24465,0.011542
127.57321524620056,0.25168,0.011379
127.62780928611755,0.25275,0.011423
127.67698955535889,0.25961,0.011584
127.72890305519104,0.26152,0.011694
127.77895617485046,0.26648,0.011175
127.8304750919342,0.27452,0.010846
127.88551139831543,0.27941,0.010876
127.9341230392456,0.28239,0.010749
127.98182916641235,0.28648,0.011362
128.0342311859131,0.2904,0.011659
128.08197903633118,0.29427,0.011613
128.14089941978455,0.29823,0.011639
128.1880967617035,0.30113,0.011598
128.24349975585938,0.044827,0.011821
128.29023909568787,0.05444,0.012381
128.3462541103363,0.065027,0.0118
128.39765119552612,0.070373,0.011792
128.45047807693481,0.08676,0.011795
128.49735713005066,0.096187,0.011738
128.5549876689911,0.1,0.011733
128.60874915122986,0.11137,0.011764
128.65597867965698,0.11761,0.011718
128.70670437812805,0.12115,0.011587
128.7574644088745,0.12593,0.011745
128.81070709228516,0.13313,0.011665
128.86032152175903,0.13761,0.011591
128.90907764434814,0.141,0.011835
128.96314358711243,0.14553,0.012216
129.01359581947327,0.15117,0.012352
129.0722258090973,0.16016,0.012495
129.12291765213013,0.16331,0.012435
129.1728630065918,0.16871,0.01255
129.2246766090393,0.17189,0.01244
129.27309107780457,0.17735,0.012432
129.3242049217224,0.18144,0.011855
129.3734049797058,0.18567,0.011712
129.42340803146362,0.18881,0.011394
129.4743411540985,0.19829,0.01163
129.5235893726349,0.20215,0.011613
129.58144688606262,0.20636,0.011727
129.63092947006226,0.21041,0.011573
129.6803686618805,0.21243,0.011298
129.73236560821533,0.21757,0.011233
129.7833058834076,0.22663,0.011649
129.83265781402588,0.22876,0.011595
129.8835723400116,0.23269,0.011637
129.93799591064453,0.23764,0.011722
129.9880769252777,0.24176,0.011663
130.03645086288452,0.24363,0.011541
130.08644247055054,0.25276,0.011675
130.13840675354004,0.25659,0.011952
130.1908016204834,0.25959,0.012419
130.23775100708008,0.26457,0.011605
130.28927564620972,0.26857,0.011488
130.33731389045715,0.27152,0.010527
130.38797235488892,0.27548,0.011456
130.44030570983887,0.27951,0.011306
130.49063992500305,0.28245,0.011726
130.54260158538818,0.28932,0.011681
130.59260368347168,0.29633,0.011663
130.6439826488495,0.3002,0.01162
130.69407296180725,0.30424,0.011674
130.74257922172546,0.30856,0.011619
130.7921850681305,0.046787,0.011927
130.84082055091858,0.056693,0.01182
130.89261054992676,0.075787,0.011705
130.94687247276306,0.08904,0.011921
131.00318264961243,0.097307,0.011719
131.0523862838745,0.10247,0.011809
131.10278964042664,0.10499,0.011749
131.15333461761475,0.11379,0.011787
131.19984602928162,0.11988,0.012024
131.25331330299377,0.12353,0.011725
131.30411887168884,0.12712,0.011417
131.35121822357178,0.13285,0.011645
131.40493774414062,0.13753,0.011805
131.4518973827362,0.14657,0.012104
131.5065450668335,0.15115,0.012154
131.55764842033386,0.1556,0.01249
131.60515427589417,0.15991,0.012681
131.66006994247437,0.16424,0.01271
131.7116858959198,0.16876,0.01263
131.76564574241638,0.17719,0.012952
131.81768465042114,0.17921,0.012682
131.86942100524902,0.1856,0.012368
131.91874623298645,0.18884,0.011439
131.97372770309448,0.19401,0.011658
132.02891492843628,0.19707,0.011698
132.077778339386,0.20013,0.011734
132.1309530735016,0.21036,0.011577
132.18124508857727,0.21456,0.011611
132.22951817512512,0.21659,0.011233
132.2790846824646,0.22171,0.011562
132.33010387420654,0.22553,0.011607
132.38208389282227,0.23076,0.011675
132.4318335056305,0.23767,0.01168
132.4829273223877,0.24168,0.011713
132.53260254859924,0.24465,0.01153
132.57886266708374,0.24765,0.012355
132.63336539268494,0.25259,0.013387
132.68428468704224,0.25655,0.013285
132.7359790802002,0.26053,0.0133
132.78717875480652,0.26449,0.012898
132.83637642860413,0.27355,0.012175
132.88679265975952,0.27732,0.010703
132.93663668632507,0.28041,0.011685
132.9862720966339,0.28541,0.011238
133.03773641586304,0.29035,0.011575
133.08810472488403,0.29524,0.011683
133.13736200332642,0.29812,0.011673
133.1903133392334,0.30209,0.011673
133.2423915863037,0.30636,0.012402
133.28820061683655,0.045133,0.012666
133.33956050872803,0.051293,0.012033
133.38893747329712,0.06468,0.011653
133.44069981575012,0.069987,0.011813
133.49105644226074,0.09164,0.011851
133.5423562526703,0.10113,0.011729
133.5931272506714,0.10357,0.011741
133.64700055122375,0.10999,0.011887
133.69522523880005,0.11364,0.012079
133.7446413040161,0.12097,0.012003
133.80014872550964,0.13052,0.011371
133.84968400001526,0.13385,0.011597
133.90146231651306,0.13965,0.011633
133.95148158073425,0.14315,0.011844
134.00039219856262,0.14764,0.012336
134.05343008041382,0.15332,0.012705
134.10086822509766,0.15663,0.012898
134.15258240699768,0.16519,0.012778
134.20679640769958,0.16861,0.012917
134.25372505187988,0.17284,0.012798
134.3143289089203,0.17924,0.013105
134.36367893218994,0.18328,0.012432
134.4134931564331,0.18661,0.011803
134.46525287628174,0.19077,0.011447
134.52011251449585,0.19492,0.011619
134.5728735923767,0.20407,0.011606
134.62069821357727,0.20827,0.011628
134.67084765434265,0.2134,0.011693
134.72250175476074,0.2174,0.012189
134.77259731292725,0.22033,0.011256
134.82920575141907,0.22456,0.011627
134.8770158290863,0.22744,0.011639
134.93690729141235,0.23649,0.011681
134.9870855808258,0.23961,0.011702
135.03625416755676,0.24445,0.012239
135.08991742134094,0.24844,0.013403
135.13988828659058,0.25245,0.01335
135.191650390625,0.25645,0.013504
135.24065852165222,0.26153,0.013878
135.29302287101746,0.26835,0.014201
135.34313249588013,0.27143,0.0116
135.3916084766388,0.27525,0.010919
135.44964742660522,0.28028,0.011344
135.50424575805664,0.28416,0.011371
135.55023837089539,0.28932,0.011582
135.60553979873657,0.29113,0.011644
135.66000318527222,0.30009,0.011598
135.70970726013184,0.30489,0.011622
135.7610821723938,0.31024,0.011574
135.80983710289001,0.046493,0.011798
135.86024498939514,0.053507,0.013029
135.90904998779297,0.06984,0.01172
135.95805311203003,0.08328,0.011717
136.00630402565002,0.091413,0.011834
136.06531953811646,0.10225,0.011743
136.11424040794373,0.10601,0.011738
136.16489624977112,0.11355,0.011863
136.21922755241394,0.11713,0.012019
136.2678518295288,0.12333,0.01232
136.31885027885437,0.12555,0.01189
136.3697190284729,0.13167,0.011576
136.41588020324707,0.13727,0.011716
136.4670341014862,0.14425,0.012263
136.51946711540222,0.14851,0.012534
136.5699963569641,0.15104,0.012958
136.6181356906891,0.15639,0.012987
136.67084407806396,0.16304,0.012899
136.72834396362305,0.17056,0.012831
136.77859115600586,0.17381,0.012789
136.82530403137207,0.17813,0.013127
136.8773488998413,0.18224,0.013115
136.93548703193665,0.18936,0.012594
136.98444151878357,0.19363,0.011657
137.03322434425354,0.199,0.011481
137.09196424484253,0.20204,0.01171
137.13712978363037,0.20601,0.011799
137.19236183166504,0.21113,0.012459
137.24153590202332,0.21628,0.012773
137.2916238307953,0.22031,0.011477
137.3412046432495,0.22829,0.011725
137.38976883888245,0.23047,0.01161
137.4425449371338,0.23545,0.011727
137.4928023815155,0.24047,0.01175
137.54756784439087,0.24447,0.012142
137.60030937194824,0.2484,0.014389
137.6500904560089,0.25233,0.014457
137.6985547542572,0.25631,0.01397
137.74916076660156,0.25929,0.014077
137.8001253604889,0.26823,0.013707
137.85180163383484,0.27015,0.013729
137.90046763420105,0.27631,0.011037
137.95730423927307,0.27924,0.014239
138.00731778144836,0.28216,0.011239
138.05586957931519,0.28713,0.011702
138.10695219039917,0.29105,0.011684
138.15748023986816,0.29988,0.011588
138.2092936038971,0.30097,0.011683
138.259450674057,0.31019,0.011649
138.31723403930664,0.046307,0.011769
138.36385416984558,0.05592,0.012142
138.41548800468445,0.0668,0.011792
138.46541261672974,0.080453,0.011671
138.52002787590027,0.0912,0.011752
138.57159543037415,0.09704,0.01172
138.61781001091003,0.10215,0.011725
138.6716969013214,0.11091,0.011951
138.72403836250305,0.11953,0.01232
138.77464938163757,0.12324,0.012273
138.83081912994385,0.12915,0.011277
138.8811445236206,0.13381,0.011721
138.94126272201538,0.13837,0.012099
138.98974132537842,0.14196,0.012383
139.04411363601685,0.153,0.012844
139.09158301353455,0.15651,0.013105
139.14074897766113,0.15963,0.012977
139.19260835647583,0.16528,0.012929
139.2447018623352,0.17055,0.012878
139.2947940826416,0.17472,0.012662
139.34836864471436,0.179,0.012931
139.39498949050903,0.18316,0.013296
139.45776081085205,0.19053,0.012758
139.51207661628723,0.19471,0.011865
139.5628273487091,0.19891,0.011328
139.6083686351776,0.20301,0.011689
139.66206288337708,0.20713,0.011663
139.71058106422424,0.21113,0.012733
139.76073455810547,0.21632,0.013165
139.81275057792664,0.2182,0.011165
139.86597299575806,0.22748,0.011643
139.91815185546875,0.23229,0.011749
139.97257661819458,0.23531,0.011747
140.02464818954468,0.24129,0.012966
140.07435703277588,0.24339,0.014892
140.12269639968872,0.24847,0.015007
140.17961359024048,0.25628,0.013865
140.2270164489746,0.25936,0.013131
140.28318524360657,0.26333,0.013587
140.334890127182,0.26728,0.012813
140.38507509231567,0.27116,0.011017
140.43060111999512,0.27905,0.013284
140.48469758033752,0.28113,0.014779
140.53075575828552,0.28697,0.011424
140.5882179737091,0.29212,0.011649
140.63604259490967,0.29499,0.011749
140.6916904449463,0.29977,0.011489
140.74109745025635,0.30384,0.011558
140.79078722000122,0.30793,0.011795
140.8420114517212,0.045853,0.011975
140.8933641910553,0.054387,0.011911
140.94351267814636,0.066573,0.011718
140.99187445640564,0.088133,0.011614
141.04257726669312,0.096947,0.011858
141.09308886528015,0.10203,0.0119
141.14357566833496,0.10851,0.011829
141.19104933738708,0.11341,0.01211
141.23973631858826,0.11588,0.012218
141.2936577796936,0.12177,0.012595
141.34539532661438,0.12803,0.012059
141.3964388370514,0.13379,0.011743
141.44769191741943,0.13829,0.012182
141.4936718940735,0.14277,0.012445
141.54641962051392,0.14737,0.012839
141.60322976112366,0.15207,0.013203
141.65061569213867,0.16179,0.013531
141.70335745811462,0.16381,0.01275
141.75273203849792,0.16932,0.012535
141.81221890449524,0.1736,0.012373
141.86290073394775,0.17697,0.012931
141.91134428977966,0.18209,0.013219
141.96108531951904,0.18632,0.012587
142.00966262817383,0.19576,0.012479
142.06524419784546,0.19876,0.011211
142.1126036643982,0.20301,0.011709
142.16679453849792,0.20804,0.011763
142.212641954422,0.21203,0.012667
142.26251101493835,0.21611,0.012058
142.31996726989746,0.22024,0.011119
142.36995434761047,0.22423,0.011564
142.41581463813782,0.22831,0.011756
142.46992588043213,0.23635,0.011742
142.51960515975952,0.2392,0.011734
142.56880903244019,0.24436,0.013615
142.61967206001282,0.24632,0.013623
142.6780686378479,0.25235,0.012691
142.73138570785522,0.25632,0.012499
142.78083634376526,0.26416,0.012051
142.83071446418762,0.26824,0.011446
142.88030171394348,0.27119,0.011947
142.92991590499878,0.27699,0.011117
142.97964310646057,0.27915,0.015814
143.0319242477417,0.28385,0.011503
143.082115650177,0.287,0.01167
143.130601644516,0.29608,0.011707
143.1818606853485,0.29887,0.011671
143.23927521705627,0.30261,0.011694
143.28643083572388,0.30575,0.01159
143.3417980670929,0.31193,0.012581
143.39109897613525,0.050307,0.012543
143.43730878829956,0.063733,0.011754
143.49091148376465,0.08536,0.011715
143.54902243614197,0.096893,0.0117
143.59699368476868,0.10063,0.011809
143.64565539360046,0.10589,0.011971
143.70062112808228,0.10833,0.012142
143.75078582763672,0.11559,0.012446
143.79828143119812,0.11815,0.012105
143.84952306747437,0.1278,0.011908
143.8977472782135,0.1348,0.011514
143.95232033729553,0.13833,0.011717
144.00054907798767,0.14389,0.012311
144.05098700523376,0.14729,0.012688
144.10124254226685,0.15285,0.013232
144.15455770492554,0.15841,0.013149
144.20184135437012,0.16273,0.012339
144.25490307807922,0.16708,0.012085
144.30603528022766,0.17141,0.011954
144.35211205482483,0.17557,0.012411
144.40324425697327,0.17988,0.012468
144.45749306678772,0.18923,0.013266
144.50373888015747,0.19248,0.01294
144.55616283416748,0.19759,0.011534
144.60568070411682,0.20067,0.011558
144.65750312805176,0.20565,0.011735
144.7104218006134,0.21095,0.012963
144.76136875152588,0.21404,0.013376
144.80957674980164,0.21693,0.011214
144.85771942138672,0.22315,0.011582
144.90990233421326,0.22521,0.011754
144.95950484275818,0.23227,0.01172
145.01020002365112,0.23812,0.011734
145.0608081817627,0.24131,0.012314
145.11144471168518,0.24615,0.015667
145.1628873348236,0.25104,0.014845
145.21446895599365,0.25608,0.011275
145.26126718521118,0.25819,0.011737
145.31648969650269,0.26401,0.011539
145.36349320411682,0.26815,0.011177
145.41740202903748,0.27184,0.011159
145.4651882648468,0.27393,0.016235
145.51824808120728,0.28187,0.015938
145.56620812416077,0.28779,0.011837
145.6175127029419,0.29176,0.011729
145.6693935394287,0.29577,0.011666
145.7172179222107,0.29981,0.011691
145.765460729599,0.30356,0.011673
145.81848216056824,0.30752,0.012577
145.86810612678528,0.0478,0.011705
145.9199414253235,0.052667,0.011858
145.96749472618103,0.076973,0.011621
146.01893520355225,0.082413,0.011656
146.07189178466797,0.096653,0.011689
146.11958003044128,0.10041,0.011878
146.1719479560852,0.10571,0.012158
146.2230100631714,0.11189,0.012494
146.27929520606995,0.12173,0.013277
146.32849264144897,0.12535,0.013053
146.3839681148529,0.12993,0.011865
146.4316782951355,0.13467,0.011877
146.48781156539917,0.13924,0.012264
146.54511308670044,0.14385,0.012929
146.59234046936035,0.1518,0.013476
146.64407014846802,0.15715,0.013044
146.69853258132935,0.16168,0.012346
146.750426530838,0.16695,0.012034
146.79661679267883,0.17127,0.012228
146.84823632240295,0.17451,0.012488
146.90574550628662,0.18315,0.012152
146.96075177192688,0.18616,0.01302
147.00902938842773,0.19144,0.013562
147.05819010734558,0.19647,0.011166
147.1139693260193,0.19972,0.011537
147.16306376457214,0.20775,0.011649
147.21405673027039,0.21079,0.012052
147.2662627696991,0.21499,0.013681
147.32345604896545,0.21892,0.013093
147.37176609039307,0.22427,0.011639
147.4215269088745,0.227,0.011788
147.47237539291382,0.23215,0.0117
147.52990102767944,0.23517,0.011857
147.58012580871582,0.24412,0.016047
147.62835335731506,0.24905,0.014603
147.67960715293884,0.25003,0.012333
147.7290165424347,0.25703,0.011629
147.78125309944153,0.26004,0.01121
147.83297562599182,0.26495,0.011181
147.8793351650238,0.26889,0.01104
147.94265127182007,0.27099,0.013776
147.99046301841736,0.27976,0.015107
148.04610896110535,0.28405,0.011096
148.09504961967468,0.28865,0.011697
148.14959144592285,0.29167,0.01173
148.2045123577118,0.29667,0.011667
148.2540159225464,0.30055,0.011662
148.30685091018677,0.31141,0.011685
148.35649156570435,0.047667,0.011369
148.40774965286255,0.05636,0.011937
148.46497559547424,0.065933,0.011623
148.51504230499268,0.071373,0.01176
148.56890201568604,0.087653,0.011871
148.6176953315735,0.09772,0.011723
148.667090177536,0.10679,0.01188
148.71832919120789,0.113,0.012307
148.7685525417328,0.11679,0.012952
148.8185658454895,0.12263,0.013419
148.86890244483948,0.12753,0.011358
148.91914701461792,0.13109,0.011865
148.97065448760986,0.13688,0.011764
149.01987886428833,0.14137,0.012541
149.08166313171387,0.15032,0.01303
149.13119554519653,0.15484,0.013574
149.18204832077026,0.15935,0.012149
149.23089742660522,0.16363,0.012046
149.28890824317932,0.16895,0.011907
149.3406949043274,0.17119,0.011791
149.39159560203552,0.18189,0.012023
149.4418842792511,0.18405,0.012616
149.49865674972534,0.18711,0.013534
149.54690551757812,0.19329,0.012818
149.59988927841187,0.1956,0.011405
149.6507601737976,0.20173,0.011718
149.70818829536438,0.20971,0.012003
149.76097774505615,0.21385,0.012194
149.80635023117065,0.21795,0.013486
149.85894227027893,0.21997,0.013751
149.9093382358551,0.22601,0.011674
149.96109676361084,0.23105,0.011762
150.0102882385254,0.232,0.011899
150.05897641181946,0.23696,0.013969
150.11194801330566,0.24485,0.01613
150.1616814136505,0.25071,0.012938
150.2110447883606,0.25297,0.011209
150.2604682445526,0.257,0.011172
150.313054561615,0.25995,0.011194
150.36059522628784,0.26588,0.011203
150.4129228591919,0.26976,0.011179
150.46047592163086,0.27377,0.011742
150.51361656188965,0.28168,0.014497
150.56141471862793,0.28569,0.011005
150.61957263946533,0.28951,0.011809
150.66583466529846,0.29268,0.011741
150.71581649780273,0.29757,0.011678
150.76693487167358,0.30051,0.011672
150.8167884349823,0.30529,0.01174
150.87056612968445,0.040613,0.012093
150.91860485076904,0.054907,0.013014
150.96899914741516,0.065627,0.011978
151.02257251739502,0.07912,0.011688
151.07239961624146,0.092787,0.011619
151.12110352516174,0.099173,0.011761
151.1725356578827,0.10416,0.012128
151.22708415985107,0.10671,0.012213
151.27681684494019,0.11311,0.012874
151.32673406600952,0.12392,0.013398
151.37662386894226,0.12864,0.011678
151.43310856819153,0.13088,0.011592
151.4820396900177,0.13671,0.011759
151.53138947486877,0.14251,0.012936
151.5807626247406,0.14816,0.013757
151.63517308235168,0.15043,0.012721
151.685161113739,0.1548,0.012185
151.7419662475586,0.16459,0.012047
151.78908467292786,0.16889,0.011739
151.83983516693115,0.17329,0.011571
151.88756585121155,0.17748,0.011841
151.94471383094788,0.18283,0.011721
151.99292969703674,0.18707,0.013201
152.0453598499298,0.19028,0.012471
152.09843063354492,0.19631,0.011501
152.152405500412,0.20043,0.011728
152.2012484073639,0.20452,0.011764
152.2487599849701,0.2076,0.012193
152.30200600624084,0.21792,0.013747
152.35363459587097,0.22188,0.011721
152.40147376060486,0.22475,0.011276
152.4544231891632,0.22797,0.011661
152.50513744354248,0.23396,0.011726
152.55070567131042,0.23801,0.013359
152.6036741733551,0.24281,0.015492
152.65437483787537,0.24681,0.011413
152.70525789260864,0.25187,0.011152
152.75844645500183,0.25489,0.011351
152.80643248558044,0.25977,0.011257
152.85830640792847,0.2628,0.011342
152.90695524215698,0.26679,0.011257
152.95683431625366,0.27467,0.011521
153.00906109809875,0.2798,0.01632
153.0682089328766,0.28361,0.012978
153.11759567260742,0.28756,0.01185
153.16678380966187,0.29159,0.011679
153.22053623199463,0.29455,0.011653
153.2705099582672,0.29857,0.011681
153.32418060302734,0.30419,0.011664
153.37584948539734,0.28159,0.011811
153.4249451160431,0.047107,0.012961
153.47076153755188,0.054453,0.011651
153.52922701835632,0.079107,0.011768
153.57491302490234,0.095093,0.01178
153.6243200302124,0.1002,0.011649
153.67643880844116,0.10288,0.01204
153.73411083221436,0.1116,0.012179
153.78098106384277,0.11552,0.013073
153.8323826789856,0.12015,0.013194
153.88249230384827,0.12501,0.011616
153.9384171962738,0.12965,0.011884
153.98713660240173,0.13556,0.012236
154.0401909351349,0.14579,0.012439
154.0864486694336,0.14929,0.013619
154.13693046569824,0.15473,0.013751
154.18856143951416,0.15821,0.012294
154.24154210090637,0.16239,0.01201
154.2884488105774,0.16681,0.011716
154.3381326198578,0.171,0.011384
154.393718957901,0.17416,0.01149
154.44406270980835,0.17961,0.011642
154.493643283844,0.18795,0.012205
154.5448977947235,0.19112,0.01311
154.59681749343872,0.19629,0.012434
154.65137839317322,0.20039,0.011693
154.70032954216003,0.20569,0.011861
154.7528886795044,0.20868,0.013192
154.8065905570984,0.21364,0.013911
154.85185194015503,0.21661,0.011291
154.9059772491455,0.22079,0.011717
154.95488500595093,0.22996,0.011661
155.0059404373169,0.23381,0.011823
155.05461812019348,0.23801,0.011846
155.1057436466217,0.24085,0.013551
155.15895318984985,0.24603,0.01126
155.211354970932,0.24996,0.011177
155.25764417648315,0.25383,0.011465
155.30987524986267,0.25772,0.011431
155.35832333564758,0.26175,0.011499
155.40902948379517,0.27069,0.011457
155.46147274971008,0.27472,0.011767
155.5108208656311,0.27979,0.015405
155.5613875389099,0.28253,0.013106
155.6187584400177,0.28655,0.011257
155.66363382339478,0.29147,0.011703
155.72087121009827,0.29513,0.01167
155.76756691932678,0.29841,0.011671
155.81530499458313,0.30329,0.011625
155.86780786514282,0.30689,0.01117
155.9198603630066,0.054333,0.012728
155.97067856788635,0.065067,0.012064
156.0224325656891,0.070747,0.011862
156.07080960273743,0.086933,0.011778
156.12061643600464,0.09612,0.011694
156.17583537101746,0.10276,0.011986
156.22398328781128,0.11019,0.012142
156.27440118789673,0.11403,0.013419
156.32374811172485,0.11889,0.013738
156.37690663337708,0.12592,0.011464
156.42818999290466,0.13188,0.011471
156.47689032554626,0.13652,0.011921
156.52614164352417,0.14212,0.012289
156.58158159255981,0.14567,0.01305
156.62799263000488,0.15121,0.013965
156.6793565750122,0.15563,0.011757
156.7320806980133,0.15916,0.011886
156.7791564464569,0.16329,0.011498
156.83064460754395,0.16773,0.011371
156.8816204071045,0.17201,0.011333
156.93015909194946,0.1804,0.011318
156.98089838027954,0.18568,0.011882
157.03394842147827,0.18983,0.01265
157.08648586273193,0.19205,0.013705
157.13436579704285,0.19827,0.011485
157.18516206741333,0.20235,0.011702
157.2405080795288,0.20657,0.012199
157.2893991470337,0.21148,0.012871
157.34001803398132,0.21865,0.013775
157.38740611076355,0.22176,0.011162
157.43874287605286,0.22573,0.011578
157.48946237564087,0.23065,0.011775
157.54176425933838,0.23463,0.012371
157.5915539264679,0.23861,0.015587
157.64216947555542,0.24271,0.011644
157.68966245651245,0.24689,0.011178
157.7425549030304,0.24968,0.01136
157.79023790359497,0.25875,0.011467
157.84256315231323,0.26357,0.011539
157.8947446346283,0.26568,0.011481
157.94282960891724,0.26955,0.011474
157.9944188594818,0.27456,0.01154
158.04377508163452,0.27867,0.013552
158.09652662277222,0.28145,0.011291
158.1425793170929,0.2866,0.011776
158.19533824920654,0.29031,0.011674
158.24735736846924,0.29939,0.011667
158.29383444786072,0.30315,0.011647
158.34807682037354,0.30875,0.01159
158.40047907829285,0.04196,0.011492
158.44616556167603,0.0516,0.012029
158.50366306304932,0.05964,0.011807
158.55179953575134,0.074547,0.011706
158.6030876636505,0.086653,0.011695
158.65155386924744,0.0974,0.01179
158.704097032547,0.10251,0.012226
158.7520513534546,0.10759,0.012498
158.80165719985962,0.11639,0.012461
158.85620951652527,0.1224,0.013567
158.9025387763977,0.12829,0.012554
158.9585485458374,0.13176,0.011522
159.0082037448883,0.13763,0.011994
159.05571174621582,0.14117,0.013649
159.1090211868286,0.15005,0.013667
159.15410232543945,0.15239,0.013998
159.20820093154907,0.15679,0.011795
159.25762057304382,0.16113,0.011623
159.31757807731628,0.16653,0.01131
159.37192916870117,0.17067,0.011403
159.4232211112976,0.17512,0.011402
159.47165060043335,0.18457,0.011539
159.52822279930115,0.18673,0.011806
159.57504725456238,0.19207,0.012839
159.6268150806427,0.19511,0.011156
159.67510986328125,0.19912,0.011606
159.72966647148132,0.2044,0.011719
159.78294610977173,0.2074,0.01295
159.83289766311646,0.21241,0.013964
159.88100290298462,0.21773,0.011381
159.93112087249756,0.22477,0.011592
159.98077249526978,0.22757,0.011706
160.03246212005615,0.23393,0.011831
160.0825822353363,0.23772,0.013872
160.13884592056274,0.24276,0.013552
160.18813371658325,0.24657,0.011321
160.23859071731567,0.24871,0.011562
160.2875111103058,0.25456,0.011558
160.34550070762634,0.26059,0.011658
160.39507722854614,0.26465,0.011565
160.4485478401184,0.27063,0.011979
160.49755024909973,0.27465,0.012874
160.54815411567688,0.27852,0.013534
160.60049533843994,0.28248,0.011335
160.6503643989563,0.28551,0.011667
160.7009401321411,0.29445,0.011769
160.76034498214722,0.29745,0.011725
160.80967688560486,0.30221,0.011671
160.8612036705017,0.30517,0.014451
160.91233372688293,0.040987,0.012554
160.96144247055054,0.050187,0.012487
161.01614904403687,0.061947,0.011786
161.06576490402222,0.082387,0.011703
161.11274600028992,0.09592,0.011704
161.16366624832153,0.10007,0.011705
161.2141237258911,0.10631,0.011897
161.26487398147583,0.10891,0.012244
161.3172492980957,0.11507,0.013664
161.3760793209076,0.12107,0.013203
161.4259603023529,0.12589,0.01158
161.4742786884308,0.12829,0.011693
161.52679753303528,0.13767,0.01182
161.58022809028625,0.14225,0.012255
161.6333372592926,0.14895,0.013806
161.6820592880249,0.15344,0.012312
161.7320671081543,0.1568,0.011933
161.78868055343628,0.16129,0.011461
161.83724856376648,0.16543,0.011647
161.88891339302063,0.17625,0.011398
161.9416365623474,0.17916,0.011413
161.99081444740295,0.18355,0.011567
162.04068684577942,0.18779,0.011838
162.09355664253235,0.19191,0.012491
162.14255714416504,0.19701,0.011017
162.1939787864685,0.20039,0.011673
162.24450302124023,0.20431,0.011808
162.29237747192383,0.20837,0.012576
162.34444761276245,0.21651,0.013764
162.39356517791748,0.22169,0.011939
162.44176840782166,0.22368,0.01121
162.49193382263184,0.22971,0.011593
162.55196166038513,0.23265,0.012372
162.59994673728943,0.23687,0.015361
162.65127897262573,0.24163,0.013032
162.70242357254028,0.24559,0.011113
162.75093245506287,0.25071,0.011598
162.8048210144043,0.25743,0.011697
162.85628175735474,0.26045,0.011647
162.90245532989502,0.26543,0.011664
162.95379161834717,0.26943,0.011647
163.0051875114441,0.27144,0.01248
163.05718994140625,0.27745,0.016326
163.1095588207245,0.28143,0.010986
163.15566110610962,0.28941,0.011842
163.20602774620056,0.29339,0.011731
163.2604591846466,0.29835,0.011738
163.30993747711182,0.30007,0.011717
163.36027908325195,0.30409,0.011669
163.41046142578125,0.042133,0.011193
163.46411418914795,0.053533,0.013778
163.51493120193481,0.06724,0.011844
163.56282711029053,0.078,0.011657
163.61557245254517,0.091627,0.011719
163.6631875038147,0.0972,0.011784
163.71436166763306,0.10244,0.011693
163.76439380645752,0.1074,0.01237
163.81999135017395,0.11377,0.012903
163.8633313179016,0.11859,0.013728
163.91831803321838,0.12235,0.011867
163.97040176391602,0.13189,0.011846
164.0188570022583,0.13879,0.011842
164.0721538066864,0.1422,0.012049
164.12006640434265,0.14768,0.013423
164.17116737365723,0.15107,0.012983
164.22269773483276,0.15647,0.011932
164.2724232673645,0.15884,0.011547
164.32393717765808,0.16539,0.011567
164.3783152103424,0.16865,0.011583
164.4314320087433,0.17596,0.011642
164.48012518882751,0.18347,0.011675
164.53568482398987,0.18637,0.011951
164.58154845237732,0.19173,0.013055
164.63582801818848,0.195,0.011345
164.68319177627563,0.19905,0.011137
164.73445892333984,0.20324,0.011725
164.78814053535461,0.20641,0.011982
164.8357458114624,0.20917,0.013363
164.88532638549805,0.21529,0.01166
164.93900442123413,0.22459,0.011397
164.98803281784058,0.22656,0.011719
165.04040932655334,0.2336,0.011805
165.09209632873535,0.23565,0.013921
165.1441149711609,0.24061,0.015269
165.1972255706787,0.24272,0.011117
165.2488214969635,0.2486,0.011578
165.30192589759827,0.25255,0.011684
165.35279846191406,0.26041,0.011673
165.40204763412476,0.26536,0.01161
165.45201301574707,0.26931,0.011784
165.50271368026733,0.27323,0.011617
165.55254530906677,0.27711,0.015892
165.6028003692627,0.28017,0.011026
165.65417885780334,0.28431,0.011763
165.70141291618347,0.28928,0.011707
165.75302457809448,0.29613,0.011666
165.80444836616516,0.30104,0.011612
165.85295629501343,0.30481,0.011625
165.90252709388733,0.30816,0.011555
165.95268750190735,0.048413,0.012816
166.00719380378723,0.050813,0.011692
166.0581078529358,0.06676,0.011882
166.10621166229248,0.078053,0.011763
166.163645029068,0.08872,0.011779
166.21045660972595,0.10364,0.011761
166.26616835594177,0.10743,0.011923
166.31166672706604,0.11488,0.01261
166.36459374427795,0.11723,0.013029
166.4238739013672,0.12335,0.011548
166.47098398208618,0.12928,0.011909
166.5253291130066,0.13281,0.011924
166.57635712623596,0.14323,0.012582
166.62672781944275,0.14536,0.013205
166.6779282093048,0.15096,0.013557
166.72958731651306,0.15316,0.012012
166.7791233062744,0.15985,0.012026
166.82597994804382,0.16212,0.011592
166.87736177444458,0.16737,0.01164
166.92887592315674,0.17271,0.011575
166.97875905036926,0.17811,0.011722
167.03530383110046,0.1854,0.011789
167.0861086845398,0.19067,0.013158
167.13040256500244,0.19467,0.013575
167.1906099319458,0.19677,0.011244
167.23728251457214,0.20107,0.011578
167.29579639434814,0.20508,0.012332
167.3432867527008,0.2112,0.013551
167.39715313911438,0.22043,0.011972
167.4497618675232,0.22144,0.010977
167.50379085540771,0.22841,0.011594
167.55474376678467,0.23145,0.011777
167.6041543483734,0.23647,0.014321
167.65072417259216,0.23951,0.014604
167.70455408096313,0.24449,0.01102
167.75351858139038,0.24839,0.011656
167.80734515190125,0.25416,0.0116
167.85404467582703,0.25959,0.011691
167.90500164031982,0.26253,0.01169
167.95741057395935,0.26728,0.011765
168.0073685646057,0.27037,0.011754
168.0552282333374,0.27616,0.013945
168.10678124427795,0.27823,0.011878
168.16055274009705,0.28515,0.010994
168.20966005325317,0.29112,0.011706
168.25810313224792,0.29515,0.011683
168.30743074417114,0.29709,0.011667
168.3632264137268,0.30195,0.011638
168.4089434146881,0.30808,0.011643
168.45975017547607,0.039227,0.011778
168.5121705532074,0.053133,0.013119
168.56389927864075,0.061213,0.011744
168.6139144897461,0.085853,0.011708
168.67085361480713,0.09552,0.011724
168.7217242717743,0.10099,0.011814
168.7698061466217,0.10731,0.01218
168.82256412506104,0.11101,0.012366
168.87243151664734,0.12061,0.013613
168.91860604286194,0.12315,0.013838
168.97237491607666,0.12801,0.011777
169.01995658874512,0.13371,0.011843
169.0784192085266,0.14064,0.012026
169.1287019252777,0.14387,0.013374
169.17853617668152,0.14859,0.013023
169.22891783714294,0.15291,0.011628
169.27840161323547,0.15852,0.011986
169.32904028892517,0.16619,0.011557
169.38010239601135,0.16949,0.011831
169.43815541267395,0.1748,0.011575
169.48888969421387,0.179,0.011862
169.54319739341736,0.18313,0.011991
169.58970594406128,0.18639,0.013366
169.64405155181885,0.19671,0.01333
169.6906545162201,0.19989,0.011007
169.74021983146667,0.20192,0.011741
169.79218816757202,0.20599,0.011671
169.843731880188,0.21109,0.012522
169.89243340492249,0.2162,0.01171
169.9485719203949,0.22021,0.010988
169.99502182006836,0.22749,0.01164
170.04636430740356,0.23147,0.011827
170.09764981269836,0.23633,0.012357
170.14819765090942,0.24033,0.014696
170.19950604438782,0.24233,0.011396
170.2523491382599,0.25017,0.01171
170.30322194099426,0.25423,0.011633
170.35106492042542,0.25827,0.011808
170.4031844139099,0.26116,0.011665
170.45302271842957,0.2652,0.011737
170.50389528274536,0.26813,0.011628
170.55521774291992,0.27629,0.014448
170.60386610031128,0.28132,0.014975
170.65960001945496,0.28397,0.011343
170.70697331428528,0.28784,0.011664
170.76984810829163,0.29301,0.011695
170.8191635608673,0.29991,0.011681
170.8654065132141,0.30176,0.011691
170.92133688926697,0.30477,0.013775
170.97369074821472,0.043227,0.012068
171.01937174797058,0.055867,0.012943
171.07524061203003,0.07208,0.011756
171.1259114742279,0.085653,0.011877
171.1808362007141,0.095413,0.011757
171.2297239303589,0.10221,0.011836
171.28219532966614,0.10591,0.012297
171.33359789848328,0.10977,0.013394
171.3894031047821,0.11712,0.013908
171.4407570362091,0.128,0.012897
171.49053812026978,0.13156,0.011404
171.53837370872498,0.13492,0.01161
171.5962998867035,0.13833,0.012408
171.6440076828003,0.14619,0.012867
171.69824504852295,0.15073,0.013708
171.74716305732727,0.15629,0.012014
171.80309629440308,0.15965,0.01196
171.85343408584595,0.1684,0.011803
171.91066479682922,0.17151,0.011793
171.95849227905273,0.17675,0.011683
172.00999808311462,0.17885,0.011703
172.06083512306213,0.18535,0.011986
172.11220240592957,0.18853,0.013237
172.16551184654236,0.19381,0.012778
172.22007083892822,0.20111,0.010894
172.2690007686615,0.20496,0.011707
172.32052969932556,0.20999,0.011944
172.37326955795288,0.21304,0.012597
172.41985177993774,0.21813,0.010989
172.47275066375732,0.2232,0.011659
172.52053999900818,0.2272,0.011719
172.57247591018677,0.23141,0.011761
172.62568020820618,0.23525,0.013748
172.67350888252258,0.23831,0.014806
172.72717142105103,0.24623,0.011654
172.77859354019165,0.25024,0.011607
172.82702660560608,0.25519,0.011729
172.87943291664124,0.25931,0.011701
172.92825150489807,0.26408,0.011617
172.97603034973145,0.26823,0.011623
173.02918601036072,0.26905,0.012367
173.08290839195251,0.27613,0.015861
173.13144397735596,0.27899,0.010995
173.18109107017517,0.28384,0.011813
173.23381781578064,0.29101,0.011767
173.28246307373047,0.29488,0.011661
173.3304967880249,0.29983,0.01171
173.38619804382324,0.30288,0.011668
173.43292236328125,0.039987,0.011649
173.48610615730286,0.042587,0.011671
173.5376307964325,0.0556,0.011781
173.588397026062,0.068947,0.012103
173.64051699638367,0.077267,0.011732
173.6933250427246,0.085373,0.011738
173.74204015731812,0.10328,0.011727
173.78996467590332,0.10833,0.012043
173.8460247516632,0.11328,0.012354
173.89526891708374,0.11816,0.013988
173.9502363204956,0.12064,0.012986
174.00134754180908,0.12775,0.011738
174.04983687400818,0.1312,0.011964
174.09805512428284,0.14277,0.012238
174.16154503822327,0.14637,0.013185
174.21137809753418,0.15179,0.014136
174.26144862174988,0.15615,0.011991
174.30906558036804,0.16071,0.011722
174.35998010635376,0.16389,0.01187
174.41004514694214,0.16917,0.011707
174.4720160961151,0.17665,0.01163
174.52022981643677,0.18097,0.011794
174.57194471359253,0.18412,0.011887
174.61901903152466,0.18941,0.012346
174.67164278030396,0.19352,0.01117
174.7234170436859,0.19769,0.011175
174.76986527442932,0.20176,0.011717
174.82438325881958,0.20685,0.011873
174.87055492401123,0.21413,0.013277
174.92266416549683,0.21708,0.014234
174.9734547138214,0.22225,0.011115
175.02556586265564,0.22708,0.011675
175.07680654525757,0.23016,0.012065
175.12848949432373,0.23529,0.014613
175.18256306648254,0.23917,0.015012
175.23610067367554,0.24129,0.011015
175.28376984596252,0.25147,0.011712
175.33522152900696,0.25531,0.01174
175.38551139831543,0.25915,0.011708
175.43726634979248,0.2632,0.011345
175.48363661766052,0.268,0.011677
175.53594946861267,0.27113,0.011708
175.59119296073914,0.27409,0.015815
175.64380478858948,0.27896,0.014205
175.6916434764862,0.28189,0.011603
175.74212408065796,0.29087,0.011687
175.7910680770874,0.29491,0.011747
175.8448314666748,0.29961,0.011744
175.89407014846802,0.30248,0.011714
175.94201159477234,0.30565,0.013017
175.9921157360077,0.047387,0.011704
176.04515314102173,0.055227,0.012036
176.0943193435669,0.0688,0.01167
176.1475031375885,0.082373,0.012062
176.19646072387695,0.093253,0.011904
176.24763941764832,0.10072,0.011785
176.29944801330566,0.10568,0.012259
176.35030150413513,0.10952,0.012496
176.40900349617004,0.11439,0.013703
176.46663117408752,0.12412,0.013723
176.5146083831787,0.13004,0.01189
176.5649688243866,0.13573,0.011981
176.61468195915222,0.13836,0.012706
176.666353225708,0.14385,0.013924
176.71822690963745,0.14973,0.013272
176.7671880722046,0.15408,0.011539
176.820294380188,0.15727,0.012005
176.86815667152405,0.16168,0.01176
176.92089867591858,0.17128,0.011719
176.96983766555786,0.17565,0.011766
177.02193403244019,0.17984,0.011647
177.06881856918335,0.18315,0.011779
177.1208620071411,0.18931,0.012148
177.16728734970093,0.19136,0.012821
177.22150421142578,0.19655,0.012345
177.2695391178131,0.20173,0.011737
177.31878304481506,0.20592,0.012075
177.3732213973999,0.20992,0.013982
177.42451453208923,0.213,0.013435
177.472989320755,0.22211,0.011564
177.52889943122864,0.22517,0.011675
177.57968664169312,0.22903,0.011766
177.63031363487244,0.23413,0.012378
177.6840090751648,0.23712,0.015067
177.73639225959778,0.2422,0.011246
177.78423261642456,0.25005,0.011488
177.840558052063,0.25413,0.011669
177.8911588191986,0.25715,0.011618
177.94893145561218,0.26489,0.011435
178.00025057792664,0.26816,0.011611
178.0530309677124,0.27315,0.011598
178.1011130809784,0.27681,0.013589
178.15358352661133,0.28188,0.01443
178.2019748687744,0.28595,0.011087
178.25462746620178,0.28791,0.011631
178.30228543281555,0.29276,0.011714
178.3607587814331,0.29868,0.011648
178.4103708267212,0.30265,0.011593
178.46132922172546,0.30739,0.013866
178.51056504249573,0.042253,0.012901
178.55644845962524,0.062987,0.012392
178.6107702255249,0.076667,0.012247
178.6650583744049,0.0846,0.012536
178.71732330322266,0.095267,0.012265
178.7682785987854,0.10044,0.011784
178.81708765029907,0.10564,0.012252
178.87544178962708,0.10936,0.013416
178.92481303215027,0.11913,0.013288
178.97948551177979,0.12397,0.014034
179.03032732009888,0.12983,0.011688
179.08137202262878,0.13563,0.012008
179.13120985031128,0.14044,0.012407
179.18289875984192,0.14477,0.014041
179.23732209205627,0.14944,0.013299
179.2860209941864,0.15703,0.011595
179.33706307411194,0.16032,0.011851
179.38716530799866,0.16488,0.011752
179.4401535987854,0.17005,0.011645
179.48923516273499,0.17445,0.011711
179.5385925769806,0.17857,0.011773
179.58978128433228,0.18288,0.011888
179.64044046401978,0.18813,0.011995
179.68977165222168,0.19136,0.012179
179.73926424980164,0.19632,0.01109
179.79666423797607,0.20571,0.011693
179.84672141075134,0.2088,0.011923
179.90048837661743,0.21287,0.012645
179.94793820381165,0.21787,0.01341
180.00328874588013,0.22172,0.011731
180.05642700195312,0.22489,0.011768
180.10711479187012,0.23001,0.011738
180.1575849056244,0.23685,0.012672
180.2075297832489,0.242,0.01534
180.25522327423096,0.24595,0.011347
180.3097460269928,0.24996,0.011599
180.3623652458191,0.25195,0.011715
180.40992188453674,0.25704,0.011447
180.460866689682,0.26199,0.011157
180.51260590553284,0.26296,0.011725
180.56325888633728,0.26804,0.0117
180.61134028434753,0.27784,0.014573
180.66053175926208,0.27987,0.015966
180.71306133270264,0.28465,0.011296
180.76567435264587,0.28871,0.011754
180.81402802467346,0.29357,0.011695
180.8650336265564,0.29865,0.011677
180.91621208190918,0.30249,0.011663
180.96769499778748,0.040347,0.016123
181.01816487312317,0.044413,0.011692
181.07067704200745,0.057387,0.012885
181.1164801120758,0.06708,0.012589
181.1742925643921,0.076653,0.012433
181.22314548492432,0.097773,0.012011
181.2753403186798,0.10168,0.011752
181.3216745853424,0.10675,0.012221
181.37573838233948,0.11284,0.012608
181.4235725402832,0.11787,0.014273
181.47855186462402,0.12155,0.01299
181.52772855758667,0.12759,0.011671
181.57585453987122,0.13211,0.011993
181.6308078765869,0.13688,0.012226
181.67637825012207,0.14149,0.013456
181.72860074043274,0.147,0.014153
181.7779095172882,0.15584,0.011775
181.8299651145935,0.16027,0.01195
181.88102197647095,0.16459,0.01171
181.92923855781555,0.17001,0.011911
181.98193264007568,0.17443,0.011691
182.03682160377502,0.17756,0.011753
182.08945512771606,0.18173,0.011751
182.1378026008606,0.18808,0.011704
182.18591237068176,0.19228,0.011822
182.23887634277344,0.19424,0.010949
182.29364609718323,0.20343,0.011441
182.34120273590088,0.20765,0.011772
182.39047193527222,0.21184,0.012247
182.44439339637756,0.21691,0.014212
182.49359774589539,0.21889,0.013319
182.54110169410706,0.2248,0.011693
182.59307527542114,0.22781,0.011849
182.64328742027283,0.23188,0.013249
182.69553637504578,0.23513,0.015277
182.7441749572754,0.24009,0.012356
182.79973793029785,0.24796,0.010992
182.84823989868164,0.25308,0.011595
182.8972315788269,0.25783,0.011662
182.95148587226868,0.26195,0.010953
182.9980993270874,0.26383,0.011593
183.05072593688965,0.26879,0.011661
183.10503149032593,0.27273,0.012614
183.15223121643066,0.28071,0.016238
183.20192074775696,0.2828,0.011773
183.25328850746155,0.28668,0.011684
183.3033254146576,0.29071,0.011724
183.35175013542175,0.29459,0.011709
183.40533781051636,0.3034,0.011636
183.45482563972473,0.30705,0.011672
183.50551748275757,0.041747,0.011769
183.5578064918518,0.05164,0.012413
183.61877465248108,0.06252,0.012583
183.6682813167572,0.07352,0.013074
183.71588969230652,0.095133,0.012533
183.76870012283325,0.1002,0.011934
183.81827783584595,0.10544,0.011916
183.86947989463806,0.11048,0.012487
183.91764068603516,0.11536,0.013258
183.96741938591003,0.11892,0.014001
184.01805782318115,0.12628,0.01162
184.0715217590332,0.13089,0.011967
184.12405800819397,0.13452,0.011986
184.17386722564697,0.14484,0.012696
184.2318263053894,0.14929,0.014005
184.28042030334473,0.15357,0.011725
184.33057141304016,0.15693,0.01193
184.38309621810913,0.16132,0.01186
184.4400634765625,0.16671,0.011901
184.4921841621399,0.17523,0.011728
184.5434627532959,0.17843,0.011623
184.59461045265198,0.18277,0.011691
184.64289474487305,0.18803,0.011663
184.69319939613342,0.19209,0.011546
184.74209356307983,0.19616,0.011294
184.79671812057495,0.19947,0.011491
184.84054040908813,0.20461,0.011918
184.89618110656738,0.20865,0.013096
184.9440450668335,0.21677,0.013854
184.99800205230713,0.22191,0.011096
185.0467607975006,0.22481,0.011665
185.1001763343811,0.22885,0.011716
185.14686751365662,0.23389,0.012069
185.19641757011414,0.23595,0.015223
185.25061511993408,0.24192,0.011549
185.3012170791626,0.24589,0.011599
185.35066318511963,0.24885,0.011669
185.40027523040771,0.25281,0.011748
185.45332884788513,0.25787,0.011036
185.50241422653198,0.26592,0.011412
185.55738520622253,0.26879,0.011574
185.6060070991516,0.27275,0.011651
185.66130590438843,0.27869,0.013571
185.71183514595032,0.28259,0.011197
185.76231384277344,0.28661,0.011783
185.8122832775116,0.29059,0.011713
185.86057376861572,0.29751,0.011565
185.91142225265503,0.30245,0.011625
185.95979619026184,0.30699,0.011632
186.01298594474792,0.040013,0.014957
186.0615975856781,0.054227,0.011867
186.1112654209137,0.059693,0.012538
186.16518807411194,0.073427,0.013103
186.21446084976196,0.084333,0.012565
186.26944398880005,0.09636,0.012081
186.32186079025269,0.10648,0.011946
186.37870621681213,0.11153,0.012574
186.43176913261414,0.11657,0.013258
186.48227739334106,0.12127,0.014322
186.53460717201233,0.12608,0.011675
186.58276462554932,0.12849,0.012074
186.63311862945557,0.13563,0.011901
186.6847140789032,0.13885,0.012989
186.73455667495728,0.14925,0.014077
186.7827639579773,0.15249,0.013075
186.8318908214569,0.15681,0.011725
186.88245725631714,0.1624,0.011915
186.9369993209839,0.16669,0.01181
186.98617386817932,0.17095,0.011709
187.03694915771484,0.17431,0.011646
187.0872573852539,0.18055,0.011764
187.13877844810486,0.18271,0.011647
187.1854784488678,0.19289,0.011401
187.2396674156189,0.19617,0.011092
187.28717017173767,0.19952,0.011638
187.33890914916992,0.2046,0.011637
187.3883445262909,0.20753,0.012426
187.43924593925476,0.21268,0.013824
187.48755049705505,0.2148,0.011807
187.53867435455322,0.22389,0.011189
187.5913107395172,0.22895,0.011672
187.64033126831055,0.23287,0.011752
187.6886808872223,0.23673,0.012153
187.74219274520874,0.23889,0.014478
187.7931387424469,0.24568,0.011322
187.84523153305054,0.24684,0.011616
187.8964490890503,0.25267,0.011712
187.9461009502411,0.25573,0.011402
187.99905133247375,0.26371,0.010848
188.0478858947754,0.26965,0.011639
188.1015191078186,0.27169,0.011658
188.15016531944275,0.27556,0.015066
188.1996831893921,0.28063,0.011427
188.24667835235596,0.28448,0.011836
188.29888820648193,0.29265,0.011675
188.34824132919312,0.29352,0.011734
188.40183782577515,0.29936,0.011617
188.45148301124573,0.30337,0.011693
188.50460124015808,0.04116,0.011845
188.55300164222717,0.048787,0.011878
188.60646033287048,0.054013,0.013115
188.65786027908325,0.067613,0.013243
188.70498919487,0.078667,0.013237
188.7585699558258,0.0896,0.012387
188.80818700790405,0.10287,0.012331
188.85892009735107,0.10791,0.012309
188.90889143943787,0.114,0.012575
188.96171927452087,0.11635,0.014301
189.01115131378174,0.12379,0.01236
189.06244730949402,0.12737,0.011844
189.11373901367188,0.13433,0.011947
189.16397070884705,0.13896,0.011877
189.21910500526428,0.14483,0.012636
189.26780152320862,0.14928,0.014148
189.31881737709045,0.15251,0.013343
189.3717360496521,0.15927,0.011889
189.41791582107544,0.16265,0.011862
189.46729278564453,0.16896,0.011894
189.5225796699524,0.17104,0.01177
189.56855607032776,0.18055,0.011694
189.62057304382324,0.18472,0.01169
189.6770932674408,0.19001,0.011498
189.7239809036255,0.19211,0.011238
189.77152109146118,0.19724,0.010991
189.82855987548828,0.20139,0.011629
189.88420271873474,0.20464,0.011953
189.93487358093262,0.21053,0.013128
189.9812159538269,0.21772,0.013328
190.03202557563782,0.22172,0.011113
190.08385229110718,0.22472,0.011634
190.13822960853577,0.22993,0.011718
190.18683052062988,0.23484,0.011835
190.23912119865417,0.23783,0.012444
190.28683233261108,0.24276,0.01162
190.34298539161682,0.25064,0.011669
190.39526796340942,0.25371,0.01174
190.44506168365479,0.25764,0.011642
190.49610900878906,0.26177,0.010999
190.54708313941956,0.26565,0.011565
190.59718656539917,0.27044,0.01226
190.64652609825134,0.27349,0.014092
190.69821214675903,0.28248,0.01218
190.75344705581665,0.28649,0.01105
190.8041636943817,0.28855,0.01172
190.8596796989441,0.29347,0.011723
190.9146499633789,0.29725,0.01167
190.96224093437195,0.30225,0.011673
191.01256275177002,0.30608,0.01173
191.07133650779724,0.051093,0.011801
191.12012696266174,0.059227,0.012818
191.169100522995,0.070187,0.013151
191.21957898139954,0.084053,0.013293
191.26929330825806,0.094653,0.012825
191.3191521167755,0.099947,0.012179
191.3735806941986,0.10767,0.012363
191.4212281703949,0.11376,0.012926
191.47391772270203,0.11745,0.013543
191.52124309539795,0.12245,0.013454
191.57519268989563,0.12691,0.011818
191.62663531303406,0.13188,0.011843
191.68374395370483,0.14107,0.01227
191.73145270347595,0.14663,0.012669
191.7858967781067,0.15143,0.013968
191.83460903167725,0.15557,0.012076
191.8850498199463,0.16109,0.01197
191.9379062652588,0.16344,0.011685
191.98389530181885,0.16985,0.011899
192.03811502456665,0.17289,0.011802
192.0891079902649,0.17743,0.011637
192.13625264167786,0.18263,0.011549
192.18882989883423,0.18673,0.011209
192.23451137542725,0.19089,0.011076
192.28785371780396,0.20023,0.011043
192.33742094039917,0.20232,0.011585
192.38998937606812,0.2084,0.01186
192.44159054756165,0.21255,0.012829
192.4904863834381,0.21652,0.012748
192.54081177711487,0.22051,0.011609
192.59094667434692,0.22463,0.011601
192.64256024360657,0.23165,0.011901
192.68969464302063,0.23465,0.011802
192.73920035362244,0.23659,0.014041
192.7914741039276,0.24272,0.012916
192.84274339675903,0.24559,0.011716
192.88960075378418,0.24965,0.011615
192.94175004959106,0.25359,0.011583
192.9938199520111,0.2606,0.011171
193.04187774658203,0.2664,0.011052
193.09274649620056,0.26961,0.01159
193.1413004398346,0.27445,0.011546
193.1964557170868,0.27756,0.015786
193.2469983100891,0.28224,0.011774
193.29551362991333,0.28739,0.011802
193.34884238243103,0.29132,0.011741
193.397198677063,0.29521,0.011677
193.44557070732117,0.2982,0.011649
193.49780559539795,0.30637,0.011614
193.5484766960144,0.04588,0.011221
193.60419511795044,0.054907,0.012014
193.65085530281067,0.064427,0.012871
193.7032790184021,0.075307,0.013108
193.7549216747284,0.08644,0.013247
193.8051836490631,0.09992,0.012577
193.8538715839386,0.10503,0.01254
193.9027271270752,0.10875,0.012415
193.95240092277527,0.11493,0.014199
194.0053734779358,0.11983,0.014409
194.05575394630432,0.12332,0.011851
194.10559368133545,0.12803,0.011982
194.1571695804596,0.13523,0.011857
194.20625519752502,0.14332,0.012482
194.25543594360352,0.14887,0.013843
194.30639171600342,0.15092,0.013761
194.35742282867432,0.15665,0.012132
194.40691328048706,0.16089,0.01199
194.4604377746582,0.16317,0.011795
194.50694370269775,0.16755,0.011772
194.55745029449463,0.17716,0.011784
194.60711359977722,0.17927,0.011745
194.66150784492493,0.18657,0.011663
194.71216654777527,0.18963,0.011304
194.76075983047485,0.19487,0.011169
194.8111972808838,0.20008,0.011253
194.86265230178833,0.2032,0.011832
194.91822600364685,0.20827,0.012518
194.97158002853394,0.21459,0.013392
195.01955604553223,0.21948,0.012942
195.07022261619568,0.22263,0.011501
195.12608003616333,0.22564,0.011872
195.17426466941833,0.23264,0.012774
195.22254037857056,0.23463,0.014438
195.27532625198364,0.23765,0.012551
195.32486057281494,0.24656,0.011025
195.3789577484131,0.25048,0.01161
195.42504358291626,0.25444,0.011678
195.47722053527832,0.25943,0.011408
195.52775621414185,0.26259,0.011398
195.58229660987854,0.26545,0.011646
195.6326892375946,0.27249,0.011582
195.69522786140442,0.27845,0.014699
195.74108934402466,0.28219,0.012418
195.7975058555603,0.28521,0.011757
195.84368515014648,0.29003,0.011746
195.90094900131226,0.29709,0.011746
195.9506311416626,0.30009,0.01164
196.00130367279053,0.30504,0.011685
196.05138397216797,0.040533,0.011791
196.10229015350342,0.047813,0.012633
196.15238881111145,0.061333,0.013256
196.2029583454132,0.0724,0.012555
196.25236988067627,0.079373,0.013327
196.30562138557434,0.0942,0.013255
196.35270881652832,0.10365,0.013175
196.4122793674469,0.10861,0.013285
196.46169710159302,0.11356,0.014337
196.50868916511536,0.1184,0.01402
196.56397581100464,0.12327,0.012389
196.61351370811462,0.12789,0.011839
196.6645827293396,0.13733,0.011771
196.71192622184753,0.14203,0.012109
196.76101303100586,0.14543,0.01295
196.81394219398499,0.15212,0.013985
196.86288595199585,0.15659,0.012767
196.91321563720703,0.16088,0.012078
196.96595454216003,0.16523,0.011845
197.0173180103302,0.16947,0.011805
197.06894612312317,0.17272,0.011806
197.11631894111633,0.18239,0.011886
197.17062425613403,0.18329,0.011694
197.22051668167114,0.19065,0.011596
197.27064442634583,0.19372,0.011154
197.31860494613647,0.19885,0.011549
197.37397718429565,0.203,0.011871
197.4220311641693,0.20708,0.012756
197.47435665130615,0.21019,0.013997
197.5215723514557,0.22028,0.011557
197.57252025604248,0.22344,0.011654
197.62353777885437,0.22443,0.011796
197.67041015625,0.23351,0.011705
197.72688031196594,0.23552,0.012479
197.77564692497253,0.24044,0.014902
197.82209253311157,0.24248,0.011317
197.87636494636536,0.24647,0.011737
197.92472529411316,0.25059,0.011704
197.97442531585693,0.25837,0.011592
198.02504348754883,0.26343,0.011299
198.07971692085266,0.26519,0.011422
198.12702870368958,0.27143,0.011595
198.1790018081665,0.27428,0.016385
198.22795486450195,0.27916,0.011217
198.27833724021912,0.28215,0.011335
198.32811331748962,0.28703,0.011698
198.37777423858643,0.29012,0.011734
198.4302408695221,0.29896,0.011684
198.48008012771606,0.3028,0.011692
198.53313064575195,0.30601,0.011729
198.58194613456726,0.042573,0.011474
198.63410902023315,0.054427,0.013643
198.68170142173767,0.063827,0.012889
198.7291111946106,0.08312,0.01273
198.78067183494568,0.093987,0.012614
198.83462381362915,0.09952,0.013149
198.8854274749756,0.10092,0.012856
198.93498492240906,0.10863,0.013461
198.9893023967743,0.11965,0.014504
199.03944754600525,0.12084,0.014602
199.0897500514984,0.12805,0.012013
199.14086484909058,0.13033,0.011929
199.19242453575134,0.1374,0.011868
199.24269652366638,0.14185,0.01287
199.2956578731537,0.14519,0.014131
199.34317564964294,0.15081,0.012607
199.39363551139832,0.15751,0.012312
199.4422309398651,0.16499,0.012068
199.50254487991333,0.16839,0.011893
199.5515899658203,0.17272,0.011721
199.60044884681702,0.17573,0.011799
199.65604615211487,0.18225,0.011803
199.7098741531372,0.18659,0.01155
199.75810551643372,0.19045,0.011311
199.81210374832153,0.19787,0.011378
199.86182951927185,0.20299,0.01158
199.9104287624359,0.20713,0.011778
199.95984840393066,0.21109,0.012892
200.01191115379333,0.21623,0.014221
200.0611388683319,0.21929,0.014223
200.11021733283997,0.22332,0.01166
200.15838050842285,0.22632,0.011882
200.2128930091858,0.23143,0.012024
200.26007461547852,0.23449,0.015324
200.31486916542053,0.24443,0.012293
200.36473512649536,0.24736,0.011052
200.41237020492554,0.25117,0.011629
200.46237969398499,0.25621,0.011746
200.51984667778015,0.25825,0.011484
200.56818985939026,0.2624,0.011583
200.614501953125,0.26732,0.01158
200.67155385017395,0.27316,0.011615
200.7202184200287,0.28023,0.016098
200.77273750305176,0.28325,0.012132
200.8209900856018,0.28705,0.011787
200.87156081199646,0.29103,0.011741
200.92155194282532,0.29608,0.011785
200.97228336334229,0.29999,0.011711
201.02345514297485,0.30385,0.011675
201.07335090637207,0.036813,0.01148
201.1212821006775,0.049947,0.013035
201.17608761787415,0.063787,0.012381
201.22512650489807,0.071987,0.012277
201.27706718444824,0.085653,0.01284
201.32303667068481,0.091027,0.013545
201.37610292434692,0.099547,0.013586
201.43116188049316,0.10969,0.013252
201.4810483455658,0.11589,0.013685
201.52794432640076,0.11977,0.013504
201.5817904472351,0.12441,0.011904
201.63469672203064,0.12904,0.011811
201.68354201316833,0.13273,0.011861
201.73242902755737,0.14284,0.012158
201.78931593894958,0.14753,0.012973
201.83986639976501,0.15084,0.013408
201.89139223098755,0.15625,0.012331
201.93819165229797,0.15853,0.012187
201.9895784854889,0.16511,0.011971
202.04377365112305,0.16941,0.01174
202.09641647338867,0.17359,0.011665
202.14357686042786,0.18015,0.011749
202.1960780620575,0.18619,0.011756
202.24434113502502,0.19063,0.011697
202.29545974731445,0.19369,0.011517
202.34833216667175,0.19883,0.01154
202.39562582969666,0.20183,0.011866
202.44653224945068,0.20795,0.012053
202.49735760688782,0.21019,0.014121
202.54765582084656,0.21419,0.012905
202.59860348701477,0.22411,0.011396
202.6491072177887,0.22827,0.011623
202.70119071006775,0.23132,0.011887
202.7504014968872,0.23532,0.014508
202.8020098209381,0.2394,0.013707
202.84887552261353,0.24429,0.011738
202.90099239349365,0.2464,0.011716
202.95214891433716,0.25231,0.011633
203.00252842903137,0.25633,0.011664
203.05024409294128,0.26017,0.011581
203.10909175872803,0.26505,0.011625
203.15909624099731,0.27321,0.011646
203.208997964859,0.27624,0.015873
203.26088619232178,0.2802,0.011259
203.30907464027405,0.28403,0.011728
203.35774683952332,0.28804,0.011672
203.41197443008423,0.29207,0.011717
203.46376657485962,0.29689,0.011681
203.51423001289368,0.30473,0.011679
203.56511116027832,0.03828,0.013207
203.624107837677,0.04476,0.0132
203.68053102493286,0.059253,0.012504
203.73256587982178,0.071733,0.012514
203.78274846076965,0.07996,0.012691
203.83026480674744,0.093613,0.013416
203.8818073272705,0.098187,0.013674
203.9311146736145,0.10952,0.01322
203.98418498039246,0.11452,0.013449
204.0329306125641,0.11705,0.014702
204.0833170413971,0.123,0.01335
204.13222789764404,0.12649,0.011757
204.18155312538147,0.1302,0.011906
204.23291993141174,0.13484,0.011893
204.28469157218933,0.14616,0.012303
204.33900117874146,0.14963,0.013735
204.3876235485077,0.15397,0.013731
204.43725037574768,0.15957,0.01228
204.48562121391296,0.16172,0.012103
204.5387670993805,0.16815,0.011914
204.59072923660278,0.17685,0.011732
204.63876128196716,0.17991,0.011749
204.68889021873474,0.18203,0.011821
204.739679813385,0.18847,0.011592
204.78604125976562,0.19367,0.011559
204.83894658088684,0.19889,0.011543
204.89370393753052,0.20297,0.01175
204.94258832931519,0.20695,0.011885
204.9934320449829,0.21109,0.012042
205.044175863266,0.21617,0.012494
205.09116888046265,0.22024,0.011003
205.14135670661926,0.22325,0.011663
205.1905026435852,0.22728,0.011817
205.2459819316864,0.23139,0.012403
205.29602122306824,0.24041,0.014563
205.34247303009033,0.24421,0.012141
205.40160822868347,0.24819,0.011026
205.4509038925171,0.25317,0.011741
205.4989206790924,0.25729,0.011745
205.54816317558289,0.25939,0.011625
205.60497331619263,0.26517,0.011672
205.65254282951355,0.2672,0.011621
205.7149829864502,0.27711,0.0156
205.76323080062866,0.27992,0.014812
205.81421995162964,0.28499,0.011937
205.8649036884308,0.28884,0.011714
205.91421699523926,0.29184,0.011158
205.96250939369202,0.29577,0.011665
206.01891827583313,0.29875,0.011431
206.06953620910645,0.30647,0.011617
206.11892914772034,0.04688,0.013621
206.16906929016113,0.055093,0.014813
206.21722984313965,0.068693,0.012262
206.27380466461182,0.07696,0.012209
206.3255922794342,0.087853,0.012556
206.37429857254028,0.096813,0.013949
206.42198204994202,0.10708,0.013996
206.4750018119812,0.11212,0.013621
206.52812504768372,0.11801,0.01443
206.5779173374176,0.12176,0.015172
206.62689781188965,0.12515,0.014199
206.6776876449585,0.13253,0.011887
206.72545838356018,0.13585,0.011783
206.78197646141052,0.1416,0.012323
206.82895278930664,0.14727,0.013846
206.883127450943,0.15596,0.013876
206.93795704841614,0.15937,0.013011
206.98719906806946,0.16475,0.012398
207.03390383720398,0.16907,0.012116
207.08610224723816,0.17241,0.011805
207.13882112503052,0.17664,0.011698
207.18718719482422,0.1808,0.011817
207.24180054664612,0.18608,0.011767
207.28889656066895,0.18808,0.011686
207.34162306785583,0.19643,0.011656
207.39359211921692,0.20269,0.011596
207.44102144241333,0.20484,0.011862
207.4934322834015,0.21091,0.013545
207.54442739486694,0.21288,0.012875
207.5963912010193,0.21809,0.011093
207.64271092414856,0.22209,0.011673
207.6967966556549,0.23124,0.011821
207.74389743804932,0.23309,0.011771
207.8007471561432,0.23593,0.01527
207.84870052337646,0.24013,0.013147
207.9044325351715,0.24509,0.011793
207.95085525512695,0.24993,0.011705
208.00170469284058,0.25813,0.011765
208.0577347278595,0.26193,0.011727
208.10541462898254,0.26607,0.011584
208.15975713729858,0.27088,0.011658
208.20887875556946,0.27395,0.014679
208.26239037513733,0.27677,0.014722
208.31168508529663,0.28193,0.011672
208.35950255393982,0.28484,0.011756
208.41133213043213,0.28993,0.01171
208.46196055412292,0.29757,0.011717
208.50951766967773,0.30156,0.011673
208.56229043006897,0.30743,0.011666
208.61250281333923,0.0416,0.012064
208.66283702850342,0.049333,0.013038
208.71138548851013,0.06284,0.012187
208.7628722190857,0.07392,0.012002
208.81899452209473,0.079613,0.012787
208.8650164604187,0.10073,0.013465
208.91698217391968,0.10575,0.014304
208.9665699005127,0.11061,0.014069
209.0191309452057,0.11541,0.014209
209.07322192192078,0.11912,0.015131
209.12202215194702,0.12524,0.014243
209.17082047462463,0.13007,0.011779
209.22116661071777,0.13567,0.011671
209.27097988128662,0.13916,0.011773
209.32708144187927,0.14372,0.012372
209.37621355056763,0.15393,0.01377
209.42814326286316,0.15719,0.013675
209.47656345367432,0.16159,0.012836
209.52919387817383,0.16593,0.012524
209.57789969444275,0.17125,0.012162
209.62905931472778,0.17448,0.011943
209.67795634269714,0.18072,0.011763
209.73251056671143,0.18388,0.011704
209.77883124351501,0.19139,0.011657
209.8308300971985,0.19643,0.011621
209.8809688091278,0.19952,0.011741
209.930983543396,0.20147,0.011889
209.9850471019745,0.20569,0.012644
210.03187704086304,0.216,0.014295
210.08333730697632,0.21804,0.014247
210.13811230659485,0.22291,0.011594
210.18460392951965,0.22603,0.011646
210.24128794670105,0.22997,0.0118
210.2935402393341,0.23616,0.012654
210.3389241695404,0.24292,0.014652
210.38957524299622,0.24505,0.012353
210.44085955619812,0.25012,0.01178
210.49974822998047,0.25304,0.011735
210.5454638004303,0.25885,0.011715
210.59765100479126,0.26099,0.011691
210.64857459068298,0.2678,0.01178
210.6980333328247,0.27376,0.011857
210.74901723861694,0.2748,0.016653
210.79957056045532,0.28079,0.012127
210.85082983970642,0.28771,0.011823
210.90327668190002,0.29077,0.011737
210.9543755054474,0.29356,0.011754
211.00709176063538,0.29756,0.011688
211.05468368530273,0.3034,0.011695
211.11782503128052,0.041333,0.011638
211.1649124622345,0.051867,0.011851
211.21477913856506,0.059813,0.014493
211.26555013656616,0.071093,0.012061
211.31863069534302,0.081987,0.012281
211.37317776679993,0.0928,0.013031
211.42096877098083,0.10412,0.014197
211.47144317626953,0.11057,0.014734
211.5244836807251,0.113,0.014222
211.57312440872192,0.12048,0.014928
211.62287545204163,0.12403,0.013709
211.67292046546936,0.12999,0.011894
211.72945880889893,0.13444,0.011722
211.7803521156311,0.13676,0.011903
211.82899522781372,0.14255,0.012199
211.88221716880798,0.15277,0.013533
211.94240713119507,0.15701,0.013519
211.99108815193176,0.16144,0.01379
212.03878474235535,0.16471,0.012614
212.09372329711914,0.17124,0.012127
212.14238572120667,0.17541,0.011801
212.191987991333,0.17769,0.01181
212.24139261245728,0.18499,0.011745
212.2934513092041,0.1922,0.011719
212.34438157081604,0.1964,0.011713
212.3999421596527,0.20057,0.011725
212.44894409179688,0.20447,0.011725
212.49695754051208,0.20865,0.012527
212.55511045455933,0.21272,0.014376
212.60187578201294,0.21792,0.011258
212.66203093528748,0.225,0.011552
212.71395707130432,0.22871,0.011617
212.76953959465027,0.23401,0.011783
212.83775544166565,0.23787,0.015576
212.88710594177246,0.24192,0.011446
212.93680596351624,0.24988,0.011826
212.98905277252197,0.25391,0.011694
213.03685021400452,0.25869,0.011671
213.09307527542114,0.26085,0.011688
213.1404869556427,0.26487,0.011689
213.19032096862793,0.26992,0.011894
213.2434368133545,0.27376,0.014048
213.29326224327087,0.27764,0.012266
213.34554076194763,0.28577,0.010959
213.39660930633545,0.29049,0.011719
213.45043301582336,0.2936,0.01178
213.50358200073242,0.29847,0.011692
213.55021619796753,0.30137,0.011666
213.59836769104004,0.30697,0.011655
213.64980101585388,0.036533,0.011779
213.7099769115448,0.05156,0.012915
213.75699973106384,0.0598,0.012107
213.8049032688141,0.08716,0.012074
213.85842084884644,0.092467,0.012638
213.91314005851746,0.10156,0.013665
213.95769333839417,0.10668,0.014502
214.01168513298035,0.10911,0.014371
214.0616500377655,0.11535,0.014919
214.12061858177185,0.12123,0.013005
214.16843390464783,0.12607,0.011746
214.2164421081543,0.13563,0.01187
214.26949095726013,0.14019,0.01169
214.31691908836365,0.14351,0.011847
214.36885285377502,0.14805,0.012052
214.4236888885498,0.15243,0.013513
214.47153449058533,0.15713,0.013734
214.52478456497192,0.16135,0.012826
214.57636952400208,0.16671,0.012816
214.6283233165741,0.17509,0.01239
214.67338728904724,0.1796,0.011871
214.7281277179718,0.18357,0.011912
214.78231811523438,0.18785,0.011629
214.83558011054993,0.19007,0.011707
214.88855576515198,0.19628,0.011734
214.94083905220032,0.20039,0.011795
214.99145555496216,0.20455,0.011885
215.04065871238708,0.21359,0.013676
215.08934664726257,0.21673,0.014101
215.14824628829956,0.21979,0.011359
215.19499588012695,0.22391,0.011578
215.24834156036377,0.22885,0.01175
215.29920029640198,0.23277,0.013498
215.35210967063904,0.24189,0.01424
215.4030361175537,0.24497,0.011128
215.45950937271118,0.24876,0.011712
215.50972700119019,0.25277,0.011789
215.5605571269989,0.25691,0.011674
215.61256217956543,0.26181,0.011646
215.65951323509216,0.26776,0.011691
215.71187472343445,0.27372,0.011674
215.7669267654419,0.2768,0.014826
215.816570520401,0.28055,0.011018
215.86942625045776,0.2856,0.011828
215.9239900112152,0.28855,0.011737
215.97433185577393,0.29245,0.011643
216.02369046211243,0.29751,0.011629
216.07134580612183,0.30037,0.011651
216.12208890914917,0.041293,0.014231
216.17470121383667,0.048773,0.012538
216.22711062431335,0.059493,0.014681
216.27682423591614,0.07044,0.012007
216.3262038230896,0.081507,0.012277
216.37560367584229,0.09228,0.013311
216.43098711967468,0.097587,0.01361
216.4783239364624,0.10151,0.015144
216.5327832698822,0.11412,0.014805
216.57885360717773,0.11899,0.01486
216.63160014152527,0.12145,0.014973
216.68245840072632,0.12732,0.012618
216.7371244430542,0.13329,0.011656
216.78558325767517,0.13772,0.011838
216.83379817008972,0.14243,0.011792
216.8908393383026,0.15144,0.012011
216.94010972976685,0.15471,0.013502
216.9908390045166,0.16012,0.013538
217.03878593444824,0.16459,0.013491
217.09243822097778,0.16972,0.013369
217.138525724411,0.17301,0.012655
217.19409584999084,0.17719,0.011947
217.2449769973755,0.18367,0.01187
217.30259895324707,0.18999,0.011703
217.35551285743713,0.19303,0.011615
217.4147231578827,0.19807,0.011673
217.46877336502075,0.20145,0.011836
217.52076935768127,0.20653,0.012018
217.56685614585876,0.21471,0.013844
217.6253559589386,0.21861,0.013715
217.67351841926575,0.22181,0.012793
217.72697687149048,0.22681,0.011778
217.77577567100525,0.23084,0.012117
217.8288962841034,0.2358,0.01525
217.87796664237976,0.2408,0.015356
217.92815470695496,0.24592,0.011162
217.9815366268158,0.24867,0.011709
218.029771566391,0.25488,0.011737
218.0824990272522,0.25988,0.011636
218.13019227981567,0.26369,0.011681
218.18324279785156,0.26675,0.011714
218.24440574645996,0.27065,0.012054
218.29099774360657,0.27957,0.016323
218.35148859024048,0.28352,0.011389
218.4008560180664,0.28745,0.01175
218.4513487815857,0.29137,0.011744
218.49953484535217,0.29632,0.011758
218.55135416984558,0.29849,0.011655
218.6014850139618,0.30325,0.011689
218.65291452407837,0.043427,0.013435
218.70228791236877,0.05396,0.014595
218.75721287727356,0.062093,0.012498
218.80180764198303,0.072973,0.012143
218.85560989379883,0.084,0.012486
218.90970492362976,0.092147,0.013186
218.9579586982727,0.10397,0.013991
219.0067994594574,0.10881,0.015059
219.0579812526703,0.11403,0.014735
219.10622119903564,0.11759,0.015108
219.1609649658203,0.12129,0.012311
219.21312522888184,0.13191,0.011914
219.2661473751068,0.13663,0.011596
219.3150110244751,0.14003,0.011756
219.3654546737671,0.14447,0.011833
219.41932129859924,0.14895,0.012672
219.47009110450745,0.15881,0.013316
219.5182237625122,0.16343,0.013432
219.57176446914673,0.16765,0.013562
219.62124967575073,0.17093,0.013161
219.66958570480347,0.17512,0.012319
219.72036600112915,0.18149,0.012482
219.77022528648376,0.18472,0.011804
219.82502508163452,0.18891,0.011663
219.8711712360382,0.19285,0.011657
219.92927718162537,0.19833,0.011696
219.9763216972351,0.20744,0.011783
220.02737879753113,0.20941,0.011942
220.0783679485321,0.21257,0.012741
220.12715792655945,0.21759,0.013946
220.17891240119934,0.22175,0.011019
220.23203921318054,0.22575,0.011761
220.27848505973816,0.22975,0.012209
220.3334846496582,0.23476,0.014342
220.3805320262909,0.2398,0.014492
220.43365478515625,0.24261,0.011214
220.48373746871948,0.24671,0.011703
220.53672432899475,0.2556,0.011737
220.58304810523987,0.26069,0.011703
220.6331467628479,0.26263,0.011677
220.6870448589325,0.26673,0.011715
220.73813891410828,0.27155,0.011898
220.78471732139587,0.27557,0.013264
220.83940505981445,0.28039,0.011048
220.89477729797363,0.28433,0.011801
220.94519066810608,0.28928,0.011717
220.99363613128662,0.29237,0.011711
221.04813981056213,0.29827,0.011696
221.09754705429077,0.29923,0.011698
221.14658069610596,0.03564,0.011854
221.1981406211853,0.048093,0.011862
221.24905252456665,0.056387,0.01239
221.30686330795288,0.067373,0.012288
221.3576741218567,0.079787,0.012344
221.4104232788086,0.089387,0.013141
221.4638066291809,0.10385,0.014077
221.5159981250763,0.10887,0.015051
221.56407976150513,0.11385,0.014756
221.61778688430786,0.11749,0.015091
221.66963028907776,0.12352,0.011857
221.72098588943481,0.12831,0.011881
221.7706925868988,0.13761,0.011738
221.83151364326477,0.14211,0.011752
221.88524556159973,0.14788,0.01175
221.93404030799866,0.15229,0.011801
221.98180103302002,0.15665,0.013052
222.03364539146423,0.15997,0.013516
222.08441615104675,0.16436,0.013552
222.13749265670776,0.16975,0.013182
222.1836199760437,0.17283,0.013175
222.23844718933105,0.18147,0.012558
222.28621172904968,0.18584,0.012118
222.33891081809998,0.18988,0.011926
222.39017939567566,0.195,0.011663
222.44698405265808,0.19905,0.011694
222.49769186973572,0.20228,0.011864
222.54940462112427,0.20832,0.013164
222.5960910320282,0.21232,0.014312
222.64704132080078,0.21557,0.011642
222.7004680633545,0.22556,0.011048
222.74981904029846,0.22865,0.01162
222.79825830459595,0.23255,0.011783
222.85511708259583,0.23664,0.013256
222.9063127040863,0.24281,0.014223
222.9570028781891,0.24664,0.011786
223.0038390159607,0.24957,0.011811
223.05730056762695,0.25488,0.011723
223.1111719608307,0.26152,0.011734
223.15768575668335,0.26451,0.011727
223.209947347641,0.26964,0.011698
223.261732339859,0.27351,0.012216
223.3101670742035,0.27744,0.013657
223.36738920211792,0.28144,0.010998
223.4179539680481,0.28443,0.011676
223.46544885635376,0.28836,0.011778
223.52013874053955,0.29328,0.011683
223.5671010017395,0.30207,0.011709
223.62020230293274,0.30395,0.011687
223.66996145248413,0.040333,0.011946
223.7209403514862,0.047907,0.012303
223.77071619033813,0.064347,0.012796
223.81801176071167,0.070027,0.012385
223.86931109428406,0.08364,0.012413
223.9175877571106,0.095907,0.013706
223.9718358516693,0.101,0.014732
224.02165412902832,0.10364,0.01501
224.06877255439758,0.10991,0.014606
224.12219619750977,0.11983,0.015467
224.16930866241455,0.12339,0.015104
224.2226984500885,0.13052,0.011903
224.26863074302673,0.13511,0.011622
224.32751393318176,0.13977,0.011844
224.37605500221252,0.14213,0.011682
224.42276668548584,0.14768,0.011578
224.4751365184784,0.1554,0.011925
224.52743411064148,0.15893,0.012144
224.5753297805786,0.16424,0.012425
224.62704133987427,0.16865,0.01354
224.68713665008545,0.17388,0.013297
224.73665761947632,0.17825,0.012346
224.7843701839447,0.18233,0.012528
224.83838391304016,0.18955,0.011771
224.88712286949158,0.19388,0.011732
224.93620252609253,0.20005,0.011691
224.9879183769226,0.20307,0.011813
225.0380129814148,0.20735,0.011959
225.08880162239075,0.2114,0.01429
225.1381185054779,0.21548,0.012642
225.18916821479797,0.22031,0.011649
225.2398271560669,0.22759,0.011601
225.28881001472473,0.23156,0.01176
225.34276819229126,0.23652,0.012539
225.3916347026825,0.23851,0.014678
225.442955493927,0.24251,0.013519
225.49317598342896,0.24759,0.011676
225.5444552898407,0.25156,0.011793
225.59374117851257,0.25632,0.011649
225.6499903202057,0.26051,0.011738
225.70036792755127,0.26436,0.011737
225.74768257141113,0.26832,0.012159
225.79890608787537,0.2774,0.014336
225.84869813919067,0.28121,0.016409
225.89967918395996,0.28427,0.011302
225.946444272995,0.2892,0.011842
226.00029349327087,0.29319,0.011698
226.05020785331726,0.29804,0.011682
226.09986543655396,0.29987,0.011668
226.15116119384766,0.30399,0.011209
226.2012197971344,0.04492,0.011806
226.25352597236633,0.0558,0.014511
226.30111598968506,0.064107,0.012431
226.35204982757568,0.0752,0.01223
226.4031834602356,0.088813,0.012895
226.45108437538147,0.096987,0.013929
226.50098419189453,0.1022,0.014727
226.5522744655609,0.10599,0.014525
226.6042206287384,0.11349,0.015238
226.65515422821045,0.12347,0.013846
226.70455765724182,0.12819,0.01213
226.75777864456177,0.13271,0.011948
226.81066226959229,0.13741,0.011764
226.8573215007782,0.14204,0.011867
226.90821075439453,0.14547,0.011617
226.95810508728027,0.15201,0.011615
227.01219868659973,0.15421,0.012101
227.05989956855774,0.16103,0.012873
227.10942029953003,0.16531,0.013191
227.16269826889038,0.16832,0.013622
227.20957136154175,0.17484,0.014121
227.26142954826355,0.18327,0.012899
227.31010222434998,0.18649,0.012194
227.36214661598206,0.18967,0.011798
227.41048741340637,0.19692,0.011643
227.46038913726807,0.19887,0.011699
227.51765632629395,0.20495,0.01201
227.56569361686707,0.20803,0.013228
227.61620211601257,0.21227,0.014254
227.66890025138855,0.21647,0.011133
227.7162504196167,0.22024,0.011211
227.76809549331665,0.22944,0.011832
227.81673550605774,0.23237,0.011747
227.86965680122375,0.23643,0.012346
227.9208047389984,0.24027,0.013748
227.96832299232483,0.24433,0.011572
228.0169050693512,0.24944,0.011722
228.06939601898193,0.25437,0.011727
228.12010025978088,0.2594,0.011691
228.1695535182953,0.26235,0.011679
228.2200996875763,0.26533,0.011713
228.26680254936218,0.27229,0.011851
228.31827068328857,0.27827,0.016199
228.3727786540985,0.28021,0.016203
228.42332983016968,0.28524,0.011185
228.47029066085815,0.29015,0.011733
228.52370142936707,0.29212,0.011744
228.5714704990387,0.298,0.011661
228.623761177063,0.30203,0.011681
228.67623448371887,0.03728,0.011429
228.72438287734985,0.047293,0.011665
228.77273273468018,0.058467,0.013491
228.83001589775085,0.07216,0.012455
228.8793535232544,0.083147,0.01266
228.92901825904846,0.092747,0.013388
228.98066926002502,0.098293,0.013993
229.02501606941223,0.10227,0.014281
229.07629251480103,0.10721,0.014322
229.1261374950409,0.11835,0.014696
229.1775140762329,0.1244,0.013367
229.23479461669922,0.12571,0.011688
229.28477096557617,0.1328,0.011819
229.33477187156677,0.13615,0.011669
229.3852825164795,0.14291,0.011756
229.43573665618896,0.14975,0.011556
229.48908638954163,0.15305,0.011713
229.54113793373108,0.15969,0.011974
229.5905797481537,0.163,0.012627
229.64038109779358,0.16825,0.013506
229.69224381446838,0.17156,0.01383
229.74050402641296,0.17903,0.013955
229.79384875297546,0.18441,0.013174
229.84307622909546,0.18567,0.012611
229.89275884628296,0.19275,0.011607
229.94250202178955,0.19577,0.01165
229.99222946166992,0.201,0.01182
230.04430532455444,0.20501,0.01205
230.0935652256012,0.21011,0.013877
230.14358735084534,0.21424,0.013901
230.19431924819946,0.2174,0.01115
230.24513459205627,0.22216,0.01163
230.29382014274597,0.23039,0.011701
230.34442687034607,0.23449,0.011862
230.3969292640686,0.23833,0.0149
230.44460082054138,0.24241,0.013863
230.50096154212952,0.2464,0.01178
230.54983711242676,0.25031,0.011716
230.60198640823364,0.25436,0.011684
230.652277469635,0.25832,0.011678
230.70032167434692,0.26212,0.011722
230.75392723083496,0.27011,0.011618
230.80146670341492,0.27404,0.012059
230.85139918327332,0.27689,0.012909
230.89958930015564,0.28095,0.011343
230.9524118900299,0.28619,0.011766
231.0012354850769,0.29001,0.011733
231.05276894569397,0.29797,0.011748
231.10108399391174,0.30077,0.011672
231.15006947517395,0.30475,0.011654
231.20390582084656,0.03268,0.011792
231.25692701339722,0.052573,0.013963
231.30354619026184,0.06076,0.012689
231.3556525707245,0.071947,0.012484
231.40754532814026,0.0802,0.01296
231.461279630661,0.09364,0.013516
231.51003527641296,0.098253,0.013925
231.561607837677,0.10969,0.014133
231.609965801239,0.11471,0.014231
231.66115736961365,0.11836,0.015384
231.71520829200745,0.12432,0.012082
231.7618932723999,0.13024,0.011939
231.81784009933472,0.13488,0.011922
231.86608982086182,0.14288,0.011859
231.91756582260132,0.14744,0.011682
231.96500611305237,0.15073,0.011514
232.01674675941467,0.15405,0.011802
232.06906914710999,0.16068,0.011626
232.12227702140808,0.16716,0.012737
232.17093968391418,0.16924,0.013085
232.21958136558533,0.17591,0.013606
232.27420806884766,0.18015,0.014417
232.3200285434723,0.18403,0.012442
232.37479066848755,0.18933,0.011635
232.42250275611877,0.19257,0.011568
232.47360610961914,0.19571,0.011716
232.52338004112244,0.20285,0.01182
232.57353949546814,0.20788,0.012051
232.62078046798706,0.21319,0.012754
232.67393136024475,0.21804,0.014391
232.72441267967224,0.22121,0.011775
232.77484607696533,0.22528,0.011801
232.82191252708435,0.22925,0.011794
232.87434911727905,0.23427,0.012738
232.92497849464417,0.23728,0.015209
232.9772458076477,0.24119,0.011579
233.02828669548035,0.25031,0.011865
233.07729601860046,0.25432,0.011709
233.12536072731018,0.25917,0.011686
233.1791672706604,0.26224,0.011687
233.2272183895111,0.26517,0.01167
233.28016233444214,0.26811,0.01204
233.32919359207153,0.27403,0.014453
233.3808524608612,0.28075,0.014179
233.43020939826965,0.28475,0.010975
233.47673535346985,0.28889,0.011726
233.5269742012024,0.29293,0.01175
233.58027148246765,0.29681,0.011745
233.63242602348328,0.30276,0.011653
233.68320488929749,0.30467,0.011696
233.7271227836609,0.043067,0.013594
233.78077960014343,0.049533,0.013653
233.82934308052063,0.066,0.012823
233.88116240501404,0.07452,0.012649
233.93231678009033,0.085507,0.013151
233.98934674263,0.09348,0.013792
234.03626370429993,0.10209,0.013933
234.08731746673584,0.10691,0.013913
234.13772439956665,0.1158,0.013571
234.18894791603088,0.12285,0.01539
234.2397804260254,0.12651,0.012256
234.29381465911865,0.13245,0.011773
234.34568190574646,0.13481,0.011859
234.39485478401184,0.14055,0.011811
234.4451389312744,0.14497,0.011618
234.4989960193634,0.15421,0.011585
234.54885125160217,0.15836,0.01149
234.60178112983704,0.16275,0.011814
234.6514856815338,0.16825,0.012259
234.7009356021881,0.17127,0.013457
234.75009870529175,0.17676,0.014306
234.80310988426208,0.18084,0.014079
234.85446453094482,0.18397,0.012863
234.90286207199097,0.18936,0.011795
234.95484805107117,0.1946,0.011531
235.00281047821045,0.20179,0.011712
235.05417490005493,0.20685,0.011938
235.10357666015625,0.20996,0.012004
235.15602898597717,0.21309,0.014495
235.20638179779053,0.21793,0.012196
235.2577133178711,0.21988,0.011658
235.30844974517822,0.22596,0.011794
235.35923981666565,0.23003,0.012446
235.41975474357605,0.23805,0.013996
235.46814799308777,0.24143,0.012893
235.52466320991516,0.24627,0.011251
235.57243967056274,0.25123,0.011721
235.62473392486572,0.25501,0.011679
235.67306327819824,0.25895,0.011619
235.72168827056885,0.26309,0.011717
235.77488255500793,0.27105,0.011733
235.82948207855225,0.27496,0.011836
235.87963342666626,0.27797,0.014207
235.92902088165283,0.28293,0.011536
235.9796736240387,0.28688,0.011341
236.02774667739868,0.29093,0.011732
236.0782618522644,0.29484,0.011642
236.13440036773682,0.29965,0.011673
236.1825656890869,0.30291,0.011686
236.2364354133606,0.04416,0.011725
236.28936910629272,0.054987,0.013484
236.3465142250061,0.060387,0.013485
236.39575934410095,0.077227,0.012669
236.44936299324036,0.09064,0.013383
236.5107114315033,0.10188,0.013544
236.55937886238098,0.10697,0.013342
236.60978531837463,0.11211,0.013132
236.6586935520172,0.11456,0.013583
236.71004176139832,0.1204,0.012278
236.76014757156372,0.12509,0.011737
236.8124349117279,0.12888,0.011779
236.8683362007141,0.13691,0.01166
236.91574001312256,0.14609,0.011734
236.96576142311096,0.14831,0.011739
237.0156226158142,0.15385,0.011553
237.0760588645935,0.15739,0.011436
237.12560439109802,0.1626,0.012105
237.17773866653442,0.16684,0.012224
237.22696805000305,0.17237,0.013118
237.27611136436462,0.17663,0.013597
237.32395315170288,0.18301,0.014388
237.37870240211487,0.18825,0.01382
237.42513823509216,0.19341,0.011817
237.48218369483948,0.19741,0.011649
237.53087902069092,0.20055,0.011777
237.57949566841125,0.20677,0.012089
237.63006687164307,0.20887,0.014413
237.68259382247925,0.21289,0.01259
237.73554873466492,0.21889,0.011054
237.78540110588074,0.22295,0.011663
237.83273553848267,0.23112,0.011845
237.88535809516907,0.23521,0.012529
237.93555355072021,0.23825,0.014996
237.98411202430725,0.24224,0.014922
238.03563404083252,0.24724,0.011719
238.08692836761475,0.25223,0.011701
238.1345477104187,0.25509,0.011679
238.1867413520813,0.25909,0.011742
238.2383852005005,0.26513,0.011805
238.28609466552734,0.27095,0.011649
238.34350275993347,0.27497,0.013144
238.3898150920868,0.27985,0.015945
238.4410684108734,0.28171,0.011641
238.49103474617004,0.28663,0.011819
238.545649766922,0.29464,0.011694
238.6012842655182,0.29736,0.011737
238.64986872673035,0.30267,0.011692
238.70325231552124,0.30449,0.012396
238.75188779830933,0.038653,0.011724
238.80319905281067,0.057333,0.013442
238.84983253479004,0.066973,0.012983
238.90374159812927,0.0766,0.012382
238.9536862373352,0.08756,0.012503
239.00539302825928,0.097853,0.013522
239.0573959350586,0.10157,0.012897
239.107271194458,0.11177,0.012951
239.1562647819519,0.11647,0.014288
239.20530223846436,0.12035,0.015049
239.25607323646545,0.12624,0.011926
239.31380462646484,0.1288,0.011859
239.36635184288025,0.13465,0.011733
239.41924929618835,0.14496,0.011798
239.47202444076538,0.14931,0.011611
239.51769757270813,0.15155,0.011512
239.57949566841125,0.15499,0.01145
239.6256136894226,0.1604,0.011481
239.67559695243835,0.17017,0.011442
239.72815132141113,0.17135,0.011792
239.77971649169922,0.17767,0.013594
239.8302140235901,0.18303,0.014165
239.87951493263245,0.18617,0.01356
239.93205666542053,0.19024,0.011839
239.98029565811157,0.19436,0.011644
240.0302336215973,0.19861,0.011713
240.07795643806458,0.20367,0.011855
240.1279284954071,0.21181,0.013265
240.1820249557495,0.21591,0.014419
240.23067116737366,0.21995,0.012786
240.28406643867493,0.22291,0.011236
240.33184599876404,0.22799,0.011826
240.3818485736847,0.23316,0.01303
240.432382106781,0.237,0.014411
240.48594117164612,0.23911,0.011241
240.53493070602417,0.24509,0.011789
240.585608959198,0.24907,0.011678
240.63494873046875,0.25293,0.011682
240.68259739875793,0.25581,0.011642
240.73903965950012,0.26389,0.011667
240.7906551361084,0.26973,0.011682
240.84189462661743,0.27376,0.01178
240.89112496376038,0.27683,0.014293
240.9397852420807,0.28177,0.011376
240.99251866340637,0.28568,0.011779
241.0411376953125,0.2896,0.011737
241.09035563468933,0.29365,0.011745
241.1448221206665,0.30053,0.011642
241.1926188468933,0.30548,0.011632
241.25039505958557,0.035893,0.011642
241.29960346221924,0.047613,0.013343
241.35238432884216,0.057067,0.01303
241.40060114860535,0.06828,0.012594
241.45288276672363,0.092747,0.012978
241.49931383132935,0.0978,0.01341
241.54896545410156,0.10293,0.013343
241.60121774673462,0.108,0.012702
241.65679264068604,0.11041,0.013534
241.7088475227356,0.11757,0.014454
241.7611107826233,0.12617,0.012251
241.8106334209442,0.13097,0.011762
241.85848331451416,0.13563,0.011666
241.9104356765747,0.14023,0.011819
241.96240282058716,0.14589,0.011749
242.01006031036377,0.15153,0.011557
242.06184482574463,0.1548,0.0115
242.11625981330872,0.15819,0.01146
242.1663317680359,0.16461,0.01153
242.2145836353302,0.16791,0.011938
242.26363968849182,0.17228,0.011992
242.3122115135193,0.18167,0.012814
242.3658275604248,0.18607,0.014214
242.41735553741455,0.19119,0.012984
242.46508264541626,0.19543,0.01141
242.513263463974,0.19749,0.011711
242.5659806728363,0.20251,0.011754
242.61722207069397,0.20561,0.012293
242.66928029060364,0.21063,0.013383
242.71636533737183,0.21985,0.014236
242.76904225349426,0.22185,0.011597
242.82077884674072,0.22688,0.011697
242.8707573413849,0.23093,0.011757
242.91934609413147,0.23392,0.012215
242.97078442573547,0.23876,0.012238
243.02417254447937,0.24292,0.011256
243.07887077331543,0.24581,0.011644
243.13156080245972,0.25097,0.011685
243.17990589141846,0.25887,0.011649
243.22612977027893,0.26199,0.01167
243.28284883499146,0.26799,0.011702
243.3282914161682,0.27192,0.011641
243.3827006816864,0.27373,0.015164
243.43003344535828,0.27969,0.011439
243.47865629196167,0.28371,0.011802
243.53194189071655,0.28668,0.011728
243.58404088020325,0.29161,0.011678
243.63580703735352,0.30057,0.011659
243.6855502128601,0.30252,0.011714
243.73775267601013,0.033467,0.011715
243.7868721485138,0.040933,0.011619
243.83583569526672,0.054227,0.013469
243.88651204109192,0.06244,0.012823
243.94145941734314,0.073533,0.012922
243.9882869720459,0.084413,0.013303
244.04581260681152,0.09636,0.013218
244.09561443328857,0.10913,0.012302
244.14701437950134,0.11296,0.013064
244.19814562797546,0.11905,0.013566
244.24817514419556,0.12255,0.01433
244.29838252067566,0.12739,0.011923
244.3478467464447,0.13225,0.011752
244.39807724952698,0.13661,0.011842
244.4503948688507,0.14021,0.011702
244.49992322921753,0.147,0.011669
244.54955434799194,0.15149,0.011589
244.60286712646484,0.15927,0.01149
244.6519157886505,0.16465,0.011525
244.70727682113647,0.16891,0.011485
244.7563829421997,0.17331,0.011801
244.80791211128235,0.17756,0.013084
244.85823941230774,0.18172,0.013879
244.91256403923035,0.18501,0.012813
244.96760892868042,0.19309,0.013687
245.01540875434875,0.1984,0.011351
245.06802248954773,0.20356,0.01167
245.1142454147339,0.20639,0.011909
245.16598463058472,0.21161,0.013035
245.21631622314453,0.21467,0.01299
245.2679169178009,0.2188,0.01131
245.31708645820618,0.22389,0.011748
245.36899662017822,0.22691,0.011819
245.4235942363739,0.23293,0.012426
245.46944999694824,0.24077,0.015169
245.51996111869812,0.24193,0.011352
245.57497000694275,0.24689,0.011757
245.62050652503967,0.25383,0.011714
245.67254114151,0.25687,0.011709
245.73327708244324,0.26183,0.011685
245.7867136001587,0.26675,0.011674
245.83532094955444,0.26977,0.01199
245.88416814804077,0.27373,0.015407
245.93331789970398,0.27771,0.013867
245.98786282539368,0.28251,0.011669
246.03435015678406,0.28657,0.011755
246.0831105709076,0.29359,0.011737
246.1390779018402,0.29659,0.011752
246.18807458877563,0.30239,0.011636
246.23657035827637,0.30437,0.011631
246.2874083518982,0.03932,0.014222
246.34067177772522,0.04844,0.012961
246.3902268409729,0.059587,0.012977
246.43810153007507,0.070453,0.013065
246.48847937583923,0.084147,0.013196
246.53872990608215,0.10028,0.013092
246.5899453163147,0.10287,0.012866
246.64075756072998,0.11037,0.01207
246.6908495426178,0.11525,0.014467
246.74492192268372,0.11891,0.013684
246.79124283790588,0.12485,0.01151
246.84471702575684,0.12959,0.011667
246.89098834991455,0.13303,0.011653
246.94685220718384,0.14347,0.011766
246.9948389530182,0.14693,0.011742
247.04882097244263,0.15235,0.011511
247.09828567504883,0.15691,0.011579
247.15095114707947,0.16241,0.011579
247.1977574825287,0.16669,0.011469
247.25172352790833,0.17217,0.011522
247.30420184135437,0.17532,0.012164
247.35055112838745,0.18045,0.013148
247.40216517448425,0.18488,0.01423
247.45078468322754,0.1888,0.013742
247.50442481040955,0.19619,0.011281
247.55295300483704,0.20241,0.011742
247.60321187973022,0.20552,0.011728
247.65514039993286,0.20955,0.01211
247.70567774772644,0.21345,0.014561
247.75502729415894,0.21859,0.01116
247.80750155448914,0.22269,0.011649
247.86030220985413,0.22553,0.011776
247.9124138355255,0.23073,0.011905
247.95955109596252,0.2378,0.014957
248.02249598503113,0.23975,0.015039
248.07129168510437,0.24679,0.011737
248.11818408966064,0.24889,0.011688
248.17167377471924,0.25379,0.011634
248.21948313713074,0.25785,0.011622
248.274560213089,0.26167,0.011644
248.32292366027832,0.26657,0.011671
248.3752076625824,0.27557,0.01354
248.4222273826599,0.2796,0.016459
248.47474455833435,0.28348,0.014221
248.5210897922516,0.28639,0.011309
248.57504177093506,0.29044,0.011674
248.62382555007935,0.29536,0.011694
248.67656898498535,0.29645,0.011665
248.72904872894287,0.30329,0.011702
248.78181672096252,0.042867,0.011541
248.82968926429749,0.053587,0.012321
248.88469004631042,0.064853,0.012975
248.9317855834961,0.073267,0.013024
248.98058247566223,0.086973,0.01317
249.03470468521118,0.097347,0.013082
249.0861976146698,0.10143,0.011787
249.13391709327698,0.10891,0.012406
249.1871771812439,0.11256,0.013281
249.2347116470337,0.11736,0.01422
249.28468942642212,0.12099,0.012702
249.33929347991943,0.13187,0.011877
249.39087796211243,0.13641,0.011899
249.44286942481995,0.13983,0.011822
249.49337768554688,0.14436,0.011787
249.54108023643494,0.14908,0.011642
249.59233498573303,0.15784,0.01156
249.64543557167053,0.16116,0.011574
249.69701075553894,0.16549,0.011574
249.74289798736572,0.16991,0.011491
249.79647374153137,0.17407,0.011472
249.84934186935425,0.1784,0.012432
249.8963167667389,0.18363,0.013005
249.9458634853363,0.18567,0.014063
249.99986577033997,0.19413,0.013567
250.04791569709778,0.19913,0.011284
250.0986671447754,0.20231,0.011588
250.14842891693115,0.20747,0.01229
250.19939279556274,0.21153,0.014514
250.24881744384766,0.21551,0.011917
250.30515003204346,0.21963,0.011629
250.35690903663635,0.22645,0.0117
250.40666127204895,0.23284,0.011753
250.45669150352478,0.23668,0.012275
250.50408816337585,0.24061,0.014873
250.55884170532227,0.24348,0.01113
250.6092574596405,0.24857,0.011601
250.65926933288574,0.25159,0.011626
250.7111110687256,0.25647,0.011641
250.76179838180542,0.26063,0.01159
250.80921816825867,0.26459,0.011686
250.85828375816345,0.26843,0.012034
250.91394114494324,0.27637,0.015483
250.961088180542,0.2814,0.015111
251.00997591018677,0.28429,0.011762
251.06650280952454,0.28941,0.01167
251.1127369403839,0.29127,0.011686
251.1644275188446,0.29511,0.011663
251.21532487869263,0.30105,0.011628
251.26540994644165,0.30487,0.011784
251.31781125068665,0.03848,0.013889
251.36636996269226,0.04764,0.013246
251.41800498962402,0.072653,0.013052
251.46452951431274,0.080907,0.013082
251.5184531211853,0.0946,0.013221
251.56898379325867,0.09848,0.011922
251.6165750026703,0.10367,0.011944
251.67100524902344,0.10868,0.012311
251.72087502479553,0.11355,0.013833
251.77106094360352,0.1198,0.013793
251.82107996940613,0.12464,0.011574
251.87238144874573,0.13283,0.011895
251.9201683998108,0.13875,0.011715
251.9728684425354,0.14323,0.011931
252.02064418792725,0.14863,0.011781
252.07636380195618,0.15316,0.011705
252.12648391723633,0.15763,0.011558
252.17851305007935,0.16199,0.011636
252.22901439666748,0.16644,0.011523
252.2748098373413,0.17069,0.011442
252.32761907577515,0.1752,0.011537
252.38031029701233,0.17928,0.011772
252.43124318122864,0.18865,0.014074
252.47968220710754,0.19301,0.014354
252.52800726890564,0.19611,0.011351
252.58121156692505,0.20021,0.011671
252.63055443763733,0.2042,0.012012
252.67795872688293,0.20823,0.013246
252.73064184188843,0.21543,0.014474
252.78060841560364,0.21864,0.013078
252.83132433891296,0.22451,0.011732
252.879949092865,0.22843,0.011706
252.9304859638214,0.23165,0.013289
252.9805977344513,0.23656,0.014182
253.0323247909546,0.23965,0.01174
253.08196377754211,0.24485,0.011131
253.13428235054016,0.25075,0.011645
253.18418526649475,0.2556,0.011674
253.2324104309082,0.26064,0.011576
253.28550910949707,0.26268,0.011581
253.3370246887207,0.26748,0.011638
253.38490772247314,0.27217,0.015947
253.4361970424652,0.27633,0.014567
253.48882126808167,0.27952,0.011029
253.5366005897522,0.28423,0.011678
253.5864646434784,0.28809,0.01167
253.63673400878906,0.293,0.01168
253.68826603889465,0.29801,0.011694
253.73818063735962,0.30477,0.011591
253.78662037849426,0.03452,0.011735
253.84624814987183,0.04236,0.012013
253.89475512504578,0.053067,0.013253
253.9455645084381,0.075467,0.013022
253.99403882026672,0.08652,0.013034
254.04507040977478,0.09724,0.013189
254.09374856948853,0.10229,0.012098
254.14655113220215,0.10619,0.0118
254.1989119052887,0.11001,0.013332
254.24894046783447,0.11741,0.013887
254.29775285720825,0.12103,0.01272
254.34515070915222,0.12583,0.01157
254.3979036808014,0.1354,0.012111
254.44623398780823,0.13989,0.011701
254.49835228919983,0.14548,0.011932
254.54521822929382,0.14779,0.011912
254.59865880012512,0.15348,0.011581
254.64935731887817,0.15891,0.011633
254.700541973114,0.16415,0.011739
254.7489845752716,0.17083,0.011665
254.79796361923218,0.17297,0.011515
254.84656071662903,0.17833,0.011502
254.90378880500793,0.18265,0.012947
254.95196628570557,0.18673,0.013967
254.99988651275635,0.19084,0.013899
255.0538148880005,0.19399,0.011545
255.10233116149902,0.20423,0.011686
255.1536943912506,0.20545,0.01179
255.2018060684204,0.21047,0.012428
255.25395488739014,0.21345,0.012556
255.30118203163147,0.21953,0.012556
255.354234457016,0.22252,0.0117
255.40383672714233,0.22764,0.011767
255.45460033416748,0.22959,0.012439
255.50082564353943,0.23555,0.01514
255.5544159412384,0.24364,0.011517
255.60698819160461,0.2466,0.011612
255.65701031684875,0.25132,0.01165
255.70400166511536,0.25652,0.01168
255.75646209716797,0.25969,0.011625
255.80652141571045,0.26344,0.011706
255.85842299461365,0.26849,0.011728
255.9037742614746,0.2726,0.015231
255.95786714553833,0.27535,0.014979
256.0065948963165,0.27825,0.012805
256.0572965145111,0.28645,0.011505
256.10521817207336,0.29219,0.011767
256.1574604511261,0.29419,0.011631
256.2095093727112,0.30023,0.011726
256.25720500946045,0.30392,0.011668
256.3097937107086,0.03592,0.011711
256.3567249774933,0.042107,0.01285
256.41179299354553,0.057147,0.013173
256.4602382183075,0.06968,0.013206
256.5051341056824,0.080747,0.013049
256.557785987854,0.091733,0.01275
256.61079573631287,0.10093,0.01179
256.65951895713806,0.10847,0.012194
256.71492528915405,0.11108,0.012701
256.7631187438965,0.11865,0.013905
256.8115346431732,0.12228,0.01267
256.86387944221497,0.12809,0.011724
256.90949034690857,0.13293,0.011853
256.96382427215576,0.13629,0.011991
257.01308012008667,0.14304,0.011974
257.0678925514221,0.15112,0.012011
257.11841201782227,0.15657,0.011607
257.16348934173584,0.16095,0.011777
257.2141225337982,0.16411,0.011736
257.26602959632874,0.16757,0.011773
257.317373752594,0.17383,0.011615
257.3676998615265,0.17813,0.011692
257.41588044166565,0.18143,0.013073
257.4644753932953,0.1856,0.014255
257.51721239089966,0.19191,0.013438
257.56632351875305,0.19596,0.011611
257.61802673339844,0.19915,0.011774
257.6706209182739,0.20827,0.012209
257.72253918647766,0.21336,0.0137
257.77195739746094,0.21648,0.013305
257.82290601730347,0.22057,0.011739
257.87179827690125,0.22455,0.011699
257.9203336238861,0.22645,0.011793
257.9733169078827,0.23553,0.013094
258.0235695838928,0.23935,0.015253
258.0731554031372,0.24352,0.011564
258.12730383872986,0.24448,0.011722
258.1744329929352,0.24867,0.011619
258.22705602645874,0.25457,0.011594
258.2739233970642,0.25867,0.011632
258.3305444717407,0.26648,0.011729
258.38083124160767,0.2704,0.011583
258.43029379844666,0.27333,0.011863
258.4802505970001,0.27833,0.016572
258.5374929904938,0.28131,0.011769
258.58866572380066,0.2884,0.011697
258.6392457485199,0.29016,0.011689
258.69052958488464,0.29424,0.011709
258.7400062084198,0.30415,0.011674
258.7894606590271,0.031947,0.014184
258.8428735733032,0.04452,0.011856
258.89358496665955,0.052933,0.012479
258.9523296356201,0.066813,0.01328
259.0034637451172,0.075173,0.01318
259.05178475379944,0.088707,0.012627
259.0988779067993,0.10224,0.01183
259.1537711620331,0.10345,0.011593
259.2019853591919,0.11233,0.012155
259.2519459724426,0.11489,0.013116
259.30205607414246,0.12199,0.014111
259.3538818359375,0.12552,0.013354
259.4089422225952,0.1326,0.011907
259.4574544429779,0.13621,0.011841
259.508278131485,0.142,0.011968
259.56139302253723,0.14637,0.01234
259.6167616844177,0.15428,0.011685
259.6681318283081,0.15981,0.011663
259.7189657688141,0.16315,0.011726
259.77071952819824,0.1684,0.011763
259.81973123550415,0.17277,0.011665
259.870947599411,0.18025,0.011725
259.9186155796051,0.18327,0.011826
259.9678134918213,0.18743,0.012263
260.0173797607422,0.19176,0.014203
260.07024359703064,0.19583,0.011186
260.1244230270386,0.20108,0.011722
260.1736145019531,0.20925,0.01237
260.2224745750427,0.21136,0.012194
260.2708761692047,0.21544,0.013673
260.32478952407837,0.21739,0.011556
260.3720335960388,0.22237,0.011687
260.42552065849304,0.22623,0.011837
260.4738607406616,0.23444,0.011821
260.5244424343109,0.23941,0.014421
260.57430028915405,0.24241,0.013729
260.6249270439148,0.24733,0.011119
260.6765215396881,0.25048,0.011668
260.7265501022339,0.25532,0.011566
260.77796030044556,0.25729,0.011628
260.8261525630951,0.26649,0.011622
260.8778510093689,0.27037,0.011626
260.93051767349243,0.27433,0.012002
260.97887682914734,0.27821,0.016003
261.0268840789795,0.28213,0.013511
261.0808629989624,0.28621,0.011706
261.12673354148865,0.29085,0.011689
261.1838357448578,0.29395,0.01171
261.2334294319153,0.29703,0.011674
261.2828869819641,0.03276,0.011659
261.33211636543274,0.041747,0.013166
261.3835492134094,0.046907,0.011804
261.43430280685425,0.05792,0.013231
261.48665833473206,0.069093,0.013189
261.53535866737366,0.081413,0.013124
261.58398842811584,0.09836,0.01193
261.63706064224243,0.10329,0.011585
261.6858389377594,0.10817,0.012209
261.7369809150696,0.112,0.012175
261.78646326065063,0.11828,0.01397
261.8363034725189,0.12177,0.011785
261.8854868412018,0.12784,0.011775
261.93765354156494,0.13152,0.011918
261.98797702789307,0.14065,0.012002
262.03841972351074,0.14409,0.012157
262.08985710144043,0.15076,0.012537
262.13981890678406,0.15515,0.011522
262.1986520290375,0.15951,0.011684
262.24552965164185,0.16373,0.011737
262.2964873313904,0.16813,0.011715
262.346111536026,0.17239,0.011727
262.3984696865082,0.18196,0.011869
262.44825053215027,0.18507,0.011866
262.504869222641,0.19029,0.01352
262.55406975746155,0.19456,0.013527
262.6050000190735,0.19745,0.011682
262.65606212615967,0.20168,0.012016
262.7043557167053,0.20603,0.012903
262.7521562576294,0.21076,0.014399
262.8076500892639,0.21492,0.01261
262.8543665409088,0.22295,0.01152
262.90622568130493,0.22705,0.011738
262.956218957901,0.232,0.011862
263.0066726207733,0.23528,0.012058
263.0598292350769,0.24024,0.014809
263.10726141929626,0.24527,0.011564
263.15943932533264,0.24832,0.011663
263.20674109458923,0.25523,0.01174
263.2592167854309,0.25924,0.011581
263.30829548835754,0.26105,0.011647
263.36174845695496,0.2642,0.011607
263.4092786312103,0.26996,0.012765
263.46007919311523,0.27591,0.015584
263.5194911956787,0.27993,0.014097
263.56734561920166,0.28473,0.011061
263.6201295852661,0.28779,0.011679
263.6673491001129,0.29305,0.011696
263.7197012901306,0.29579,0.011634
263.76692962646484,0.30065,0.011646
263.8192720413208,0.03344,0.014006
263.87730526924133,0.046493,0.011962
263.92603302001953,0.05752,0.013196
263.97777366638184,0.06308,0.013313
264.02749466896057,0.076947,0.013099
264.07473373413086,0.085253,0.011888
264.12741136550903,0.097813,0.011641
264.1779582500458,0.10043,0.01204
264.2244064807892,0.11321,0.012367
264.2763922214508,0.11685,0.013642
264.33046412467957,0.12035,0.014023
264.37969517707825,0.12629,0.012281
264.42849922180176,0.13357,0.011688
264.4792058467865,0.13801,0.011786
264.5321877002716,0.14049,0.012201
264.57952213287354,0.14631,0.012741
264.6312880516052,0.14948,0.011995
264.68028235435486,0.15499,0.011393
264.7287857532501,0.16377,0.011759
264.78523683547974,0.16923,0.011735
264.8323664665222,0.17357,0.011705
264.88151383399963,0.17769,0.011682
264.93394112586975,0.18312,0.011855
264.9839789867401,0.18507,0.012762
265.03229308128357,0.19143,0.013201
265.0837023258209,0.19457,0.011159
265.13212490081787,0.20072,0.011741
265.1881787776947,0.20285,0.012076
265.2364594936371,0.20792,0.012676
265.288969039917,0.21605,0.014548
265.3390281200409,0.22008,0.012489
265.3868200778961,0.22312,0.011547
265.4353747367859,0.22799,0.011656
265.49195861816406,0.23196,0.012833
265.5405821800232,0.23593,0.015334
265.59081268310547,0.24024,0.012133
265.6384313106537,0.24415,0.011251
265.69040083885193,0.25108,0.011747
265.74109053611755,0.25703,0.01168
265.7919268608093,0.26105,0.011621
265.84648036956787,0.26481,0.011646
265.89551758766174,0.26804,0.011671
265.94341492652893,0.27391,0.011993
265.9961187839508,0.27775,0.016173
266.0466890335083,0.28188,0.011356
266.102646112442,0.28568,0.011716
266.1537175178528,0.28967,0.011719
266.20064997673035,0.29277,0.011689
266.2504301071167,0.29961,0.0117
266.29973816871643,0.032213,0.011645
266.3541030883789,0.033693,0.011703
266.4047405719757,0.046373,0.011888
266.4541473388672,0.057467,0.013131
266.50900387763977,0.071293,0.013096
266.55666184425354,0.079573,0.012487
266.6086106300354,0.093133,0.011792
266.6607925891876,0.10431,0.011648
266.71167755126953,0.10952,0.012014
266.76335525512695,0.11431,0.012364
266.81038880348206,0.12044,0.013838
266.8642427921295,0.12416,0.011705
266.9117913246155,0.12985,0.011856
266.96151518821716,0.13335,0.011685
267.0140995979309,0.14267,0.012102
267.0654664039612,0.1472,0.012559
267.11468291282654,0.15036,0.012876
267.16685485839844,0.15367,0.011358
267.2174940109253,0.15819,0.011772
267.2657220363617,0.16263,0.01187
267.32231760025024,0.16923,0.011786
267.3705430030823,0.17235,0.01179
267.42364048957825,0.18193,0.012203
267.47061014175415,0.18516,0.012543
267.5256519317627,0.18811,0.014081
267.5722999572754,0.19456,0.012334
267.6240940093994,0.19663,0.011339
267.67551946640015,0.20277,0.011934
267.726557970047,0.20796,0.012519
267.77556848526,0.21111,0.014024
267.8268139362335,0.21501,0.012564
267.8766689300537,0.22135,0.011092
267.926903963089,0.22424,0.011693
267.9767162799835,0.22824,0.011871
268.02688455581665,0.23143,0.013318
268.077894449234,0.24045,0.01523
268.12449979782104,0.24539,0.011102
268.17762899398804,0.24731,0.011687
268.2269787788391,0.25215,0.011845
268.2786831855774,0.25921,0.011675
268.3259108066559,0.26217,0.011707
268.3767321109772,0.26804,0.011723
268.42966532707214,0.27005,0.01211
268.48089146614075,0.27501,0.013695
268.5297975540161,0.28023,0.011153
268.5786304473877,0.28305,0.011802
268.6298875808716,0.28795,0.011711
268.6781380176544,0.29091,0.011701
268.7317168712616,0.29397,0.011672
268.78417348861694,0.30271,0.011602
268.83183693885803,0.031187,0.013804
268.8824977874756,0.0386,0.01187
268.93162059783936,0.054653,0.011776
268.98257184028625,0.06168,0.013146
269.0336983203888,0.076973,0.013068
269.0828058719635,0.08252,0.011914
269.1351885795593,0.096613,0.011597
269.18377780914307,0.10303,0.01193
269.2380037307739,0.11055,0.011992
269.2830512523651,0.11804,0.013277
269.3328130245209,0.12169,0.014122
269.38557481765747,0.12759,0.013099
269.4362540245056,0.12889,0.0115
269.4865252971649,0.13695,0.011706
269.5369806289673,0.14041,0.012373
269.5884430408478,0.1448,0.013141
269.63930583000183,0.14948,0.012635
269.68901205062866,0.15495,0.011433
269.7410559654236,0.16377,0.011956
269.7898893356323,0.16697,0.011816
269.84082555770874,0.17245,0.01185
269.89244318008423,0.17645,0.011942
269.9392023086548,0.18188,0.012011
269.98851203918457,0.18492,0.013782
270.03958797454834,0.18915,0.01425
270.0895962715149,0.19456,0.011705
270.14607095718384,0.19737,0.011831
270.1961097717285,0.20575,0.01177
270.24310660362244,0.20992,0.012953
270.2916533946991,0.21479,0.013986
270.3427414894104,0.21692,0.014428
270.3952488899231,0.22216,0.011594
270.4451832771301,0.22612,0.011811
270.4967782497406,0.23012,0.012145
270.5454638004303,0.23408,0.014549
270.5924458503723,0.23905,0.014643
270.64935064315796,0.24193,0.011249
270.6983504295349,0.24671,0.011798
270.7450909614563,0.25505,0.011711
270.7984507083893,0.25809,0.011676
270.85012698173523,0.26093,0.011615
270.8995361328125,0.26679,0.011682
270.9525179862976,0.27183,0.01367
271.00157499313354,0.274,0.016251
271.0536985397339,0.27979,0.011174
271.1018946170807,0.28383,0.011658
271.15340304374695,0.28784,0.01173
271.2028880119324,0.29575,0.01171
271.2506124973297,0.29979,0.011679
271.3039484024048,0.30356,0.012543
271.3567111492157,0.030173,0.011514
271.4038360118866,0.05156,0.012442
271.4595844745636,0.054307,0.012974
271.5054392814636,0.065507,0.012819
271.55898451805115,0.071013,0.012146
271.6080598831177,0.084867,0.011613
271.66062235832214,0.10163,0.011634
271.7119355201721,0.10821,0.011916
271.76070261001587,0.10928,0.011849
271.80985975265503,0.1168,0.013877
271.86151456832886,0.12029,0.012967
271.9083299636841,0.12516,0.011569
271.9634268283844,0.1288,0.011887
272.01000142097473,0.13561,0.011816
272.0614318847656,0.14597,0.012415
272.11433815956116,0.1494,0.011775
272.1619646549225,0.15387,0.011521
272.2119872570038,0.156,0.011878
272.26957392692566,0.16045,0.011689
272.3154947757721,0.16465,0.012008
272.37055492401123,0.17331,0.011869
272.4214606285095,0.17852,0.012013
272.4702651500702,0.18088,0.0122
272.51778388023376,0.18715,0.014321
272.573100566864,0.18915,0.013195
272.6211533546448,0.19545,0.011299
272.67208337783813,0.19856,0.011713
272.71736431121826,0.20368,0.011714
272.77542662620544,0.21183,0.012867
272.8287305831909,0.21596,0.014734
272.8825628757477,0.21991,0.011163
272.9339966773987,0.22291,0.011679
272.98576378822327,0.22805,0.011789
273.03890347480774,0.23197,0.012488
273.08825874328613,0.23993,0.015034
273.1388385295868,0.24407,0.012001
273.1925160884857,0.24783,0.011646
273.23848700523376,0.25297,0.011683
273.3013129234314,0.25588,0.01165
273.3530173301697,0.26104,0.011674
273.40061712265015,0.26396,0.01173
273.44964480400085,0.26775,0.012422
273.4992706775665,0.27683,0.014444
273.550852060318,0.28073,0.015203
273.60186433792114,0.28468,0.011759
273.650673866272,0.28668,0.011722
273.704710483551,0.29157,0.011705
273.75135588645935,0.29359,0.011618
273.8080916404724,0.30359,0.011633
273.8593726158142,0.035133,0.011935
273.9105603694916,0.04304,0.011861
273.95989298820496,0.05688,0.011557
274.0140299797058,0.05976,0.012521
274.06255555152893,0.08184,0.012448
274.118971824646,0.089907,0.011622
274.17339062690735,0.096333,0.011743
274.22140431404114,0.1028,0.011707
274.26981258392334,0.10928,0.011851
274.3204689025879,0.11892,0.01347
274.37111711502075,0.12276,0.013988
274.42236495018005,0.12968,0.011956
274.47261905670166,0.13192,0.011458
274.52151823043823,0.13795,0.011885
274.57295989990234,0.14239,0.012197
274.6202199459076,0.14707,0.013677
274.67237424850464,0.15052,0.011731
274.7237238883972,0.15703,0.012078
274.7730040550232,0.15932,0.011633
274.82524824142456,0.16484,0.012098
274.8750307559967,0.16803,0.011979
274.924702167511,0.17313,0.01203
274.9745845794678,0.18289,0.012817
275.024272441864,0.18584,0.012967
275.07580184936523,0.1912,0.014106
275.1296877861023,0.19451,0.011436
275.1788718700409,0.20067,0.011694
275.2390112876892,0.20452,0.012256
275.2877924442291,0.20773,0.012803
275.3407311439514,0.21592,0.012827
275.3904869556427,0.22103,0.011414
275.4424023628235,0.22404,0.011743
275.4940242767334,0.22877,0.011778
275.54429268836975,0.233,0.013647
275.59530806541443,0.23708,0.01405
275.64494824409485,0.24196,0.011274
275.69067096710205,0.24291,0.011884
275.7455132007599,0.24993,0.011798
275.79168725013733,0.25784,0.011698
275.85023045539856,0.25988,0.011559
275.9015808105469,0.26503,0.0117
275.9494125843048,0.26973,0.011848
276.0044832229614,0.27179,0.016354
276.05499792099,0.27661,0.012396
276.1032347679138,0.28172,0.01117
276.1548693180084,0.2898,0.011693
276.2036416530609,0.2936,0.011762
276.2562093734741,0.29748,0.011713
276.305362701416,0.30239,0.011673
276.3609125614166,0.03072,0.011726
276.41026163101196,0.039947,0.011977
276.4595715999603,0.051027,0.012229
276.510125875473,0.0622,0.012803
276.56140780448914,0.073373,0.011986
276.61135387420654,0.08432,0.011455
276.66727924346924,0.09508,0.011793
276.7178647518158,0.10029,0.011694
276.7707738876343,0.11044,0.011872
276.8175883293152,0.11785,0.012817
276.8735134601593,0.12031,0.013634
276.92172408103943,0.12751,0.01336
276.9710371494293,0.12988,0.011891
277.0213577747345,0.13447,0.011823
277.07383584976196,0.13919,0.012885
277.1222641468048,0.14583,0.013104
277.17320227622986,0.1536,0.013548
277.22577691078186,0.15701,0.01166
277.27412271499634,0.16367,0.011925
277.322389125824,0.16451,0.011715
277.37783217430115,0.17109,0.011991
277.4270567893982,0.17531,0.012279
277.4784801006317,0.18048,0.012543
277.5246841907501,0.18387,0.014054
277.577294588089,0.19007,0.014563
277.6269826889038,0.19241,0.012266
277.679612159729,0.20156,0.011584
277.72613859176636,0.2056,0.011733
277.78044843673706,0.20957,0.012966
277.8280279636383,0.21479,0.014226
277.8807203769684,0.21689,0.014198
277.9281973838806,0.22184,0.011702
277.97827672958374,0.22676,0.011848
278.03010845184326,0.23081,0.012243
278.0826835632324,0.23284,0.013877
278.1333603858948,0.23905,0.014467
278.18060851097107,0.24303,0.011809
278.2339177131653,0.24696,0.011815
278.2831528186798,0.25591,0.011873
278.3296639919281,0.25983,0.011713
278.38098788261414,0.26389,0.011713
278.43246269226074,0.26661,0.011812
278.4867453575134,0.27168,0.01391
278.5342833995819,0.27672,0.015276
278.58340072631836,0.27964,0.011532
278.63561058044434,0.28255,0.011775
278.68534898757935,0.28859,0.011769
278.736798286438,0.29244,0.01171
278.783486366272,0.29655,0.011699
278.8368892669678,0.30333,0.011648
278.8829085826874,0.030187,0.011714
278.9389500617981,0.045427,0.013716
278.9875853061676,0.053707,0.011803
279.03809237480164,0.067573,0.012573
279.0880424976349,0.0788,0.011515
279.1403617858887,0.08964,0.011601
279.19328474998474,0.09744,0.011702
279.24121475219727,0.10657,0.011832
279.2976236343384,0.1128,0.012284
279.3480415344238,0.11756,0.013169
279.4009988307953,0.12255,0.012096
279.45117712020874,0.12713,0.01133
279.4995262622833,0.13096,0.011765
279.5517830848694,0.14115,0.011857
279.60005354881287,0.14351,0.012249
279.6514949798584,0.15044,0.013766
279.69819021224976,0.1538,0.013386
279.75230264663696,0.15693,0.012177
279.8013460636139,0.16348,0.01197
279.8611898422241,0.16681,0.011962
279.90775060653687,0.17533,0.012065
279.96180725097656,0.17856,0.012327
280.0091140270233,0.18157,0.013005
280.0698902606964,0.18713,0.013563
280.1185853481293,0.19216,0.01147
280.1690399646759,0.19749,0.01155
280.2208287715912,0.2014,0.011705
280.26826786994934,0.20564,0.012425
280.3194193840027,0.20867,0.012542
280.369966506958,0.21269,0.013808
280.41876101493835,0.21785,0.01147
280.4698359966278,0.22788,0.011574
280.5192108154297,0.22899,0.011673
280.5720040798187,0.23576,0.011711
280.62371253967285,0.23996,0.014814
280.6753387451172,0.24387,0.012519
280.7353813648224,0.24676,0.011678
280.7845079898834,0.25084,0.011858
280.834388256073,0.25891,0.011841
280.8817014694214,0.2618,0.011725
280.94097995758057,0.26673,0.011782
280.98883414268494,0.27169,0.011699
281.0388238430023,0.27483,0.0168
281.08966398239136,0.27668,0.011016
281.1362245082855,0.28244,0.011737
281.1937177181244,0.28569,0.011703
281.23928809165955,0.29163,0.011646
281.2925925254822,0.29653,0.011667
281.3463623523712,0.30212,0.011647
281.39431142807007,0.033413,0.011178
281.44988775253296,0.045333,0.011782
281.49679708480835,0.054853,0.011734
281.546418428421,0.062053,0.012275
281.5994725227356,0.0756,0.011646
281.653662443161,0.08932,0.011661
281.70222878456116,0.10256,0.011692
281.75245666503906,0.10783,0.011727
281.7988221645355,0.11024,0.01212
281.85102128982544,0.11505,0.012632
281.90257501602173,0.12237,0.013953
281.9538609981537,0.12609,0.011374
282.002827167511,0.13076,0.011707
282.05868554115295,0.13543,0.012232
282.106148481369,0.14575,0.012362
282.1575605869293,0.15008,0.013781
282.2058825492859,0.15329,0.013205
282.258535861969,0.15799,0.012395
282.31257915496826,0.16332,0.011939
282.3596923351288,0.1666,0.01217
282.41209506988525,0.17204,0.012025
282.46350932121277,0.17419,0.012571
282.51323652267456,0.18064,0.013074
282.56454157829285,0.1888,0.014073
282.6109035015106,0.19107,0.013766
282.67071318626404,0.19617,0.011085
282.71926641464233,0.20127,0.011678
282.7661221027374,0.20653,0.012333
282.82023310661316,0.20937,0.012949
282.8699243068695,0.21365,0.013666
282.92154693603516,0.21771,0.011269
282.97261905670166,0.22269,0.011648
283.0201892852783,0.23072,0.011791
283.0672302246094,0.23372,0.011897
283.12364172935486,0.23667,0.013311
283.17360973358154,0.2428,0.015211
283.2238209247589,0.24665,0.011483
283.2729618549347,0.25081,0.011536
283.3299446105957,0.25464,0.011801
283.3753056526184,0.25855,0.011679
283.4276032447815,0.26352,0.011567
283.477103471756,0.27135,0.011724
283.53703260421753,0.27255,0.013852
283.58732175827026,0.27941,0.012017
283.6373245716095,0.2814,0.011085
283.6855661869049,0.28645,0.011731
283.73795461654663,0.29037,0.01168
283.78794717788696,0.29436,0.011735
283.83662152290344,0.29727,0.011687
283.88711404800415,0.30424,0.011745
283.93576550483704,0.042293,0.012611
283.98929595947266,0.05308,0.011535
284.042635679245,0.0644,0.011758
284.0931134223938,0.07268,0.011521
284.1423695087433,0.089267,0.011647
284.18946957588196,0.09604,0.011788
284.2424566745758,0.10123,0.011579
284.2917251586914,0.10761,0.012042
284.3402051925659,0.11007,0.012612
284.39159393310547,0.12215,0.01379
284.4435365200043,0.12485,0.01315
284.49379444122314,0.13071,0.011504
284.54386281967163,0.13643,0.011815
284.5929763317108,0.14109,0.012745
284.6451151371002,0.14451,0.013263
284.6978497505188,0.14903,0.013098
284.746648311615,0.15241,0.012215
284.7944929599762,0.15883,0.012322
284.84718799591064,0.1676,0.01219
284.8976330757141,0.16976,0.012222
284.94729566574097,0.17593,0.012269
284.9957580566406,0.18052,0.012577
285.04597449302673,0.1846,0.01324
285.09919261932373,0.18983,0.013432
285.14969205856323,0.19311,0.011198
285.2031583786011,0.19615,0.011676
285.25515246391296,0.20431,0.011795
285.3057961463928,0.20945,0.012409
285.3534896373749,0.21348,0.01319
285.41323375701904,0.2166,0.011099
285.4643840789795,0.21981,0.011553
285.51460003852844,0.22577,0.011759
285.56097078323364,0.22968,0.011701
285.62011194229126,0.23673,0.012824
285.67666602134705,0.24159,0.014824
285.7265393733978,0.24471,0.011434
285.7740457057953,0.24973,0.011513
285.82974123954773,0.25363,0.011474
285.88054895401,0.25852,0.011414
285.9306287765503,0.26564,0.011281
285.9867420196533,0.26943,0.01113
286.03461718559265,0.27451,0.012268
286.0855417251587,0.27839,0.016624
286.1362946033478,0.28223,0.011343
286.1868848800659,0.28531,0.011733
286.23920702934265,0.28923,0.01167
286.28713726997375,0.29417,0.011656
286.3365979194641,0.29805,0.011654
286.3850657939911,0.30105,0.011246
286.4384274482727,0.029533,0.01176
286.4901146888733,0.050173,0.011606
286.5406904220581,0.064307,0.011584
286.59383964538574,0.07252,0.011637
286.6400945186615,0.082093,0.011549
286.69210958480835,0.09432,0.011648
286.74715280532837,0.098573,0.011587
286.795446395874,0.10617,0.012099
286.84597158432007,0.11125,0.012833
286.8965835571289,0.121,0.013824
286.945946931839,0.12572,0.012967
286.9941792488098,0.12696,0.011918
287.04515409469604,0.13632,0.011793
287.09657406806946,0.13871,0.011616
287.1484751701355,0.14421,0.012766
287.19899559020996,0.14764,0.012622
287.2519483566284,0.1534,0.012559
287.3052432537079,0.15889,0.012241
287.3542881011963,0.16323,0.012351
287.4003472328186,0.17192,0.012355
287.454172372818,0.17709,0.012317
287.5035262107849,0.18128,0.012581
287.5587890148163,0.18451,0.013473
287.61060547828674,0.18864,0.014447
287.67118215560913,0.19391,0.011092
287.7177047729492,0.19807,0.011621
287.77054500579834,0.20215,0.012108
287.81733989715576,0.20628,0.012548
287.87251472473145,0.21527,0.014301
287.9215054512024,0.2184,0.013186
287.9767093658447,0.22247,0.01107
288.03094816207886,0.22661,0.011748
288.07920718193054,0.23156,0.01178
288.1294012069702,0.23549,0.012128
288.18152046203613,0.23863,0.014136
288.2300386428833,0.24664,0.014584
288.2817072868347,0.24955,0.01345
288.3283529281616,0.25447,0.011655
288.37913036346436,0.2576,0.011434
288.43014097213745,0.26252,0.011639
288.4816584587097,0.26743,0.011001
288.5302004814148,0.27135,0.016164
288.58025598526,0.27544,0.014822
288.63273572921753,0.28025,0.012693
288.6837215423584,0.28125,0.011695
288.7335729598999,0.29212,0.011709
288.78548979759216,0.29615,0.011688
288.83438777923584,0.29821,0.011665
288.8921957015991,0.30309,0.011722
288.9431037902832,0.03128,0.012032
288.9964075088501,0.05264,0.011554
289.044793844223,0.063827,0.01155
289.1017518043518,0.074947,0.011497
289.1496856212616,0.08464,0.011646
289.2085645198822,0.094027,0.011684
289.2603089809418,0.0984,0.011551
289.3075120449066,0.11117,0.012188
289.3597273826599,0.11603,0.01272
289.40906739234924,0.12096,0.013526
289.45834374427795,0.12316,0.013583
289.5101890563965,0.13024,0.011789
289.5609140396118,0.13513,0.011683
289.6096279621124,0.13977,0.011763
289.6673495769501,0.14079,0.013303
289.71591424942017,0.15195,0.01357
289.7681984901428,0.15657,0.013299
289.8151364326477,0.16083,0.012353
289.8684916496277,0.16523,0.012319
289.91956305503845,0.16863,0.012533
289.9699332714081,0.17385,0.012711
290.0200209617615,0.17807,0.013127
290.071585893631,0.18253,0.014099
290.1210916042328,0.18551,0.013075
290.1741409301758,0.196,0.011996
290.2228035926819,0.20021,0.01161
290.2729420661926,0.20421,0.011676
290.320858001709,0.20832,0.012075
290.37376046180725,0.21237,0.013938
290.4254860877991,0.21537,0.011303
290.47212386131287,0.21845,0.011559
290.5298161506653,0.22769,0.011591
290.57718873023987,0.23264,0.011557
290.63053846359253,0.23563,0.011618
290.6803002357483,0.23953,0.013049
290.7392990589142,0.24375,0.013326
290.79042959213257,0.24757,0.012521
290.8485794067383,0.25661,0.012829
290.9010579586029,0.26051,0.011962
290.9516758918762,0.26352,0.011391
290.99893593788147,0.26741,0.01124
291.04819536209106,0.27132,0.013671
291.0992181301117,0.27528,0.014023
291.157190322876,0.27931,0.010947
291.2067303657532,0.28817,0.011744
291.2537398338318,0.29213,0.011673
291.3067057132721,0.29416,0.011582
291.3556818962097,0.30015,0.011677
291.4066729545593,0.30404,0.012021
291.4547073841095,0.028587,0.011431
291.50937271118164,0.044373,0.011769
291.5623104572296,0.049853,0.011531
291.6103277206421,0.066587,0.011586
291.66145634651184,0.088453,0.011809
291.7125506401062,0.09572,0.011826
291.76206493377686,0.10208,0.012051
291.81423449516296,0.10715,0.012578
291.8679461479187,0.11223,0.012992
291.92034101486206,0.11705,0.01325
291.969708442688,0.12547,0.013491
292.0213942527771,0.13133,0.01163
292.0731592178345,0.13484,0.01153
292.1230866909027,0.13943,0.011663
292.17525243759155,0.14285,0.012014
292.2214765548706,0.14977,0.013353
292.27588391304016,0.15524,0.012452
292.32447361946106,0.15964,0.012399
292.37759709358215,0.16287,0.012487
292.4327802658081,0.17052,0.012335
292.4833767414093,0.17583,0.012811
292.5355348587036,0.18012,0.013673
292.58078598976135,0.18435,0.014065
292.63789892196655,0.18871,0.013145
292.6880121231079,0.19165,0.011102
292.7379879951477,0.19679,0.011436
292.7884929180145,0.20092,0.011969
292.83490443229675,0.20908,0.012635
292.8848466873169,0.21221,0.013746
292.9394464492798,0.21725,0.013339
292.98772740364075,0.22227,0.010973
293.0362606048584,0.22616,0.011712
293.0898823738098,0.23032,0.011587
293.1389057636261,0.23341,0.012316
293.1914427280426,0.23843,0.013404
293.2416844367981,0.24339,0.014287
293.29065680503845,0.24737,0.014263
293.33994793891907,0.25433,0.012835
293.39591002464294,0.25932,0.013103
293.44722747802734,0.26113,0.01316
293.4986710548401,0.26697,0.013302
293.5471341609955,0.27339,0.011707
293.6079590320587,0.27639,0.012843
293.656977891922,0.28005,0.010951
293.70543670654297,0.28315,0.011743
293.7583417892456,0.28987,0.011741
293.80708265304565,0.29396,0.011666
293.857501745224,0.29896,0.011626
293.9071555137634,0.30291,0.011654
293.9568729400635,0.033533,0.012467
294.0105736255646,0.03712,0.011679
294.06475162506104,0.055107,0.011526
294.1139905452728,0.066227,0.011488
294.16887521743774,0.088333,0.011802
294.21880435943604,0.096907,0.011749
294.26825284957886,0.10209,0.011528
294.3191831111908,0.10592,0.012097
294.3704936504364,0.11083,0.012441
294.4202024936676,0.11584,0.013056
294.4726116657257,0.12448,0.012946
294.52453541755676,0.12911,0.011923
294.5730366706848,0.13247,0.011585
294.62303709983826,0.13593,0.012088
294.67029428482056,0.14403,0.012201
294.7229731082916,0.14741,0.01324
294.77529096603394,0.15087,0.01335
294.82168531417847,0.16173,0.012758
294.87378430366516,0.16495,0.012475
294.9234194755554,0.16955,0.012466
294.97314190864563,0.17372,0.012703
295.0250458717346,0.17692,0.013174
295.0773696899414,0.18219,0.014402
295.1275758743286,0.18644,0.012948
295.17760181427,0.19163,0.011819
295.22766852378845,0.19457,0.011559
295.27783155441284,0.19985,0.011626
295.32674050331116,0.20811,0.011919
295.3776376247406,0.21117,0.012444
295.4295725822449,0.21625,0.013672
295.4798164367676,0.21925,0.011666
295.5295526981354,0.22223,0.011642
295.58302211761475,0.22736,0.011613
295.6301317214966,0.23224,0.011566
295.68038868904114,0.23933,0.011702
295.7313058376312,0.24443,0.014608
295.7824900150299,0.24741,0.014258
295.8317413330078,0.25151,0.014643
295.88345170021057,0.25532,0.014017
295.93277645111084,0.26025,0.014414
295.99140453338623,0.26432,0.01327
296.0398554801941,0.26809,0.012433
296.08889603614807,0.27095,0.013371
296.142644405365,0.28001,0.015118
296.19068574905396,0.28312,0.010915
296.24013686180115,0.28681,0.011734
296.2887990474701,0.29081,0.011713
296.3396580219269,0.29585,0.011622
296.39423990249634,0.30089,0.011609
296.4455473423004,0.02896,0.011186
296.4957504272461,0.032093,0.012585
296.5466604232788,0.046453,0.011841
296.5929641723633,0.066107,0.011658
296.64404797554016,0.074267,0.011647
296.69447231292725,0.09088,0.011726
296.745046377182,0.093493,0.011715
296.7950930595398,0.10213,0.011657
296.8459610939026,0.10859,0.01217
296.8977072238922,0.11328,0.012775
296.94869351387024,0.11827,0.012802
296.99627113342285,0.12183,0.011826
297.0450668334961,0.13137,0.011229
297.09927701950073,0.13588,0.011649
297.147584438324,0.14047,0.011915
297.2002823352814,0.14629,0.012
297.2473232746124,0.14957,0.013527
297.29839515686035,0.15401,0.013265
297.35140919685364,0.15963,0.012929
297.40222358703613,0.16515,0.01275
297.4542076587677,0.16825,0.012828
297.5023760795593,0.17784,0.013055
297.55036187171936,0.18013,0.013871
297.6090135574341,0.18631,0.013958
297.6579170227051,0.1904,0.012979
297.7065303325653,0.19444,0.011288
297.758309841156,0.19659,0.011463
297.809730052948,0.20295,0.011721
297.8572416305542,0.20487,0.012561
297.90923023223877,0.21407,0.013371
297.9590585231781,0.219,0.013093
298.0139756202698,0.22123,0.010958
298.0630874633789,0.22727,0.011586
298.11810660362244,0.23224,0.011663
298.1630575656891,0.23624,0.011584
298.2183504104614,0.24027,0.012565
298.2681438922882,0.24436,0.014183
298.3196096420288,0.24719,0.014428
298.3664035797119,0.25229,0.014457
298.4219288825989,0.25412,0.014525
298.4736433029175,0.26412,0.014598
298.51867055892944,0.268,0.014119
298.57512402534485,0.272,0.012223
298.6225929260254,0.27605,0.012995
298.67560482025146,0.28107,0.010932
298.72305846214294,0.28408,0.011631
298.7736129760742,0.28699,0.011671
298.8254044055939,0.29187,0.011658
298.8756937980652,0.29472,0.011672
298.92435908317566,0.29975,0.012687
298.9754903316498,0.035373,0.013189
299.02437591552734,0.047573,0.012162
299.0740735530853,0.054587,0.011827
299.1262471675873,0.062827,0.011777
299.1761338710785,0.074027,0.011839
299.23266530036926,0.087573,0.011519
299.280428647995,0.096467,0.011621
299.33115243911743,0.10693,0.011739
299.3782765865326,0.1106,0.011898
299.43300557136536,0.11808,0.01241
299.4803524017334,0.12043,0.012877
299.5321877002716,0.12648,0.0113
299.5834290981293,0.13005,0.0115
299.63762164115906,0.13683,0.011784
299.6842739582062,0.14497,0.011968
299.7331602573395,0.14945,0.012188
299.7869026660919,0.15392,0.012874
299.83366656303406,0.15829,0.013483
299.8840665817261,0.16253,0.013531
299.934424161911,0.16595,0.013137
299.9852542877197,0.1712,0.01315
300.0401339530945,0.17564,0.013666
300.08893752098083,0.18081,0.013838
300.14226150512695,0.184,0.012749
300.1914758682251,0.19329,0.011371
300.24073600769043,0.19637,0.011404
300.29369354248047,0.20044,0.011613
300.3411376476288,0.20477,0.01179
300.39333629608154,0.20677,0.012589
300.44060492515564,0.213,0.012762
300.49089646339417,0.21692,0.010979
300.5424485206604,0.22299,0.011615
300.5928156375885,0.23124,0.01165
300.6443610191345,0.23229,0.011616
300.6919114589691,0.23812,0.011513
300.7488055229187,0.24229,0.011828
300.7950658798218,0.24713,0.012295
300.84581327438354,0.25,0.014429
300.8959770202637,0.25517,0.013929
300.94799160957336,0.259,0.013815
300.99595499038696,0.26213,0.014205
301.04908299446106,0.26611,0.012825
301.0971279144287,0.27301,0.011543
301.1493034362793,0.27685,0.013294
301.2005934715271,0.28193,0.010883
301.25056648254395,0.28697,0.0116
301.29972887039185,0.28984,0.011693
301.3484058380127,0.29384,0.011649
301.4006052017212,0.29881,0.011626
301.4495210647583,0.30356,0.01307
301.49848103523254,0.027773,0.011518
301.5490028858185,0.040387,0.011901
301.5966284275055,0.04608,0.011797
301.65047216415405,0.073973,0.011821
301.6983542442322,0.087587,0.011863
301.74986147880554,0.093093,0.011599
301.7993519306183,0.10175,0.011684
301.84987902641296,0.10312,0.011932
301.90299248695374,0.11061,0.012513
301.95024037361145,0.11689,0.01264
302.00332975387573,0.12416,0.012654
302.0531532764435,0.13011,0.011284
302.10475993156433,0.13368,0.011348
302.1571259498596,0.13936,0.011463
302.2044150829315,0.14376,0.011747
302.25643825531006,0.14819,0.012121
302.3025903701782,0.15277,0.013026
302.355751991272,0.15809,0.013205
302.40622425079346,0.16137,0.013037
302.4546585083008,0.16693,0.012922
302.5048830509186,0.17448,0.013495
302.55220437049866,0.17873,0.013516
302.6096565723419,0.18387,0.013545
302.660338640213,0.18709,0.012782
302.70764684677124,0.19235,0.011634
302.75854444503784,0.19639,0.011424
302.8076992034912,0.20139,0.011432
302.8632867336273,0.2026,0.011824
302.91116738319397,0.20875,0.012523
302.961576461792,0.21701,0.011582
303.0142710208893,0.22196,0.010972
303.0623428821564,0.22497,0.011595
303.1150450706482,0.22905,0.0116
303.1649045944214,0.23393,0.011605
303.2140817642212,0.23792,0.011426
303.26650404930115,0.24091,0.011987
303.3131968975067,0.24696,0.01242
303.36649990081787,0.24803,0.012397
303.4169752597809,0.25193,0.012418
303.46538829803467,0.25887,0.01339
303.51553177833557,0.26503,0.012872
303.56599259376526,0.26891,0.012631
303.6144177913666,0.27369,0.01231
303.6643326282501,0.27463,0.010835
303.71671891212463,0.2798,0.011592
303.7705044746399,0.28567,0.011694
303.81966853141785,0.29156,0.011623
303.86794543266296,0.29645,0.011647
303.91907143592834,0.3006,0.011665
303.9703903198242,0.027587,0.012991
304.01688861846924,0.037707,0.013114
304.0701410770416,0.04852,0.011754
304.12045216560364,0.056893,0.011591
304.17255115509033,0.071027,0.011799
304.2220754623413,0.076053,0.011727
304.2706482410431,0.091547,0.011552
304.3208336830139,0.09904,0.011674
304.37713408470154,0.10804,0.011739
304.42643666267395,0.11276,0.012172
304.47418785095215,0.11915,0.012218
304.52356147766113,0.12397,0.011434
304.57976818084717,0.12863,0.011504
304.62686681747437,0.13335,0.011554
304.67957377433777,0.1412,0.011752
304.72830152511597,0.14456,0.011783
304.7812077999115,0.15257,0.012005
304.8322243690491,0.15469,0.012703
304.8810169696808,0.16143,0.012919
304.9315278530121,0.16356,0.012972
304.98306131362915,0.16904,0.012997
305.03753328323364,0.17332,0.0134
305.08850741386414,0.17745,0.013212
305.13974356651306,0.18609,0.012676
305.1899359226227,0.19136,0.011773
305.23903799057007,0.19515,0.011541
305.28795766830444,0.19831,0.011466
305.3384461402893,0.20337,0.011727
305.38895869255066,0.20756,0.011822
305.44287395477295,0.21053,0.012049
305.49485063552856,0.21483,0.011077
305.54216718673706,0.22003,0.011563
305.59134674072266,0.22483,0.011666
305.64351534843445,0.23088,0.011701
305.69245171546936,0.23604,0.011518
305.74380254745483,0.23913,0.011533
305.7945239543915,0.24485,0.011853
305.84614729881287,0.24891,0.011619
305.8977372646332,0.25371,0.011978
305.9447920322418,0.25677,0.012056
305.99870681762695,0.26272,0.012137
306.0499529838562,0.26685,0.012161
306.0983636379242,0.27069,0.011046
306.1461458206177,0.27467,0.011208
306.1987919807434,0.27865,0.011018
306.2489809989929,0.28255,0.011656
306.297976732254,0.28748,0.01163
306.3518257141113,0.29245,0.011664
306.4001235961914,0.29735,0.01165
306.45191168785095,0.30316,0.011646
306.5064435005188,0.029373,0.011511
306.5545337200165,0.045507,0.011949
306.60818696022034,0.048427,0.011743
306.65877509117126,0.062427,0.011817
306.70651173591614,0.07344,0.011719
306.7578661441803,0.096173,0.011486
306.80488896369934,0.10023,0.011594
306.85685443878174,0.10513,0.011638
306.9100615978241,0.10923,0.011915
306.9588243961334,0.11523,0.011935
307.00834250450134,0.119,0.011837
307.06007075309753,0.12499,0.011361
307.1109924316406,0.13096,0.011512
307.16077399253845,0.13908,0.011538
307.2111213207245,0.14475,0.011706
307.26048851013184,0.14821,0.011726
307.30904054641724,0.15356,0.011985
307.3619804382324,0.15585,0.011995
307.41069316864014,0.16249,0.012854
307.46305871009827,0.16667,0.01296
307.5102536678314,0.17092,0.012907
307.5657641887665,0.17304,0.012432
307.6110053062439,0.17956,0.012239
307.6662471294403,0.18484,0.011735
307.71355533599854,0.19223,0.011616
307.7641158103943,0.19643,0.011508
307.8140413761139,0.20055,0.011483
307.8693883419037,0.20563,0.01163
307.9196195602417,0.20767,0.011582
307.97106313705444,0.21287,0.011062
308.01955914497375,0.21683,0.011098
308.06975984573364,0.22589,0.011545
308.1176235675812,0.22964,0.011621
308.16836380958557,0.23179,0.011617
308.22356271743774,0.23596,0.011484
308.2794737815857,0.2398,0.01135
308.328989982605,0.24388,0.011616
308.3781831264496,0.24903,0.011333
308.42655992507935,0.25281,0.011503
308.4799168109894,0.26171,0.011301
308.53345584869385,0.26581,0.011442
308.584144115448,0.26869,0.011238
308.63055419921875,0.27171,0.011033
308.6824381351471,0.2776,0.010934
308.73037695884705,0.28151,0.011485
308.7809555530548,0.28563,0.011611
308.8345980644226,0.28751,0.011657
308.88542222976685,0.29259,0.011606
308.9331114292145,0.30041,0.011619
308.983362197876,0.026053,0.011645
309.03473925590515,0.036907,0.011741
309.08735728263855,0.04536,0.011595
309.1351957321167,0.056547,0.01165
309.1903772354126,0.070333,0.011535
309.2441062927246,0.081427,0.011463
309.28826785087585,0.09212,0.01165
309.3405258655548,0.10379,0.011656
309.39288806915283,0.11027,0.011744
309.44307041168213,0.11275,0.011916
309.491411447525,0.12019,0.011915
309.54200053215027,0.12369,0.011874
309.59325432777405,0.12743,0.011293
309.64423394203186,0.13324,0.011651
309.69437050819397,0.13895,0.011698
309.74435663223267,0.14233,0.011693
309.79515647888184,0.14699,0.011625
309.84474444389343,0.15596,0.011969
309.8946154117584,0.16124,0.012368
309.94424200057983,0.16571,0.012341
309.9995584487915,0.16992,0.012617
310.04473876953125,0.17527,0.01269
310.0966191291809,0.17855,0.01245
310.1490638256073,0.18271,0.011818
310.1991322040558,0.19096,0.011539
310.2488503456116,0.19408,0.01144
310.2976553440094,0.19733,0.011403
310.3489742279053,0.2024,0.011577
310.3983473777771,0.20572,0.01153
310.4508373737335,0.20977,0.011327
310.4986855983734,0.21371,0.011068
310.55346727371216,0.22073,0.011006
310.60283398628235,0.22583,0.011624
310.6511232852936,0.2298,0.011608
310.70114278793335,0.23283,0.011603
310.75145077705383,0.23877,0.011602
310.8038992881775,0.24296,0.011318
310.856924533844,0.24891,0.011323
310.9067552089691,0.25265,0.011287
310.9528543949127,0.25681,0.011374
311.0047023296356,0.25989,0.011195
311.05720925331116,0.26381,0.011124
311.10644483566284,0.26868,0.011005
311.1531677246094,0.27077,0.010984
311.20485663414,0.27956,0.010901
311.25548124313354,0.28351,0.011374
311.30613374710083,0.28647,0.011602
311.3574459552765,0.29153,0.0116
311.40388321876526,0.29648,0.011631
311.4587924480438,0.30017,0.011649
311.50935769081116,0.025867,0.011634
311.55749106407166,0.035267,0.011769
311.6092722415924,0.056253,0.011417
311.6583607196808,0.064547,0.011625
311.7137005329132,0.07588,0.011604
311.7625014781952,0.084107,0.011462
311.8103561401367,0.0974,0.011675
311.8704011440277,0.099973,0.011705
311.91920948028564,0.10763,0.011771
311.9696304798126,0.11275,0.011773
312.0211958885193,0.11747,0.011822
312.0701115131378,0.12128,0.011299
312.11998677253723,0.13319,0.011383
312.1693136692047,0.13633,0.011615
312.2223222255707,0.13857,0.011661
312.27012848854065,0.14453,0.011654
312.32135128974915,0.14903,0.011565
312.3695921897888,0.15893,0.011826
312.42003202438354,0.16236,0.012279
312.47321915626526,0.16659,0.012487
312.5252432823181,0.17187,0.012156
312.5747158527374,0.17379,0.012309
312.6219069957733,0.17947,0.011654
312.67586064338684,0.18477,0.011624
312.7248432636261,0.18879,0.011455
312.7751684188843,0.19308,0.011458
312.8256344795227,0.19717,0.011581
312.8803608417511,0.20529,0.011582
312.9283766746521,0.21039,0.011391
312.9769506454468,0.21333,0.011255
313.02803897857666,0.2176,0.011456
313.07861733436584,0.22156,0.011543
313.12805438041687,0.2258,0.011612
313.17751574516296,0.22991,0.011666
313.22848176956177,0.23373,0.011574
313.27836322784424,0.24075,0.011541
313.3312749862671,0.24577,0.011314
313.38301038742065,0.24887,0.011289
313.4329867362976,0.25352,0.011178
313.4834759235382,0.25653,0.011214
313.53409361839294,0.26169,0.011174
313.58379220962524,0.26569,0.011242
313.6333029270172,0.26837,0.01125
313.6839187145233,0.27741,0.011117
313.73439717292786,0.28148,0.011228
313.78593826293945,0.28557,0.011591
313.83454489707947,0.28837,0.01149
313.8852334022522,0.2944,0.011599
313.93685150146484,0.29836,0.01164
313.98772954940796,0.30132,0.011234
314.0389268398285,0.026533,0.011653
314.0864908695221,0.035133,0.01165
314.13704442977905,0.06164,0.011486
314.18952560424805,0.0698,0.011482
314.23721957206726,0.081067,0.011281
314.28899240493774,0.089253,0.011668
314.33873105049133,0.098733,0.011651
314.3893144130707,0.10231,0.011699
314.4427363872528,0.10777,0.011761
314.4916431903839,0.11773,0.011606
314.5410213470459,0.12241,0.011482
314.58922696113586,0.1284,0.011346
314.64219903945923,0.12957,0.01139
314.68890261650085,0.13652,0.011623
314.7415602207184,0.14079,0.011661
314.79193353652954,0.14547,0.011618
314.8424186706543,0.15003,0.011602
314.89493060112,0.15769,0.011668
314.94404768943787,0.16429,0.011699
314.9946343898773,0.16647,0.01177
315.0489432811737,0.17188,0.011932
315.09707379341125,0.17717,0.011885
315.1451654434204,0.17952,0.011611
315.20018768310547,0.18375,0.011521
315.25017786026,0.18896,0.011385
315.3011612892151,0.19836,0.011449
315.3489408493042,0.20124,0.011641
315.3994867801666,0.2054,0.0115
315.4534728527069,0.20849,0.011319
315.5009915828705,0.21264,0.01122
315.5506911277771,0.22069,0.011386
315.6034872531891,0.22557,0.01153
315.65193343162537,0.22861,0.01163
315.70287346839905,0.23288,0.01163
315.75168323516846,0.23668,0.011633
315.8024306297302,0.24079,0.011437
315.8506398200989,0.24465,0.011466
315.9061026573181,0.24884,0.011312
315.9534041881561,0.25668,0.011282
316.0050506591797,0.26044,0.011322
316.05595779418945,0.26355,0.011296
316.1061599254608,0.26873,0.011421
316.1565179824829,0.27171,0.011269
316.2027847766876,0.2756,0.011317
316.25551414489746,0.27937,0.011507
316.3031895160675,0.28639,0.011642
316.3546230792999,0.29141,0.011708
316.4041953086853,0.29412,0.011578
316.45675778388977,0.2984,0.011635
316.5069999694824,0.26535,0.011637
316.55740880966187,0.031027,0.011667
316.61031222343445,0.03896,0.011688
316.65915966033936,0.045933,0.011579
316.70863246917725,0.065507,0.011516
316.7593197822571,0.08628,0.011521
316.81245851516724,0.095933,0.011544
316.86179089546204,0.10244,0.011633
316.9148008823395,0.10615,0.011706
316.95977783203125,0.11115,0.011769
317.01815009117126,0.11623,0.011529
317.06494998931885,0.12228,0.011259
317.1179015636444,0.12705,0.011433
317.1641917228699,0.13648,0.011436
317.2178521156311,0.13757,0.011543
317.27469182014465,0.1456,0.011631
317.32641983032227,0.15011,0.011517
317.37454080581665,0.15432,0.011441
317.4277853965759,0.15653,0.01166
317.476078748703,0.16304,0.011745
317.52739572525024,0.16743,0.011762
317.57422828674316,0.17065,0.011468
317.6245827674866,0.18031,0.011582
317.67620944976807,0.18348,0.011467
317.72658801078796,0.18863,0.011401
317.7774155139923,0.19179,0.011414
317.8253552913666,0.19703,0.011497
317.8810067176819,0.19993,0.011629
317.9327001571655,0.20627,0.011607
317.97675609588623,0.20901,0.011221
318.03241896629333,0.21741,0.011256
318.07948565483093,0.22141,0.011412
318.13048028945923,0.2266,0.011585
318.1804037094116,0.22855,0.011596
318.2316572666168,0.23357,0.011627
318.2846019268036,0.23755,0.011573
318.3329131603241,0.2416,0.011469
318.38338232040405,0.24657,0.011389
318.4346778392792,0.25056,0.011393
318.4846589565277,0.25448,0.011316
318.5338864326477,0.25852,0.011394
318.5846939086914,0.26248,0.011438
318.63330125808716,0.27223,0.011443
318.68560886383057,0.27437,0.011408
318.7377755641937,0.27943,0.011405
318.78868103027344,0.28324,0.011558
318.8351662158966,0.28823,0.011552
318.88562965393066,0.29143,0.011535
318.93676686286926,0.296,0.011597
318.9928939342499,0.29896,0.011612
319.0421302318573,0.0254,0.011413
319.0917258262634,0.044133,0.011498
319.1409423351288,0.052693,0.011546
319.19068002700806,0.06264,0.011456
319.24173283576965,0.077773,0.011468
319.2953736782074,0.08616,0.011544
319.3404402732849,0.09704,0.011541
319.3934237957001,0.10105,0.011674
319.4492709636688,0.10471,0.011676
319.49802136421204,0.11252,0.011559
319.54843950271606,0.12213,0.011386
319.60051226615906,0.12573,0.011315
319.64848160743713,0.13045,0.011381
319.70136857032776,0.13396,0.011479
319.74799823760986,0.14187,0.011608
319.80351090431213,0.14425,0.011657
319.8511838912964,0.14973,0.011523
319.8999741077423,0.15436,0.011518
319.94964504241943,0.15876,0.011441
320.00220489501953,0.16843,0.011495
320.05246901512146,0.17165,0.011335
320.1039810180664,0.17592,0.011355
320.15531182289124,0.18139,0.011397
320.2033121585846,0.18329,0.011387
320.25508737564087,0.18873,0.011508
320.3028869628906,0.19375,0.011605
320.35266971588135,0.19679,0.01165
320.405966758728,0.20213,0.011637
320.45204281806946,0.20605,0.011585
320.5046308040619,0.21435,0.011356
320.55584192276,0.21837,0.011371
320.6042733192444,0.22357,0.011516
320.65737795829773,0.22548,0.011617
320.7056658267975,0.2316,0.011588
320.75352215766907,0.23443,0.011638
320.8058099746704,0.23751,0.011623
320.85867071151733,0.2416,0.011577
320.9088954925537,0.24636,0.011595
320.9567952156067,0.25128,0.011471
321.00506043434143,0.25945,0.011509
321.0571610927582,0.26045,0.011532
321.10474467277527,0.26641,0.011512
321.1584560871124,0.26924,0.011589
321.2101700305939,0.27329,0.011552
321.25873732566833,0.27911,0.011604
321.30880665779114,0.28219,0.011606
321.36081981658936,0.29108,0.011578
321.4111099243164,0.29415,0.011637
321.4630296230316,0.29799,0.011629
321.510315656662,0.29997,0.011622
321.557914018631,0.027013,0.011641
321.6122419834137,0.038533,0.011701
321.66172528266907,0.049507,0.011437
321.7159833908081,0.062187,0.011453
321.7631342411041,0.069227,0.011474
321.8132658004761,0.09112,0.011589
321.8646068572998,0.095533,0.011611
321.9133336544037,0.10215,0.011611
321.96487498283386,0.1084,0.011649
322.01726245880127,0.11344,0.011564
322.064982175827,0.11933,0.011343
322.1153781414032,0.12407,0.011354
322.1640818119049,0.12785,0.011499
322.21712017059326,0.13844,0.011594
322.26744627952576,0.14309,0.011623
322.31778025627136,0.14849,0.011696
322.3678424358368,0.15071,0.011538
322.42047142982483,0.15535,0.011416
322.47042417526245,0.16079,0.01129
322.5179672241211,0.16507,0.011379
322.5706012248993,0.16948,0.011335
322.6194357872009,0.17369,0.011272
322.67050862312317,0.18337,0.011339
322.7206587791443,0.18428,0.011408
322.77085876464844,0.19051,0.011445
322.82068824768066,0.19481,0.011574
322.86871099472046,0.19671,0.01161
322.92279720306396,0.20292,0.011638
322.97621154785156,0.20511,0.011544
323.02463722229004,0.21001,0.011466
323.07488465309143,0.21513,0.011467
323.12453866004944,0.2242,0.011573
323.178994178772,0.22736,0.01159
323.2299449443817,0.23229,0.011626
323.2779543399811,0.23643,0.011617
323.32990622520447,0.24047,0.011557
323.3772256374359,0.2444,0.011502
323.4285218715668,0.24643,0.011558
323.47412109375,0.25236,0.011537
323.5282070636749,0.25531,0.011548
323.57869005203247,0.25921,0.011593
323.6291058063507,0.26829,0.011538
323.6771397590637,0.27119,0.011563
323.72940850257874,0.27705,0.011581
323.7814574241638,0.28017,0.011555
323.83256435394287,0.28401,0.011562
323.88049364089966,0.28791,0.011641
323.9306888580322,0.29292,0.011606
323.9790139198303,0.29685,0.011683
324.0320625305176,0.30087,0.011588
324.08422350883484,0.03556,0.011451
324.13292050361633,0.04516,0.011622
324.18458366394043,0.05784,0.011429
324.2318866252899,0.06916,0.011422
324.27945590019226,0.083013,0.011562
324.332644701004,0.085613,0.011624
324.381560087204,0.098213,0.011617
324.434118270874,0.10096,0.011602
324.48319268226624,0.10721,0.011661
324.535489320755,0.11457,0.011509
324.58490228652954,0.12313,0.011424
324.6352355480194,0.12781,0.011421
324.6848735809326,0.1326,0.011563
324.734432220459,0.13716,0.011567
324.7852647304535,0.14177,0.011766
324.83324003219604,0.14739,0.011667
324.88703775405884,0.15172,0.011585
324.9335961341858,0.15525,0.011589
324.9846386909485,0.16092,0.011488
325.03542852401733,0.16621,0.011427
325.0825593471527,0.17249,0.011431
325.13693952560425,0.17699,0.011398
325.1908667087555,0.18116,0.011417
325.2419662475586,0.18545,0.011587
325.2899115085602,0.1906,0.011666
325.340966463089,0.19476,0.011613
325.38792157173157,0.19981,0.011616
325.4416208267212,0.20403,0.011553
325.48941564559937,0.20815,0.011581
325.5419850349426,0.21527,0.011489
325.5909655094147,0.21921,0.011547
325.64186930656433,0.22337,0.0116
325.69056391716003,0.22741,0.011638
325.7416832447052,0.22832,0.011586
325.7931327819824,0.23439,0.01161
325.8421609401703,0.23937,0.01163
325.8915708065033,0.24449,0.011575
325.9420123100281,0.25043,0.0116
325.99250078201294,0.25527,0.011562
326.0465281009674,0.25927,0.011566
326.0897603034973,0.26239,0.011634
326.14404034614563,0.26728,0.011602
326.1947033405304,0.27399,0.011566
326.24265217781067,0.27719,0.011629
326.2964086532593,0.28113,0.011633
326.34982991218567,0.28597,0.011603
326.39581632614136,0.28921,0.011642
326.4493832588196,0.296,0.011661
326.5002381801605,0.29988,0.011616
326.54911732673645,0.30185,0.011631
326.59913182258606,0.032587,0.011492
326.6512665748596,0.040693,0.011485
326.70147728919983,0.05776,0.01151
326.7508153915405,0.066267,0.011527
326.8012137413025,0.07992,0.011592
326.8523187637329,0.085307,0.011621
326.9036524295807,0.096907,0.011676
326.9545991420746,0.10711,0.011637
327.00692081451416,0.11344,0.011589
327.05575680732727,0.11717,0.011505
327.1068284511566,0.12193,0.011468
327.1534643173218,0.12661,0.011525
327.20512533187866,0.13144,0.011577
327.2555947303772,0.13593,0.011666
327.30682492256165,0.14509,0.011606
327.3596439361572,0.14949,0.01167
327.40779066085815,0.15393,0.011568
327.4606068134308,0.15731,0.01155
327.50847864151,0.16393,0.011515
327.561918258667,0.16708,0.011608
327.6078429222107,0.17256,0.011468
327.6605064868927,0.17983,0.011445
327.71000623703003,0.18316,0.011493
327.76447796821594,0.18845,0.011574
327.81444334983826,0.19253,0.01158
327.85910725593567,0.19679,0.01158
327.91504526138306,0.19879,0.011657
327.963746547699,0.20485,0.011603
328.01342487335205,0.20712,0.011597
328.0627419948578,0.21324,0.011568
328.11371326446533,0.22129,0.011599
328.16343116760254,0.22512,0.011583
328.21413397789,0.22805,0.011623
328.264324426651,0.23324,0.011595
328.3114655017853,0.23709,0.01159
328.36445713043213,0.24117,0.011604
328.4125497341156,0.24635,0.011626
328.46685552597046,0.24919,0.011645
328.5152187347412,0.25424,0.011602
328.5669460296631,0.26227,0.011622
328.6174054145813,0.26436,0.011661
328.66897225379944,0.26919,0.011613
328.71937918663025,0.27301,0.011617
328.7683746814728,0.27805,0.011579
328.81762433052063,0.28103,0.011608
328.8650875091553,0.28595,0.01158
328.9174964427948,0.28887,0.011605
328.9716329574585,0.29499,0.011633
329.019579410553,0.2978,0.011642
329.0720682144165,0.025267,0.011658
329.11788177490234,0.03768,0.011607
329.1682016849518,0.049067,0.011539
329.2214603424072,0.060147,0.011535
329.2683882713318,0.066,0.011455
329.3233428001404,0.082333,0.011587
329.3706042766571,0.09524,0.011654
329.422336101532,0.10064,0.011578
329.47367811203003,0.10313,0.011606
329.52181029319763,0.10945,0.011644
329.57760763168335,0.11921,0.011589
329.6260588169098,0.12308,0.011577
329.6814363002777,0.12903,0.011593
329.7297134399414,0.1336,0.011558
329.7777752876282,0.13829,0.011625
329.83321356773376,0.14267,0.011603
329.8841874599457,0.14839,0.011663
329.93354630470276,0.15285,0.011607
329.9829812049866,0.15743,0.01156
330.03582239151,0.16156,0.011535
330.08442521095276,0.1702,0.011603
330.1331706047058,0.17556,0.011618
330.1835436820984,0.17895,0.011455
330.23576164245605,0.18413,0.011628
330.28250646591187,0.1872,0.011537
330.335928440094,0.19344,0.011597
330.3871190547943,0.19756,0.011597
330.43861389160156,0.20079,0.011561
330.48615193367004,0.20593,0.011544
330.5369851589203,0.21007,0.011677
330.5890281200409,0.21903,0.011639
330.6376166343689,0.22012,0.011587
330.68782782554626,0.22623,0.011685
330.7379539012909,0.22904,0.011654
330.78749918937683,0.23312,0.011604
330.8387882709503,0.23819,0.011612
330.8886604309082,0.24197,0.011597
330.94021940231323,0.24911,0.011606
330.99107336997986,0.25109,0.011574
331.0389566421509,0.25704,0.011642
331.0942659378052,0.26007,0.011663
331.1452181339264,0.26601,0.011623
331.19599294662476,0.26815,0.011616
331.2437012195587,0.27192,0.011585
331.2967641353607,0.27697,0.011609
331.345267534256,0.28189,0.01161
331.39411520957947,0.28984,0.011627
331.44622445106506,0.29088,0.011548
331.4955904483795,0.29765,0.011668
331.5497407913208,0.3018,0.01162
331.59714221954346,0.027213,0.011577
331.65638184547424,0.033507,0.01159
331.70681405067444,0.0432,0.011581
331.75185084342957,0.054613,0.011517
331.80422830581665,0.0792,0.011582
331.85433053970337,0.093027,0.011631
331.9031171798706,0.09792,0.011566
331.9552881717682,0.10427,0.011664
332.004061460495,0.11073,0.011639
332.0560803413391,0.11309,0.011616
332.10241651535034,0.11924,0.011528
332.16083335876465,0.12277,0.011553
332.2094008922577,0.12741,0.011579
332.2630033493042,0.13456,0.011599
332.31129264831543,0.1436,0.011625
332.35995221138,0.14808,0.01158
332.41145420074463,0.15155,0.011671
332.46400594711304,0.156,0.011701
332.51188707351685,0.16161,0.011623
332.5613491535187,0.16568,0.011578
332.61270570755005,0.16784,0.01156
332.66565895080566,0.17425,0.011564
332.7132616043091,0.17889,0.011499
332.76394152641296,0.18705,0.011624
332.81615924835205,0.19024,0.011635
332.863730430603,0.19416,0.011569
332.91266083717346,0.19845,0.011521
332.9711158275604,0.20257,0.011594
333.0196979045868,0.20659,0.011594
333.06755328178406,0.21171,0.011521
333.119455575943,0.21895,0.011601
333.172226190567,0.22184,0.011603
333.22010827064514,0.22799,0.011568
333.2680969238281,0.2332,0.011591
333.3244833946228,0.23705,0.011495
333.3773775100708,0.24107,0.011587
333.4239647388458,0.24404,0.011615
333.47736167907715,0.24803,0.011566
333.5299651622772,0.25299,0.011618
333.58107352256775,0.25593,0.011557
333.6298840045929,0.26396,0.011508
333.6783311367035,0.26904,0.011662
333.72924280166626,0.27396,0.011597
333.7800579071045,0.27681,0.011586
333.83121252059937,0.28176,0.011604
333.87834906578064,0.28572,0.011614
333.9282627105713,0.28776,0.011606
333.9802269935608,0.29269,0.011637
334.03335976600647,0.29655,0.011654
334.0809097290039,0.024867,0.011603
334.1344816684723,0.037453,0.011593
334.1815490722656,0.045533,0.011601
334.2338116168976,0.054027,0.011548
334.28120946884155,0.068093,0.011518
334.33737874031067,0.079147,0.011594
334.3851418495178,0.090187,0.011596
334.4330008029938,0.099027,0.011636
334.4855754375458,0.10395,0.011628
334.53584337234497,0.11416,0.011646
334.5859227180481,0.11921,0.01158
334.6336672306061,0.12156,0.011614
334.68534421920776,0.12871,0.011562
334.73699164390564,0.13095,0.011579
334.7861897945404,0.13665,0.011535
334.8370807170868,0.14135,0.011581
334.88556027412415,0.14709,0.011625
334.9376459121704,0.15043,0.011638
334.98796343803406,0.15491,0.011653
335.0354096889496,0.16591,0.011649
335.0878529548645,0.16807,0.011609
335.13930916786194,0.17236,0.011565
335.1870746612549,0.17533,0.011618
335.2362072467804,0.18193,0.011632
335.2864634990692,0.18605,0.011572
335.3407838344574,0.19035,0.011603
335.38862013816833,0.19449,0.0116
335.438570022583,0.20155,0.011586
335.49056243896484,0.20787,0.011592
335.539692401886,0.20975,0.011547
335.59154653549194,0.21387,0.011611
335.64299607276917,0.21688,0.011593
335.6927740573883,0.222,0.011582
335.73938512802124,0.22895,0.011556
335.794118642807,0.23287,0.011529
335.8460068702698,0.23807,0.011608
335.89177918434143,0.24207,0.011567
335.9428107738495,0.24485,0.011639
335.99962878227234,0.24799,0.01156
336.0499818325043,0.25299,0.011602
336.09619545936584,0.25781,0.011572
336.14769077301025,0.26195,0.011621
336.19535541534424,0.2706,0.011583
336.24804735183716,0.27388,0.011618
336.3012936115265,0.27665,0.011611
336.34989953041077,0.27983,0.011602
336.4011356830597,0.28579,0.011593
336.4512839317322,0.28965,0.011618
336.5004725456238,0.29375,0.011662
336.55135846138,0.29765,0.011592
336.6030879020691,0.024053,0.011485
336.651282787323,0.03712,0.011656
336.704509973526,0.048267,0.011462
336.75013637542725,0.059547,0.011664
336.803186416626,0.07088,0.011715
336.85320019721985,0.084507,0.011539
336.902428150177,0.091427,0.0116
336.9568123817444,0.10044,0.011616
337.0036962032318,0.10165,0.011634
337.05695843696594,0.11399,0.011595
337.10565733909607,0.11903,0.011617
337.1583104133606,0.12267,0.011585
337.2052114009857,0.12873,0.011599
337.25588035583496,0.13324,0.011599
337.3078191280365,0.13904,0.011604
337.35600113868713,0.14348,0.011611
337.4049563407898,0.14819,0.011578
337.45864701271057,0.15272,0.011636
337.5136225223541,0.15689,0.011635
337.5589506626129,0.16564,0.011618
337.6150424480438,0.16888,0.011599
337.6649911403656,0.17432,0.011543
337.7111122608185,0.17857,0.011583
337.76390314102173,0.18395,0.011579
337.81287717819214,0.18599,0.011611
337.86461091041565,0.19209,0.011593
337.9145698547363,0.19641,0.011553
337.96323132514954,0.20027,0.011511
338.0155894756317,0.20457,0.01159
338.0663318634033,0.21072,0.011615
338.11829352378845,0.21669,0.011582
338.1663043498993,0.22172,0.011557
338.21800088882446,0.22579,0.011588
338.2730326652527,0.22789,0.01157
338.32220697402954,0.23404,0.011527
338.37426590919495,0.23687,0.011633
338.4223895072937,0.24089,0.011598
338.46929454803467,0.24499,0.011536
338.5216054916382,0.249,0.011639
338.573450088501,0.25887,0.011632
338.6241054534912,0.26085,0.011631
338.67277908325195,0.26569,0.011567
338.7211196422577,0.2678,0.011604
338.7721543312073,0.27289,0.011581
338.82241129875183,0.28067,0.011614
338.8715307712555,0.28335,0.011636
338.9223976135254,0.28763,0.011627
338.9703414440155,0.29059,0.011605
339.0214819908142,0.29481,0.011627
339.07352328300476,0.29855,0.011597
339.12094235420227,0.024627,0.011641
339.1737132072449,0.03688,0.011649
339.2252309322357,0.05084,0.011672
339.2744779586792,0.063573,0.011482
339.32669854164124,0.073253,0.01163
339.3731813430786,0.08696,0.011613
339.429794549942,0.0962,0.01164
339.47813630104065,0.10021,0.011566
339.5293653011322,0.10629,0.011485
339.5789816379547,0.11147,0.011654
339.6302387714386,0.11636,0.011688
339.68092584609985,0.12123,0.011561
339.7320008277893,0.1274,0.011598
339.7796084880829,0.13647,0.0116
339.83227586746216,0.14136,0.01157
339.88293981552124,0.147,0.011566
339.93329071998596,0.15137,0.011563
339.9801070690155,0.15705,0.011588
340.0337643623352,0.16003,0.011613
340.07888555526733,0.16663,0.011548
340.13538098335266,0.16885,0.011629
340.1809468269348,0.17424,0.011577
340.2366580963135,0.17743,0.011605
340.28793120384216,0.18053,0.011619
340.3366277217865,0.18671,0.011576
340.38676619529724,0.1922,0.011583
340.4355478286743,0.20063,0.011567
340.4886679649353,0.20444,0.011551
340.53868985176086,0.20956,0.011554
340.58692693710327,0.21361,0.011538
340.6368260383606,0.21576,0.011613
340.6875994205475,0.22077,0.011593
340.74138927459717,0.22379,0.011537
340.7914273738861,0.23081,0.011589
340.8426516056061,0.23371,0.011562
340.8923943042755,0.23788,0.011608
340.94398951530457,0.24169,0.011638
340.99241065979004,0.24681,0.011595
341.0417733192444,0.25577,0.01158
341.0927526950836,0.25877,0.011598
341.14226055145264,0.26287,0.011599
341.19589138031006,0.26467,0.011589
341.245112657547,0.27176,0.011619
341.2951784133911,0.27671,0.01163
341.34766602516174,0.28064,0.011642
341.39701628685,0.28455,0.011633
341.4469578266144,0.28856,0.011619
341.49594807624817,0.29243,0.011604
341.5450921058655,0.29652,0.011629
341.5963225364685,0.30145,0.011573
341.64613604545593,0.023587,0.011664
341.6967031955719,0.03368,0.011624
341.7465546131134,0.045,0.011602
341.8009943962097,0.05916,0.0116
341.8505516052246,0.081413,0.011616
341.9007315635681,0.094827,0.011601
341.95145416259766,0.098787,0.011597
341.9985523223877,0.10393,0.011602
342.05175828933716,0.10901,0.011661
342.10265493392944,0.11271,0.01159
342.15149092674255,0.11884,0.011644
342.19854736328125,0.12155,0.011604
342.2500808238983,0.13432,0.011614
342.30150866508484,0.13661,0.011609
342.35335183143616,0.14225,0.011604
342.4029197692871,0.14675,0.011578
342.45166182518005,0.15243,0.011628
342.5030610561371,0.15573,0.011571
342.551406621933,0.16125,0.011656
342.603093624115,0.16543,0.011618
342.65790343284607,0.16987,0.011613
342.713654756546,0.17408,0.011569
342.7610659599304,0.18167,0.011549
342.8119921684265,0.18573,0.011569
342.8650245666504,0.19097,0.011562
342.91323804855347,0.19515,0.011614
342.96494698524475,0.19828,0.01155
343.0123851299286,0.20247,0.011611
343.0649666786194,0.2064,0.011563
343.11520051956177,0.20947,0.011496
343.1645691394806,0.21975,0.011576
343.2118272781372,0.22359,0.011598
343.26167726516724,0.2268,0.011612
343.3168058395386,0.23179,0.011567
343.3643157482147,0.2358,0.011608
343.4136960506439,0.23967,0.011585
343.4678318500519,0.24381,0.011619
343.52014446258545,0.25087,0.011591
343.5666768550873,0.2546,0.011591
343.61708879470825,0.25773,0.011588
343.66683435440063,0.26372,0.01159
343.71892261505127,0.26672,0.011617
343.7704048156738,0.27379,0.011553
343.8218958377838,0.27569,0.011606
343.8707559108734,0.28057,0.011619
343.92189478874207,0.28467,0.011623
343.9719498157501,0.28867,0.011631
344.0225319862366,0.29345,0.011619
344.0705795288086,0.29732,0.011617
344.1231143474579,0.30116,0.011589
344.17253518104553,0.025947,0.011611
344.22523522377014,0.05016,0.011607
344.2719666957855,0.058933,0.011604
344.32516717910767,0.070147,0.011623
344.3751368522644,0.081093,0.011634
344.42541432380676,0.091947,0.011638
344.47681498527527,0.099933,0.011617
344.5280969142914,0.10387,0.011602
344.5755441188812,0.10899,0.011639
344.6277565956116,0.11395,0.011597
344.6773028373718,0.12115,0.011585
344.7272906303406,0.13073,0.011586
344.7793221473694,0.13289,0.011638
344.82982063293457,0.1388,0.01159
344.8824419975281,0.14328,0.011523
344.93073177337646,0.14885,0.011589
344.979704618454,0.15231,0.011507
345.0331435203552,0.15801,0.01159
345.08324337005615,0.16324,0.011583
345.1303219795227,0.16768,0.011604
345.18249464035034,0.16988,0.011627
345.23077297210693,0.17521,0.01148
345.2818236351013,0.17839,0.011635
345.32988953590393,0.18893,0.011602
345.3849859237671,0.18968,0.011595
345.4327208995819,0.19497,0.011547
345.480997800827,0.20024,0.011573
345.5339398384094,0.20415,0.011621
345.5839812755585,0.20841,0.011602
345.63175225257874,0.21232,0.01159
345.68480014801025,0.21968,0.011491
345.7348256111145,0.22468,0.011556
345.7846164703369,0.22779,0.01161
345.8384349346161,0.23281,0.011681
345.8866512775421,0.23676,0.011546
345.93413734436035,0.24087,0.011572
345.9878053665161,0.24483,0.011584
346.03775811195374,0.24985,0.011635
346.0870580673218,0.25376,0.011606
346.1363568305969,0.25775,0.011608
346.18787598609924,0.25963,0.011618
346.23846673965454,0.26867,0.011631
346.28942489624023,0.27364,0.011621
346.3407950401306,0.2766,0.011675
346.39043164253235,0.28241,0.011641
346.4405093193054,0.2844,0.011629
346.49000096321106,0.29039,0.011656
346.5416581630707,0.29341,0.01167
346.59223341941833,0.29833,0.011636
346.64280104637146,0.30043,0.011561
346.6915912628174,0.02812,0.011618
346.74104404449463,0.047547,0.01162
346.7932960987091,0.05868,0.011605
346.84251952171326,0.072787,0.01157
346.89606380462646,0.08096,0.011616
346.94251775741577,0.09612,0.011519
346.99768590927124,0.09996,0.011644
347.04325914382935,0.1038,0.011657
347.09644985198975,0.11508,0.011585
347.14664030075073,0.11887,0.011605
347.1963429450989,0.12348,0.011669
347.2455551624298,0.12829,0.0116
347.29829478263855,0.13177,0.011641
347.34672021865845,0.13649,0.011608
347.39815616607666,0.14103,0.011607
347.45815873146057,0.15107,0.011606
347.5040373802185,0.15569,0.011612
347.55633997917175,0.15988,0.011551
347.609256029129,0.16213,0.01158
347.65507984161377,0.16741,0.011588
347.707466840744,0.17297,0.011529
347.75876569747925,0.17725,0.011566
347.8102083206177,0.18047,0.011587
347.8582706451416,0.18581,0.011566
347.91004610061646,0.19393,0.011595
347.9604425430298,0.19828,0.011575
348.01123237609863,0.20333,0.011594
348.0616626739502,0.20535,0.011569
348.1133828163147,0.21139,0.01161
348.16313552856445,0.21656,0.011581
348.2145907878876,0.21951,0.011578
348.2628688812256,0.22267,0.01157
348.31162095069885,0.22759,0.011611
348.36491990089417,0.23572,0.011513
348.4123704433441,0.23976,0.011589
348.4616301059723,0.24476,0.011593
348.5120494365692,0.24864,0.011595
348.56486201286316,0.25256,0.011517
348.612046957016,0.25665,0.011638
348.6663866043091,0.26056,0.01156
348.71532797813416,0.26451,0.011565
348.7646791934967,0.26856,0.011637
348.8160607814789,0.27335,0.011594
348.8659212589264,0.27636,0.011587
348.9166464805603,0.28427,0.011609
348.96352910995483,0.28724,0.011585
349.01596236228943,0.29205,0.011631
349.06677627563477,0.29425,0.01161
349.1164481639862,0.29993,0.01163
349.16597628593445,0.30216,0.011593
349.21931076049805,0.03612,0.011638
349.2657980918884,0.03856,0.011606
349.31776881217957,0.05268,0.011607
349.3651463985443,0.07508,0.011629
349.41920137405396,0.088987,0.011581
349.47214818000793,0.095773,0.011668
349.5197477340698,0.10235,0.011562
349.57106828689575,0.10875,0.011659
349.62230134010315,0.11133,0.011645
349.6743998527527,0.11743,0.011617
349.7230226993561,0.12224,0.011552
349.770147562027,0.13167,0.011602
349.8200159072876,0.13527,0.011593
349.8763303756714,0.13868,0.011579
349.92450404167175,0.14513,0.011566
349.97303676605225,0.14995,0.011601
350.02292585372925,0.15435,0.011603
350.07454013824463,0.15659,0.011524
350.1237916946411,0.16432,0.011638
350.17589592933655,0.17276,0.011643
350.22939348220825,0.17488,0.011559
350.2758767604828,0.17921,0.011542
350.3282837867737,0.18352,0.011634
350.37564182281494,0.18879,0.011547
350.4287793636322,0.19184,0.011498
350.47786235809326,0.19597,0.011607
350.53056836128235,0.19892,0.011573
350.58319902420044,0.20939,0.011594
350.63362884521484,0.21225,0.011573
350.6839771270752,0.21657,0.011597
350.733145236969,0.22151,0.011609
350.78341913223267,0.22453,0.011562
350.8317492008209,0.22951,0.011579
350.8905363082886,0.23349,0.011566
350.9396460056305,0.2374,0.01166
350.9904451370239,0.24741,0.01154
351.04085540771484,0.24957,0.011558
351.09116983413696,0.25459,0.011654
351.1440246105194,0.2566,0.011779
351.19226026535034,0.26243,0.011567
351.24215507507324,0.26545,0.011607
351.29266333580017,0.27061,0.011647
351.34543013572693,0.2724,0.011586
351.3952512741089,0.27852,0.011619
351.44447207450867,0.2814,0.011727
351.49287700653076,0.28635,0.011646
351.54263186454773,0.29517,0.011694
351.5970423221588,0.29648,0.011634
351.64364218711853,0.02088,0.011686
351.6948094367981,0.027787,0.011576
351.7452895641327,0.04116,0.011574
351.79671478271484,0.04952,0.011652
351.84568214416504,0.06384,0.011673
351.893363237381,0.07196,0.01159
351.9470751285553,0.085947,0.011606
351.99876165390015,0.095787,0.011614
352.0507986545563,0.10739,0.011557
352.0990116596222,0.11119,0.0116
352.15092849731445,0.11483,0.011575
352.2007579803467,0.12091,0.011581
352.248339176178,0.12693,0.011605
352.30118107795715,0.1316,0.011579
352.35158801078796,0.13635,0.011578
352.4054207801819,0.13957,0.01159
352.45406103134155,0.14965,0.011561
352.50702834129333,0.15207,0.011613
352.5549726486206,0.15843,0.01159
352.6032190322876,0.16191,0.011604
352.6560287475586,0.16744,0.011578
352.70435881614685,0.17172,0.011593
352.7567050457001,0.17493,0.011535
352.805299282074,0.17909,0.011521
352.855810880661,0.18837,0.01159
352.91389298439026,0.19175,0.011597
352.9630603790283,0.19592,0.011587
353.012314081192,0.19983,0.011589
353.06317472457886,0.20293,0.011574
353.11241841316223,0.21016,0.011556
353.16388177871704,0.21544,0.011544
353.21244406700134,0.21928,0.01155
353.2626922130585,0.22347,0.011593
353.3114855289459,0.2266,0.011561
353.3630075454712,0.23149,0.011535
353.4137532711029,0.2336,0.011565
353.4654779434204,0.24157,0.011529
353.51428508758545,0.24659,0.011621
353.56405544281006,0.25043,0.011592
353.61415338516235,0.25455,0.011584
353.66483664512634,0.25853,0.011561
353.7172873020172,0.26344,0.011634
353.7667200565338,0.26733,0.011592
353.8143517971039,0.27121,0.011584
353.8653407096863,0.2772,0.011627
353.92314052581787,0.28107,0.011624
353.96858263015747,0.28631,0.011585
354.0214774608612,0.28815,0.011606
354.07087898254395,0.29404,0.011658
354.12396121025085,0.29799,0.011662
354.1743586063385,0.30201,0.011491
354.22339248657227,0.038293,0.011606
354.27440667152405,0.04956,0.011629
354.32611107826233,0.058,0.011641
354.3749203681946,0.071987,0.011598
354.42560267448425,0.080107,0.011617
354.47703194618225,0.09256,0.011623
354.5272123813629,0.099707,0.011588
354.5744686126709,0.10599,0.011524
354.6260573863983,0.11461,0.011615
354.67861437797546,0.11843,0.011639
354.7266185283661,0.12453,0.011644
354.7806372642517,0.12564,0.01161
354.830527305603,0.13271,0.011618
354.8791127204895,0.13845,0.011613
354.9266941547394,0.1428,0.011558
354.9788794517517,0.14763,0.011626
355.0303885936737,0.15211,0.011645
355.0862958431244,0.15648,0.011627
355.13649916648865,0.15976,0.011617
355.18431282043457,0.17057,0.01159
355.2309548854828,0.17467,0.011522
355.2848687171936,0.17905,0.011615
355.33507561683655,0.18424,0.011624
355.38270831108093,0.18648,0.011634
355.43631196022034,0.19272,0.011568
355.4856684207916,0.19681,0.01155
355.54060912132263,0.20207,0.011581
355.5877721309662,0.20605,0.01161
355.64159870147705,0.20912,0.011586
355.688942193985,0.21411,0.011596
355.73947954177856,0.22139,0.011561
355.79116344451904,0.22625,0.011574
355.8431510925293,0.23045,0.011606
355.8943772315979,0.2334,0.011605
355.94252848625183,0.23724,0.011536
355.9940073490143,0.2422,0.011602
356.0430715084076,0.24536,0.011551
356.094918012619,0.24927,0.01161
356.14736342430115,0.2584,0.01163
356.19546246528625,0.26127,0.011613
356.24580907821655,0.2644,0.011598
356.29609847068787,0.2682,0.011598
356.34444761276245,0.27423,0.011591
356.39646077156067,0.27725,0.011615
356.44629287719727,0.2812,0.011608
356.4987723827362,0.28516,0.011653
356.54895853996277,0.29095,0.011749
356.5992097854614,0.29799,0.011644
356.65024733543396,0.30089,0.011645
356.70028829574585,0.024147,0.011598
356.74676752090454,0.037667,0.011612
356.80021381378174,0.04904,0.011602
356.8525342941284,0.060347,0.011624
356.8998122215271,0.07172,0.011568
356.9509630203247,0.093773,0.011541
357.0028610229492,0.0956,0.011622
357.054407119751,0.10325,0.011666
357.1051263809204,0.10587,0.011613
357.15276861190796,0.11344,0.011606
357.2035834789276,0.11828,0.011631
357.25728368759155,0.12433,0.011611
357.3029398918152,0.13245,0.011597
357.3559148311615,0.13601,0.011518
357.4075310230255,0.14079,0.011593
357.45396184921265,0.14644,0.011615
357.50726652145386,0.14979,0.011586
357.55817890167236,0.15411,0.011588
357.60665130615234,0.15972,0.011559
357.65902733802795,0.1618,0.011579
357.70726680755615,0.16833,0.01156
357.7573986053467,0.17561,0.011556
357.80959844589233,0.18101,0.011568
357.85705494880676,0.18525,0.011555
357.9091885089874,0.19037,0.011563
357.95846486091614,0.19452,0.011557
358.0115478038788,0.19689,0.011582
358.0595998764038,0.20184,0.011564
358.1126899719238,0.20563,0.011509
358.163697719574,0.21125,0.011582
358.20812463760376,0.21916,0.011594
358.2623188495636,0.22233,0.011593
358.31101393699646,0.22637,0.011579
358.36314272880554,0.22916,0.011597
358.4104554653168,0.23529,0.011557
358.46405720710754,0.2392,0.01152
358.513224363327,0.24336,0.011608
358.5666403770447,0.24608,0.01159
358.61542987823486,0.25116,0.011611
358.66521668434143,0.25505,0.011662
358.71314883232117,0.26009,0.011614
358.7657959461212,0.26715,0.011617
358.8164541721344,0.272,0.01163
358.8631241321564,0.27521,0.01163
358.9164080619812,0.27797,0.011596
358.9691607952118,0.28305,0.011617
359.02056336402893,0.28693,0.011585
359.06937742233276,0.29197,0.011651
359.1252236366272,0.29589,0.011626
359.1736273765564,0.02264,0.011611
359.2296795845032,0.031987,0.01158
359.27581238746643,0.043213,0.011654
359.3275010585785,0.051907,0.011662
359.3765811920166,0.062933,0.011649
359.4283215999603,0.077053,0.011595
359.48017501831055,0.088,0.011512
359.5274474620819,0.097973,0.01155
359.5766019821167,0.099227,0.011647
359.62819933891296,0.10707,0.011594
359.68003582954407,0.11216,0.011608
359.73368215560913,0.12187,0.01163
359.780081987381,0.12783,0.011595
359.83402252197266,0.13137,0.011614
359.8818917274475,0.13713,0.011643
359.93381214141846,0.14157,0.011585
359.98055934906006,0.14627,0.011629
360.0307011604309,0.1496,0.011617
360.0891387462616,0.15515,0.011497
360.1368844509125,0.16056,0.011575
360.1885886192322,0.16821,0.011584
360.236878156662,0.17356,0.011576
360.28816413879395,0.17585,0.011566
360.33570432662964,0.18209,0.011594
360.38978719711304,0.18623,0.011537
360.4391083717346,0.19057,0.011563
360.4889419078827,0.19463,0.01159
360.5406756401062,0.19773,0.011504
360.59115982055664,0.20693,0.011576
360.64072823524475,0.21092,0.011599
360.6901955604553,0.21508,0.011599
360.7443187236786,0.21813,0.011649
360.7923803329468,0.22315,0.011581
360.84469842910767,0.22703,0.011603
360.8924663066864,0.23015,0.011615
360.9392457008362,0.23613,0.011551
360.9936263561249,0.24015,0.01161
361.04315209388733,0.2462,0.011587
361.09201979637146,0.24917,0.011552
361.14546608924866,0.25316,0.011631
361.1984829902649,0.25617,0.011601
361.2466480731964,0.26301,0.01161
361.29447317123413,0.26515,0.011641
361.3461058139801,0.26995,0.011617
361.39964389801025,0.27788,0.011479
361.4480023384094,0.28185,0.011608
361.5002965927124,0.28484,0.011681
361.55000257492065,0.2868,0.011607
361.59975600242615,0.29373,0.011601
361.65304136276245,0.29784,0.011655
361.7014193534851,0.30159,0.011583
361.74768567085266,0.025467,0.011613
361.8047745227814,0.04864,0.011598
361.84958720207214,0.060013,0.011659
361.90478587150574,0.068507,0.011595
361.95568227767944,0.082293,0.011577
362.0018103122711,0.090413,0.011654
362.05553936958313,0.097867,0.011599
362.10393261909485,0.10296,0.011618
362.15526056289673,0.10943,0.011604
362.2039701938629,0.11427,0.011641
362.2576277256012,0.12053,0.011548
362.30774760246277,0.12989,0.0116
362.3565535545349,0.13568,0.011588
362.40794801712036,0.13703,0.011595
362.4625418186188,0.14141,0.011579
362.51006960868835,0.14587,0.01157
362.5588357448578,0.15495,0.011588
362.61936688423157,0.15936,0.011516
362.66826581954956,0.16272,0.011545
362.719660282135,0.16701,0.011587
362.7657928466797,0.17135,0.01157
362.8197729587555,0.17963,0.011576
362.8714647293091,0.18417,0.011581
362.92042231559753,0.18925,0.011603
362.96877217292786,0.19245,0.011583
363.0193729400635,0.19643,0.011567
363.07180547714233,0.20171,0.011589
363.1269609928131,0.2058,0.011575
363.1778416633606,0.20997,0.011582
363.2309730052948,0.218,0.011583
363.2796161174774,0.222,0.011594
363.3277041912079,0.22516,0.011553
363.3781943321228,0.23015,0.011621
363.4320709705353,0.23407,0.01162
363.48005867004395,0.23815,0.011712
363.5343804359436,0.24217,0.011587
363.58051586151123,0.24719,0.011611
363.6333305835724,0.24905,0.011638
363.68368101119995,0.25817,0.011637
363.73329281806946,0.26197,0.011603
363.78616642951965,0.26591,0.011642
363.8329131603241,0.27004,0.01159
363.88621401786804,0.27288,0.011578
363.9367187023163,0.27789,0.011595
363.98504853248596,0.28289,0.011593
364.03842210769653,0.28675,0.0116
364.0869903564453,0.29079,0.011609
364.1362633705139,0.29773,0.011655
364.1875216960907,0.30176,0.01157
364.2412791252136,0.024253,0.011615
364.2881293296814,0.039853,0.011636
364.3409824371338,0.048547,0.011571
364.3906066417694,0.06536,0.011641
364.43881702423096,0.073613,0.011562
364.4945225715637,0.084827,0.011605
364.54097723960876,0.09532,0.011603
364.5912055969238,0.10061,0.011604
364.6411678791046,0.10912,0.011605
364.69442868232727,0.11411,0.011629
364.7444806098938,0.12044,0.011599
364.7944700717926,0.12408,0.0116
364.84219789505005,0.13005,0.011596
364.8950836658478,0.13233,0.011563
364.94677233695984,0.14031,0.01162
364.9940264225006,0.1426,0.011611
365.0497205257416,0.14819,0.011583
365.0974085330963,0.15621,0.011595
365.1478261947632,0.16163,0.011613
365.20414113998413,0.16691,0.011567
365.25144624710083,0.16924,0.011563
365.3028573989868,0.17556,0.011605
365.35204696655273,0.17879,0.011606
365.4044644832611,0.18413,0.011601
365.45395374298096,0.18616,0.011609
365.50319504737854,0.19652,0.011554
365.5506019592285,0.20059,0.01161
365.6033945083618,0.20361,0.011581
365.6551275253296,0.21189,0.011605
365.7040228843689,0.21403,0.011567
365.75921154022217,0.21896,0.011625
365.8095369338989,0.22315,0.011627
365.85619616508484,0.22701,0.011613
365.90939950942993,0.23109,0.011561
365.96062445640564,0.23612,0.011605
366.00950384140015,0.24015,0.011543
366.05875611305237,0.24515,0.011574
366.1113655567169,0.24917,0.011563
366.16029834747314,0.25219,0.011602
366.2135305404663,0.25609,0.011581
366.26521730422974,0.26416,0.011618
366.31783652305603,0.26799,0.011525
366.3642475605011,0.27085,0.011621
366.41919898986816,0.27589,0.011623
366.46582770347595,0.27876,0.011594
366.5181691646576,0.28301,0.011625
366.56702518463135,0.28773,0.011637
366.6177763938904,0.29183,0.011612
366.6656084060669,0.30052,0.011646
366.72207713127136,0.02096,0.011569
366.77348947525024,0.031173,0.011609
366.82067608833313,0.042333,0.011609
366.8716206550598,0.050947,0.011601
366.91918992996216,0.065133,0.011613
366.97455310821533,0.0738,0.01162
367.02670884132385,0.09012,0.011627
367.0775954723358,0.097787,0.011655
367.1271255016327,0.10797,0.011593
367.173460483551,0.11297,0.011571
367.2273426055908,0.11787,0.011611
367.2758288383484,0.1238,0.011592
367.3240427970886,0.12839,0.011505
367.3761885166168,0.13449,0.011563
367.4263668060303,0.1368,0.011573
367.4775769710541,0.14253,0.011599
367.5279142856598,0.14585,0.011619
367.5786015987396,0.15156,0.011566
367.6283140182495,0.15689,0.011565
367.6801543235779,0.16377,0.01157
367.7322039604187,0.17025,0.011604
367.78085231781006,0.17305,0.011574
367.8329813480377,0.17744,0.011549
367.8841848373413,0.18188,0.011603
367.935010433197,0.18599,0.011567
367.98198986053467,0.19013,0.011541
368.03398537635803,0.19333,0.011587
368.08551359176636,0.20265,0.011595
368.1359076499939,0.20668,0.011566
368.18306851387024,0.21167,0.011538
368.2361147403717,0.21373,0.011703
368.2888774871826,0.21983,0.011615
368.3367030620575,0.22195,0.011583
368.3908212184906,0.227,0.011555
368.4381422996521,0.22992,0.011574
368.49111342430115,0.23496,0.011545
368.5377428531647,0.24388,0.011554
368.5870871543884,0.24703,0.011577
368.63990688323975,0.24997,0.011633
368.69150972366333,0.255,0.011601
368.73784375190735,0.25888,0.011599
368.7922954559326,0.26207,0.011593
368.8437690734863,0.26696,0.011627
368.89214992523193,0.27484,0.011571
368.9459767341614,0.27799,0.01163
368.99258184432983,0.28387,0.011636
369.0430510044098,0.28771,0.011623
369.0953600406647,0.29065,0.01162
369.14425826072693,0.29379,0.011585
369.1936776638031,0.29953,0.011575
369.24694180488586,0.02104,0.011581
369.2953369617462,0.031267,0.011609
369.34455466270447,0.04788,0.011619
369.39731788635254,0.05952,0.011657
369.4457392692566,0.070813,0.011603
369.49797463417053,0.077533,0.011648
369.5483121871948,0.092493,0.011675
369.6011371612549,0.10413,0.011641
369.65344858169556,0.10665,0.011613
369.702828168869,0.11292,0.01162
369.7486984729767,0.11677,0.011604
369.8024916648865,0.12269,0.011635
369.85248255729675,0.12612,0.011624
369.90232253074646,0.13219,0.011604
369.9530363082886,0.14135,0.011573
370.0043110847473,0.14601,0.011615
370.0578718185425,0.15163,0.011617
370.10677456855774,0.15595,0.011622
370.15485668182373,0.15923,0.011604
370.2125072479248,0.1624,0.011607
370.26067447662354,0.16689,0.011577
370.3106777667999,0.1732,0.011611
370.3613073825836,0.17965,0.011597
370.4120316505432,0.18477,0.01161
370.45863342285156,0.18893,0.011598
370.5125370025635,0.19321,0.011616
370.55989170074463,0.19644,0.011594
370.6163971424103,0.20365,0.011608
370.66644740104675,0.20843,0.011553
370.7140738964081,0.21075,0.011562
370.7676784992218,0.21685,0.011597
370.8159291744232,0.22104,0.01146
370.8667426109314,0.22592,0.011574
370.9198508262634,0.22993,0.011614
370.9672808647156,0.23493,0.011524
371.0175817012787,0.23808,0.011546
371.06633043289185,0.24204,0.011597
371.1226770877838,0.24487,0.01156
371.1719660758972,0.24988,0.011593
371.221529006958,0.25987,0.011615
371.2720844745636,0.26089,0.011599
371.3219082355499,0.26573,0.011562
371.37050890922546,0.26979,0.011579
371.41942143440247,0.2738,0.011587
371.47582173347473,0.2768,0.011542
371.52536821365356,0.28273,0.01161
371.57335352897644,0.28656,0.011608
371.6256513595581,0.29045,0.011617
371.6745607852936,0.29843,0.011618
371.72535371780396,0.021213,0.011589
371.774099111557,0.02784,0.011617
371.82617473602295,0.036547,0.011609
371.87439155578613,0.053413,0.011549
371.9245090484619,0.059093,0.011625
371.97554421424866,0.0758,0.011609
372.0274200439453,0.087067,0.011674
372.07302713394165,0.096267,0.011619
372.1264955997467,0.10027,0.011584
372.17712235450745,0.10519,0.011638
372.2280466556549,0.11625,0.011643
372.27857971191406,0.12236,0.011593
372.3264191150665,0.12732,0.011579
372.3783175945282,0.12959,0.011587
372.42919158935547,0.13433,0.011579
372.4782917499542,0.13989,0.011552
372.5263919830322,0.14437,0.011606
372.57757806777954,0.14896,0.011599
372.6322731971741,0.15344,0.0116
372.68205976486206,0.15892,0.011639
372.73076844215393,0.16643,0.011631
372.7802195549011,0.17304,0.01151
372.82977747917175,0.17503,0.011586
372.883691072464,0.18044,0.011545
372.93262338638306,0.18477,0.011592
372.9824297428131,0.18979,0.011557
373.03518056869507,0.19387,0.011566
373.08207726478577,0.19815,0.011582
373.1353557109833,0.20148,0.011594
373.1869330406189,0.20544,0.011595
373.23824191093445,0.21061,0.01157
373.2852725982666,0.21881,0.011572
373.33607602119446,0.22275,0.011542
373.38630270957947,0.22684,0.011599
373.43565249443054,0.23075,0.011605
373.4873797893524,0.23495,0.011571
373.53555154800415,0.23879,0.011609
373.5927805900574,0.24179,0.011608
373.64192032814026,0.24757,0.011563
373.6914277076721,0.25076,0.011577
373.74166464805603,0.25876,0.011595
373.79316544532776,0.26371,0.011551
373.84135484695435,0.26764,0.011608
373.8933687210083,0.27267,0.011601
373.94810962677,0.27563,0.011634
373.99552059173584,0.27971,0.011584
374.048455953598,0.28369,0.011596
374.0959815979004,0.28852,0.011656
374.1478946208954,0.29241,0.011614
374.19558453559875,0.29731,0.011608
374.2515776157379,0.30048,0.011608
374.3009386062622,0.0306,0.011599
374.34969305992126,0.04604,0.011592
374.39761185646057,0.058853,0.011643
374.4474141597748,0.0674,0.011604
374.50181221961975,0.075653,0.011605
374.5500819683075,0.094653,0.011579
374.60354828834534,0.098613,0.011648
374.65040040016174,0.1026,0.011645
374.7002663612366,0.10888,0.011628
374.75277400016785,0.11291,0.011598
374.8034780025482,0.12473,0.011574
374.85150957107544,0.12732,0.011635
374.9052300453186,0.13303,0.011595
374.94897985458374,0.13755,0.01161
375.00469851493835,0.14121,0.011576
375.0547397136688,0.14461,0.011554
375.104629278183,0.15123,0.011525
375.1549575328827,0.15557,0.011581
375.2061128616333,0.15999,0.011555
375.2555282115936,0.16873,0.011599
375.306916475296,0.17309,0.0116
375.35204553604126,0.17635,0.011563
375.40608763694763,0.18063,0.011579
375.4558343887329,0.18675,0.011572
375.50699973106384,0.18992,0.011519
375.5570545196533,0.19712,0.011603
375.604868888855,0.20131,0.011529
375.656699180603,0.20649,0.011553
375.70838689804077,0.20961,0.011595
375.7605559825897,0.21264,0.011588
375.80831599235535,0.21663,0.011557
375.85741209983826,0.2258,0.011602
375.9100217819214,0.2288,0.011548
375.9658124446869,0.2338,0.011549
376.01559805870056,0.23673,0.011611
376.06484055519104,0.2416,0.01159
376.1154570579529,0.24357,0.011564
376.16343092918396,0.2508,0.011578
376.2134644985199,0.25275,0.011597
376.2656886577606,0.25576,0.011605
376.3188443183899,0.26171,0.011621
376.3687334060669,0.26963,0.011554
376.416166305542,0.26963,0.011563
376.46982884407043,0.27836,0.01159
376.5161409378052,0.28257,0.011615
376.570125579834,0.28741,0.011582
376.6160080432892,0.2896,0.011607
376.6688804626465,0.29341,0.011567
376.71864771842957,0.29839,0.011606
376.7681984901428,0.019693,0.011607
376.8189389705658,0.02756,0.011605
376.8706421852112,0.038667,0.011552
376.92092275619507,0.05016,0.011635
376.9674942493439,0.07552,0.011633
377.02044105529785,0.081,0.011625
377.0694930553436,0.08916,0.011628
377.12092638015747,0.10123,0.011586
377.1728837490082,0.10636,0.011645
377.221479177475,0.10887,0.011587
377.27374482154846,0.11755,0.011618
377.32462668418884,0.12115,0.011561
377.3751838207245,0.12961,0.011596
377.4263210296631,0.13428,0.011553
377.4758083820343,0.13873,0.011568
377.52335381507874,0.14337,0.011597
377.57364296913147,0.14561,0.01156
377.6246144771576,0.15241,0.01155
377.6778757572174,0.15791,0.011557
377.7291121482849,0.16628,0.011523
377.77649998664856,0.16888,0.011593
377.8324866294861,0.17299,0.011522
377.8794994354248,0.17835,0.011525
377.9305782318115,0.18248,0.011587
377.9815468788147,0.18781,0.011481
378.03442454338074,0.19096,0.011498
378.0847215652466,0.19516,0.011501
378.1373641490936,0.19917,0.011548
378.18262672424316,0.20425,0.011562
378.23313093185425,0.20832,0.011532
378.29011273384094,0.21736,0.011565
378.33802032470703,0.21963,0.011517
378.38874673843384,0.22579,0.011566
378.4408185482025,0.22755,0.011569
378.49056792259216,0.23277,0.011583
378.5408341884613,0.23975,0.011586
378.5956208705902,0.24375,0.011562
378.6429138183594,0.24772,0.011617
378.6947250366211,0.25179,0.011641
378.74570631980896,0.2558,0.011591
378.79481625556946,0.26283,0.011633
378.84567070007324,0.26655,0.011568
378.89487767219543,0.27041,0.011615
378.94541239738464,0.27339,0.011605
378.9955279827118,0.27749,0.011573
379.0459072589874,0.28037,0.011659
379.09558153152466,0.28439,0.011649
379.1458933353424,0.29433,0.011632
379.19718050956726,0.29737,0.011646
379.2492370605469,0.30119,0.011593
379.3010060787201,0.024587,0.01159
379.3509681224823,0.038613,0.011605
379.39735865592957,0.050013,0.011645
379.45218086242676,0.061147,0.011623
379.5001902580261,0.069707,0.011666
379.54896545410156,0.080733,0.011579
379.60153818130493,0.094267,0.011594
379.6508984565735,0.09844,0.011599
379.7020766735077,0.11005,0.011642
379.74996733665466,0.11503,0.011583
379.8040828704834,0.1186,0.011615
379.852117061615,0.12479,0.01162
379.90198707580566,0.12837,0.011569
379.95090794563293,0.13527,0.011559
380.0042052268982,0.13867,0.011493
380.05500507354736,0.14549,0.011583
380.1047556400299,0.14656,0.011584
380.1566872596741,0.1534,0.01157
380.2064702510834,0.1566,0.011641
380.26166820526123,0.16523,0.011588
380.3115437030792,0.17184,0.01158
380.3592722415924,0.17725,0.011564
380.4126751422882,0.18141,0.011619
380.4619514942169,0.18567,0.011647
380.51194047927856,0.18867,0.011611
380.5625333786011,0.19184,0.011566
380.61217308044434,0.20105,0.011565
380.66471791267395,0.20525,0.011619
380.71267318725586,0.20848,0.011597
380.76638102531433,0.21151,0.011567
380.81655859947205,0.21551,0.01159
380.86483788490295,0.21961,0.011634
380.9177794456482,0.22451,0.011559
380.9666578769684,0.23261,0.011533
381.01505064964294,0.23755,0.011559
381.0675003528595,0.23961,0.011554
381.11687755584717,0.24323,0.011579
381.17140316963196,0.24852,0.011591
381.2190065383911,0.25252,0.011639
381.26850056648254,0.25749,0.011589
381.3256299495697,0.26161,0.011597
381.37744426727295,0.27048,0.01163
381.42282700538635,0.27232,0.01161
381.4768919944763,0.2756,0.0116
381.5255997180939,0.27968,0.011608
381.5774302482605,0.28437,0.011548
381.6269404888153,0.28743,0.011635
381.6767485141754,0.29221,0.011633
381.72885513305664,0.29523,0.011567
381.77963638305664,0.29917,0.011541
381.83158016204834,0.035387,0.011638
381.8767647743225,0.042413,0.011611
381.9333472251892,0.055453,0.011647
381.9859881401062,0.06672,0.011657
382.0304687023163,0.083173,0.011659
382.08566641807556,0.08868,0.011593
382.1363847255707,0.09848,0.011628
382.1841673851013,0.10372,0.011622
382.2389438152313,0.10855,0.011592
382.2896263599396,0.11855,0.011587
382.34076046943665,0.12347,0.011619
382.3892967700958,0.12801,0.011611
382.4395046234131,0.1316,0.011628
382.49027466773987,0.13733,0.011618
382.5412874221802,0.13969,0.011605
382.58824586868286,0.14653,0.011619
382.6443705558777,0.15099,0.011585
382.6950376033783,0.15883,0.011596
382.7436933517456,0.16425,0.011603
382.7934367656708,0.16744,0.01161
382.84497117996216,0.17175,0.011594
382.8955566883087,0.17692,0.011618
382.94441270828247,0.18017,0.011615
382.9980745315552,0.18337,0.011574
383.0461616516113,0.19083,0.011563
383.0930118560791,0.19803,0.011583
383.1470823287964,0.20009,0.011604
383.1995298862457,0.2062,0.011581
383.2534520626068,0.20948,0.011601
383.2974057197571,0.21453,0.011641
383.35529685020447,0.22249,0.011586
383.41105341911316,0.22453,0.011562
383.45834612846375,0.22949,0.011608
383.5087604522705,0.23263,0.011598
383.5606610774994,0.23668,0.01151
383.60861134529114,0.24453,0.01158
383.66241335868835,0.24764,0.011573
383.710000038147,0.25152,0.011577
383.7616813182831,0.25444,0.011638
383.8095293045044,0.25948,0.011588
383.8654477596283,0.26451,0.011626
383.91469621658325,0.26741,0.01158
383.9632363319397,0.27251,0.011569
384.0146222114563,0.28027,0.011576
384.06435775756836,0.28421,0.011579
384.11868143081665,0.28823,0.011605
384.16540789604187,0.29109,0.011634
384.2170252799988,0.29507,0.011641
384.26670384407043,0.30003,0.011575
384.32123374938965,0.02964,0.011565
384.37060356140137,0.03512,0.011586
384.4188504219055,0.050707,0.01168
384.4758975505829,0.058027,0.011626
384.5250618457794,0.07212,0.011613
384.57895946502686,0.091227,0.011619
384.6304814815521,0.098253,0.011639
384.6789758205414,0.10365,0.011618
384.72909021377563,0.10845,0.011628
384.77800488471985,0.11368,0.011598
384.8286588191986,0.11859,0.011603
384.8806767463684,0.12333,0.011628
384.931120634079,0.13269,0.01157
384.97931480407715,0.1372,0.011626
385.0326306819916,0.14193,0.01161
385.0828058719635,0.14632,0.011599
385.132693529129,0.15079,0.011658
385.184109210968,0.15529,0.011573
385.2378101348877,0.15988,0.011663
385.2855489253998,0.16416,0.011641
385.33732748031616,0.17377,0.011545
385.3888130187988,0.17708,0.011587
385.4360945224762,0.18121,0.011557
385.4921717643738,0.18539,0.011676
385.53951120376587,0.19072,0.011552
385.5948808193207,0.19377,0.011626
385.64140915870667,0.198,0.011589
385.6952383518219,0.20301,0.011595
385.74572920799255,0.21124,0.011577
385.79811429977417,0.21537,0.011606
385.84776973724365,0.21843,0.011598
385.8976421356201,0.22339,0.01163
385.94960141181946,0.22735,0.01158
386.00031208992004,0.23036,0.01163
386.0512170791626,0.23544,0.011589
386.10037422180176,0.2394,0.011552
386.1533553600311,0.24653,0.011622
386.2016062736511,0.24961,0.011596
386.2554922103882,0.25355,0.011601
386.30841851234436,0.25833,0.011589
386.35641050338745,0.26132,0.01161
386.4145419597626,0.27036,0.011574
386.46207547187805,0.27439,0.011669
386.51520442962646,0.27731,0.011593
386.5625784397125,0.28135,0.01162
386.6184096336365,0.28428,0.011606
386.66573882102966,0.29005,0.011604
386.71846532821655,0.29484,0.011654
386.76411652565,0.29903,0.011607
386.81738901138306,0.01716,0.011544
386.86902260780334,0.029613,0.011613
386.9155607223511,0.052013,0.011639
386.9702625274658,0.06056,0.011648
387.0186483860016,0.0718,0.011644
387.0688648223877,0.085613,0.011646
387.1166343688965,0.095547,0.011642
387.16850209236145,0.10083,0.011641
387.2191205024719,0.10601,0.011639
387.26978063583374,0.11212,0.011666
387.3192582130432,0.11703,0.011617
387.37020468711853,0.12067,0.011619
387.4195294380188,0.12553,0.01156
387.47219371795654,0.13608,0.011538
387.52689599990845,0.13953,0.011586
387.5754396915436,0.14283,0.011583
387.6244306564331,0.14745,0.011595
387.6739857196808,0.15088,0.011524
387.726854801178,0.16092,0.011593
387.7740476131439,0.16505,0.011574
387.82403445243835,0.16737,0.011617
387.8776972293854,0.17157,0.011596
387.9260675907135,0.17796,0.011557
387.97922563552856,0.18225,0.011586
388.0274660587311,0.18633,0.011609
388.0781714916229,0.18964,0.011598
388.12769317626953,0.19876,0.011612
388.1783106327057,0.20299,0.011564
388.23076343536377,0.20717,0.011626
388.2781481742859,0.21033,0.011603
388.32842206954956,0.21543,0.011547
388.3798635005951,0.22029,0.011678
388.4317960739136,0.2234,0.011566
388.47968196868896,0.22848,0.011559
388.52953720092773,0.23621,0.011578
388.5810899734497,0.23731,0.011576
388.6327977180481,0.2422,0.011571
388.6838421821594,0.24644,0.011543
388.7347779273987,0.25223,0.01164
388.7833755016327,0.2554,0.011564
388.8317141532898,0.25928,0.011608
388.8830816745758,0.26421,0.011613
388.93185925483704,0.26816,0.011601
388.9885506629944,0.27008,0.011586
389.03604888916016,0.27624,0.011551
389.08701825141907,0.28411,0.011603
389.1361849308014,0.28724,0.011612
389.18701672554016,0.29205,0.011539
389.23474407196045,0.29391,0.011617
389.286740064621,0.29996,0.01156
389.33488178253174,0.021347,0.01159
389.38829827308655,0.03172,0.011658
389.4366409778595,0.04044,0.01163
389.48764753341675,0.06584,0.011624
389.538104057312,0.076933,0.011611
389.58857250213623,0.08808,0.011631
389.6382396221161,0.096773,0.011609
389.68760085105896,0.10071,0.011637
389.7382655143738,0.10719,0.011622
389.78865909576416,0.11336,0.011623
389.8388524055481,0.11956,0.011598
389.8911397457123,0.12307,0.011598
389.9385795593262,0.12669,0.0116
389.99157762527466,0.13369,0.011522
390.04436230659485,0.13611,0.011567
390.0917444229126,0.14844,0.011566
390.1429693698883,0.15308,0.011579
390.1928791999817,0.15627,0.011602
390.2416753768921,0.16068,0.011573
390.29611682891846,0.16591,0.011549
390.3441457748413,0.16827,0.011601
390.3967409133911,0.17264,0.011548
390.44316053390503,0.17795,0.011584
390.49762058258057,0.18539,0.011565
390.5421230792999,0.1884,0.0116
390.5952250957489,0.19255,0.011576
390.64649510383606,0.19776,0.011553
390.6974194049835,0.20175,0.011565
390.74440693855286,0.20487,0.011553
390.79495120048523,0.21011,0.011592
390.84625124931335,0.21405,0.01164
390.89798974990845,0.22123,0.011564
390.94818210601807,0.22725,0.011572
390.9971561431885,0.23125,0.011559
391.0509579181671,0.23428,0.011578
391.09702491760254,0.23935,0.011563
391.14986538887024,0.24341,0.011608
391.19873237609863,0.24629,0.011462
391.24965357780457,0.25136,0.011584
391.29995226860046,0.25432,0.011601
391.3473370075226,0.25819,0.01155
391.3979299068451,0.26727,0.01157
391.4569664001465,0.27121,0.011619
391.5041310787201,0.27512,0.011638
391.55850195884705,0.27803,0.011601
391.6083106994629,0.28297,0.011656
391.65596556663513,0.28499,0.011648
391.706435918808,0.29172,0.011592
391.75980162620544,0.29385,0.011634
391.809695482254,0.29887,0.011635
391.8547341823578,0.03152,0.011612
391.9089696407318,0.040013,0.011642
391.9587643146515,0.045867,0.011502
392.01267433166504,0.065667,0.011589
392.0576000213623,0.079453,0.011567
392.1113348007202,0.087867,0.0116
392.1605010032654,0.096733,0.011626
392.21051263809204,0.10057,0.011623
392.26314401626587,0.10683,0.011638
392.3129312992096,0.11195,0.011639
392.3637523651123,0.11816,0.011592
392.41299867630005,0.12772,0.011579
392.4614746570587,0.13111,0.011582
392.51268339157104,0.13697,0.011603
392.56175994873047,0.14032,0.0116
392.6112434864044,0.14735,0.011578
392.66259694099426,0.14949,0.011525
392.7139947414398,0.15415,0.01158
392.76308488845825,0.15941,0.011558
392.8107900619507,0.16483,0.01161
392.86378049850464,0.16813,0.011621
392.914359331131,0.17676,0.011604
392.96283292770386,0.18105,0.011597
393.01542687416077,0.18524,0.011567
393.0661470890045,0.19023,0.011587
393.11581468582153,0.19455,0.011587
393.16561579704285,0.19867,0.01156
393.21661257743835,0.20188,0.011569
393.2663998603821,0.20589,0.011585
393.31673526763916,0.21,0.011601
393.36353063583374,0.21508,0.011559
393.4181957244873,0.22219,0.011587
393.4675931930542,0.22837,0.011602
393.5161154270172,0.23228,0.011616
393.56590700149536,0.23419,0.011621
393.6155421733856,0.24019,0.011573
393.6660318374634,0.24112,0.011577
393.7150630950928,0.24721,0.011632
393.7655017375946,0.24912,0.011584
393.81808137893677,0.25413,0.011547
393.868723154068,0.26316,0.011573
393.92057275772095,0.26708,0.011585
393.9700379371643,0.27221,0.011607
394.0206768512726,0.27508,0.011617
394.0714342594147,0.27984,0.011611
394.11965131759644,0.28396,0.011578
394.16788482666016,0.28784,0.011629
394.22642517089844,0.29189,0.011614
394.27344393730164,0.29872,0.011623
394.3223898410797,0.01836,0.011541
394.3774001598358,0.034373,0.011622
394.425169467926,0.042733,0.011619
394.47272634506226,0.054173,0.01161
394.52415132522583,0.065493,0.011655
394.5751292705536,0.071053,0.011614
394.6297845840454,0.084733,0.0116
394.6771192550659,0.095227,0.011549
394.7290155887604,0.10171,0.011633
394.7795262336731,0.10672,0.011585
394.8292541503906,0.11805,0.011587
394.8752589225769,0.12161,0.011621
394.9287967681885,0.12512,0.011602
394.9806480407715,0.13108,0.011603
395.0297305583954,0.13569,0.011588
395.07898235321045,0.14153,0.011591
395.131276845932,0.14397,0.011614
395.1750955581665,0.15053,0.011577
395.2288839817047,0.15397,0.011551
395.2775559425354,0.15932,0.011603
395.3277451992035,0.1638,0.011549
395.38444447517395,0.17131,0.011565
395.4304473400116,0.17659,0.011589
395.4832832813263,0.17983,0.0116
395.5308678150177,0.18503,0.0116
395.5796184539795,0.18931,0.011555
395.6320550441742,0.19347,0.011605
395.6819317340851,0.19747,0.011602
395.7332239151001,0.20595,0.011585
395.78511214256287,0.20999,0.011569
395.83074402809143,0.21296,0.011598
395.8840825557709,0.21895,0.011589
395.93374037742615,0.22107,0.01157
395.98308658599854,0.22717,0.011574
396.03468918800354,0.23104,0.011617
396.08292055130005,0.23516,0.011599
396.1339178085327,0.2382,0.011571
396.1855266094208,0.24315,0.01146
396.2384650707245,0.24608,0.011591
396.28928780555725,0.25189,0.011609
396.3401343822479,0.25915,0.011633
396.3858802318573,0.26403,0.011583
396.4413254261017,0.26687,0.011615
396.49488139152527,0.27091,0.011605
396.5439486503601,0.27508,0.011589
396.5949490070343,0.27991,0.011571
396.6471428871155,0.28391,0.011605
396.69274520874023,0.28792,0.011609
396.74260330200195,0.29483,0.011609
396.7920618057251,0.29983,0.011601
396.84625816345215,0.021027,0.01158
396.89349937438965,0.02828,0.011567
396.9465403556824,0.039547,0.011635
396.9961357116699,0.05392,0.011614
397.0463910102844,0.062547,0.01162
397.0987374782562,0.07372,0.011638
397.14670276641846,0.084547,0.011569
397.19759464263916,0.09916,0.01164
397.2482559680939,0.10699,0.011629
397.2990529537201,0.11071,0.011579
397.3468782901764,0.11683,0.011619
397.3991189002991,0.12051,0.011625
397.4464478492737,0.12513,0.011579
397.49951791763306,0.13113,0.01159
397.5508699417114,0.13577,0.011574
397.5969421863556,0.14485,0.011262
397.65056467056274,0.14936,0.011587
397.7019889354706,0.15273,0.011584
397.74768328666687,0.15711,0.011599
397.7987689971924,0.16149,0.0116
397.84974217414856,0.16467,0.011613
397.90796971321106,0.17011,0.011627
397.95844769477844,0.17873,0.011578
398.0054521560669,0.18289,0.011609
398.0562300682068,0.18699,0.011581
398.10733461380005,0.1922,0.011582
398.15529680252075,0.19544,0.011587
398.20290350914,0.19853,0.011592
398.25778365135193,0.20367,0.011558
398.30894947052,0.20763,0.011448
398.35922741889954,0.21372,0.011593
398.40665102005005,0.22084,0.01159
398.4597008228302,0.22405,0.011636
398.5101320743561,0.22799,0.011623
398.5596287250519,0.23209,0.011587
398.61056208610535,0.23687,0.011577
398.6629259586334,0.24083,0.011634
398.71233081817627,0.24511,0.011553
398.75833559036255,0.24899,0.011574
398.81086230278015,0.254,0.011559
398.8597059249878,0.25689,0.011549
398.9128065109253,0.26497,0.011598
398.9599862098694,0.26896,0.01161
399.01490330696106,0.27213,0.011602
399.0654661655426,0.27693,0.011593
399.11229634284973,0.27981,0.011586
399.1667308807373,0.28399,0.011609
399.2130551338196,0.28865,0.011626
399.2634825706482,0.29449,0.011619
399.314665555954,0.30041,0.011641
399.36426281929016,0.02048,0.011585
399.41297698020935,0.03376,0.011608
399.4699273109436,0.03944,0.011608
399.51749086380005,0.053773,0.011659
399.5726971626282,0.067947,0.011649
399.62148094177246,0.07896,0.011637
399.66897678375244,0.089907,0.011629
399.72385692596436,0.1028,0.011638
399.76968145370483,0.10911,0.011575
399.8220024108887,0.11431,0.011643
399.87175583839417,0.11912,0.011581
399.92208909988403,0.12157,0.011588
399.96949553489685,0.12872,0.011605
400.02240538597107,0.13337,0.011617
400.07615995407104,0.13792,0.011591
400.1240825653076,0.14267,0.011591
400.1736617088318,0.1468,0.011574
400.22339034080505,0.15152,0.011551
400.27372193336487,0.16148,0.011566
400.32394766807556,0.16572,0.011708
400.3722686767578,0.16905,0.011615
400.42581939697266,0.17447,0.011588
400.47358798980713,0.17753,0.011624
400.52274441719055,0.18283,0.011561
400.57309913635254,0.18715,0.01162
400.62413716316223,0.19248,0.011591
400.6738317012787,0.19445,0.011607
400.7245397567749,0.19944,0.011596
400.7745041847229,0.20463,0.011553
400.8240485191345,0.20873,0.011559
400.8752634525299,0.21661,0.011611
400.92678356170654,0.21987,0.011587
400.9757750034332,0.22595,0.011571
401.0251364707947,0.22907,0.011579
401.0760507583618,0.23291,0.011617
401.12487030029297,0.23803,0.011602
401.17644476890564,0.24092,0.011563
401.23147559165955,0.24385,0.011614
401.27672290802,0.24996,0.011589
401.33050084114075,0.25195,0.011536
401.38008284568787,0.25796,0.011571
401.43011569976807,0.26669,0.011644
401.48116540908813,0.26871,0.011582
401.5335488319397,0.27288,0.011639
401.58145689964294,0.27692,0.011566
401.6324062347412,0.28176,0.011605
401.6831247806549,0.28568,0.011633
401.73117089271545,0.28979,0.011621
401.78245759010315,0.29489,0.011589
401.8304216861725,0.29765,0.011588
401.8836119174957,0.30055,0.011652
401.9323379993439,0.30048,0.011674
401.9819424152374,0.30068,0.011609
402.0348582267761,0.30061,0.011679
402.08411026000977,0.30059,0.011593
402.13079166412354,0.30061,0.011657
402.1819884777069,0.30068,0.011639
402.23985743522644,0.30053,0.011621
402.2909941673279,0.30063,0.011627
402.34308791160583,0.30052,0.011617
402.3943507671356,0.30043,0.011606
402.44489789009094,0.30049,0.0116
402.4937529563904,0.30064,0.011618
402.54365158081055,0.30041,0.011599
402.5929024219513,0.30057,0.011595
402.64657974243164,0.30044,0.011613
402.6973512172699,0.30053,0.011628
402.745974779129,0.30039,0.011568
402.79733777046204,0.30052,0.011669
402.84486985206604,0.30055,0.011603
402.89883685112,0.30032,0.011605
402.9474959373474,0.30048,0.011616
402.9992845058441,0.30041,0.011575
403.0472164154053,0.30036,0.011618
403.09686732292175,0.30059,0.011601
403.14918208122253,0.30055,0.011618
403.1966233253479,0.30057,0.011651
403.2505416870117,0.30047,0.011626
403.2988512516022,0.3006,0.011604
403.3488254547119,0.30059,0.011607
403.39895701408386,0.30071,0.011547
403.4496920108795,0.30047,0.011618
403.5006401538849,0.30045,0.011619
403.5514953136444,0.30048,0.011619
403.6031095981598,0.30055,0.011596
403.6501944065094,0.30063,0.011614
403.70350646972656,0.30059,0.011609
403.750919342041,0.30056,0.011631
403.8006453514099,0.30079,0.011648
403.8500633239746,0.30043,0.011594
403.90180706977844,0.30049,0.011606
403.9536862373352,0.30063,0.011597
404.0012757778168,0.30065,0.011598
404.05328130722046,0.30049,0.011625
404.10032868385315,0.30048,0.011593
404.15433859825134,0.30052,0.011628
404.2051236629486,0.3006,0.011617
404.25337767601013,0.30055,0.011597
404.3014862537384,0.30063,0.011646
404.35292744636536,0.30065,0.011684
404.4043641090393,0.30049,0.011613
404.45129203796387,0.3006,0.011611
404.50390338897705,0.30057,0.011629
404.55308771133423,0.30065,0.011643
404.60727977752686,0.3006,0.011629
404.65429282188416,0.30064,0.011618
404.7012622356415,0.30057,0.011619
404.75713777542114,0.30059,0.011649
404.80943775177,0.30049,0.011626
404.8600628376007,0.3006,0.011613
404.9077227115631,0.30056,0.011599
404.9582862854004,0.30053,0.01159
405.01243352890015,0.30048,0.011618
405.0608994960785,0.30065,0.011657
405.1113781929016,0.30048,0.011612
405.16292428970337,0.3006,0.011617
405.2111990451813,0.30057,0.011631
405.2616181373596,0.30059,0.011648
405.3095736503601,0.30065,0.011669
405.3601131439209,0.30033,0.011684
405.41208815574646,0.30055,0.011473
405.46396470069885,0.30053,0.011483
405.51263332366943,0.30071,0.01159
405.5652668476105,0.30067,0.011658
405.6106882095337,0.30056,0.01166
405.6611502170563,0.30063,0.011607
405.7108459472656,0.30052,0.011623
405.76231050491333,0.30063,0.011608
405.8124520778656,0.30065,0.011653
405.8666572570801,0.30065,0.011638
405.91335940361023,0.30059,0.011618
405.96360182762146,0.30047,0.011612
406.0187842845917,0.30064,0.011667
406.0666151046753,0.30051,0.011612
406.1153287887573,0.30056,0.011602
406.16641306877136,0.30028,0.011664
406.2162652015686,0.30063,0.011731
406.269170999527,0.30065,0.011595
406.3178868293762,0.30045,0.011615
406.3675706386566,0.30057,0.011622
406.4209613800049,0.30067,0.011643
406.4678611755371,0.30045,0.011614
406.5194158554077,0.30067,0.011587
406.5697124004364,0.30053,0.011499
406.6212284564972,0.30048,0.011622
406.67393374443054,0.30053,0.011583
406.72149085998535,0.30061,0.011605
406.7724609375,0.30037,0.011649
406.8225040435791,0.30057,0.011655
406.86959314346313,0.30061,0.011666
406.9227547645569,0.30071,0.011535
406.9740083217621,0.30059,0.011681
407.0188627243042,0.30067,0.011655
407.07500433921814,0.30064,0.011622
407.12504267692566,0.3006,0.011686
407.173907995224,0.30067,0.011675
407.222797870636,0.30057,0.011643
407.27357292175293,0.30065,0.01166
407.323205947876,0.30057,0.011646
407.37406754493713,0.30069,0.011573
407.42391872406006,0.30048,0.011638
407.476087808609,0.30031,0.011641
407.5257968902588,0.30061,0.011626
407.57690834999084,0.3006,0.011612
407.628041267395,0.30065,0.011645
407.67662382125854,0.30053,0.011635
407.7245740890503,0.30052,0.011582
407.77559900283813,0.30061,0.011627
407.8247902393341,0.30067,0.011631
407.8779239654541,0.30045,0.011598
407.9273223876953,0.30047,0.011656
407.97646474838257,0.30055,0.011603
408.0234909057617,0.30055,0.011666
408.078161239624,0.30063,0.011603
408.12823247909546,0.30048,0.011575
408.17820382118225,0.30059,0.011628
408.2290644645691,0.30059,0.011615
408.2790811061859,0.30057,0.011529
408.3287453651428,0.30052,0.011589
408.3830041885376,0.30075,0.011661
408.4312584400177,0.30055,0.011592
408.47967505455017,0.30052,0.011653
408.5266990661621,0.30063,0.0116
408.57987785339355,0.30071,0.01164
408.63434052467346,0.30051,0.011635
408.6829445362091,0.30044,0.011587
408.73285484313965,0.30047,0.011632
408.7834520339966,0.30045,0.011582
408.8332190513611,0.30056,0.011607
408.88295817375183,0.30059,0.011604
408.9293942451477,0.30061,0.011589
408.98312997817993,0.30052,0.011626
409.0318377017975,0.30049,0.011618
409.0878691673279,0.30068,0.011603
409.1351661682129,0.30063,0.011715
409.1881697177887,0.30045,0.011665
409.23582792282104,0.30071,0.011683
409.28386878967285,0.30049,0.011769
409.3349618911743,0.30051,0.011642
409.3863618373871,0.30061,0.011605
409.43436646461487,0.30063,0.011589
409.4888141155243,0.30063,0.011548
409.534530878067,0.30056,0.011614
409.5882406234741,0.3006,0.011566
409.639532327652,0.30063,0.011603
409.686288356781,0.30039,0.011582
409.7388331890106,0.30044,0.011652
409.7893271446228,0.30047,0.01165
409.8378875255585,0.30056,0.0116
409.889004945755,0.30053,0.011619
409.9402823448181,0.30055,0.011615
409.99349093437195,0.30048,0.011653
410.0410602092743,0.30053,0.011651
410.0912895202637,0.30049,0.011662
410.1391303539276,0.30061,0.011645
410.1948666572571,0.30068,0.011642
410.2438163757324,0.30061,0.011599
410.2926697731018,0.30065,0.011618
410.34186482429504,0.30055,0.011604
410.3936696052551,0.30029,0.011615
410.44589495658875,0.30073,0.0116
410.4939239025116,0.30047,0.011622
410.5482368469238,0.30065,0.011595
410.5965852737427,0.30064,0.011567
410.64441442489624,0.30061,0.011638
410.70279812812805,0.30073,0.01168
410.7525951862335,0.30049,0.011629
410.79923391342163,0.30025,0.011626
410.85174894332886,0.30052,0.0116
410.89652943611145,0.30061,0.011607
410.9515960216522,0.30056,0.011616
411.0008714199066,0.30055,0.011581
411.0515875816345,0.30051,0.011602
411.1026289463043,0.30044,0.01156
411.1513340473175,0.30057,0.011598
411.2034738063812,0.30052,0.011641
411.2516767978668,0.30061,0.011619
411.301860332489,0.30052,0.011593
411.3525812625885,0.30043,0.011628
411.405987739563,0.30043,0.011606
411.45315647125244,0.30041,0.011582
411.5046706199646,0.30035,0.011633
411.55408930778503,0.30055,0.011628
411.6003360748291,0.30032,0.011555
411.6550123691559,0.30052,0.011578
411.7045187950134,0.30043,0.01161
411.7536561489105,0.30051,0.011596
411.8054213523865,0.30031,0.011645
411.8526620864868,0.30061,0.011639
411.9061996936798,0.30049,0.011614
411.95420718193054,0.30061,0.011638
412.0056948661804,0.3006,0.011607
412.0559778213501,0.30024,0.011621
412.1055510044098,0.3004,0.011601
412.1543080806732,0.30061,0.011625
412.20909237861633,0.30043,0.011597
412.26009130477905,0.30048,0.011671
412.3038475513458,0.30049,0.011599
412.3551986217499,0.30048,0.011624
412.4063732624054,0.30044,0.011666
412.4560067653656,0.30031,0.011627
412.5044775009155,0.30045,0.011579
412.5601303577423,0.30053,0.011653
412.6100854873657,0.30048,0.011624
412.65995931625366,0.30057,0.011616
412.710248708725,0.30035,0.011618
412.7612760066986,0.30068,0.011604
412.8106150627136,0.30053,0.011572
412.8588583469391,0.30044,0.011575
412.9106755256653,0.30069,0.011638
412.9662592411041,0.30039,0.011642
413.01416087150574,0.3006,0.0116
413.0636191368103,0.3006,0.01162
413.11319851875305,0.30031,0.011617
413.1643445491791,0.30055,0.011609
413.2147390842438,0.30043,0.011618
413.2663142681122,0.30057,0.011665
413.3171954154968,0.30053,0.011654
413.3658459186554,0.30068,0.011649
413.41402196884155,0.30053,0.011589
413.4665353298187,0.30056,0.011574
413.51616621017456,0.30052,0.011571
413.5669529438019,0.30065,0.011613
413.61546778678894,0.30057,0.01165
413.66472458839417,0.30055,0.011629
413.7177014350891,0.30045,0.011584
413.7637538909912,0.30053,0.011627
413.81927013397217,0.30045,0.011645
413.86625695228577,0.30048,0.011624
413.9154140949249,0.30048,0.011561
413.9670650959015,0.30039,0.01163
414.01893496513367,0.30061,0.011629
414.06853342056274,0.30047,0.011615
414.121214389801,0.30063,0.011617
414.1692223548889,0.30037,0.011599
414.218923330307,0.30069,0.011613
414.26937985420227,0.30064,0.011619
414.3188908100128,0.30049,0.01167
414.3724365234375,0.3006,0.011574
414.41953015327454,0.30044,0.01157
414.4691126346588,0.30053,0.011602
414.52078342437744,0.30045,0.011636
414.57101607322693,0.30048,0.011657
414.620085477829,0.30048,0.011648
414.6717987060547,0.30069,0.011611
414.72154712677,0.30055,0.011601
414.77174830436707,0.30061,0.011668
414.8222601413727,0.30055,0.01167
414.87406301498413,0.30052,0.011618
414.9221034049988,0.30055,0.011638
414.9703166484833,0.30073,0.011635
415.02548837661743,0.30068,0.011662
415.0735020637512,0.30064,0.011619
415.1235055923462,0.30049,0.011611
415.1731071472168,0.30071,0.011648
415.2236535549164,0.30053,0.011645
415.2748155593872,0.3006,0.011671
415.3248133659363,0.30057,0.011622
415.376348733902,0.30049,0.011678
415.4231617450714,0.30041,0.011648
415.4732162952423,0.30056,0.011621
415.5230941772461,0.30059,0.01165
415.5770790576935,0.30063,0.01165
415.62786173820496,0.30052,0.01165
415.6796452999115,0.30053,0.011634
415.72899556159973,0.3004,0.0116
415.7770879268646,0.30069,0.011608
415.8232879638672,0.3004,0.011598
415.8794536590576,0.30056,0.011612
415.9264762401581,0.3006,0.011581
415.98082756996155,0.30049,0.011557
416.03228068351746,0.30053,0.01163
416.08033442497253,0.30047,0.011597
416.13072538375854,0.30043,0.011629
416.1785500049591,0.30051,0.011593
416.23024463653564,0.30043,0.011665
416.27864170074463,0.30044,0.011606
416.3310523033142,0.30056,0.011598
416.3793103694916,0.30049,0.011614
416.4306859970093,0.30053,0.011653
416.48087644577026,0.30055,0.011627
416.53049397468567,0.30047,0.011653
416.5881803035736,0.30057,0.011634
416.64139771461487,0.30059,0.011586
416.6885528564453,0.30057,0.011598
416.73889994621277,0.30059,0.011647
416.78968501091003,0.30048,0.011601
416.8374321460724,0.30048,0.011637
416.8889503479004,0.30052,0.011623
416.9369330406189,0.30037,0.011599
416.9900703430176,0.30061,0.011623
417.03941655158997,0.3006,0.011607
417.09063386917114,0.30071,0.011599
417.1410584449768,0.30052,0.011621
417.1893012523651,0.30061,0.011618
417.24394607543945,0.3006,0.011644
417.298189163208,0.30057,0.011609
417.3445098400116,0.30065,0.011638
417.3966028690338,0.30068,0.011608
417.4463541507721,0.30041,0.01163
417.4984133243561,0.30052,0.01163
417.54750204086304,0.30055,0.011599
417.5975077152252,0.30043,0.011605
417.6494631767273,0.30051,0.011562
417.700763463974,0.30047,0.011547
417.74812626838684,0.30048,0.011574
417.7994158267975,0.3004,0.011599
417.85010743141174,0.30056,0.011626
417.89965295791626,0.30051,0.011581
417.94842553138733,0.30045,0.011594
418.0014395713806,0.30061,0.01163
418.05023407936096,0.30048,0.011638
418.100878238678,0.30044,0.01162
418.15519881248474,0.30049,0.011552
418.20269417762756,0.30049,0.011618
418.2529442310333,0.3006,0.011658
418.3004424571991,0.30053,0.011642
418.3524079322815,0.30047,0.01166
418.4025197029114,0.30059,0.011578
418.4532551765442,0.30048,0.01159
418.51036834716797,0.30049,0.011598
418.56001472473145,0.30065,0.01159
418.60555839538574,0.30056,0.011625
418.6581201553345,0.30045,0.011586
418.7093508243561,0.30057,0.011667
418.76355481147766,0.30045,0.011666
418.8094620704651,0.30047,0.011672
418.8614559173584,0.30044,0.011615
418.91457176208496,0.30055,0.011621
418.9645245075226,0.30023,0.011595
419.01332211494446,0.30053,0.011617
419.0638566017151,0.30063,0.011659
419.1142530441284,0.30051,0.011637
419.16416811943054,0.30055,0.011555
419.2134759426117,0.30041,0.011598
419.26695227622986,0.30047,0.011636
419.3150746822357,0.30047,0.011661
419.36717414855957,0.30051,0.011474
419.41619515419006,0.30044,0.01165
419.46775913238525,0.3004,0.011507
419.51504015922546,0.30063,0.011561
419.5697841644287,0.30041,0.011638
419.61895203590393,0.30045,0.011639
419.66816115379333,0.30048,0.011638
419.7160556316376,0.30028,0.011651
419.7661919593811,0.30064,0.011622
419.8192322254181,0.30043,0.011649
419.8696355819702,0.30056,0.011598
419.9220986366272,0.30051,0.011628
419.9680800437927,0.30041,0.011645
420.0187644958496,0.30057,0.011634
420.0721869468689,0.30059,0.011653
420.12047290802,0.30041,0.011665
420.16822957992554,0.3006,0.011681
420.2251570224762,0.30033,0.011618
420.27427434921265,0.30044,0.011594
420.3253152370453,0.30036,0.011573
420.3751473426819,0.30041,0.011619
420.4255611896515,0.30051,0.011659
420.4722752571106,0.30051,0.011625
420.5240309238434,0.30057,0.011563
420.5747163295746,0.30053,0.011618
420.6251118183136,0.30044,0.011685
420.6736090183258,0.30052,0.011648
420.72666788101196,0.30059,0.011622
420.77337527275085,0.30048,0.011621
420.82677125930786,0.30059,0.011634
420.8783507347107,0.30053,0.011637
420.92719173431396,0.30048,0.011672
420.97823548316956,0.30036,0.011612
421.02582812309265,0.30047,0.011611
421.08224987983704,0.30053,0.011661
421.1320414543152,0.30052,0.011609
421.1798324584961,0.30037,0.011681
421.22923278808594,0.30049,0.011627
421.28022861480713,0.30061,0.011678
421.3310935497284,0.30061,0.01161
421.3824589252472,0.30073,0.011623
421.43395733833313,0.30055,0.011618
421.4807302951813,0.30049,0.011633
421.5342307090759,0.30056,0.011629
421.5826988220215,0.30064,0.011667
421.63312101364136,0.3006,0.011626
421.68471121788025,0.30039,0.011568
421.7343502044678,0.30041,0.011711
421.7829701900482,0.30049,0.011642
421.8300766944885,0.30049,0.011653
421.8795545101166,0.30036,0.011638
421.9320788383484,0.30059,0.0116
421.98275923728943,0.30045,0.011641
422.03311491012573,0.30059,0.011636
422.0833582878113,0.30047,0.011649
422.1356427669525,0.30031,0.011657
422.1840498447418,0.30068,0.011645
422.235230922699,0.3004,0.011636
422.28523087501526,0.30039,0.011614
422.33499932289124,0.30059,0.011628
422.3850402832031,0.30053,0.011623
422.43464970588684,0.30053,0.011656
422.48767614364624,0.30049,0.01167
422.53752756118774,0.30039,0.01167
422.5865955352783,0.30056,0.011695
422.63662672042847,0.30044,0.011632
422.6870324611664,0.30059,0.011611
422.7379877567291,0.30049,0.011619
422.78593134880066,0.30055,0.011641
422.83584785461426,0.30045,0.011641
422.8866374492645,0.30057,0.011677
422.9402906894684,0.30055,0.011633
422.98837208747864,0.3004,0.011655
423.0374412536621,0.30063,0.011621
423.087317943573,0.30045,0.011668
423.14053893089294,0.30044,0.011612
423.18901562690735,0.30052,0.011609
423.24094247817993,0.30044,0.011686
423.2913601398468,0.30063,0.01163
423.3400568962097,0.30051,0.011661
423.39123940467834,0.30056,0.011637
423.44248509407043,0.30041,0.011589
423.4943058490753,0.30051,0.01163
423.5442032814026,0.30044,0.011631
423.5938024520874,0.30052,0.01159
423.6442801952362,0.30052,0.011625
423.69551157951355,0.30063,0.011645
423.7517683506012,0.30052,0.011634
423.7955837249756,0.30051,0.011571
423.8536584377289,0.30048,0.011643
423.90275287628174,0.30041,0.011618
423.9494333267212,0.30047,0.011624
424.00369787216187,0.30069,0.011621
424.0514409542084,0.30057,0.011635
424.10042572021484,0.30055,0.011632
424.1520326137543,0.30063,0.011657
424.2009069919586,0.30051,0.011653
424.25393986701965,0.30051,0.011676
424.3038957118988,0.30033,0.011626
424.35334181785583,0.30053,0.011641
424.4045760631561,0.30048,0.011662
424.4529457092285,0.30051,0.011626
424.50586104393005,0.30047,0.011634
424.5533106327057,0.30057,0.011661
424.6053133010864,0.30033,0.011577
424.65707421302795,0.30053,0.011641
424.7044529914856,0.30051,0.011661
424.75290083885193,0.30055,0.011549
424.80485582351685,0.30053,0.011592
424.8553111553192,0.30041,0.011614
424.90650272369385,0.30053,0.011652
424.95645451545715,0.30044,0.011629
425.0102460384369,0.30063,0.011612
425.05882024765015,0.30059,0.011615
425.1077296733856,0.30053,0.011623
425.157678604126,0.30052,0.011632
425.21128273010254,0.30065,0.011608
425.25741052627563,0.30047,0.011611
425.30801129341125,0.30051,0.011576
425.3552186489105,0.30061,0.011598
425.41146206855774,0.3006,0.011605
425.4620313644409,0.30049,0.011615
425.50808668136597,0.30045,0.011603
425.5589258670807,0.30044,0.011608
425.6133258342743,0.30053,0.011633
425.66234493255615,0.30049,0.011642
425.71150851249695,0.30051,0.011623
425.76344776153564,0.30044,0.01167
425.8109645843506,0.30043,0.011639
425.8634946346283,0.30043,0.011616
425.91416907310486,0.30055,0.011678
425.96462750434875,0.30059,0.011609
426.0140435695648,0.30041,0.011694
426.060772895813,0.30053,0.011599
426.1140275001526,0.30044,0.011662
426.16375160217285,0.30057,0.011691
426.21557784080505,0.30051,0.011704
426.2649748325348,0.30048,0.011631
426.3174695968628,0.30051,0.011686
426.36461544036865,0.30057,0.011667
426.4174828529358,0.30053,0.011675
426.4639890193939,0.30057,0.011676
426.5165421962738,0.30033,0.011696
426.565833568573,0.30043,0.01163
426.61489725112915,0.30056,0.011602
426.66675305366516,0.30057,0.011637
426.71772623062134,0.30051,0.011613
426.76833057403564,0.30044,0.01166
426.8180446624756,0.30052,0.011662
426.8687734603882,0.30053,0.011655
426.9208662509918,0.30056,0.01166
426.9690227508545,0.30043,0.011653
427.01998376846313,0.30048,0.011607
427.06820034980774,0.30048,0.011604
427.12467217445374,0.30063,0.011623
427.172899723053,0.30059,0.011622
427.2243902683258,0.30048,0.011613
427.27472496032715,0.30044,0.01165
427.3240110874176,0.30048,0.011646
427.3746085166931,0.30056,0.011639
427.4266366958618,0.30045,0.011641
427.4758586883545,0.30063,0.011614
427.52557158470154,0.30068,0.011621
427.5774726867676,0.30061,0.011639
427.6258442401886,0.30071,0.011651
427.6797125339508,0.30051,0.011664
427.72533202171326,0.30049,0.011652
427.7796778678894,0.30061,0.011654
427.8328745365143,0.30059,0.011656
427.8815953731537,0.30064,0.011678
427.92914056777954,0.30044,0.011638
427.9787893295288,0.30048,0.011595
428.02868604660034,0.30045,0.011642
428.0810945034027,0.30045,0.011653
428.12932324409485,0.30064,0.011643
428.17993569374084,0.3004,0.011628
428.2344608306885,0.30045,0.011599
428.2798388004303,0.30045,0.011686
428.3332211971283,0.30052,0.01165
428.38421750068665,0.30055,0.011613
428.43579149246216,0.30043,0.011529
428.4837839603424,0.30048,0.011644
428.53344082832336,0.30047,0.011643
428.5843858718872,0.3004,0.011641
428.6315801143646,0.30049,0.011601
428.68434882164,0.30048,0.011642
428.73605465888977,0.30052,0.011691
428.7834599018097,0.30043,0.011637
428.83422207832336,0.30048,0.011575
428.8851525783539,0.30056,0.011581
428.9327964782715,0.30028,0.011653
428.9861218929291,0.30044,0.011615
429.0324192047119,0.30051,0.011634
429.0860984325409,0.30067,0.011594
429.13443779945374,0.30057,0.011619
429.18880462646484,0.30061,0.011607
429.2406644821167,0.30059,0.011586
429.2917227745056,0.30036,0.011603
429.3381259441376,0.30043,0.011637
429.3893983364105,0.30053,0.011601
429.43917870521545,0.30044,0.011615
429.49049735069275,0.30071,0.011613
429.54052543640137,0.30048,0.011639
429.58970761299133,0.30052,0.011583
429.63946413993835,0.30056,0.011604
429.6909854412079,0.30051,0.011602
429.739629983902,0.30052,0.011614
429.789067029953,0.30053,0.0116
429.8399066925049,0.30063,0.011642
429.8922073841095,0.30064,0.011652
429.94296169281006,0.30056,0.011598
429.9925937652588,0.30059,0.011608
430.04115200042725,0.30048,0.011618
430.0910680294037,0.30056,0.011628
430.140408039093,0.30027,0.011661
430.1898720264435,0.30061,0.011594
430.2427351474762,0.30048,0.011624
430.2959258556366,0.30033,0.0116
430.34392523765564,0.30047,0.011611
430.3945496082306,0.30048,0.011647
430.4433841705322,0.30053,0.011653
430.4947030544281,0.30052,0.011635
430.5460729598999,0.30051,0.011664
430.5985779762268,0.3004,0.011609
430.64900279045105,0.30044,0.011546
430.6972849369049,0.30061,0.011632
430.7514007091522,0.30052,0.011613
430.7968952655792,0.30064,0.011673
430.85135436058044,0.30047,0.011617
430.8986735343933,0.30055,0.011621
430.9488351345062,0.3004,0.011615
431.0047535896301,0.30036,0.011632
431.05042600631714,0.30024,0.011591
431.1020715236664,0.30044,0.011633
431.1517400741577,0.30052,0.011583
431.2033658027649,0.30044,0.011646
431.2527618408203,0.30048,0.011682
431.30314087867737,0.30056,0.011661
431.354856967926,0.30052,0.011635
431.40545535087585,0.3006,0.011597
431.4514334201813,0.30056,0.01164
431.5023627281189,0.30047,0.011634
431.5566174983978,0.30055,0.011434
431.60472989082336,0.30055,0.011555
431.65628838539124,0.30027,0.011646
431.70950078964233,0.30043,0.011616
431.75688910484314,0.30057,0.011661
431.80899381637573,0.30056,0.01163
431.85889053344727,0.30053,0.011615
431.9090964794159,0.30039,0.011625
431.95724964141846,0.30055,0.011619
432.00808095932007,0.30056,0.011626
432.06096053123474,0.30043,0.01163
432.1104018688202,0.30039,0.011643
432.160756111145,0.30048,0.011643
432.2107021808624,0.3004,0.011633
432.2600893974304,0.30036,0.011621
432.30976963043213,0.30056,0.011612
432.37020778656006,0.30033,0.011572
432.42318844795227,0.30015,0.011636
432.47368574142456,0.30052,0.011599
432.52225041389465,0.30052,0.011725
432.5730199813843,0.30048,0.011656
432.6206295490265,0.30059,0.011664
432.6710674762726,0.3006,0.01163
