Tiempo (s),Monitoreo_X_CH1 (V),Scattering_CH2 (V)
0.05036807060241699,0.05396,0.014022
0.10057783126831055,0.053867,0.013947
0.14936375617980957,0.053947,0.014016
0.1989600658416748,0.053827,0.014001
0.2554047107696533,0.05408,0.014169
0.30121588706970215,0.05376,0.014079
0.3529365062713623,0.053867,0.014036
0.4040517807006836,0.054133,0.014068
0.45456719398498535,0.054253,0.01417
0.5061123371124268,0.053853,0.01405
0.5549559593200684,0.054053,0.014071
0.6050403118133545,0.053933,0.014103
0.6560654640197754,0.053867,0.014123
0.7076218128204346,0.053987,0.014082
0.7589704990386963,0.05388,0.013981
0.8085281848907471,0.054067,0.01406
0.8597753047943115,0.053907,0.014032
0.9085988998413086,0.053933,0.014132
0.9605252742767334,0.05396,0.014038
1.005202054977417,0.053907,0.014026
1.059183120727539,0.053907,0.014094
1.1056342124938965,0.053827,0.01413
1.1580638885498047,0.053853,0.014117
1.2099592685699463,0.053773,0.014119
1.2581555843353271,0.053907,0.014063
1.3110661506652832,0.054053,0.014104
1.365812063217163,0.053813,0.014171
1.4160606861114502,0.05388,0.014121
1.4658873081207275,0.053933,0.014107
1.5137407779693604,0.05372,0.014049
1.5607380867004395,0.053707,0.013844
1.6160972118377686,0.05392,0.014085
1.6687102317810059,0.05384,0.014022
1.7183380126953125,0.05372,0.014046
1.7656810283660889,0.054027,0.014004
1.8168048858642578,0.053813,0.014186
1.8674333095550537,0.05392,0.013994
1.9191102981567383,0.053987,0.01415
1.968393325805664,0.053907,0.014101
2.017338752746582,0.05408,0.014122
2.073857069015503,0.05392,0.013991
2.1222565174102783,0.05392,0.013828
2.1726605892181396,0.053933,0.014027
2.2261130809783936,0.05384,0.014066
2.2733049392700195,0.053733,0.013999
2.325864791870117,0.053907,0.014036
2.3737072944641113,0.053747,0.013941
2.4257924556732178,0.05404,0.014146
2.4743845462799072,0.05404,0.014053
2.524385929107666,0.05396,0.014086
2.5784752368927,0.053867,0.014094
2.6245973110198975,0.053933,0.01411
2.6772491931915283,0.053893,0.014131
2.727069616317749,0.05404,0.01417
2.779024839401245,0.05368,0.0139
2.827749729156494,0.05392,0.014079
2.878072738647461,0.05396,0.014058
2.9295475482940674,0.053973,0.013959
2.978522777557373,0.053973,0.01405
3.031224012374878,0.053907,0.014059
3.080933094024658,0.054093,0.014092
3.1325109004974365,0.05676,0.014127
3.183746337890625,0.05976,0.014098
3.2360055446624756,0.059893,0.014263
3.2855474948883057,0.06244,0.014197
3.334044933319092,0.068133,0.014149
3.384936571121216,0.07088,0.014064
3.4326834678649902,0.073667,0.014097
3.4860477447509766,0.076613,0.014216
3.536630868911743,0.07656,0.014265
3.587883472442627,0.079467,0.014233
3.637582778930664,0.084747,0.014247
3.6889078617095947,0.087467,0.014293
3.7397751808166504,0.087427,0.014329
3.7902562618255615,0.092653,0.014419
3.839351177215576,0.092533,0.014351
3.88883376121521,0.093947,0.014441
3.939762592315674,0.09664,0.014557
3.9926068782806396,0.097907,0.014486
4.0392749309539795,0.099307,0.014525
4.091908693313599,0.10041,0.014598
4.142104864120483,0.10044,0.014588
4.195140838623047,0.10309,0.014675
4.242176532745361,0.10447,0.014624
4.294599771499634,0.10444,0.014419
4.347337245941162,0.10567,0.014607
4.396269798278809,0.10691,0.014546
4.446826457977295,0.10825,0.014455
4.5044732093811035,0.11049,0.014299
4.550409317016602,0.11172,0.014154
4.602450370788574,0.11175,0.014255
4.653301477432251,0.11311,0.01417
4.7062132358551025,0.11421,0.014029
4.7538721561431885,0.11544,0.013968
4.807129144668579,0.11771,0.014005
4.858954191207886,0.11793,0.013777
4.906918048858643,0.11916,0.013799
4.956439018249512,0.12029,0.013871
5.0074379444122314,0.12148,0.013845
5.058780670166016,0.12268,0.013909
5.108500957489014,0.12396,0.013899
5.1626927852630615,0.12617,0.013854
5.21199369430542,0.12729,0.013892
5.264542818069458,0.12856,0.013802
5.31370210647583,0.1286,0.01384
5.3624937534332275,0.12968,0.013788
5.4136574268341064,0.13111,0.013826
5.464598655700684,0.1322,0.013737
5.513607978820801,0.13211,0.013681
5.566534519195557,0.13432,0.013862
5.617662668228149,0.13663,0.013859
5.668748378753662,0.13755,0.013793
5.719018936157227,0.13789,0.013897
5.769937992095947,0.13909,0.013877
5.821122884750366,0.14019,0.013838
5.8696818351745605,0.14115,0.013915
5.918851137161255,0.14244,0.014001
5.969803333282471,0.14331,0.013942
6.021951675415039,0.14449,0.014042
6.072566747665405,0.14687,0.014089
6.122583389282227,0.14705,0.013986
6.17089056968689,0.14805,0.013973
6.222059011459351,0.14907,0.01411
6.276575088500977,0.15019,0.014151
6.325084924697876,0.15133,0.014106
6.374814748764038,0.15247,0.014148
6.426689863204956,0.15359,0.014071
6.4748101234436035,0.15477,0.014231
6.5298497676849365,0.15581,0.014294
6.579949140548706,0.15681,0.01436
6.62872838973999,0.15805,0.01442
6.678197145462036,0.15811,0.014405
6.732141971588135,0.16127,0.014512
6.779595851898193,0.16112,0.014482
6.831022262573242,0.16237,0.014579
6.8821258544921875,0.16343,0.014615
6.9327452182769775,0.16452,0.014694
6.980531215667725,0.16441,0.014809
7.034156799316406,0.16572,0.014705
7.083037853240967,0.16779,0.014837
7.1325390338897705,0.16901,0.014753
7.182959794998169,0.16993,0.014791
7.23431658744812,0.17081,0.01478
7.2830493450164795,0.17204,0.014664
7.3313820362091064,0.17289,0.014754
7.382039308547974,0.17303,0.014718
7.435004949569702,0.17411,0.014493
7.484174966812134,0.17505,0.01453
7.5399839878082275,0.17733,0.014313
7.586032152175903,0.17829,0.014368
7.640738010406494,0.17944,0.013978
7.687641859054565,0.17939,0.013984
7.742343187332153,0.18032,0.014007
7.79030704498291,0.18163,0.013913
7.83903169631958,0.18372,0.013947
7.893519163131714,0.18475,0.013933
7.945084571838379,0.18569,0.013842
7.992488622665405,0.18681,0.013773
8.041850566864014,0.18787,0.013798
8.094175338745117,0.1878,0.013727
8.146724462509155,0.18872,0.013763
8.1956627368927,0.18993,0.013824
8.250743389129639,0.19199,0.013805
8.3002450466156,0.19289,0.013876
8.348628997802734,0.19408,0.013656
8.403506755828857,0.19403,0.013855
8.45488977432251,0.19601,0.013717
8.502418756484985,0.19624,0.013983
8.552485704421997,0.19713,0.013889
8.602416753768921,0.19807,0.014048
8.65595293045044,0.19916,0.013932
8.705302715301514,0.20117,0.014011
8.768678188323975,0.20207,0.014021
8.815077066421509,0.20228,0.01406
8.868636846542358,0.20329,0.013994
8.921548128128052,0.20431,0.01402
8.969266891479492,0.20632,0.01423
9.01914095878601,0.20721,0.01403
9.073549509048462,0.20827,0.014136
9.123379945755005,0.20943,0.013852
9.174654006958008,0.20925,0.014167
9.22107720375061,0.21029,0.013997
9.27028489112854,0.21223,0.014155
9.324658393859863,0.21335,0.014253
9.37831163406372,0.21345,0.014145
9.427780628204346,0.21539,0.014254
9.47667145729065,0.21648,0.014235
9.52987813949585,0.21649,0.014389
9.574687242507935,0.21753,0.014336
9.628654718399048,0.21957,0.014372
9.67845892906189,0.22052,0.01444
9.727609634399414,0.22149,0.014409
9.780487060546875,0.22163,0.014599
9.830237627029419,0.22263,0.014733
9.879247426986694,0.22359,0.01479
9.930449485778809,0.22549,0.014633
9.980674982070923,0.22656,0.014815
10.034737586975098,0.22655,0.014826
10.086176872253418,0.22764,0.0149
10.136407852172852,0.22864,0.014762
10.18584656715393,0.22961,0.01479
10.23483657836914,0.23048,0.014665
10.289160966873169,0.23248,0.014338
10.334988832473755,0.23359,0.014375
10.38905954360962,0.23463,0.014304
10.4392569065094,0.23567,0.013902
10.490571737289429,0.23573,0.013824
10.537200689315796,0.23675,0.014046
10.590304851531982,0.23755,0.013741
10.640395641326904,0.23852,0.01365
10.694114923477173,0.2398,0.013718
10.740095853805542,0.24067,0.013724
10.792668104171753,0.24256,0.013769
10.844011545181274,0.24341,0.013601
10.900344133377075,0.24359,0.01374
10.94956350326538,0.24459,0.013627
10.99521255493164,0.24568,0.013773
11.047266006469727,0.24671,0.013698
11.101117849349976,0.24744,0.013683
11.152713537216187,0.24947,0.013731
11.198985815048218,0.24964,0.013842
11.250012874603271,0.25081,0.013831
11.302955627441406,0.25183,0.013902
11.349902153015137,0.25264,0.013881
11.401488542556763,0.25341,0.014034
11.451791524887085,0.25465,0.013863
11.499803304672241,0.25455,0.014017
11.553360939025879,0.25651,0.014033
11.603330373764038,0.25659,0.014112
11.65817379951477,0.25864,0.014176
11.709617614746094,0.25949,0.014085
11.75999402999878,0.26055,0.014174
11.808608055114746,0.26143,0.014133
11.860815286636353,0.26248,0.014148
11.910236358642578,0.26343,0.01423
11.959108352661133,0.26452,0.014205
12.011354684829712,0.26557,0.014171
12.062501668930054,0.26667,0.014167
12.112656593322754,0.26749,0.014218
12.162888288497925,0.26839,0.014318
12.21432876586914,0.26937,0.014464
12.2672758102417,0.27041,0.014513
12.314839124679565,0.27144,0.014464
12.36702823638916,0.27245,0.014793
12.413680791854858,0.27347,0.014797
12.465459108352661,0.27451,0.014975
12.515833616256714,0.27535,0.014905
12.567148447036743,0.27548,0.01535
12.61815094947815,0.27733,0.015394
12.668727159500122,0.27731,0.015715
12.717237949371338,0.27843,0.015758
12.770261526107788,0.28039,0.015767
12.820532321929932,0.28155,0.015847
12.873011827468872,0.28215,0.015822
12.921222448348999,0.28332,0.015728
12.972658395767212,0.28423,0.015694
13.022409915924072,0.28544,0.015744
13.081406354904175,0.28551,0.014979
13.129439115524292,0.28728,0.014742
13.180611371994019,0.2882,0.014877
13.231744050979614,0.28835,0.014428
13.280184984207153,0.28917,0.01458
13.333772897720337,0.29112,0.014437
13.382105827331543,0.29217,0.014374
13.434205055236816,0.29301,0.014424
13.484435319900513,0.29404,0.014156
13.533482551574707,0.29393,0.014113
13.582937479019165,0.29511,0.014103
13.63525128364563,0.296,0.013991
13.683648824691772,0.29688,0.014006
13.734523057937622,0.29887,0.013953
13.787503242492676,0.29999,0.014124
13.837531328201294,0.30001,0.013921
13.88913607597351,0.30103,0.014157
13.937734603881836,0.30195,0.014153
13.98622441291809,0.30297,0.014213
14.037731409072876,0.30469,0.014171
14.087821006774902,0.30872,0.014085
14.139958620071411,0.30888,0.014177
14.187017679214478,0.31301,0.014261
14.24243450164795,0.31279,0.014209
14.291228532791138,0.31499,0.014172
14.340535402297974,0.31923,0.014047
14.395713806152344,0.32133,0.01409
14.445694208145142,0.32152,0.014343
14.49905800819397,0.32325,0.01478
14.547452926635742,0.056627,0.014758
14.599244594573975,0.059587,0.013827
14.653360843658447,0.059413,0.014243
14.701490879058838,0.06204,0.014554
14.753663301467896,0.064973,0.014626
14.806201934814453,0.06772,0.014661
14.85565447807312,0.073293,0.014643
14.90822172164917,0.076,0.014569
14.95581865310669,0.07868,0.01457
15.008792400360107,0.078653,0.014521
15.056483268737793,0.081667,0.014488
15.107577562332153,0.084267,0.014471
15.159063339233398,0.086907,0.014414
15.207600831985474,0.089853,0.014545
15.26022481918335,0.092453,0.014311
15.317253351211548,0.093747,0.014253
15.366982221603394,0.09504,0.014051
15.417931318283081,0.096427,0.014207
15.4679114818573,0.09768,0.014092
15.51433253288269,0.098733,0.014046
15.568899631500244,0.10028,0.014018
15.618788480758667,0.10159,0.013914
15.66941523551941,0.10288,0.01386
15.721162557601929,0.10407,0.013792
15.768841743469238,0.10524,0.013919
15.819472312927246,0.10791,0.013979
15.874904155731201,0.10777,0.013739
15.921217203140259,0.11019,0.013752
15.976293802261353,0.11052,0.013877
16.028493881225586,0.11156,0.01367
16.075542449951172,0.11281,0.013785
16.12688374519348,0.11413,0.013566
16.177016735076904,0.11541,0.013666
16.22637104988098,0.11644,0.013795
16.28277564048767,0.11764,0.013752
16.329744815826416,0.11872,0.013794
16.38127565383911,0.12128,0.013762
16.434361457824707,0.12143,0.013776
16.486450910568237,0.1224,0.013944
16.5330069065094,0.12373,0.013978
16.583892822265625,0.12492,0.013875
16.632846355438232,0.12721,0.013851
16.685118436813354,0.12716,0.013959
16.736274480819702,0.12837,0.013858
16.781381845474243,0.12961,0.013871
16.83670687675476,0.13075,0.013926
16.88759708404541,0.13067,0.013944
16.93699550628662,0.13188,0.014047
16.98650598526001,0.13427,0.013992
17.04079532623291,0.13524,0.014129
17.089584589004517,0.13639,0.0141
17.141965627670288,0.13752,0.013956
17.195167303085327,0.13873,0.014129
17.242862939834595,0.13984,0.014136
17.295081853866577,0.14099,0.014149
17.346170902252197,0.14323,0.014204
17.39242172241211,0.14328,0.014107
17.445863246917725,0.1446,0.014203
17.500871658325195,0.14565,0.01429
17.547818660736084,0.14661,0.014342
17.59893774986267,0.14771,0.014385
17.654659032821655,0.14776,0.014438
17.70206069946289,0.14903,0.014467
17.750823497772217,0.15111,0.014426
17.80896520614624,0.15224,0.014553
17.85707139968872,0.15335,0.014612
17.907398223876953,0.15457,0.014569
17.95728063583374,0.15563,0.014816
18.01151156425476,0.15575,0.014841
18.060303211212158,0.15787,0.014915
18.1120126247406,0.15779,0.014864
18.165769338607788,0.16005,0.015003
18.21554183959961,0.16095,0.014601
18.26362419128418,0.16208,0.014641
18.31756854057312,0.16304,0.014695
18.367297649383545,0.16425,0.014589
18.415475845336914,0.16539,0.014585
18.467885732650757,0.16648,0.014142
18.519816637039185,0.16752,0.014119
18.568179607391357,0.16771,0.01419
18.619781732559204,0.16868,0.014082
18.671276092529297,0.16979,0.013916
18.71969747543335,0.17184,0.014004
18.776958227157593,0.17297,0.013901
18.825878858566284,0.17413,0.013807
18.874163389205933,0.17485,0.01383
18.929917812347412,0.17544,0.013845
18.976932525634766,0.17628,0.013827
19.030537605285645,0.17729,0.013772
19.0798237323761,0.17921,0.013853
19.133784294128418,0.18047,0.013842
19.180463552474976,0.18135,0.013761
19.23203468322754,0.18244,0.013811
19.285414934158325,0.18349,0.01381
19.341089248657227,0.18349,0.013796
19.38703751564026,0.18559,0.013763
19.437066793441772,0.1866,0.013719
19.490621328353882,0.18769,0.013786
19.53948974609375,0.18863,0.013819
19.5891056060791,0.18976,0.013876
19.64316725730896,0.19081,0.013961
19.692503929138184,0.19091,0.013925
19.743983507156372,0.19181,0.01395
19.79276704788208,0.19407,0.013967
19.843677043914795,0.19488,0.013635
19.892971992492676,0.19601,0.014066
19.94065761566162,0.19599,0.014031
19.9922091960907,0.19709,0.014127
20.04933738708496,0.19796,0.014071
20.099493741989136,0.20008,0.014068
20.147401332855225,0.20104,0.014173
20.199456691741943,0.20119,0.014111
20.249117612838745,0.20311,0.014106
20.302598237991333,0.20324,0.014083
20.351901054382324,0.20427,0.01426
20.40377712249756,0.20528,0.014248
20.451290130615234,0.20715,0.014216
20.5031681060791,0.20823,0.014086
20.55294370651245,0.20913,0.014283
20.59963297843933,0.21024,0.014288
20.654661417007446,0.21019,0.014275
20.703214645385742,0.21129,0.014456
20.75627613067627,0.21241,0.014432
20.8035569190979,0.21423,0.014549
20.855053186416626,0.21525,0.014483
20.910571098327637,0.21553,0.014565
20.960978984832764,0.21639,0.01459
21.009575605392456,0.21729,0.014558
21.058409929275513,0.21879,0.014947
21.109548568725586,0.21949,0.014879
21.168573141098022,0.22049,0.014861
21.216503620147705,0.22243,0.014861
21.26699924468994,0.22345,0.014942
21.319417238235474,0.22356,0.01479
21.368779182434082,0.22449,0.014653
21.41991376876831,0.22569,0.014729
21.46805715560913,0.22639,0.014627
21.52420210838318,0.22753,0.014329
21.572909593582153,0.22856,0.014228
21.62798285484314,0.22943,0.014074
21.675543308258057,0.23144,0.013873
21.72597074508667,0.23152,0.013842
21.77950620651245,0.23264,0.013653
21.830875873565674,0.23353,0.01366
21.87865114212036,0.23457,0.013549
21.931939601898193,0.23549,0.013554
21.98203444480896,0.23653,0.013654
22.030622005462646,0.23757,0.01368
22.081252574920654,0.2386,0.013621
22.13358449935913,0.23964,0.013627
22.184844970703125,0.24059,0.013547
22.23490333557129,0.24147,0.013733
22.283782243728638,0.24243,0.013719
22.33729839324951,0.24343,0.013677
22.386154890060425,0.24543,0.013609
22.43495512008667,0.24663,0.013745
22.49087405204773,0.24664,0.013643
22.539174556732178,0.24752,0.013644
22.58722758293152,0.24832,0.013937
22.647459268569946,0.24948,0.013849
22.696280241012573,0.25145,0.014015
22.746521711349487,0.25148,0.014041
22.799281120300293,0.25347,0.014055
22.84950876235962,0.25337,0.014074
22.89938235282898,0.25449,0.014085
22.948888063430786,0.25549,0.014131
23.00275206565857,0.25636,0.014307
23.052265882492065,0.25733,0.014147
23.10104751586914,0.25832,0.014263
23.15385103225708,0.25924,0.014257
23.200071096420288,0.26035,0.014173
23.252760410308838,0.26124,0.014258
23.30458164215088,0.26261,0.013983
23.359265089035034,0.2634,0.014036
23.40711998939514,0.26432,0.014105
23.457371473312378,0.26523,0.014245
23.510847568511963,0.26635,0.014153
23.558783769607544,0.26739,0.014452
23.612011194229126,0.26729,0.014508
23.66313600540161,0.26935,0.014616
23.710744619369507,0.27043,0.014518
23.76173686981201,0.27132,0.014476
23.8140389919281,0.27221,0.015006
23.860777378082275,0.27329,0.015262
23.91307234764099,0.27419,0.015262
23.964884757995605,0.275,0.015327
24.01143503189087,0.27628,0.015724
24.063018321990967,0.27733,0.015754
24.115049839019775,0.27816,0.015899
24.164297103881836,0.27832,0.01611
24.217071771621704,0.28025,0.015861
24.26305079460144,0.28113,0.015822
24.315701723098755,0.28233,0.016144
24.370750665664673,0.28316,0.015975
24.416271686553955,0.28419,0.01569
24.470228672027588,0.28401,0.015281
24.520315408706665,0.28509,0.015094
24.571239948272705,0.28593,0.015059
24.618551015853882,0.28803,0.014715
24.675621271133423,0.28915,0.0146
24.7274386882782,0.29001,0.01454
24.7735915184021,0.29121,0.01434
24.825785160064697,0.29109,0.01433
24.876132011413574,0.29217,0.014258
24.927600860595703,0.29408,0.014265
24.979172468185425,0.29497,0.014192
25.02782154083252,0.296,0.014005
25.0779070854187,0.29681,0.014176
25.127349853515625,0.29696,0.01401
25.183347940444946,0.29905,0.014019
25.230231761932373,0.29987,0.014105
25.282804012298584,0.3008,0.01412
25.328673362731934,0.30183,0.014177
25.380226612091064,0.30179,0.014179
25.429709911346436,0.30279,0.014213
25.48127818107605,0.30661,0.014177
25.53676676750183,0.30847,0.014198
25.584643125534058,0.31044,0.014123
25.637630939483643,0.31055,0.014275
25.68614101409912,0.31456,0.014331
25.734986782073975,0.31472,0.014411
25.788363695144653,0.31896,0.01417
25.835996389389038,0.32107,0.014236
25.889463424682617,0.3208,0.014226
25.937103748321533,0.056307,0.014156
25.98906111717224,0.057,0.013852
26.03936743736267,0.05652,0.014112
26.084095001220703,0.05896,0.014406
26.139344930648804,0.061627,0.014671
26.187502145767212,0.064427,0.01468
26.241669416427612,0.070053,0.014661
26.293543100357056,0.072693,0.014709
26.340168237686157,0.07544,0.014615
26.39180302619934,0.075387,0.014642
26.44290828704834,0.078627,0.014411
26.493980646133423,0.080987,0.014557
26.543891668319702,0.083867,0.014542
26.59375262260437,0.0892,0.014506
26.648588180541992,0.089253,0.014332
26.69495391845703,0.091947,0.014175
26.749184131622314,0.093547,0.014197
26.797744512557983,0.09476,0.014245
26.84871196746826,0.097413,0.014021
26.8994083404541,0.097547,0.013903
26.947880268096924,0.098693,0.013894
26.997936248779297,0.09988,0.013923
27.048414945602417,0.10109,0.013835
27.10094904899597,0.10257,0.013922
27.14967155456543,0.10365,0.013872
27.20142364501953,0.10379,0.013834
27.254196882247925,0.10637,0.014027
27.304777145385742,0.10757,0.01398
27.352846145629883,0.10871,0.013988
27.40849018096924,0.11003,0.013866
27.454472303390503,0.11145,0.013811
27.506057500839233,0.11277,0.013842
27.559112548828125,0.11363,0.013762
27.60920739173889,0.11508,0.013658
27.657414436340332,0.11627,0.013685
27.707504987716675,0.11741,0.013752
27.761491537094116,0.11857,0.013613
27.81003975868225,0.1198,0.013671
27.86403799057007,0.12103,0.013629
27.911303281784058,0.12224,0.013673
27.960068225860596,0.12324,0.013831
28.010985612869263,0.12464,0.013818
28.060895442962646,0.12463,0.013866
28.116674184799194,0.12563,0.013899
28.165501594543457,0.12817,0.013893
28.21321201324463,0.1294,0.013986
28.263866901397705,0.1304,0.01381
28.317164659500122,0.13168,0.014029
28.364763498306274,0.13281,0.014105
28.4177668094635,0.13289,0.014073
28.47197127342224,0.13411,0.014077
28.52166724205017,0.13613,0.014118
28.57153296470642,0.13744,0.014078
28.62127923965454,0.13853,0.014101
28.675036668777466,0.13975,0.01415
28.72696852684021,0.14076,0.014113
28.780649423599243,0.1422,0.014266
28.828055381774902,0.14315,0.014338
28.87967300415039,0.14317,0.014266
28.93300151824951,0.14545,0.014236
28.979393243789673,0.14552,0.014378
29.034443616867065,0.14635,0.014519
29.08240294456482,0.14773,0.014379
29.1304714679718,0.15001,0.014493
29.184951305389404,0.15091,0.014463
29.23453688621521,0.15228,0.014687
29.285160303115845,0.153,0.014757
29.33483910560608,0.15429,0.014672
29.386857509613037,0.15413,0.014791
29.43605947494507,0.15539,0.014739
29.487327337265015,0.15651,0.014835
29.53569746017456,0.15859,0.014824
29.588005304336548,0.15955,0.014786
29.635008573532104,0.1608,0.014908
29.687427043914795,0.16096,0.014762
29.739819049835205,0.16187,0.014851
29.786604404449463,0.16297,0.014657
29.84099316596985,0.16401,0.01458
29.889803409576416,0.16632,0.014491
29.941962718963623,0.16727,0.014427
29.991225242614746,0.16852,0.014278
30.043040990829468,0.16841,0.013947
30.091248512268066,0.16943,0.014218
30.14104390144348,0.17076,0.014019
30.192137241363525,0.17171,0.013813
30.241355657577515,0.17255,0.013831
30.289847135543823,0.17377,0.013921
30.344892024993896,0.17497,0.013857
30.392943143844604,0.17681,0.014001
30.44386386871338,0.17685,0.013872
30.491244077682495,0.17793,0.013945
30.54399275779724,0.17919,0.013837
30.594581604003906,0.18011,0.013983
30.64303469657898,0.18121,0.013764
30.69617486000061,0.1822,0.013908
30.74615740776062,0.18335,0.013722
30.79438829421997,0.18429,0.013932
30.848456859588623,0.1854,0.0138
30.896533727645874,0.18647,0.013586
30.951114654541016,0.18736,0.013738
30.9948787689209,0.18855,0.013714
31.046679258346558,0.18956,0.013921
31.100072145462036,0.19059,0.013867
31.14980411529541,0.19059,0.014002
31.200393676757812,0.19285,0.014026
31.25030827522278,0.19361,0.013996
31.302743196487427,0.19476,0.014048
31.355069637298584,0.19561,0.013987
31.399948596954346,0.1968,0.013916
31.454222440719604,0.19775,0.014078
31.50827693939209,0.19905,0.014127
31.557498455047607,0.19993,0.014155
31.611871242523193,0.20008,0.014098
31.661702632904053,0.20173,0.014147
31.709694385528564,0.203,0.014152
31.760732650756836,0.20376,0.014273
31.815011978149414,0.20515,0.01423
31.862943172454834,0.20615,0.014277
31.91283631324768,0.20609,0.014301
31.960944175720215,0.20801,0.014236
32.016164779663086,0.20808,0.014218
32.06402897834778,0.20903,0.014389
32.113959550857544,0.21019,0.014293
32.16734266281128,0.21212,0.014267
32.21615719795227,0.21315,0.014292
32.26594662666321,0.21315,0.014528
32.31394624710083,0.21513,0.014717
32.36503982543945,0.21616,0.014672
32.42228817939758,0.21721,0.014694
32.46927833557129,0.21801,0.014621
32.52418565750122,0.21919,0.014859
32.572187662124634,0.22012,0.01486
32.622719049453735,0.22113,0.014801
32.67493486404419,0.22211,0.014755
32.72799015045166,0.22308,0.014901
32.77936840057373,0.22332,0.014713
32.82610249519348,0.22524,0.01482
32.87779712677002,0.22611,0.0145
32.92778015136719,0.22733,0.014395
32.97963333129883,0.22829,0.014282
33.02868986129761,0.2282,0.014119
33.08129382133484,0.22928,0.013803
33.12838125228882,0.23003,0.014133
33.18166446685791,0.23115,0.013712
33.23227572441101,0.23311,0.013721
33.284122467041016,0.23427,0.013671
33.334677934646606,0.23501,0.013513
33.379921674728394,0.23613,0.013633
33.433964252471924,0.23613,0.013611
33.48234820365906,0.23715,0.013635
33.53939604759216,0.23921,0.013782
33.586915254592896,0.24019,0.013778
33.63864588737488,0.24123,0.013734
33.690781354904175,0.24229,0.01357
33.74073123931885,0.24332,0.013748
33.789820194244385,0.24336,0.013567
33.83975577354431,0.24423,0.013718
33.89047050476074,0.24524,0.013483
33.941978454589844,0.24617,0.013624
33.99275732040405,0.24817,0.013621
34.046616554260254,0.24924,0.013777
34.09453010559082,0.25013,0.013957
34.14556813240051,0.25017,0.013884
34.191038846969604,0.25109,0.014113
34.24505925178528,0.25215,0.014115
34.297483682632446,0.25293,0.014084
34.34649872779846,0.2542,0.014071
34.397613525390625,0.25605,0.014152
34.447869539260864,0.25705,0.01409
34.49633860588074,0.25716,0.014158
34.54760456085205,0.25832,0.014177
34.59658145904541,0.25921,0.014311
34.64977169036865,0.26129,0.0142
34.69834351539612,0.26111,0.014121
34.75151753425598,0.26221,0.014342
34.8003568649292,0.26307,0.01416
34.85110330581665,0.264,0.014273
34.9016809463501,0.26512,0.014321
34.95042133331299,0.26607,0.014339
35.00076460838318,0.26712,0.014445
35.052061319351196,0.26801,0.014409
35.10232424736023,0.26911,0.014769
35.152382373809814,0.26993,0.014671
35.202895641326904,0.27087,0.015053
35.25736141204834,0.27205,0.015363
35.31078124046326,0.27303,0.015271
35.359782218933105,0.27403,0.015584
35.40968871116638,0.27591,0.01571
35.46097207069397,0.27608,0.015523
35.510826587677,0.27689,0.01596
35.56097865104675,0.27796,0.016157
35.610793352127075,0.27901,0.016078
35.665069341659546,0.28003,0.016149
35.71155095100403,0.281,0.01589
35.76541352272034,0.28201,0.015643
35.81515884399414,0.28313,0.015564
35.864588260650635,0.28384,0.015678
35.91898798942566,0.28487,0.015043
35.96906065940857,0.28585,0.015355
36.01759910583496,0.28707,0.014906
36.068859577178955,0.28792,0.01465
36.11736440658569,0.28876,0.014596
36.16979622840881,0.28991,0.014488
36.21875715255737,0.29089,0.014474
36.27163815498352,0.29184,0.014461
36.31945562362671,0.29285,0.014488
36.36935257911682,0.29388,0.014181
36.420408964157104,0.29489,0.014309
36.47349691390991,0.29575,0.014084
36.51946473121643,0.297,0.014096
36.57115316390991,0.29777,0.014049
36.623777866363525,0.29885,0.013986
36.672595262527466,0.2986,0.013988
36.724809885025024,0.29965,0.014092
36.77306938171387,0.30063,0.014101
36.82456946372986,0.30272,0.014021
36.87504506111145,0.30403,0.014217
36.92566466331482,0.30605,0.014121
36.970916986465454,0.30831,0.014087
37.02575421333313,0.30828,0.014297
37.073455572128296,0.31031,0.014372
37.131726026535034,0.31233,0.01429
37.180150747299194,0.31661,0.014261
37.23278522491455,0.31859,0.014316
37.281630516052246,0.32043,0.014177
37.33089280128479,0.32049,0.014059
37.379374265670776,0.32271,0.014121
37.43265080451965,0.0552,0.013954
37.48088884353638,0.056187,0.013982
37.53741002082825,0.061027,0.014278
37.585017681121826,0.061213,0.014494
37.635942220687866,0.06684,0.014657
37.68849515914917,0.069547,0.014499
37.73766827583313,0.0698,0.014611
37.78765392303467,0.072227,0.01467
37.83956432342529,0.07512,0.014549
37.887410402297974,0.080533,0.014579
37.938493490219116,0.080533,0.014377
37.98911428451538,0.08592,0.014582
38.04065537452698,0.086067,0.014256
38.09179759025574,0.09164,0.014277
38.140034437179565,0.091573,0.014313
38.18866539001465,0.093373,0.014265
38.24348974227905,0.09468,0.014254
38.2909369468689,0.09576,0.014101
38.34279274940491,0.098347,0.013995
38.39033007621765,0.098307,0.01405
38.444175720214844,0.099627,0.013925
38.49558758735657,0.101,0.013839
38.54569888114929,0.10227,0.013873
38.59758996963501,0.10347,0.013863
38.65085434913635,0.10477,0.013889
38.700270891189575,0.10584,0.013825
38.749489068984985,0.10873,0.013905
38.80572819709778,0.10877,0.013835
38.8536057472229,0.11003,0.013898
38.90709447860718,0.11108,0.013869
38.95555257797241,0.11225,0.013857
39.0067994594574,0.11352,0.013759
39.05819630622864,0.11493,0.013703
39.103352546691895,0.11619,0.013701
39.15585780143738,0.11716,0.013704
39.209354400634766,0.11841,0.0137
39.255993366241455,0.11957,0.013557
39.30802011489868,0.12092,0.013614
39.36090540885925,0.12196,0.013622
39.40927863121033,0.12329,0.013563
39.45705556869507,0.12428,0.013859
39.511996269226074,0.12557,0.013849
39.563047885894775,0.12673,0.013804
39.61207938194275,0.1278,0.013917
39.660364866256714,0.12899,0.013968
39.71301031112671,0.13159,0.013905
39.76306438446045,0.13156,0.014002
39.81935143470764,0.13256,0.013955
39.8691828250885,0.13381,0.014026
39.91647028923035,0.13497,0.014089
39.96803307533264,0.13605,0.014122
40.02091121673584,0.13728,0.014186
40.06788730621338,0.13839,0.014143
40.12074661254883,0.13973,0.014208
40.174280881881714,0.14061,0.014175
40.22693490982056,0.14193,0.014286
40.27740788459778,0.14293,0.014077
40.33078479766846,0.14401,0.014297
40.37841057777405,0.14533,0.014311
40.43265414237976,0.14635,0.014323
40.4819974899292,0.1474,0.014359
40.53482127189636,0.14853,0.014561
40.58324885368347,0.14944,0.014479
40.6357638835907,0.14975,0.014511
40.686179399490356,0.15084,0.014622
40.7336106300354,0.15191,0.014473
40.791019678115845,0.15412,0.014713
40.837796211242676,0.15524,0.014738
40.894099712371826,0.15517,0.014806
40.94718599319458,0.15728,0.014765
41.00006031990051,0.15847,0.014742
41.05285620689392,0.15953,0.01482
41.10031843185425,0.16063,0.014715
41.15097093582153,0.16161,0.014656
41.20078706741333,0.16285,0.014421
41.24833869934082,0.16369,0.014443
41.30300736427307,0.16375,0.014341
41.350682735443115,0.166,0.014083
41.40937256813049,0.16716,0.014055
41.45462346076965,0.16831,0.014088
41.50811505317688,0.16933,0.013871
41.559500217437744,0.17037,0.013852
41.610435009002686,0.17135,0.013824
41.66226100921631,0.17257,0.013803
41.709911823272705,0.17243,0.013739
41.760186433792114,0.17479,0.013836
41.80830454826355,0.17564,0.013803
41.85978651046753,0.17672,0.013841
41.91060996055603,0.17779,0.013862
41.96195912361145,0.17868,0.013695
42.01342844963074,0.17983,0.013788
42.06229901313782,0.17991,0.013842
42.11196327209473,0.18169,0.013836
42.162678480148315,0.18288,0.013762
42.22033929824829,0.18327,0.013607
42.26900553703308,0.1848,0.013722
42.319348096847534,0.18512,0.013656
42.370620250701904,0.18627,0.013649
42.420777559280396,0.18827,0.013747
42.47420954704285,0.18904,0.013712
42.52295804023743,0.19035,0.013795
42.57665753364563,0.19129,0.013921
42.62680506706238,0.19229,0.01395
42.67564845085144,0.19341,0.013896
42.72509527206421,0.19349,0.013995
42.77843189239502,0.19421,0.013938
42.829408168792725,0.19653,0.013969
42.87661957740784,0.19761,0.013942
42.92706298828125,0.19757,0.013989
42.980982065200806,0.19964,0.014011
43.03481149673462,0.19964,0.014077
43.08277201652527,0.20065,0.014066
43.135690450668335,0.20157,0.014112
43.18714141845703,0.20251,0.014124
43.234944343566895,0.20493,0.014114
43.28753685951233,0.20569,0.01405
43.33627223968506,0.20687,0.014113
43.387489795684814,0.20688,0.014206
43.43481516838074,0.20789,0.014213
43.4885413646698,0.20881,0.014285
43.53573274612427,0.20997,0.014297
43.589683294296265,0.21191,0.014305
43.6370632648468,0.21289,0.01439
43.68671202659607,0.21397,0.01444
43.73826503753662,0.21387,0.014612
43.789748191833496,0.21492,0.014731
43.84184718132019,0.21607,0.014823
43.88911032676697,0.21696,0.014697
43.942014932632446,0.21804,0.014746
43.99014329910278,0.21893,0.014921
44.046982765197754,0.22093,0.01513
44.095919132232666,0.22123,0.015028
44.147029399871826,0.22197,0.014742
44.1958441734314,0.22289,0.014606
44.25201439857483,0.22387,0.014532
44.29974865913391,0.22495,0.014691
44.3529908657074,0.22687,0.014259
44.404695987701416,0.22808,0.014506
44.455275774002075,0.2282,0.013828
44.50272035598755,0.22901,0.013973
44.55518579483032,0.22999,0.013804
44.60431241989136,0.23124,0.013762
44.65789723396301,0.23209,0.013656
44.70705199241638,0.23325,0.013628
44.75804162025452,0.23492,0.013629
44.809749126434326,0.23487,0.013638
44.85754179954529,0.23595,0.013585
44.90851354598999,0.23701,0.013751
44.957457304000854,0.23809,0.013688
45.00862956047058,0.23889,0.013693
45.06084895133972,0.24001,0.013827
45.11176252365112,0.24099,0.013778
45.164002656936646,0.24211,0.013792
45.213561058044434,0.24305,0.01374
45.26304531097412,0.24403,0.013574
45.311896324157715,0.24508,0.013796
45.36245012283325,0.24591,0.013721
45.41035056114197,0.24683,0.013705
45.46721076965332,0.24797,0.013869
45.51546931266785,0.24897,0.013831
45.562740325927734,0.24995,0.013983
45.61809849739075,0.25105,0.013901
45.66741943359375,0.25184,0.01394
45.71840214729309,0.253,0.014043
45.769561767578125,0.25392,0.014155
45.81642246246338,0.25503,0.014107
45.86427927017212,0.25589,0.014087
45.919785499572754,0.25701,0.01393
45.968021869659424,0.25807,0.014172
46.0210599899292,0.25888,0.014177
46.07166576385498,0.25993,0.014238
46.121922969818115,0.26103,0.014249
46.171469926834106,0.26177,0.014196
46.22077798843384,0.26212,0.014308
46.27202105522156,0.26288,0.014232
46.321001291275024,0.26495,0.014358
46.371371030807495,0.2658,0.014329
46.421048402786255,0.26685,0.014416
46.4751136302948,0.26783,0.014406
46.52001905441284,0.26871,0.014746
46.576300621032715,0.26887,0.014772
46.62443137168884,0.27085,0.014757
46.6774377822876,0.27161,0.01492
46.72657871246338,0.27277,0.015232
46.77989602088928,0.27296,0.015168
46.82902812957764,0.27487,0.015603
46.877586126327515,0.27593,0.015695
46.929238080978394,0.27599,0.015946
46.9804368019104,0.27665,0.016157
47.02847075462341,0.27781,0.016311
47.080458879470825,0.27971,0.016363
47.13351488113403,0.28071,0.01619
47.182987213134766,0.28167,0.016182
47.23236060142517,0.28184,0.015928
47.28571820259094,0.28371,0.015284
47.334482192993164,0.28379,0.015267
47.386626958847046,0.28469,0.015267
47.43468165397644,0.28663,0.015278
47.48958706855774,0.28767,0.01498
47.54206705093384,0.28877,0.014659
47.592986822128296,0.28865,0.014619
47.64162540435791,0.28952,0.014292
47.69578409194946,0.29071,0.014496
47.7463104724884,0.2916,0.014587
47.79512977600098,0.29257,0.014091
47.84517192840576,0.29459,0.014183
47.89619016647339,0.2948,0.014099
47.94813656806946,0.29555,0.014114
47.996620178222656,0.29733,0.014257
48.04464077949524,0.29759,0.014243
48.09813094139099,0.29847,0.01409
48.1482355594635,0.30028,0.014182
48.20021677017212,0.30133,0.014115
48.25080919265747,0.30141,0.014115
48.29952263832092,0.30237,0.014112
48.352147340774536,0.30373,0.014059
48.40199589729309,0.30579,0.014184
48.450663805007935,0.30771,0.01409
48.50223755836487,0.31,0.014277
48.551958084106445,0.3118,0.014313
48.60373520851135,0.31597,0.014198
48.65625786781311,0.31819,0.014234
48.70460343360901,0.32028,0.014262
48.755205154418945,0.32012,0.014275
48.80399417877197,0.32236,0.014164
48.85624289512634,0.055213,0.014601
48.90628242492676,0.056133,0.013806
48.95680212974548,0.06056,0.014071
49.006757736206055,0.060587,0.014367
49.05527663230896,0.063547,0.014576
49.10782194137573,0.066307,0.014486
49.15960240364075,0.069,0.014515
49.20762300491333,0.071733,0.014542
49.260265827178955,0.074733,0.014484
49.30900716781616,0.07744,0.014319
49.35980224609375,0.080187,0.014438
49.410730600357056,0.082747,0.014255
49.46003174781799,0.08548,0.014266
49.51027703285217,0.088333,0.014293
49.561142444610596,0.09088,0.014037
49.612417697906494,0.092813,0.014122
49.66602921485901,0.094133,0.013831
49.71457600593567,0.094333,0.014041
49.765193939208984,0.09672,0.013942
49.81446170806885,0.098147,0.013817
49.867244243621826,0.099373,0.013751
49.91798138618469,0.10068,0.013808
49.9665424823761,0.10083,0.01377
50.0227906703949,0.10344,0.013683
50.07154369354248,0.10457,0.013747
50.12293076515198,0.10469,0.013766
50.18009161949158,0.10717,0.013913
50.22765564918518,0.10833,0.013708
50.27942967414856,0.10941,0.013693
50.329731702804565,0.11079,0.013815
50.37952136993408,0.11204,0.013768
50.428823947906494,0.11339,0.013664
50.483733892440796,0.11447,0.013489
50.534688234329224,0.11577,0.013576
50.5814311504364,0.11588,0.013592
50.635464906692505,0.11811,0.013555
50.68404150009155,0.11927,0.013507
50.73379564285278,0.12068,0.013508
50.78618121147156,0.12075,0.013532
50.83470368385315,0.12295,0.013697
50.88381576538086,0.12296,0.013526
50.93792796134949,0.12539,0.01373
50.9842164516449,0.12659,0.013815
51.0372793674469,0.12757,0.013779
51.08438777923584,0.12877,0.013883
51.13909316062927,0.13005,0.013892
51.18660593032837,0.13115,0.013908
51.238425731658936,0.13131,0.01392
51.288861989974976,0.13239,0.013912
51.342262744903564,0.13339,0.013981
51.3922860622406,0.13481,0.013981
51.439460039138794,0.13699,0.014079
51.4946186542511,0.13697,0.014168
51.544403076171875,0.13924,0.014124
51.597137689590454,0.13943,0.014209
51.646363258361816,0.14036,0.014369
51.69961881637573,0.14167,0.014059
51.74821591377258,0.14272,0.014106
51.800068378448486,0.14375,0.014387
51.849666595458984,0.14592,0.014199
51.89903402328491,0.14697,0.014197
51.948737144470215,0.14747,0.014333
52.001543283462524,0.14828,0.01448
52.049777030944824,0.14925,0.014559
52.10414266586304,0.15068,0.014401
52.154378175735474,0.15276,0.014481
52.205815076828,0.15375,0.014684
52.25469160079956,0.15392,0.014692
52.30617809295654,0.15512,0.014595
52.36406326293945,0.15615,0.014615
52.414305686950684,0.15832,0.014796
52.46110725402832,0.15948,0.01461
52.51174759864807,0.16043,0.014624
52.5632050037384,0.16147,0.014646
52.613128423690796,0.16153,0.014446
52.667959690093994,0.16256,0.014348
52.71609807014465,0.16375,0.014283
52.76767086982727,0.16461,0.014038
52.81590294837952,0.16583,0.013995
52.86512064933777,0.16784,0.013928
52.9184889793396,0.16915,0.014109
52.96931266784668,0.16901,0.013841
53.01752328872681,0.17105,0.013874
53.068612575531006,0.17116,0.013839
53.119701623916626,0.17217,0.01361
53.17166543006897,0.17332,0.013875
53.21977996826172,0.1744,0.013748
53.2703697681427,0.17527,0.013738
53.32096600532532,0.17647,0.013743
53.37407875061035,0.17873,0.013825
53.42476224899292,0.17875,0.013671
53.47217345237732,0.17965,0.013898
53.527233600616455,0.18081,0.013841
53.57525086402893,0.18184,0.013857
53.6241614818573,0.18287,0.013791
53.678181171417236,0.18383,0.013575
53.72497367858887,0.18491,0.013609
53.77757382392883,0.1848,0.013497
53.82828998565674,0.18691,0.013517
53.880619049072266,0.18816,0.013588
53.93377923965454,0.18901,0.013642
53.99297618865967,0.19027,0.013673
54.04219627380371,0.19116,0.013858
54.08880400657654,0.192,0.013965
54.14336395263672,0.19343,0.013911
54.19469165802002,0.19535,0.014044
54.24760937690735,0.19535,0.013889
54.29739308357239,0.19635,0.014031
54.34697771072388,0.19761,0.013913
54.39647603034973,0.19839,0.014071
54.44657754898071,0.19948,0.014164
54.49974966049194,0.20033,0.014225
54.553099632263184,0.20056,0.014138
54.60378861427307,0.20344,0.014098
54.65025353431702,0.20383,0.01413
54.7026891708374,0.20464,0.014279
54.7541069984436,0.20472,0.014151
54.805341958999634,0.20665,0.014145
54.85654878616333,0.20872,0.01416
54.90532898902893,0.20863,0.014195
54.957109689712524,0.20965,0.014184
55.00960826873779,0.21073,0.014326
55.0594801902771,0.21172,0.01431
55.10692834854126,0.21287,0.014521
55.15991401672363,0.21393,0.014538
55.209961891174316,0.2148,0.014618
55.25915002822876,0.21561,0.014668
55.310404777526855,0.21676,0.014609
55.357879877090454,0.21769,0.014782
55.41403913497925,0.21884,0.014819
55.4641273021698,0.21983,0.014784
55.509451150894165,0.22083,0.014912
55.56070876121521,0.22176,0.01471
55.6137273311615,0.223,0.014618
55.66261148452759,0.224,0.014605
55.71516394615173,0.2238,0.014446
55.766175508499146,0.22487,0.01428
55.815608501434326,0.22677,0.0143
55.86952757835388,0.22784,0.014239
55.919962882995605,0.22892,0.013948
55.96803689002991,0.22988,0.013954
56.02237033843994,0.23095,0.013668
56.071922302246094,0.23192,0.013563
56.1217041015625,0.23191,0.013585
56.1697199344635,0.23384,0.013637
56.22050929069519,0.2348,0.013609
56.2687451839447,0.23568,0.013521
56.32073402404785,0.23695,0.013648
56.371824502944946,0.23675,0.013581
56.426337480545044,0.23892,0.013596
56.471049308776855,0.23887,0.013763
56.52517080307007,0.24076,0.013771
56.58011603355408,0.24205,0.013804
56.63200879096985,0.24297,0.013752
56.681097745895386,0.24384,0.013754
56.732078313827515,0.24489,0.0137
56.7806556224823,0.24588,0.013658
56.833009004592896,0.24684,0.01371
56.88340091705322,0.24776,0.013545
56.934221506118774,0.24876,0.013756
56.984455823898315,0.24879,0.013913
57.030919551849365,0.24989,0.013864
57.08551025390625,0.25067,0.013938
57.135276556015015,0.25289,0.013979
57.183775424957275,0.25384,0.013973
57.23450183868408,0.25489,0.014157
57.28707432746887,0.25571,0.014063
57.33980393409729,0.25584,0.014239
57.38753962516785,0.2568,0.014191
57.43985652923584,0.25867,0.014242
57.491100788116455,0.25881,0.014319
57.54085302352905,0.25972,0.014147
57.586880922317505,0.26065,0.014255
57.63947916030884,0.26261,0.014186
57.690786361694336,0.26359,0.014132
57.748961448669434,0.26432,0.014104
57.797351598739624,0.26569,0.014223
57.85186958312988,0.26588,0.01423
57.90141177177429,0.26677,0.014429
57.95033001899719,0.26767,0.014531
58.00141263008118,0.26968,0.01459
58.049224853515625,0.27065,0.014879
58.09976315498352,0.27188,0.014629
58.14957571029663,0.27179,0.015199
58.19669008255005,0.27291,0.015396
58.25263714790344,0.27359,0.015226
58.30204224586487,0.27477,0.01583
58.35378122329712,0.27657,0.01587
58.40134930610657,0.27744,0.015868
58.45315432548523,0.27772,0.016066
58.50417137145996,0.27855,0.016209
58.55290246009827,0.27959,0.016047
58.606180906295776,0.2806,0.016344
58.654659032821655,0.28165,0.015944
58.70570349693298,0.28252,0.015818
58.75478744506836,0.28455,0.015541
58.80553436279297,0.28459,0.015786
58.86002016067505,0.28544,0.015073
58.907639265060425,0.2864,0.014817
58.96051597595215,0.28752,0.014913
59.01040172576904,0.28848,0.014757
59.061139822006226,0.28948,0.014832
59.11077547073364,0.29036,0.014624
59.162962913513184,0.29159,0.01473
59.20882797241211,0.29224,0.014442
59.2638463973999,0.29345,0.014202
59.31694197654724,0.29441,0.014198
59.36530566215515,0.29547,0.014321
59.41389274597168,0.29629,0.014383
59.463032245635986,0.29741,0.014196
59.51555848121643,0.29824,0.014305
59.56240630149841,0.29859,0.014332
59.61841034889221,0.30039,0.014447
59.665239095687866,0.30116,0.014224
59.71570181846619,0.30232,0.014075
59.764500856399536,0.30344,0.013999
59.81688570976257,0.30332,0.01403
59.86789083480835,0.30557,0.014128
59.92118692398071,0.30759,0.014219
59.968329668045044,0.31163,0.014146
60.01966118812561,0.31369,0.014315
60.072970151901245,0.31593,0.014323
60.12260293960571,0.31789,0.014247
60.17570781707764,0.31977,0.014394
60.223822593688965,0.32192,0.014197
60.27434468269348,0.054667,0.014095
60.32516026496887,0.055947,0.013816
60.38159227371216,0.057773,0.01386
60.430065631866455,0.057773,0.014385
60.479475259780884,0.06328,0.014499
60.530519008636475,0.065813,0.014471
60.57995295524597,0.06868,0.0145
60.63340950012207,0.071573,0.01438
60.68222761154175,0.074307,0.014535
60.730961561203,0.07696,0.014403
60.780205488204956,0.077133,0.014278
60.83543133735657,0.082547,0.014293
60.88250732421875,0.08516,0.014184
60.933833837509155,0.087893,0.014069
60.98498034477234,0.090533,0.013962
61.03806710243225,0.092613,0.013998
61.08507823944092,0.094067,0.013959
61.13711142539978,0.095307,0.013866
61.186787128448486,0.09536,0.013885
61.239720582962036,0.096533,0.013791
61.288485527038574,0.098027,0.013802
61.33831453323364,0.099227,0.013722
61.38788628578186,0.1018,0.013835
61.43951869010925,0.10319,0.013775
61.48934054374695,0.10323,0.013944
61.53976488113403,0.1044,0.013867
61.589224338531494,0.10575,0.01391
61.64529776573181,0.10683,0.01376
61.69645595550537,0.10943,0.013777
61.74624729156494,0.11057,0.013794
61.797656297683716,0.11065,0.013736
61.848031759262085,0.11209,0.013701
61.895318031311035,0.11319,0.013496
61.945571422576904,0.11425,0.013618
61.99800181388855,0.11556,0.013655
62.04867672920227,0.11688,0.013499
62.09820294380188,0.11919,0.0136
62.14714288711548,0.11916,0.013547
62.19978880882263,0.12031,0.013496
62.246747732162476,0.12175,0.013628
62.296663999557495,0.12271,0.013528
62.34965467453003,0.1238,0.013745
62.400264739990234,0.12393,0.013809
62.44749212265015,0.12652,0.013765
62.5001585483551,0.1276,0.01384
62.55785894393921,0.12892,0.013839
62.606356382369995,0.13004,0.013876
62.65466642379761,0.13104,0.013909
62.70614814758301,0.13241,0.013959
62.75806379318237,0.13351,0.01405
62.80818700790405,0.13471,0.014039
62.85981225967407,0.13553,0.013995
62.91351342201233,0.13656,0.014071
62.96723532676697,0.13793,0.014141
63.01691460609436,0.13905,0.014135
63.06805944442749,0.14027,0.014044
63.11641216278076,0.14155,0.013994
63.16842842102051,0.14263,0.014196
63.220693588256836,0.14364,0.014292
63.26906061172485,0.14468,0.014265
63.31914448738098,0.14601,0.014289
63.36971735954285,0.14703,0.014343
63.41825866699219,0.14823,0.014363
63.46952700614929,0.14815,0.014475
63.51967906951904,0.15024,0.01445
63.57100296020508,0.15177,0.0146
63.621854305267334,0.15256,0.014551
63.676979303359985,0.15369,0.014653
63.726420879364014,0.15475,0.014629
63.7777841091156,0.15591,0.014595
63.82571482658386,0.15676,0.014609
63.87791919708252,0.15805,0.014835
63.92812252044678,0.15929,0.014557
63.98096585273743,0.16044,0.014616
64.02864456176758,0.16136,0.01446
64.0807135105133,0.1624,0.01424
64.12913799285889,0.16347,0.014325
64.18306756019592,0.16461,0.014172
64.23120498657227,0.16576,0.014012
64.28302717208862,0.16672,0.01374
64.33530926704407,0.16803,0.013988
64.3852322101593,0.16876,0.013764
64.43283486366272,0.16989,0.013756
64.489426612854,0.17099,0.013751
64.54096293449402,0.17208,0.013829
64.5875506401062,0.17299,0.013727
64.63966250419617,0.17435,0.01378
64.6899745464325,0.17431,0.013747
64.74130153656006,0.17624,0.01378
64.78819632530212,0.17625,0.013806
64.8428726196289,0.17857,0.013787
64.8897750377655,0.17956,0.013786
64.94150853157043,0.18056,0.013742
64.99385142326355,0.18167,0.01376
65.04555130004883,0.18256,0.013746
65.09430122375488,0.18275,0.013754
65.14442896842957,0.18368,0.013709
65.2006950378418,0.18588,0.013557
65.24747371673584,0.18692,0.013527
65.29736733436584,0.18789,0.013507
65.34777593612671,0.18891,0.013669
65.40611219406128,0.19023,0.013679
65.45557355880737,0.19109,0.01379
65.50446963310242,0.19136,0.013906
65.55539083480835,0.19319,0.013853
65.60509729385376,0.19405,0.013927
65.65835285186768,0.19407,0.013929
65.71028995513916,0.19521,0.013828
65.75696754455566,0.19711,0.013949
65.81023669242859,0.19836,0.014027
65.86034941673279,0.19941,0.013948
65.9148576259613,0.20028,0.014075
65.96984696388245,0.20129,0.014219
66.01926517486572,0.20125,0.014019
66.06914186477661,0.20225,0.013925
66.12022686004639,0.20344,0.014008
66.17051553726196,0.20539,0.014117
66.2193067073822,0.20639,0.014132
66.27441692352295,0.20744,0.014059
66.3250744342804,0.20859,0.014149
66.36926198005676,0.20825,0.014214
66.42354822158813,0.20953,0.014321
66.47369313240051,0.21141,0.014307
66.52943396568298,0.21245,0.014199
66.57784485816956,0.21335,0.014335
66.63233208656311,0.21456,0.014327
66.6812949180603,0.21561,0.014546
66.73276734352112,0.21656,0.014535
66.78181290626526,0.21675,0.014554
66.83037066459656,0.21768,0.014625
66.88458728790283,0.21953,0.014813
66.9340124130249,0.22057,0.014712
66.98284411430359,0.22168,0.014723
67.03221035003662,0.22157,0.014667
67.08158373832703,0.22265,0.014543
67.13387703895569,0.22369,0.014755
67.1865303516388,0.22555,0.014118
67.23582792282104,0.22564,0.014133
67.28408718109131,0.22679,0.013866
67.3355324268341,0.22868,0.013883
67.38623881340027,0.22889,0.013715
67.4359917640686,0.23083,0.013651
67.48839616775513,0.23083,0.013445
67.53572225570679,0.23177,0.013455
67.59389090538025,0.23276,0.013484
67.64314365386963,0.23356,0.013427
67.69277858734131,0.23573,0.013433
67.74429869651794,0.23548,0.013496
67.79435658454895,0.23679,0.013538
67.84302139282227,0.23769,0.013666
67.89512372016907,0.23864,0.013596
67.9416172504425,0.23979,0.013732
67.99230122566223,0.24063,0.013686
68.04381346702576,0.24152,0.013699
68.09671902656555,0.24388,0.013668
68.14342713356018,0.24367,0.013658
68.19672155380249,0.24492,0.013546
68.24726343154907,0.24579,0.013629
68.29647612571716,0.24657,0.013727
68.34852194786072,0.24763,0.013689
68.40150737762451,0.24891,0.013855
68.44945693016052,0.24956,0.013802
68.50162720680237,0.25159,0.013984
68.55108165740967,0.25175,0.01381
68.60321402549744,0.25293,0.013978
68.64989376068115,0.25356,0.013946
68.7022032737732,0.25471,0.013989
68.75704646110535,0.25561,0.013948
68.80359435081482,0.25663,0.014073
68.85717868804932,0.25755,0.014119
68.9075677394867,0.25869,0.014058
68.95651650428772,0.25959,0.014109
69.00901484489441,0.26053,0.014166
69.05445766448975,0.26164,0.014053
69.1078565120697,0.26268,0.014274
69.15706157684326,0.26275,0.014053
69.2091600894928,0.26373,0.014233
69.26308393478394,0.26552,0.014223
69.3132758140564,0.26659,0.014416
69.36070084571838,0.26732,0.014585
69.41415596008301,0.2684,0.014592
69.46253275871277,0.26951,0.014722
69.50964498519897,0.27064,0.014665
69.5677559375763,0.27151,0.014746
69.61676478385925,0.27244,0.014784
69.66329407691956,0.27348,0.015347
69.7147765159607,0.27448,0.015463
69.76862740516663,0.27539,0.015695
69.82097625732422,0.27637,0.015795
69.86694288253784,0.27635,0.015993
69.91795754432678,0.27851,0.016083
69.9682068824768,0.27949,0.016075
70.02092933654785,0.28045,0.015921
70.07259917259216,0.28135,0.016012
70.12170338630676,0.28157,0.015961
70.17321300506592,0.2824,0.015634
70.22287106513977,0.28327,0.01549
70.27152943611145,0.28521,0.015167
70.32375836372375,0.28639,0.014969
70.37309527397156,0.28728,0.015013
70.42349600791931,0.28728,0.014951
70.47090530395508,0.28932,0.014395
70.52405023574829,0.28944,0.014409
70.57111597061157,0.29039,0.014652
70.62982511520386,0.29115,0.014379
70.67879581451416,0.2932,0.014254
70.72755932807922,0.29417,0.01421
70.78098368644714,0.29432,0.014177
70.82946729660034,0.2952,0.014356
70.87909030914307,0.29621,0.01428
70.93076825141907,0.29711,0.014317
70.98005056381226,0.29801,0.014301
71.03153347969055,0.29909,0.014264
71.08069038391113,0.30112,0.014189
71.13149762153625,0.30205,0.014042
71.18310761451721,0.30292,0.013913
71.23208570480347,0.30297,0.014065
71.27940082550049,0.30521,0.014054
71.33186554908752,0.30725,0.014099
71.38370156288147,0.31121,0.014187
71.42913174629211,0.31119,0.014212
71.4853847026825,0.3152,0.014319
71.53254699707031,0.31531,0.014228
71.58268857002258,0.3174,0.014138
71.63426780700684,0.31951,0.014125
71.68367981910706,0.32171,0.013926
71.73447132110596,0.32151,0.013784
71.78489089012146,0.0554,0.013494
71.83500003814697,0.05724,0.014073
71.88655924797058,0.059893,0.014344
71.93661689758301,0.062413,0.014447
71.99354553222656,0.0652,0.014278
72.04308438301086,0.06816,0.01446
72.0911602973938,0.070773,0.014311
72.14096927642822,0.073653,0.014507
72.19483804702759,0.076413,0.014224
72.24392461776733,0.081893,0.014296
72.29304623603821,0.081693,0.014343
72.34208154678345,0.08464,0.014092
72.39617156982422,0.089973,0.014114
72.44554305076599,0.09,0.014211
72.49525237083435,0.092333,0.014354
72.544358253479,0.0938,0.013889
72.59653973579407,0.093853,0.013894
72.6466007232666,0.09616,0.013799
72.6975929737091,0.097653,0.013739
72.74557852745056,0.098867,0.013478
72.79945206642151,0.10023,0.013889
72.8518340587616,0.10148,0.013758
72.89983129501343,0.10177,0.013801
72.95236539840698,0.10291,0.013803
72.9971911907196,0.10543,0.013738
73.0517954826355,0.10651,0.013634
73.10112071037292,0.10797,0.013714
73.14982509613037,0.10912,0.013762
73.20119071006775,0.10927,0.013698
73.25356602668762,0.11045,0.013627
73.30247759819031,0.11139,0.013558
73.35156393051147,0.11421,0.013616
73.4047703742981,0.1154,0.013689
73.45418643951416,0.11659,0.013611
73.50532269477844,0.11776,0.013612
73.5564386844635,0.119,0.013549
73.6025173664093,0.12032,0.013537
73.65360426902771,0.12139,0.013619
73.70553851127625,0.12127,0.013634
73.7585961818695,0.12372,0.013634
73.80424070358276,0.12495,0.013692
73.85427260398865,0.12483,0.013715
73.90761733055115,0.12613,0.013789
73.96405863761902,0.12757,0.013793
74.01559281349182,0.12947,0.013889
74.06389570236206,0.13073,0.013856
74.11233973503113,0.13097,0.013849
74.16426157951355,0.13205,0.013885
74.21423649787903,0.13299,0.013902
74.26476097106934,0.13407,0.014
74.3186366558075,0.13669,0.013958
74.37063407897949,0.13777,0.01389
74.4201545715332,0.13776,0.014033
74.47157025337219,0.13889,0.014048
74.52066040039062,0.14009,0.01406
74.57397365570068,0.14115,0.014293
74.6268560886383,0.14329,0.014283
74.67284369468689,0.14464,0.014204
74.72641563415527,0.1444,0.014198
74.77514004707336,0.14559,0.014317
74.83216142654419,0.1468,0.014362
74.87687110900879,0.14796,0.014454
74.92985343933105,0.14903,0.014363
74.98242783546448,0.15015,0.014458
75.0308051109314,0.15223,0.014511
75.08495688438416,0.15233,0.014593
75.13143587112427,0.15347,0.014576
75.18124651908875,0.15451,0.014599
75.23410511016846,0.15556,0.014541
75.28716993331909,0.15684,0.014522
75.33481740951538,0.15768,0.014587
75.38950181007385,0.15995,0.014496
75.43808341026306,0.16008,0.014481
75.48877263069153,0.16107,0.014401
75.5404942035675,0.16195,0.014381
75.59215974807739,0.16324,0.014296
75.64732360839844,0.16443,0.014129
75.70100498199463,0.16547,0.014174
75.75468492507935,0.16765,0.013955
75.80122756958008,0.16872,0.013796
75.85387420654297,0.16885,0.013773
75.90587997436523,0.16977,0.013739
75.95838069915771,0.17075,0.01372
76.00698757171631,0.17192,0.013737
76.05870771408081,0.174,0.013696
76.10836124420166,0.17413,0.013717
76.1606776714325,0.17527,0.01381
76.208172082901,0.17607,0.013731
76.26114583015442,0.17711,0.013664
76.30917811393738,0.17827,0.013717
76.36056065559387,0.18051,0.01379
76.41050004959106,0.18065,0.01381
76.46154022216797,0.18152,0.013734
76.51588654518127,0.18229,0.01365
76.56213474273682,0.18356,0.013572
76.6142065525055,0.18457,0.013491
76.66344094276428,0.18565,0.013479
76.71833300590515,0.18664,0.013627
76.76936435699463,0.18764,0.013699
76.81505870819092,0.18971,0.013814
76.86605167388916,0.18967,0.013723
76.9172203540802,0.19075,0.01386
76.96920824050903,0.19193,0.013697
77.01807403564453,0.19304,0.01411
77.0726375579834,0.19297,0.013897
77.12210631370544,0.19491,0.013985
77.17128777503967,0.19616,0.013833
77.22089767456055,0.19712,0.014041
77.27386951446533,0.19833,0.013985
77.32126188278198,0.19919,0.013756
77.37650847434998,0.20019,0.014177
77.42470693588257,0.20109,0.013988
77.47631430625916,0.20336,0.013853
77.52875590324402,0.2032,0.014098
77.58175587654114,0.20413,0.014132
77.63093376159668,0.20533,0.014272
77.67863583564758,0.20624,0.014058
77.73687815666199,0.20757,0.014247
77.786292552948,0.20829,0.014282
77.83588600158691,0.20939,0.014239
77.8869981765747,0.21056,0.014341
77.93608951568604,0.21164,0.014342
77.98683524131775,0.21252,0.014391
78.03703713417053,0.21348,0.014553
78.08683824539185,0.21453,0.014559
78.1406683921814,0.21548,0.01451
78.192800283432,0.21627,0.014513
78.24078178405762,0.21727,0.014486
78.28955912590027,0.21772,0.014618
78.34309434890747,0.21956,0.014639
78.39535880088806,0.22072,0.014672
78.44410634040833,0.22164,0.01465
78.49720096588135,0.22263,0.014639
78.54674220085144,0.22351,0.014607
78.59302735328674,0.22461,0.014591
78.64385223388672,0.22473,0.014129
78.69695591926575,0.2256,0.014213
78.74771451950073,0.22753,0.014346
78.79680681228638,0.22865,0.013899
78.84739398956299,0.22964,0.013734
78.89993190765381,0.23053,0.013602
78.94814014434814,0.2316,0.013512
78.99964475631714,0.2326,0.013497
79.04733967781067,0.23261,0.013535
79.10082793235779,0.23448,0.013559
79.15544390678406,0.23451,0.013497
79.2038722038269,0.23641,0.013529
79.25385332107544,0.23749,0.013542
79.30671834945679,0.23852,0.013491
79.35484981536865,0.23949,0.013586
79.40753984451294,0.24051,0.013588
79.45549964904785,0.24047,0.013698
79.50658798217773,0.24163,0.013593
79.55837321281433,0.2426,0.013585
79.60708689689636,0.2436,0.013553
79.65364623069763,0.24569,0.01357
79.70714259147644,0.24663,0.013567
79.75723242759705,0.24753,0.013679
79.8086805343628,0.24753,0.013733
79.86031651496887,0.24965,0.013874
79.91005039215088,0.25045,0.013801
79.96079611778259,0.25067,0.013761
80.01232361793518,0.25147,0.013868
80.06077814102173,0.25237,0.013993
80.11225199699402,0.2546,0.014089
80.15751814842224,0.25552,0.014183
80.21585059165955,0.25552,0.01398
80.26341533660889,0.25644,0.014183
80.31474542617798,0.25729,0.014177
80.3649115562439,0.25848,0.014157
80.41596531867981,0.2594,0.014162
80.46620631217957,0.2604,0.014173
80.5194730758667,0.26253,0.01412
80.5684084892273,0.26343,0.014116
80.61904454231262,0.26343,0.014252
80.6678900718689,0.26433,0.01414
80.71719336509705,0.26545,0.014207
80.77076172828674,0.26631,0.014249
80.81938362121582,0.26727,0.014138
80.86893630027771,0.26843,0.014469
80.9234607219696,0.26943,0.014522
80.97312092781067,0.27031,0.014683
81.02181816101074,0.27152,0.014642
81.07226252555847,0.27213,0.014739
81.1262731552124,0.27357,0.014818
81.18013858795166,0.27437,0.015269
81.22679162025452,0.27527,0.0155
81.27679705619812,0.27628,0.015566
81.33507251739502,0.27727,0.015965
81.38224124908447,0.27828,0.015948
81.43198657035828,0.27916,0.015966
81.48615503311157,0.28025,0.015698
81.53317952156067,0.28131,0.015953
81.58380055427551,0.28211,0.01542
81.63292527198792,0.28317,0.015673
81.68705415725708,0.28419,0.015427
81.73410391807556,0.28503,0.015265
81.7872724533081,0.28617,0.014694
81.83836841583252,0.28727,0.014951
81.89081072807312,0.28809,0.014752
81.93774485588074,0.28791,0.014694
81.99173259735107,0.29021,0.014498
82.03908681869507,0.29101,0.014545
82.09028625488281,0.29213,0.014417
82.13913941383362,0.29304,0.014299
82.19438123703003,0.29421,0.014378
82.2433831691742,0.29496,0.01435
82.29343366622925,0.29501,0.014291
82.34489440917969,0.29693,0.014328
82.39347076416016,0.29812,0.014171
82.44727206230164,0.29893,0.014182
82.49835658073425,0.29987,0.014452
82.5442271232605,0.30096,0.014169
82.6005311012268,0.3018,0.014066
82.64837002754211,0.30187,0.014078
82.69981980323792,0.30281,0.014129
82.74982404708862,0.30693,0.014156
82.79795670509338,0.30885,0.014135
82.84962821006775,0.31083,0.014278
82.90221834182739,0.31089,0.014188
82.954110622406,0.31489,0.014331
83.00083565711975,0.31509,0.014336
83.05410146713257,0.31711,0.014067
83.10478520393372,0.31905,0.01429
83.15815567970276,0.05292,0.014464
83.20766305923462,0.054307,0.014204
83.26080656051636,0.056707,0.013539
83.3104395866394,0.05916,0.014253
83.35857677459717,0.061893,0.014344
83.40975260734558,0.062427,0.014448
83.46110844612122,0.06484,0.014447
83.509756565094,0.067747,0.014404
83.56103467941284,0.073213,0.014347
83.6114776134491,0.07596,0.014251
83.66007900238037,0.07876,0.014444
83.71045136451721,0.078853,0.014212
83.76500034332275,0.081547,0.014177
83.8135097026825,0.08424,0.014218
83.8651692867279,0.089933,0.014029
83.91227793693542,0.089813,0.014237
83.96529817581177,0.0936,0.014166
84.01410102844238,0.094747,0.014068
84.06394267082214,0.094827,0.013944
84.11609601974487,0.09612,0.013784
84.16668820381165,0.09768,0.01366
84.21623349189758,0.10015,0.013833
84.2655189037323,0.10131,0.013718
84.3144268989563,0.10147,0.013744
84.37039113044739,0.10256,0.013738
84.41984343528748,0.10392,0.013597
84.46877264976501,0.10528,0.013629
84.52223634719849,0.10639,0.013658
84.56912446022034,0.10761,0.013671
84.62089657783508,0.10897,0.0137
84.67347002029419,0.11027,0.013695
84.72404265403748,0.11172,0.013659
84.77335906028748,0.1126,0.01364
84.82294917106628,0.11405,0.01367
84.87242460250854,0.11516,0.013609
84.92606377601624,0.11633,0.013687
84.97168731689453,0.11764,0.01357
85.02707958221436,0.11871,0.013644
85.07673788070679,0.12004,0.013678
85.12851142883301,0.12237,0.013687
85.18212246894836,0.12236,0.013719
85.23168754577637,0.12353,0.013653
85.27845978736877,0.12471,0.013745
85.33339619636536,0.12593,0.013799
85.38332867622375,0.12719,0.013635
85.43661856651306,0.12813,0.013751
85.48353219032288,0.12953,0.013848
85.53521347045898,0.13072,0.013805
85.58160972595215,0.1318,0.013892
85.63755345344543,0.13313,0.014016
85.6883316040039,0.134,0.013923
85.73484230041504,0.13529,0.013993
85.78813862800598,0.13649,0.01403
85.8384518623352,0.13745,0.014128
85.88988757133484,0.13872,0.014048
85.93687510490417,0.13981,0.014046
85.98786902427673,0.13977,0.014056
86.03707242012024,0.14097,0.01402
86.09383702278137,0.14309,0.014237
86.14632081985474,0.14433,0.01426
86.20040559768677,0.14539,0.014202
86.25061893463135,0.14651,0.014425
86.29913711547852,0.14768,0.014385
86.35223484039307,0.14896,0.014385
86.39979290962219,0.14997,0.01439
86.44837832450867,0.15101,0.014319
86.49980688095093,0.15213,0.014563
86.5507218837738,0.15328,0.014629
86.60336756706238,0.15423,0.014586
86.65121078491211,0.15553,0.014616
86.70718955993652,0.15552,0.01462
86.75704646110535,0.15765,0.014588
86.80713081359863,0.1578,0.014553
86.8586974143982,0.15991,0.014607
86.9072835445404,0.16104,0.014487
86.96229863166809,0.16207,0.014433
87.01099967956543,0.16307,0.014245
87.05865120887756,0.1642,0.014204
87.11102986335754,0.16536,0.014006
87.16181445121765,0.16653,0.014089
87.21490287780762,0.16763,0.01396
87.26272940635681,0.16845,0.01382
87.31745266914368,0.16959,0.013978
87.36676979064941,0.17063,0.013746
87.41938805580139,0.17159,0.013717
87.46737599372864,0.17189,0.013729
87.52155995368958,0.17296,0.013649
87.56895756721497,0.17489,0.013608
87.61719131469727,0.17492,0.013714
87.66811537742615,0.17707,0.013683
87.72097563743591,0.17811,0.013759
87.77411389350891,0.17921,0.013735
87.82113909721375,0.1802,0.013744
87.87335443496704,0.18037,0.013633
87.92178058624268,0.18116,0.013665
87.97387290000916,0.18237,0.013701
88.02376675605774,0.18447,0.013604
88.07629013061523,0.18545,0.013588
88.12461853027344,0.18649,0.013598
88.1760687828064,0.18764,0.013669
88.22559809684753,0.18771,0.013701
88.27832865715027,0.18875,0.01357
88.32606911659241,0.18963,0.013754
88.37729144096375,0.19076,0.013877
88.42761540412903,0.19156,0.013906
88.47819638252258,0.19387,0.013889
88.52982115745544,0.19477,0.013945
88.57991480827332,0.19589,0.013993
88.62881517410278,0.19591,0.013931
88.68030071258545,0.19663,0.013933
88.73079037666321,0.19796,0.014123
88.78182458877563,0.19895,0.014063
88.83163332939148,0.20009,0.013983
88.8832573890686,0.20185,0.013991
88.9301688671112,0.20311,0.014176
88.98194193840027,0.20307,0.014101
89.03782415390015,0.20417,0.014059
89.08774328231812,0.20517,0.014176
89.1381402015686,0.20711,0.014169
89.18745231628418,0.20819,0.01418
89.24074625968933,0.20805,0.014291
89.28881573677063,0.20927,0.014427
89.33810949325562,0.21013,0.014342
89.38962984085083,0.21129,0.014423
89.4418671131134,0.21224,0.014504
89.48967742919922,0.21425,0.014501
89.54768705368042,0.21401,0.014307
89.59715867042542,0.21543,0.014511
89.64705276489258,0.21627,0.014409
89.69617962837219,0.21745,0.014539
89.74639201164246,0.21833,0.014655
89.79593658447266,0.21932,0.01453
89.84857201576233,0.2204,0.014567
89.89816236495972,0.22149,0.014471
89.9509162902832,0.22241,0.014615
89.99887681007385,0.2234,0.014412
90.04687476158142,0.22441,0.014332
90.0971610546112,0.22448,0.01424
90.1502571105957,0.22543,0.014096
90.198326587677,0.22827,0.014092
90.24973273277283,0.22845,0.014117
90.30000352859497,0.22933,0.013807
90.35041904449463,0.23047,0.013664
90.39908909797668,0.23137,0.013467
90.44887971878052,0.2324,0.013538
90.5043694972992,0.23333,0.0135
90.55053400993347,0.23433,0.013482
90.60026025772095,0.23531,0.01346
90.65537810325623,0.23637,0.01352
90.70552110671997,0.23741,0.013472
90.75440979003906,0.23832,0.013583
90.80094242095947,0.23944,0.013573
90.85586380958557,0.23952,0.013686
90.90577006340027,0.24033,0.013546
90.95202088356018,0.24261,0.01359
91.00410270690918,0.24332,0.013655
91.05654239654541,0.24437,0.013553
91.10580205917358,0.24531,0.013639
91.15649366378784,0.24636,0.013657
91.20660591125488,0.24735,0.013828
91.2631778717041,0.24828,0.01375
91.31438064575195,0.24931,0.013946
91.36510515213013,0.25028,0.01389
91.41344928741455,0.25039,0.014046
91.46202945709229,0.25147,0.013952
91.51408362388611,0.25341,0.014077
91.5638530254364,0.25439,0.014016
91.61495351791382,0.25517,0.014226
91.66700887680054,0.25552,0.014288
91.71127200126648,0.25733,0.014114
91.76613569259644,0.25723,0.014129
91.81668019294739,0.25837,0.014206
91.86580109596252,0.26033,0.014168
91.9142689704895,0.26143,0.014173
91.96740174293518,0.26149,0.014093
92.01903295516968,0.26321,0.014097
92.07034873962402,0.26419,0.014097
92.11825513839722,0.26437,0.014176
92.17105388641357,0.26529,0.014261
92.22242999076843,0.26628,0.014158
92.27463603019714,0.26701,0.014296
92.32407402992249,0.26821,0.014266
92.37745189666748,0.27016,0.014463
92.42530679702759,0.27113,0.014598
92.4763822555542,0.2712,0.014578
92.5234739780426,0.27211,0.014621
92.57616066932678,0.27324,0.014757
92.62833666801453,0.27421,0.015016
92.67957735061646,0.27507,0.015288
92.73119187355042,0.27627,0.015007
92.77549314498901,0.27824,0.015357
92.82929277420044,0.27821,0.01551
92.87961506843567,0.28016,0.015721
92.93073391914368,0.28021,0.015731
92.98092794418335,0.28111,0.015784
93.0308039188385,0.2822,0.015352
93.08325266838074,0.28305,0.015495
93.13192009925842,0.28405,0.015581
93.18402409553528,0.284,0.01505
93.23079752922058,0.28596,0.015102
93.28224086761475,0.28691,0.01465
93.33373808860779,0.28808,0.014566
93.38486957550049,0.28905,0.014554
93.43343806266785,0.29005,0.014172
93.48588013648987,0.29096,0.014227
93.53494071960449,0.292,0.014123
93.58779168128967,0.29301,0.014269
93.63780879974365,0.29379,0.014283
93.68571591377258,0.29496,0.014342
93.73852181434631,0.29599,0.014107
93.78780317306519,0.29687,0.014113
93.84374284744263,0.29699,0.01403
93.89338254928589,0.29868,0.014061
93.93997168540955,0.29896,0.014043
93.98990750312805,0.30099,0.01401
94.0407223701477,0.30173,0.013961
94.09315514564514,0.30277,0.013826
94.14554452896118,0.30456,0.014028
94.19639468193054,0.30648,0.013843
94.24358773231506,0.30827,0.014112
94.29278945922852,0.30851,0.014141
94.34333920478821,0.31284,0.014099
94.39967036247253,0.3148,0.014128
94.45015478134155,0.31657,0.014229
94.49633026123047,0.31896,0.014211
94.5496895313263,0.32089,0.014851
94.60090684890747,0.05284,0.013458
94.65081858634949,0.053827,0.014109
94.7007417678833,0.056427,0.01364
94.74859857559204,0.05892,0.014063
94.8009843826294,0.05908,0.014378
94.85098958015442,0.061613,0.014435
94.89964032173157,0.06464,0.014654
94.95194292068481,0.067293,0.014178
95.00138401985168,0.07296,0.014391
95.05734372138977,0.075533,0.014354
95.10857200622559,0.078373,0.014283
95.15665459632874,0.080947,0.01429
95.20848846435547,0.083867,0.014178
95.25845646858215,0.083893,0.014048
95.311194896698,0.089333,0.014185
95.36037468910217,0.092093,0.014155
95.416348695755,0.09348,0.014079
95.46442174911499,0.094773,0.013941
95.51479196548462,0.0948,0.013771
95.56642580032349,0.096373,0.013874
95.61439299583435,0.097427,0.013907
95.66602778434753,0.099827,0.013724
95.71460556983948,0.10123,0.013694
95.7689208984375,0.10259,0.013683
95.82022643089294,0.10372,0.013642
95.86765599250793,0.10511,0.0136
95.91754627227783,0.10521,0.013693
95.96760892868042,0.10633,0.013566
96.02130603790283,0.10756,0.013491
96.07201385498047,0.10872,0.013582
96.12115359306335,0.11132,0.013677
96.16633081436157,0.11256,0.013635
96.22382712364197,0.11381,0.013598
96.27442598342896,0.11499,0.013595
96.32074522972107,0.11495,0.013638
96.37370705604553,0.11607,0.013623
96.42368030548096,0.11748,0.01355
96.4765522480011,0.11848,0.013511
96.52633666992188,0.12103,0.013571
96.57690620422363,0.12101,0.013636
96.62544512748718,0.12345,0.013656
96.6779887676239,0.12344,0.013665
96.72413969039917,0.12457,0.013729
96.77765154838562,0.12547,0.013606
96.82771587371826,0.12701,0.013737
96.8787317276001,0.12795,0.013701
96.92512798309326,0.13055,0.013771
96.97654366493225,0.13037,0.013589
97.02989912033081,0.13164,0.013862
97.07881164550781,0.13285,0.01381
97.13001799583435,0.13377,0.014064
97.18259310722351,0.13492,0.013901
97.23068332672119,0.13748,0.014051
97.27698254585266,0.13749,0.01393
97.32992172241211,0.13856,0.014037
97.38227987289429,0.13951,0.014046
97.43463683128357,0.14095,0.014034
97.48282384872437,0.14207,0.014162
97.5308837890625,0.14311,0.014127
97.58619999885559,0.14333,0.014074
97.6355848312378,0.14556,0.014228
97.68721103668213,0.14649,0.014213
97.73479151725769,0.14764,0.01435
97.78563618659973,0.1488,0.014211
97.83970189094543,0.1498,0.014283
97.88868379592896,0.15095,0.014455
97.93872451782227,0.15115,0.014328
97.98955702781677,0.15235,0.01458
98.04029607772827,0.15444,0.014529
98.08811521530151,0.15533,0.014376
98.13980269432068,0.15555,0.014496
98.19062542915344,0.15757,0.014601
98.23812365531921,0.15859,0.014453
98.28830194473267,0.15993,0.014351
98.34351921081543,0.16085,0.014495
98.3909478187561,0.16188,0.01439
98.44185733795166,0.16307,0.014247
98.49525213241577,0.16305,0.014205
98.54532313346863,0.16423,0.014109
98.59553003311157,0.16525,0.014018
98.64408278465271,0.16727,0.014114
98.69800209999084,0.16836,0.013805
98.7477216720581,0.16955,0.013941
98.79572868347168,0.16945,0.013755
98.8471109867096,0.17172,0.013685
98.90053677558899,0.17257,0.013473
98.94963836669922,0.17383,0.013616
98.99966621398926,0.17377,0.013562
99.05181050300598,0.17499,0.013559
99.09912896156311,0.17689,0.013689
99.15012264251709,0.17797,0.013704
99.20020174980164,0.17803,0.013672
99.25018835067749,0.18024,0.013645
99.30065417289734,0.18011,0.013611
99.3523108959198,0.1812,0.013775
99.40346312522888,0.18237,0.013684
99.45249795913696,0.18312,0.013676
99.50139498710632,0.18525,0.013644
99.55533719062805,0.18651,0.013706
99.6065559387207,0.18739,0.013722
99.65589356422424,0.18749,0.013739
99.70392799377441,0.18855,0.013721
99.75802493095398,0.18959,0.013784
99.80573916435242,0.19168,0.013833
99.85738253593445,0.19176,0.013811
99.91013383865356,0.19255,0.014013
99.95639991760254,0.19383,0.013884
100.0113742351532,0.19476,0.013951
100.05766367912292,0.19569,0.013902
100.11086702346802,0.19691,0.013952
100.16153144836426,0.19768,0.014076
100.20872116088867,0.19887,0.01412
100.26048374176025,0.19988,0.014072
100.31054592132568,0.20096,0.014276
100.3671407699585,0.20197,0.014058
100.41764545440674,0.20309,0.014119
100.46750783920288,0.20372,0.014015
100.51549673080444,0.20475,0.014042
100.5660309791565,0.20705,0.014101
100.61676144599915,0.20808,0.014187
100.66862964630127,0.20813,0.01426
100.71875500679016,0.20909,0.014117
100.76982522010803,0.20993,0.014187
100.822021484375,0.21115,0.014233
100.8765766620636,0.21199,0.014223
100.92681908607483,0.21307,0.014357
100.9779167175293,0.21508,0.014324
101.02636098861694,0.21496,0.014348
101.07864665985107,0.21601,0.014406
101.12606287002563,0.2172,0.014409
101.1789960861206,0.21813,0.014585
101.22797179222107,0.21908,0.014453
101.27954983711243,0.22024,0.014365
101.33192300796509,0.22125,0.01434
101.38009119033813,0.22216,0.014327
101.4286630153656,0.2224,0.014323
101.48120403289795,0.22424,0.014469
101.53375315666199,0.22503,0.014217
101.58435916900635,0.22613,0.0139
101.63444328308105,0.22732,0.013946
101.6879472732544,0.2282,0.013976
101.73516774177551,0.2292,0.013838
101.78345227241516,0.23027,0.013623
101.83684611320496,0.23125,0.013519
101.89016199111938,0.23091,0.013373
101.93959450721741,0.23323,0.013627
101.98856806755066,0.23317,0.01358
102.03892636299133,0.23533,0.013468
102.09309697151184,0.23624,0.013502
102.14439797401428,0.23736,0.01341
102.19321513175964,0.23819,0.013354
102.24360847473145,0.23925,0.013498
102.29345297813416,0.24023,0.013576
102.34276127815247,0.2412,0.013533
102.39495778083801,0.24131,0.013638
102.445561170578,0.24316,0.01357
102.49604487419128,0.24419,0.013529
102.54862666130066,0.24517,0.01361
102.59500432014465,0.24623,0.01358
102.64916825294495,0.24736,0.013832
102.70049047470093,0.24825,0.013767
102.75048565864563,0.24805,0.013768
102.80046963691711,0.24921,0.013853
102.84982800483704,0.25127,0.014011
102.90184044837952,0.25213,0.013837
102.95004034042358,0.25332,0.013989
103.00261187553406,0.25313,0.014017
103.05065178871155,0.25525,0.014143
103.10065078735352,0.25613,0.014061
103.15126132965088,0.25721,0.014152
103.20197010040283,0.25697,0.014181
103.25174021720886,0.25816,0.013928
103.30498790740967,0.25925,0.014107
103.34938836097717,0.26021,0.013932
103.40401673316956,0.2622,0.014213
103.4543068408966,0.26309,0.014017
103.51140522956848,0.26324,0.014193
103.55994915962219,0.26497,0.014164
103.61175584793091,0.26527,0.014073
103.65980815887451,0.2662,0.013995
103.711838722229,0.26821,0.014205
103.75979590415955,0.26899,0.014451
103.8107807636261,0.26908,0.014298
103.86283588409424,0.27116,0.014358
103.9148690700531,0.27097,0.014348
103.96254777908325,0.27201,0.01442
104.01370406150818,0.27389,0.014772
104.06535053253174,0.27495,0.014892
104.11585021018982,0.27595,0.015073
104.17189407348633,0.27591,0.014958
104.22057175636292,0.27693,0.015143
104.26809477806091,0.27803,0.015187
104.32255482673645,0.27877,0.015384
104.36923456192017,0.28011,0.015471
104.41980648040771,0.28115,0.015551
104.47320032119751,0.28208,0.015327
104.52127599716187,0.28301,0.015284
104.57389116287231,0.28392,0.015041
104.6254575252533,0.28505,0.015077
104.67400050163269,0.28593,0.015066
104.72518920898438,0.28681,0.014795
104.77439022064209,0.28915,0.014392
104.82492232322693,0.28897,0.014581
104.87567496299744,0.28964,0.014149
104.92397332191467,0.29087,0.014089
104.97283291816711,0.29176,0.014159
105.02556800842285,0.29277,0.014178
105.07489395141602,0.29379,0.014077
105.12398099899292,0.29471,0.014048
105.17565560340881,0.29572,0.013958
105.22509527206421,0.29667,0.014049
105.2782666683197,0.29769,0.013966
105.325110912323,0.29877,0.014017
105.38045907020569,0.29968,0.013947
105.42595410346985,0.30057,0.01394
105.47952771186829,0.30153,0.013952
105.53172826766968,0.30248,0.014159
105.58096957206726,0.30411,0.013948
105.62992930412292,0.30608,0.014032
105.68140053749084,0.30827,0.014252
105.73247265815735,0.31036,0.014145
105.78231906890869,0.31241,0.014048
105.83558988571167,0.3124,0.014084
105.88671016693115,0.31651,0.01398
105.93477416038513,0.31652,0.014099
105.98722100257874,0.32072,0.014193
106.03757977485657,0.051973,0.014168
106.08468461036682,0.053707,0.01374
106.13725328445435,0.056013,0.013543
106.18412566184998,0.0584,0.014049
106.23804044723511,0.061213,0.014435
106.28883337974548,0.061413,0.01429
106.34031629562378,0.066707,0.014379
106.38666653633118,0.066627,0.014248
106.43923926353455,0.072347,0.014363
106.49104857444763,0.075227,0.014153
106.54143238067627,0.077933,0.014216
106.5889208316803,0.077973,0.014309
106.63819670677185,0.0806,0.014162
106.69427609443665,0.08344,0.014263
106.74323678016663,0.08616,0.014023
106.79220604896545,0.088853,0.014136
106.84618759155273,0.093187,0.014101
106.89802765846252,0.09448,0.014086
106.94727182388306,0.09576,0.014001
106.99976778030396,0.095867,0.013861
107.04883623123169,0.097107,0.013716
107.09974026679993,0.098333,0.013756
107.15113663673401,0.09996,0.013798
107.1981589794159,0.10229,0.013653
107.25725865364075,0.10227,0.013731
107.30578327178955,0.10477,0.013671
107.35518193244934,0.10468,0.013561
107.40551352500916,0.10609,0.013473
107.45405554771423,0.10853,0.013706
107.50614380836487,0.10867,0.013578
107.55678105354309,0.11099,0.013428
107.60758829116821,0.11135,0.013494
107.65766930580139,0.11225,0.013546
107.70946979522705,0.11355,0.013583
107.75879693031311,0.11489,0.013603
107.80828285217285,0.11599,0.013533
107.86120653152466,0.11717,0.013567
107.91068983078003,0.11956,0.013596
107.96060180664062,0.11957,0.013693
108.01131296157837,0.12089,0.013573
108.05655193328857,0.12191,0.013621
108.11109471321106,0.12307,0.013666
108.16012668609619,0.12456,0.013744
108.2121217250824,0.12552,0.013782
108.26173281669617,0.12663,0.013801
108.31266140937805,0.12788,0.013775
108.36474847793579,0.12793,0.013749
108.41181015968323,0.12889,0.013843
108.46534514427185,0.1314,0.013957
108.51278710365295,0.13245,0.013978
108.56416583061218,0.13364,0.014046
108.6117250919342,0.13481,0.013988
108.66399455070496,0.13605,0.014012
108.71454310417175,0.13712,0.014039
108.76552176475525,0.1384,0.014085
108.81541419029236,0.13855,0.014053
108.86543989181519,0.14057,0.014193
108.92113161087036,0.14172,0.014075
108.96832966804504,0.14287,0.014216
109.02222990989685,0.14395,0.014253
109.06918978691101,0.14533,0.014219
109.11691999435425,0.14627,0.014239
109.17677187919617,0.14735,0.01428
109.22459030151367,0.1484,0.014272
109.27580094337463,0.14953,0.014364
109.32417416572571,0.1506,0.014477
109.376300573349,0.15183,0.014409
109.42827272415161,0.15292,0.014435
109.47506713867188,0.15291,0.014451
109.52866125106812,0.15516,0.014563
109.5783121585846,0.15519,0.014524
109.62678456306458,0.15612,0.014538
109.6819715499878,0.15829,0.014484
109.73256659507751,0.15935,0.014346
109.78118395805359,0.16052,0.014456
109.82999873161316,0.16175,0.01456
109.88229632377625,0.16267,0.014392
109.93958640098572,0.16371,0.014262
109.98725867271423,0.16496,0.014309
110.04171061515808,0.16591,0.014069
110.09364175796509,0.16701,0.014062
110.14147615432739,0.16817,0.013922
110.19345450401306,0.16908,0.013885
110.24539542198181,0.17035,0.013687
110.29677367210388,0.17021,0.013841
110.34528136253357,0.17251,0.013708
110.39525055885315,0.17348,0.013641
110.4431004524231,0.17439,0.013469
110.49709820747375,0.17569,0.013613
110.54778718948364,0.17673,0.013628
110.59779953956604,0.17793,0.013589
110.65295910835266,0.17873,0.013732
110.70160222053528,0.17972,0.013713
110.75083708763123,0.18091,0.013651
110.80155301094055,0.18185,0.013682
110.85238313674927,0.18292,0.013617
110.90367341041565,0.18315,0.013661
110.95327949523926,0.18487,0.013661
111.00739645957947,0.18619,0.013688
111.05951523780823,0.18712,0.013732
111.10758805274963,0.18825,0.013779
111.15968728065491,0.18921,0.013708
111.2090711593628,0.18927,0.013802
111.25915884971619,0.19137,0.013826
111.30898809432983,0.19157,0.013888
111.3592369556427,0.19335,0.013831
111.4111864566803,0.19443,0.013894
111.4628701210022,0.19559,0.013948
111.51308870315552,0.19553,0.014009
111.56399345397949,0.19655,0.014046
111.6125373840332,0.19772,0.014036
111.66766548156738,0.19856,0.014094
111.71484541893005,0.1996,0.014008
111.76675820350647,0.20156,0.013969
111.81868624687195,0.20256,0.01406
111.86876273155212,0.20283,0.01403
111.91532945632935,0.20381,0.014002
111.96907019615173,0.2058,0.014186
112.02126908302307,0.2068,0.014088
112.07070875167847,0.20779,0.014167
112.11868739128113,0.20791,0.014217
112.17025756835938,0.20875,0.014278
112.22397375106812,0.20977,0.014254
112.27133393287659,0.21075,0.014216
112.32098722457886,0.21288,0.01424
112.37191963195801,0.21391,0.014267
112.42203426361084,0.21405,0.014339
112.4745283126831,0.21501,0.014267
112.52286195755005,0.21613,0.014435
112.57472825050354,0.21793,0.014381
112.62365961074829,0.21896,0.014376
112.67825937271118,0.21921,0.014348
112.72618961334229,0.22032,0.014407
112.77680802345276,0.22095,0.014257
112.82837176322937,0.22189,0.014399
112.88036942481995,0.223,0.014391
112.92965650558472,0.22409,0.014395
112.98022413253784,0.22515,0.014244
113.02973198890686,0.22615,0.014018
113.08541750907898,0.22704,0.014284
113.13354587554932,0.22828,0.014071
113.18482828140259,0.22916,0.013993
113.23705816268921,0.23017,0.013879
113.28875923156738,0.23108,0.013754
113.33735418319702,0.23219,0.01364
113.3859372138977,0.23301,0.013603
113.43992519378662,0.23425,0.013611
113.4938497543335,0.23525,0.013531
113.53822326660156,0.23612,0.013591
113.59193563461304,0.23721,0.01357
113.64355993270874,0.23819,0.013538
113.6931700706482,0.23815,0.013554
113.74878644943237,0.24019,0.013677
113.80451488494873,0.24117,0.013556
113.85314321517944,0.24208,0.013662
113.90346384048462,0.24309,0.013537
113.95445775985718,0.24412,0.01378
114.00773596763611,0.24495,0.013888
114.05493140220642,0.24601,0.013806
114.1086688041687,0.24712,0.0139
114.15909314155579,0.24801,0.013925
114.20672154426575,0.24888,0.01398
114.25917148590088,0.25023,0.013919
114.30787229537964,0.25108,0.014062
114.36109447479248,0.25224,0.013702
114.41000127792358,0.25325,0.014028
114.46141695976257,0.25409,0.014086
114.51027870178223,0.25504,0.014028
114.56081032752991,0.25589,0.014048
114.61206293106079,0.25699,0.014172
114.66611909866333,0.25787,0.014282
114.71776676177979,0.25905,0.014323
114.76616334915161,0.26012,0.014095
114.81621837615967,0.26093,0.014183
114.8677990436554,0.26195,0.014065
114.91658306121826,0.26276,0.014123
114.9713819026947,0.26299,0.014142
115.01908588409424,0.26493,0.014023
115.07118558883667,0.26495,0.01413
115.11910605430603,0.26679,0.013986
115.16943049430847,0.26815,0.014175
115.22212672233582,0.26896,0.014325
115.27613401412964,0.26985,0.014247
115.3232650756836,0.27095,0.014233
115.37354254722595,0.272,0.014318
115.42466044425964,0.27197,0.014437
115.47459816932678,0.27295,0.014486
115.52648067474365,0.27487,0.014659
115.58012628555298,0.27584,0.014873
115.62761235237122,0.27691,0.014931
115.68273973464966,0.27785,0.014854
115.7316575050354,0.27881,0.015111
115.78143572807312,0.27893,0.015219
115.83094882965088,0.27984,0.015187
115.88276028633118,0.2808,0.015054
115.93428492546082,0.28275,0.015018
115.98345232009888,0.28368,0.014998
116.03403496742249,0.28472,0.014806
116.08666348457336,0.28576,0.015081
116.13359761238098,0.28576,0.014835
116.18386578559875,0.28683,0.014482
116.23397326469421,0.28769,0.014441
116.28423142433167,0.2888,0.014436
116.3373510837555,0.29088,0.014391
116.39275169372559,0.29168,0.014443
116.4415647983551,0.29263,0.014239
116.48854923248291,0.29276,0.013957
116.54092025756836,0.29376,0.014087
116.5911271572113,0.29472,0.013957
116.64320731163025,0.29563,0.013995
116.69172239303589,0.29652,0.01403
116.74234509468079,0.29753,0.014045
116.79346656799316,0.29969,0.014001
116.84293103218079,0.29965,0.013953
116.89340353012085,0.30073,0.013903
116.94388628005981,0.30253,0.014145
116.99445295333862,0.30272,0.014194
117.04396557807922,0.30403,0.014109
117.09307217597961,0.30789,0.014092
117.14835739135742,0.30975,0.014193
117.19969344139099,0.31107,0.014225
117.24459218978882,0.31205,0.014122
117.29719042778015,0.31392,0.014168
117.34906506538391,0.31608,0.014098
117.40410280227661,0.32033,0.013926
117.45705103874207,0.05388,0.014023
117.50785803794861,0.051573,0.014095
117.55470108985901,0.053053,0.013992
117.60804438591003,0.055373,0.014143
117.6580286026001,0.058027,0.014221
117.70839405059814,0.060893,0.014185
117.75775098800659,0.066467,0.014236
117.80663228034973,0.06652,0.014028
117.86093926429749,0.069293,0.014264
117.90720891952515,0.07204,0.014222
117.96611833572388,0.074667,0.014236
118.01595616340637,0.080533,0.014244
118.06564998626709,0.080133,0.014161
118.1156051158905,0.08308,0.014189
118.16713643074036,0.085493,0.014123
118.21550416946411,0.088573,0.014006
118.2643494606018,0.093067,0.014046
118.31601619720459,0.093227,0.013993
118.36711406707764,0.094507,0.013968
118.41521835327148,0.095653,0.013953
118.46771240234375,0.097,0.013996
118.51974105834961,0.098773,0.013823
118.5695641040802,0.10068,0.013915
118.61811327934265,0.1008,0.013784
118.67585062980652,0.10211,0.013702
118.72733521461487,0.10336,0.01358
118.7767505645752,0.10484,0.013726
118.82725405693054,0.10585,0.013587
118.8769702911377,0.10721,0.013638
118.92657589912415,0.10847,0.013543
118.97626280784607,0.10983,0.013575
119.03008389472961,0.11109,0.01363
119.07850456237793,0.11213,0.013613
119.12975931167603,0.11336,0.013586
119.17935609817505,0.11448,0.013593
119.23137211799622,0.11588,0.013636
119.28011727333069,0.11711,0.01365
119.33207511901855,0.11821,0.013544
119.38609051704407,0.11952,0.013604
119.43634271621704,0.12068,0.013676
119.48218536376953,0.12191,0.013727
119.53885006904602,0.12345,0.013734
119.5905647277832,0.12431,0.013655
119.64067578315735,0.12543,0.013698
119.68938708305359,0.12653,0.013763
119.73943638801575,0.1278,0.013852
119.78959393501282,0.12892,0.013894
119.83904147148132,0.1302,0.013889
119.89292502403259,0.1312,0.013902
119.94414019584656,0.13248,0.013905
119.99208283424377,0.13345,0.014083
120.04415965080261,0.13452,0.014003
120.09432935714722,0.13591,0.014182
120.14354491233826,0.137,0.014101
120.19252562522888,0.13812,0.014056
120.24961113929749,0.13833,0.014093
120.29775643348694,0.14023,0.01405
120.34975600242615,0.14056,0.014053
120.39926838874817,0.14267,0.013936
120.45305371284485,0.14391,0.014044
120.50161290168762,0.14488,0.014168
120.55175304412842,0.14601,0.014228
120.60252809524536,0.14617,0.014194
120.6549928188324,0.14727,0.014252
120.70526957511902,0.1482,0.01425
120.75433111190796,0.14959,0.014268
120.80216932296753,0.15183,0.014259
120.85309648513794,0.15288,0.014206
120.9083743095398,0.15404,0.014361
120.9570803642273,0.15395,0.014325
121.00989508628845,0.15607,0.014269
121.0581955909729,0.15723,0.014311
121.11810421943665,0.15724,0.01443
121.16825008392334,0.15936,0.014376
121.21657609939575,0.16033,0.014331
121.26750493049622,0.16167,0.013824
121.3177399635315,0.16264,0.014338
121.36680221557617,0.16365,0.014385
121.42362236976624,0.16388,0.014079
121.47349858283997,0.16597,0.014189
121.52406978607178,0.16581,0.014134
121.57538223266602,0.16696,0.013837
121.62203884124756,0.16799,0.014003
121.67420077323914,0.16912,0.013931
121.72472715377808,0.17127,0.013846
121.77414751052856,0.17224,0.013919
121.82515931129456,0.17351,0.013645
121.87445664405823,0.1736,0.013833
121.92359685897827,0.17544,0.013611
121.97712635993958,0.17548,0.013669
122.02323031425476,0.17668,0.013623
122.08262634277344,0.17761,0.013667
122.13186645507812,0.17973,0.013649
122.18200969696045,0.18057,0.013553
122.23189115524292,0.18196,0.013632
122.27927303314209,0.18185,0.013647
122.33358502388,0.18296,0.013674
122.38229274749756,0.18397,0.01368
122.43180513381958,0.18507,0.013731
122.48366022109985,0.18716,0.01374
122.53280878067017,0.18801,0.013756
122.58236479759216,0.18817,0.013784
122.63322353363037,0.18924,0.013738
122.68613767623901,0.19033,0.013897
122.73921203613281,0.1912,0.013897
122.78808784484863,0.19316,0.013848
122.83855271339417,0.19432,0.01384
122.88813161849976,0.19459,0.014042
122.94164776802063,0.19545,0.013939
122.99081754684448,0.19643,0.013928
123.04545783996582,0.1974,0.014105
123.093998670578,0.19949,0.014073
123.14616274833679,0.20039,0.01405
123.19430875778198,0.20045,0.01399
123.24658799171448,0.20161,0.01411
123.29824161529541,0.20243,0.014029
123.346999168396,0.20459,0.014067
123.39513754844666,0.20469,0.014145
123.44878363609314,0.20676,0.014094
123.50140690803528,0.2078,0.014118
123.55122137069702,0.20764,0.014173
123.60163569450378,0.20875,0.014165
123.65193247795105,0.2098,0.014128
123.70121884346008,0.21075,0.014258
123.75752425193787,0.21176,0.014201
123.80441427230835,0.21269,0.014139
123.8559992313385,0.21379,0.014191
123.9058427810669,0.21484,0.014238
123.95599293708801,0.2158,0.014353
124.00805473327637,0.21688,0.01422
124.05839920043945,0.2178,0.014323
124.10876941680908,0.21869,0.014208
124.16080236434937,0.21992,0.014151
124.20814657211304,0.22177,0.014236
124.25575256347656,0.22191,0.014225
124.30882215499878,0.22284,0.014259
124.36179494857788,0.2238,0.014217
124.4131498336792,0.22492,0.014155
124.46214056015015,0.226,0.014131
124.51095390319824,0.22692,0.014102
124.56381821632385,0.22797,0.013779
124.61369705200195,0.22881,0.014019
124.66344380378723,0.23005,0.013851
124.71492552757263,0.22989,0.013633
124.76675081253052,0.23197,0.013759
124.8178653717041,0.23275,0.013575
124.8722791671753,0.23397,0.013787
124.91948699951172,0.23488,0.013671
124.974196434021,0.23588,0.013525
125.02439475059509,0.23701,0.013583
125.0723385810852,0.23787,0.013585
125.12545466423035,0.23897,0.013528
125.17516994476318,0.23983,0.013618
125.22407984733582,0.24113,0.013599
125.27737331390381,0.24199,0.013653
125.32586193084717,0.243,0.013692
125.37628173828125,0.24392,0.013741
125.42624497413635,0.24493,0.013745
125.47774267196655,0.246,0.013754
125.52801942825317,0.24687,0.01386
125.57929015159607,0.24683,0.013891
125.6285080909729,0.24888,0.013833
125.67832326889038,0.24988,0.013954
125.72827816009521,0.25091,0.013864
125.77862095832825,0.25184,0.014118
125.82986235618591,0.25299,0.014179
125.87966084480286,0.25387,0.01406
125.9311203956604,0.25483,0.014061
125.9823431968689,0.25591,0.014106
126.03121423721313,0.25675,0.014075
126.080885887146,0.25781,0.014068
126.13278484344482,0.25884,0.014095
126.17994475364685,0.25879,0.014009
126.23097324371338,0.25965,0.014086
126.28271245956421,0.26181,0.014073
126.33608889579773,0.2628,0.014122
126.38483738899231,0.26389,0.014021
126.43542313575745,0.26367,0.014044
126.48528146743774,0.26483,0.013978
126.53517079353333,0.26583,0.014118
126.58622288703918,0.26773,0.01409
126.63679218292236,0.26788,0.014063
126.69163012504578,0.26885,0.014055
126.74180960655212,0.27068,0.014098
126.79094934463501,0.27164,0.014122
126.84031939506531,0.27176,0.014092
126.89135265350342,0.27291,0.01437
126.94171810150146,0.27377,0.014588
126.99396634101868,0.27581,0.014484
127.0433714389801,0.27675,0.014441
127.09187197685242,0.27667,0.014584
127.14335751533508,0.27759,0.014307
127.19970679283142,0.27865,0.014699
127.24528336524963,0.27965,0.014881
127.29992890357971,0.28147,0.014748
127.35070776939392,0.28153,0.014493
127.4013147354126,0.28255,0.014705
127.44833469390869,0.28351,0.014677
127.50023746490479,0.28444,0.014934
127.5541124343872,0.28561,0.014764
127.6026017665863,0.28653,0.014621
127.6539945602417,0.28764,0.014605
127.702463388443,0.28968,0.014201
127.75154995918274,0.29045,0.014344
127.80504035949707,0.29052,0.014331
127.85284519195557,0.29144,0.014325
127.90325665473938,0.29256,0.014078
127.95145893096924,0.29361,0.013901
128.00149250030518,0.29435,0.014034
128.05314922332764,0.29547,0.014127
128.10218858718872,0.29636,0.014065
128.15043950080872,0.29728,0.013964
128.20355987548828,0.29836,0.013986
128.2560167312622,0.29929,0.013915
128.3021523952484,0.30024,0.013933
128.35970091819763,0.30128,0.014113
128.40721225738525,0.30224,0.014078
128.4591348171234,0.30348,0.014071
128.51066398620605,0.30539,0.014166
128.5597951412201,0.30752,0.014123
128.61112999916077,0.30949,0.014155
128.66122317314148,0.31163,0.014184
128.71286153793335,0.31167,0.014121
128.76036405563354,0.31576,0.0142
128.81049847602844,0.31585,0.014235
128.86110711097717,0.32001,0.013982
128.91292810440063,0.051707,0.014196
128.96786308288574,0.052613,0.014368
129.01723623275757,0.054693,0.014098
129.0717134475708,0.05492,0.014198
129.123033285141,0.057387,0.014242
129.17126750946045,0.06032,0.014207
129.22271370887756,0.066053,0.014141
129.27503871917725,0.0686,0.014161
129.32647061347961,0.071627,0.01428
129.37456154823303,0.0744,0.014135
129.42633295059204,0.07744,0.014093
129.48371195793152,0.079707,0.014195
129.53320503234863,0.08252,0.014154
129.58324790000916,0.085467,0.014144
129.6318383216858,0.088067,0.013995
129.68448209762573,0.090587,0.014005
129.7301459312439,0.090627,0.013995
129.78738927841187,0.09284,0.014003
129.84145069122314,0.09544,0.013838
129.89117693901062,0.096667,0.013838
129.94417333602905,0.098093,0.013763
129.99345469474792,0.099427,0.013765
130.04251837730408,0.1006,0.013784
130.09983110427856,0.10195,0.013799
130.14867615699768,0.10201,0.013621
130.200754404068,0.1044,0.013811
130.24714589118958,0.10577,0.013791
130.29943323135376,0.10707,0.01369
130.34927535057068,0.10819,0.013557
130.40223789215088,0.1096,0.013571
130.4509255886078,0.11059,0.013582
130.50050806999207,0.11193,0.013535
130.55727338790894,0.11207,0.013532
130.60323905944824,0.11345,0.013408
130.65310215950012,0.11553,0.013594
130.70536279678345,0.11675,0.013674
130.75821495056152,0.11788,0.013639
130.80570244789124,0.11936,0.013603
130.8596053123474,0.12045,0.013532
130.9101710319519,0.12153,0.013701
130.9582657814026,0.12187,0.013631
131.01150131225586,0.12397,0.013815
131.06010913848877,0.12516,0.013698
131.10804224014282,0.12632,0.013717
131.16125082969666,0.12636,0.013758
131.21162843704224,0.12741,0.013754
131.26125574111938,0.12876,0.013767
131.31499123573303,0.13117,0.013889
131.36287379264832,0.13213,0.013836
131.4135022163391,0.13239,0.013861
131.46458768844604,0.13343,0.01408
131.5143473148346,0.13457,0.014131
131.5695676803589,0.13592,0.013961
131.61353611946106,0.13805,0.013977
131.67036032676697,0.13799,0.01398
131.71815156936646,0.14016,0.014175
131.77030611038208,0.14049,0.014064
131.8206708431244,0.14156,0.014142
131.8711543083191,0.14375,0.013949
131.92388439178467,0.14492,0.013857
131.97299671173096,0.14477,0.014123
132.02192878723145,0.14605,0.014205
132.07430839538574,0.14707,0.014176
132.12182879447937,0.14808,0.01425
132.17655205726624,0.14935,0.014195
132.22271966934204,0.15145,0.014307
132.2753529548645,0.15132,0.01429
132.32848453521729,0.1526,0.014316
132.37459182739258,0.15373,0.014241
132.42415690422058,0.15491,0.01434
132.47529244422913,0.15692,0.014277
132.52824211120605,0.15697,0.014262
132.57671284675598,0.15815,0.014219
132.63051533699036,0.1602,0.014227
132.67842411994934,0.16128,0.014086
132.73603081703186,0.16151,0.014107
132.78728556632996,0.16249,0.014146
132.8348424434662,0.16368,0.014213
132.88931488990784,0.16473,0.014066
132.93839573860168,0.16663,0.014082
132.99401211738586,0.16689,0.014066
133.04364490509033,0.1678,0.01403
133.09279131889343,0.16883,0.01414
133.1467306613922,0.17001,0.013817
133.19656610488892,0.17099,0.013719
133.24666047096252,0.17311,0.013684
133.29307961463928,0.17425,0.013773
133.34715127944946,0.17429,0.013664
133.39647841453552,0.17543,0.013716
133.44943571090698,0.17645,0.013597
133.50146913528442,0.17741,0.013655
133.54907393455505,0.17836,0.013588
133.60122179985046,0.18051,0.013592
133.64954042434692,0.18069,0.013679
133.69948387145996,0.18148,0.013573
133.75275945663452,0.18264,0.013718
133.80036544799805,0.18375,0.01369
133.85148739814758,0.18479,0.013715
133.9015302658081,0.18569,0.013671
133.95058488845825,0.18597,0.013798
134.0024082660675,0.18803,0.013828
134.05408334732056,0.18907,0.013853
134.1039855480194,0.18997,0.01389
134.15473437309265,0.19096,0.013999
134.20439386367798,0.19208,0.013932
134.25390195846558,0.19311,0.013945
134.30208468437195,0.19329,0.013773
134.35517978668213,0.19513,0.014029
134.40624237060547,0.19619,0.013999
134.45677161216736,0.19743,0.013831
134.50595450401306,0.19837,0.014004
134.55667853355408,0.19851,0.014064
134.61083722114563,0.20033,0.014078
134.65884232521057,0.20125,0.01401
134.71148943901062,0.20219,0.014067
134.76086139678955,0.20343,0.014019
134.8146734237671,0.2046,0.01406
134.86406564712524,0.20541,0.014085
134.9123032093048,0.20645,0.014111
134.96297311782837,0.2066,0.014204
135.01446294784546,0.20769,0.014119
135.06648540496826,0.2096,0.013958
135.11464071273804,0.21061,0.014015
135.1637077331543,0.21145,0.014089
135.21426486968994,0.21273,0.014151
135.26618599891663,0.21252,0.014217
135.31747937202454,0.2146,0.014116
135.3687562942505,0.21472,0.014119
135.4175841808319,0.21655,0.014132
135.46705222129822,0.21769,0.014101
135.516108751297,0.21872,0.01412
135.56579780578613,0.21981,0.014126
135.61906576156616,0.22053,0.014191
135.672358751297,0.22072,0.01408
135.72474884986877,0.22175,0.014135
135.77341961860657,0.22365,0.014102
135.82661890983582,0.22479,0.014066
135.8730230331421,0.22588,0.013848
135.92619609832764,0.22577,0.014023
135.9796690940857,0.22671,0.01396
136.02813816070557,0.22777,0.014035
136.0783715248108,0.22875,0.014028
136.1284682750702,0.23063,0.014023
136.17877531051636,0.23176,0.013876
136.23297214508057,0.23276,0.013827
136.28205108642578,0.23388,0.013878
136.32893347740173,0.23385,0.013847
136.38233089447021,0.23491,0.013633
136.4328966140747,0.23581,0.013621
136.48319149017334,0.23685,0.013771
136.53552961349487,0.23787,0.013696
136.5873897075653,0.23869,0.013642
136.6354615688324,0.24064,0.013802
136.68793034553528,0.24167,0.013763
136.7373287677765,0.24167,0.013813
136.7864475250244,0.24285,0.013855
136.84027433395386,0.24485,0.01384
136.88937091827393,0.24491,0.01383
136.93963479995728,0.24583,0.013918
136.99343419075012,0.24689,0.013965
137.04203939437866,0.24757,0.014003
137.09182119369507,0.24892,0.013926
137.14462018013,0.24979,0.013988
137.19197607040405,0.25063,0.014017
137.23905563354492,0.25169,0.014043
137.294086933136,0.25288,0.014069
137.34407687187195,0.25375,0.013899
137.39522075653076,0.25476,0.014076
137.44560194015503,0.25573,0.014022
137.495623588562,0.25659,0.014054
137.54955768585205,0.25761,0.014053
137.59850478172302,0.25972,0.014077
137.6474804878235,0.25965,0.014033
137.70049238204956,0.26084,0.014047
137.7472665309906,0.26165,0.014012
137.7995524406433,0.26261,0.013975
137.85386061668396,0.26441,0.014037
137.90150499343872,0.26464,0.013992
137.95447826385498,0.26565,0.013921
138.00609469413757,0.26661,0.014024
138.05390048027039,0.26783,0.013943
138.10597896575928,0.26869,0.013875
138.15571928024292,0.26953,0.013952
138.21066045761108,0.27056,0.014078
138.2587194442749,0.27148,0.014008
138.30896878242493,0.27264,0.014043
138.36341452598572,0.27356,0.014237
138.41303491592407,0.27457,0.014236
138.4651393890381,0.27555,0.014345
138.51155185699463,0.27645,0.014393
138.57470107078552,0.27744,0.014219
138.62081599235535,0.27839,0.014377
138.67618417739868,0.28025,0.014319
138.72625589370728,0.28061,0.014335
138.77298045158386,0.28147,0.014323
138.82219743728638,0.28244,0.014455
138.87437319755554,0.28365,0.014414
138.92450785636902,0.28363,0.014454
138.97691130638123,0.28556,0.014425
139.0270688533783,0.28645,0.014309
139.0791621208191,0.28743,0.014448
139.1268765926361,0.28833,0.014334
139.17757511138916,0.2894,0.01417
139.22968411445618,0.29025,0.014162
139.28090476989746,0.29145,0.014215
139.33187174797058,0.29236,0.014179
139.37790870666504,0.29321,0.0141
139.43355560302734,0.29416,0.014109
139.48397707939148,0.29548,0.014078
139.53637075424194,0.29624,0.014067
139.58806943893433,0.29727,0.014106
139.63493299484253,0.29817,0.01398
139.69358825683594,0.29931,0.014072
139.74242115020752,0.30019,0.014009
139.79720163345337,0.30139,0.013828
139.84951043128967,0.30219,0.01399
139.90274620056152,0.30336,0.013808
139.9565634727478,0.30523,0.014054
140.00349736213684,0.30752,0.014003
140.0583143234253,0.30941,0.014273
140.10751700401306,0.31143,0.014115
140.1588478088379,0.31347,0.014058
140.20760107040405,0.31573,0.01409
140.26233887672424,0.31753,0.014051
140.31036186218262,0.31965,0.014019
140.36065936088562,0.050467,0.013863
140.413672208786,0.05216,0.014053
140.45900011062622,0.054493,0.013915
140.51721453666687,0.057187,0.014226
140.56613087654114,0.059773,0.014264
140.6176609992981,0.062653,0.014202
140.66645765304565,0.062653,0.014099
140.71780467033386,0.068573,0.014221
140.76653170585632,0.071,0.014196
140.81498861312866,0.0738,0.014254
140.86569261550903,0.076693,0.014253
140.91572308540344,0.076733,0.014069
140.9675371646881,0.079253,0.014283
141.01760911941528,0.083547,0.014196
141.06898164749146,0.087773,0.014153
141.12123346328735,0.09044,0.014017
141.17103791236877,0.0928,0.014083
141.2224476337433,0.093867,0.01405
141.27173948287964,0.09524,0.013971
141.32293462753296,0.096387,0.01409
141.37065935134888,0.09784,0.013998
141.4191436767578,0.097853,0.013923
141.47076272964478,0.099013,0.0141
141.52138304710388,0.10188,0.013917
141.5720775127411,0.10312,0.013837
141.63028693199158,0.10421,0.013921
141.67834734916687,0.10551,0.013841
141.7303102016449,0.10561,0.013847
141.7830319404602,0.10692,0.013688
141.83367037773132,0.10824,0.013753
141.88130402565002,0.10939,0.013746
141.93140125274658,0.11055,0.013666
141.98452973365784,0.11291,0.013637
142.03418707847595,0.11435,0.013613
142.08138751983643,0.11536,0.013655
142.13507843017578,0.11551,0.013716
142.18246459960938,0.11768,0.013545
142.23783373832703,0.11801,0.013714
142.28479528427124,0.11925,0.013644
142.33777618408203,0.12024,0.013794
142.38891530036926,0.12161,0.013889
142.4421877861023,0.12375,0.013805
142.4941701889038,0.12507,0.013802
142.543527841568,0.12624,0.01392
142.59522223472595,0.12613,0.013945
142.64101552963257,0.12771,0.013985
142.69755482673645,0.12856,0.013801
142.74700045585632,0.12993,0.01394
142.79530906677246,0.13215,0.01394
142.85080313682556,0.13336,0.014173
142.90014910697937,0.13323,0.014165
142.9535698890686,0.13443,0.014061
143.00134682655334,0.13571,0.014023
143.05260109901428,0.13785,0.013911
143.10328316688538,0.13903,0.014147
143.15322351455688,0.14004,0.014088
143.2025363445282,0.14027,0.014213
143.2533679008484,0.14131,0.014126
143.30652499198914,0.14239,0.014023
143.3551173210144,0.14471,0.014163
143.40564918518066,0.14585,0.014092
143.45350766181946,0.14693,0.014222
143.50926661491394,0.14799,0.014194
143.55792021751404,0.14828,0.014132
143.60989665985107,0.14924,0.014185
143.66452646255493,0.15033,0.014261
143.71254062652588,0.15231,0.014279
143.76367211341858,0.15365,0.014276
143.81317830085754,0.15385,0.014242
143.86633801460266,0.15472,0.014357
143.91514325141907,0.15596,0.014467
143.96504640579224,0.15691,0.014211
144.01772665977478,0.15801,0.014146
144.06732892990112,0.15909,0.014378
144.11736297607422,0.16113,0.014314
144.16761016845703,0.16135,0.014174
144.21659445762634,0.16239,0.014124
144.26775670051575,0.16329,0.014298
144.3183877468109,0.16455,0.014207
144.3683798313141,0.1654,0.014188
144.4224362373352,0.16771,0.014065
144.47128582000732,0.16771,0.014
144.5176055431366,0.16884,0.013996
144.57109141349792,0.16988,0.013935
144.62077975273132,0.17189,0.013861
144.67158794403076,0.17192,0.014091
144.72119426727295,0.17311,0.013985
144.77068734169006,0.17404,0.013916
144.82212781906128,0.17524,0.013847
144.87397122383118,0.1752,0.01389
144.92435479164124,0.17751,0.013678
144.97300958633423,0.17839,0.013717
145.02036452293396,0.17931,0.013832
145.06943607330322,0.18069,0.013731
145.12378573417664,0.18147,0.013731
145.17984247207642,0.18369,0.013755
145.23106622695923,0.18373,0.013774
145.28046417236328,0.18487,0.013799
145.32957577705383,0.1858,0.013832
145.38139033317566,0.18683,0.013851
145.4323251247406,0.18793,0.013876
145.4854280948639,0.18887,0.01393
145.53615069389343,0.19,0.013951
145.5808219909668,0.19096,0.013973
145.64099860191345,0.19205,0.013979
145.69083166122437,0.19295,0.013982
145.73970770835876,0.19408,0.013986
145.78947138786316,0.19628,0.014044
145.84187817573547,0.19609,0.014048
145.8995406627655,0.19729,0.013899
145.94764375686646,0.19828,0.014039
146.00277543067932,0.1992,0.014179
146.05112099647522,0.20036,0.013867
146.09807229042053,0.20148,0.014048
146.14942407608032,0.20221,0.014031
146.20185017585754,0.20335,0.01411
146.25133085250854,0.20437,0.014013
146.3031976222992,0.20544,0.014085
146.35452270507812,0.20565,0.014069
146.40360403060913,0.20753,0.014066
146.45199298858643,0.20849,0.014099
146.50548195838928,0.20951,0.014082
146.5526945590973,0.21051,0.013991
146.60676050186157,0.21147,0.014114
146.65778613090515,0.21244,0.014119
146.7079701423645,0.21353,0.014188
146.75803089141846,0.21352,0.014003
146.80630254745483,0.21464,0.014106
146.8552210330963,0.21647,0.014101
146.90478944778442,0.21755,0.014119
146.9584047794342,0.21853,0.014179
147.008948802948,0.21947,0.014165
147.06168341636658,0.21964,0.014057
147.10989570617676,0.22071,0.014206
147.16436886787415,0.22163,0.014186
147.21198177337646,0.22256,0.014131
147.26454734802246,0.22456,0.013951
147.3117377758026,0.22559,0.014048
147.3651568889618,0.22563,0.014093
147.413236618042,0.22675,0.014113
147.46695017814636,0.22773,0.014029
147.51833367347717,0.22865,0.013974
147.56377410888672,0.22961,0.013878
147.62052631378174,0.23149,0.013885
147.66675639152527,0.23189,0.013791
147.71718454360962,0.23357,0.014
147.77100157737732,0.23365,0.013879
147.82169461250305,0.2356,0.013797
147.87166261672974,0.23537,0.013863
147.92171573638916,0.23675,0.013826
147.97253513336182,0.23744,0.013807
148.02196550369263,0.23955,0.013926
148.06895875930786,0.24081,0.013752
148.1260929107666,0.24065,0.013883
148.17213916778564,0.24265,0.013885
148.22330713272095,0.24277,0.013903
148.27171778678894,0.24344,0.013917
148.3261046409607,0.24451,0.013951
148.3771538734436,0.24648,0.013923
148.421977519989,0.24761,0.014033
148.47276616096497,0.24765,0.013802
148.52638459205627,0.24864,0.013983
148.57976150512695,0.24953,0.013987
148.6249828338623,0.25057,0.014053
148.67799377441406,0.25145,0.014005
148.7289764881134,0.25248,0.014067
148.77924370765686,0.25359,0.014155
148.83348059654236,0.25445,0.014156
148.88549995422363,0.25541,0.014114
148.93464589118958,0.25667,0.014091
148.99351453781128,0.25731,0.01404
149.04278755187988,0.25852,0.013986
149.09105110168457,0.25948,0.014034
149.14186072349548,0.26152,0.014053
149.19756865501404,0.26244,0.014013
149.2425708770752,0.26251,0.013956
149.29682207107544,0.26441,0.014002
149.34923028945923,0.26445,0.013937
149.39912033081055,0.26531,0.013925
149.44693970680237,0.26629,0.014015
149.49914383888245,0.26753,0.013833
149.55547523498535,0.26843,0.013891
149.60409593582153,0.27057,0.013839
149.65542101860046,0.27057,0.014035
149.7042851448059,0.27137,0.013996
149.7540373802185,0.27344,0.014111
149.8047969341278,0.27327,0.014224
149.85585808753967,0.27452,0.014203
149.9055037498474,0.27533,0.014249
149.95750403404236,0.27547,0.014224
150.00908732414246,0.2774,0.01427
150.06016969680786,0.27941,0.014263
150.1100525856018,0.27931,0.014312
150.1558735370636,0.28031,0.014259
150.21220183372498,0.28131,0.014279
150.2606120109558,0.28231,0.0145
150.31175184249878,0.28327,0.014274
150.36201190948486,0.2844,0.014321
150.41137027740479,0.28531,0.01435
150.46313500404358,0.28628,0.014398
150.51472568511963,0.28712,0.014241
150.5653202533722,0.28812,0.014102
150.611074924469,0.28907,0.01436
150.6618812084198,0.28931,0.014174
150.71440839767456,0.29129,0.014225
150.76471996307373,0.29115,0.014051
150.81139540672302,0.29231,0.014061
150.86443781852722,0.29415,0.014029
150.9181945323944,0.29531,0.014104
150.9670386314392,0.29616,0.014123
151.0171663761139,0.29717,0.014039
151.0684208869934,0.2982,0.014101
151.11787247657776,0.29907,0.014036
151.16631031036377,0.30003,0.014048
151.21643614768982,0.30092,0.014123
151.26788997650146,0.30197,0.014037
151.3185911178589,0.30276,0.014135
151.36768293380737,0.30276,0.014066
151.41695547103882,0.30704,0.014122
151.4679570198059,0.30884,0.014266
151.5226593017578,0.31119,0.014129
151.57105708122253,0.31296,0.01412
151.62250900268555,0.31504,0.014273
151.67383790016174,0.31513,0.014086
151.72199845314026,0.31724,0.014089
151.77264285087585,0.052,0.014329
151.82153582572937,0.051733,0.014238
151.87422704696655,0.054133,0.014128
151.9234802722931,0.056573,0.014124
151.9720139503479,0.05672,0.014227
152.02494859695435,0.059573,0.014231
152.0770628452301,0.064973,0.014235
152.12885546684265,0.067733,0.014211
152.17678689956665,0.070587,0.014038
152.23233723640442,0.07064,0.014153
152.28011226654053,0.073573,0.014129
152.33265233039856,0.0762,0.014185
152.38377594947815,0.081747,0.014192
152.43436121940613,0.08444,0.014021
152.485422372818,0.084627,0.014217
152.5289511680603,0.0872,0.014089
152.58398342132568,0.089907,0.014085
152.6332082748413,0.092427,0.01383
152.68586087226868,0.093733,0.0141
152.73535251617432,0.0952,0.014103
152.78446745872498,0.09644,0.014091
152.83584833145142,0.09752,0.013859
152.88583898544312,0.09884,0.013956
152.93493366241455,0.10023,0.013887
152.9859049320221,0.10147,0.013826
153.03602766990662,0.10277,0.01401
153.08826112747192,0.10399,0.01384
153.13620948791504,0.10676,0.013798
153.19015383720398,0.10661,0.01377
153.2393078804016,0.10797,0.013752
153.28881335258484,0.1094,0.013707
153.33753395080566,0.11037,0.013787
153.39145064353943,0.11041,0.013726
153.4417278766632,0.11292,0.013815
153.48964023590088,0.11419,0.013718
153.54360604286194,0.11544,0.013787
153.59219527244568,0.11656,0.013766
153.64511847496033,0.11801,0.013662
153.69450855255127,0.119,0.013854
153.74891757965088,0.12007,0.013777
153.80031776428223,0.12148,0.013879
153.8488597869873,0.12231,0.013744
153.900057554245,0.12384,0.013852
153.95077514648438,0.12496,0.013882
154.00392889976501,0.12601,0.013938
154.05165076255798,0.12723,0.013931
154.1032190322876,0.12837,0.014061
154.15360355377197,0.12953,0.013963
154.20323133468628,0.12975,0.013899
154.2552809715271,0.13101,0.013943
154.3025484085083,0.13331,0.01408
154.35639691352844,0.13425,0.014033
154.4059555530548,0.13545,0.013984
154.4545624256134,0.1366,0.014059
154.50466442108154,0.13755,0.014137
154.55494952201843,0.13777,0.013991
154.60367608070374,0.14003,0.014137
154.6552505493164,0.14111,0.014054
154.70763111114502,0.14225,0.014085
154.7571361064911,0.14348,0.014123
154.80529952049255,0.14344,0.014026
154.85676288604736,0.14556,0.013975
154.90331888198853,0.14576,0.014129
154.95455765724182,0.14695,0.013986
155.0057487487793,0.14804,0.014127
155.0580644607544,0.15015,0.01405
155.1128807067871,0.15131,0.01412
155.1609902381897,0.15237,0.014221
155.21094250679016,0.15343,0.014224
155.2629656791687,0.15453,0.014184
155.3116810321808,0.15453,0.01436
155.36300683021545,0.15689,0.014291
155.41178369522095,0.15691,0.014267
155.4673044681549,0.15897,0.014265
155.51564717292786,0.16008,0.014166
155.56387782096863,0.16019,0.014145
155.6170735359192,0.1622,0.014171
155.66900515556335,0.16253,0.014038
155.71689176559448,0.16337,0.014229
155.77305054664612,0.16549,0.01416
155.82220602035522,0.16649,0.014106
155.8699860572815,0.16663,0.014191
155.92522883415222,0.16756,0.014141
155.97172045707703,0.16875,0.013963
156.02524161338806,0.1708,0.014069
156.07601928710938,0.17192,0.01404
156.12487530708313,0.17209,0.013984
156.17486333847046,0.17321,0.013955
156.23306703567505,0.17408,0.013961
156.2814700603485,0.17625,0.013818
156.33238792419434,0.17717,0.013902
156.38881301879883,0.17707,0.013855
156.43648314476013,0.17909,0.0139
156.48724031448364,0.18051,0.013864
156.53766059875488,0.18163,0.013947
156.58872604370117,0.18171,0.013903
156.63881301879883,0.18253,0.013814
156.68892860412598,0.18339,0.013726
156.74034905433655,0.18463,0.013898
156.78972506523132,0.18557,0.013953
156.8393816947937,0.18756,0.014007
156.88844776153564,0.18868,0.014012
156.93833255767822,0.18972,0.014002
156.99022221565247,0.19081,0.014137
157.04096794128418,0.19073,0.013973
157.09345531463623,0.19164,0.014028
157.1443521976471,0.19283,0.013949
157.19625282287598,0.19376,0.014047
157.24435091018677,0.19479,0.014035
157.29816365242004,0.19593,0.014035
157.3471314907074,0.19704,0.014136
157.39684653282166,0.19787,0.014134
157.44980239868164,0.20005,0.014208
157.4963984489441,0.20015,0.014047
157.5533480644226,0.20115,0.014037
157.60334968566895,0.20197,0.014167
157.65643405914307,0.20312,0.013965
157.70473623275757,0.20516,0.013978
157.75768303871155,0.20635,0.013953
157.80603122711182,0.20625,0.014016
157.85866737365723,0.20721,0.014057
157.90575623512268,0.20832,0.014189
157.95830965042114,0.20916,0.014028
158.00744581222534,0.21032,0.014124
158.05849051475525,0.21132,0.014186
158.10630893707275,0.21239,0.014117
158.16512656211853,0.21333,0.014081
158.2118740081787,0.21432,0.014195
158.26315999031067,0.21532,0.014133
158.3138132095337,0.21647,0.014092
158.36872601509094,0.21733,0.014361
158.41830325126648,0.21851,0.014076
158.47035264968872,0.21956,0.014119
158.5221562385559,0.22044,0.014114
158.57050824165344,0.22169,0.014025
158.62184739112854,0.22251,0.014125
158.669451713562,0.22347,0.013989
158.71818661689758,0.22459,0.014254
158.7745509147644,0.22545,0.01406
158.82695508003235,0.22632,0.014096
158.8787133693695,0.22732,0.014148
158.92736172676086,0.22845,0.014064
158.97715306282043,0.22948,0.014108
159.02871251106262,0.23025,0.013908
159.07954263687134,0.23148,0.013969
159.12976455688477,0.23167,0.013921
159.1797742843628,0.23441,0.014001
159.23051738739014,0.23451,0.013977
159.27942061424255,0.23544,0.013909
159.32971835136414,0.23635,0.013992
159.38166284561157,0.23747,0.013918
159.4328098297119,0.23753,0.013949
159.4814510345459,0.23936,0.013947
159.53542232513428,0.24045,0.013931
159.58300304412842,0.24149,0.013973
159.63293838500977,0.24228,0.013981
159.68531203269958,0.24352,0.013931
159.73721432685852,0.24445,0.014032
159.79118704795837,0.24556,0.014065
159.83785581588745,0.24543,0.013937
159.88770627975464,0.24667,0.014057
159.94043922424316,0.24847,0.014009
159.98985409736633,0.24943,0.014109
160.03953909873962,0.25028,0.014033
160.08866333961487,0.25151,0.014135
160.14318680763245,0.25167,0.014065
160.19119811058044,0.25349,0.014167
160.2422740459442,0.25335,0.014082
160.29599905014038,0.25533,0.014096
160.3405921459198,0.25625,0.014164
160.39486598968506,0.25737,0.014174
160.44529843330383,0.25837,0.014132
160.49795365333557,0.25843,0.014148
160.54732823371887,0.26045,0.014127
160.5985598564148,0.26135,0.014038
160.64998817443848,0.26243,0.014048
160.69866967201233,0.26335,0.013932
160.75465750694275,0.26339,0.013976
160.8037576675415,0.26424,0.014
160.8535726070404,0.26651,0.014004
160.90553331375122,0.26751,0.013889
160.9581060409546,0.26835,0.013912
161.00723123550415,0.2694,0.01405
161.05867171287537,0.26949,0.013879
161.11097955703735,0.27124,0.014011
161.16014122962952,0.27244,0.014111
161.2134726047516,0.27323,0.013992
161.2627990245819,0.27419,0.014114
161.31268095970154,0.2742,0.014068
161.36209654808044,0.27527,0.014227
161.41310572624207,0.2772,0.014061
161.46067309379578,0.27812,0.014199
161.51382970809937,0.2792,0.014272
161.56378436088562,0.28028,0.014353
161.6163408756256,0.28021,0.014252
161.66593313217163,0.28109,0.014278
161.71206283569336,0.28235,0.014259
161.76545763015747,0.28412,0.014261
161.814936876297,0.28525,0.014135
161.87093877792358,0.28532,0.014139
161.91846537590027,0.28705,0.014066
161.97004556655884,0.28713,0.014119
162.02082467079163,0.28921,0.014137
162.07262325286865,0.289,0.014243
162.12095379829407,0.28999,0.01415
162.16965222358704,0.29111,0.014099
162.22147226333618,0.29196,0.014106
162.270747423172,0.29299,0.014123
162.32166862487793,0.294,0.014126
162.37344241142273,0.29485,0.013955
162.42091274261475,0.29685,0.014071
162.47523164749146,0.29687,0.014069
162.5261378288269,0.29799,0.014166
162.57471323013306,0.29988,0.014097
162.62864351272583,0.29984,0.014245
162.6787600517273,0.30081,0.01415
162.7267529964447,0.30183,0.013973
162.77553844451904,0.30289,0.014143
162.83375430107117,0.3044,0.014083
162.88002467155457,0.30659,0.014179
162.9323194026947,0.31069,0.014073
162.98061084747314,0.31065,0.014012
163.03055024147034,0.31269,0.014134
163.0842502117157,0.31485,0.014043
163.13130521774292,0.31704,0.014117
163.1864058971405,0.31897,0.01409
163.23565101623535,0.050573,0.01417
163.28489589691162,0.0518,0.01372
163.34369468688965,0.054853,0.013975
163.39225602149963,0.05608,0.014148
163.44637084007263,0.059067,0.014167
163.49474453926086,0.061667,0.014203
163.54875421524048,0.064773,0.014115
163.59636306762695,0.067573,0.014206
163.64753246307373,0.070147,0.014181
163.70188212394714,0.07576,0.014234
163.75022435188293,0.07588,0.014122
163.8003499507904,0.078547,0.014134
163.8517768383026,0.08124,0.014173
163.90703463554382,0.084,0.014199
163.95440363883972,0.08664,0.014139
164.00826215744019,0.08936,0.014188
164.05719542503357,0.092093,0.014128
164.10735058784485,0.094973,0.014159
164.1585602760315,0.094987,0.014052
164.21084213256836,0.09604,0.013975
164.26158690452576,0.098813,0.014027
164.3092679977417,0.098907,0.014018
164.36394119262695,0.10005,0.013979
164.4112536907196,0.10139,0.014058
164.4626109600067,0.10267,0.013916
164.51455569267273,0.10371,0.013928
164.56516814231873,0.10648,0.013867
164.61548781394958,0.10644,0.013939
164.66343450546265,0.10756,0.013837
164.71602416038513,0.10888,0.013923
164.76699209213257,0.11019,0.013845
164.82064628601074,0.11143,0.013723
164.87054824829102,0.11271,0.013756
164.9223277568817,0.11389,0.013884
164.9691915512085,0.11513,0.013791
165.02130150794983,0.11619,0.013878
165.0722873210907,0.11751,0.013834
165.12305068969727,0.11871,0.013883
165.17650771141052,0.11981,0.013848
165.2241234779358,0.12115,0.013856
165.27408623695374,0.12232,0.013851
165.3280384540558,0.12357,0.013902
165.38074254989624,0.12471,0.013958
165.43371534347534,0.12571,0.013961
165.4867115020752,0.12703,0.013977
165.53307938575745,0.12819,0.013971
165.58589935302734,0.12925,0.013983
165.63613271713257,0.13059,0.014053
165.68406200408936,0.13165,0.014018
165.7387731075287,0.13299,0.014063
165.78607201576233,0.13395,0.014063
165.83696627616882,0.13412,0.014097
165.89013171195984,0.13529,0.014125
165.9379060268402,0.13741,0.014197
165.98578143119812,0.1386,0.014077
166.03892493247986,0.13965,0.014109
166.08974194526672,0.14101,0.014232
166.14013981819153,0.14215,0.01404
166.19125080108643,0.14311,0.014068
166.24023151397705,0.14329,0.014118
166.29081201553345,0.14556,0.014098
166.337331533432,0.14664,0.014061
166.39314794540405,0.14763,0.014199
166.4436900615692,0.14765,0.014095
166.49215698242188,0.14864,0.014198
166.54346299171448,0.15125,0.014056
166.59354615211487,0.15215,0.014174
166.64142060279846,0.15317,0.014071
166.69534730911255,0.15444,0.014118
166.74824833869934,0.15533,0.01417
166.79782056808472,0.1562,0.014211
166.85501074790955,0.15763,0.014102
166.9072458744049,0.15748,0.014173
166.9515461921692,0.15857,0.014211
167.0049204826355,0.15971,0.014136
167.06038236618042,0.16203,0.01417
167.1117537021637,0.16287,0.014171
167.16003131866455,0.16407,0.014125
167.2096471786499,0.16535,0.014037
167.2602071762085,0.16649,0.014139
167.311763048172,0.16625,0.014186
167.3675980567932,0.16743,0.01405
167.4163944721222,0.16841,0.013978
167.4646351337433,0.1706,0.014013
167.51581621170044,0.17071,0.014045
167.567307472229,0.17164,0.013975
167.61700749397278,0.17281,0.014031
167.66923999786377,0.17492,0.013999
167.72140550613403,0.17488,0.013968
167.77171754837036,0.17589,0.014019
167.8241991996765,0.17688,0.013949
167.8773729801178,0.17909,0.014101
167.92883944511414,0.18019,0.013947
167.9776270389557,0.18119,0.013911
168.02688932418823,0.18216,0.013928
168.07668614387512,0.18324,0.014002
168.12874841690063,0.18347,0.014061
168.17495012283325,0.18425,0.013912
168.2290210723877,0.18533,0.014013
168.28281617164612,0.18755,0.013996
168.33235049247742,0.18853,0.014014
168.38205194473267,0.18864,0.013957
168.4296429157257,0.18949,0.013979
168.4834644794464,0.19047,0.014019
168.53333830833435,0.1916,0.014006
168.58404111862183,0.19276,0.013881
168.63624739646912,0.19473,0.014008
168.68586564064026,0.19563,0.014148
168.73640537261963,0.19675,0.014176
168.7878396511078,0.19771,0.014089
168.83792805671692,0.1978,0.014127
168.8908655643463,0.19879,0.014031
168.94009256362915,0.19996,0.014101
168.9905662536621,0.20088,0.014117
169.04004502296448,0.20196,0.014038
169.09243488311768,0.203,0.014137
169.1384060382843,0.20493,0.014022
169.19226026535034,0.20508,0.014057
169.24088335037231,0.20603,0.014072
169.29279375076294,0.20704,0.014051
169.3432855606079,0.20796,0.013944
169.39196372032166,0.20915,0.014093
169.44022798538208,0.21027,0.014072
169.4919741153717,0.21123,0.014089
169.54288148880005,0.21221,0.014097
169.59503173828125,0.21323,0.014143
169.6438431739807,0.21431,0.014013
169.69659066200256,0.21519,0.014087
169.74627780914307,0.21635,0.014123
169.80063319206238,0.21707,0.014065
169.84978890419006,0.21823,0.014243
169.89835357666016,0.21912,0.014136
169.9521279335022,0.22015,0.014082
170.0014111995697,0.22127,0.0141
170.05288648605347,0.22228,0.014143
170.10115027427673,0.22329,0.014162
170.15262722969055,0.22445,0.013941
170.20036721229553,0.22529,0.014087
170.25614643096924,0.22644,0.014045
170.30219435691833,0.22737,0.014163
170.35432481765747,0.22839,0.014164
170.40575623512268,0.22955,0.014136
170.45686888694763,0.22939,0.014219
170.50374817848206,0.23029,0.014089
170.55767107009888,0.23227,0.014023
170.605548620224,0.23332,0.014069
170.656396150589,0.23427,0.014083
170.70651984214783,0.23528,0.013942
170.75434374809265,0.23628,0.014021
170.80708050727844,0.23641,0.014113
170.85542225837708,0.23835,0.013997
170.90892505645752,0.23828,0.013898
170.95953249931335,0.23923,0.013932
171.01311945915222,0.24129,0.013938
171.06101322174072,0.24217,0.014009
171.11016821861267,0.24328,0.014009
171.16315269470215,0.24344,0.013986
171.21354484558105,0.24435,0.014055
171.26139402389526,0.24523,0.014036
171.31462740898132,0.2474,0.014091
171.36163210868835,0.24835,0.0141
171.41560077667236,0.24904,0.014005
171.46937489509583,0.24932,0.01406
171.52126288414001,0.25128,0.014058
171.57155895233154,0.2522,0.014153
171.61910128593445,0.25311,0.014099
171.6702845096588,0.25316,0.014143
171.71921968460083,0.25533,0.014192
171.76939225196838,0.25632,0.014187
171.82099628448486,0.25715,0.0141
171.86634635925293,0.25833,0.014087
171.91938376426697,0.25843,0.014107
171.96953320503235,0.25905,0.01408
172.02230644226074,0.26019,0.014102
172.0753288269043,0.26228,0.014024
172.12161993980408,0.26301,0.013883
172.17918968200684,0.26427,0.013996
172.22719478607178,0.26517,0.013977
172.27742552757263,0.26516,0.013893
172.33186721801758,0.26704,0.013879
172.38505363464355,0.26812,0.013811
172.43117237091064,0.26803,0.013872
172.48157382011414,0.26921,0.013791
172.53287863731384,0.26999,0.013954
172.5823974609375,0.27212,0.013906
172.6357777118683,0.27211,0.013994
172.68479371070862,0.27308,0.014039
172.73392415046692,0.27421,0.013981
172.7826840877533,0.27537,0.0141
172.83532691001892,0.27609,0.014132
172.88465809822083,0.27691,0.014173
172.93464016914368,0.27784,0.014139
172.98411345481873,0.28,0.014114
173.03559470176697,0.28092,0.014185
173.08285760879517,0.28101,0.014215
173.13897514343262,0.28203,0.014246
173.18710350990295,0.28284,0.014182
173.23762106895447,0.28391,0.014189
173.2869153022766,0.28483,0.014247
173.34019899368286,0.28677,0.01423
173.38873887062073,0.288,0.014082
173.44043350219727,0.28789,0.014205
173.4889199733734,0.28877,0.014108
173.53903770446777,0.28981,0.01417
173.58971166610718,0.29099,0.014102
173.63808131217957,0.29181,0.014145
173.6951334476471,0.29284,0.014072
173.74456477165222,0.29352,0.014087
173.79549503326416,0.29465,0.014142
173.8432354927063,0.29585,0.014075
173.89529490470886,0.29668,0.014154
173.94770216941833,0.29772,0.014074
173.99539756774902,0.2986,0.014017
174.04712009429932,0.2996,0.014242
174.09835076332092,0.30067,0.014198
174.14914727210999,0.30155,0.014084
174.19759249687195,0.30268,0.014078
174.2496519088745,0.30412,0.014056
174.29974746704102,0.30609,0.014143
174.34825992584229,0.30804,0.01403
174.39930891990662,0.31031,0.01414
174.45426440238953,0.31239,0.01407
174.50433039665222,0.31429,0.014
174.55265855789185,0.31435,0.014089
174.60683751106262,0.31871,0.014124
174.6547532081604,0.050067,0.014044
174.70793890953064,0.051213,0.014078
174.7582528591156,0.053053,0.013977
174.80655527114868,0.0556,0.014217
174.8582305908203,0.058493,0.01411
174.9126353263855,0.061253,0.014256
174.95940113067627,0.064027,0.014149
175.00992918014526,0.06708,0.014204
175.06076431274414,0.069587,0.01412
175.11223435401917,0.07244,0.014262
175.16331434249878,0.075253,0.013992
175.21335363388062,0.07528,0.0142
175.26345705986023,0.077933,0.014069
175.31711983680725,0.08352,0.014111
175.36725974082947,0.086147,0.013937
175.4182164669037,0.088813,0.014118
175.46559238433838,0.091747,0.014105
175.51771998405457,0.09328,0.014003
175.5650634765625,0.094653,0.013998
175.6268949508667,0.094493,0.013988
175.6756625175476,0.097253,0.013947
175.72698283195496,0.09844,0.014134
175.7819926738739,0.098573,0.014075
175.83217692375183,0.10111,0.013986
175.88212537765503,0.10247,0.013977
175.9323489665985,0.10356,0.01394
175.9789478778839,0.10373,0.013919
176.0338282585144,0.10484,0.013939
176.08106207847595,0.10745,0.013928
176.1329996585846,0.10867,0.013949
176.183269739151,0.10991,0.013924
176.23602652549744,0.10984,0.013829
176.28396677970886,0.11112,0.013866
176.33652710914612,0.11225,0.013839
176.38559889793396,0.11359,0.013916
176.43591809272766,0.11597,0.013953
176.4867799282074,0.11597,0.013934
176.53481578826904,0.11724,0.013911
176.58325290679932,0.11851,0.013925
176.6361014842987,0.1196,0.013823
176.68627500534058,0.12087,0.013986
176.73670601844788,0.12201,0.014007
176.78559136390686,0.12449,0.013904
176.83830094337463,0.12573,0.014015
176.88925528526306,0.12577,0.013983
176.93925833702087,0.12809,0.014006
176.98800468444824,0.12772,0.013914
177.0380003452301,0.12951,0.014027
177.0863471031189,0.13028,0.014025
177.1444935798645,0.13259,0.014037
177.1941819190979,0.1338,0.014053
177.2435007095337,0.13377,0.013973
177.2913088798523,0.13491,0.014111
177.34112095832825,0.13619,0.014059
177.39302325248718,0.13723,0.014127
177.4454424381256,0.13839,0.01417
177.49675130844116,0.13963,0.014138
177.54724025726318,0.14173,0.014103
177.5948874950409,0.14168,0.014085
177.64276003837585,0.14295,0.014088
177.69770550727844,0.14413,0.013992
177.74786615371704,0.14519,0.014074
177.79411554336548,0.14623,0.014165
177.84900379180908,0.14763,0.014138
177.89875197410583,0.14869,0.014151
177.94584798812866,0.14999,0.014004
177.9971833229065,0.15091,0.014227
178.0482211112976,0.15189,0.014139
178.09805631637573,0.15293,0.014183
178.15226125717163,0.15421,0.014138
178.20031476020813,0.15533,0.01418
178.24837803840637,0.15644,0.014164
178.29909133911133,0.15745,0.014088
178.352552652359,0.15872,0.014036
178.40035843849182,0.15945,0.014111
178.45070719718933,0.16064,0.014247
178.4989354610443,0.16177,0.01412
178.551278591156,0.16188,0.014147
178.60152792930603,0.16399,0.014145
178.65295934677124,0.16504,0.014119
178.70567226409912,0.16603,0.014064
178.75335812568665,0.16619,0.014173
178.80461382865906,0.16801,0.014167
178.85299921035767,0.16831,0.014051
178.90252017974854,0.17035,0.014142
178.9544916152954,0.17159,0.014094
179.0077724456787,0.17248,0.014108
179.05700421333313,0.17372,0.01402
179.1097846031189,0.17461,0.014016
179.15668487548828,0.17491,0.013975
179.2111406326294,0.17593,0.014001
179.26187705993652,0.17676,0.014002
179.30976748466492,0.179,0.014047
179.3628532886505,0.17984,0.014018
179.41087198257446,0.18099,0.014036
179.4692041873932,0.18205,0.013967
179.51678442955017,0.18219,0.013955
179.56826877593994,0.18423,0.014045
179.6181197166443,0.18425,0.014129
179.6715977191925,0.18504,0.01404
179.72085666656494,0.18605,0.014017
179.7710018157959,0.18831,0.01405
179.8226797580719,0.18928,0.014061
179.87063646316528,0.19027,0.014025
179.92137479782104,0.19036,0.014051
179.96925735473633,0.19241,0.014066
180.0184509754181,0.19243,0.014062
180.07209372520447,0.19367,0.014162
180.12325716018677,0.19444,0.014123
180.1738359928131,0.19657,0.01406
180.22594618797302,0.19755,0.014072
180.2757523059845,0.19764,0.014084
180.32781410217285,0.19867,0.01409
180.37814211845398,0.19976,0.014056
180.42430782318115,0.20068,0.014122
180.4762783050537,0.20148,0.013987
180.53031420707703,0.20285,0.014115
180.57760620117188,0.20485,0.014099
180.62704014778137,0.20479,0.014065
180.68058133125305,0.20592,0.013958
180.7295560836792,0.207,0.013998
180.7770082950592,0.2078,0.014051
180.82977747917175,0.20884,0.014036
180.87992334365845,0.21,0.014083
180.93412733078003,0.21109,0.013923
180.98558378219604,0.21192,0.014069
181.03676295280457,0.21285,0.014057
181.08712339401245,0.21399,0.014245
181.1367151737213,0.21495,0.014166
181.18529987335205,0.21605,0.014138
181.24135160446167,0.21707,0.014124
181.2931306362152,0.218,0.014153
181.34721398353577,0.21897,0.014115
181.39437866210938,0.22003,0.014066
181.44497275352478,0.22112,0.014157
181.4963014125824,0.22188,0.014192
181.54769039154053,0.22309,0.013952
181.59814381599426,0.22489,0.014127
181.65101170539856,0.22497,0.014165
181.70445680618286,0.22612,0.014158
181.75265169143677,0.22707,0.014084
181.80359554290771,0.22805,0.014203
181.85333919525146,0.22915,0.01413
181.9036009311676,0.23019,0.014005
181.95504426956177,0.23111,0.014136
182.00429511070251,0.23183,0.014087
182.0534269809723,0.23299,0.014143
182.10487031936646,0.23315,0.014054
182.15518999099731,0.23507,0.01392
182.20688247680664,0.23633,0.014008
182.25797700881958,0.23729,0.014016
182.3113408088684,0.23795,0.014058
182.36090803146362,0.23907,0.014109
182.41225242614746,0.24004,0.014035
182.46338176727295,0.24112,0.014026
182.51411485671997,0.24203,0.014081
182.5657093524933,0.24324,0.013902
182.61651134490967,0.24399,0.013983
182.66563534736633,0.24512,0.014108
182.71672201156616,0.24611,0.01411
182.764080286026,0.24728,0.014109
182.81467199325562,0.24807,0.014067
182.8676242828369,0.24917,0.013989
182.91730260849,0.25001,0.01393
182.9678819179535,0.25107,0.013981
183.01659107208252,0.25205,0.01399
183.06708884239197,0.25295,0.014165
183.11822843551636,0.25308,0.014134
183.16461563110352,0.25425,0.013991
183.21637749671936,0.25608,0.014003
183.26410555839539,0.25727,0.014209
183.31703877449036,0.25804,0.014173
183.37556958198547,0.25801,0.014129
183.42470741271973,0.25903,0.014133
183.4711413383484,0.26095,0.014108
183.52684211730957,0.26199,0.014028
183.57542443275452,0.26309,0.013861
183.6276171207428,0.26399,0.014116
183.67777180671692,0.26513,0.013995
183.72643971443176,0.26493,0.014008
183.7750277519226,0.26696,0.013987
183.82738757133484,0.267,0.013828
183.8770363330841,0.26805,0.013959
183.92649817466736,0.27013,0.01387
183.98129725456238,0.27092,0.013952
184.02936673164368,0.27188,0.013825
184.08022212982178,0.27191,0.013904
184.12970662117004,0.27409,0.014197
184.1848442554474,0.27421,0.013934
184.23395419120789,0.27515,0.013971
184.28294348716736,0.27696,0.013852
184.33578205108643,0.27775,0.013928
184.38805603981018,0.27888,0.014034
184.43514609336853,0.27877,0.014155
184.4864420890808,0.27972,0.014165
184.53445982933044,0.28079,0.014126
184.5897138118744,0.28273,0.014147
184.6393735408783,0.28371,0.014122
184.68791341781616,0.28385,0.014183
184.73773741722107,0.28576,0.014254
184.78803610801697,0.28568,0.014092
184.83788681030273,0.28677,0.014096
184.8904254436493,0.2876,0.014099
184.93930411338806,0.28872,0.014128
184.99094247817993,0.28936,0.014087
185.03995966911316,0.29163,0.014103
185.08968591690063,0.29177,0.014075
185.14286065101624,0.29259,0.01418
185.20272135734558,0.29377,0.014161
185.25079154968262,0.29473,0.014155
185.3103129863739,0.29563,0.01413
185.35595154762268,0.29765,0.014016
185.41073942184448,0.29853,0.014016
185.46075987815857,0.29865,0.014233
185.5148630142212,0.29976,0.014101
185.56338262557983,0.30059,0.014043
185.6173233985901,0.30248,0.014103
185.66572093963623,0.30391,0.014086
185.7191288471222,0.30576,0.014047
185.767902135849,0.30796,0.014147
185.82012462615967,0.31009,0.013993
185.86701893806458,0.31197,0.014057
185.92275023460388,0.31201,0.014084
185.96902418136597,0.31408,0.013918
186.02201962471008,0.31839,0.014221
186.07334089279175,0.05124,0.014204
186.12128114700317,0.048427,0.014116
186.169695854187,0.052733,0.013904
186.2228193283081,0.0524,0.014144
186.27150678634644,0.055253,0.014007
186.32070326805115,0.058133,0.014174
186.36912322044373,0.06368,0.01414
186.42086935043335,0.06384,0.014128
186.47717905044556,0.06928,0.014119
186.52714824676514,0.06928,0.014035
186.57510018348694,0.072027,0.014108
186.62646102905273,0.075093,0.013994
186.67959856987,0.07744,0.014087
186.7311749458313,0.0802,0.014134
186.78019738197327,0.085813,0.014138
186.8297381401062,0.087347,0.014149
186.87915587425232,0.088533,0.014094
186.93071961402893,0.091413,0.014075
186.97732543945312,0.093107,0.014091
187.0405650138855,0.094347,0.014135
187.0880696773529,0.097027,0.014035
187.1395628452301,0.098373,0.014194
187.19193744659424,0.098307,0.014139
187.2418155670166,0.099733,0.014019
187.28985118865967,0.10075,0.014006
187.34160470962524,0.10205,0.01398
187.39173293113708,0.10347,0.013952
187.44351720809937,0.10475,0.014017
187.4935336112976,0.10731,0.014079
187.544287443161,0.10837,0.014028
187.59057235717773,0.10844,0.014088
187.64395952224731,0.10989,0.013978
187.6934461593628,0.11089,0.013914
187.74348831176758,0.11223,0.014018
187.7945671081543,0.11453,0.013791
187.8449821472168,0.11476,0.013991
187.89333653450012,0.11593,0.013895
187.94781684875488,0.11711,0.013918
187.99539852142334,0.11836,0.013992
188.04701328277588,0.1194,0.013968
188.10096287727356,0.12059,0.014027
188.15272617340088,0.12059,0.013974
188.20445704460144,0.12305,0.013972
188.25334477424622,0.12431,0.013909
188.30568552017212,0.12532,0.014017
188.35459995269775,0.12653,0.014099
188.40738892555237,0.12781,0.013964
188.45312333106995,0.12881,0.013944
188.50853037834167,0.13011,0.014012
188.5589621067047,0.13145,0.014025
188.60782551765442,0.13247,0.013997
188.66043496131897,0.13365,0.014076
188.71163988113403,0.1348,0.014075
188.76148414611816,0.13596,0.014189
188.80781865119934,0.13707,0.014091
188.8632848262787,0.13725,0.014141
188.91110944747925,0.13808,0.014051
188.9642674922943,0.13947,0.014134
189.0134220123291,0.14165,0.014103
189.06519842147827,0.14269,0.01405
189.11609625816345,0.144,0.01414
189.17497754096985,0.14411,0.014097
189.22261238098145,0.14627,0.014141
189.2757978439331,0.14748,0.014147
189.32401990890503,0.1484,0.014143
189.37548112869263,0.14951,0.014237
189.42591953277588,0.15059,0.014087
189.47473978996277,0.1506,0.014126
189.52543878555298,0.15195,0.014034
189.57534623146057,0.15404,0.014131
189.62732553482056,0.15527,0.014006
189.68316864967346,0.15612,0.014155
189.73208141326904,0.15721,0.014093
189.78244400024414,0.15837,0.014114
189.83023834228516,0.15825,0.014093
189.88380694389343,0.1594,0.01409
189.93366765975952,0.16173,0.014157
189.98363423347473,0.16281,0.014148
190.0340440273285,0.16369,0.014098
190.08630180358887,0.16381,0.014188
190.13189268112183,0.16483,0.014236
190.1831452846527,0.16695,0.013823
190.23412084579468,0.16813,0.01403
190.28820180892944,0.16921,0.014135
190.33899927139282,0.17033,0.014186
190.38563442230225,0.17145,0.014063
190.43707585334778,0.17133,0.014186
190.486882686615,0.17236,0.014201
190.53989386558533,0.17461,0.014042
190.5910427570343,0.17548,0.014112
190.64099836349487,0.17661,0.014073
190.6908667087555,0.17681,0.013979
190.74130296707153,0.17871,0.013913
190.7932252883911,0.17999,0.014156
190.84267258644104,0.18077,0.014064
190.89025855064392,0.18201,0.014142
190.94438791275024,0.18303,0.014048
190.99130654335022,0.183,0.014021
191.04671335220337,0.18432,0.014035
191.09461545944214,0.18616,0.01416
191.1468849182129,0.18705,0.014057
191.19700622558594,0.18825,0.014024
191.25074172019958,0.18828,0.014035
191.30076360702515,0.1894,0.013994
191.35194540023804,0.19037,0.014102
191.4008777141571,0.19136,0.014108
191.45065569877625,0.19235,0.014062
191.50086522102356,0.19345,0.014092
191.54809641838074,0.19451,0.014064
191.6012876033783,0.19653,0.01411
191.65526700019836,0.19641,0.014149
191.70152235031128,0.19756,0.014082
191.75442934036255,0.19856,0.014081
191.80771613121033,0.19964,0.014109
191.85685229301453,0.20051,0.014007
191.90658950805664,0.20147,0.014037
191.96058630943298,0.20353,0.014129
192.00876474380493,0.20393,0.014087
192.0609860420227,0.20469,0.014012
192.108824968338,0.20571,0.014007
192.16212725639343,0.20689,0.013875
192.21140575408936,0.20771,0.013766
192.26076197624207,0.20977,0.013987
192.31395745277405,0.20985,0.013931
192.36672139167786,0.21091,0.013982
192.41414666175842,0.21196,0.014173
192.46574187278748,0.21291,0.013949
192.5154321193695,0.21368,0.01402
192.5631935596466,0.215,0.014107
192.61512732505798,0.21585,0.014128
192.6710124015808,0.21709,0.01399
192.72164011001587,0.21799,0.014071
192.76933193206787,0.21897,0.01408
192.8250687122345,0.21991,0.014132
192.87314414978027,0.22093,0.014175
192.92624711990356,0.22207,0.014148
192.97479486465454,0.22295,0.014195
193.02605605125427,0.22403,0.014166
193.0725293159485,0.22499,0.014123
193.12459778785706,0.22517,0.014241
193.17602515220642,0.22708,0.014107
193.2282679080963,0.22812,0.014094
193.28249597549438,0.229,0.014142
193.32724738121033,0.23004,0.01415
193.3812379837036,0.23007,0.014012
193.4290201663971,0.23207,0.013938
193.47944617271423,0.23284,0.014154
193.5334346294403,0.23313,0.014097
193.5810046195984,0.235,0.014039
193.6339418888092,0.23605,0.014174
193.6832947731018,0.23699,0.014047
193.7336597442627,0.23816,0.014099
193.78286051750183,0.23895,0.01406
193.83500051498413,0.23904,0.014152
193.88342237472534,0.24104,0.013955
193.9337944984436,0.24189,0.014159
193.98339533805847,0.24303,0.014138
194.0365025997162,0.24391,0.014097
194.08471512794495,0.24365,0.014017
194.13129591941833,0.24591,0.014042
194.18331480026245,0.24592,0.014061
194.2362174987793,0.24801,0.013975
194.28586626052856,0.24896,0.014239
194.3335039615631,0.25004,0.014149
194.38705849647522,0.2498,0.014049
194.4368016719818,0.25108,0.014014
194.487708568573,0.25188,0.014117
194.54235124588013,0.25413,0.014057
194.5917091369629,0.25492,0.014068
194.65084195137024,0.25595,0.013972
194.69729113578796,0.25695,0.014058
194.74783992767334,0.25693,0.013985
194.79899859428406,0.25787,0.013988
194.85153770446777,0.25896,0.014137
194.90218353271484,0.26083,0.014064
194.95173239707947,0.26184,0.014086
194.999764919281,0.26288,0.014012
195.05302238464355,0.26393,0.014042
195.10152745246887,0.26383,0.013813
195.1515679359436,0.26477,0.014045
195.20379114151,0.26591,0.013945
195.2537486553192,0.26683,0.013949
195.30516123771667,0.26887,0.014031
195.35653424263,0.26973,0.013993
195.40417075157166,0.27083,0.01398
195.45520758628845,0.27092,0.013989
195.5071885585785,0.27189,0.013835
195.5598645210266,0.27277,0.013986
195.61500310897827,0.27379,0.014021
195.66298913955688,0.27564,0.013925
195.71284079551697,0.27675,0.014093
195.7611792087555,0.27652,0.014025
195.8109269142151,0.27895,0.014065
195.86590099334717,0.27889,0.014109
195.91698169708252,0.27975,0.014071
195.9651288986206,0.2806,0.014168
196.01882576942444,0.28263,0.014117
196.06501531600952,0.28357,0.014118
196.12062239646912,0.28379,0.014066
196.16944980621338,0.28455,0.014215
196.2238323688507,0.28563,0.014237
196.2712504863739,0.28652,0.014264
196.32385921478271,0.28748,0.014111
196.37409114837646,0.28952,0.01407
196.42214107513428,0.29047,0.014142
196.47547364234924,0.29048,0.014165
196.52635407447815,0.29241,0.014081
196.5744071006775,0.29345,0.014204
196.62395405769348,0.29363,0.014136
196.67591285705566,0.29444,0.014135
196.72705507278442,0.29524,0.014202
196.7767562866211,0.29656,0.014093
196.8285779953003,0.29727,0.014138
196.88083958625793,0.29935,0.014292
196.92982459068298,0.29924,0.014086
196.98532128334045,0.30037,0.014067
197.03540587425232,0.30145,0.014074
197.08322620391846,0.30232,0.014122
197.13280701637268,0.3036,0.01416
197.18757843971252,0.30764,0.014184
197.23721170425415,0.30953,0.014
197.28680849075317,0.30963,0.014253
197.33702397346497,0.31187,0.014081
197.38842701911926,0.31375,0.014111
197.43665409088135,0.31575,0.014103
197.4885516166687,0.31804,0.01414
197.5397448539734,0.048093,0.014112
197.58830285072327,0.04968,0.014089
197.6399142742157,0.05196,0.014092
197.68752217292786,0.054827,0.014125
197.73949599266052,0.057387,0.014072
197.78928995132446,0.057533,0.014174
197.84241032600403,0.063253,0.014147
197.89407587051392,0.066227,0.014179
197.94286131858826,0.068653,0.014063
197.99480891227722,0.071467,0.014263
198.0430567264557,0.074347,0.014209
198.0974943637848,0.07716,0.014102
198.14557480812073,0.079933,0.01418
198.20041227340698,0.08272,0.014201
198.24607610702515,0.0852,0.01407
198.30203366279602,0.088107,0.014086
198.34848833084106,0.090813,0.014016
198.4017415046692,0.090707,0.014094
198.44953632354736,0.09404,0.014007
198.500501871109,0.09448,0.014
198.55146527290344,0.097147,0.013938
198.60070729255676,0.098173,0.014062
198.65228509902954,0.099373,0.014057
198.70250964164734,0.10076,0.014061
198.75217175483704,0.10211,0.014087
198.80362558364868,0.10339,0.01403
198.85257172584534,0.10345,0.013981
198.90325927734375,0.10451,0.014031
198.9551043510437,0.10695,0.014074
199.00497579574585,0.1082,0.014003
199.05519556999207,0.10944,0.013988
199.10510087013245,0.11091,0.013981
199.15545392036438,0.11089,0.014107
199.20367646217346,0.1122,0.013875
199.26006650924683,0.11443,0.014057
199.3064615726471,0.11568,0.013954
199.35832619667053,0.11589,0.013995
199.41155195236206,0.11807,0.014051
199.46130967140198,0.11943,0.01405
199.5141966342926,0.12059,0.013942
199.56698942184448,0.12081,0.014051
199.61650824546814,0.12195,0.014071
199.6624391078949,0.123,0.013957
199.71601128578186,0.12408,0.014085
199.76438331604004,0.12656,0.014046
199.81392979621887,0.12765,0.014065
199.86302018165588,0.12768,0.013952
199.91976928710938,0.12877,0.014104
199.97031235694885,0.1302,0.014161
200.01745748519897,0.13123,0.014175
200.06811213493347,0.13244,0.014084
200.12079501152039,0.13344,0.014071
200.17034649848938,0.13593,0.01405
200.22145795822144,0.13683,0.014071
200.27208375930786,0.13785,0.014159
200.3203125,0.13815,0.014108
200.3745219707489,0.13919,0.014183
200.42394018173218,0.14136,0.014342
200.4780786037445,0.14264,0.014152
200.5312535762787,0.14247,0.014206
200.58099961280823,0.14367,0.01402
200.63505625724792,0.14477,0.014052
200.68412733078003,0.14716,0.014059
200.73388934135437,0.14716,0.014077
200.78739500045776,0.14833,0.014077
200.840975522995,0.1492,0.014032
200.8883535861969,0.15044,0.014133
200.94072890281677,0.15159,0.014057
200.99291586875916,0.15399,0.014237
201.0431444644928,0.15505,0.014168
201.09361362457275,0.15608,0.014131
201.14246559143066,0.15704,0.014202
201.19470763206482,0.15727,0.01426
201.2451090812683,0.15828,0.014086
201.29449033737183,0.15921,0.01414
201.3507525920868,0.1604,0.014094
201.4018292427063,0.16256,0.014235
201.44952249526978,0.16265,0.014106
201.49991941452026,0.16369,0.014219
201.5503180027008,0.1648,0.014161
201.60148739814758,0.16588,0.014034
201.6490397453308,0.16697,0.014072
201.70102286338806,0.16809,0.014111
201.7513542175293,0.17024,0.014149
201.8049099445343,0.17093,0.014137
201.85068607330322,0.17113,0.014106
201.90429782867432,0.17195,0.014107
201.95211029052734,0.17332,0.014105
202.00571966171265,0.17443,0.014041
202.05820155143738,0.17543,0.01406
202.10542798042297,0.17652,0.014129
202.1565456390381,0.17763,0.013973
202.20840048789978,0.17864,0.014048
202.25643706321716,0.17941,0.014157
202.30825400352478,0.18057,0.013993
202.35489988327026,0.18172,0.014091
202.4051661491394,0.18287,0.01414
202.45776629447937,0.18489,0.014051
202.50879168510437,0.18491,0.014195
202.5547375679016,0.186,0.014076
202.6097686290741,0.18697,0.014049
202.65857100486755,0.18796,0.014192
202.70906472206116,0.18901,0.014198
202.76008796691895,0.19005,0.01407
202.81110453605652,0.19004,0.014123
202.86236333847046,0.19209,0.014166
202.9107072353363,0.19332,0.014016
202.9636218547821,0.19421,0.014155
203.0105414390564,0.19535,0.014113
203.06296849250793,0.19625,0.014121
203.1124725341797,0.1974,0.014083
203.16526556015015,0.19755,0.014101
203.21286821365356,0.19935,0.014025
203.2648470401764,0.19937,0.014029
203.3121349811554,0.20145,0.014169
203.36323976516724,0.20241,0.014122
203.4158763885498,0.20351,0.014001
203.46391034126282,0.20453,0.014072
203.51546692848206,0.20461,0.014089
203.56711435317993,0.20536,0.014108
203.61819505691528,0.20768,0.014114
203.66654777526855,0.2084,0.014061
203.71717262268066,0.20953,0.014089
203.77064752578735,0.20976,0.014058
203.81996774673462,0.21167,0.014054
203.87021136283875,0.21176,0.014064
203.9250030517578,0.2136,0.014057
203.97379899024963,0.21457,0.014154
204.02328729629517,0.21468,0.014075
204.07451915740967,0.21583,0.014142
204.12409090995789,0.21676,0.014145
204.17832922935486,0.21792,0.014071
204.22519159317017,0.21867,0.014054
204.27780890464783,0.21969,0.014089
204.32579684257507,0.22187,0.014228
204.37665367126465,0.22184,0.014124
204.42573761940002,0.22277,0.014084
204.47895431518555,0.22384,0.014124
204.52741622924805,0.22477,0.01408
204.5797848701477,0.22576,0.014155
204.6271471977234,0.22667,0.014164
204.68045616149902,0.22781,0.014125
204.7337396144867,0.2288,0.014125
204.78146052360535,0.23068,0.014138
204.83307480812073,0.23168,0.014179
204.8891441822052,0.23279,0.01416
204.93604969978333,0.23275,0.01418
204.98664474487305,0.23376,0.014104
205.03719282150269,0.23471,0.01408
205.0858919620514,0.23572,0.014061
205.13817644119263,0.23772,0.014118
205.18713235855103,0.23776,0.014053
205.23679375648499,0.23849,0.014204
205.2860791683197,0.23968,0.014094
205.34236907958984,0.24063,0.014047
205.38878560066223,0.24183,0.01409
205.44078969955444,0.24279,0.01417
205.49157428741455,0.24481,0.01402
205.5492341518402,0.24448,0.014171
205.59659123420715,0.24591,0.014122
205.6481819152832,0.24679,0.014058
205.69712591171265,0.24781,0.014042
205.74898433685303,0.24873,0.014029
205.79874420166016,0.24957,0.01416
205.84891557693481,0.25064,0.014166
205.89725375175476,0.25267,0.014065
205.9513716697693,0.25284,0.014067
206.00135922431946,0.25379,0.014186
206.05012559890747,0.25477,0.013982
206.1013572216034,0.25559,0.013959
206.1527602672577,0.25664,0.014029
206.19935488700867,0.25768,0.014077
206.25015020370483,0.25843,0.014112
206.3019666671753,0.25989,0.014055
206.3559422492981,0.26079,0.014166
206.40654253959656,0.26167,0.014086
206.4541335105896,0.26268,0.014137
206.50593400001526,0.26357,0.01409
206.55642890930176,0.26364,0.014094
206.60398173332214,0.26564,0.013997
206.65679097175598,0.26569,0.014011
206.70521712303162,0.26761,0.014107
206.75857424736023,0.26847,0.01404
206.80603551864624,0.2694,0.013987
206.8559329509735,0.27053,0.013954
206.91157698631287,0.27159,0.014096
206.957528591156,0.27227,0.014032
207.01560187339783,0.27243,0.014032
207.06815671920776,0.2736,0.013962
207.11539578437805,0.27548,0.014157
207.16626024246216,0.27635,0.014062
207.21814060211182,0.27744,0.014019
207.26778769493103,0.27831,0.014167
207.31552934646606,0.27833,0.014091
207.36859130859375,0.28049,0.014154
207.42077827453613,0.28139,0.014122
207.4671230316162,0.28237,0.014004
207.5176088809967,0.28224,0.014205
207.57148504257202,0.28336,0.014124
207.62574768066406,0.28431,0.014174
207.67381238937378,0.28545,0.014113
207.72164821624756,0.28736,0.014157
207.7758972644806,0.2874,0.014113
207.82623839378357,0.28933,0.014174
207.878333568573,0.28947,0.014227
207.92842149734497,0.29031,0.014101
207.97916555404663,0.29152,0.014178
208.02574253082275,0.29336,0.014081
208.07813429832458,0.2944,0.014161
208.13111853599548,0.29512,0.014171
208.18147158622742,0.29636,0.014146
208.23350930213928,0.29705,0.014118
208.28336930274963,0.29723,0.014087
208.33387422561646,0.29813,0.014119
208.38625383377075,0.29901,0.014043
208.4362347126007,0.30117,0.014093
208.48666334152222,0.30201,0.014093
208.53623795509338,0.30336,0.013996
208.58475542068481,0.30296,0.014059
208.6364278793335,0.30529,0.014107
208.68612241744995,0.30931,0.014076
208.73833656311035,0.31123,0.014091
208.78759741783142,0.3114,0.013986
208.8418469429016,0.31344,0.014194
208.89043927192688,0.31573,0.013908
208.94007468223572,0.31763,0.01415
208.9898281097412,0.049187,0.014198
209.04078364372253,0.049453,0.013958
209.08903741836548,0.054,0.014189
209.1410584449768,0.057,0.014188
209.1930649280548,0.05692,0.014184
209.24132776260376,0.06244,0.014084
209.29237508773804,0.06264,0.014144
209.34564638137817,0.065413,0.01414
209.3955466747284,0.068333,0.014113
209.44384479522705,0.073987,0.014117
209.49494695663452,0.07672,0.014017
209.54327273368835,0.079347,0.014117
209.59403586387634,0.082187,0.014117
209.64401745796204,0.082187,0.014171
209.69443464279175,0.084773,0.014151
209.74137926101685,0.087733,0.014161
209.79779601097107,0.090347,0.014182
209.8458755016327,0.092627,0.014145
209.8913815021515,0.095347,0.014158
209.94554662704468,0.095267,0.014157
210.00140714645386,0.096547,0.013999
210.05091738700867,0.097907,0.014216
210.09900975227356,0.099187,0.014133
210.14918518066406,0.10041,0.0141
210.19682145118713,0.10056,0.014075
210.25132584571838,0.10305,0.014067
210.3032021522522,0.10436,0.014048
210.34933948516846,0.10564,0.014011
210.40122652053833,0.10652,0.014008
210.45159816741943,0.10777,0.014051
210.501455783844,0.10931,0.014063
210.55500602722168,0.11051,0.014181
210.60362005233765,0.1118,0.014015
210.65400743484497,0.11299,0.014038
210.70219731330872,0.11435,0.013992
210.75672459602356,0.11429,0.01416
210.80198979377747,0.11655,0.013981
210.85702967643738,0.11775,0.014081
210.906391620636,0.11917,0.014068
210.95405864715576,0.12037,0.013991
211.00930166244507,0.12147,0.014107
211.0612599849701,0.12265,0.014036
211.10887026786804,0.1226,0.014064
211.16048002243042,0.12517,0.014126
211.21021223068237,0.1262,0.014058
211.26137113571167,0.1272,0.013996
211.3120424747467,0.12873,0.014025
211.3628125190735,0.12859,0.014043
211.41553854942322,0.13103,0.013999
211.46384525299072,0.13104,0.013983
211.51447057724,0.13191,0.014035
211.56852006912231,0.13331,0.014003
211.61682319641113,0.13457,0.014147
211.66882181167603,0.13676,0.014094
211.71459984779358,0.13789,0.014148
211.76887154579163,0.13785,0.014126
211.81769347190857,0.13915,0.014127
211.86806988716125,0.14132,0.014095
211.91633915901184,0.14252,0.014116
211.96701550483704,0.14251,0.014059
212.02023839950562,0.14367,0.014103
212.06932592391968,0.14485,0.014138
212.11985540390015,0.146,0.014129
212.1726155281067,0.14704,0.014223
212.2234137058258,0.14932,0.014197
212.27199959754944,0.1502,0.014043
212.3221080303192,0.15133,0.01417
212.37194156646729,0.15143,0.014015
212.42496180534363,0.15265,0.014091
212.47775673866272,0.15371,0.014123
212.52855896949768,0.15476,0.014124
212.5767261981964,0.15595,0.014146
212.62809228897095,0.15703,0.014181
212.6788306236267,0.158,0.014168
212.73192954063416,0.15904,0.014193
212.7798194885254,0.16131,0.014001
212.82909607887268,0.16133,0.014052
212.8780233860016,0.16253,0.014112
212.92628502845764,0.16357,0.014095
212.9808793067932,0.16467,0.014139
213.03126311302185,0.16575,0.014015
213.08182740211487,0.16691,0.014318
213.13386607170105,0.16775,0.014147
213.1810073852539,0.169,0.014088
213.2325301170349,0.17004,0.014127
213.28523182868958,0.17117,0.014164
213.3345148563385,0.17223,0.013933
213.38526105880737,0.17332,0.014118
213.4350128173828,0.17417,0.014168
213.48432540893555,0.17541,0.014238
213.53431057929993,0.17627,0.014117
213.59024572372437,0.17733,0.014036
213.6372845172882,0.17872,0.014167
213.69355630874634,0.17951,0.014144
213.74430871009827,0.18049,0.014148
213.79149532318115,0.18153,0.014141
213.84635996818542,0.18251,0.014219
213.89508748054504,0.18357,0.014163
213.9479465484619,0.18572,0.014282
213.9958851337433,0.18589,0.014189
214.04547905921936,0.18671,0.014101
214.09778499603271,0.18779,0.014081
214.14680194854736,0.18877,0.014112
214.19764304161072,0.19003,0.014131
214.24776434898376,0.19103,0.014206
214.30277848243713,0.19303,0.014148
214.34950304031372,0.19316,0.014081
214.4030783176422,0.19425,0.014061
214.4526834487915,0.19519,0.014215
214.50696182250977,0.19624,0.014095
214.55594563484192,0.19713,0.014163
214.60394048690796,0.19816,0.014156
214.6556363105774,0.19913,0.014076
214.70448780059814,0.20028,0.014098
214.75897526741028,0.20112,0.014107
214.80907535552979,0.2024,0.01389
214.8557267189026,0.20331,0.013997
214.90718746185303,0.20443,0.01404
214.96056294441223,0.20536,0.014133
215.00817394256592,0.20633,0.014109
215.05661582946777,0.2076,0.014167
215.1115710735321,0.20856,0.01419
215.1638684272766,0.2096,0.014073
215.21271133422852,0.21041,0.014191
215.26234650611877,0.21165,0.014135
215.31634664535522,0.21279,0.014107
215.36895060539246,0.21351,0.014046
215.41668462753296,0.21447,0.014215
215.46436762809753,0.21551,0.014186
215.51638555526733,0.21565,0.014128
215.5666332244873,0.21755,0.014209
215.62058544158936,0.21856,0.014162
215.67211270332336,0.21951,0.014124
215.72018909454346,0.22059,0.014154
215.77036333084106,0.22059,0.014175
215.81882619857788,0.22165,0.014097
215.87245202064514,0.22271,0.014204
215.9201362133026,0.22392,0.014121
215.971985578537,0.2258,0.014169
216.02186179161072,0.22669,0.014257
216.07403707504272,0.22761,0.014168
216.1259434223175,0.22852,0.014213
216.17031383514404,0.22843,0.014165
216.22694325447083,0.22968,0.014093
216.27923011779785,0.23073,0.014091
216.32945275306702,0.23161,0.014209
216.3771457672119,0.23268,0.014241
216.42915844917297,0.23465,0.014222
216.4799563884735,0.23456,0.014185
216.5307900905609,0.23549,0.014263
216.5781397819519,0.23663,0.014144
216.6314399242401,0.23753,0.014177
216.67939853668213,0.23873,0.014255
216.729834318161,0.23972,0.014185
216.78113746643066,0.24055,0.014181
216.83262968063354,0.24263,0.014044
216.88252997398376,0.24277,0.014098
216.93384313583374,0.24368,0.014147
216.97962307929993,0.24476,0.014238
217.03257608413696,0.24563,0.014161
217.08241486549377,0.24667,0.014211
217.13281512260437,0.24772,0.014091
217.18407773971558,0.24869,0.014066
217.2319929599762,0.24977,0.014176
217.28243565559387,0.25076,0.014136
217.33104515075684,0.25171,0.014071
217.38518857955933,0.25263,0.014071
217.44033908843994,0.25365,0.014164
217.48976635932922,0.25469,0.014115
217.53661179542542,0.25544,0.014044
217.59319472312927,0.25749,0.014136
217.64270305633545,0.25855,0.014123
217.6898238658905,0.25859,0.014103
217.74309396743774,0.25973,0.014243
217.79989981651306,0.26059,0.014236
217.84556818008423,0.26148,0.014094
217.89750480651855,0.26251,0.014157
217.94591450691223,0.26371,0.014129
217.99746680259705,0.26541,0.014157
218.04868745803833,0.26561,0.014085
218.103821516037,0.26667,0.014071
218.1542239189148,0.26751,0.014112
218.20383048057556,0.26845,0.014146
218.25445652008057,0.26959,0.014042
218.30276727676392,0.2704,0.0141
218.3599865436554,0.27139,0.014053
218.40984773635864,0.27337,0.014134
218.46471691131592,0.27425,0.014095
218.5127556324005,0.27453,0.014056
218.5632848739624,0.27528,0.014184
218.61400198936462,0.27633,0.014066
218.66655898094177,0.27737,0.014203
218.7159128189087,0.27831,0.014249
218.76423454284668,0.27848,0.013931
218.81416082382202,0.28025,0.014123
218.86828780174255,0.2814,0.01417
218.91514706611633,0.28229,0.014199
218.9648585319519,0.28332,0.014146
219.01480078697205,0.28424,0.014207
219.06568050384521,0.28532,0.014216
219.11635899543762,0.28628,0.014128
219.16963028907776,0.28723,0.01418
219.22003626823425,0.28736,0.014219
219.2685730457306,0.28936,0.014294
219.32162618637085,0.29016,0.014193
219.3742036819458,0.29105,0.014236
219.4215497970581,0.2922,0.014327
219.47296047210693,0.29335,0.014205
219.52066445350647,0.29315,0.014161
219.57108974456787,0.29519,0.014183
219.6224400997162,0.29523,0.014335
219.6723551750183,0.29723,0.014217
219.72272515296936,0.29808,0.01405
219.77394223213196,0.29904,0.014152
219.8256254196167,0.29975,0.014125
219.87420630455017,0.30087,0.014094
219.92577290534973,0.30121,0.014076
219.97574377059937,0.30304,0.014141
220.02612137794495,0.30495,0.014031
220.07425141334534,0.30712,0.014087
220.1257131099701,0.30695,0.014132
220.18050694465637,0.30932,0.013999
220.22890639305115,0.31109,0.014076
220.27544021606445,0.31513,0.014056
220.3269398212433,0.31619,0.014083
220.37685585021973,0.049773,0.014145
220.4308738708496,0.04964,0.014201
220.4781849384308,0.048693,0.014072
220.53062963485718,0.051213,0.014139
220.57937455177307,0.053907,0.014207
220.62724041938782,0.056693,0.014107
220.68705439567566,0.059387,0.013798
220.73428869247437,0.065267,0.014122
220.78484463691711,0.067827,0.01412
220.83606505393982,0.06932,0.014139
220.8837113380432,0.073467,0.013982
220.93555688858032,0.073453,0.014194
220.9834532737732,0.0764,0.014051
221.03872418403625,0.078947,0.014173
221.0882430076599,0.0818,0.014203
221.13678765296936,0.084693,0.01417
221.1877624988556,0.090027,0.014183
221.2382652759552,0.092467,0.014193
221.28517484664917,0.0926,0.014076
221.34086060523987,0.094,0.014181
221.38666534423828,0.095213,0.01408
221.43906497955322,0.09652,0.014142
221.4862630367279,0.09788,0.01416
221.54297590255737,0.099067,0.014165
221.5903069972992,0.10153,0.014107
221.64428973197937,0.10169,0.013991
221.6922345161438,0.10275,0.014086
221.74443244934082,0.10408,0.014318
221.79371571540833,0.10555,0.014237
221.84444880485535,0.10661,0.014022
221.89457654953003,0.10804,0.01397
221.94357824325562,0.10903,0.013965
221.99382710456848,0.11048,0.014126
222.04719066619873,0.11164,0.014117
222.09477615356445,0.11161,0.014132
222.14495635032654,0.11409,0.014138
222.1969108581543,0.11533,0.014015
222.24732732772827,0.11664,0.014022
222.29743242263794,0.11773,0.014069
222.3495638370514,0.11895,0.014058
222.39689826965332,0.12037,0.013972
222.4459958076477,0.12152,0.013989
222.49675607681274,0.12257,0.014072
222.5499701499939,0.12384,0.014006
222.59682035446167,0.12368,0.014133
222.65093684196472,0.12601,0.014097
222.6985354423523,0.12612,0.014057
222.7484586238861,0.12845,0.014137
222.8026158809662,0.12864,0.013839
222.8483591079712,0.13089,0.013964
222.90038084983826,0.13204,0.014088
222.95300149917603,0.13311,0.01401
223.00223541259766,0.13311,0.014133
223.0518569946289,0.13409,0.014098
223.1021945476532,0.13684,0.014175
223.15431547164917,0.13687,0.014277
223.2039818763733,0.13876,0.014172
223.25252270698547,0.14011,0.014163
223.30489683151245,0.14113,0.014219
223.35393691062927,0.14227,0.014232
223.40546703338623,0.14237,0.014161
223.45435643196106,0.14353,0.014169
223.49983525276184,0.14443,0.014229
223.55542993545532,0.14581,0.014219
223.6082158088684,0.14773,0.014122
223.6540846824646,0.14784,0.014107
223.70572352409363,0.14912,0.014235
223.75530219078064,0.15012,0.014181
223.80702352523804,0.1512,0.014226
223.85818767547607,0.15341,0.014229
223.91106486320496,0.15459,0.014273
223.96264791488647,0.15548,0.014167
224.01001358032227,0.15563,0.014245
224.06097435951233,0.15696,0.014174
224.1108148097992,0.15781,0.014183
224.16170191764832,0.15892,0.014236
224.2118136882782,0.15988,0.014228
224.2644603252411,0.16104,0.014295
224.30977296829224,0.16232,0.014343
224.3608193397522,0.16327,0.014093
224.41430521011353,0.16441,0.014188
224.46376633644104,0.16536,0.014187
224.5136821269989,0.16775,0.014245
224.56329154968262,0.16797,0.014287
224.61264991760254,0.16881,0.014237
224.66609501838684,0.16983,0.014178
224.7152750492096,0.17105,0.014109
224.764817237854,0.17205,0.014092
224.81405806541443,0.17295,0.013969
224.8664116859436,0.17408,0.014105
224.91586232185364,0.17531,0.014293
224.9665343761444,0.17611,0.014138
225.01637887954712,0.17735,0.014145
225.06497740745544,0.17815,0.014129
225.11575150489807,0.17836,0.014135
225.16783356666565,0.18052,0.014241
225.21966075897217,0.18135,0.014164
225.2659420967102,0.18235,0.014151
225.31936812400818,0.18252,0.014144
225.36706161499023,0.18375,0.014177
225.41979670524597,0.18576,0.014119
225.46932363510132,0.18677,0.014215
225.52037358283997,0.18755,0.014186
225.5697638988495,0.18885,0.014214
225.61936974525452,0.18976,0.014171
225.66951251029968,0.19079,0.014162
225.72303795814514,0.19103,0.014112
225.77253532409668,0.19199,0.014145
225.82396388053894,0.19291,0.014135
225.87196969985962,0.19483,0.014082
225.92224884033203,0.196,0.01416
225.97129201889038,0.19699,0.014153
226.02300906181335,0.19708,0.01409
226.07251834869385,0.19836,0.014277
226.12362337112427,0.19923,0.014086
226.1751856803894,0.20004,0.014136
226.22735500335693,0.20125,0.01418
226.27386951446533,0.20316,0.014073
226.32586359977722,0.20413,0.014033
226.37627863883972,0.20509,0.014231
226.4266984462738,0.20533,0.014167
226.4766194820404,0.20639,0.014084
226.53194189071655,0.20705,0.014151
226.58399987220764,0.20855,0.014101
226.6300015449524,0.20931,0.014132
226.68148136138916,0.21135,0.014049
226.73362708091736,0.21233,0.014204
226.78540182113647,0.21232,0.014116
226.83368396759033,0.21351,0.014055
226.8842737674713,0.21441,0.014215
226.932861328125,0.2154,0.014221
226.9828097820282,0.21748,0.014182
227.03245162963867,0.21845,0.014235
227.08405709266663,0.21843,0.014194
227.1396975517273,0.21991,0.014129
227.1867048740387,0.22055,0.014147
227.24071741104126,0.22156,0.014227
227.28832268714905,0.22255,0.014255
227.3390769958496,0.22351,0.014286
227.38908886909485,0.22444,0.014354
227.43769121170044,0.22552,0.014247
227.49190282821655,0.22676,0.014251
227.5436623096466,0.22751,0.01428
227.59618186950684,0.22848,0.014275
227.6445255279541,0.22949,0.014289
227.6924934387207,0.23055,0.014279
227.74546122550964,0.23144,0.014181
227.7963969707489,0.23249,0.014218
227.84295201301575,0.23471,0.014228
227.89305210113525,0.23463,0.014224
227.9490671157837,0.23571,0.014135
227.99800443649292,0.23663,0.014285
228.0458254814148,0.23764,0.014243
228.09907841682434,0.23873,0.01424
228.1501748561859,0.23975,0.014232
228.1988787651062,0.24145,0.014271
228.2483880519867,0.24161,0.014241
228.29592633247375,0.24268,0.014117
228.3486614227295,0.24359,0.014153
228.39821434020996,0.24453,0.014161
228.44920325279236,0.24548,0.014323
228.5000786781311,0.24659,0.014215
228.54784083366394,0.24668,0.014214
228.60033345222473,0.24845,0.014039
228.6512484550476,0.24949,0.014222
228.70331811904907,0.25047,0.014214
228.7519497871399,0.25151,0.01413
228.80128812789917,0.25269,0.014073
228.85398268699646,0.25348,0.014237
228.9060618877411,0.25455,0.014234
228.9531216621399,0.25536,0.014174
229.00504970550537,0.25539,0.0143
229.05359530448914,0.25667,0.014102
229.10894203186035,0.25843,0.014093
229.15735054016113,0.25947,0.014166
229.20659255981445,0.26049,0.014133
229.25688481330872,0.26048,0.014159
229.30938506126404,0.26243,0.014077
229.35774445533752,0.26255,0.014186
229.40965008735657,0.2644,0.014147
229.45581674575806,0.26533,0.014045
229.506756067276,0.26629,0.014141
229.55797386169434,0.26749,0.014188
229.6152639389038,0.26845,0.014075
229.6624665260315,0.26839,0.014206
229.71261405944824,0.27043,0.014022
229.76093339920044,0.27041,0.01395
229.81049585342407,0.27124,0.014176
229.8631443977356,0.27221,0.014188
229.91244840621948,0.27328,0.013837
229.9646031856537,0.27531,0.014139
230.01945686340332,0.27536,0.013732
230.06755900382996,0.27724,0.014286
230.11778283119202,0.27731,0.014167
230.1680943965912,0.27835,0.014186
230.2192780971527,0.27921,0.014243
230.26810121536255,0.28035,0.014229
230.32265281677246,0.28217,0.014244
230.37065362930298,0.28225,0.014242
230.4210331439972,0.28332,0.01424
230.47041821479797,0.28432,0.014161
230.52234482765198,0.28525,0.014313
230.5673053264618,0.28611,0.014226
230.62113881111145,0.28717,0.014176
230.67314314842224,0.28909,0.014231
230.72849297523499,0.28919,0.01432
230.77657508850098,0.29031,0.014218
230.8285539150238,0.29112,0.014256
230.8766167163849,0.29205,0.014243
230.9261474609375,0.29304,0.014358
230.97808861732483,0.29435,0.014308
231.0292992591858,0.2952,0.014252
231.07975935935974,0.29596,0.014199
231.1308581829071,0.29721,0.014229
231.17914080619812,0.29793,0.014175
231.22870421409607,0.29897,0.014124
231.2802131175995,0.29987,0.01421
231.33211541175842,0.30075,0.014254
231.38303208351135,0.30284,0.014169
231.43170070648193,0.3028,0.014107
231.4801995754242,0.30443,0.014058
231.5334930419922,0.30683,0.014058
231.5845284461975,0.30848,0.014056
231.6335597038269,0.31071,0.014043
231.68106532096863,0.31272,0.014065
231.73270463943481,0.313,0.014169
231.78344464302063,0.31704,0.014174
231.83291912078857,0.04676,0.014165
231.8807394504547,0.048373,0.014068
231.93602776527405,0.050787,0.0142
231.9868814945221,0.053373,0.014288
232.03197050094604,0.056213,0.014163
232.08823132514954,0.059067,0.014225
232.13623452186584,0.059187,0.014175
232.18914222717285,0.064613,0.014163
232.2361490726471,0.064827,0.014163
232.28626489639282,0.070133,0.014134
232.33701348304749,0.070467,0.014247
232.38694787025452,0.072987,0.014237
232.43667674064636,0.07864,0.014029
232.48422956466675,0.081253,0.014231
232.54119658470154,0.084013,0.014166
232.59269618988037,0.086707,0.014137
232.64536046981812,0.0896,0.014189
232.6929316520691,0.089627,0.014209
232.7442865371704,0.093387,0.014166
232.79296588897705,0.094893,0.014174
232.84145736694336,0.096293,0.014097
232.88957834243774,0.09756,0.014043
232.94197344779968,0.097467,0.014219
232.99429726600647,0.09884,0.014079
233.04880785942078,0.10007,0.014062
233.09483408927917,0.10255,0.01409
233.1483073234558,0.10399,0.014048
233.20266675949097,0.10527,0.013993
233.2510049343109,0.10635,0.014026
233.30698251724243,0.10767,0.014049
233.35623407363892,0.10892,0.014193
233.4114863872528,0.10911,0.014027
233.45885372161865,0.11016,0.014091
233.5098307132721,0.11268,0.014123
233.5615050792694,0.11403,0.014065
233.6149983406067,0.115,0.014222
233.6621286869049,0.11649,0.014194
233.71446442604065,0.11741,0.01385
233.7651219367981,0.11887,0.013941
233.81306147575378,0.11965,0.014117
233.8680784702301,0.12131,0.013841
233.91663789749146,0.1214,0.014194
233.9665241241455,0.12345,0.014138
234.01743292808533,0.12352,0.014181
234.06277012825012,0.12473,0.014214
234.12191247940063,0.12599,0.0141
234.16618371009827,0.12832,0.014125
234.22574734687805,0.12935,0.01419
234.27995133399963,0.12961,0.01396
234.32754611968994,0.1306,0.01425
234.379399061203,0.13168,0.014279
234.42893767356873,0.13407,0.014159
234.47723507881165,0.13524,0.014078
234.5293574333191,0.13644,0.014143
234.5794746875763,0.13661,0.014135
234.6332712173462,0.13748,0.014143
234.68212032318115,0.13868,0.01422
234.72863745689392,0.13992,0.01417
234.7809784412384,0.14101,0.014149
234.83178615570068,0.14212,0.014094
234.87949109077454,0.14333,0.0142
234.93139719963074,0.14577,0.014086
234.9837257862091,0.14564,0.014198
235.03150963783264,0.14656,0.014214
235.08142352104187,0.14781,0.014189
235.1384539604187,0.14881,0.01412
235.18765449523926,0.15107,0.014151
235.2349991798401,0.15207,0.014164
235.28525972366333,0.15227,0.014168
235.33568477630615,0.15323,0.014181
235.38886666297913,0.15439,0.014227
235.43685340881348,0.15537,0.014115
235.4872145652771,0.15649,0.014259
235.53771352767944,0.15792,0.014283
235.58837985992432,0.15895,0.014253
235.63647150993347,0.15969,0.014221
235.68894600868225,0.16081,0.014177
235.73866963386536,0.16205,0.01423
235.79161596298218,0.16311,0.014177
235.84247851371765,0.16413,0.0142
235.8890562057495,0.16636,0.014122
235.9431073665619,0.16636,0.014385
235.99252033233643,0.16725,0.014268
236.04413151741028,0.16839,0.014275
236.09223079681396,0.16943,0.014207
236.14196372032166,0.17067,0.014143
236.19458556175232,0.17081,0.014291
236.2429986000061,0.17281,0.014192
236.2965178489685,0.1738,0.014224
236.34197187423706,0.17497,0.014173
236.39500331878662,0.17583,0.014205
236.45200371742249,0.17703,0.014255
236.50102639198303,0.17795,0.014191
236.55139899253845,0.17911,0.014199
236.5998032093048,0.18028,0.014038
236.65119647979736,0.18115,0.014225
236.70160603523254,0.18221,0.014167
236.7534201145172,0.18325,0.014158
236.80196833610535,0.18429,0.014225
236.84991478919983,0.18459,0.014267
236.90450930595398,0.18664,0.01419
236.95158314704895,0.18752,0.014112
237.00338101387024,0.18837,0.014152
237.05603313446045,0.18957,0.014073
237.11343002319336,0.19047,0.014207
237.15991020202637,0.19068,0.014176
237.21923542022705,0.19272,0.014263
237.26737070083618,0.19383,0.014203
237.31536054611206,0.19472,0.014123
237.37386870384216,0.19573,0.014384
237.4282922744751,0.19668,0.014026
237.47470784187317,0.19781,0.013728
237.52690720558167,0.19899,0.014163
237.578932762146,0.1998,0.01416
237.62652897834778,0.20099,0.014154
237.67745852470398,0.20189,0.014185
237.72814536094666,0.20287,0.014068
237.78039169311523,0.20385,0.014117
237.83205652236938,0.2048,0.01408
237.87910199165344,0.20587,0.014206
237.93108773231506,0.20693,0.014184
237.98055982589722,0.20809,0.014179
238.03158044815063,0.20916,0.014164
238.07967948913574,0.20931,0.014148
238.13351464271545,0.21121,0.014153
238.1828670501709,0.21216,0.014072
238.23321652412415,0.21295,0.014182
238.28194546699524,0.21411,0.014189
238.33041405677795,0.21413,0.014211
238.38104224205017,0.21619,0.014191
238.43372106552124,0.21605,0.014276
238.48148727416992,0.21728,0.014227
238.53306007385254,0.21828,0.01416
238.58253860473633,0.22029,0.01412
238.63353514671326,0.22131,0.014224
238.6840500831604,0.22223,0.014238
238.73194479942322,0.22321,0.014281
238.78062772750854,0.22337,0.014291
238.83219265937805,0.22421,0.014299
238.88674783706665,0.22444,0.014375
238.93654084205627,0.22729,0.014226
238.98619318008423,0.22837,0.014305
239.03807735443115,0.22932,0.014302
239.08798146247864,0.23037,0.014342
239.13652420043945,0.23033,0.014327
239.18535900115967,0.23148,0.014244
239.237309217453,0.23243,0.014294
239.28694105148315,0.23323,0.014219
239.33685755729675,0.23435,0.014353
239.38875198364258,0.23535,0.014329
239.43881487846375,0.23743,0.014252
239.48725867271423,0.23716,0.014296
239.53839778900146,0.23829,0.014253
239.59038877487183,0.23939,0.01423
239.637775182724,0.24031,0.014234
239.68823432922363,0.24137,0.014282
239.73811292648315,0.24225,0.01425
239.79101634025574,0.2434,0.014239
239.84060859680176,0.24429,0.014161
239.8935341835022,0.24532,0.014239
239.9412362575531,0.24635,0.014252
239.99206399917603,0.24741,0.014187
240.0442249774933,0.24837,0.014095
240.09654784202576,0.24924,0.014237
240.14684081077576,0.25039,0.014106
240.19330978393555,0.2514,0.014251
240.24285221099854,0.25224,0.014173
240.29354858398438,0.2534,0.014137
240.3473618030548,0.25449,0.014145
240.39875030517578,0.25527,0.014142
240.44781804084778,0.25613,0.014103
240.49841785430908,0.25729,0.014228
240.54596710205078,0.2582,0.014082
240.599139213562,0.25931,0.014155
240.64833426475525,0.26016,0.01413
240.70140600204468,0.26127,0.01409
240.74735069274902,0.26227,0.014098
240.7997989654541,0.26325,0.014082
240.8473253250122,0.26421,0.014122
240.90167546272278,0.26516,0.014251
240.9532995223999,0.2662,0.014164
241.00208497047424,0.26724,0.014129
241.0490050315857,0.26727,0.014174
241.1036765575409,0.26921,0.014115
241.15322732925415,0.27011,0.013978
241.20206880569458,0.27103,0.014165
241.2503411769867,0.27221,0.014165
241.30390524864197,0.2732,0.014215
241.35383701324463,0.27319,0.014261
241.40494418144226,0.27407,0.014197
241.45510363578796,0.27607,0.014312
241.5056757926941,0.27707,0.014301
241.5544605255127,0.27819,0.014213
241.60734152793884,0.27909,0.014368
241.65453052520752,0.27996,0.014278
241.7086148262024,0.28001,0.014332
241.7598991394043,0.28105,0.014365
241.8045642375946,0.28219,0.014297
241.85699033737183,0.28323,0.014348
241.91562128067017,0.2852,0.014485
241.96663117408752,0.28601,0.014283
242.0145194530487,0.28601,0.014297
242.06489515304565,0.28713,0.014319
242.1172730922699,0.288,0.014369
242.16446495056152,0.28888,0.014344
242.21704840660095,0.29084,0.014393
242.26527190208435,0.29184,0.014419
242.3166778087616,0.29192,0.014362
242.3652172088623,0.29289,0.014441
242.4184422492981,0.29372,0.014405
242.46667003631592,0.29457,0.014368
242.518714427948,0.29589,0.014311
242.5666844844818,0.29672,0.014247
242.61861419677734,0.29863,0.014306
242.6680247783661,0.29891,0.014217
242.72203159332275,0.29967,0.014216
242.76793313026428,0.3006,0.014118
242.82098078727722,0.30192,0.014171
242.8693768978119,0.30296,0.014217
242.92406177520752,0.30439,0.014138
242.96924495697021,0.30607,0.014089
243.02324032783508,0.30819,0.014149
243.068377494812,0.31041,0.014142
243.12547206878662,0.31216,0.014078
243.17143273353577,0.31444,0.014075
243.2209825515747,0.31651,0.014149
243.27076816558838,0.04688,0.014248
243.32305669784546,0.047787,0.014098
243.3753697872162,0.05016,0.01422
243.4232461452484,0.053053,0.014322
243.4723117351532,0.055653,0.014231
243.52304649353027,0.055733,0.014226
243.5769374370575,0.061227,0.01425
243.62933468818665,0.064227,0.014261
243.67655229568481,0.066987,0.01418
243.7279622554779,0.067,0.014207
243.77442455291748,0.072373,0.014243
243.82762479782104,0.075387,0.014263
243.88212203979492,0.078107,0.014264
243.92725014686584,0.080773,0.0141
243.98118042945862,0.080933,0.014285
244.03448796272278,0.083467,0.01431
244.09068298339844,0.08648,0.01417
244.13543438911438,0.091653,0.014169
244.18793296813965,0.093413,0.014215
244.24020051956177,0.094653,0.014241
244.28863859176636,0.09612,0.014261
244.33717346191406,0.097293,0.014157
244.3921799659729,0.098587,0.014171
244.43598079681396,0.098707,0.014199
244.48817348480225,0.09968,0.014204
244.5372896194458,0.10237,0.014167
244.5882396697998,0.10381,0.014114
244.6406819820404,0.10484,0.014098
244.69165539741516,0.10484,0.014091
244.7405560016632,0.10736,0.014081
244.79251885414124,0.10879,0.014106
244.84531545639038,0.1098,0.01402
244.8935182094574,0.11107,0.0141
244.94367599487305,0.11143,0.014078
244.99251627922058,0.11373,0.014062
245.04363346099854,0.1148,0.014159
245.09641003608704,0.11609,0.014058
245.14639139175415,0.11733,0.014064
245.19530129432678,0.11851,0.014014
245.24686479568481,0.11875,0.0141
245.29535841941833,0.11973,0.014081
245.34401774406433,0.12089,0.014133
245.39912724494934,0.12223,0.014223
245.44520378112793,0.12436,0.014075
245.49672269821167,0.12459,0.0141
245.550390958786,0.12544,0.014064
245.59747576713562,0.12707,0.014252
245.6515350341797,0.12813,0.014123
245.69680976867676,0.12925,0.014169
245.75026726722717,0.13033,0.014084
245.80037569999695,0.13141,0.014217
245.85071969032288,0.13393,0.014111
245.90266919136047,0.13399,0.014169
245.94960570335388,0.1362,0.01413
246.00284719467163,0.13625,0.013936
246.05142855644226,0.13751,0.014234
246.10336327552795,0.13843,0.014049
246.155775308609,0.14072,0.014178
246.20645022392273,0.14083,0.014208
246.25363421440125,0.14212,0.014172
246.30417394638062,0.14296,0.013597
246.35739946365356,0.14403,0.01419
246.4053041934967,0.14531,0.014122
246.45585441589355,0.14673,0.014264
246.5036449432373,0.14764,0.014083
246.55628275871277,0.14861,0.014219
246.61071467399597,0.14964,0.014169
246.6621491909027,0.15081,0.014038
246.70704889297485,0.15197,0.014249
246.7608368396759,0.15303,0.014289
246.81194281578064,0.15312,0.014192
246.86276006698608,0.15541,0.014194
246.90976190567017,0.15643,0.0143
246.96536207199097,0.15773,0.014289
247.01309657096863,0.15869,0.014329
247.06406378746033,0.15975,0.014299
247.11402797698975,0.16073,0.014096
247.16414833068848,0.16195,0.014429
247.2162299156189,0.16285,0.01423
247.26126146316528,0.16289,0.0142
247.31527495384216,0.16497,0.014433
247.36708116531372,0.16613,0.014273
247.42237329483032,0.16735,0.014337
247.46950364112854,0.16831,0.014257
247.52363514900208,0.16909,0.014276
247.57129383087158,0.17015,0.014269
247.62216520309448,0.17124,0.014253
247.67330408096313,0.1716,0.014151
247.72503352165222,0.17259,0.014053
247.77548003196716,0.17388,0.014176
247.8242666721344,0.17495,0.014126
247.8746247291565,0.17672,0.01411
247.92437314987183,0.17783,0.014164
247.97652006149292,0.17809,0.014234
248.027676820755,0.18003,0.014267
248.07617950439453,0.18111,0.014041
248.1269769668579,0.18213,0.014041
248.1744840145111,0.18215,0.014077
248.2324674129486,0.18441,0.014098
248.27900290489197,0.18524,0.01413
248.3310272693634,0.18621,0.014114
248.37971138954163,0.18743,0.014205
248.43240880966187,0.18755,0.014103
248.4827857017517,0.18829,0.014163
248.5339171886444,0.18932,0.014155
248.58134007453918,0.19061,0.014171
248.63260793685913,0.19156,0.01421
248.68366408348083,0.19248,0.014057
248.73353219032288,0.19468,0.013985
248.78211903572083,0.19565,0.014135
248.83331203460693,0.19647,0.014164
248.88331413269043,0.19669,0.014224
248.93100905418396,0.1978,0.014194
248.98259592056274,0.19868,0.014099
249.03879737854004,0.20075,0.014188
249.08774185180664,0.20181,0.014198
249.13717126846313,0.20196,0.014229
249.1930763721466,0.20273,0.014221
249.24122405052185,0.20384,0.014106
249.28881669044495,0.20464,0.014195
249.34257912635803,0.20679,0.014179
249.3947718143463,0.20808,0.014258
249.44005918502808,0.20812,0.014185
249.4923095703125,0.20927,0.014225
249.5419638156891,0.21003,0.014211
249.59246516227722,0.21201,0.014213
249.64523458480835,0.21195,0.014231
249.69429755210876,0.21296,0.014108
249.74756288528442,0.21411,0.014338
249.79684829711914,0.21617,0.014264
249.84292721748352,0.21612,0.014266
249.89283442497253,0.21703,0.014366
249.9443221092224,0.21816,0.014407
249.99856448173523,0.21908,0.014298
250.048437833786,0.22109,0.014306
250.1005039215088,0.22131,0.014402
250.15362572669983,0.22231,0.014277
250.2029528617859,0.2232,0.014308
250.25206518173218,0.22409,0.014359
250.30368733406067,0.22521,0.014356
250.3530843257904,0.22611,0.014355
250.40271019935608,0.22709,0.014404
250.45318126678467,0.22813,0.014291
250.5012981891632,0.23017,0.014483
250.55614733695984,0.23016,0.01433
250.60437679290771,0.23108,0.014349
250.65206742286682,0.23208,0.014224
250.70396375656128,0.23308,0.014268
250.75606870651245,0.23419,0.014337
250.80525922775269,0.23524,0.014202
250.85939240455627,0.23613,0.01436
250.9096245765686,0.23719,0.014239
250.95902228355408,0.23831,0.014362
251.00608658790588,0.23915,0.014301
251.06089806556702,0.23923,0.014225
251.10511422157288,0.24128,0.014221
251.16126465797424,0.24216,0.01419
251.20788717269897,0.24324,0.014201
251.25973653793335,0.24407,0.014288
251.31302118301392,0.24508,0.014295
251.36344265937805,0.24636,0.014081
251.41276574134827,0.24712,0.014148
251.46380186080933,0.24808,0.014349
251.52010798454285,0.24915,0.014032
251.5687861442566,0.25023,0.014172
251.61900353431702,0.25112,0.014115
251.66796827316284,0.25201,0.014248
251.71748638153076,0.25309,0.014176
251.7690200805664,0.25407,0.014107
251.8224401473999,0.25495,0.014211
251.87008619308472,0.25601,0.01412
251.9225878715515,0.25719,0.014034
251.9709849357605,0.25809,0.014148
252.01896739006042,0.25896,0.014183
252.07090210914612,0.26009,0.014057
252.12137722969055,0.26121,0.014186
252.1734447479248,0.26189,0.01418
252.22043228149414,0.26296,0.01406
252.27266550064087,0.26288,0.014173
252.32234716415405,0.2642,0.014134
252.3744809627533,0.26591,0.014175
252.4220666885376,0.26691,0.014192
252.47548651695251,0.26789,0.014044
252.5221884250641,0.268,0.014093
252.57312989234924,0.26896,0.014241
252.62270379066467,0.26983,0.01421
252.67610144615173,0.27103,0.014261
252.72506046295166,0.27199,0.014251
252.772629737854,0.27384,0.01438
252.82808780670166,0.27475,0.014356
252.8746144771576,0.27481,0.014365
252.9267041683197,0.27585,0.014321
252.9735803604126,0.27703,0.014317
253.026757478714,0.27783,0.014423
253.08091378211975,0.27891,0.014377
253.1291937828064,0.27991,0.014467
253.18007898330688,0.28081,0.014411
253.22901701927185,0.28179,0.014361
253.28092980384827,0.28373,0.0145
253.33394861221313,0.28373,0.014462
253.38157320022583,0.28487,0.01448
253.43121910095215,0.2858,0.014444
253.48343133926392,0.28672,0.014311
253.5300064086914,0.28784,0.014432
253.5822446346283,0.28871,0.014429
253.637629032135,0.28957,0.014442
253.68805384635925,0.28959,0.014406
253.73584532737732,0.29164,0.014448
253.7834873199463,0.2928,0.014471
253.8351218700409,0.29361,0.014478
253.89235544204712,0.29353,0.014254
253.9381878376007,0.29491,0.01436
253.9907455444336,0.29752,0.014407
254.0389552116394,0.29756,0.014348
254.0903558731079,0.29895,0.014291
254.13826894760132,0.29955,0.014289
254.19192695617676,0.30047,0.014275
254.2442421913147,0.30157,0.014082
254.29151606559753,0.30261,0.014224
254.34072375297546,0.30375,0.014239
254.39640069007874,0.30589,0.014047
254.4436230659485,0.30815,0.013974
254.49372029304504,0.31016,0.014196
254.54527473449707,0.30987,0.013977
254.59636235237122,0.31408,0.014151
254.64829063415527,0.31519,0.014111
254.69501900672913,0.047027,0.014348
254.7501881122589,0.04792,0.014076
254.7981972694397,0.04976,0.014286
254.8508973121643,0.04968,0.014272
254.898770570755,0.05504,0.014331
254.95535707473755,0.057933,0.014334
255.00185537338257,0.06088,0.014343
255.04950714111328,0.06376,0.014322
255.10465598106384,0.06652,0.014323
255.15550875663757,0.066667,0.014335
255.202956199646,0.069387,0.014297
255.2562346458435,0.072213,0.014353
255.30618596076965,0.077733,0.014345
255.35762333869934,0.08036,0.014583
255.4093680381775,0.083067,0.014469
255.45858526229858,0.085933,0.014363
255.5071301460266,0.088547,0.014259
255.55762028694153,0.091307,0.014249
255.6070945262909,0.09128,0.014373
255.65876460075378,0.093147,0.014165
255.7085666656494,0.094307,0.014097
255.75992941856384,0.097267,0.014194
255.80939602851868,0.09736,0.014335
255.86238861083984,0.099667,0.014035
255.91419863700867,0.09964,0.01435
255.962952375412,0.10107,0.014334
256.01220512390137,0.10216,0.014109
256.06427669525146,0.10352,0.014118
256.1144292354584,0.106,0.014324
256.1634018421173,0.10717,0.014174
256.2139678001404,0.10844,0.014036
256.2658197879791,0.10969,0.014145
256.31197333335876,0.10955,0.014066
256.3640093803406,0.11108,0.014129
256.4171769618988,0.11213,0.014077
256.46516489982605,0.11471,0.014147
256.51556372642517,0.11573,0.014113
256.56711745262146,0.11592,0.014032
256.6179151535034,0.11715,0.01413
256.6684093475342,0.11809,0.014097
256.7174320220947,0.11959,0.014207
256.7699546813965,0.12204,0.014164
256.82010984420776,0.12209,0.0141
256.8696959018707,0.12284,0.014179
256.9186305999756,0.12421,0.014133
256.9664978981018,0.12549,0.01419
257.01759338378906,0.12663,0.014134
257.0683071613312,0.12783,0.014214
257.11970806121826,0.12899,0.014127
257.17350697517395,0.13023,0.01416
257.21983098983765,0.13123,0.014107
257.269686460495,0.13248,0.014104
257.321430683136,0.13363,0.014152
257.3747384548187,0.13384,0.014219
257.4248559474945,0.13601,0.014099
257.4732093811035,0.13708,0.014195
257.52201199531555,0.13825,0.014159
257.57545948028564,0.13949,0.014239
257.62467074394226,0.14059,0.014172
257.67323112487793,0.1416,0.014125
257.72569823265076,0.14176,0.014225
257.77622747421265,0.14392,0.01416
257.8303050994873,0.14508,0.014212
257.8782448768616,0.14625,0.014158
257.93302750587463,0.14725,0.014149
257.9843497276306,0.14853,0.014236
258.0339376926422,0.14953,0.014257
258.0800564289093,0.14947,0.014163
258.1366822719574,0.15181,0.014304
258.18538761138916,0.15183,0.01424
258.23226714134216,0.15397,0.014338
258.28469920158386,0.15516,0.014303
258.33459544181824,0.15608,0.014331
258.3880317211151,0.15741,0.014253
258.43690252304077,0.15831,0.014345
258.48741388320923,0.15939,0.01433
258.55006194114685,0.16057,0.014441
258.60050439834595,0.16169,0.014387
258.65220308303833,0.16271,0.014513
258.6992518901825,0.16393,0.013852
258.7527279853821,0.165,0.014361
258.8000581264496,0.16592,0.014279
258.8504297733307,0.16821,0.014357
258.8979892730713,0.16805,0.014199
258.9516532421112,0.16924,0.014242
259.0041811466217,0.1702,0.014309
259.05474948883057,0.1712,0.014315
259.105188369751,0.17231,0.014155
259.15814566612244,0.17363,0.014219
259.20621967315674,0.17352,0.01424
259.2547390460968,0.17452,0.014191
259.3062393665314,0.17665,0.014272
259.3607211112976,0.17779,0.014156
259.4066882133484,0.17875,0.014163
259.45773339271545,0.17973,0.014095
259.5173053741455,0.18079,0.014105
259.56301379203796,0.18192,0.014185
259.6159636974335,0.18301,0.014147
259.6667830944061,0.18409,0.014062
259.7175483703613,0.18404,0.014169
259.7689437866211,0.18608,0.014213
259.81618428230286,0.1872,0.0141
259.8692328929901,0.18723,0.014202
259.9156084060669,0.18937,0.014086
259.97195386886597,0.18925,0.014174
260.01968717575073,0.19008,0.014026
260.069753408432,0.19231,0.014145
260.1201140880585,0.19339,0.014131
260.1704158782959,0.19459,0.014093
260.22003197669983,0.19559,0.01394
260.27087140083313,0.19529,0.014043
260.3229696750641,0.19647,0.014163
260.37183809280396,0.19764,0.014109
260.4212701320648,0.19963,0.014151
260.47502303123474,0.20059,0.014134
260.5242054462433,0.20156,0.014143
260.5718078613281,0.20168,0.01423
260.62365102767944,0.20272,0.014146
260.67283177375793,0.20383,0.014162
260.7284269332886,0.20471,0.014085
260.773720741272,0.20664,0.014144
260.82563281059265,0.20788,0.014116
260.876677274704,0.20905,0.014201
260.92733097076416,0.20879,0.0142
260.9793038368225,0.20976,0.014155
261.0282745361328,0.21081,0.014151
261.08102464675903,0.21197,0.014113
261.13070011138916,0.214,0.01435
261.17938566207886,0.21492,0.014374
261.2288730144501,0.21464,0.014048
261.2796063423157,0.21593,0.014391
261.33112239837646,0.21695,0.014379
261.38446259498596,0.21773,0.014381
261.43015241622925,0.21899,0.01443
261.4829397201538,0.21984,0.014457
261.5322425365448,0.22088,0.014443
261.58139991760254,0.22301,0.014456
261.6297104358673,0.22277,0.014448
261.6810305118561,0.22399,0.014458
261.73388051986694,0.22492,0.014392
261.7821457386017,0.22595,0.014449
261.8364508152008,0.22689,0.014577
261.8868336677551,0.228,0.014396
261.93293380737305,0.22821,0.014373
261.98601174354553,0.23007,0.014355
262.0382676124573,0.2308,0.01436
262.088063955307,0.232,0.014323
262.13637828826904,0.23304,0.014251
262.1865792274475,0.23408,0.014262
262.2332544326782,0.235,0.014262
262.28663539886475,0.23511,0.014304
262.33561396598816,0.23689,0.014351
262.3891694545746,0.23725,0.014218
262.4407470226288,0.23912,0.014305
262.489431142807,0.24005,0.014241
262.5435621738434,0.24091,0.01426
262.593847990036,0.24175,0.014191
262.6418676376343,0.24304,0.014273
262.68997049331665,0.24396,0.013999
262.7472743988037,0.24487,0.014035
262.7949035167694,0.24512,0.014154
262.84097266197205,0.24712,0.014148
262.89532804489136,0.24699,0.014118
262.9460096359253,0.24896,0.014115
262.99759221076965,0.25,0.014157
263.04708766937256,0.25092,0.014175
263.09574151039124,0.25124,0.014177
263.14802527427673,0.25209,0.014156
263.1981964111328,0.25296,0.014105
263.24723291397095,0.25499,0.014119
263.30518794059753,0.25577,0.014127
263.3537096977234,0.25709,0.014179
263.40164613723755,0.25801,0.014149
263.45843625068665,0.25899,0.014178
263.50805497169495,0.259,0.014029
263.5586168766022,0.26095,0.014067
263.606018781662,0.26211,0.014161
263.65622448921204,0.26203,0.014079
263.70520091056824,0.26317,0.014149
263.7565031051636,0.26379,0.014085
263.80946159362793,0.26487,0.0142
263.85895109176636,0.26687,0.014228
263.9089982509613,0.26797,0.014165
263.96520948410034,0.26891,0.014213
264.0112512111664,0.26965,0.01423
264.06224155426025,0.26992,0.01426
264.1146857738495,0.27101,0.014289
264.16288328170776,0.27179,0.014333
264.21439361572266,0.27263,0.014384
264.2686791419983,0.27481,0.014407
264.31687092781067,0.27575,0.014518
264.36222076416016,0.2768,0.014565
264.42034459114075,0.27669,0.01454
264.4701488018036,0.27769,0.014628
264.5177392959595,0.27885,0.014537
264.56712794303894,0.28061,0.014554
264.61921858787537,0.28185,0.014549
264.6700060367584,0.28181,0.014645
264.72143507003784,0.28264,0.014694
264.7697174549103,0.28372,0.014582
264.8200418949127,0.28471,0.014695
264.87146639823914,0.28568,0.014711
264.91904616355896,0.28665,0.014572
264.9717025756836,0.28773,0.014678
265.02224922180176,0.28845,0.014647
265.07166290283203,0.28961,0.014351
265.1246135234833,0.29065,0.014531
265.16881275177,0.29157,0.014579
265.22157049179077,0.2926,0.014518
265.27430272102356,0.29357,0.014472
265.32305574417114,0.29376,0.014412
265.3750147819519,0.29551,0.014235
265.42180705070496,0.29649,0.014357
265.4750669002533,0.29728,0.014197
265.52735233306885,0.29857,0.014234
265.57162523269653,0.29859,0.014295
265.6255030632019,0.30035,0.014295
265.67422008514404,0.30148,0.014266
265.72556829452515,0.30244,0.014305
265.77554535865784,0.30351,0.014122
265.8274965286255,0.30373,0.014097
265.8767113685608,0.30776,0.014175
265.9260060787201,0.30983,0.014171
265.9775860309601,0.31183,0.014182
266.0288209915161,0.31377,0.01412
266.07897305488586,0.31513,0.014185
266.12873458862305,0.046787,0.014524
266.18151021003723,0.04736,0.014062
266.23355078697205,0.049627,0.014207
266.28274631500244,0.05232,0.014427
266.33126282691956,0.054907,0.014307
266.3826982975006,0.057707,0.01434
266.43221950531006,0.057667,0.014324
266.48635625839233,0.063387,0.014315
266.5373432636261,0.06624,0.014335
266.58390831947327,0.068813,0.014332
266.63432455062866,0.071667,0.014211
266.6849317550659,0.07448,0.014241
266.7363431453705,0.077427,0.014451
266.78769063949585,0.07736,0.014203
266.83477663993835,0.082707,0.014354
266.8906273841858,0.082867,0.014328
266.94437551498413,0.085387,0.014333
266.9942479133606,0.09076,0.014379
267.04179310798645,0.093133,0.014249
267.09165048599243,0.094427,0.014098
267.1430037021637,0.095733,0.014163
267.19388937950134,0.095587,0.01419
267.2459807395935,0.096853,0.014199
267.2927496433258,0.09836,0.014101
267.3457045555115,0.099467,0.014268
267.39618849754333,0.10084,0.014163
267.4423851966858,0.10327,0.014172
267.50109124183655,0.10332,0.014062
267.5494782924652,0.10591,0.014133
267.6018772125244,0.10577,0.014008
267.6505913734436,0.10727,0.014039
267.709495306015,0.1084,0.014094
267.7579593658447,0.10973,0.014065
267.80833530426025,0.11105,0.014058
267.8613359928131,0.11331,0.01412
267.9154007434845,0.11459,0.013935
267.96406292915344,0.11569,0.014011
268.011643409729,0.11581,0.014038
268.06475043296814,0.11832,0.014053
268.11311960220337,0.11823,0.014069
268.1641993522644,0.11947,0.014084
268.2134008407593,0.12172,0.014038
268.2638850212097,0.12312,0.01411
268.3157365322113,0.12301,0.014126
268.3682918548584,0.12423,0.01411
268.4156539440155,0.12547,0.014038
268.46892380714417,0.12667,0.014096
268.5183935165405,0.12764,0.014083
268.5679223537445,0.13016,0.014163
268.61752128601074,0.13025,0.014101
268.6702244281769,0.13124,0.014105
268.7187502384186,0.13337,0.01418
268.76766419410706,0.13357,0.014076
268.8174316883087,0.13473,0.014019
268.8725674152374,0.13567,0.014146
268.9187319278717,0.13708,0.014154
268.9691870212555,0.13923,0.014124
269.02227306365967,0.13927,0.01428
269.06910133361816,0.14039,0.014146
269.1252121925354,0.1416,0.014156
269.171266078949,0.14271,0.014114
269.22413969039917,0.14385,0.014153
269.27352118492126,0.14485,0.013981
269.3236446380615,0.14608,0.014174
269.37655091285706,0.14711,0.014168
269.42273807525635,0.14845,0.014284
269.4740962982178,0.14943,0.014321
269.525456905365,0.15033,0.01428
269.58035492897034,0.15155,0.014251
269.6299719810486,0.15275,0.014253
269.6812129020691,0.15388,0.014231
269.73169898986816,0.15495,0.014485
269.777836561203,0.15601,0.014464
269.82988595962524,0.15705,0.014531
269.8798894882202,0.15812,0.014566
269.93216013908386,0.1582,0.014506
269.9817645549774,0.1604,0.014442
270.0331289768219,0.16013,0.014374
270.0830285549164,0.16187,0.014445
270.1331810951233,0.16388,0.014501
270.18388628959656,0.16463,0.01442
270.23290753364563,0.16573,0.014423
270.282705783844,0.16684,0.014331
270.3310205936432,0.16805,0.014381
270.38230538368225,0.16793,0.014292
270.43577766418457,0.16897,0.014374
270.4863877296448,0.17116,0.014129
270.5332143306732,0.17123,0.014268
270.5854434967041,0.17327,0.014175
270.63370633125305,0.17435,0.014174
270.6882984638214,0.17536,0.014205
270.73664474487305,0.17653,0.014036
270.7855908870697,0.17645,0.014137
270.83947920799255,0.17756,0.014082
270.8892865180969,0.17855,0.013918
270.9371531009674,0.17964,0.014149
270.9896490573883,0.18197,0.014255
271.03892040252686,0.18277,0.014187
271.08956933021545,0.1838,0.01414
271.13545203208923,0.18477,0.014096
271.1896688938141,0.1848,0.014159
271.23990297317505,0.18599,0.014146
271.2914900779724,0.18695,0.014161
271.3383424282074,0.18921,0.01416
271.3892631530762,0.18901,0.014152
271.4388818740845,0.19131,0.014152
271.4906075000763,0.19136,0.01408
271.54221415519714,0.19213,0.014063
271.5901644229889,0.19309,0.01408
271.6433916091919,0.19431,0.014092
271.6921715736389,0.19535,0.014233
271.74250984191895,0.19749,0.014185
271.79568123817444,0.19827,0.014044
271.841139793396,0.19836,0.014191
271.8932058811188,0.19945,0.014219
271.9456651210785,0.20053,0.014076
272.0102291107178,0.20145,0.014251
272.0570583343506,0.2034,0.01413
272.1077561378479,0.20317,0.014207
272.159033536911,0.20456,0.014241
272.21011877059937,0.20569,0.01419
272.26094937324524,0.20675,0.014128
272.3116979598999,0.20759,0.014077
272.3601322174072,0.20875,0.014218
272.41044998168945,0.20975,0.014084
272.465224981308,0.21065,0.014286
272.5134103298187,0.21193,0.014321
272.56340289115906,0.21272,0.014332
272.6123390197754,0.2138,0.014408
272.66084003448486,0.21491,0.014474
272.71182203292847,0.21669,0.01451
272.76400685310364,0.21767,0.014449
272.81260681152344,0.21785,0.014478
272.863596200943,0.21877,0.014577
272.9123148918152,0.21975,0.014715
272.9626450538635,0.22087,0.014509
273.0168888568878,0.22195,0.014531
273.06525015830994,0.22305,0.014546
273.12006664276123,0.22381,0.014686
273.1683859825134,0.22509,0.014711
273.21609354019165,0.22569,0.014492
273.26811957359314,0.22669,0.014454
273.3166584968567,0.22789,0.014552
273.36784052848816,0.22867,0.01446
273.41841101646423,0.22985,0.0143
273.4681272506714,0.23084,0.014229
273.520174741745,0.23179,0.014337
273.57204484939575,0.23285,0.014401
273.62089824676514,0.23389,0.014338
273.6687994003296,0.23481,0.014224
273.72031354904175,0.23597,0.014344
273.7732660770416,0.23679,0.014199
273.81931948661804,0.23784,0.014282
273.8711087703705,0.23784,0.014197
273.9228675365448,0.23975,0.014186
273.9760539531708,0.23971,0.014294
274.02298378944397,0.24093,0.014073
274.0712933540344,0.2428,0.014256
274.12001490592957,0.24393,0.014155
274.17528438568115,0.24457,0.014097
274.2261526584625,0.24473,0.014108
274.2735106945038,0.24683,0.014128
274.32587361335754,0.24657,0.014247
274.3795132637024,0.24777,0.014049
274.4270558357239,0.24961,0.01401
274.4788055419922,0.25088,0.014248
274.5317795276642,0.25173,0.014103
274.5808906555176,0.25248,0.014149
274.6307077407837,0.25245,0.014147
274.6823089122772,0.25359,0.014245
274.7313461303711,0.25472,0.014096
274.7819323539734,0.25581,0.014193
274.83263540267944,0.25779,0.014124
274.88278007507324,0.25867,0.014144
274.9315764904022,0.25964,0.014166
274.9838182926178,0.26069,0.014052
275.0319721698761,0.26065,0.014111
275.08616948127747,0.2618,0.014028
275.13487935066223,0.26276,0.014193
275.1855638027191,0.26349,0.014277
275.23171639442444,0.26475,0.014227
275.286794424057,0.26669,0.014194
275.33473682403564,0.26768,0.014239
275.3864471912384,0.26755,0.014343
275.43286418914795,0.26865,0.014154
275.48521065711975,0.26977,0.01445
275.53359484672546,0.27068,0.014255
275.58523511886597,0.27167,0.014375
275.6374776363373,0.27268,0.014516
275.6857957839966,0.27369,0.014683
275.74011039733887,0.27469,0.014583
275.7884545326233,0.27556,0.014541
275.8382487297058,0.27671,0.014575
275.88974380493164,0.27765,0.014746
275.9388859272003,0.27859,0.014789
275.98977184295654,0.27956,0.014842
276.040967464447,0.28056,0.014808
276.08889412879944,0.28136,0.014762
276.13883996009827,0.28264,0.014811
276.19089126586914,0.28348,0.014792
276.2413339614868,0.2846,0.014717
276.2922291755676,0.28548,0.014772
276.34388971328735,0.28649,0.014539
276.39260172843933,0.28748,0.014712
276.4423666000366,0.2886,0.01472
276.4922466278076,0.28957,0.014796
276.5434832572937,0.29061,0.014668
276.5974500179291,0.29065,0.014656
276.64496421813965,0.29249,0.014569
276.6965820789337,0.29345,0.014542
276.74227261543274,0.29425,0.014572
276.7954525947571,0.29523,0.014488
276.84846091270447,0.29632,0.014344
276.9001295566559,0.29721,0.014352
276.94639706611633,0.29817,0.01437
276.9974720478058,0.29843,0.014269
277.0492765903473,0.30044,0.014219
277.0976822376251,0.30121,0.014241
277.1493456363678,0.30237,0.014177
277.2018213272095,0.3022,0.0142
277.2474367618561,0.30513,0.014246
277.29992151260376,0.30535,0.014136
277.3516676425934,0.30945,0.014088
277.403856754303,0.30943,0.014134
277.4505970478058,0.31131,0.014137
277.50323724746704,0.31343,0.014227
277.55330443382263,0.0456,0.014313
277.60488772392273,0.047093,0.014418
277.65562534332275,0.049027,0.014411
277.7066750526428,0.051347,0.014463
277.7565863132477,0.05144,0.014406
277.80518078804016,0.05712,0.013955
277.85705304145813,0.060053,0.014382
277.9036943912506,0.06024,0.014411
277.95799112319946,0.065573,0.014371
278.00620198249817,0.065653,0.014433
278.0541157722473,0.068533,0.014485
278.1129765510559,0.071387,0.014354
278.16282200813293,0.076733,0.014475
278.2137451171875,0.077,0.014444
278.2673497200012,0.079693,0.014368
278.3177800178528,0.082253,0.014297
278.3668587207794,0.08512,0.01441
278.41929817199707,0.08792,0.014341
278.46705198287964,0.09048,0.014466
278.5148391723633,0.092813,0.014336
278.5692181587219,0.09548,0.014203
278.6187286376953,0.09664,0.014282
278.66899132728577,0.096693,0.014249
278.7184000015259,0.098147,0.014086
278.77376103401184,0.099307,0.014172
278.82171082496643,0.10064,0.014111
278.87177562713623,0.10188,0.014177
278.92324209213257,0.10436,0.01398
278.9720039367676,0.10556,0.01405
279.0210003852844,0.10559,0.01406
279.07326912879944,0.107,0.013976
279.12098455429077,0.10821,0.014042
279.1732723712921,0.10928,0.01401
279.2290062904358,0.11055,0.013982
279.28042578697205,0.11179,0.014133
279.32777857780457,0.113,0.01398
279.37927317619324,0.11445,0.014077
279.4289696216583,0.11563,0.014067
279.47781467437744,0.11676,0.014183
279.53046464920044,0.11801,0.014078
279.5805950164795,0.11919,0.014084
279.6293649673462,0.12043,0.014113
279.6805737018585,0.1218,0.013987
279.7263226509094,0.12288,0.014115
279.7806308269501,0.12429,0.014087
279.8282346725464,0.12501,0.014086
279.8870429992676,0.12621,0.013983
279.945604801178,0.12764,0.014168
279.9979147911072,0.12876,0.014089
280.04521918296814,0.12979,0.01411
280.0979709625244,0.13099,0.014135
280.1479296684265,0.13216,0.014108
280.1937816143036,0.13336,0.014046
280.245356798172,0.13455,0.01418
280.296856880188,0.13449,0.014129
280.35134387016296,0.13668,0.0141
280.40414810180664,0.13788,0.014157
280.4532940387726,0.13915,0.014173
280.50105595588684,0.14017,0.014221
280.5595381259918,0.14127,0.014155
280.6095292568207,0.14233,0.014192
280.6585478782654,0.14355,0.014188
280.7106111049652,0.14479,0.01425
280.755295753479,0.14593,0.014255
280.80906867980957,0.14704,0.01422
280.8599545955658,0.14816,0.014315
280.910612821579,0.14923,0.014379
280.95832085609436,0.15019,0.014289
281.01306343078613,0.15145,0.014221
281.0641701221466,0.15248,0.014394
281.1108138561249,0.15369,0.014366
281.1632182598114,0.15471,0.014453
281.2156870365143,0.15585,0.014574
281.2627787590027,0.15693,0.014444
281.3133146762848,0.15804,0.01454
281.3639976978302,0.15927,0.014573
281.414178609848,0.16029,0.014553
281.4646372795105,0.16141,0.014674
281.51935744285583,0.16245,0.014582
281.56981778144836,0.16327,0.014513
281.6177318096161,0.16356,0.014471
281.6685891151428,0.16472,0.014351
281.7200710773468,0.16687,0.01424
281.76805233955383,0.1678,0.014457
281.82250142097473,0.16891,0.014338
281.8726601600647,0.17009,0.014394
281.91869282722473,0.17104,0.014185
281.97432565689087,0.17209,0.014235
282.0249762535095,0.17217,0.014093
282.0794200897217,0.17424,0.014142
282.1320216655731,0.17513,0.014285
282.1776804924011,0.17631,0.014049
282.22840213775635,0.17733,0.013989
282.27823877334595,0.17753,0.013993
282.3322582244873,0.17856,0.014168
282.38063311576843,0.18056,0.014137
282.43655920028687,0.18153,0.014033
282.48510479927063,0.18253,0.014083
282.5357143878937,0.18368,0.014075
282.58593106269836,0.18487,0.013946
282.63538241386414,0.18564,0.014057
282.6850337982178,0.18591,0.014113
282.73961091041565,0.18692,0.014196
282.7880697250366,0.18799,0.014096
282.8358561992645,0.18991,0.01398
282.88700771331787,0.19096,0.014068
282.939199924469,0.191,0.014167
282.98873949050903,0.19309,0.014129
283.0386691093445,0.19419,0.014255
283.0935516357422,0.19405,0.014194
283.1426601409912,0.19619,0.014269
283.19316816329956,0.19715,0.014216
283.2420701980591,0.19807,0.014103
283.29082894325256,0.19927,0.014063
283.3488492965698,0.19933,0.014181
283.3951895236969,0.20037,0.014209
283.44507360458374,0.20157,0.01413
283.4946346282959,0.20324,0.014187
283.5520052909851,0.20439,0.014242
283.60181641578674,0.20541,0.014216
283.6528310775757,0.20656,0.014239
283.7005605697632,0.20744,0.014295
283.7543261051178,0.20747,0.014389
283.7994546890259,0.20955,0.014278
283.8541910648346,0.21048,0.014375
283.9024851322174,0.21055,0.014461
283.9565234184265,0.21149,0.01432
284.0046696662903,0.21257,0.0145
284.05418252944946,0.2136,0.01436
284.10419487953186,0.21448,0.014474
284.1551730632782,0.21561,0.014582
284.2067925930023,0.21665,0.014695
284.2575888633728,0.21884,0.014658
284.3075051307678,0.21872,0.014693
284.3543667793274,0.21976,0.014786
284.4065592288971,0.22061,0.014776
284.45651626586914,0.22141,0.014715
284.5054843425751,0.22161,0.014775
284.555890083313,0.22376,0.014679
284.6073739528656,0.22487,0.01478
284.65677070617676,0.22572,0.01462
284.7057259082794,0.22677,0.014727
284.75792169570923,0.22777,0.014491
284.80606961250305,0.22876,0.014566
284.8632392883301,0.2296,0.014445
284.91226148605347,0.23068,0.014458
284.9635236263275,0.23255,0.014472
285.01243710517883,0.2326,0.01431
285.0615334510803,0.23373,0.014316
285.1123733520508,0.23479,0.014324
285.15830397605896,0.23568,0.014103
285.2123544216156,0.23656,0.014258
285.2652623653412,0.23671,0.014347
285.31295704841614,0.23864,0.014375
285.36234498023987,0.23943,0.014247
285.4169762134552,0.24068,0.014028
285.46763014793396,0.24176,0.014258
285.5157268047333,0.24181,0.0142
285.5655279159546,0.24361,0.014111
285.61361265182495,0.24469,0.014106
285.66449642181396,0.24555,0.014157
285.7156376838684,0.24679,0.014092
285.7682135105133,0.24781,0.014193
285.8191864490509,0.24792,0.014135
285.8660638332367,0.24977,0.014253
285.9195067882538,0.24961,0.014179
285.9674346446991,0.2516,0.014134
286.01882576942444,0.25271,0.0142
286.0722794532776,0.25339,0.014214
286.11845350265503,0.25463,0.014121
286.17529702186584,0.25483,0.014272
286.22523045539856,0.25557,0.014273
286.2717182636261,0.25644,0.014346
286.3231143951416,0.25868,0.014207
286.3745813369751,0.25963,0.014217
286.42458844184875,0.26068,0.014248
286.4778530597687,0.26083,0.014205
286.5274200439453,0.26155,0.0142
286.57755041122437,0.26239,0.014249
286.631187915802,0.26369,0.014386
286.67725372314453,0.26464,0.014256
286.73180103302,0.26649,0.01446
286.7790563106537,0.26773,0.014371
286.8296637535095,0.26759,0.014324
286.88224744796753,0.26848,0.014428
286.9322853088379,0.27043,0.014603
286.9810082912445,0.27028,0.014696
287.02860379219055,0.27155,0.014688
287.08408212661743,0.27232,0.014816
287.1303849220276,0.2734,0.014989
287.1833882331848,0.27537,0.014949
287.2328336238861,0.27647,0.014667
287.28350472450256,0.27761,0.01499
287.33076763153076,0.27737,0.015133
287.3813397884369,0.27836,0.015214
287.4334671497345,0.27959,0.015152
287.48823070526123,0.2804,0.015045
287.5355443954468,0.28227,0.015029
287.5886826515198,0.28247,0.015004
287.6379165649414,0.28439,0.014997
287.68620014190674,0.28436,0.014999
287.73839569091797,0.28545,0.014912
287.79079413414,0.28636,0.015098
287.8393054008484,0.28731,0.014743
287.8886489868164,0.28936,0.014841
287.93934512138367,0.28932,0.014761
287.9907717704773,0.29039,0.014784
288.0393373966217,0.29151,0.014714
288.0910384654999,0.29216,0.014586
288.1387460231781,0.29333,0.01453
288.192679643631,0.29343,0.014662
288.2401976585388,0.29413,0.01455
288.2945718765259,0.29641,0.014507
288.3436007499695,0.29735,0.014428
288.39801263809204,0.29795,0.014348
288.4449739456177,0.29892,0.014389
288.49386072158813,0.29977,0.014288
288.5452194213867,0.30092,0.014318
288.59614968299866,0.30091,0.014159
288.6477153301239,0.30308,0.014084
288.6997253894806,0.30481,0.014281
288.7506272792816,0.30685,0.014215
288.8015239238739,0.30917,0.014301
288.8467700481415,0.30907,0.014182
288.8981056213379,0.31124,0.014254
288.9523687362671,0.31329,0.014215
289.0026090145111,0.04464,0.014286
289.05003809928894,0.046213,0.014104
289.1027286052704,0.048307,0.014235
289.15181851387024,0.051147,0.014475
289.2009131908417,0.05368,0.014507
289.2521803379059,0.056813,0.014537
289.3006081581116,0.05664,0.014489
289.3498237133026,0.0596,0.014411
289.40513372421265,0.062573,0.014501
289.4543356895447,0.068027,0.014574
289.50269865989685,0.0708,0.014553
289.5552942752838,0.071053,0.014541
289.60304403305054,0.076453,0.014652
289.6540901660919,0.076427,0.014595
289.7059738636017,0.079293,0.014578
289.75649333000183,0.084507,0.014514
289.8054988384247,0.08736,0.014523
289.85811853408813,0.087453,0.014509
289.90743112564087,0.092533,0.014322
289.9589858055115,0.09388,0.01428
290.0073857307434,0.094013,0.014319
290.06121373176575,0.09532,0.01432
290.11544966697693,0.096493,0.014275
290.16247487068176,0.099067,0.014279
290.21256017684937,0.10033,0.014031
290.2672646045685,0.10049,0.014065
290.3129680156708,0.10184,0.014108
290.36649346351624,0.10312,0.0141
290.41649413108826,0.10545,0.014076
290.46624875068665,0.10668,0.014063
290.51884627342224,0.1066,0.013918
290.56646966934204,0.10767,0.01402
290.62008023262024,0.10921,0.013981
290.67196679115295,0.11037,0.014041
290.7219398021698,0.11167,0.014016
290.7713179588318,0.11295,0.014104
290.82271122932434,0.11521,0.014016
290.8714530467987,0.11655,0.01408
290.92310905456543,0.11664,0.014087
290.974604845047,0.11793,0.013964
291.0208628177643,0.11913,0.014051
291.0742335319519,0.12041,0.014088
291.1267077922821,0.12139,0.014068
291.1705803871155,0.12268,0.014053
291.22386360168457,0.12379,0.014031
291.27406549453735,0.12509,0.014199
291.3260474205017,0.12621,0.014133
291.3775882720947,0.12733,0.014147
291.42860198020935,0.12847,0.014082
291.4793336391449,0.1298,0.014043
291.52725100517273,0.12997,0.014012
291.5764193534851,0.13221,0.014178
291.6283326148987,0.13319,0.014089
291.67903995513916,0.13432,0.014015
291.73074984550476,0.13467,0.014084
291.77960109710693,0.13672,0.014371
291.8295783996582,0.13772,0.014094
291.885538816452,0.13891,0.014409
291.93271803855896,0.14004,0.013965
291.98493671417236,0.14129,0.01413
292.03773307800293,0.14224,0.014283
292.08669686317444,0.14343,0.014351
292.1469371318817,0.14473,0.014342
292.1935806274414,0.14576,0.014428
292.2467052936554,0.14697,0.014269
292.2950005531311,0.14804,0.014459
292.3474395275116,0.14911,0.014535
292.3944103717804,0.15003,0.014464
292.446337223053,0.15108,0.014656
292.4952435493469,0.15133,0.014619
292.55118894577026,0.15367,0.01452
292.60044288635254,0.15455,0.014645
292.6472043991089,0.15568,0.014648
292.6991813182831,0.15667,0.014667
292.74992060661316,0.15785,0.014672
292.80051350593567,0.15895,0.014673
292.8494551181793,0.16013,0.014626
292.89834451675415,0.16116,0.014615
292.9480483531952,0.16103,0.014538
293.0074460506439,0.16323,0.014644
293.05327558517456,0.16424,0.014302
293.10589051246643,0.16539,0.014568
293.1592311859131,0.16535,0.014281
293.20723819732666,0.16779,0.014451
293.2574419975281,0.16869,0.014356
293.3092656135559,0.16975,0.014207
293.3592007160187,0.16992,0.014179
293.4081790447235,0.17091,0.013943
293.46210646629333,0.172,0.013938
293.5092897415161,0.17413,0.01413
293.5595507621765,0.17495,0.014081
293.6108887195587,0.17607,0.013927
293.6620373725891,0.1772,0.014202
293.71204662323,0.17828,0.014047
293.76183342933655,0.17937,0.014129
293.81648564338684,0.18044,0.013993
293.86437344551086,0.18145,0.014209
293.9182884693146,0.18249,0.014064
293.962922334671,0.18272,0.014051
294.01575088500977,0.18335,0.014146
294.06829619407654,0.18567,0.014082
294.1212739944458,0.18647,0.01405
294.1719431877136,0.18765,0.013967
294.22080755233765,0.1878,0.014015
294.2668921947479,0.18868,0.014179
294.3206162452698,0.19081,0.014189
294.3699653148651,0.19197,0.014124
294.4224009513855,0.192,0.01418
294.472208738327,0.19404,0.014216
294.52276062965393,0.19404,0.014125
294.5733437538147,0.19503,0.014264
294.6245791912079,0.19708,0.014285
294.67272686958313,0.19804,0.014175
294.72448563575745,0.19927,0.014059
294.77323484420776,0.20029,0.014133
294.8256952762604,0.20043,0.014125
294.8766996860504,0.2012,0.014261
294.9244432449341,0.20216,0.01426
294.9770722389221,0.20399,0.014267
295.0290598869324,0.20428,0.014297
295.07655668258667,0.20516,0.014176
295.126916885376,0.20627,0.014273
295.1790931224823,0.20739,0.014317
295.23323369026184,0.20803,0.014362
295.28347420692444,0.20936,0.014445
295.33360052108765,0.21039,0.014469
295.383496761322,0.21253,0.014469
295.43490839004517,0.21245,0.014476
295.4873790740967,0.21345,0.014678
295.5353457927704,0.21456,0.014498
295.587815284729,0.21536,0.014681
295.637802362442,0.21743,0.01477
295.68736124038696,0.21851,0.014838
295.73739409446716,0.21856,0.014936
295.78772354125977,0.2196,0.014876
295.83797812461853,0.22049,0.014802
295.887478351593,0.22145,0.014829
295.9422183036804,0.22245,0.01497
295.99097895622253,0.22359,0.014829
296.04207134246826,0.22432,0.014643
296.09071159362793,0.22555,0.014672
296.14393758773804,0.22667,0.014718
296.19170212745667,0.22751,0.014632
296.2435510158539,0.22855,0.014463
296.2929995059967,0.22937,0.014338
296.345050573349,0.22952,0.014367
296.3961856365204,0.2308,0.014399
296.4416959285736,0.23259,0.014133
296.495600938797,0.23383,0.014362
296.541944026947,0.23449,0.014259
296.59646439552307,0.23457,0.014112
296.6420922279358,0.23644,0.01423
296.6963906288147,0.23749,0.014143
296.7452938556671,0.23861,0.014155
296.7929322719574,0.23937,0.014061
296.84755778312683,0.24045,0.014211
296.8971138000488,0.24053,0.014176
296.94902658462524,0.24247,0.014075
297.0028748512268,0.24351,0.014085
297.0514667034149,0.24447,0.014085
297.1005790233612,0.24548,0.014061
297.15029740333557,0.24639,0.014102
297.20057249069214,0.2476,0.014148
297.25208044052124,0.24745,0.01409
297.3040220737457,0.24947,0.014108
297.35355830192566,0.25052,0.014033
297.40857005119324,0.25051,0.014095
297.45794916152954,0.25257,0.014201
297.5086109638214,0.25348,0.014196
297.55654096603394,0.25353,0.014132
297.6070454120636,0.25536,0.014129
297.6561698913574,0.25668,0.014246
297.71146535873413,0.25741,0.014343
297.75844836235046,0.25751,0.014274
297.80762362480164,0.25852,0.014308
297.860698223114,0.25963,0.014237
297.91184639930725,0.26148,0.014255
297.9617176055908,0.2624,0.014221
298.01272320747375,0.26345,0.014215
298.06462597846985,0.26457,0.014307
298.1129252910614,0.26536,0.014414
298.16299510002136,0.2664,0.014322
298.21119832992554,0.26636,0.014435
298.26432609558105,0.26748,0.014561
298.31529450416565,0.26831,0.014573
298.36197876930237,0.2692,0.014664
298.41445899009705,0.27035,0.014851
298.46058344841003,0.27131,0.015008
298.5168764591217,0.2732,0.014895
298.5646092891693,0.27412,0.014906
298.61905574798584,0.27425,0.015093
298.66641759872437,0.27527,0.015257
298.716028213501,0.27637,0.015437
298.7659020423889,0.27728,0.015437
298.8216714859009,0.27727,0.015446
298.8721730709076,0.27925,0.015519
298.9224786758423,0.28025,0.015509
298.9711482524872,0.28127,0.015405
299.0181231498718,0.28248,0.015347
299.07046842575073,0.28421,0.01519
299.11781191825867,0.28416,0.01519
299.1734619140625,0.28517,0.015174
299.22568821907043,0.28609,0.015037
299.27182388305664,0.28719,0.014911
299.3243956565857,0.289,0.014746
299.3773922920227,0.28921,0.01482
299.43121242523193,0.29011,0.014649
299.4764311313629,0.29109,0.014517
299.52881598472595,0.29209,0.014574
299.58099150657654,0.29309,0.014637
299.6264808177948,0.29309,0.014574
299.6820275783539,0.29515,0.014525
299.72942066192627,0.29587,0.014486
299.7795875072479,0.297,0.014425
299.8326177597046,0.29791,0.014363
299.8803129196167,0.29892,0.014379
299.931476354599,0.30004,0.014517
299.9808886051178,0.30091,0.014204
300.0350832939148,0.30197,0.014267
300.08234906196594,0.30283,0.014251
300.1341218948364,0.30473,0.014364
300.1868464946747,0.30675,0.013993
300.2357177734375,0.30873,0.01414
300.2872693538666,0.31084,0.014204
300.3348846435547,0.31287,0.014368
300.3841154575348,0.31489,0.014097
300.43689131736755,0.0444,0.014141
300.48881459236145,0.046067,0.014681
300.5384089946747,0.04792,0.013977
300.5887598991394,0.050547,0.014522
300.638751745224,0.053147,0.014519
300.6879987716675,0.053227,0.014615
300.73494935035706,0.05628,0.014405
300.7890455722809,0.06176,0.0145
300.8438277244568,0.064453,0.014496
300.8903913497925,0.06748,0.014438
300.94369435310364,0.070267,0.014519
300.9912009239197,0.07024,0.014442
301.04459977149963,0.073147,0.014596
301.0944118499756,0.075827,0.014597
301.14414405822754,0.081507,0.014661
301.19390845298767,0.084147,0.014344
301.2419230937958,0.086827,0.014434
301.2989749908447,0.086827,0.014443
301.3477854728699,0.0894,0.014429
301.3963453769684,0.09204,0.014359
301.44618582725525,0.093627,0.01435
301.4982154369354,0.094933,0.01421
301.5459654331207,0.097413,0.014092
301.5966169834137,0.098787,0.014075
301.6514048576355,0.10007,0.014054
301.7000880241394,0.10125,0.014156
301.7497537136078,0.10252,0.014014
301.7997136116028,0.10253,0.014043
301.85194063186646,0.10396,0.013994
301.9035897254944,0.10631,0.014054
301.9498345851898,0.10765,0.013902
301.9998662471771,0.10883,0.013894
302.05133962631226,0.10901,0.013926
302.10441493988037,0.11021,0.014001
302.1520245075226,0.11117,0.013897
302.20518684387207,0.11259,0.013987
302.25350856781006,0.11517,0.013969
302.30236530303955,0.11613,0.013884
302.3540005683899,0.11617,0.013902
302.4059672355652,0.11753,0.014033
302.45797395706177,0.11869,0.014111
302.50412702560425,0.11999,0.013912
302.5555167198181,0.12123,0.014123
302.60948634147644,0.12239,0.014145
302.6584815979004,0.12355,0.014164
302.7060432434082,0.12471,0.014081
302.7578294277191,0.12603,0.013956
302.8137741088867,0.12739,0.014057
302.8628611564636,0.12819,0.014061
302.91213178634644,0.1294,0.014119
302.96314573287964,0.13033,0.014203
303.0141739845276,0.1316,0.01401
303.06260418891907,0.13297,0.014155
303.11388206481934,0.13403,0.014121
303.1640872955322,0.13504,0.014193
303.2128641605377,0.13637,0.014165
303.2648720741272,0.1376,0.014234
303.31419706344604,0.13852,0.014243
303.3656985759735,0.13965,0.014181
303.4179344177246,0.14093,0.014242
303.46755266189575,0.14195,0.01434
303.51453042030334,0.14345,0.014381
303.5670018196106,0.14432,0.014497
303.61620354652405,0.1452,0.014392
303.66499400138855,0.14661,0.014458
303.71847343444824,0.14755,0.014479
303.7706696987152,0.14807,0.014482
303.8194761276245,0.14963,0.01449
303.8682270050049,0.15119,0.014537
303.9179790019989,0.15223,0.014587
303.97103786468506,0.15323,0.014648
304.0195691585541,0.1544,0.014658
304.06931734085083,0.15569,0.014827
304.1197826862335,0.15553,0.014694
304.17208671569824,0.15647,0.014793
304.2189214229584,0.15765,0.01479
304.2708218097687,0.15999,0.014731
304.32214069366455,0.16104,0.014609
304.3753228187561,0.16207,0.014632
304.4232370853424,0.16208,0.014506
304.4793448448181,0.16305,0.014579
304.52961468696594,0.16432,0.014489
304.57776856422424,0.16653,0.014349
304.6313979625702,0.16643,0.014359
304.67848801612854,0.16764,0.014293
304.7275822162628,0.16959,0.014279
304.78187012672424,0.16952,0.014091
304.8294599056244,0.17075,0.014163
304.88125443458557,0.17163,0.014027
304.92998790740967,0.17387,0.014023
304.9832122325897,0.17495,0.013956
305.0309326648712,0.17508,0.013848
305.08247590065,0.17585,0.013917
305.13193440437317,0.17692,0.013926
305.18195700645447,0.17807,0.013996
305.23218274116516,0.17911,0.013893
305.2861588001251,0.18131,0.013907
305.33575892448425,0.18225,0.014011
305.38526153564453,0.18216,0.014012
305.4364957809448,0.18317,0.013989
305.4851288795471,0.18452,0.014028
305.5352625846863,0.18548,0.014037
305.586496591568,0.18649,0.014118
305.63705015182495,0.18856,0.014123
305.6874752044678,0.18969,0.014005
305.73833990097046,0.1906,0.014004
305.7849807739258,0.19068,0.014044
305.8376121520996,0.19173,0.014067
305.8882029056549,0.19369,0.014024
305.9393675327301,0.19385,0.014019
305.9903166294098,0.19469,0.014127
306.03979301452637,0.19573,0.014117
306.0872218608856,0.19708,0.014085
306.13991260528564,0.19791,0.014036
306.1927387714386,0.19891,0.014189
306.240355014801,0.20012,0.014079
306.29160022735596,0.20101,0.014244
306.3406825065613,0.20221,0.014201
306.39107489585876,0.20324,0.014194
306.4431097507477,0.20423,0.014207
306.49658393859863,0.20501,0.014234
306.54467129707336,0.20605,0.014241
306.59454369544983,0.20717,0.014246
306.6484441757202,0.20836,0.014411
306.69630908966064,0.20819,0.014473
306.7464210987091,0.21019,0.014463
306.7980124950409,0.2112,0.014565
306.84744906425476,0.21235,0.014539
306.89424204826355,0.21313,0.014718
306.9457895755768,0.21416,0.014841
306.9992046356201,0.21436,0.014797
307.047634601593,0.21515,0.014896
307.09758973121643,0.21721,0.014906
307.1499216556549,0.21827,0.01505
307.19806480407715,0.21923,0.015133
307.251544713974,0.22029,0.01513
307.299551486969,0.22132,0.015042
307.3499753475189,0.22151,0.01493
307.4019112586975,0.22224,0.014948
307.45305705070496,0.22336,0.014858
307.5014576911926,0.22443,0.014865
307.54978489875793,0.22623,0.014831
307.6042206287384,0.22735,0.014772
307.6518704891205,0.22823,0.014571
307.70701265335083,0.22824,0.014381
307.75533628463745,0.22928,0.014365
307.8044693470001,0.23132,0.014197
307.857225894928,0.23239,0.014263
307.9058027267456,0.23323,0.01428
307.9571270942688,0.2344,0.014065
308.00627088546753,0.23429,0.0141
308.05732703208923,0.23632,0.014104
308.1060917377472,0.23717,0.014107
308.15532398223877,0.23841,0.014161
308.2063663005829,0.23825,0.013997
308.2551236152649,0.23919,0.01396
308.30953073501587,0.24036,0.014081
308.3552234172821,0.24125,0.014015
308.40642285346985,0.24344,0.014136
308.46009516716003,0.24331,0.014158
308.51433539390564,0.24513,0.014134
308.5630910396576,0.24529,0.014117
308.61211371421814,0.24633,0.014181
308.6603090763092,0.24743,0.014085
308.712415933609,0.24823,0.01407
308.76315093040466,0.24924,0.014143
308.81658911705017,0.25024,0.014105
308.86746311187744,0.25133,0.014088
308.9153106212616,0.25221,0.014151
308.97274684906006,0.25325,0.014213
309.02035117149353,0.25419,0.014226
309.07255268096924,0.25616,0.014068
309.11971831321716,0.25633,0.014153
309.17430233955383,0.25723,0.014252
309.22508239746094,0.25824,0.0142
309.2765085697174,0.25927,0.014253
309.3258581161499,0.26005,0.014303
309.3749794960022,0.2612,0.014168
309.4249668121338,0.26228,0.014211
309.47507905960083,0.26416,0.014286
309.5247323513031,0.26413,0.014367
309.57286047935486,0.26515,0.014185
309.628221988678,0.26616,0.014498
309.67570185661316,0.26705,0.014709
309.7269141674042,0.26807,0.014661
309.7773599624634,0.26907,0.014605
309.8290150165558,0.27011,0.014773
309.8802704811096,0.27123,0.014988
309.93670201301575,0.27204,0.015034
309.98345136642456,0.27291,0.01541
310.0351848602295,0.27392,0.015468
310.0852506160736,0.27508,0.015527
310.13497948646545,0.27617,0.01555
310.18446135520935,0.27695,0.01567
310.2379150390625,0.27712,0.015686
310.2879846096039,0.27917,0.015806
310.3394305706024,0.28004,0.015816
310.3842532634735,0.28107,0.015849
310.4415421485901,0.28215,0.015736
310.48961448669434,0.28303,0.015614
310.53780484199524,0.28312,0.015133
310.59090995788574,0.28484,0.015427
310.64349365234375,0.28603,0.015099
310.68946290016174,0.28696,0.014937
310.74276065826416,0.28797,0.014724
310.7932207584381,0.28817,0.014593
310.84476113319397,0.28995,0.014511
310.8938133716583,0.29092,0.014572
310.94044756889343,0.29193,0.014589
310.9942877292633,0.29196,0.014536
311.0435321331024,0.29385,0.014339
311.0984811782837,0.29484,0.01438
311.14886593818665,0.29492,0.014389
311.2017295360565,0.29591,0.014159
311.24774384498596,0.29777,0.014346
311.29914832115173,0.29881,0.014262
311.348952293396,0.2996,0.014309
311.4019374847412,0.29977,0.014325
311.452752828598,0.30155,0.014177
311.5015435218811,0.30169,0.014362
311.55456829071045,0.30257,0.014274
311.6059539318085,0.30627,0.014315
311.65403985977173,0.30833,0.01427
311.70649814605713,0.3104,0.014287
311.752357006073,0.31049,0.014142
311.80308866500854,0.3146,0.014186
311.8532063961029,0.31448,0.014166
311.9038815498352,0.04444,0.014655
311.9567451477051,0.047373,0.014082
312.0077612400055,0.050053,0.014605
312.0560450553894,0.052667,0.014586
312.10756158828735,0.053053,0.014565
312.15572357177734,0.055613,0.014513
312.2057030200958,0.058653,0.014515
312.2607617378235,0.061653,0.014437
312.3093638420105,0.061493,0.014589
312.36349654197693,0.06964,0.014653
312.4109218120575,0.070013,0.014566
312.4663438796997,0.072853,0.014616
312.5143892765045,0.075427,0.014612
312.5630497932434,0.081107,0.014611
312.61405301094055,0.08092,0.014538
312.66573786735535,0.083627,0.014534
312.7116770744324,0.086453,0.014341
312.7632157802582,0.089053,0.014358
312.81454205513,0.0918,0.014315
312.86978220939636,0.09348,0.014273
312.91738843917847,0.095973,0.014307
312.9686155319214,0.096093,0.014159
313.0262770652771,0.0974,0.01405
313.07208490371704,0.098867,0.014084
313.12696623802185,0.099987,0.013999
313.1733431816101,0.10249,0.014071
313.2274079322815,0.10248,0.013925
313.2765052318573,0.10376,0.013979
313.32853388786316,0.10515,0.013968
313.3796875476837,0.10613,0.01386
313.4289810657501,0.10756,0.013929
313.4798767566681,0.10883,0.013918
313.52584409713745,0.11133,0.013957
313.57825326919556,0.11115,0.013944
313.6290922164917,0.11232,0.013944
313.67782950401306,0.11373,0.013871
313.7285556793213,0.11477,0.013917
313.77905678749084,0.11613,0.014027
313.8306345939636,0.11731,0.013958
313.88305473327637,0.11865,0.013939
313.93174505233765,0.12001,0.01392
313.9835844039917,0.12096,0.013991
314.0330936908722,0.12213,0.013959
314.0820972919464,0.1232,0.014029
314.1331741809845,0.12464,0.013981
314.18184065818787,0.12573,0.01407
314.2314295768738,0.12573,0.01399
314.28223872184753,0.12808,0.01404
314.3311331272125,0.12925,0.01402
314.38025546073914,0.13031,0.014111
314.434072971344,0.13147,0.014168
314.48489236831665,0.13281,0.014133
314.5351700782776,0.13375,0.014144
314.5817942619324,0.13503,0.014022
314.63245606422424,0.13635,0.01411
314.68143129348755,0.13735,0.014156
314.7342731952667,0.13856,0.014084
314.78923535346985,0.13968,0.014174
314.83581161499023,0.13967,0.014303
314.8902232646942,0.14191,0.014339
314.9374005794525,0.14297,0.014097
314.99085807800293,0.14304,0.014183
315.0370578765869,0.14521,0.014354
315.08830165863037,0.14647,0.014485
315.13913655281067,0.14659,0.01442
315.19133853912354,0.14763,0.014572
315.2358455657959,0.14859,0.014525
315.28908228874207,0.15099,0.014639
315.3425588607788,0.15192,0.014496
315.39267325401306,0.15296,0.014745
315.44280529022217,0.15416,0.014673
315.49532318115234,0.15519,0.014784
315.5428273677826,0.15544,0.014901
315.5936121940613,0.15667,0.014822
315.6435775756836,0.15767,0.01484
315.6959683895111,0.15867,0.014683
315.7433183193207,0.15987,0.014801
315.79755306243896,0.16075,0.014665
315.84623503685,0.16187,0.014629
315.8952827453613,0.16405,0.014568
315.94784212112427,0.16409,0.014523
315.995393037796,0.16617,0.014329
316.04977917671204,0.16631,0.014401
316.09683322906494,0.1674,0.014031
316.1486201286316,0.16843,0.014073
316.1967146396637,0.16923,0.013958
316.24923181533813,0.17141,0.013973
316.30180406570435,0.17164,0.013962
316.35744166374207,0.17376,0.013842
316.40444803237915,0.17375,0.013879
316.45488595962524,0.17479,0.013803
316.50807881355286,0.17565,0.013847
316.55808091163635,0.17696,0.013936
316.6063508987427,0.17683,0.013878
316.65475726127625,0.17896,0.013802
316.7041838169098,0.18001,0.014177
316.7558982372284,0.18116,0.013921
316.80808687210083,0.18232,0.014011
316.8597602844238,0.18316,0.013953
316.91272377967834,0.18417,0.014041
316.961633682251,0.18539,0.013954
317.01169419288635,0.18635,0.014023
317.0624575614929,0.18725,0.014012
317.1104552745819,0.18859,0.014051
317.1632947921753,0.18949,0.014047
317.2130780220032,0.19045,0.014106
317.26468563079834,0.19164,0.014002
317.3143391609192,0.19264,0.014086
317.36133003234863,0.19359,0.014009
317.41465735435486,0.19448,0.014107
317.46844601631165,0.19563,0.014152
317.51811027526855,0.19675,0.014212
317.56727266311646,0.19776,0.01415
317.6151912212372,0.19887,0.014244
317.66975355148315,0.19975,0.014189
317.71845722198486,0.20067,0.014321
317.77064776420593,0.20087,0.014331
317.81905460357666,0.20192,0.014319
317.86858582496643,0.20289,0.014283
317.92040514945984,0.20485,0.014272
317.9704704284668,0.20592,0.01436
318.024539232254,0.20683,0.014374
318.07240653038025,0.20797,0.014406
318.1204688549042,0.20888,0.014433
318.1694140434265,0.20984,0.014565
318.22199392318726,0.21095,0.014465
318.27305579185486,0.21213,0.014723
318.3221187591553,0.21295,0.014651
318.3738238811493,0.21309,0.014854
318.42626786231995,0.21503,0.014907
318.47462344169617,0.21497,0.01505
318.52212142944336,0.21612,0.015004
318.57600712776184,0.218,0.015193
318.62411308288574,0.2192,0.01524
318.6713719367981,0.22016,0.015257
318.724826335907,0.22007,0.015221
318.77701568603516,0.22092,0.015313
318.8297505378723,0.22197,0.014999
318.88078212738037,0.22324,0.015094
318.92966866493225,0.22404,0.014859
318.9773054122925,0.22617,0.014793
319.0288290977478,0.22684,0.014777
319.07990646362305,0.22827,0.014502
319.1312470436096,0.22828,0.014595
319.1808831691742,0.22909,0.014226
319.23453187942505,0.23025,0.014085
319.28187918663025,0.23124,0.014157
319.33545565605164,0.23292,0.014088
319.38587617874146,0.23417,0.013955
319.43375611305237,0.23521,0.014034
319.48292875289917,0.23623,0.014008
319.5361156463623,0.23619,0.014083
319.583105802536,0.23707,0.01399
319.63343143463135,0.23812,0.013913
319.68312335014343,0.23916,0.013899
319.7360372543335,0.24025,0.013958
319.78705883026123,0.24223,0.013991
319.8368320465088,0.24224,0.014143
319.8866505622864,0.24395,0.014079
319.93898248672485,0.24396,0.013715
319.9847493171692,0.24521,0.014032
320.03527903556824,0.24608,0.01405
320.0836660861969,0.24716,0.014155
320.13955187797546,0.24819,0.014075
320.187424659729,0.24916,0.014055
320.2394163608551,0.25017,0.01409
320.29079151153564,0.25112,0.014224
320.33870792388916,0.25233,0.014215
320.3878424167633,0.25307,0.014211
320.4421167373657,0.25412,0.014237
320.49138593673706,0.25503,0.014209
320.5436210632324,0.25613,0.014195
320.59400749206543,0.25709,0.014232
320.6470739841461,0.25803,0.014196
320.69636631011963,0.25905,0.014205
320.7497181892395,0.26005,0.014314
320.79618310928345,0.26001,0.014281
320.8483805656433,0.26219,0.014244
320.8970503807068,0.26316,0.01442
320.94369769096375,0.26412,0.014406
320.99767208099365,0.26503,0.01441
321.04855728149414,0.26613,0.014618
321.10037541389465,0.26691,0.01461
321.1502859592438,0.26705,0.014745
321.200740814209,0.26896,0.014847
321.25366044044495,0.27003,0.015076
321.3032908439636,0.27091,0.015118
321.3537449836731,0.27189,0.01537
321.40467643737793,0.272,0.0157
321.45234274864197,0.27396,0.015588
321.50365829467773,0.27399,0.015854
321.5514304637909,0.27591,0.015703
321.6050980091095,0.277,0.015959
321.6530969142914,0.27699,0.016069
321.7043013572693,0.27787,0.015996
321.7564914226532,0.27881,0.016045
321.8074588775635,0.27992,0.015814
321.8556213378906,0.282,0.015817
321.90846252441406,0.28281,0.015629
321.9564652442932,0.28383,0.015568
322.00863099098206,0.28479,0.015489
322.0571138858795,0.28492,0.01533
322.1154251098633,0.28565,0.014813
322.16433691978455,0.2878,0.014777
322.21438241004944,0.28872,0.01484
322.2645013332367,0.28976,0.014676
322.31615138053894,0.29063,0.014502
322.36607027053833,0.29156,0.014452
322.41461634635925,0.29165,0.01429
322.46894097328186,0.29267,0.014392
322.52023792266846,0.29363,0.014289
322.5701811313629,0.29472,0.014278
322.61727929115295,0.29673,0.014067
322.67036032676697,0.29767,0.014227
322.7189633846283,0.2976,0.014198
322.76990127563477,0.29857,0.014135
322.819908618927,0.29952,0.014297
322.86976385116577,0.30064,0.014238
322.9192280769348,0.30155,0.01427
322.9694471359253,0.30251,0.014215
323.01938128471375,0.30383,0.014265
323.0703241825104,0.30608,0.014388
323.12277817726135,0.30797,0.014198
323.1727924346924,0.31012,0.014253
323.223557472229,0.31225,0.01407
323.27395820617676,0.31413,0.01498
323.3215227127075,0.044373,0.014433
323.37225103378296,0.045027,0.013927
323.42271852493286,0.046733,0.014633
323.47403478622437,0.049493,0.014705
323.52178955078125,0.05216,0.014443
323.57210874557495,0.055213,0.014491
323.62331557273865,0.057987,0.014548
323.67310881614685,0.060933,0.014529
323.7228536605835,0.063787,0.014583
323.7735331058502,0.0666,0.0146
323.8209054470062,0.069253,0.01454
323.8728346824646,0.072173,0.014852
323.927992105484,0.07492,0.01457
323.97721552848816,0.077693,0.014592
324.02763199806213,0.08044,0.014575
324.07516169548035,0.080653,0.014436
324.1252245903015,0.083547,0.014446
324.1754631996155,0.085987,0.014461
324.22867226600647,0.091453,0.014373
324.2829029560089,0.093133,0.014164
324.3323037624359,0.094573,0.014032
324.3821225166321,0.095867,0.014022
324.43449425697327,0.097213,0.014042
324.48260021209717,0.097347,0.014102
324.53169536590576,0.099573,0.013967
324.5827991962433,0.10096,0.01393
324.63515520095825,0.1022,0.013942
324.6839783191681,0.10345,0.013903
324.7347626686096,0.10489,0.013862
324.78789353370667,0.10488,0.013998
324.8348379135132,0.10619,0.013909
324.88592171669006,0.1074,0.013854
324.9385025501251,0.10987,0.013961
324.98785042762756,0.111,0.01397
325.03820967674255,0.11249,0.013851
325.09150433540344,0.11359,0.013945
325.143887758255,0.11472,0.013934
325.1922700405121,0.11593,0.013893
325.2463631629944,0.11731,0.013897
325.29225850105286,0.11719,0.013889
325.3456747531891,0.11832,0.013938
325.3980829715729,0.12072,0.013922
325.44960832595825,0.12193,0.013729
325.4977104663849,0.12311,0.0139
325.54612469673157,0.12432,0.013961
325.5968871116638,0.12439,0.013974
325.64917516708374,0.12549,0.01397
325.7015287876129,0.12677,0.01408
325.75074458122253,0.1288,0.014081
325.79929852485657,0.13013,0.013989
325.85200476646423,0.13028,0.014005
325.90115213394165,0.13135,0.014036
325.9544291496277,0.13231,0.014199
326.0013978481293,0.1336,0.013992
326.05363416671753,0.135,0.014174
326.10417079925537,0.13704,0.014227
326.1573398113251,0.13828,0.014106
326.2070462703705,0.13931,0.014158
326.25680232048035,0.14045,0.014298
326.3062176704407,0.14068,0.014246
326.35689187049866,0.14175,0.014337
326.4073178768158,0.14283,0.014383
326.461546421051,0.14389,0.014429
326.5117988586426,0.1442,0.014469
326.5604224205017,0.14637,0.014447
326.61119389533997,0.14844,0.014476
326.660560131073,0.14852,0.014541
326.7116949558258,0.14959,0.014753
326.76647901535034,0.15051,0.014576
326.8129620552063,0.15171,0.014704
326.86269879341125,0.15281,0.014786
326.9134669303894,0.15392,0.014785
326.9661889076233,0.15617,0.014921
327.0144212245941,0.15624,0.014907
327.06353425979614,0.15747,0.014829
327.1146595478058,0.15863,0.014874
327.1687650680542,0.15951,0.0149
327.21651673316956,0.1596,0.014763
327.26763248443604,0.16151,0.014748
327.3179225921631,0.16384,0.014503
327.3686316013336,0.16392,0.014515
327.41665291786194,0.1648,0.014503
327.4659962654114,0.16599,0.0144
327.5183575153351,0.16699,0.014275
327.56603169441223,0.16816,0.014089
327.62023735046387,0.16929,0.014079
327.669974565506,0.17019,0.014014
327.72683215141296,0.17127,0.01391
327.7749855518341,0.17255,0.013882
327.8238332271576,0.17344,0.013937
327.874130487442,0.17432,0.013862
327.92397117614746,0.17567,0.014009
327.97784900665283,0.17672,0.013906
328.0278551578522,0.17772,0.0139
328.08282017707825,0.17876,0.013853
328.1295371055603,0.17997,0.013935
328.1823935508728,0.18099,0.013925
328.2388427257538,0.18203,0.013919
328.28598165512085,0.18291,0.013801
328.33751225471497,0.18397,0.013937
328.39070653915405,0.18516,0.013946
328.44170928001404,0.18625,0.013962
328.4912886619568,0.18708,0.013972
328.54231667518616,0.18828,0.014038
328.59047651290894,0.18912,0.013794
328.6450729370117,0.19029,0.014007
328.69137239456177,0.19136,0.014089
328.7450637817383,0.19217,0.014067
328.7940766811371,0.1934,0.014127
328.8460600376129,0.19439,0.014094
328.8960657119751,0.19548,0.014114
328.945919752121,0.19649,0.014133
328.9967224597931,0.19751,0.014255
329.04395937919617,0.19827,0.014171
329.09754824638367,0.19845,0.014313
329.15243220329285,0.19959,0.014243
329.20077562332153,0.20185,0.014278
329.2530596256256,0.20268,0.014278
329.30161809921265,0.20365,0.014251
329.35395550727844,0.2044,0.014285
329.39993047714233,0.20569,0.014365
329.4521019458771,0.20571,0.014447
329.50129532814026,0.20681,0.014323
329.55282855033875,0.20793,0.014569
329.6022369861603,0.20891,0.014641
329.6504330635071,0.21069,0.014505
329.7025032043457,0.21175,0.014659
329.75343441963196,0.2128,0.014855
329.8077416419983,0.21287,0.014763
329.8531324863434,0.21479,0.015016
329.9088189601898,0.2148,0.015117
329.961594581604,0.21604,0.015175
330.010217666626,0.21681,0.01533
330.061963558197,0.21759,0.015378
330.1082947254181,0.21989,0.015185
330.15985798835754,0.22,0.015233
330.2104458808899,0.22199,0.015198
330.2598226070404,0.22191,0.015175
330.3094959259033,0.22293,0.015237
330.36429500579834,0.22392,0.015083
330.4115777015686,0.22484,0.014818
330.4694609642029,0.22593,0.014735
330.5225760936737,0.22705,0.014498
330.57144713401794,0.22805,0.014218
330.62024569511414,0.22984,0.014479
330.67098808288574,0.23099,0.014211
330.7172963619232,0.23204,0.014209
330.77202582359314,0.23289,0.013988
330.82881593704224,0.23281,0.014209
330.87657165527344,0.23401,0.013953
330.92710304260254,0.23495,0.013954
330.97840118408203,0.236,0.01403
331.02971053123474,0.23684,0.01406
331.07948446273804,0.23904,0.013895
331.1295030117035,0.23996,0.014
331.17937898635864,0.24101,0.014082
331.23238801956177,0.24079,0.013891
331.28011679649353,0.24196,0.013948
331.3305070400238,0.24281,0.013988
331.3791275024414,0.24403,0.013983
331.4325315952301,0.24496,0.014117
331.48074865341187,0.24589,0.014097
331.53420400619507,0.2468,0.014151
331.58320212364197,0.24779,0.014149
331.6327760219574,0.24899,0.014212
331.68388199806213,0.24988,0.014219
331.7333810329437,0.25093,0.014266
331.7827789783478,0.252,0.014194
331.8348128795624,0.25291,0.014234
331.88365149497986,0.25387,0.014164
331.9336476325989,0.25499,0.014246
331.98320412635803,0.25599,0.014299
332.03498220443726,0.25703,0.014187
332.0837502479553,0.25788,0.014346
332.13712763786316,0.258,0.014217
332.18850779533386,0.26089,0.014135
332.23726511001587,0.26079,0.014232
332.290714263916,0.26171,0.014355
332.3411908149719,0.26291,0.014399
332.39082741737366,0.26384,0.014452
332.4406416416168,0.26591,0.01457
332.4908084869385,0.26592,0.014536
332.54541015625,0.26685,0.014594
332.5924696922302,0.26775,0.014836
332.6439425945282,0.26877,0.015082
332.6918296813965,0.26972,0.015224
332.7409520149231,0.26993,0.015366
332.7938611507416,0.27083,0.015748
332.8452296257019,0.27295,0.015637
332.8969030380249,0.27391,0.015778
332.9440767765045,0.27485,0.015982
332.99824237823486,0.27553,0.016208
333.0473656654358,0.27669,0.016324
333.09321427345276,0.27767,0.016347
333.148503780365,0.27771,0.016351
333.2022063732147,0.27975,0.016224
333.25290536880493,0.28085,0.016335
333.3020911216736,0.28183,0.015932
333.352445602417,0.28275,0.015881
333.4017322063446,0.28381,0.015744
333.4521417617798,0.28372,0.015347
333.5036723613739,0.28464,0.015074
333.5542058944702,0.28573,0.015
333.6041910648346,0.28649,0.014752
333.6539251804352,0.2876,0.014674
333.7047905921936,0.28961,0.014642
333.76107716560364,0.29049,0.014522
333.80823016166687,0.29148,0.014413
333.8628191947937,0.29256,0.014506
333.91013979911804,0.29264,0.014339
333.96269512176514,0.29356,0.014393
334.00986886024475,0.29452,0.014241
334.0621428489685,0.29649,0.014239
334.1136634349823,0.29728,0.014299
334.1623520851135,0.29847,0.014249
334.2152273654938,0.29816,0.014143
334.26360869407654,0.30065,0.014111
334.31946420669556,0.30123,0.014356
334.3661324977875,0.30239,0.014253
334.41716265678406,0.30237,0.014326
334.4717812538147,0.30352,0.014261
334.51870608329773,0.30765,0.014445
334.5677750110626,0.30977,0.014395
334.6225664615631,0.30975,0.014295
334.6697120666504,0.31376,0.014245
334.719113111496,0.31375,0.015096
334.7714509963989,0.04252,0.014114
334.82038044929504,0.044613,0.014431
334.8708276748657,0.046293,0.014522
334.92110800743103,0.051947,0.014577
334.9708116054535,0.052093,0.014605
335.02536487579346,0.05768,0.014522
335.07399439811707,0.057667,0.014574
335.12510561943054,0.060493,0.014581
335.1758255958557,0.060667,0.014609
335.2251944541931,0.06612,0.014573
335.27578568458557,0.071747,0.014626
335.3258674144745,0.074507,0.014579
335.3800268173218,0.074653,0.01459
335.42914390563965,0.07728,0.01454
335.4814291000366,0.07996,0.014498
335.527948141098,0.085493,0.014544
335.5786933898926,0.085467,0.014587
335.6332759857178,0.0882,0.014322
335.68205857276917,0.090893,0.014225
335.732390165329,0.092613,0.0141
335.78213000297546,0.094333,0.01422
335.8345892429352,0.09552,0.014117
335.881707906723,0.096853,0.013919
335.9341833591461,0.098347,0.014074
335.9852659702301,0.099693,0.013997
336.03490567207336,0.10077,0.013882
336.0829887390137,0.10201,0.013894
336.1355049610138,0.10337,0.013857
336.1824722290039,0.10484,0.013912
336.2320873737335,0.10573,0.013926
336.28724241256714,0.10708,0.013987
336.3373944759369,0.10844,0.013887
336.3885271549225,0.10969,0.013895
336.43746399879456,0.11105,0.013926
336.4917573928833,0.11203,0.013828
336.5391495227814,0.11335,0.01387
336.59075903892517,0.11455,0.013834
336.6409628391266,0.11575,0.013787
336.6920397281647,0.11692,0.01372
336.74062848091125,0.11811,0.013721
336.79559326171875,0.11959,0.013773
336.84269881248474,0.1206,0.013797
336.89407110214233,0.12192,0.013974
336.9440174102783,0.12307,0.013933
336.9973351955414,0.12309,0.013936
337.0423512458801,0.12528,0.013988
337.0963656902313,0.12656,0.013797
337.14652585983276,0.12772,0.013896
337.19793701171875,0.12896,0.014061
337.2513074874878,0.13015,0.014102
337.3007957935333,0.13113,0.013863
337.3509786128998,0.13245,0.014142
337.40288281440735,0.13352,0.01417
337.4496545791626,0.13457,0.014187
337.50223302841187,0.13596,0.014165
337.5529260635376,0.13585,0.014308
337.604371547699,0.13716,0.014284
337.653427362442,0.13808,0.014224
337.70260787010193,0.13933,0.014217
337.7534885406494,0.14055,0.014274
337.80274415016174,0.14272,0.014216
337.86269187927246,0.14363,0.014443
337.9128928184509,0.14377,0.014346
337.9582676887512,0.14588,0.014386
338.00959753990173,0.14708,0.014549
338.0632984638214,0.14728,0.014539
338.1137890815735,0.14824,0.014682
338.1632254123688,0.14945,0.014785
338.2113502025604,0.15171,0.014893
338.2665493488312,0.15171,0.014689
338.31685280799866,0.15272,0.014868
338.36627435684204,0.15392,0.014907
338.4164958000183,0.15488,0.014799
338.46742010116577,0.15709,0.014815
338.52231454849243,0.15707,0.014854
338.56942677497864,0.15943,0.014933
338.6222517490387,0.16041,0.014707
338.66966938972473,0.16037,0.014907
338.72167468070984,0.16135,0.014651
338.7719614505768,0.16247,0.014605
338.8244161605835,0.16475,0.014308
338.87372398376465,0.16481,0.014364
338.9261167049408,0.16685,0.014351
338.97799277305603,0.16804,0.014176
339.02652621269226,0.16793,0.014002
339.0754334926605,0.16885,0.014011
339.125821352005,0.17013,0.013986
339.17734932899475,0.17097,0.01389
339.22900557518005,0.17341,0.013951
339.281414270401,0.17435,0.014016
339.33157658576965,0.17529,0.013893
339.3817927837372,0.17548,0.013943
339.43159198760986,0.17647,0.014043
339.48024320602417,0.17748,0.013918
339.5302400588989,0.17856,0.013829
339.58359241485596,0.17968,0.013869
339.6305105686188,0.18193,0.013834
339.68680906295776,0.18188,0.013861
339.7329452037811,0.18289,0.013793
339.7862424850464,0.18372,0.013871
339.839319229126,0.18503,0.013801
339.88567185401917,0.18492,0.013835
339.93773794174194,0.18693,0.014004
339.9887864589691,0.18801,0.013864
340.0400643348694,0.18899,0.013909
340.0905349254608,0.19005,0.014048
340.1417315006256,0.19105,0.014099
340.1922948360443,0.19223,0.013991
340.24023604393005,0.19319,0.014032
340.2885904312134,0.19427,0.014145
340.33961510658264,0.19524,0.014099
340.39284777641296,0.19636,0.014191
340.439790725708,0.19724,0.014189
340.49501180648804,0.19821,0.014294
340.54273986816406,0.19953,0.014228
340.5991315841675,0.20051,0.014265
340.64834547042847,0.20144,0.014256
340.6985197067261,0.20253,0.014275
340.74753069877625,0.20347,0.014247
340.7993657588959,0.20421,0.01424
340.85194659233093,0.20563,0.014375
340.90514850616455,0.20651,0.014405
340.9549951553345,0.20751,0.01435
341.0024917125702,0.20845,0.014556
341.05443716049194,0.20973,0.014686
341.10458850860596,0.21076,0.014712
341.1552891731262,0.21168,0.014964
341.2053453922272,0.21273,0.014869
341.2552728652954,0.21279,0.014952
341.3038341999054,0.21477,0.014838
341.3554356098175,0.21548,0.015146
341.4020676612854,0.2168,0.015341
341.45887088775635,0.21765,0.015281
341.5078504085541,0.21871,0.015361
341.55698561668396,0.21984,0.015335
341.60682940483093,0.22085,0.015237
341.65625405311584,0.22187,0.015139
341.7098445892334,0.22267,0.015259
341.7655942440033,0.22376,0.015048
341.8125331401825,0.22453,0.014773
341.8613865375519,0.22565,0.01478
341.91297721862793,0.22595,0.014718
341.9622449874878,0.22675,0.014458
342.01188921928406,0.22875,0.014367
342.0643472671509,0.22975,0.01394
342.11466121673584,0.23095,0.014138
342.1661171913147,0.23108,0.014068
342.2172734737396,0.23279,0.014126
342.2674696445465,0.23371,0.014113
342.3161141872406,0.23391,0.014075
342.36671471595764,0.23504,0.014063
342.4136321544647,0.23681,0.013943
342.4670150279999,0.23781,0.013835
342.51887249946594,0.23775,0.014257
342.56663489341736,0.23987,0.01414
342.6171655654907,0.23979,0.014014
342.67296624183655,0.24064,0.014018
342.7202081680298,0.24285,0.01393
342.77215337753296,0.24393,0.013899
342.8256175518036,0.24476,0.014057
342.8746747970581,0.24487,0.013918
342.9251506328583,0.24579,0.014155
342.97686314582825,0.24684,0.014112
343.027375459671,0.248,0.01404
343.0762162208557,0.24877,0.01414
343.12469696998596,0.25077,0.01427
343.17817974090576,0.2518,0.014232
343.225252866745,0.25288,0.01414
343.27591943740845,0.25279,0.014137
343.32917618751526,0.25375,0.014289
343.38004064559937,0.25476,0.014175
343.4287896156311,0.25584,0.014197
343.48264169692993,0.25755,0.014242
343.5304934978485,0.25787,0.014254
343.58668327331543,0.25972,0.014278
343.6337003707886,0.25977,0.014211
343.687304019928,0.26069,0.014209
343.73727655410767,0.26272,0.014319
343.79106640815735,0.26364,0.014342
343.83876609802246,0.26376,0.014424
343.8913869857788,0.26431,0.014458
343.9369246959686,0.26528,0.014458
343.98988819122314,0.26663,0.014475
344.0371644496918,0.26784,0.014842
344.0906398296356,0.26865,0.015159
344.1392080783844,0.26881,0.015109
344.1921966075897,0.27069,0.015554
344.2406437397003,0.27179,0.01563
344.2927486896515,0.27253,0.016012
344.34431076049805,0.27363,0.016011
344.3961799144745,0.27457,0.01616
344.44782876968384,0.27565,0.016286
344.49465441703796,0.27667,0.016335
344.5487334728241,0.27752,0.016585
344.59751439094543,0.27856,0.016497
344.64568853378296,0.27948,0.01615
344.6988661289215,0.28055,0.016177
344.74753975868225,0.28144,0.015806
344.799831867218,0.28241,0.015753
344.8490879535675,0.28339,0.015372
344.90064811706543,0.28439,0.015657
344.94904708862305,0.28548,0.015091
345.0007736682892,0.28647,0.015124
345.04868602752686,0.28732,0.014794
345.10094594955444,0.28836,0.014803
345.151718378067,0.28931,0.014659
345.20554995536804,0.29033,0.014744
345.25339937210083,0.29135,0.014523
345.3072440624237,0.29232,0.014494
345.3556191921234,0.29329,0.01442
345.40553998947144,0.29417,0.014614
345.45507049560547,0.29435,0.014359
345.5063111782074,0.29533,0.014433
345.5551555156708,0.29635,0.014527
345.6084372997284,0.29813,0.014286
345.66023683547974,0.29927,0.014054
345.7086851596832,0.30021,0.01428
345.75909781455994,0.30133,0.014269
345.81317710876465,0.30125,0.014331
345.8609480857849,0.30241,0.014214
345.9113018512726,0.30324,0.014287
345.96234822273254,0.30539,0.014275
346.00854086875916,0.30736,0.014259
346.06087851524353,0.31135,0.014333
346.1151144504547,0.3136,0.014332
346.1621062755585,0.045187,0.014294
346.21647930145264,0.043853,0.014352
346.2666697502136,0.043493,0.014425
346.3121864795685,0.045813,0.014587
346.3674488067627,0.048613,0.014528
346.4127790927887,0.054173,0.014403
346.4708287715912,0.057,0.014545
346.5169355869293,0.06,0.014606
346.5697593688965,0.06012,0.014527
346.62040162086487,0.065427,0.014484
346.66972947120667,0.065827,0.014495
346.72177481651306,0.068533,0.01464
346.76907682418823,0.071347,0.014583
346.82310485839844,0.07664,0.014616
346.87302470207214,0.076973,0.014568
346.9208836555481,0.082253,0.014639
346.97398114204407,0.082547,0.014511
347.02089953422546,0.085107,0.014486
347.0750114917755,0.08752,0.014337
347.1286482810974,0.09044,0.014343
347.1758372783661,0.09424,0.014229
347.2321734428406,0.094013,0.014273
347.28129172325134,0.096627,0.013971
347.3285677433014,0.0966,0.013982
347.379762172699,0.098013,0.013939
347.4339506626129,0.099373,0.013948
347.4838397502899,0.102,0.01383
347.5320026874542,0.10191,0.013879
347.5826532840729,0.10313,0.013937
347.63300824165344,0.10449,0.013869
347.6861310005188,0.10568,0.013888
347.7362461090088,0.10671,0.013835
347.78332328796387,0.10797,0.013871
347.83233523368835,0.11075,0.013805
347.88559651374817,0.11048,0.013881
347.93639087677,0.11185,0.013799
347.9863214492798,0.11316,0.013691
348.03528809547424,0.11415,0.013793
348.0851333141327,0.11537,0.01375
348.1343388557434,0.11781,0.013659
348.1864879131317,0.118,0.013704
348.23891735076904,0.11933,0.01369
348.28971815109253,0.1204,0.013619
348.3396050930023,0.12159,0.013681
348.3897445201874,0.12411,0.013735
348.4407901763916,0.12404,0.013819
348.4884765148163,0.12521,0.013714
348.54194140434265,0.12631,0.013935
348.5903785228729,0.12747,0.013942
348.6459655761719,0.1288,0.013885
348.69308638572693,0.12992,0.014018
348.7443027496338,0.13109,0.013924
348.7920799255371,0.13229,0.013988
348.8435320854187,0.1334,0.014051
348.8947048187256,0.13453,0.01417
348.9451427459717,0.13581,0.01408
348.9947700500488,0.13657,0.01411
349.04625701904297,0.13792,0.01411
349.096510887146,0.13923,0.014179
349.1473593711853,0.14017,0.01433
349.1973488330841,0.14144,0.014297
349.24867486953735,0.14143,0.014371
349.2990744113922,0.14359,0.014362
349.35043573379517,0.14357,0.014384
349.39789032936096,0.14467,0.014542
349.4530997276306,0.147,0.014424
349.5050537586212,0.14817,0.014567
349.55855107307434,0.14932,0.014423
349.6051902770996,0.14939,0.014803
349.65991592407227,0.15151,0.014767
349.709712266922,0.15147,0.014737
349.76312351226807,0.15364,0.014806
349.8104422092438,0.15479,0.014862
349.86303782463074,0.15476,0.014849
349.91297221183777,0.15592,0.014958
349.9669756889343,0.15811,0.014877
350.01961851119995,0.15797,0.015031
350.0678114891052,0.15908,0.014818
350.1182918548584,0.16139,0.014637
350.1659917831421,0.16245,0.014606
350.2187616825104,0.16352,0.014563
350.2705833911896,0.16455,0.014224
350.3176600933075,0.1644,0.014423
350.369793176651,0.16569,0.014086
350.41996335983276,0.16675,0.014114
350.47178626060486,0.16887,0.014008
350.52281618118286,0.17003,0.014076
350.57251834869385,0.17111,0.013846
350.62244868278503,0.17099,0.013867
350.67164182662964,0.17319,0.013903
350.7272517681122,0.17435,0.013965
350.7734842300415,0.17531,0.013863
350.82448649406433,0.17633,0.013983
350.87631273269653,0.17639,0.013923
350.92766785621643,0.17731,0.013933
350.977343082428,0.17863,0.013942
351.0269584655762,0.18063,0.013967
351.0782985687256,0.18149,0.013799
351.1327590942383,0.18276,0.013837
351.1803152561188,0.18263,0.013812
351.2319962978363,0.18365,0.013748
351.28461265563965,0.18477,0.013652
351.33194875717163,0.18583,0.013717
351.38191771507263,0.18785,0.013915
351.43325901031494,0.18808,0.013798
351.4814283847809,0.18897,0.013911
351.5371561050415,0.19004,0.013989
351.58216071128845,0.19117,0.013975
351.63449716567993,0.19188,0.014051
351.6851441860199,0.19416,0.014028
351.7359731197357,0.19517,0.014019
351.79145884513855,0.19529,0.014106
351.84016156196594,0.19621,0.014171
351.89192938804626,0.19719,0.01405
351.9410741329193,0.19808,0.014232
351.9899079799652,0.19936,0.01425
352.0403130054474,0.20035,0.014216
352.09165501594543,0.20125,0.014218
352.14207315444946,0.20233,0.01423
352.1931869983673,0.20339,0.014218
352.24681973457336,0.20435,0.014431
352.2946882247925,0.2054,0.014348
352.3456280231476,0.20636,0.014399
352.3996493816376,0.20745,0.014496
352.44791412353516,0.20853,0.014415
352.49926710128784,0.21051,0.014632
352.54988384246826,0.21036,0.014737
352.6002655029297,0.21161,0.014777
352.64976692199707,0.21253,0.014652
352.7028205394745,0.21364,0.014925
352.75209307670593,0.21459,0.015114
352.80112743377686,0.2166,0.015178
352.85329008102417,0.21649,0.0153
352.90220832824707,0.21753,0.015241
352.95327949523926,0.21851,0.015259
353.0049424171448,0.21963,0.015277
353.0551733970642,0.22055,0.01514
353.10434436798096,0.22133,0.015221
353.157705783844,0.22268,0.015032
353.2078855037689,0.22376,0.014819
353.25549697875977,0.22467,0.014751
353.30786323547363,0.22573,0.014663
353.35560393333435,0.22672,0.014213
353.4076874256134,0.22764,0.014275
353.46115493774414,0.22868,0.014265
353.50926876068115,0.22883,0.014099
353.5654089450836,0.23085,0.01419
353.61133074760437,0.23183,0.014201
353.66639137268066,0.23265,0.014187
353.7150733470917,0.23349,0.014154
353.7680628299713,0.23476,0.014056
353.81734108924866,0.23564,0.014165
353.8652284145355,0.23565,0.014002
353.9184687137604,0.23683,0.014159
353.9725103378296,0.23876,0.014258
354.0220820903778,0.2398,0.01418
354.0680983066559,0.24071,0.014077
354.118777513504,0.24173,0.013987
354.17240738868713,0.2426,0.013967
354.22641682624817,0.24256,0.01387
354.27293372154236,0.24464,0.013984
354.3246488571167,0.24577,0.01401
354.38151383399963,0.2466,0.013926
354.42869305610657,0.24777,0.014082
354.48482275009155,0.24867,0.013994
354.5305972099304,0.24972,0.014025
354.5840141773224,0.24967,0.014058
354.63265800476074,0.25068,0.014164
354.6855387687683,0.25244,0.014151
354.7343134880066,0.25369,0.014137
354.78317880630493,0.2548,0.014105
354.83483386039734,0.25567,0.014176
354.8829872608185,0.25564,0.014205
354.9420397281647,0.25776,0.014205
354.9934368133545,0.25863,0.014129
355.0408375263214,0.2596,0.014272
355.0930144786835,0.26065,0.014295
355.14082384109497,0.26164,0.014359
355.1940462589264,0.26257,0.014284
355.244752407074,0.26368,0.014502
355.2966902256012,0.26465,0.014555
355.3461928367615,0.26452,0.014499
355.3974041938782,0.26544,0.014592
355.4494068622589,0.26755,0.01468
355.50212049484253,0.2686,0.014864
355.5483784675598,0.26959,0.015137
355.599573135376,0.27051,0.015336
355.6507263183594,0.27147,0.015463
355.70094060897827,0.27151,0.015708
355.75636410713196,0.2726,0.01577
355.8042984008789,0.27351,0.016181
355.8547189235687,0.27561,0.01626
355.9063034057617,0.27648,0.016267
355.9568932056427,0.27733,0.016489
356.0067253112793,0.27836,0.016652
356.05554389953613,0.27841,0.016312
356.1063244342804,0.27943,0.016216
356.1567769050598,0.28044,0.016231
356.20991945266724,0.28229,0.015951
356.2592430114746,0.28333,0.015612
356.3105299472809,0.28441,0.015808
356.362517118454,0.28532,0.015205
356.4092743396759,0.28551,0.015206
356.4635055065155,0.28652,0.015199
356.5110294818878,0.28728,0.014902
356.5612156391144,0.28829,0.015039
356.6116955280304,0.29031,0.014744
356.6643822193146,0.29112,0.014623
356.7166340351105,0.29116,0.014599
356.76542592048645,0.29309,0.014525
356.8159294128418,0.29336,0.014481
356.86662316322327,0.2944,0.014492
356.9121012687683,0.29524,0.014588
356.9667999744415,0.29605,0.014651
357.020987033844,0.2982,0.014414
357.069940328598,0.29893,0.014448
357.11882185935974,0.30016,0.0144
357.16900992393494,0.30112,0.014271
357.22102427482605,0.30117,0.014187
357.2710509300232,0.30208,0.014271
357.31880402565,0.30299,0.014347
357.36974811553955,0.30492,0.014206
357.4192245006561,0.30696,0.014381
357.47092175483704,0.30919,0.014358
357.5227997303009,0.31133,0.014133
357.5777063369751,0.31324,0.014485
357.6254553794861,0.041507,0.014802
357.6763491630554,0.0434,0.013881
357.72826313972473,0.04544,0.014583
357.77556228637695,0.050787,0.014388
357.8296673297882,0.051107,0.014402
357.87790632247925,0.053907,0.014415
357.92807841300964,0.056667,0.014372
357.97759914398193,0.05972,0.014308
358.0285441875458,0.062427,0.014436
358.0771861076355,0.06532,0.014556
358.1288652420044,0.068027,0.014709
358.18278408050537,0.070947,0.014487
358.23108410835266,0.07368,0.014624
358.2790470123291,0.076373,0.014428
358.3322961330414,0.081813,0.014367
358.3820586204529,0.081747,0.014387
358.42908549308777,0.084693,0.014231
358.4823350906372,0.087453,0.014383
358.5323910713196,0.087587,0.01449
358.5849151611328,0.092587,0.01419
358.63498640060425,0.093893,0.014069
358.6922173500061,0.095213,0.014004
358.74208903312683,0.096587,0.013915
358.79226064682007,0.097747,0.013792
358.843656539917,0.09892,0.013964
358.8946125507355,0.10024,0.01387
358.94289803504944,0.10163,0.013815
358.9934163093567,0.10177,0.01398
359.04444217681885,0.10308,0.013846
359.09749031066895,0.10436,0.013781
359.1461613178253,0.1068,0.013802
359.1971254348755,0.10808,0.013631
359.2458658218384,0.10919,0.01378
359.29887795448303,0.11059,0.013849
359.3498888015747,0.11173,0.013781
359.39570116996765,0.113,0.013785
359.44781017303467,0.11303,0.013664
359.4986584186554,0.11407,0.013804
359.55102276802063,0.11645,0.013663
359.59899401664734,0.11777,0.013563
359.64902114868164,0.11904,0.013488
359.6996591091156,0.12016,0.013516
359.75096917152405,0.1212,0.0136
359.80212330818176,0.12163,0.013607
359.8552792072296,0.12273,0.013764
359.90357089042664,0.12369,0.01385
359.9556930065155,0.12495,0.013869
360.00613474845886,0.12621,0.013837
360.0562710762024,0.12857,0.013892
360.10835552215576,0.12984,0.013977
360.15599822998047,0.13107,0.014077
360.2052552700043,0.13195,0.014069
360.25716495513916,0.13216,0.014051
360.3074281215668,0.13324,0.014098
360.35496163368225,0.13449,0.014103
360.4065363407135,0.13653,0.013997
360.4581038951874,0.13788,0.014272
360.5085608959198,0.13791,0.014212
360.55781745910645,0.13908,0.014212
360.61340045928955,0.14013,0.014278
360.6608338356018,0.14121,0.014313
360.71407771110535,0.14235,0.014273
360.76083159446716,0.1434,0.014376
360.81093740463257,0.1458,0.014202
360.86237835884094,0.14676,0.014473
360.9109585285187,0.14692,0.014228
360.96178674697876,0.14805,0.01454
361.01342272758484,0.14928,0.01468
361.0635657310486,0.15009,0.014709
361.11503553390503,0.15135,0.014717
361.16240882873535,0.15235,0.014757
361.2186772823334,0.15344,0.014748
361.2682571411133,0.15453,0.014812
361.31530952453613,0.1558,0.014727
361.367769241333,0.15665,0.014771
361.41721272468567,0.15803,0.01496
361.46636509895325,0.15896,0.014753
361.51638674736023,0.16009,0.014538
361.5693118572235,0.16136,0.014591
361.6164026260376,0.16132,0.014508
361.66475224494934,0.16337,0.01436
361.72050309181213,0.16444,0.014231
361.76686096191406,0.16571,0.014271
361.81621980667114,0.16651,0.014074
361.8700716495514,0.16776,0.014
361.92156958580017,0.16767,0.013909
361.9727659225464,0.16987,0.01396
362.0202634334564,0.17104,0.013913
362.0693292617798,0.17195,0.013938
362.12588906288147,0.17295,0.013963
362.1733684539795,0.17403,0.013933
362.22559571266174,0.17524,0.01395
362.27856159210205,0.17611,0.013932
362.32701206207275,0.17728,0.01391
362.3810908794403,0.17731,0.013933
362.431991815567,0.17949,0.013885
362.48141622543335,0.1794,0.013843
362.53103470802307,0.18128,0.013972
362.5808594226837,0.18243,0.013822
362.6312789916992,0.18359,0.013814
362.6822564601898,0.18456,0.013717
362.7325942516327,0.18557,0.013756
362.7851870059967,0.18693,0.013713
362.8388388156891,0.1868,0.013695
362.8913674354553,0.18769,0.013785
362.94384360313416,0.18983,0.013813
362.9921317100525,0.19057,0.013958
363.04212474823,0.19192,0.013952
363.0937111377716,0.19283,0.01405
363.1455719470978,0.19377,0.014055
363.19590950012207,0.19508,0.013982
363.2453565597534,0.19608,0.014101
363.29600739479065,0.19605,0.014073
363.3482201099396,0.19799,0.01412
363.39677596092224,0.19831,0.014168
363.4455757141113,0.19927,0.014106
363.4969651699066,0.20028,0.014244
363.5496106147766,0.2024,0.014321
363.5993936061859,0.20324,0.014184
363.6486384868622,0.20419,0.014207
363.69841957092285,0.20535,0.014293
363.7516837120056,0.20533,0.014354
363.80108070373535,0.20639,0.014433
363.8530294895172,0.20732,0.014441
363.90086030960083,0.20933,0.014471
363.9517011642456,0.21027,0.014568
364.0046544075012,0.21143,0.014749
364.05213379859924,0.21239,0.014755
364.10307145118713,0.21236,0.014864
364.15359926223755,0.21336,0.015029
364.2108385562897,0.21441,0.015066
364.25874280929565,0.21551,0.015196
364.3085286617279,0.21739,0.015197
364.3657021522522,0.21741,0.015181
364.4135777950287,0.21973,0.015271
364.46430587768555,0.21919,0.015264
364.5174114704132,0.22051,0.015169
364.5726537704468,0.22141,0.015114
364.62224674224854,0.22337,0.014981
364.669554233551,0.22436,0.014805
364.72307777404785,0.22548,0.014633
364.7736830711365,0.2256,0.014555
364.82369804382324,0.22659,0.014448
364.8723177909851,0.22757,0.0143
364.9228353500366,0.22848,0.014138
364.9702227115631,0.22952,0.014111
365.0228078365326,0.23144,0.014062
365.0714478492737,0.23155,0.014058
365.12358593940735,0.23251,0.014128
365.17361783981323,0.23447,0.014065
365.22455286979675,0.23436,0.01414
365.27278113365173,0.23548,0.014141
365.3247833251953,0.23743,0.014105
365.3756093978882,0.23839,0.013999
365.4246518611908,0.23869,0.014229
365.47947239875793,0.23961,0.014216
365.5300259590149,0.24035,0.014072
365.5798234939575,0.24147,0.013945
365.629851102829,0.24263,0.013911
365.67942810058594,0.24355,0.013976
365.73475408554077,0.24451,0.01413
365.782790184021,0.24557,0.013923
365.83331847190857,0.24743,0.014173
365.881062746048,0.2474,0.013872
365.9358100891113,0.2484,0.014141
365.9831111431122,0.24935,0.014132
366.03417348861694,0.25064,0.014019
366.0896565914154,0.25136,0.01416
366.14062762260437,0.25261,0.014099
366.18848299980164,0.25329,0.014198
366.240439414978,0.25451,0.014206
366.2911732196808,0.25549,0.014341
366.3412251472473,0.25735,0.01426
366.3896474838257,0.25745,0.014363
366.44128227233887,0.25839,0.01421
366.488249540329,0.25927,0.014328
366.5398898124695,0.26052,0.014269
366.59246802330017,0.26067,0.014289
366.6465165615082,0.26343,0.01438
366.6943962574005,0.26341,0.014421
366.74504709243774,0.26425,0.014493
366.796728849411,0.2654,0.014711
366.8427700996399,0.2666,0.014515
366.89649724960327,0.26741,0.014667
366.945467710495,0.26852,0.014591
366.9971401691437,0.26933,0.015029
367.04905796051025,0.27043,0.015047
367.10071539878845,0.27129,0.015435
367.1478838920593,0.27232,0.015795
367.1952245235443,0.27307,0.015914
367.24974370002747,0.27419,0.016184
367.30138301849365,0.27529,0.016057
367.3481414318085,0.27619,0.016246
367.40050172805786,0.27728,0.016498
367.4502844810486,0.27831,0.016333
367.5035502910614,0.2782,0.016389
367.5545811653137,0.27916,0.016355
367.6048171520233,0.28037,0.015941
367.65424823760986,0.28208,0.016005
367.7065796852112,0.28316,0.015576
367.7536926269531,0.28409,0.015499
367.80513167381287,0.28531,0.015608
367.85622692108154,0.2864,0.015215
367.9066963195801,0.28619,0.015006
367.9613404273987,0.28804,0.015067
368.0128707885742,0.28908,0.014263
368.061705827713,0.29015,0.014513
368.1115233898163,0.29104,0.014176
368.16219663619995,0.29212,0.014398
368.21360898017883,0.29319,0.014558
368.2632415294647,0.29327,0.014492
368.3116102218628,0.29409,0.014593
368.369167804718,0.29616,0.014525
368.41695976257324,0.29689,0.014448
368.46969628334045,0.29693,0.014402
368.52076864242554,0.29884,0.014384
368.57031059265137,0.29976,0.014112
368.6188485622406,0.30009,0.014182
368.66904759407043,0.30212,0.014168
368.72045946121216,0.30189,0.01413
368.7692584991455,0.30291,0.014137
368.8202335834503,0.3066,0.014229
368.86875462532043,0.30861,0.014337
368.921706199646,0.30859,0.014082
368.9731271266937,0.3108,0.014288
369.02422547340393,0.31275,0.014223
369.0712490081787,0.041373,0.014145
369.12365794181824,0.042373,0.013768
369.1723392009735,0.044867,0.01455
369.2254672050476,0.04772,0.014508
369.2769675254822,0.05336,0.014465
369.3245487213135,0.056067,0.014451
369.3768527507782,0.057707,0.014351
369.42619276046753,0.059373,0.014475
369.4768946170807,0.0618,0.014506
369.5259304046631,0.064707,0.014497
369.5796146392822,0.06756,0.014461
369.62590503692627,0.07316,0.014425
369.67974376678467,0.073213,0.014389
369.732204914093,0.075933,0.014384
369.78045630455017,0.078827,0.014459
369.8287043571472,0.081373,0.014276
369.8772051334381,0.08416,0.014268
369.92906761169434,0.086893,0.014275
369.98016691207886,0.089707,0.014244
370.031455039978,0.09232,0.014169
370.081494808197,0.093627,0.014141
370.13164162635803,0.09488,0.013996
370.18438243865967,0.096107,0.013833
370.233412027359,0.097573,0.013951
370.2893831729889,0.098867,0.013845
370.3421633243561,0.10017,0.013857
370.3870761394501,0.10152,0.013915
370.44068813323975,0.10276,0.013906
370.4930770397186,0.10409,0.013873
370.5431184768677,0.10519,0.013853
370.591516494751,0.10553,0.013816
370.64201045036316,0.10649,0.013826
370.69097447395325,0.10899,0.013778
370.7442555427551,0.11029,0.013756
370.79491925239563,0.11143,0.013837
370.8443260192871,0.11269,0.013791
370.9006917476654,0.11387,0.013751
370.9492003917694,0.11511,0.013719
371.0006365776062,0.11524,0.013653
371.0508186817169,0.11776,0.013537
371.10681200027466,0.11884,0.013452
371.1520426273346,0.11989,0.013584
371.2075753211975,0.12125,0.013626
371.25479102134705,0.12239,0.013637
371.30306673049927,0.12345,0.013836
371.3565831184387,0.12347,0.013761
371.40827536582947,0.12501,0.013738
371.45757484436035,0.1272,0.013879
371.5075101852417,0.12825,0.01388
371.5598511695862,0.12935,0.013843
371.60937452316284,0.13053,0.013958
371.6600034236908,0.13196,0.013961
371.7138366699219,0.13285,0.014024
371.7601935863495,0.134,0.013978
371.81627678871155,0.13421,0.01406
371.86587619781494,0.13629,0.01408
371.9154124259949,0.13763,0.014124
371.96571040153503,0.13875,0.014151
372.01282930374146,0.13884,0.014202
372.0653886795044,0.14105,0.014193
372.1151170730591,0.142,0.014308
372.16428661346436,0.14221,0.014314
372.2178201675415,0.14332,0.014372
372.2672805786133,0.1454,0.014332
372.3192491531372,0.14664,0.014522
372.3675651550293,0.14667,0.014616
372.4183361530304,0.14773,0.014659
372.4652798175812,0.149,0.014485
372.5197649002075,0.15005,0.014661
372.5718951225281,0.15223,0.014754
372.6186361312866,0.15323,0.014737
372.6688916683197,0.15348,0.014681
372.7198579311371,0.15471,0.014896
372.77032375335693,0.15559,0.014767
372.82115292549133,0.15668,0.014875
372.8728334903717,0.15795,0.014658
372.92499804496765,0.15999,0.014672
372.97206234931946,0.16113,0.014616
373.0240898132324,0.16209,0.014559
373.07482743263245,0.16309,0.014441
373.1268129348755,0.16425,0.014473
373.1759259700775,0.16451,0.014273
373.22890424728394,0.16523,0.014012
373.27577900886536,0.16659,0.014053
373.3313009738922,0.16747,0.01384
373.3774392604828,0.16837,0.013974
373.42800307273865,0.16964,0.013917
373.4765999317169,0.17175,0.013886
373.5309863090515,0.17177,0.013908
373.5820984840393,0.17295,0.013895
373.63522148132324,0.17395,0.013843
373.6821963787079,0.17483,0.013859
373.7334177494049,0.17607,0.013872
373.78504610061646,0.177,0.013885
373.83536887168884,0.17807,0.013806
373.88369607925415,0.18009,0.013872
373.934298992157,0.18013,0.013912
373.9849274158478,0.18139,0.013794
374.03603529930115,0.1824,0.013684
374.08401107788086,0.1834,0.013598
374.1367464065552,0.18544,0.013611
374.1850116252899,0.18556,0.013629
374.24213552474976,0.18656,0.013515
374.2924828529358,0.18773,0.013769
374.3391273021698,0.18861,0.013796
374.3874833583832,0.18953,0.013942
374.4389383792877,0.18956,0.013892
374.49206590652466,0.1918,0.014033
374.54311990737915,0.19371,0.013931
374.59392762184143,0.19403,0.014083
374.6447010040283,0.19484,0.013839
374.6926999092102,0.19583,0.014048
374.7437160015106,0.19704,0.014049
374.7963709831238,0.19795,0.01423
374.8464639186859,0.19795,0.014218
374.89622473716736,0.19979,0.013972
374.9472589492798,0.20096,0.014204
374.99901390075684,0.20197,0.014288
375.0462431907654,0.20305,0.01425
375.1025583744049,0.20307,0.014252
375.1535019874573,0.20515,0.014223
375.20357275009155,0.20612,0.014364
375.2484073638916,0.20709,0.014387
375.3049409389496,0.20821,0.014281
375.3532304763794,0.20919,0.014536
375.4007053375244,0.21024,0.014498
375.4522867202759,0.21105,0.0147
375.5025601387024,0.21229,0.01465
375.5508277416229,0.21317,0.014918
375.6036477088928,0.21323,0.014824
375.65546464920044,0.21417,0.014973
375.7064952850342,0.21529,0.014962
375.7564158439636,0.21727,0.015117
375.8044831752777,0.21833,0.015075
375.85566568374634,0.21932,0.01525
375.9058663845062,0.22023,0.01521
375.9557213783264,0.22123,0.015217
376.0060636997223,0.22128,0.015205
376.0558354854584,0.22249,0.014961
376.10725951194763,0.22425,0.014594
376.1547644138336,0.22429,0.014744
376.2071759700775,0.22527,0.014262
376.25815439224243,0.22628,0.014424
376.30715918540955,0.22731,0.014321
376.3550045490265,0.22823,0.014121
376.41027903556824,0.23044,0.014061
376.4609615802765,0.23036,0.014094
376.51141571998596,0.2324,0.013967
376.56049728393555,0.23237,0.013987
376.6109890937805,0.2334,0.01385
376.6642334461212,0.23428,0.01409
376.71023440361023,0.23543,0.013956
376.7655749320984,0.23712,0.014129
376.81668424606323,0.23855,0.014092
376.86605978012085,0.23853,0.014119
376.9208846092224,0.24021,0.013942
376.96529507637024,0.24045,0.013953
377.01894068717957,0.2414,0.013924
377.07216238975525,0.2424,0.013911
377.12240386009216,0.24437,0.01386
377.1717002391815,0.24517,0.013828
377.2240605354309,0.24621,0.013894
377.2719564437866,0.24656,0.013932
377.32439613342285,0.24743,0.01407
377.37231278419495,0.24835,0.01407
377.42332553863525,0.24916,0.014087
377.4741747379303,0.25033,0.014144
377.526407957077,0.25121,0.014101
377.5731747150421,0.2532,0.01412
377.6263153553009,0.25337,0.014152
377.6747238636017,0.25428,0.014162
377.7305107116699,0.25543,0.014211
377.7780842781067,0.25609,0.014226
377.830947637558,0.25719,0.01421
377.88040375709534,0.25815,0.014203
377.9293158054352,0.25908,0.01409
377.9793975353241,0.26003,0.014196
378.0273563861847,0.26127,0.014313
378.0811011791229,0.26213,0.014355
378.13177824020386,0.26307,0.014265
378.18098044395447,0.2642,0.014372
378.2307336330414,0.26511,0.014602
378.29179191589355,0.26608,0.014568
378.33974409103394,0.26719,0.014781
378.38777780532837,0.26915,0.01483
378.44533467292786,0.26928,0.014983
378.4979565143585,0.27,0.015075
378.5453681945801,0.27117,0.015611
378.5961844921112,0.2722,0.015522
378.6466290950775,0.27316,0.016067
378.6962466239929,0.27428,0.015883
378.74841380119324,0.27503,0.016009
378.79541540145874,0.27616,0.016202
378.84540915489197,0.27703,0.016221
378.89624977111816,0.27788,0.016404
378.94975113868713,0.27907,0.016121
379.0017111301422,0.28001,0.016115
379.0497832298279,0.28092,0.016045
379.1026177406311,0.281,0.015607
379.15129590034485,0.28283,0.015609
379.1984133720398,0.28392,0.01559
379.2557213306427,0.28496,0.015203
379.30009746551514,0.28607,0.014931
379.3571994304657,0.28681,0.015073
379.40390276908875,0.28791,0.014831
379.4537422657013,0.28887,0.014838
379.5064673423767,0.29,0.014495
379.5518214702606,0.29084,0.014765
379.6068298816681,0.29188,0.01447
379.6561665534973,0.29283,0.014444
379.70527148246765,0.29368,0.014456
379.7610595226288,0.29476,0.014378
379.80771255493164,0.29488,0.014529
379.8621897697449,0.2968,0.0142
379.9120559692383,0.29785,0.01417
379.9607183933258,0.29867,0.014174
380.0092945098877,0.29977,0.014101
380.0598814487457,0.30088,0.014084
380.1135742664337,0.30064,0.014072
380.1625597476959,0.3018,0.014104
380.21261835098267,0.30423,0.014092
380.2613835334778,0.30637,0.014126
380.31508445739746,0.30651,0.014302
380.36081290245056,0.31057,0.014136
380.414169549942,0.31025,0.014519
380.46090292930603,0.31248,0.014048
380.5140254497528,0.04136,0.014123
380.56192207336426,0.042053,0.013815
380.61745142936707,0.0472,0.014458
380.6633906364441,0.049947,0.014349
380.7152693271637,0.05,0.014359
380.7692074775696,0.052907,0.014313
380.8171181678772,0.05872,0.014439
380.8703896999359,0.058467,0.014239
380.9169125556946,0.061667,0.014418
380.96577620506287,0.064253,0.014414
381.02037811279297,0.06992,0.01449
381.0693724155426,0.072787,0.014447
381.12237215042114,0.07288,0.014481
381.1706748008728,0.07548,0.014559
381.22190260887146,0.078293,0.014287
381.2703995704651,0.081133,0.014399
381.3261435031891,0.083707,0.014129
381.37469267845154,0.086333,0.014376
381.4206931591034,0.09196,0.014074
381.47274446487427,0.093373,0.014435
381.52449798583984,0.093533,0.014109
381.5736405849457,0.094853,0.013782
381.6217803955078,0.09608,0.013861
381.6741738319397,0.097387,0.013688
381.72687792778015,0.098653,0.013916
381.78129506111145,0.099973,0.013772
381.82691264152527,0.10137,0.013598
381.8791162967682,0.10268,0.01383
381.93052649497986,0.10384,0.01376
381.97912430763245,0.1052,0.013896
382.03833055496216,0.1064,0.013853
382.0857844352722,0.10752,0.013823
382.1397488117218,0.10877,0.013858
382.18955636024475,0.11009,0.013816
382.2402558326721,0.11251,0.013883
382.28984904289246,0.11377,0.013739
382.33805775642395,0.11377,0.013698
382.38749957084656,0.11496,0.013592
382.4395258426666,0.11617,0.013612
382.4909610748291,0.11737,0.01364
382.53852701187134,0.11857,0.01355
382.59049344062805,0.11871,0.013741
382.63722372055054,0.12087,0.013511
382.69161200523376,0.12087,0.013786
382.74169063568115,0.12344,0.013676
382.7917821407318,0.12464,0.01376
382.8437306880951,0.12576,0.013838
382.89368081092834,0.12676,0.01383
382.94281816482544,0.12808,0.013879
382.99458718299866,0.12907,0.01381
383.04534697532654,0.12937,0.013913
383.09702491760254,0.13052,0.013972
383.1480462551117,0.13295,0.014066
383.1962263584137,0.13384,0.01405
383.25070428848267,0.13499,0.014152
383.30069875717163,0.13641,0.014033
383.3472623825073,0.13715,0.014168
383.3974003791809,0.13859,0.014281
383.4498896598816,0.13971,0.014146
383.4971706867218,0.1408,0.014197
383.5477089881897,0.14195,0.014244
383.60202527046204,0.14309,0.014267
383.6515212059021,0.14416,0.014261
383.7009665966034,0.14424,0.014357
383.75017833709717,0.14536,0.014364
383.80279326438904,0.14656,0.014478
383.85013914108276,0.14859,0.01449
383.90260004997253,0.14971,0.01449
383.95309042930603,0.15072,0.014472
384.0020897388458,0.15191,0.014714
384.0572044849396,0.15317,0.014664
384.106493473053,0.15297,0.014823
384.15678811073303,0.15428,0.01473
384.20707178115845,0.15524,0.014631
384.25744795799255,0.15655,0.014663
384.3059368133545,0.15852,0.014568
384.3602662086487,0.15981,0.014623
384.4093883037567,0.16075,0.014552
384.45897912979126,0.16085,0.014443
384.5085816383362,0.16181,0.014377
384.55999279022217,0.16284,0.014433
384.6097321510315,0.16407,0.013972
384.6594262123108,0.16509,0.013888
384.7119791507721,0.16615,0.013925
384.76016187667847,0.16832,0.013929
384.81536889076233,0.16825,0.013872
384.86683535575867,0.16947,0.013638
384.91502594947815,0.17064,0.01377
384.9647707939148,0.17176,0.013652
385.01746344566345,0.17372,0.013847
385.0709629058838,0.17375,0.013718
385.114609003067,0.17473,0.013906
385.1690926551819,0.17579,0.013897
385.2202274799347,0.17677,0.013878
385.26960039138794,0.17879,0.013814
385.31795287132263,0.179,0.013817
385.36977434158325,0.18012,0.013803
385.4187841415405,0.18088,0.013779
385.47153902053833,0.18216,0.013726
385.5236303806305,0.18316,0.013656
385.57097363471985,0.18421,0.013501
385.6240165233612,0.18532,0.013711
385.6715385913849,0.18637,0.013592
385.72310853004456,0.18749,0.013761
385.7753064632416,0.18827,0.013758
385.8248724937439,0.18945,0.013891
385.8741543292999,0.1906,0.013858
385.92350578308105,0.19152,0.013914
385.97360706329346,0.1926,0.013923
386.03497314453125,0.19365,0.013972
386.0814187526703,0.19461,0.013543
386.1326174736023,0.19553,0.013944
386.1848018169403,0.19665,0.014088
386.2356164455414,0.19777,0.014033
386.29168677330017,0.19992,0.014214
386.34653186798096,0.19968,0.014148
386.39530754089355,0.20079,0.014211
386.4459915161133,0.2018,0.014097
386.4930999279022,0.20285,0.014081
386.54656052589417,0.20403,0.014183
386.596896648407,0.20589,0.014224
386.64635133743286,0.20587,0.014315
386.69609665870667,0.20697,0.014327
386.745876789093,0.20789,0.014402
386.79721546173096,0.20883,0.014358
386.85120582580566,0.20995,0.014392
386.9023847579956,0.21093,0.014622
386.9525966644287,0.21208,0.014691
386.9983868598938,0.213,0.014764
387.0554156303406,0.21391,0.014684
387.1030366420746,0.21517,0.014871
387.1551196575165,0.21604,0.014868
387.2048268318176,0.21711,0.015121
387.25689458847046,0.21816,0.0152
387.308806180954,0.21813,0.014976
387.35960125923157,0.22017,0.014982
387.41069197654724,0.22108,0.014991
387.45863342285156,0.2222,0.0149
387.5101501941681,0.22304,0.015026
387.5617895126343,0.22411,0.014895
387.60963129997253,0.22443,0.014485
387.65931034088135,0.22532,0.01458
387.7110788822174,0.22729,0.014338
387.760737657547,0.22821,0.01405
387.8114161491394,0.22828,0.014107
387.86045265197754,0.22913,0.014032
387.9159438610077,0.23015,0.013961
387.9651288986206,0.23219,0.013945
388.01678705215454,0.23319,0.013861
388.0667243003845,0.23419,0.01396
388.1163110733032,0.23513,0.013907
388.1683518886566,0.23608,0.013944
388.2147159576416,0.23621,0.014037
388.263249874115,0.23825,0.013963
388.314950466156,0.23913,0.014028
388.3660616874695,0.24012,0.013883
388.4168782234192,0.24129,0.013885
388.46915912628174,0.24216,0.013849
388.51679039001465,0.24215,0.0138
388.56740951538086,0.24307,0.01389
388.6199507713318,0.24409,0.013804
388.6695041656494,0.24507,0.013857
388.71869230270386,0.24709,0.013879
388.7737867832184,0.24821,0.013927
388.82230043411255,0.24923,0.013906
388.8737759590149,0.25021,0.013941
388.92186665534973,0.25012,0.014268
388.9758152961731,0.25111,0.014152
389.0231144428253,0.25319,0.013985
389.0753643512726,0.25405,0.014155
389.12605905532837,0.25415,0.014129
389.17824625968933,0.25516,0.014259
389.22862815856934,0.2562,0.01423
389.2779235839844,0.25715,0.014222
389.32740330696106,0.25812,0.014194
389.37427139282227,0.25904,0.014204
389.4298486709595,0.26099,0.01422
389.47576570510864,0.26211,0.014245
389.53035593032837,0.26215,0.014197
389.58140683174133,0.26297,0.014353
389.63136649131775,0.26407,0.014435
389.6812391281128,0.26492,0.014409
389.73002791404724,0.26599,0.014605
389.77988147735596,0.26703,0.014799
389.83245944976807,0.26816,0.01486
389.8798363208771,0.26919,0.014822
389.93944334983826,0.26988,0.015049
389.9871292114258,0.27097,0.015021
390.03896403312683,0.27181,0.015268
390.08873558044434,0.27293,0.015727
390.1443147659302,0.275,0.015932
390.1926488876343,0.276,0.016269
390.2404115200043,0.27604,0.015721
390.29313826560974,0.27689,0.016277
390.34221935272217,0.27792,0.016044
390.39414978027344,0.2788,0.016051
390.4416766166687,0.28008,0.016193
390.494740486145,0.27995,0.015692
390.54273557662964,0.28193,0.015985
390.59265208244324,0.28283,0.015392
390.6455628871918,0.28372,0.015321
390.69282579421997,0.28476,0.014714
390.744576215744,0.28576,0.014783
390.7970497608185,0.28684,0.01493
390.8441712856293,0.28684,0.01467
390.894478559494,0.28865,0.014731
390.949095249176,0.28955,0.014449
390.99666261672974,0.29067,0.014634
391.0464656352997,0.29153,0.01444
391.09810614585876,0.29269,0.01443
391.1472632884979,0.29367,0.01434
391.19684767723083,0.29461,0.014469
391.2505657672882,0.29545,0.014366
391.2983376979828,0.2956,0.014245
391.3466410636902,0.29748,0.014263
391.40058612823486,0.29872,0.01414
391.4465243816376,0.29949,0.014063
391.4987065792084,0.30039,0.013967
391.5500991344452,0.30065,0.01398
391.5975682735443,0.30156,0.014265
391.65141463279724,0.30391,0.013904
391.70376801490784,0.30597,0.014217
391.7523195743561,0.30807,0.014236
391.8031301498413,0.30987,0.01425
391.8498890399933,0.31229,0.014098
391.8997836112976,0.31228,0.014188
391.95093274116516,0.039933,0.01353
392.003342628479,0.041547,0.013959
392.0498502254486,0.044013,0.014403
392.1021611690521,0.04928,0.014243
392.1544404029846,0.049667,0.014375
392.2045695781708,0.055187,0.014246
392.25277829170227,0.055333,0.014336
392.2996323108673,0.06088,0.014281
392.3533675670624,0.061133,0.01435
392.40486240386963,0.063987,0.014293
392.45651364326477,0.066667,0.014353
392.5030002593994,0.069347,0.014355
392.5567202568054,0.072133,0.01444
392.6067337989807,0.076533,0.014356
392.66020369529724,0.077933,0.014253
392.7087264060974,0.080667,0.014273
392.77086329460144,0.083307,0.014226
392.8190424442291,0.085947,0.014141
392.871178150177,0.088853,0.014065
392.91908288002014,0.093213,0.014255
392.968457698822,0.094507,0.013893
393.02259397506714,0.095867,0.013993
393.0702397823334,0.097173,0.013892
393.1171250343323,0.097333,0.0138
393.1697459220886,0.098507,0.013855
393.21873474121094,0.099787,0.013783
393.2741677761078,0.10104,0.013772
393.331262588501,0.10239,0.013799
393.37910294532776,0.10481,0.013769
393.4326617717743,0.10613,0.013696
393.4806110858917,0.10732,0.013711
393.5320448875427,0.10848,0.013689
393.5804407596588,0.10983,0.013805
393.6323857307434,0.10985,0.013679
393.68318915367126,0.11113,0.013618
393.7329909801483,0.11236,0.013518
393.77952909469604,0.11363,0.013665
393.83125829696655,0.11484,0.013564
393.8851435184479,0.11623,0.013631
393.9299077987671,0.11736,0.013544
393.98289251327515,0.11829,0.013498
394.03377413749695,0.11973,0.013594
394.08816170692444,0.12204,0.013488
394.1351594924927,0.12328,0.013697
394.1883342266083,0.123,0.013663
394.23567032814026,0.12435,0.013617
394.28472328186035,0.12559,0.013794
394.34015560150146,0.12687,0.013802
394.3891294002533,0.12789,0.013795
394.4388391971588,0.12909,0.013886
394.49010133743286,0.13032,0.01382
394.53608083724976,0.13136,0.01392
394.58734607696533,0.13279,0.01403
394.63885283470154,0.13371,0.014044
394.6900899410248,0.13512,0.014089
394.73872900009155,0.13617,0.014096
394.7903654575348,0.13716,0.014043
394.84104180336,0.13719,0.014059
394.89067029953003,0.13964,0.014161
394.94374799728394,0.14059,0.014116
394.9929242134094,0.14175,0.014272
395.0434775352478,0.14301,0.014114
395.0955638885498,0.14409,0.014308
395.1416003704071,0.14419,0.014391
395.19372630119324,0.14509,0.01439
395.248242855072,0.14635,0.014375
395.29923033714294,0.14855,0.014438
395.3481116294861,0.14977,0.014453
395.3969130516052,0.15075,0.014534
395.44771909713745,0.15191,0.014435
395.49612307548523,0.15281,0.014648
395.54938411712646,0.15401,0.014635
395.60239934921265,0.15397,0.014573
395.651460647583,0.15516,0.014563
395.7003483772278,0.15631,0.014677
395.75068402290344,0.15849,0.014585
395.8022313117981,0.15967,0.014455
395.85242986679077,0.16061,0.014363
395.90172934532166,0.1618,0.014699
395.94977498054504,0.16283,0.014123
396.0033655166626,0.16281,0.014127
396.05353260040283,0.16399,0.014123
396.10459637641907,0.16476,0.014058
396.1514971256256,0.16589,0.013853
396.2039849758148,0.16721,0.013903
396.2535545825958,0.16808,0.013868
396.3025722503662,0.17036,0.013731
396.35419607162476,0.17116,0.013709
396.4093246459961,0.17177,0.013717
396.4555699825287,0.17347,0.013701
396.5086145401001,0.17355,0.013744
396.55740666389465,0.1746,0.013764
396.60968947410583,0.17564,0.013827
396.6619167327881,0.17704,0.013649
396.71305990219116,0.17879,0.013638
396.7669746875763,0.17875,0.013733
396.81785321235657,0.17987,0.013629
396.87177443504333,0.18109,0.013767
396.9220869541168,0.18209,0.013738
396.97405314445496,0.18411,0.013676
397.0212960243225,0.18517,0.013657
397.071093082428,0.18508,0.013706
397.12581992149353,0.18631,0.013652
397.17967534065247,0.18725,0.013759
397.23122239112854,0.18832,0.01383
397.2791471481323,0.18931,0.013888
397.32648158073425,0.19136,0.013783
397.3805274963379,0.19244,0.013788
397.4306445121765,0.19245,0.013875
397.48544573783875,0.19341,0.014031
397.53286576271057,0.19451,0.013993
397.5878336429596,0.19559,0.013999
397.6351282596588,0.19644,0.014078
397.68755435943604,0.19769,0.014127
397.7361867427826,0.19964,0.01414
397.78820729255676,0.2008,0.014141
397.83780550956726,0.20079,0.01404
397.88850593566895,0.20275,0.014199
397.9381740093231,0.203,0.014194
397.98820757865906,0.20384,0.014306
398.0389771461487,0.20479,0.014301
398.08930802345276,0.20572,0.014256
398.14243626594543,0.20791,0.01412
398.1918694972992,0.20888,0.014275
398.24306893348694,0.20989,0.014449
398.2902240753174,0.20989,0.014396
398.33987164497375,0.21104,0.014465
398.3914828300476,0.21212,0.014591
398.4421043395996,0.21289,0.014702
398.49505710601807,0.21407,0.0147
398.5420980453491,0.21393,0.014782
398.59317231178284,0.21607,0.014891
398.64720249176025,0.21717,0.014925
398.695734500885,0.21801,0.014919
398.74527311325073,0.21888,0.014988
398.7936441898346,0.21991,0.014901
398.84461784362793,0.22092,0.014891
398.8959581851959,0.22196,0.014939
398.94762682914734,0.223,0.014755
398.99676418304443,0.22313,0.014489
399.05214977264404,0.22501,0.01463
399.102002620697,0.22607,0.014476
399.14917755126953,0.22669,0.01452
399.20249581336975,0.22785,0.014225
399.2501039505005,0.22883,0.013928
399.301167011261,0.23011,0.013975
399.35717821121216,0.23115,0.013941
399.40463757514954,0.23207,0.014016
399.45510053634644,0.23315,0.013917
399.50616121292114,0.23404,0.013728
399.5521695613861,0.23503,0.0139
399.6037857532501,0.23612,0.013881
399.65406680107117,0.23695,0.013784
399.7042248249054,0.23705,0.013889
399.75853514671326,0.23924,0.013865
399.80540800094604,0.23913,0.013848
399.86068749427795,0.24001,0.013844
399.91582584381104,0.24109,0.013687
399.9661478996277,0.24313,0.013758
400.0157120227814,0.24408,0.014041
400.0618278980255,0.24515,0.013848
400.11457920074463,0.246,0.013932
400.1649851799011,0.24608,0.01396
400.21548676490784,0.247,0.013966
400.2664227485657,0.24892,0.014019
400.31805062294006,0.24992,0.014093
400.36782336235046,0.25111,0.014107
400.41860270500183,0.25189,0.014076
400.46651315689087,0.25303,0.014148
400.51835799217224,0.25289,0.014158
400.56622409820557,0.25395,0.014229
400.6185839176178,0.25505,0.014272
400.6670949459076,0.25592,0.014255
400.7215838432312,0.25684,0.014163
400.7680490016937,0.259,0.014188
400.8205111026764,0.25908,0.014217
400.8757894039154,0.25991,0.014207
400.9223265647888,0.26181,0.014174
400.97678875923157,0.26204,0.014291
401.02289366722107,0.26288,0.014347
401.0759596824646,0.26397,0.014416
401.1271789073944,0.26589,0.014415
401.1740975379944,0.26687,0.0146
401.2222480773926,0.26785,0.014456
401.2748489379883,0.2678,0.014422
401.32504177093506,0.26884,0.014925
401.38005661964417,0.26973,0.014845
401.4297263622284,0.27096,0.015159
401.4788770675659,0.27288,0.015371
401.52769899368286,0.27369,0.015344
401.57845091819763,0.27397,0.015512
401.6279375553131,0.27484,0.015682
401.68017387390137,0.2758,0.015667
401.73001742362976,0.27687,0.015949
401.7783660888672,0.27892,0.015841
401.8303747177124,0.27865,0.015715
401.882985830307,0.27976,0.016025
401.9330222606659,0.28079,0.015523
401.9833359718323,0.28183,0.01532
402.0310423374176,0.28284,0.015333
402.0792570114136,0.28364,0.015199
402.131032705307,0.28583,0.01498
402.18625259399414,0.28548,0.014996
402.2363166809082,0.28661,0.01463
402.28405928611755,0.28757,0.014539
402.33285641670227,0.28861,0.014542
402.3852632045746,0.29041,0.014435
402.43563771247864,0.29052,0.014404
402.48981857299805,0.29168,0.014486
402.5437605381012,0.29255,0.014353
402.5931704044342,0.29341,0.01428
402.64438819885254,0.2948,0.014208
402.6937518119812,0.29559,0.014191
402.74169874191284,0.29625,0.01422
402.794869184494,0.2974,0.014109
402.8430697917938,0.29829,0.014085
402.8906512260437,0.29939,0.014089
402.94193744659424,0.30029,0.014071
402.9970850944519,0.30145,0.014173
403.0445237159729,0.30247,0.014209
403.094614982605,0.30227,0.014232
403.1479866504669,0.30357,0.014273
403.1954081058502,0.30787,0.014216
403.245543718338,0.30985,0.01424
403.2968006134033,0.31184,0.014159
403.3476490974426,0.040547,0.01373
403.40000891685486,0.041827,0.013768
403.44737219810486,0.040733,0.01426
403.5005123615265,0.046373,0.014299
403.5493938922882,0.049027,0.014321
403.6002867221832,0.052053,0.014349
403.64868450164795,0.055,0.014161
403.7010567188263,0.054853,0.014276
403.7534441947937,0.05776,0.014331
403.8096854686737,0.063573,0.014347
403.85614228248596,0.066453,0.014401
403.9080398082733,0.06908,0.014371
403.95813369750977,0.07172,0.014362
404.01086163520813,0.074747,0.01432
404.0633943080902,0.07496,0.014288
404.10989022254944,0.077467,0.014453
404.1622347831726,0.08012,0.014208
404.21245861053467,0.08544,0.014224
404.2629323005676,0.088427,0.014266
404.31415843963623,0.091133,0.014129
404.361878156662,0.09304,0.014155
404.41265988349915,0.093227,0.014135
404.46281003952026,0.094467,0.013916
404.5181107521057,0.095853,0.014029
404.5678131580353,0.098187,0.013866
404.6164445877075,0.099667,0.013777
404.6705129146576,0.099547,0.013784
404.71734285354614,0.10204,0.013715
404.769544839859,0.10215,0.013745
404.8191771507263,0.10333,0.013682
404.8710718154907,0.10455,0.013669
404.917076587677,0.10585,0.01367
404.97335839271545,0.10844,0.01371
405.0209276676178,0.10971,0.013737
405.07324147224426,0.11099,0.013668
405.12703919410706,0.11105,0.013715
405.17399048805237,0.11247,0.013686
405.22247791290283,0.11344,0.01369
405.27278876304626,0.11469,0.013626
405.326593875885,0.11596,0.013667
405.3797571659088,0.11833,0.013486
405.42669558525085,0.11945,0.013622
405.47726798057556,0.11928,0.013664
405.5270929336548,0.1206,0.013609
405.57827043533325,0.12197,0.013798
405.6310844421387,0.12311,0.013715
405.67694759368896,0.12428,0.013586
405.7307288646698,0.12668,0.013787
405.7786419391632,0.12777,0.013743
405.8284125328064,0.12801,0.013804
405.8821039199829,0.12911,0.013908
405.9325759410858,0.13016,0.013891
405.9829158782959,0.13123,0.013959
406.03135561943054,0.13235,0.014008
406.0827374458313,0.13487,0.014072
406.1342101097107,0.13472,0.014007
406.1878306865692,0.136,0.014128
406.2363352775574,0.13703,0.014202
406.2873182296753,0.13831,0.014141
406.3382513523102,0.13936,0.014102
406.38984179496765,0.14055,0.014165
406.43701100349426,0.14172,0.014211
406.49671506881714,0.14272,0.014293
406.5443193912506,0.14413,0.014182
406.5986559391022,0.14529,0.014246
406.6464807987213,0.14621,0.01436
406.6953082084656,0.14741,0.014373
406.750611782074,0.14832,0.014331
406.7978904247284,0.14943,0.014417
406.85101103782654,0.15053,0.01457
406.90057253837585,0.15177,0.01453
406.9477610588074,0.15284,0.01451
406.99938774108887,0.15395,0.014598
407.0500166416168,0.15511,0.014569
407.1009752750397,0.15616,0.014467
407.1527051925659,0.15715,0.014406
407.20220589637756,0.15825,0.01453
407.25189566612244,0.15945,0.014595
407.30445766448975,0.16043,0.014305
407.35136008262634,0.16175,0.014385
407.4044494628906,0.16279,0.01431
407.45360708236694,0.16379,0.014248
407.50624799728394,0.16495,0.014154
407.5533220767975,0.16589,0.013972
407.6036288738251,0.16712,0.013928
407.6553454399109,0.16797,0.013867
407.7065386772156,0.16892,0.013805
407.75388169288635,0.17033,0.013735
407.80530762672424,0.17129,0.013651
407.85505628585815,0.1724,0.013719
407.9055380821228,0.17336,0.013708
407.9554913043976,0.17343,0.013758
408.0049319267273,0.17556,0.013779
408.0571234226227,0.17659,0.013679
408.1123809814453,0.17667,0.013736
408.15854597091675,0.17863,0.013752
408.2117862701416,0.17977,0.01372
408.2606830596924,0.17989,0.013775
408.31142687797546,0.18081,0.013758
408.3625557422638,0.18281,0.013676
408.41029143333435,0.18389,0.013785
408.46164870262146,0.18499,0.013668
408.5129551887512,0.18605,0.013803
408.5617916584015,0.18709,0.013674
408.6109163761139,0.187,0.013827
408.66313576698303,0.18812,0.013806
408.7150831222534,0.18915,0.01385
408.76555132865906,0.19027,0.013863
408.8134250640869,0.191,0.013994
408.8651237487793,0.19324,0.013975
408.91498470306396,0.19329,0.01382
408.96662735939026,0.19443,0.013998
409.01599049568176,0.19557,0.014032
409.06476187705994,0.19628,0.014075
409.11669063568115,0.19753,0.014118
409.1649489402771,0.19844,0.014226
409.2183804512024,0.19936,0.014104
409.2696781158447,0.20144,0.014173
409.3166415691376,0.20176,0.0142
409.3693149089813,0.20272,0.01414
409.4190261363983,0.20363,0.014142
409.4699194431305,0.20468,0.014171
409.5185947418213,0.20572,0.014342
409.571496963501,0.20772,0.014343
409.622177362442,0.20868,0.014288
409.6699664592743,0.20865,0.01439
409.7218587398529,0.20956,0.014411
409.7731845378876,0.21064,0.014509
409.8203134536743,0.21159,0.014544
409.870543718338,0.21307,0.014564
409.92255330085754,0.21399,0.014547
409.97432804107666,0.21497,0.014685
410.02316522598267,0.21583,0.014699
410.0776262283325,0.21708,0.014759
410.12780809402466,0.21783,0.014862
410.17716693878174,0.21887,0.014943
410.22715187072754,0.21989,0.0148
410.27893805503845,0.22099,0.014784
410.3273148536682,0.22191,0.014726
410.37664246559143,0.22195,0.014734
410.42958188056946,0.22397,0.014589
410.48272943496704,0.22496,0.014555
410.53357005119324,0.22528,0.01442
410.5808935165405,0.22687,0.014288
410.6293032169342,0.22784,0.014116
410.6810746192932,0.229,0.014175
410.73397302627563,0.22983,0.01391
410.77946043014526,0.23093,0.014004
410.83351612091064,0.23208,0.014024
410.883229970932,0.23184,0.013858
410.9324336051941,0.23387,0.013854
410.9846193790436,0.23483,0.013879
411.0318331718445,0.23585,0.013803
411.084566116333,0.23675,0.013812
411.13263392448425,0.23705,0.01388
411.1851785182953,0.23876,0.013772
411.23677945137024,0.23887,0.013779
411.28782391548157,0.24089,0.013826
411.338666677475,0.24179,0.013864
411.385705947876,0.24283,0.013881
411.43636775016785,0.24377,0.013874
411.48548126220703,0.24403,0.013916
411.5362226963043,0.24481,0.013991
411.58829379081726,0.24584,0.013939
411.64550042152405,0.24796,0.01407
411.6986973285675,0.24888,0.014068
411.7480216026306,0.24979,0.014017
411.7982699871063,0.25076,0.014079
411.8476598262787,0.25088,0.014149
411.8986704349518,0.25184,0.014066
411.9496839046478,0.25284,0.014044
411.9957916736603,0.25395,0.014284
412.0507824420929,0.25597,0.014257
412.0995788574219,0.25685,0.014166
412.14758682250977,0.25779,0.014227
412.1984853744507,0.25788,0.014221
412.25084805488586,0.25872,0.014225
412.3015284538269,0.25973,0.014278
412.3497815132141,0.26069,0.014338
412.3988764286041,0.2628,0.014318
412.4502739906311,0.26379,0.014313
412.5008010864258,0.26387,0.014362
412.5512480735779,0.26479,0.01446
412.60201263427734,0.26573,0.014501
412.65335845947266,0.26667,0.014598
412.70484256744385,0.2678,0.014615
412.75355553627014,0.26884,0.014668
412.80174374580383,0.26965,0.014653
412.85308384895325,0.27073,0.014908
412.90411853790283,0.27156,0.015226
412.95235109329224,0.27268,0.015018
413.0036356449127,0.27365,0.01531
413.0534725189209,0.27424,0.01546
413.10432171821594,0.27668,0.015386
413.15543508529663,0.27656,0.015493
413.2054328918457,0.27777,0.015558
413.2554144859314,0.27843,0.015746
413.310861825943,0.27943,0.01534
413.3600389957428,0.28079,0.015493
413.4099152088165,0.28151,0.015468
413.459734916687,0.28247,0.015207
413.50933599472046,0.28357,0.01511
413.5598020553589,0.28451,0.014961
413.6107816696167,0.28569,0.014905
413.6607699394226,0.28659,0.014657
413.7131087779999,0.28761,0.014659
413.7634017467499,0.28825,0.014518
413.8127279281616,0.28956,0.014476
413.8664457798004,0.29037,0.014267
413.9107587337494,0.29157,0.014096
413.9642562866211,0.29241,0.01413
414.0151946544647,0.29259,0.014266
414.0628619194031,0.29445,0.014216
414.11419653892517,0.29527,0.014094
414.16458463668823,0.29651,0.014211
414.2181203365326,0.29733,0.013946
414.26617455482483,0.29815,0.014099
414.3194360733032,0.29839,0.014207
414.3670837879181,0.30016,0.014133
414.4206449985504,0.30015,0.014193
414.4706630706787,0.30137,0.014281
414.52241039276123,0.3034,0.014092
414.57000517845154,0.30556,0.014309
414.6239233016968,0.3074,0.014067
414.67108154296875,0.30948,0.014096
414.722127199173,0.30965,0.014188
414.7764596939087,0.31147,0.013947
414.8247289657593,0.039187,0.014132
414.87192153930664,0.043,0.013691
414.9298312664032,0.045893,0.014302
414.98082399368286,0.04848,0.014233
415.0315182209015,0.050107,0.014317
415.0804240703583,0.054453,0.014352
415.128719329834,0.0546,0.014278
415.1828155517578,0.057373,0.014274
415.2323317527771,0.059973,0.014323
415.2833662033081,0.062973,0.014333
415.3308084011078,0.065867,0.01424
415.3825478553772,0.071387,0.014307
415.43598651885986,0.0742,0.014353
415.4876799583435,0.07416,0.014179
415.5321218967438,0.07968,0.014361
415.58613562583923,0.079827,0.014212
415.6351754665375,0.08244,0.014135
415.68897438049316,0.08504,0.014173
415.73912811279297,0.08948,0.014238
415.78440022468567,0.09296,0.014023
415.8389081954956,0.09292,0.013938
415.888920545578,0.094427,0.014017
415.9396336078644,0.095493,0.014045
415.98795199394226,0.096773,0.01396
416.03885674476624,0.098173,0.013831
416.08853578567505,0.09928,0.013901
416.14017724990845,0.10072,0.013664
416.1897003650665,0.10187,0.013831
416.23858761787415,0.10451,0.013664
416.28565430641174,0.10472,0.01366
416.3396532535553,0.10576,0.013582
416.39202547073364,0.10689,0.013591
416.4414587020874,0.10831,0.013556
416.4932789802551,0.10952,0.013687
416.5424976348877,0.11081,0.013533
416.59403133392334,0.11336,0.013615
416.6420474052429,0.11321,0.01349
416.6947247982025,0.11449,0.013561
416.7434935569763,0.11568,0.013593
416.79454946517944,0.11583,0.013567
416.84589314460754,0.11819,0.01355
416.893394947052,0.11932,0.013645
416.9452266693115,0.12055,0.013675
416.9999496936798,0.12175,0.013736
417.05210304260254,0.123,0.013729
417.10076689720154,0.12411,0.01368
417.15193486213684,0.12649,0.013864
417.20139265060425,0.12668,0.013737
417.2541615962982,0.12732,0.013785
417.3053503036499,0.12885,0.013852
417.35667657852173,0.12904,0.014008
417.4053316116333,0.13109,0.013944
417.4559705257416,0.13225,0.013868
417.50594997406006,0.13241,0.01404
417.5569472312927,0.13375,0.014066
417.60696816444397,0.13581,0.01402
417.65698647499084,0.13695,0.014033
417.70798683166504,0.138,0.013971
417.757440328598,0.13915,0.014164
417.8076546192169,0.1402,0.014156
417.8606388568878,0.14155,0.014184
417.90992188453674,0.14255,0.014196
417.96593165397644,0.14379,0.014228
418.0162687301636,0.14504,0.014173
418.0635530948639,0.14596,0.014407
418.1152880191803,0.14724,0.014295
418.1686658859253,0.14828,0.014317
418.2180335521698,0.14952,0.014261
418.271479845047,0.15065,0.014396
418.31793546676636,0.15163,0.014551
418.36940145492554,0.15185,0.014497
418.4233355522156,0.15276,0.014535
418.47116565704346,0.1538,0.014527
418.5202417373657,0.15495,0.014397
418.5704810619354,0.15707,0.014465
418.6236021518707,0.15828,0.014568
418.6745023727417,0.15921,0.014393
418.7217388153076,0.15913,0.014469
418.7756507396698,0.16143,0.014477
418.8239815235138,0.16248,0.014487
418.87337017059326,0.16249,0.01429
418.9244041442871,0.16348,0.01426
418.9759449958801,0.16592,0.014149
419.0255968570709,0.16676,0.014061
419.07507586479187,0.1678,0.013834
419.1277918815613,0.16891,0.013854
419.17612743377686,0.16996,0.013855
419.22771692276,0.17008,0.013735
419.2745940685272,0.17113,0.013696
419.3286747932434,0.17219,0.013682
419.3802773952484,0.17305,0.013568
419.42688393592834,0.17448,0.013545
419.48515009880066,0.1764,0.013588
419.5324215888977,0.17745,0.013558
419.58261370658875,0.17756,0.013673
419.6340787410736,0.17851,0.013597
419.68524622917175,0.17936,0.013719
419.7341582775116,0.18076,0.013619
419.78559923171997,0.18165,0.013693
419.83901023864746,0.18275,0.013678
419.887371301651,0.18477,0.013656
419.93803548812866,0.18597,0.013712
419.9881296157837,0.18677,0.013723
420.03832960128784,0.18683,0.013759
420.08721137046814,0.18781,0.013864
420.13829159736633,0.18884,0.013881
420.18897676467896,0.19007,0.013871
420.24142956733704,0.19103,0.01395
420.294970035553,0.19285,0.013963
420.34311032295227,0.19409,0.013911
420.39307713508606,0.19416,0.013876
420.44490003585815,0.19523,0.013999
420.4913914203644,0.1962,0.014036
420.5472581386566,0.19731,0.013924
420.5968129634857,0.19825,0.014024
420.6464464664459,0.19932,0.01402
420.6964998245239,0.2002,0.01417
420.7463343143463,0.20139,0.014089
420.7958948612213,0.20237,0.014142
420.85243010520935,0.20352,0.014143
420.90221309661865,0.20435,0.014201
420.9488801956177,0.20648,0.014301
421.00088119506836,0.20636,0.014349
421.05179929733276,0.20749,0.01427
421.10016798973083,0.20837,0.014265
421.14945220947266,0.20944,0.014375
421.20042634010315,0.21044,0.014406
421.2511420249939,0.21159,0.01443
421.30396151542664,0.21176,0.014571
421.35452699661255,0.21352,0.014392
421.4053497314453,0.21451,0.014582
421.4567334651947,0.21553,0.014513
421.504522562027,0.21672,0.014551
421.55190873146057,0.21759,0.014603
421.6047215461731,0.2186,0.01485
421.65618419647217,0.21869,0.014627
421.7075071334839,0.2198,0.014642
421.7594304084778,0.22159,0.014997
421.8064615726471,0.22187,0.014593
421.8628423213959,0.22365,0.014619
421.90814304351807,0.22465,0.014533
421.95816230773926,0.22568,0.014501
422.0138626098633,0.22657,0.014452
422.06305170059204,0.22736,0.014287
422.1130075454712,0.22875,0.014295
422.16281962394714,0.22888,0.014135
422.21375131607056,0.22973,0.014048
422.2645471096039,0.23065,0.014045
422.3149456977844,0.23279,0.01388
422.3657102584839,0.23377,0.013898
422.4172203540802,0.23464,0.013954
422.4628496170044,0.23463,0.013818
422.5140891075134,0.23676,0.013844
422.56498503685,0.23667,0.013844
422.6156771183014,0.23771,0.01374
422.6638116836548,0.23872,0.013877
422.71347284317017,0.23971,0.01381
422.7646255493164,0.24073,0.013916
422.8120787143707,0.24265,0.013853
422.86798882484436,0.24387,0.01394
422.9201412200928,0.24469,0.013884
422.9681897163391,0.24472,0.013775
423.01940155029297,0.24675,0.014032
423.07000398635864,0.24665,0.014084
423.11737608909607,0.24761,0.014044
423.1694076061249,0.24869,0.014121
423.2197687625885,0.25067,0.014064
423.26863074302673,0.25075,0.014054
423.32014560699463,0.25272,0.013947
423.37062668800354,0.25279,0.014266
423.42096161842346,0.25385,0.014105
423.4722788333893,0.25477,0.014191
423.5204977989197,0.25559,0.013974
423.5700194835663,0.25768,0.014176
423.6197609901428,0.25775,0.014125
423.67239117622375,0.25849,0.014248
423.7214403152466,0.25957,0.014243
423.7731385231018,0.26059,0.014256
423.8266305923462,0.26156,0.014268
423.87295150756836,0.26256,0.014234
423.92524790763855,0.26363,0.014218
423.97755432128906,0.26439,0.014328
424.0287947654724,0.26555,0.014399
424.08076071739197,0.26663,0.014339
424.1266825199127,0.26752,0.014396
424.1791322231293,0.26869,0.014497
424.22962164878845,0.26956,0.014427
424.2784175872803,0.27055,0.014511
424.3344712257385,0.2716,0.014629
424.3829882144928,0.27256,0.014908
424.4321768283844,0.27332,0.014771
424.4813325405121,0.27447,0.015086
424.5346112251282,0.27545,0.014968
424.58606600761414,0.27639,0.015104
424.63416385650635,0.27739,0.015089
424.6843612194061,0.27839,0.015529
424.7342553138733,0.27933,0.015339
424.7848439216614,0.2794,0.015094
424.8356692790985,0.28041,0.015032
424.892058134079,0.28241,0.014938
424.9395055770874,0.28348,0.014983
424.99031043052673,0.28437,0.014851
425.04422998428345,0.28539,0.014822
425.09176659584045,0.28639,0.014923
425.1420478820801,0.28715,0.01464
425.1962366104126,0.28852,0.014783
425.24119424819946,0.2894,0.014349
425.2978959083557,0.29032,0.014443
425.34795451164246,0.29131,0.014495
425.3963212966919,0.29231,0.014609
425.44824838638306,0.29331,0.014098
425.4996545314789,0.29432,0.014086
425.54627990722656,0.29424,0.014201
425.5983922481537,0.2962,0.014186
425.6470081806183,0.29731,0.014137
425.6986973285675,0.29821,0.014037
425.75025033950806,0.29907,0.01413
425.7986035346985,0.30012,0.014249
425.84675550460815,0.30012,0.014129
425.8992223739624,0.30103,0.014226
425.95183634757996,0.30205,0.014127
426.0011672973633,0.30501,0.014031
426.04938435554504,0.30711,0.014178
426.1024832725525,0.30913,0.014218
426.153480052948,0.30889,0.014193
426.19701647758484,0.3112,0.014057
426.2520341873169,0.04072,0.013855
426.30360221862793,0.040347,0.013645
426.352028131485,0.04536,0.014303
426.40503001213074,0.045347,0.014392
426.4533407688141,0.05104,0.014216
426.4991989135742,0.053907,0.014115
426.5528120994568,0.053853,0.014141
426.60917139053345,0.056707,0.014296
426.65763807296753,0.05956,0.014189
426.7092056274414,0.062613,0.014266
426.76122522354126,0.06536,0.014249
426.80712938308716,0.070773,0.014225
426.85765862464905,0.07248,0.014173
426.91226172447205,0.074933,0.014246
426.9606192111969,0.076213,0.01434
427.0165650844574,0.079093,0.014218
427.06255984306335,0.081947,0.01417
427.1169090270996,0.087267,0.014333
427.16325283050537,0.087453,0.013983
427.21451568603516,0.09012,0.014174
427.264445066452,0.092653,0.014075
427.31714034080505,0.09528,0.014086
427.36712741851807,0.096453,0.013922
427.41795539855957,0.097853,0.013983
427.46595335006714,0.09792,0.013974
427.5196783542633,0.099213,0.013816
427.57132720947266,0.1006,0.013783
427.620724439621,0.10175,0.013753
427.67139315605164,0.10283,0.013732
427.72485065460205,0.10412,0.013709
427.77194452285767,0.10663,0.013682
427.8225510120392,0.10668,0.013703
427.87703466415405,0.10797,0.013662
427.9316625595093,0.10933,0.013683
427.9819247722626,0.11059,0.013686
428.0303132534027,0.11176,0.013726
428.08095812797546,0.11297,0.013747
428.13214468955994,0.11417,0.013646
428.1822588443756,0.11543,0.013555
428.23234605789185,0.11683,0.01361
428.2806046009064,0.11765,0.013667
428.32949447631836,0.11905,0.013694
428.3796467781067,0.12031,0.013722
428.43373680114746,0.12165,0.013707
428.48364329338074,0.12283,0.013806
428.5317347049713,0.12392,0.013701
428.58129715919495,0.12387,0.013812
428.6330351829529,0.12639,0.013783
428.68154668807983,0.12736,0.013858
428.7336778640747,0.12873,0.01384
428.78248929977417,0.12976,0.013834
428.8328158855438,0.13081,0.013973
428.87904691696167,0.13207,0.013973
428.93507075309753,0.1322,0.014068
428.9880864620209,0.13445,0.014082
429.0359013080597,0.13455,0.014094
429.0852508544922,0.13677,0.014162
429.13569259643555,0.13767,0.014183
429.18572521209717,0.13897,0.0141
429.23548340797424,0.14012,0.014222
429.28901505470276,0.14016,0.014232
429.34170293807983,0.14141,0.014078
429.3897533416748,0.14237,0.014202
429.4409146308899,0.14475,0.014293
429.49126410484314,0.14575,0.014245
429.54428935050964,0.14688,0.014245
429.5905809402466,0.14799,0.01419
429.6438660621643,0.14788,0.014305
429.69771122932434,0.14936,0.014226
429.7453353404999,0.15032,0.014364
429.79783868789673,0.15137,0.014305
429.8506772518158,0.15357,0.014502
429.89959144592285,0.15453,0.01445
429.9519283771515,0.15469,0.014451
430.0010919570923,0.1556,0.014472
430.05052757263184,0.15788,0.014399
430.10065031051636,0.15909,0.014402
430.1522114276886,0.15899,0.014348
430.20636320114136,0.16113,0.014207
430.2534420490265,0.16131,0.014269
430.3047308921814,0.16212,0.014264
430.3562595844269,0.16341,0.014398
430.40500259399414,0.16555,0.014327
430.4544382095337,0.16648,0.0142
430.5032706260681,0.16745,0.014117
430.5533947944641,0.16888,0.013973
430.60392570495605,0.16861,0.014024
430.65461778640747,0.16996,0.013959
430.7070255279541,0.17088,0.013792
430.7550628185272,0.17201,0.013881
430.80618166923523,0.17207,0.013824
430.85678029060364,0.17415,0.013723
430.90650248527527,0.17509,0.013673
430.95725870132446,0.17624,0.013722
431.00644063949585,0.17747,0.013577
431.0547218322754,0.17832,0.013659
431.1072931289673,0.17944,0.013787
431.1569550037384,0.18036,0.013695
431.2079782485962,0.1814,0.013746
431.2559337615967,0.18251,0.013734
431.3075225353241,0.18449,0.013712
431.3573944568634,0.18477,0.013702
431.4073190689087,0.18577,0.013768
431.46240520477295,0.18677,0.013904
431.5108428001404,0.18768,0.013925
431.5601215362549,0.18867,0.013993
431.614173412323,0.18991,0.013824
431.6617200374603,0.19068,0.013942
431.7121913433075,0.19287,0.014119
431.7626118659973,0.19287,0.014067
431.81583619117737,0.194,0.014001
431.8770332336426,0.19504,0.014115
431.92482471466064,0.19609,0.014029
431.9799904823303,0.19712,0.014116
432.02644515037537,0.19912,0.014055
432.0765047073364,0.19905,0.014116
432.131098985672,0.20013,0.014042
432.18027234077454,0.20125,0.014172
432.232426404953,0.20221,0.01407
432.2808578014374,0.20327,0.013989
432.3336555957794,0.20421,0.014215
432.38037753105164,0.20548,0.014081
432.43227910995483,0.20653,0.014176
432.48378896713257,0.2074,0.014225
432.5331485271454,0.20836,0.01391
432.5808815956116,0.20928,0.014248
432.6327188014984,0.20945,0.014254
432.6825053691864,0.2114,0.01437
432.7338809967041,0.2124,0.01449
432.78323674201965,0.21351,0.014281
432.8342137336731,0.21451,0.014418
432.8861792087555,0.21541,0.014592
432.9368841648102,0.21635,0.014401
432.9849302768707,0.21744,0.014672
433.03550243377686,0.21855,0.014543
433.0867540836334,0.21931,0.014489
433.13703894615173,0.22057,0.014573
433.18376445770264,0.22139,0.014721
433.23600912094116,0.22255,0.014719
433.28829431533813,0.22255,0.014541
433.3372185230255,0.22456,0.01469
433.38539838790894,0.22556,0.014602
433.440838098526,0.2266,0.014392
433.48985409736633,0.22759,0.014555
433.53809356689453,0.22759,0.014611
433.5903995037079,0.22959,0.014127
433.6372547149658,0.23049,0.014121
433.6914620399475,0.2316,0.014166
433.7414195537567,0.2318,0.014199
433.7910842895508,0.23359,0.014021
433.84014344215393,0.23359,0.013913
433.89156675338745,0.23436,0.014
433.9430139064789,0.23561,0.013995
433.9871792793274,0.23657,0.013852
434.0380349159241,0.23864,0.013989
434.09151697158813,0.23871,0.013887
434.1416485309601,0.23941,0.013904
434.19507098197937,0.24048,0.013913
434.2459738254547,0.24155,0.013977
434.2916338443756,0.24253,0.013911
434.3470256328583,0.2446,0.013985
434.3946006298065,0.24557,0.014001
434.44481563568115,0.24575,0.01396
434.4933843612671,0.24657,0.014138
434.5486695766449,0.24761,0.014
434.59818410873413,0.24859,0.014111
434.64660143852234,0.2496,0.014118
434.6988980770111,0.25061,0.014169
434.74993228912354,0.25253,0.014187
434.79553627967834,0.25259,0.014187
434.8490867614746,0.25368,0.01424
434.9003438949585,0.25453,0.014181
434.9476354122162,0.25549,0.014152
434.9989912509918,0.25664,0.014262
435.04986023902893,0.25843,0.014197
435.1015655994415,0.25861,0.014274
435.14956307411194,0.25976,0.014277
435.1988046169281,0.26048,0.014259
435.24808740615845,0.26139,0.014259
435.29657793045044,0.26239,0.014324
435.3498845100403,0.26347,0.014272
435.4013822078705,0.26448,0.014429
435.4549033641815,0.26524,0.014276
435.50653290748596,0.26641,0.014331
435.55560994148254,0.26729,0.014316
435.6070017814636,0.26831,0.014449
435.6553695201874,0.26928,0.014415
435.7069432735443,0.27037,0.014613
435.75599241256714,0.27137,0.014719
435.80508828163147,0.27247,0.014633
435.85599541664124,0.27347,0.015087
435.9076611995697,0.27436,0.014705
435.9620957374573,0.27425,0.014773
436.0102446079254,0.27641,0.014865
436.06371569633484,0.27735,0.014941
436.1095917224884,0.27816,0.014927
436.1616790294647,0.27927,0.014978
436.2169964313507,0.28045,0.01492
436.2655084133148,0.28148,0.01492
436.31714701652527,0.28229,0.01495
436.3670177459717,0.28313,0.014813
436.41550493240356,0.28327,0.014684
436.46572065353394,0.28435,0.014651
436.5160884857178,0.28531,0.014823
436.5658686161041,0.28731,0.014633
436.61585760116577,0.28815,0.014501
436.66535925865173,0.28909,0.014329
436.71646881103516,0.29021,0.014372
436.7689037322998,0.29131,0.014283
436.82314252853394,0.29123,0.014056
436.87161207199097,0.29319,0.014076
436.92180705070496,0.29399,0.014153
436.969633102417,0.295,0.014299
437.01824975013733,0.29516,0.014237
437.0712504386902,0.29631,0.014208
437.1228222846985,0.29695,0.014097
437.17228293418884,0.29807,0.014095
437.2239918708801,0.3,0.014068
437.2760889530182,0.30097,0.014141
437.32280373573303,0.30196,0.014201
437.3758022785187,0.30185,0.014081
437.42505741119385,0.30472,0.014115
437.4725863933563,0.30472,0.014246
437.52469635009766,0.30671,0.014137
437.5749206542969,0.30868,0.014175
437.6257064342499,0.31097,0.014287
437.6787781715393,0.0402,0.013691
437.732027053833,0.039707,0.013712
437.7804539203644,0.042173,0.01426
437.83188700675964,0.044787,0.014271
437.8905899524689,0.047653,0.014355
437.939728975296,0.05056,0.01419
437.9941759109497,0.056587,0.014162
438.04210472106934,0.059187,0.014251
438.0920407772064,0.059453,0.014233
438.14470076560974,0.0622,0.014279
438.1908082962036,0.06484,0.014243
438.24551367759705,0.07048,0.014292
438.2915871143341,0.07188,0.014263
438.3484296798706,0.073293,0.01424
438.3956813812256,0.0788,0.014188
438.4467329978943,0.078853,0.014176
438.4997696876526,0.081467,0.014235
438.5491542816162,0.08432,0.01401
438.6012372970581,0.086987,0.014187
438.6499409675598,0.089733,0.014094
438.702175617218,0.092507,0.014027
438.74833583831787,0.09384,0.014016
438.8024752140045,0.095053,0.014001
438.8488070964813,0.09648,0.014044
438.9020571708679,0.097707,0.013898
438.9509048461914,0.098893,0.013985
439.0011305809021,0.10036,0.013882
439.05296635627747,0.10159,0.013687
439.1024396419525,0.10281,0.013801
439.1563878059387,0.10408,0.013776
439.2037281990051,0.10525,0.013747
439.25269842147827,0.10667,0.013537
439.30273389816284,0.10792,0.013614
439.3546645641327,0.10919,0.013747
439.4022853374481,0.11043,0.013764
439.4534342288971,0.11188,0.01367
439.5045475959778,0.11303,0.013748
439.5542812347412,0.11415,0.013733
439.60445523262024,0.11532,0.013724
439.65735507011414,0.11651,0.013696
439.7083058357239,0.11765,0.013724
439.7571680545807,0.11891,0.013734
439.81092715263367,0.12016,0.013767
439.85825991630554,0.12131,0.013719
439.9133343696594,0.12263,0.013544
439.96872210502625,0.12376,0.013792
440.017192363739,0.12511,0.013889
440.06788086891174,0.12485,0.013951
440.1158199310303,0.12719,0.01389
440.1670718193054,0.12847,0.013983
440.2155888080597,0.12863,0.013907
440.26722741127014,0.13077,0.013956
440.3173553943634,0.13169,0.014055
440.36747908592224,0.13309,0.013903
440.4196994304657,0.1342,0.014008
440.4709334373474,0.1354,0.014103
440.5196862220764,0.13648,0.014101
440.56854462623596,0.13769,0.014116
440.6210129261017,0.13889,0.01408
440.6700596809387,0.13999,0.014115
440.71989488601685,0.13993,0.014168
440.77078914642334,0.14107,0.014159
440.8206202983856,0.14313,0.014164
440.8703546524048,0.14452,0.014295
440.92247104644775,0.14563,0.014234
440.97306537628174,0.14572,0.014076
441.0237593650818,0.14672,0.014181
441.07459473609924,0.14777,0.014113
441.12352180480957,0.14888,0.014185
441.17628479003906,0.15123,0.014159
441.22824454307556,0.15217,0.014277
441.2761471271515,0.15331,0.014155
441.32632660865784,0.15339,0.014297
441.3784499168396,0.15551,0.014351
441.4294512271881,0.15655,0.01422
441.47777342796326,0.15787,0.014239
441.52950525283813,0.15797,0.014332
441.5830113887787,0.15897,0.014191
441.63134026527405,0.1602,0.014294
441.6826865673065,0.16109,0.014297
441.73082995414734,0.16319,0.014287
441.7840750217438,0.16435,0.014349
441.83379459381104,0.16452,0.014134
441.88392162323,0.16553,0.014181
441.9356188774109,0.16641,0.014053
441.986900806427,0.16735,0.013977
442.0355863571167,0.16961,0.013785
442.08548855781555,0.16951,0.014013
442.1319327354431,0.17096,0.013914
442.18746995925903,0.17185,0.013946
442.2394711971283,0.17296,0.013758
442.2878279685974,0.17393,0.013815
442.34215927124023,0.17503,0.013731
442.39636731147766,0.17605,0.013707
442.4440462589264,0.17811,0.013746
442.4950842857361,0.17809,0.013955
442.5467162132263,0.17916,0.013727
442.5942335128784,0.18041,0.013739
442.64508390426636,0.1814,0.013748
442.69695353507996,0.18253,0.013763
442.74929785728455,0.18347,0.013738
442.79951572418213,0.18457,0.013777
442.847674369812,0.18544,0.013871
442.9010155200958,0.18669,0.013875
442.9518938064575,0.18776,0.013758
442.99964690208435,0.18861,0.013891
443.0510928630829,0.18985,0.01401
443.1008069515228,0.18969,0.014027
443.158301115036,0.19269,0.013942
443.2094759941101,0.19313,0.014008
443.2552206516266,0.19392,0.014039
443.30934476852417,0.19472,0.013996
443.3586847782135,0.19581,0.014103
443.4108934402466,0.19599,0.014242
443.46072912216187,0.19891,0.01412
443.50999546051025,0.19896,0.014186
443.5588929653168,0.19995,0.01412
443.61113023757935,0.20108,0.014156
443.66405487060547,0.20109,0.01418
443.71546840667725,0.20324,0.014177
443.7660548686981,0.20423,0.01413
443.81466579437256,0.20505,0.014068
443.86627769470215,0.20615,0.014193
443.918817281723,0.20724,0.014196
443.9644424915314,0.20836,0.014279
444.01437640190125,0.20925,0.014306
444.0682396888733,0.21017,0.014267
444.1207718849182,0.21125,0.014272
444.1698570251465,0.21221,0.014223
444.22336292266846,0.21337,0.014374
444.26862955093384,0.21437,0.01433
444.323326587677,0.2152,0.014395
444.3747720718384,0.21628,0.014385
444.4231379032135,0.21733,0.014239
444.47439217567444,0.21821,0.01441
444.5205454826355,0.21936,0.01444
444.57191944122314,0.22045,0.014433
444.6253161430359,0.22144,0.014342
444.6730420589447,0.22147,0.014378
444.723952293396,0.22241,0.014403
444.7748863697052,0.22425,0.01431
444.82448744773865,0.22553,0.014306
444.87972497940063,0.2264,0.014361
444.9278190135956,0.22765,0.014327
444.97834372520447,0.22752,0.014252
445.02630734443665,0.22855,0.014301
445.0787100791931,0.22956,0.014239
445.12995982170105,0.23039,0.014151
445.17835235595703,0.23257,0.013987
445.2277207374573,0.2334,0.014092
445.2770097255707,0.23435,0.014032
445.32847571372986,0.23463,0.013901
445.37825441360474,0.23545,0.013918
445.42903113365173,0.23724,0.013914
445.47926235198975,0.23837,0.014032
445.53076457977295,0.23941,0.014108
445.5823473930359,0.24043,0.013995
445.63125228881836,0.24041,0.013968
445.6843116283417,0.24139,0.013911
445.7326970100403,0.24245,0.013881
445.77873849868774,0.24345,0.01397
445.83441829681396,0.24535,0.014055
445.88295674324036,0.2464,0.014025
445.93350648880005,0.24729,0.01403
445.98367381095886,0.24773,0.014092
446.034220457077,0.24837,0.014086
446.0847396850586,0.24941,0.014176
446.1314401626587,0.25063,0.014134
446.18252778053284,0.25113,0.014155
446.23491978645325,0.25239,0.014156
446.28301095962524,0.25331,0.014187
446.3337616920471,0.25465,0.014102
446.386433839798,0.25553,0.014145
446.43384051322937,0.25641,0.014099
446.4850564002991,0.25727,0.014231
446.53379487991333,0.2582,0.014181
446.5854525566101,0.25915,0.014087
446.6356863975525,0.26021,0.014178
446.6866264343262,0.26129,0.014161
446.7346112728119,0.26231,0.0142
446.78606724739075,0.26312,0.01419
446.83649587631226,0.26449,0.014136
446.89039373397827,0.26532,0.014183
446.94070649147034,0.26641,0.014234
446.9922444820404,0.26721,0.014343
447.04058861732483,0.26741,0.014334
447.09114265441895,0.26923,0.014363
447.14415097236633,0.27031,0.01432
447.1922128200531,0.27116,0.014331
447.2425124645233,0.27219,0.014514
447.294429063797,0.27321,0.014461
447.34191727638245,0.27404,0.014282
447.3947331905365,0.27521,0.014513
447.44762539863586,0.27589,0.014447
447.49702739715576,0.27705,0.014649
447.54755878448486,0.27697,0.014556
447.59397292137146,0.27921,0.014434
447.64730167388916,0.28003,0.014565
447.6923828125,0.28015,0.01466
447.7561457157135,0.28119,0.01465
447.80322647094727,0.28308,0.014459
447.85605335235596,0.28397,0.014505
447.9055778980255,0.28512,0.014346
447.9640121459961,0.28605,0.014301
448.012175321579,0.28727,0.014308
448.0618999004364,0.28803,0.014272
448.1121382713318,0.28816,0.014377
448.163209438324,0.2898,0.014341
448.21077585220337,0.29097,0.014125
448.26326990127563,0.29195,0.014189
448.3133201599121,0.29293,0.01412
448.368444442749,0.29401,0.014131
448.4174180030823,0.29488,0.014193
448.46529960632324,0.29525,0.014115
448.51675152778625,0.29616,0.014152
448.5694854259491,0.29708,0.014073
448.62097215652466,0.29896,0.014133
448.6698911190033,0.29984,0.014067
448.7288944721222,0.30001,0.013975
448.7774715423584,0.3018,0.014132
448.8322846889496,0.30201,0.014163
448.8842222690582,0.30272,0.01382
448.93225169181824,0.30649,0.014253
448.9825403690338,0.30847,0.014103
449.0312325954437,0.31027,0.014091
449.08325695991516,0.038987,0.014089
449.1338884830475,0.039533,0.013872
449.1832904815674,0.04172,0.014248
449.23376750946045,0.044227,0.014272
449.2861428260803,0.04424,0.014092
449.3354687690735,0.047253,0.014232
449.3833632469177,0.053,0.014212
449.4376926422119,0.0558,0.014114
449.48762798309326,0.05592,0.01427
449.53889751434326,0.061547,0.014156
449.5883369445801,0.064413,0.014223
449.6376750469208,0.064493,0.013893
449.68664288520813,0.06744,0.014254
449.7375855445862,0.069987,0.014183
449.78950095176697,0.075693,0.014181
449.8357825279236,0.07812,0.014212
449.88877964019775,0.08112,0.014081
449.936781167984,0.083947,0.014159
449.9895613193512,0.083933,0.014128
450.0401291847229,0.086533,0.014141
450.08895111083984,0.08912,0.014055
450.1451737880707,0.0936,0.014096
450.1900119781494,0.094907,0.014089
450.2474613189697,0.096173,0.014025
450.29419350624084,0.097613,0.013956
450.3457381725311,0.097573,0.014035
450.39773321151733,0.098947,0.013914
450.446905374527,0.10001,0.014001
450.49801754951477,0.10151,0.013739
450.5467383861542,0.10256,0.013873
450.59700107574463,0.10383,0.013678
450.64981985092163,0.10524,0.013711
450.697744846344,0.1064,0.013719
450.7512674331665,0.10787,0.013729
450.7975106239319,0.1092,0.013745
450.84962725639343,0.11011,0.013676
450.9008357524872,0.11029,0.013655
450.9513375759125,0.11385,0.013703
451.00174474716187,0.11531,0.013644
451.04865622520447,0.11512,0.013753
451.10177087783813,0.11645,0.013655
451.1539988517761,0.11781,0.013798
451.20278811454773,0.11885,0.013781
451.252694606781,0.12004,0.013855
451.3045439720154,0.12005,0.013906
451.3534049987793,0.12371,0.013863
451.4035427570343,0.12353,0.013891
451.45605421066284,0.12484,0.013892
451.505247592926,0.12605,0.013859
451.5548062324524,0.12724,0.013954
451.6065936088562,0.12825,0.014014
451.65600872039795,0.12948,0.014025
451.7093651294708,0.13043,0.013815
451.75771474838257,0.13188,0.014079
451.80731678009033,0.13297,0.014018
451.8600962162018,0.13405,0.014119
451.90914821624756,0.13516,0.014027
451.95945930480957,0.13632,0.014104
452.0138428211212,0.13756,0.014118
452.06503915786743,0.13868,0.013917
452.11436915397644,0.13968,0.014144
452.1626160144806,0.14097,0.014071
452.2112817764282,0.14195,0.014079
452.2613649368286,0.14215,0.014114
452.3169083595276,0.14324,0.014073
452.3640236854553,0.14547,0.014234
452.4160897731781,0.14639,0.014124
452.46877217292786,0.14761,0.014259
452.5180473327637,0.14865,0.014208
452.5666766166687,0.14889,0.014257
452.61676383018494,0.14999,0.014287
452.6715757846832,0.1524,0.014237
452.71978402137756,0.15312,0.014283
452.7687678337097,0.15453,0.014304
452.8218560218811,0.15533,0.014312
452.8716697692871,0.15664,0.014251
452.92262291908264,0.15665,0.014266
452.97332549095154,0.15781,0.014266
453.0246000289917,0.15884,0.014377
453.0724744796753,0.16004,0.014301
453.12361669540405,0.16077,0.014209
453.1727342605591,0.16207,0.014156
453.2236568927765,0.16417,0.014031
453.2770256996155,0.16527,0.014036
453.3242242336273,0.16541,0.014105
453.37572264671326,0.16735,0.013923
453.4242858886719,0.16736,0.014023
453.4760994911194,0.16851,0.013994
453.52557587623596,0.16949,0.014027
453.5734808444977,0.17187,0.013897
453.62765979766846,0.17175,0.013835
453.67831206321716,0.17279,0.013935
453.73120760917664,0.17357,0.013885
453.7824275493622,0.17489,0.013861
453.8325159549713,0.17607,0.013837
453.87819838523865,0.17697,0.013795
453.9315028190613,0.17905,0.013785
453.9822552204132,0.18008,0.013731
454.0328004360199,0.18028,0.013893
454.0808277130127,0.18109,0.013845
454.1381232738495,0.18215,0.013914
454.18570709228516,0.18329,0.013853
454.23712134361267,0.18436,0.013816
454.288019657135,0.18543,0.013939
454.33859872817993,0.18747,0.013912
454.3930435180664,0.1876,0.014004
454.44082856178284,0.18881,0.013959
454.49181056022644,0.18952,0.01398
454.5399432182312,0.19064,0.014041
454.5935640335083,0.19184,0.014041
454.6436462402344,0.19269,0.013976
454.6930317878723,0.19471,0.014054
454.7446165084839,0.19589,0.014145
454.7902412414551,0.19572,0.014017
454.85121512413025,0.19691,0.014092
454.9009096622467,0.19796,0.014176
454.94933319091797,0.19873,0.014129
455.0036768913269,0.1998,0.014089
455.0534701347351,0.20217,0.014193
455.1024215221405,0.20205,0.014113
455.15324544906616,0.20289,0.014168
455.2088248729706,0.20409,0.014113
455.2585506439209,0.205,0.014143
455.3071184158325,0.20589,0.014082
455.3566300868988,0.20695,0.014122
455.4076054096222,0.20797,0.014179
455.460152387619,0.20924,0.014045
455.5082457065582,0.21001,0.014225
455.5577199459076,0.21109,0.014275
455.61369705200195,0.21213,0.014343
455.6660325527191,0.21313,0.014219
455.71428537368774,0.21416,0.014338
455.76631259918213,0.21517,0.014327
455.8139183521271,0.21599,0.014406
455.86625361442566,0.21701,0.014328
455.91615438461304,0.21828,0.01442
455.96700501441956,0.21917,0.014304
456.0176122188568,0.22032,0.014333
456.0671434402466,0.22044,0.014294
456.11577463150024,0.22225,0.014367
456.1663064956665,0.22319,0.014429
456.21739053726196,0.22433,0.014328
456.2671248912811,0.22523,0.014326
456.3156969547272,0.22627,0.01427
456.36678409576416,0.22723,0.014221
456.4171533584595,0.22739,0.014227
456.4657549858093,0.22821,0.01406
456.5169720649719,0.22916,0.014042
456.5660800933838,0.23129,0.01413
456.61770701408386,0.23224,0.014183
456.6687924861908,0.23321,0.014011
456.7143003940582,0.23415,0.014223
456.7702429294586,0.2342,0.014038
456.8186981678009,0.23523,0.014063
456.86866307258606,0.23633,0.014103
456.92204666137695,0.23816,0.014016
456.96828842163086,0.23916,0.013986
457.01971077919006,0.23915,0.013986
457.0702760219574,0.24027,0.014049
457.12074065208435,0.24133,0.013986
457.170774936676,0.24324,0.013954
457.22315311431885,0.24403,0.014032
457.2721617221832,0.24428,0.014095
457.32537627220154,0.24512,0.014078
457.3710148334503,0.24629,0.014008
457.4284608364105,0.24729,0.014196
457.4771842956543,0.24817,0.014144
457.52863335609436,0.25028,0.014076
457.5783038139343,0.2502,0.014103
457.62754249572754,0.25216,0.014067
457.677592754364,0.25315,0.014085
457.72579550743103,0.25309,0.014113
457.777783870697,0.25409,0.014124
457.82884335517883,0.25513,0.014141
457.88177037239075,0.25605,0.014179
457.9309661388397,0.25807,0.014098
457.98104310035706,0.25807,0.014131
458.03212451934814,0.25924,0.014131
458.0774278640747,0.26009,0.01418
458.13221287727356,0.26109,0.014233
458.1814887523651,0.26201,0.014185
458.2314622402191,0.26325,0.014143
458.2796013355255,0.26413,0.01408
458.33222341537476,0.26493,0.014153
458.3862245082855,0.26592,0.014196
458.4355511665344,0.26716,0.01409
458.4815855026245,0.26811,0.014119
458.5320129394531,0.26915,0.014128
458.58408999443054,0.27097,0.014153
458.6351315975189,0.27105,0.014216
458.6860182285309,0.27187,0.014214
458.73616886138916,0.27292,0.014358
458.78690338134766,0.27391,0.014369
458.84274339675903,0.27499,0.014373
458.8931062221527,0.27597,0.014353
458.9449772834778,0.27692,0.014453
458.99254536628723,0.27783,0.014401
459.0428397655487,0.27883,0.014381
459.0933063030243,0.27991,0.014393
459.1443600654602,0.28081,0.014333
459.1938090324402,0.28185,0.014365
459.2484760284424,0.28301,0.014335
459.2965843677521,0.28379,0.014366
459.3449559211731,0.28512,0.014341
459.3985962867737,0.28589,0.01429
459.444833278656,0.28661,0.014275
459.4942510128021,0.28789,0.014224
459.54595828056335,0.28888,0.014242
459.59790444374084,0.28971,0.014294
459.6512212753296,0.29081,0.014192
459.7007529735565,0.29067,0.014173
459.74876976013184,0.29164,0.014126
459.7980031967163,0.29275,0.014182
459.8478047847748,0.29472,0.014221
459.8990206718445,0.29571,0.014158
459.9506583213806,0.29568,0.014139
460.00183629989624,0.29763,0.01418
460.04981994628906,0.29873,0.014104
460.09815096855164,0.29872,0.014211
460.15147280693054,0.30044,0.014175
460.20422410964966,0.30141,0.014233
460.25382947921753,0.30264,0.014153
460.3006479740143,0.30396,0.014109
460.3542835712433,0.30421,0.014067
460.404666185379,0.30599,0.014084
460.45209217071533,0.30804,0.014106
460.50531458854675,0.040427,0.014218
460.55243158340454,0.03888,0.014198
460.6030967235565,0.0386,0.014032
460.654417514801,0.040893,0.014214
460.7067584991455,0.043867,0.014262
460.7548313140869,0.046667,0.014091
460.80449628829956,0.049573,0.014109
460.85354018211365,0.055427,0.014167
460.9097366333008,0.058187,0.014249
460.95784616470337,0.0584,0.01423
461.00925612449646,0.06096,0.014305
461.0642476081848,0.064107,0.014298
461.11158514022827,0.069587,0.014149
461.16532826423645,0.069467,0.01418
461.21642661094666,0.07504,0.014159
461.2655415534973,0.075307,0.014167
461.3130121231079,0.0778,0.01418
461.36483216285706,0.080507,0.014232
461.4156651496887,0.083373,0.014237
461.46653938293457,0.08884,0.014165
461.51710057258606,0.088893,0.014178
461.5662052631378,0.091413,0.014068
461.61669397354126,0.093293,0.01415
461.6670684814453,0.095827,0.014124
461.71622037887573,0.096107,0.01414
461.77096152305603,0.097267,0.013965
461.81830978393555,0.09852,0.013941
461.8675124645233,0.099907,0.013978
461.92282700538635,0.10125,0.013938
461.9702694416046,0.10243,0.013727
462.0212574005127,0.10375,0.013921
462.07522320747375,0.10505,0.013819
462.12034821510315,0.10644,0.013832
462.16900062561035,0.10756,0.013833
462.2239134311676,0.10873,0.013715
462.2774004936218,0.10987,0.013794
462.3253118991852,0.11237,0.013897
462.3777596950531,0.11237,0.01366
462.42522835731506,0.11351,0.013862
462.47659063339233,0.11503,0.013828
462.5278160572052,0.11596,0.013718
462.57443714141846,0.11721,0.013838
462.6276421546936,0.11851,0.013901
462.67933225631714,0.11971,0.013888
462.72790908813477,0.12088,0.013868
462.78087615966797,0.12197,0.013813
462.8340995311737,0.12207,0.013907
462.8871536254883,0.12341,0.013926
462.9361250400543,0.12575,0.013971
462.9853267669678,0.12693,0.01397
463.03317308425903,0.12804,0.014057
463.09385895729065,0.12913,0.014052
463.1414279937744,0.13027,0.01399
463.1987645626068,0.13148,0.014161
463.2480363845825,0.13283,0.01414
463.2974247932434,0.1338,0.014134
463.3473093509674,0.13511,0.014157
463.3963804244995,0.136,0.014021
463.446528673172,0.13716,0.014229
463.4986984729767,0.13847,0.01408
463.5474662780762,0.13967,0.014133
463.6002037525177,0.14079,0.014037
463.6496732234955,0.14177,0.01417
463.70163893699646,0.14297,0.01416
463.7523283958435,0.14417,0.014126
463.80214047431946,0.14405,0.014125
463.8506832122803,0.14624,0.014078
463.90427565574646,0.14736,0.014091
463.9571919441223,0.14857,0.014099
464.0027208328247,0.14964,0.014225
464.05491757392883,0.15067,0.014241
464.105455160141,0.15071,0.014194
464.1541311740875,0.15303,0.014167
464.2060389518738,0.15413,0.014218
464.25490617752075,0.15508,0.014171
464.30727076530457,0.15631,0.014309
464.3574764728546,0.15736,0.014205
464.4065201282501,0.15752,0.014222
464.45817017555237,0.15847,0.014176
464.51016664505005,0.15955,0.014213
464.5580654144287,0.16165,0.014749
464.6082639694214,0.16292,0.014193
464.66199922561646,0.16288,0.014267
464.7145972251892,0.164,0.014158
464.76045322418213,0.16501,0.014079
464.8168799877167,0.16619,0.01413
464.8660840988159,0.16717,0.014106
464.9153571128845,0.16919,0.014077
464.9653730392456,0.1704,0.014152
465.01708149909973,0.17039,0.014177
465.0676019191742,0.17131,0.013912
465.11701798439026,0.17349,0.013919
465.16333985328674,0.17353,0.014007
465.2248113155365,0.17469,0.014057
465.2741711139679,0.17567,0.013829
465.32501435279846,0.17773,0.013801
465.3712649345398,0.17876,0.013885
465.4228746891022,0.17987,0.013909
465.47869896888733,0.17979,0.01399
465.52613711357117,0.18099,0.013948
465.5761487483978,0.18307,0.01379
465.6281044483185,0.18309,0.013858
465.6769037246704,0.18507,0.013809
465.73205971717834,0.18519,0.013854
465.7789731025696,0.18643,0.013963
465.82854175567627,0.18728,0.013852
465.8796169757843,0.18823,0.014034
465.93201327323914,0.19049,0.013837
465.9780967235565,0.19035,0.01404
466.0280315876007,0.19143,0.01419
466.08195424079895,0.19248,0.014109
466.1325173377991,0.19344,0.013975
466.18239188194275,0.19544,0.01398
466.2342598438263,0.19669,0.01417
466.2826051712036,0.1964,0.01417
466.3376610279083,0.19755,0.014012
466.38319540023804,0.19841,0.01425
466.43497490882874,0.19963,0.014103
466.48724722862244,0.20076,0.014119
466.53759932518005,0.20183,0.013991
466.5885889530182,0.2028,0.014102
466.64100909233093,0.20401,0.014122
466.69151520729065,0.20475,0.014195
466.7394235134125,0.20585,0.014119
466.7891616821289,0.20685,0.014035
466.841383934021,0.20781,0.014027
466.8899357318878,0.20888,0.014237
466.93939781188965,0.20988,0.014213
466.98841857910156,0.21088,0.014114
467.0440728664398,0.21179,0.014192
467.0893108844757,0.21311,0.014306
467.1424024105072,0.21399,0.014167
467.189475774765,0.21504,0.014128
467.24362874031067,0.21584,0.014242
467.2967617511749,0.21687,0.014178
467.34285068511963,0.21787,0.014338
467.3952167034149,0.21897,0.014436
467.4463529586792,0.21928,0.014346
467.4949080944061,0.22016,0.014264
467.545037984848,0.22216,0.014297
467.59488558769226,0.22297,0.014316
467.6449956893921,0.22424,0.014241
467.69567465782166,0.22505,0.014269
467.74544072151184,0.22525,0.014238
467.7975809574127,0.22712,0.014357
467.8460159301758,0.22801,0.014259
467.896577835083,0.22816,0.013996
467.9461987018585,0.22897,0.01424
467.9994406700134,0.23108,0.014176
468.051331281662,0.23185,0.014127
468.10078859329224,0.23299,0.014085
468.15321373939514,0.23427,0.014042
468.2013523578644,0.23413,0.014157
468.2525553703308,0.23508,0.014052
468.3008351325989,0.23624,0.014027
468.35221314430237,0.23801,0.014004
468.40394163131714,0.23832,0.013975
468.4524350166321,0.2392,0.014019
468.5048406124115,0.24003,0.014022
468.55357551574707,0.24085,0.013935
468.60517287254333,0.24204,0.013945
468.6529953479767,0.24415,0.014009
468.7032423019409,0.24416,0.014102
468.75318694114685,0.24595,0.014155
468.8045265674591,0.24621,0.01404
468.85584568977356,0.24715,0.014138
468.90429067611694,0.24823,0.014105
468.9547863006592,0.25011,0.01408
469.00500679016113,0.25097,0.014124
469.0534362792969,0.25113,0.014105
469.10200667381287,0.25215,0.014088
469.1548345088959,0.25319,0.014091
469.20517659187317,0.25401,0.014221
469.2568778991699,0.25496,0.014205
469.30585622787476,0.25579,0.014081
469.35468912124634,0.25797,0.014078
469.4046196937561,0.25796,0.014252
469.4566204547882,0.25889,0.014217
469.50581645965576,0.26001,0.014248
469.56009817123413,0.261,0.014157
469.60740065574646,0.26191,0.014205
469.65979051589966,0.26299,0.014285
469.7096173763275,0.26425,0.014208
469.7640857696533,0.26499,0.014129
469.815185546875,0.26581,0.014097
469.8634786605835,0.26691,0.014144
469.91487073898315,0.26796,0.014152
469.96440863609314,0.26907,0.014195
470.0142846107483,0.26897,0.014211
470.06662154197693,0.27087,0.014279
470.1151354312897,0.27197,0.01428
470.16300106048584,0.27283,0.014116
470.2143032550812,0.27375,0.014206
470.2687954902649,0.27481,0.014265
470.3165988922119,0.27584,0.014275
470.36719250679016,0.27688,0.014354
470.4180681705475,0.27772,0.014206
470.46733713150024,0.27791,0.014267
470.5135872364044,0.27997,0.014303
470.57262444496155,0.28079,0.014304
470.62152671813965,0.28167,0.014396
470.6721119880676,0.28276,0.014326
470.72164249420166,0.28377,0.014312
470.7724552154541,0.28473,0.014237
470.82178831100464,0.28479,0.014334
470.87247681617737,0.2858,0.01421
470.922509431839,0.2876,0.014194
470.97477436065674,0.28877,0.01417
471.02589321136475,0.28971,0.014229
471.07383036613464,0.29064,0.014248
471.12386536598206,0.2916,0.014176
471.17682433128357,0.29155,0.014248
471.2255699634552,0.29283,0.014176
471.2773485183716,0.2938,0.014123
471.32447123527527,0.29564,0.013938
471.37862968444824,0.29652,0.01414
471.429087638855,0.29769,0.014123
471.47621870040894,0.2986,0.01417
471.5307412147522,0.2986,0.014082
471.5815541744232,0.29941,0.014113
471.62827253341675,0.30041,0.014136
471.6793761253357,0.30148,0.014066
471.73024010658264,0.30363,0.014188
471.77886509895325,0.30568,0.014169
471.83414793014526,0.30768,0.014165
471.8815667629242,0.30788,0.014134
471.93896222114563,0.30987,0.013972
471.9870948791504,0.036853,0.014055
472.03709650039673,0.038333,0.014027
472.08593487739563,0.043373,0.014273
472.1395034790039,0.046333,0.014191
472.1872248649597,0.046467,0.01418
472.23953437805176,0.049373,0.014201
472.28855752944946,0.052013,0.014237
472.3409631252289,0.05512,0.014116
472.3880705833435,0.060867,0.01409
472.4394931793213,0.060613,0.014107
472.4900209903717,0.063507,0.014176
472.5385353565216,0.066293,0.014073
472.5911269187927,0.069093,0.01405
472.6411712169647,0.071933,0.014154
472.69250535964966,0.0748,0.014209
472.7420144081116,0.080227,0.014153
472.79627537727356,0.0802,0.014163
472.84468960762024,0.082987,0.01427
472.89515948295593,0.085667,0.01417
472.94417786598206,0.0884,0.014117
472.9947974681854,0.091027,0.014068
473.0419421195984,0.09308,0.014131
473.0956606864929,0.093173,0.014018
473.1452498435974,0.0958,0.013992
473.1974346637726,0.097,0.014038
473.24599623680115,0.09824,0.014053
473.2937445640564,0.099787,0.014053
473.34481859207153,0.099907,0.013929
473.39771246910095,0.10105,0.014073
473.4470911026001,0.10359,0.013964
473.4982612133026,0.10488,0.013989
473.5467927455902,0.10607,0.013962
473.5970058441162,0.10733,0.013885
473.6439447402954,0.10853,0.013789
473.6970224380493,0.10976,0.013855
473.7451436519623,0.11099,0.013854
473.8012025356293,0.11085,0.013947
473.84851145744324,0.11348,0.013833
473.9012060165405,0.11472,0.013832
473.94904804229736,0.11595,0.013903
474.002320766449,0.11707,0.013893
474.04776096343994,0.11717,0.013874
474.10006737709045,0.11952,0.013999
474.15418004989624,0.12081,0.013928
474.20243310928345,0.12101,0.014
474.25215339660645,0.12316,0.013994
474.3095066547394,0.12431,0.014096
474.35969281196594,0.12541,0.013882
474.41037583351135,0.12659,0.014007
474.45578598976135,0.1266,0.013974
474.5079097747803,0.12777,0.01406
474.5598056316376,0.13015,0.013937
474.60823583602905,0.13133,0.014045
474.65894627571106,0.13147,0.014123
474.7112350463867,0.13364,0.014107
474.76215505599976,0.13363,0.014068
474.81700468063354,0.13585,0.014087
474.8630967140198,0.13696,0.014012
474.91579008102417,0.13817,0.014128
474.96661591529846,0.13828,0.014104
475.01521921157837,0.13915,0.014067
475.0698459148407,0.14051,0.014131
475.1180851459503,0.14169,0.014071
475.1683712005615,0.14396,0.014186
475.2236466407776,0.14505,0.014212
475.2774832248688,0.14601,0.013991
475.3250002861023,0.14724,0.014181
475.3776206970215,0.14739,0.014115
475.4256718158722,0.14945,0.014104
475.47834062576294,0.14953,0.014229
475.5307455062866,0.15067,0.014108
475.5787386894226,0.15172,0.014057
475.628217458725,0.15276,0.014052
475.6801655292511,0.15407,0.014184
475.73192524909973,0.15487,0.014228
475.77932953834534,0.15723,0.014079
475.83273005485535,0.1572,0.014255
475.88111424446106,0.15939,0.014167
475.929571390152,0.1594,0.014167
475.97984886169434,0.16064,0.014289
476.0342638492584,0.16284,0.014316
476.0868420600891,0.16375,0.014296
476.1349425315857,0.16404,0.014215
476.1837351322174,0.16507,0.014239
476.23222160339355,0.16609,0.014057
476.2872610092163,0.16699,0.014331
476.33859848976135,0.16799,0.014029
476.3871591091156,0.16915,0.014085
476.4384262561798,0.17113,0.014218
476.487756729126,0.17219,0.014122
476.5391788482666,0.17241,0.014132
476.5900192260742,0.17341,0.013985
476.64242720603943,0.17463,0.014
476.69091272354126,0.17561,0.014106
476.7420063018799,0.1766,0.014029
476.79137325286865,0.17771,0.014062
476.842732667923,0.17989,0.013975
476.8928875923157,0.17985,0.013997
476.9418032169342,0.18084,0.014022
476.99394965171814,0.18195,0.013964
477.0452563762665,0.18285,0.013892
477.099173784256,0.18401,0.014027
477.1469039916992,0.18599,0.01387
477.200058221817,0.18616,0.014061
477.2513065338135,0.18697,0.014033
477.2989766597748,0.18808,0.013991
477.34989953041077,0.18917,0.014097
477.39807534217834,0.19012,0.014082
477.4477255344391,0.19124,0.014242
477.50550413131714,0.19247,0.014117
477.5549213886261,0.19321,0.013969
477.6018488407135,0.19449,0.014158
477.6526267528534,0.19539,0.014168
477.70663237571716,0.19648,0.014025
477.75335144996643,0.19729,0.014245
477.80867862701416,0.19745,0.014021
477.8568994998932,0.1996,0.01424
477.9055459499359,0.20065,0.014151
477.9569697380066,0.20161,0.014219
478.0086088180542,0.20268,0.014121
478.06012868881226,0.20364,0.014137
478.1092119216919,0.20445,0.014078
478.16097235679626,0.20563,0.014193
478.21070742607117,0.20677,0.014149
478.2622957229614,0.20779,0.014172
478.3107886314392,0.20763,0.014207
478.363068819046,0.20961,0.01411
478.41230034828186,0.21081,0.014102
478.4639992713928,0.21195,0.014255
478.51715636253357,0.21296,0.014152
478.5637574195862,0.21371,0.014342
478.6138958930969,0.21413,0.014138
478.6675477027893,0.21484,0.014145
478.71736693382263,0.21595,0.014297
478.7689952850342,0.21685,0.014228
478.8189115524292,0.21789,0.014296
478.87098574638367,0.21983,0.014317
478.92127561569214,0.22087,0.01417
478.9674623012543,0.22189,0.014358
479.0234079360962,0.22288,0.014203
479.0760908126831,0.22287,0.014306
479.1250355243683,0.22408,0.014308
479.1739354133606,0.22588,0.014259
479.2316327095032,0.22691,0.014236
479.2846677303314,0.22788,0.014117
479.3322341442108,0.22905,0.014252
479.3849160671234,0.23021,0.014249
479.43420577049255,0.22999,0.014224
479.4850821495056,0.23175,0.014159
479.53527903556824,0.23197,0.014059
479.5840413570404,0.23271,0.014079
479.6339042186737,0.23387,0.014124
479.6866612434387,0.23489,0.014066
479.73821115493774,0.23708,0.014136
479.7903411388397,0.23789,0.014114
479.8397080898285,0.23891,0.014111
479.88939356803894,0.23996,0.014042
479.9404158592224,0.24107,0.013845
479.99076747894287,0.24108,0.014025
480.0396218299866,0.24208,0.014046
480.0930829048157,0.24413,0.014077
480.142808675766,0.24484,0.014169
480.19373774528503,0.24591,0.014111
480.2424314022064,0.24621,0.014017
480.29909324645996,0.24701,0.014144
480.3442816734314,0.24799,0.014117
480.39540791511536,0.24996,0.014205
480.448691368103,0.25083,0.014181
480.50219464302063,0.251,0.014064
480.548214673996,0.25204,0.014139
480.60000586509705,0.25303,0.014134
480.6543049812317,0.2548,0.014153
480.7003321647644,0.25585,0.014149
480.749831199646,0.25588,0.0141
480.8046054840088,0.25689,0.014298
480.85286951065063,0.25791,0.014145
480.90805411338806,0.25883,0.014092
480.9599061012268,0.26096,0.014151
481.00777673721313,0.26091,0.014199
481.0621931552887,0.26183,0.01408
481.10893154144287,0.26288,0.014064
481.160671710968,0.26408,0.014169
481.2102909088135,0.26503,0.014189
481.26141929626465,0.26589,0.014156
481.31317353248596,0.26772,0.014146
481.36424016952515,0.26875,0.014129
481.40863394737244,0.26887,0.014011
481.4637815952301,0.26973,0.014136
481.5143852233887,0.27063,0.014266
481.5649869441986,0.27183,0.014256
481.616717338562,0.27271,0.014289
481.6652510166168,0.27376,0.014275
481.7147924900055,0.27471,0.014134
481.7653777599335,0.27568,0.014159
481.81317472457886,0.27785,0.014117
481.8656806945801,0.27747,0.01415
481.91513657569885,0.27864,0.014117
481.9679138660431,0.27961,0.014216
482.0199680328369,0.28053,0.014266
482.0674126148224,0.28176,0.014323
482.11853313446045,0.28155,0.014403
482.1699252128601,0.28365,0.014236
482.2206609249115,0.28473,0.014253
482.2720191478729,0.28545,0.014203
482.3230481147766,0.28652,0.014216
482.3707756996155,0.28744,0.014153
482.4213764667511,0.28843,0.014174
482.4712574481964,0.28953,0.014117
482.52058124542236,0.29055,0.014227
482.57386565208435,0.29069,0.014187
482.6216878890991,0.29245,0.014055
482.67262029647827,0.29327,0.014115
482.7196695804596,0.29453,0.014179
482.77300000190735,0.29539,0.014152
482.8212683200836,0.29552,0.014236
482.8752119541168,0.29741,0.014101
482.9253144264221,0.29751,0.014067
482.9747714996338,0.2994,0.014112
483.0224874019623,0.3004,0.014124
483.0733208656311,0.30139,0.014073
483.12515115737915,0.30216,0.013959
483.17650151252747,0.30235,0.014114
483.2272758483887,0.30351,0.014114
483.27715849876404,0.30529,0.01419
483.3261625766754,0.30751,0.014153
483.3778643608093,0.037053,0.014247
483.42948865890503,0.037773,0.01392
483.47830748558044,0.040453,0.014232
483.5269968509674,0.04024,0.014151
483.58308243751526,0.04276,0.014183
483.63205647468567,0.045587,0.014191
483.6864938735962,0.051627,0.014117
483.7354278564453,0.054493,0.014176
483.7861325740814,0.057467,0.014162
483.84237599372864,0.058867,0.014089
483.888863325119,0.060213,0.014144
483.94103479385376,0.066013,0.014188
483.9948024749756,0.068613,0.01428
484.0425133705139,0.071587,0.014171
484.0925340652466,0.071627,0.01415
484.14979910850525,0.074333,0.014224
484.2036635875702,0.077173,0.014114
484.25699377059937,0.082387,0.014183
484.30542159080505,0.085187,0.014098
484.35486364364624,0.087907,0.014106
484.40653443336487,0.090627,0.014111
484.45716190338135,0.092853,0.014088
484.5033664703369,0.09292,0.014043
484.5541253089905,0.0944,0.014013
484.60917234420776,0.095667,0.013928
484.6548058986664,0.09692,0.013978
484.706285238266,0.098147,0.014167
484.75615787506104,0.0996,0.01407
484.8167884349823,0.102,0.013947
484.8681390285492,0.10343,0.013988
484.9157569408417,0.10467,0.013943
484.9660847187042,0.10484,0.013983
485.01570653915405,0.10591,0.013995
485.06380462646484,0.10708,0.013887
485.11549520492554,0.10837,0.013937
485.1659345626831,0.11085,0.013934
485.2218985557556,0.1108,0.013964
485.2705776691437,0.11328,0.013913
485.317284822464,0.11333,0.013944
485.373473405838,0.11444,0.013945
485.423219203949,0.11564,0.013929
485.4706780910492,0.11701,0.013939
485.5222487449646,0.11809,0.013952
485.56994700431824,0.1208,0.013875
485.62373423576355,0.12075,0.013994
485.6757848262787,0.12196,0.014079
485.7219717502594,0.12312,0.014025
485.7747902870178,0.12424,0.014048
485.82425022125244,0.12527,0.013948
485.87444710731506,0.12644,0.014057
485.9246835708618,0.12755,0.01412
485.97628140449524,0.12887,0.014133
486.0296685695648,0.13113,0.014133
486.07829308509827,0.13135,0.014063
486.1289212703705,0.13347,0.014043
486.17941880226135,0.13371,0.013964
486.23038721084595,0.13472,0.014071
486.27834010124207,0.13588,0.014039
486.3308045864105,0.137,0.014028
486.3805696964264,0.13813,0.014117
486.43119955062866,0.14039,0.014175
486.4830505847931,0.14037,0.014199
486.52868390083313,0.14156,0.014063
486.5821113586426,0.14256,0.014083
486.6320912837982,0.14376,0.014094
486.679927110672,0.14483,0.014178
486.73330998420715,0.14616,0.014144
486.78274059295654,0.14604,0.014188
486.8351447582245,0.14825,0.014111
486.8845751285553,0.14941,0.014097
486.93201780319214,0.15063,0.014175
486.98132824897766,0.15167,0.014154
487.03405380249023,0.15271,0.014124
487.087619304657,0.15375,0.014161
487.1368899345398,0.15391,0.014154
487.18320059776306,0.15613,0.014226
487.2365822792053,0.15703,0.01411
487.28696489334106,0.15827,0.014204
487.3369574546814,0.15927,0.014131
487.387814283371,0.15931,0.014119
487.442711353302,0.16141,0.014112
487.4896333217621,0.16177,0.014206
487.54103660583496,0.16367,0.014142
487.59318494796753,0.16465,0.01422
487.6508331298828,0.16579,0.014238
487.69907784461975,0.167,0.014151
487.75507164001465,0.16797,0.014088
487.8075692653656,0.16915,0.014033
487.85662388801575,0.17015,0.014093
487.90742111206055,0.17124,0.014098
487.9572985172272,0.17221,0.01413
488.0043992996216,0.17324,0.014157
488.0549838542938,0.17427,0.014155
488.10742354393005,0.17547,0.014084
488.1594636440277,0.17644,0.014071
488.207227230072,0.17744,0.014101
488.25827503204346,0.17833,0.013851
488.31033635139465,0.17848,0.01412
488.36109948158264,0.18077,0.013992
488.4105911254883,0.18164,0.01399
488.46279668807983,0.18265,0.014009
488.5123167037964,0.18287,0.013977
488.56553888320923,0.18479,0.014043
488.6167027950287,0.18479,0.014161
488.6700384616852,0.18693,0.014096
488.7199351787567,0.18788,0.014123
488.76967787742615,0.18901,0.014128
488.8180208206177,0.18997,0.014197
488.86775827407837,0.19136,0.014041
488.92031955718994,0.19133,0.014119
488.9723072052002,0.19324,0.014064
489.02103662490845,0.19427,0.014138
489.0707151889801,0.19511,0.014145
489.1222937107086,0.19648,0.014192
489.1749243736267,0.19736,0.014195
489.22369503974915,0.19724,0.014079
489.27336859703064,0.1984,0.014097
489.32360792160034,0.19932,0.014233
489.37442111968994,0.20143,0.014247
489.42277669906616,0.20132,0.014046
489.4741759300232,0.20337,0.014193
489.52231788635254,0.20452,0.013956
489.57713174819946,0.20559,0.01421
489.6271855831146,0.20545,0.014401
489.67411756515503,0.20653,0.014147
489.7267346382141,0.20753,0.014076
489.7771244049072,0.20953,0.014003
489.82771134376526,0.20977,0.014114
489.8764259815216,0.21181,0.014219
489.92887592315674,0.21197,0.014065
489.9769175052643,0.21268,0.014176
490.029274225235,0.21352,0.014141
490.0744848251343,0.21455,0.014176
490.12878704071045,0.21571,0.01415
490.181293964386,0.21671,0.014203
490.2303378582001,0.21881,0.014067
490.27956891059875,0.21875,0.014196
490.3300006389618,0.21984,0.014132
490.38024282455444,0.22095,0.014264
490.43558406829834,0.22175,0.01416
490.4861309528351,0.22284,0.014162
490.5410244464874,0.22461,0.01423
490.59134697914124,0.2248,0.014125
490.63661217689514,0.22557,0.014218
490.6941010951996,0.22676,0.014149
490.7405562400818,0.22773,0.01424
490.7928276062012,0.22876,0.014284
490.84481954574585,0.23087,0.014167
490.8936152458191,0.23061,0.014219
490.9428961277008,0.23181,0.01414
490.99910259246826,0.23277,0.014131
491.0472893714905,0.23373,0.014188
491.0995919704437,0.23467,0.014057
491.14612007141113,0.23561,0.014038
491.19733595848083,0.23667,0.014038
491.24890184402466,0.23784,0.014149
491.29857087135315,0.23868,0.014092
491.3457102775574,0.23964,0.014088
491.3995146751404,0.24075,0.014028
491.4490056037903,0.24175,0.014043
491.5012536048889,0.24276,0.014148
491.55610632896423,0.2438,0.014096
491.6057243347168,0.24477,0.014173
491.65217542648315,0.24569,0.014144
491.70332193374634,0.24683,0.014044
491.7542748451233,0.24772,0.014166
491.8029761314392,0.24897,0.014175
491.85416436195374,0.24971,0.014067
491.9065339565277,0.24983,0.014135
491.9572699069977,0.25083,0.014167
492.0084066390991,0.25281,0.014062
492.0563704967499,0.25385,0.014089
492.1057243347168,0.25472,0.014091
492.15733790397644,0.2548,0.014093
492.20543003082275,0.25676,0.014185
492.2566740512848,0.25676,0.014218
492.3029544353485,0.25877,0.014062
492.35469341278076,0.25971,0.014253
492.40818905830383,0.26064,0.014399
492.46103048324585,0.26159,0.014225
492.5109438896179,0.26191,0.014149
492.55822253227234,0.26348,0.014094
492.6127097606659,0.26464,0.014163
492.66133546829224,0.26473,0.014191
492.7107186317444,0.26644,0.014068
492.7641541957855,0.26765,0.013974
492.81392335891724,0.26876,0.014147
492.86082577705383,0.26881,0.014131
492.9112296104431,0.27056,0.014233
492.9610357284546,0.27064,0.014181
493.01591420173645,0.27179,0.01419
493.0619602203369,0.27255,0.014177
493.1163113117218,0.2746,0.014161
493.1648428440094,0.27564,0.014146
493.2165515422821,0.2756,0.014139
493.2630934715271,0.2774,0.014254
493.3186867237091,0.27749,0.014229
493.36582612991333,0.27868,0.014234
493.416846036911,0.27951,0.014182
493.46976494789124,0.28044,0.014048
493.5153338909149,0.28244,0.014143
493.56915950775146,0.2834,0.014265
493.6193165779114,0.28347,0.014371
493.6697769165039,0.28444,0.014156
493.7191891670227,0.2854,0.014273
493.769978761673,0.2864,0.014227
493.8182759284973,0.28837,0.014241
493.87337851524353,0.28937,0.014225
493.91886377334595,0.28924,0.014252
493.9697458744049,0.29025,0.014202
494.02053785324097,0.29128,0.014111
494.0679316520691,0.29232,0.014164
494.1269133090973,0.29337,0.01422
494.17392349243164,0.29429,0.014058
494.224280834198,0.29517,0.014146
494.2722761631012,0.29621,0.014116
494.32510685920715,0.29725,0.014087
494.38428115844727,0.29932,0.014137
494.4337854385376,0.29925,0.014252
494.48240089416504,0.30013,0.014073
494.53333616256714,0.30123,0.014207
494.5811848640442,0.30199,0.014151
494.63157868385315,0.30315,0.0142
494.68621850013733,0.30517,0.014237
494.73367738723755,0.30525,0.013951
494.7874565124512,0.041227,0.013979
494.837771654129,0.035693,0.014205
494.8927962779999,0.037107,0.013822
494.94026589393616,0.039613,0.014102
494.9935791492462,0.0426,0.014309
495.0386588573456,0.045293,0.014158
495.09127497673035,0.0484,0.01405
495.14352202415466,0.05116,0.014041
495.1922779083252,0.054067,0.014175
495.2426495552063,0.056827,0.014085
495.2972402572632,0.05984,0.014051
495.34584307670593,0.062613,0.014099
495.39644742012024,0.06552,0.014255
495.44692611694336,0.068267,0.01411
495.4942388534546,0.071107,0.014162
495.54611587524414,0.073827,0.014182
495.59874749183655,0.07676,0.014011
495.64619040489197,0.07952,0.014126
495.69696140289307,0.081907,0.014125
495.74965262413025,0.084813,0.014103
495.8003740310669,0.087533,0.014089
495.85865592956543,0.090267,0.014113
495.90754890441895,0.0928,0.014132
495.95773363113403,0.09416,0.014139
496.0100905895233,0.09536,0.014058
496.06242322921753,0.096707,0.014103
496.11125469207764,0.097907,0.013877
496.16349506378174,0.098093,0.014078
496.2123167514801,0.10071,0.014062
496.26500630378723,0.10175,0.013884
496.3120517730713,0.1032,0.014152
496.35967779159546,0.10429,0.014001
496.4146959781647,0.10563,0.014067
496.46400117874146,0.10687,0.013977
496.5127983093262,0.10696,0.014062
496.5629584789276,0.10833,0.013945
496.6098358631134,0.11045,0.013959
496.6676757335663,0.11196,0.013904
496.7158770561218,0.11299,0.014001
496.76552081108093,0.11431,0.013974
496.8157584667206,0.11448,0.014028
496.8701753616333,0.11568,0.014151
496.9177825450897,0.11688,0.014004
496.9680926799774,0.11913,0.014006
497.019216299057,0.12041,0.014029
497.07052731513977,0.12041,0.013976
497.1205086708069,0.12283,0.01412
497.1702091693878,0.12293,0.01411
497.21988105773926,0.12424,0.014044
497.270644903183,0.12529,0.014094
497.3221507072449,0.12655,0.013978
497.37143301963806,0.12872,0.014099
497.42309617996216,0.13,0.014118
497.4750406742096,0.12995,0.014098
497.5266184806824,0.13104,0.013915
497.574991941452,0.13207,0.014111
497.6254687309265,0.13333,0.014124
497.67953062057495,0.13568,0.014075
497.7305862903595,0.13671,0.014158
497.779217004776,0.13791,0.014131
497.82689571380615,0.13804,0.014018
497.88354992866516,0.1392,0.014135
497.93128085136414,0.14011,0.014133
497.97981786727905,0.14121,0.013946
498.0309736728668,0.14353,0.014164
498.08048582077026,0.14371,0.014167
498.1339898109436,0.14495,0.014092
498.182106256485,0.14705,0.014182
498.228972196579,0.14801,0.014189
498.2842962741852,0.14821,0.014236
498.33274126052856,0.14913,0.014116
498.3831379413605,0.15012,0.014145
498.43268275260925,0.15137,0.014144
498.4833152294159,0.15261,0.013993
498.53532457351685,0.15385,0.01415
498.5875425338745,0.15495,0.014152
498.6366913318634,0.15573,0.014148
498.68589663505554,0.15707,0.01411
498.7379083633423,0.15792,0.014232
498.7856454849243,0.15908,0.014263
498.84054613113403,0.16024,0.014149
498.8922941684723,0.16116,0.014151
498.93955850601196,0.16341,0.014195
498.98876118659973,0.16345,0.014214
499.03981351852417,0.16444,0.014246
499.09081196784973,0.16545,0.014134
499.138635635376,0.16659,0.014304
499.1891644001007,0.16772,0.014195
499.2413079738617,0.16893,0.014212
499.2930176258087,0.17001,0.014224
499.3415331840515,0.17113,0.014083
499.39259123802185,0.17212,0.014224
499.44416785240173,0.17332,0.014167
499.49208068847656,0.17428,0.014016
499.54288601875305,0.17437,0.014111
499.6012303829193,0.17536,0.01411
499.65303134918213,0.17719,0.01397
499.7002339363098,0.17832,0.014063
499.75098156929016,0.17964,0.014074
499.800767660141,0.18051,0.014094
499.8529245853424,0.18149,0.014031
499.90262746810913,0.18277,0.014005
499.96251344680786,0.1836,0.013951
500.0099980831146,0.18467,0.013921
500.0581085681915,0.18581,0.014175
500.11234617233276,0.18691,0.014001
500.16479420661926,0.18699,0.01409
500.21243238449097,0.18796,0.014009
500.26697039604187,0.18899,0.014003
500.31518840789795,0.19109,0.01406
500.3715100288391,0.19189,0.014069
500.4204053878784,0.19315,0.014136
500.47125363349915,0.19419,0.014111
500.5184316635132,0.19504,0.014063
500.56870555877686,0.19628,0.014117
500.62103247642517,0.19615,0.014117
500.6710755825043,0.19835,0.014039
500.7220551967621,0.19932,0.01413
500.77079343795776,0.2002,0.01418
500.8251121044159,0.20147,0.014078
500.87300872802734,0.20235,0.014047
500.92225313186646,0.20339,0.014113
500.97126364707947,0.20445,0.014127
501.0245132446289,0.2054,0.013976
501.075083732605,0.20632,0.014126
501.1277837753296,0.20736,0.014235
501.17686223983765,0.20843,0.01407
501.22625708580017,0.20956,0.013983
501.28002643585205,0.20961,0.014022
501.3307731151581,0.21068,0.014178
501.3772633075714,0.21252,0.014141
501.4281418323517,0.21352,0.014077
501.4776587486267,0.21345,0.014094
501.52503538131714,0.21548,0.014191
501.5793662071228,0.21555,0.014065
501.6280403137207,0.21669,0.014082
501.6805245876312,0.21752,0.014118
501.729243516922,0.21951,0.013948
501.77910566329956,0.22072,0.014182
501.83452320098877,0.22156,0.014159
501.8831765651703,0.22157,0.014033
501.9333689212799,0.22267,0.014006
501.98464155197144,0.22363,0.014186
502.0348217487335,0.22447,0.014169
502.08227801322937,0.22557,0.014206
502.1366512775421,0.22756,0.014166
502.18587255477905,0.22765,0.014109
502.2341527938843,0.22875,0.014089
502.2830150127411,0.22948,0.014171
502.3363723754883,0.2306,0.014291
502.38527607917786,0.23271,0.014241
502.4322929382324,0.23377,0.014242
502.4838409423828,0.23373,0.014126
502.5378465652466,0.23479,0.014133
502.58733201026917,0.23588,0.01421
502.64129614830017,0.23748,0.014183
502.69192147254944,0.23752,0.014199
502.7410638332367,0.23888,0.014238
502.78995752334595,0.23949,0.014221
502.8429093360901,0.24064,0.01416
502.89158821105957,0.24249,0.014168
502.94183897972107,0.24272,0.014263
502.99719643592834,0.24352,0.014175
503.0439455509186,0.24469,0.014227
503.09599590301514,0.24564,0.014163
503.14775705337524,0.24668,0.014229
503.19806265830994,0.24763,0.014178
503.24699234962463,0.24871,0.01413
503.29616260528564,0.24972,0.014064
503.3474164009094,0.25068,0.014123
503.4019215106964,0.25164,0.014219
503.44977259635925,0.25256,0.014136
503.5037314891815,0.25361,0.014156
503.5532171726227,0.2546,0.014164
503.6027903556824,0.25563,0.014134
503.65220284461975,0.25653,0.014239
503.70215940475464,0.25768,0.014041
503.75095772743225,0.25872,0.014278
503.8037669658661,0.2596,0.014309
503.8506872653961,0.25956,0.014128
503.90092730522156,0.26155,0.014014
503.9520399570465,0.26256,0.014099
504.0010316371918,0.26361,0.014021
504.0557038784027,0.26435,0.014056
504.1050834655762,0.26472,0.014063
504.1579804420471,0.26665,0.014229
504.2074725627899,0.26752,0.014045
504.25670862197876,0.26849,0.01434
504.3046524524689,0.26927,0.014125
504.36342668533325,0.27047,0.014075
504.4136471748352,0.27132,0.014181
504.46153450012207,0.27232,0.014233
504.514687538147,0.27344,0.013981
504.5634255409241,0.27416,0.014165
504.6126341819763,0.27421,0.014107
504.6624093055725,0.27529,0.014228
504.7130160331726,0.27639,0.01417
504.76649165153503,0.27733,0.014156
504.81372451782227,0.27929,0.014136
504.86583495140076,0.28035,0.01412
504.9168679714203,0.28133,0.014223
504.9668583869934,0.28229,0.014281
505.0167787075043,0.28335,0.014121
505.0639498233795,0.28339,0.014105
505.1174259185791,0.28456,0.014223
505.16700053215027,0.28531,0.014007
505.2156660556793,0.28633,0.014075
505.26761984825134,0.28811,0.01431
505.3187520503998,0.28829,0.014173
505.37085366249084,0.29029,0.01415
505.4186501502991,0.29096,0.014261
505.47019267082214,0.29148,0.014193
505.523273229599,0.29219,0.01423
505.56948947906494,0.29308,0.014128
505.6202509403229,0.29513,0.014169
505.6681535243988,0.296,0.014153
505.7210168838501,0.29703,0.014167
505.77181100845337,0.29724,0.014062
505.82273864746094,0.29883,0.014023
505.8735179901123,0.29903,0.014142
505.92378854751587,0.29911,0.014079
505.9739933013916,0.30104,0.014146
506.02026891708374,0.303,0.014152
506.0731985569,0.30312,0.014101
506.1238887310028,0.30479,0.014057
506.17478227615356,0.30684,0.014058
506.22450256347656,0.30791,0.014093
506.2749433517456,0.034827,0.014071
506.3253583908081,0.03676,0.014043
506.3797175884247,0.039093,0.01413
506.428991317749,0.041893,0.014046
506.47569704055786,0.0448,0.014018
506.5310769081116,0.047827,0.014119
506.5786852836609,0.050627,0.014129
506.629474401474,0.056307,0.014097
506.6799519062042,0.056453,0.014116
506.7340819835663,0.05928,0.014144
506.7830641269684,0.062253,0.014141
506.8336820602417,0.064787,0.014145
506.8805842399597,0.067693,0.014168
506.9314765930176,0.067933,0.014062
506.9824206829071,0.073173,0.014025
507.03475189208984,0.076107,0.014179
507.0880837440491,0.0788,0.014156
507.13917803764343,0.081467,0.0141
507.1871075630188,0.084427,0.014109
507.2401921749115,0.087013,0.014163
507.2888569831848,0.086973,0.013953
507.33937644958496,0.092333,0.014073
507.3889420032501,0.09368,0.014188
507.43855834007263,0.094947,0.014137
507.4929087162018,0.096373,0.014131
507.5410645008087,0.097813,0.014134
507.58965826034546,0.099,0.014111
507.640869140625,0.10028,0.013953
507.69163393974304,0.10029,0.013987
507.7419402599335,0.10292,0.014008
507.7938983440399,0.10412,0.014017
507.8428740501404,0.10532,0.013983
507.8956501483917,0.1068,0.014031
507.94479990005493,0.1078,0.013811
507.9991452693939,0.10805,0.014087
508.04835987091064,0.1092,0.013939
508.097443819046,0.11153,0.014
508.14867091178894,0.11295,0.013898
508.1989688873291,0.11411,0.014014
508.24860858917236,0.1152,0.014023
508.30110239982605,0.11643,0.014034
508.3496313095093,0.11672,0.014103
508.40065360069275,0.11781,0.013927
508.4532051086426,0.119,0.013948
508.5013587474823,0.1212,0.014035
508.553386926651,0.12265,0.014044
508.6038432121277,0.12376,0.014053
508.65123319625854,0.12489,0.014083
508.7000799179077,0.12501,0.01405
508.7533459663391,0.12629,0.014003
508.80202627182007,0.12753,0.014022
508.8564603328705,0.12972,0.014095
508.91319727897644,0.13096,0.01407
508.96208810806274,0.13209,0.014108
509.0108187198639,0.13317,0.014039
509.06202030181885,0.13348,0.014168
509.1138381958008,0.13447,0.013996
509.16914224624634,0.13567,0.013999
509.21711826324463,0.13779,0.014069
509.2655920982361,0.13911,0.014105
509.31526255607605,0.14012,0.014169
509.3695228099823,0.14011,0.014049
509.4215166568756,0.14144,0.014037
509.4694666862488,0.14225,0.014134
509.5187213420868,0.14452,0.014024
509.5738136768341,0.14464,0.014142
509.6202874183655,0.14587,0.014101
509.6745607852936,0.14684,0.013803
509.72250032424927,0.14796,0.014092
509.7743022441864,0.14917,0.014167
509.8265469074249,0.14985,0.014069
509.8748595714569,0.15249,0.014251
509.9260091781616,0.15344,0.014209
509.9763844013214,0.1546,0.014053
510.0267107486725,0.15456,0.01414
510.07776260375977,0.15664,0.014096
510.1282696723938,0.15692,0.014043
510.17748641967773,0.15783,0.014017
510.23032426834106,0.15908,0.014115
510.2838125228882,0.16131,0.014007
510.3311855792999,0.16124,0.01396
510.3822376728058,0.16244,0.014061
510.4318952560425,0.16345,0.014141
510.482075214386,0.16543,0.01418
510.53167939186096,0.16545,0.014049
510.5838432312012,0.16673,0.013995
510.6301999092102,0.16759,0.014092
510.6850411891937,0.16879,0.014193
510.7334887981415,0.16972,0.014151
510.7842779159546,0.17087,0.014072
510.8341660499573,0.17199,0.014142
510.88554334640503,0.17416,0.014091
510.93521761894226,0.17425,0.014112
510.9849729537964,0.17535,0.014341
511.035279750824,0.17597,0.014095
511.0873534679413,0.17731,0.01408
511.1369812488556,0.17855,0.014033
511.18529748916626,0.17952,0.013929
511.2391850948334,0.1804,0.013986
511.28545570373535,0.18144,0.01394
511.33952617645264,0.1826,0.01398
511.3870656490326,0.18347,0.014128
511.4363925457001,0.18389,0.014056
511.49280190467834,0.18471,0.01413
511.5413863658905,0.18688,0.014079
511.5916130542755,0.18781,0.013957
511.6424448490143,0.18888,0.014077
511.69616317749023,0.18975,0.014106
511.74527645111084,0.18997,0.014067
511.7953088283539,0.19175,0.014104
511.84558176994324,0.19197,0.014068
511.90017676353455,0.19397,0.014032
511.94785618782043,0.19481,0.014003
512.005473613739,0.196,0.014054
512.0542666912079,0.19711,0.014176
512.1021347045898,0.19793,0.01407
512.1581075191498,0.19811,0.014128
512.2067651748657,0.19917,0.014093
512.2619607448578,0.2012,0.014069
512.3104500770569,0.20217,0.014098
512.363320350647,0.2032,0.014113
512.4115805625916,0.20417,0.014134
512.4607462882996,0.20527,0.014136
512.5142323970795,0.20617,0.014204
512.5611486434937,0.20709,0.014078
512.6118969917297,0.20741,0.014082
512.6648664474487,0.20832,0.014196
512.7114598751068,0.21028,0.014168
512.765124797821,0.21128,0.014145
512.821455001831,0.21239,0.014044
512.873960018158,0.21321,0.01432
512.9228947162628,0.21432,0.014139
512.9684450626373,0.21547,0.014175
513.0216288566589,0.21639,0.014144
513.0700755119324,0.21741,0.014197
513.1225044727325,0.21756,0.014138
513.173876285553,0.21851,0.014081
513.2254183292389,0.21961,0.014193
513.273866891861,0.22039,0.014213
513.3232898712158,0.22225,0.014144
513.3710269927979,0.22243,0.014152
513.4221074581146,0.22443,0.014205
513.472945690155,0.2256,0.014206
513.5250387191772,0.22649,0.014158
513.5768587589264,0.22656,0.014214
513.6277446746826,0.22776,0.014145
513.6802496910095,0.22824,0.014167
513.7315595149994,0.22945,0.014143
513.7834012508392,0.23045,0.014202
513.8316807746887,0.23144,0.014298
513.8808209896088,0.23335,0.014271
513.9381189346313,0.23448,0.014167
513.9889795780182,0.23544,0.014131
514.0369834899902,0.2364,0.014209
514.0894470214844,0.23665,0.01423
514.1349730491638,0.23732,0.01423
514.18727684021,0.23875,0.014315
514.2428660392761,0.24049,0.014178
514.2897210121155,0.24123,0.014195
514.3404171466827,0.24257,0.014199
514.3907101154327,0.24255,0.014112
514.441290140152,0.24344,0.014041
514.4930794239044,0.24443,0.014186
514.5436544418335,0.24536,0.014113
514.5976507663727,0.24644,0.014155
514.6455783843994,0.24747,0.014168
514.6915295124054,0.24935,0.014091
514.7454433441162,0.24953,0.014039
514.7934787273407,0.25045,0.014163
514.8506147861481,0.25147,0.014116
514.8990700244904,0.25241,0.01404
514.950098991394,0.2534,0.014122
514.9984645843506,0.25424,0.014072
515.0579187870026,0.2554,0.014099
515.1054434776306,0.25649,0.014211
515.1549150943756,0.25839,0.014274
515.2056028842926,0.25832,0.014013
515.2572863101959,0.25929,0.014175
515.3064596652985,0.26031,0.014212
515.3570239543915,0.26144,0.014213
515.4071519374847,0.26245,0.014172
515.4603164196014,0.26327,0.014223
515.5099272727966,0.2642,0.01417
515.5563707351685,0.26523,0.014202
515.6107776165009,0.2662,0.014117
515.6614394187927,0.26819,0.014155
515.7080254554749,0.26924,0.01409
515.759706735611,0.26931,0.014203
515.8125522136688,0.27041,0.014077
515.8615581989288,0.27127,0.014104
515.9155004024506,0.27224,0.014173
515.9659593105316,0.27243,0.014256
516.0165636539459,0.27535,0.014151
516.0674104690552,0.27647,0.014281
516.1158392429352,0.27607,0.014221
516.164470911026,0.27689,0.014224
516.2212665081024,0.27809,0.014055
516.2673060894012,0.27909,0.014125
516.3172945976257,0.28007,0.014252
516.3702898025513,0.28015,0.014243
516.419515132904,0.28215,0.014336
516.4728610515594,0.28293,0.014158
516.5211806297302,0.28404,0.014128
516.5735278129578,0.28517,0.014174
516.6214027404785,0.28611,0.01416
516.6717438697815,0.28688,0.014231
516.7229840755463,0.28811,0.014103
516.7739577293396,0.28897,0.014169
516.8213093280792,0.28916,0.014179
516.8723976612091,0.29113,0.014184
516.9245040416718,0.29195,0.014141
516.9730033874512,0.29292,0.014118
517.0210635662079,0.294,0.014124
517.0702686309814,0.29492,0.014228
517.1238877773285,0.296,0.014184
517.1727905273438,0.29701,0.014111
517.2221674919128,0.29689,0.01415
517.2719125747681,0.29801,0.014118
517.3240413665771,0.29991,0.014068
517.3752257823944,0.30096,0.014075
517.4284970760345,0.30175,0.014118
517.4765768051147,0.30177,0.014116
517.53466963768,0.30279,0.014182
517.5848433971405,0.30456,0.014107
517.6331372261047,0.30659,0.014109
517.680502653122,0.03532,0.014151
517.7355155944824,0.037013,0.014105
517.7910339832306,0.038747,0.014036
517.8406691551208,0.04128,0.014267
517.890177488327,0.041427,0.01414
517.9439027309418,0.044413,0.014109
517.9921245574951,0.047387,0.014084
518.0438365936279,0.0504,0.01416
518.0948078632355,0.056,0.014175
518.1453332901001,0.058867,0.014091
518.1933619976044,0.061653,0.014123
518.2460162639618,0.064347,0.014224
518.2963974475861,0.0672,0.014168
518.350668668747,0.067427,0.01425
518.4029531478882,0.073067,0.014106
518.4520449638367,0.0758,0.014152
518.5060565471649,0.075587,0.014139
518.5543873310089,0.0784,0.014129
518.6025810241699,0.08128,0.014091
518.65904712677,0.086507,0.014145
518.7112226486206,0.089387,0.014171
518.7587702274323,0.089533,0.014329
518.8103914260864,0.0922,0.014205
518.8596715927124,0.093627,0.014139
518.9125587940216,0.09492,0.014121
518.9636759757996,0.09748,0.014161
519.0148553848267,0.09868,0.014103
519.0663068294525,0.09992,0.014122
519.1161625385284,0.10132,0.014097
519.1675539016724,0.10145,0.014085
519.2179131507874,0.10265,0.014116
519.266473531723,0.10376,0.014127
519.3181576728821,0.10529,0.014137
519.3684597015381,0.10783,0.014144
519.4168057441711,0.10896,0.014096
519.4706976413727,0.11013,0.014085
519.5228157043457,0.11135,0.014114
519.5707471370697,0.11132,0.014053
519.6237185001373,0.11255,0.014088
519.6718425750732,0.11401,0.014069
519.7295436859131,0.11503,0.014111
519.7769818305969,0.11648,0.01408
519.8309216499329,0.11765,0.014073
519.8786926269531,0.11981,0.013996
519.9280564785004,0.12009,0.014203
519.9784805774689,0.12116,0.014136
520.031167268753,0.12237,0.014162
520.081465959549,0.12343,0.014113
520.1348304748535,0.12587,0.01409
520.1818804740906,0.12693,0.01401
520.238210439682,0.12823,0.014109
520.2839877605438,0.12815,0.014118
520.3379988670349,0.13073,0.014107
520.3857250213623,0.13079,0.014185
520.4398972988129,0.13163,0.014102
520.4869177341461,0.13312,0.014101
520.5367822647095,0.13415,0.013879
520.5891971588135,0.13633,0.014162
520.6398830413818,0.1374,0.01408
520.6909139156342,0.13764,0.013961
520.7423663139343,0.13876,0.014116
520.796056509018,0.13985,0.014227
520.8394167423248,0.14087,0.014179
520.8936185836792,0.14203,0.014094
520.9457919597626,0.14435,0.014279
520.9943964481354,0.14535,0.014143
521.0452148914337,0.14548,0.014174
521.098174571991,0.14649,0.014254
521.1468434333801,0.1476,0.014251
521.198216676712,0.14873,0.014333
521.2534482479095,0.15109,0.014211
521.3021144866943,0.15103,0.014232
521.3557167053223,0.15213,0.014099
521.4051468372345,0.15304,0.014173
521.4572601318359,0.15432,0.014203
521.5044963359833,0.15539,0.014039
521.5559120178223,0.15652,0.014177
521.6067705154419,0.15756,0.014115
521.6621477603912,0.15871,0.014129
521.7112896442413,0.15979,0.014152
521.7605803012848,0.16089,0.014092
521.8106758594513,0.16192,0.01431
521.8650867938995,0.16409,0.014201
521.9134185314178,0.16511,0.014289
521.9664115905762,0.16521,0.014215
522.0219392776489,0.16639,0.014241
522.0711185932159,0.16748,0.014197
522.1203329563141,0.16956,0.01408
522.1714549064636,0.16937,0.014183
522.2211875915527,0.17073,0.01432
522.2737956047058,0.17168,0.014119
522.3228585720062,0.17284,0.01418
522.3739945888519,0.17377,0.01418
522.4273290634155,0.17493,0.01408
522.4748051166534,0.17585,0.014159
522.5276293754578,0.17699,0.014125
522.5780303478241,0.17807,0.014096
522.628669500351,0.17929,0.014221
522.6788868904114,0.18016,0.013973
522.7312934398651,0.18132,0.014105
522.7827432155609,0.1822,0.014029
522.8312892913818,0.1834,0.014088
522.8813223838806,0.18428,0.014102
522.9331283569336,0.18536,0.014136
522.9830586910248,0.18648,0.014298
523.0337648391724,0.18732,0.01416
523.0845067501068,0.18751,0.014069
523.1397089958191,0.18973,0.014124
523.1865031719208,0.19063,0.014127
523.2400541305542,0.19184,0.014109
523.2878661155701,0.19255,0.014015
523.3422162532806,0.19367,0.014085
523.3911833763123,0.19485,0.014059
523.4398748874664,0.19685,0.014215
523.4900805950165,0.19681,0.014199
523.5461282730103,0.19776,0.014058
523.5961675643921,0.19893,0.014084
523.6418399810791,0.19991,0.01414
523.6961789131165,0.201,0.014127
523.7456386089325,0.20112,0.014181
523.7993309497833,0.20292,0.014147
523.8473570346832,0.20373,0.014186
523.8984341621399,0.20496,0.014168
523.9483230113983,0.20608,0.014123
524.001816034317,0.20611,0.014173
524.0508253574371,0.20704,0.014188
524.1022891998291,0.20816,0.014155
524.1517276763916,0.21011,0.014191
524.2056746482849,0.21108,0.01403
524.2523467540741,0.21225,0.014203
524.3033714294434,0.21233,0.014152
524.357183933258,0.21407,0.01408
524.409250497818,0.21425,0.014162
524.4601144790649,0.21517,0.014219
524.5075867176056,0.21713,0.014176
524.5572285652161,0.21829,0.014095
524.6059374809265,0.21837,0.014138
524.6620047092438,0.2192,0.01424
524.7134935855865,0.22021,0.014204
524.7659316062927,0.22215,0.014246
524.8151218891144,0.22337,0.014256
524.8642768859863,0.22448,0.014274
524.9153623580933,0.22527,0.014228
524.964004278183,0.22631,0.0142
525.0132074356079,0.22647,0.014194
525.0635416507721,0.22719,0.014129
525.1153123378754,0.22944,0.014234
525.1666369438171,0.23037,0.014206
525.2147288322449,0.23129,0.014188
525.2652792930603,0.23237,0.014259
525.3163425922394,0.23329,0.014195
525.3651595115662,0.23329,0.014125
525.4145352840424,0.23433,0.014179
525.4656374454498,0.23652,0.014249
525.5159454345703,0.23732,0.014199
525.5674867630005,0.23831,0.014287
525.6202025413513,0.23831,0.014179
525.6703746318817,0.2394,0.01429
525.7210826873779,0.24044,0.014244
525.769767999649,0.24149,0.014123
525.8164038658142,0.24228,0.014289
525.8726155757904,0.24432,0.014188
525.9209887981415,0.24536,0.014173
525.9696419239044,0.24532,0.014237
526.0220258235931,0.24645,0.014153
526.076033115387,0.24717,0.014148
526.122985124588,0.24845,0.014097
526.176923751831,0.25021,0.014161
526.2271366119385,0.25029,0.014112
526.2755396366119,0.25141,0.014105
526.3253355026245,0.25237,0.014052
526.3748559951782,0.25328,0.014284
526.4284865856171,0.25437,0.014181
526.4761626720428,0.25519,0.014201
526.5277869701385,0.25633,0.014029
526.5783739089966,0.2572,0.014168
526.6297373771667,0.25825,0.014036
526.6753494739532,0.25921,0.014161
526.7306761741638,0.26019,0.014175
526.7767581939697,0.26117,0.014193
526.8315570354462,0.26223,0.014198
526.8794071674347,0.2632,0.014207
526.934906244278,0.26415,0.014123
526.9835362434387,0.26523,0.014242
527.0336558818817,0.26603,0.014159
527.0805852413177,0.26725,0.014007
527.1345210075378,0.26816,0.014081
527.1824460029602,0.26808,0.014183
527.2338991165161,0.26913,0.014167
527.2830607891083,0.27117,0.014266
527.3354263305664,0.27211,0.014184
527.3867602348328,0.27325,0.014182
527.434727191925,0.27415,0.014214
527.4821014404297,0.27511,0.014219
527.5345420837402,0.27607,0.014212
527.5861811637878,0.27696,0.01419
527.6358022689819,0.27704,0.014137
527.6884820461273,0.27904,0.014201
527.736720085144,0.28016,0.0141
527.788179397583,0.281,0.014233
527.8355884552002,0.28221,0.01427
527.887238740921,0.28277,0.014087
527.9358236789703,0.28299,0.014202
527.9881494045258,0.28389,0.014289
528.0391030311584,0.28513,0.014249
528.0890324115753,0.28696,0.014195
528.1381487846375,0.28804,0.014166
528.189569234848,0.28884,0.014224
528.2404880523682,0.28889,0.0142
528.2893199920654,0.28984,0.01421
528.3432765007019,0.29091,0.014185
528.3893527984619,0.29184,0.014216
528.44273686409,0.29391,0.014265
528.4900352954865,0.29479,0.01421
528.5431220531464,0.29575,0.014161
528.5957908630371,0.29573,0.014232
528.6444931030273,0.29673,0.014251
528.6945242881775,0.29781,0.014151
528.7472276687622,0.29879,0.014153
528.7999649047852,0.30084,0.014189
528.848242521286,0.30139,0.014035
528.8976361751556,0.30161,0.014121
528.9512822628021,0.3026,0.014146
529.0009109973907,0.30416,0.014149
529.0502979755402,0.30635,0.014144
529.0995221138,0.30832,0.014185
529.1485443115234,0.037707,0.014192
529.1984441280365,0.038587,0.014111
529.2516422271729,0.038093,0.014224
529.3014214038849,0.040893,0.014213
529.347588300705,0.04376,0.014245
529.4022097587585,0.04668,0.0141
529.453102350235,0.049613,0.014167
529.5043678283691,0.052533,0.014206
529.5551650524139,0.055493,0.014143
529.604169845581,0.05856,0.014075
529.6591591835022,0.061253,0.014223
529.7105751037598,0.063907,0.014158
529.7615690231323,0.066667,0.014271
529.8107652664185,0.069707,0.014202
529.8592264652252,0.07248,0.014126
529.9121181964874,0.075013,0.014215
529.9590237140656,0.079453,0.014161
530.0109822750092,0.080573,0.014116
530.0634069442749,0.0834,0.014109
530.1095416545868,0.08608,0.014213
530.1583724021912,0.08892,0.014091
530.2109470367432,0.09156,0.014305
530.2605457305908,0.091667,0.014204
530.3105187416077,0.094827,0.014175
530.3652112483978,0.09616,0.014269
530.4172673225403,0.097387,0.014239
530.4652652740479,0.098467,0.014205
530.5172424316406,0.1,0.014167
530.565958738327,0.10123,0.014127
530.6178741455078,0.10241,0.01416
530.6660301685333,0.10365,0.014103
530.7216622829437,0.10504,0.014301
530.7673487663269,0.10612,0.014111
530.8175537586212,0.10791,0.014055
530.8684024810791,0.1088,0.014087
530.9186561107635,0.10887,0.014101
530.9680261611938,0.11116,0.014115
531.0240170955658,0.11241,0.014017
531.0743951797485,0.11376,0.014152
531.126428604126,0.11493,0.014186
531.1738872528076,0.1152,0.014135
531.224945306778,0.11635,0.01403
531.275625705719,0.11877,0.013945
531.3258361816406,0.11973,0.014048
531.3759169578552,0.121,0.014213
531.426013469696,0.12221,0.014252
531.481283903122,0.12343,0.01403
531.5289092063904,0.1246,0.014117
531.58021235466,0.12489,0.014076
531.638174533844,0.12687,0.014096
531.6862449645996,0.12808,0.014179
531.7372188568115,0.12935,0.014096
531.7857983112335,0.13045,0.014137
531.8374109268188,0.13165,0.01421
531.8882460594177,0.13181,0.014154
531.9380247592926,0.13285,0.014232
531.9894912242889,0.13515,0.014218
532.040949344635,0.13627,0.014113
532.0907118320465,0.13727,0.014149
532.1428534984589,0.1386,0.014153
532.1920895576477,0.13967,0.014121
532.2381122112274,0.14085,0.01416
532.2944641113281,0.14091,0.014205
532.3421847820282,0.14188,0.014175
532.3943696022034,0.14319,0.014092
532.4405159950256,0.14437,0.014171
532.4969758987427,0.14641,0.014249
532.5435564517975,0.14749,0.014166
532.5973927974701,0.14755,0.014224
532.6443755626678,0.14992,0.014205
532.6937384605408,0.14991,0.014243
532.7444853782654,0.15108,0.014207
532.7976610660553,0.15195,0.014229
532.8474380970001,0.15427,0.014165
532.896133184433,0.15528,0.014242
532.9484262466431,0.15533,0.014303
532.9972262382507,0.15668,0.014286
533.0463395118713,0.15757,0.014237
533.098893404007,0.15845,0.014222
533.1486809253693,0.16099,0.014129
533.1956870555878,0.161,0.014119
533.2454686164856,0.16173,0.014285
533.2969088554382,0.16289,0.014213
533.3482518196106,0.16413,0.014214
533.399199962616,0.16508,0.014129
533.4499716758728,0.16623,0.014256
533.4998097419739,0.16739,0.014159
533.5494029521942,0.16815,0.014188
533.6012682914734,0.16953,0.014098
533.6494917869568,0.17047,0.014137
533.7008647918701,0.17159,0.014122
533.749832868576,0.17247,0.014168
533.8043310642242,0.17369,0.014178
533.8526849746704,0.17503,0.014053
533.9014348983765,0.17587,0.01417
533.9508776664734,0.17696,0.01411
534.0045812129974,0.17784,0.014117
534.0536336898804,0.17892,0.014103
534.1021656990051,0.18,0.014124
534.157014131546,0.18103,0.014284
534.2064914703369,0.18213,0.014243
534.2592387199402,0.18224,0.01418
534.3074269294739,0.18437,0.014167
534.3549723625183,0.18544,0.014254
534.4080975055695,0.18641,0.014203
534.4617908000946,0.18744,0.014167
534.508885383606,0.18853,0.014223
534.5586495399475,0.18957,0.014078
534.6089417934418,0.19061,0.014242
534.663980960846,0.19145,0.014149
534.7129962444305,0.19175,0.014099
534.7612299919128,0.1928,0.014141
534.8129351139069,0.19477,0.014103
534.8635532855988,0.19572,0.014147
534.9121518135071,0.19673,0.014231
534.9645295143127,0.19781,0.014086
535.0176150798798,0.19761,0.014191
535.0645859241486,0.1988,0.014195
535.1172280311584,0.20063,0.014182
535.1680815219879,0.20185,0.01407
535.2200281620026,0.20279,0.014145
535.2651023864746,0.20373,0.014151
535.3154864311218,0.20399,0.014082
535.3676872253418,0.20485,0.014089
535.4170606136322,0.20711,0.014125
535.4669718742371,0.20712,0.014427
535.5247452259064,0.20801,0.014206
535.5726611614227,0.20904,0.014292
535.6235139369965,0.21099,0.014165
535.6725382804871,0.21203,0.014244
535.7270603179932,0.21203,0.014155
535.7760844230652,0.21416,0.014264
535.8253428936005,0.21503,0.014172
535.8740587234497,0.21507,0.014208
535.9326303005219,0.21607,0.014194
535.9783363342285,0.21719,0.014215
536.0307564735413,0.21917,0.01425
536.082946062088,0.2202,0.014268
536.1354832649231,0.22108,0.014231
536.1850621700287,0.22219,0.014241
536.231929063797,0.22247,0.014274
536.2830393314362,0.22305,0.014391
536.3311982154846,0.22429,0.014347
536.3856430053711,0.2252,0.01425
536.4356775283813,0.22627,0.014266
536.4821672439575,0.22709,0.014278
536.5355463027954,0.22917,0.014212
536.5863654613495,0.23028,0.014359
536.6358034610748,0.23036,0.014263
536.6847245693207,0.23129,0.014221
536.733359336853,0.23235,0.014219
536.7863433361053,0.23321,0.014236
536.8389573097229,0.23423,0.0143
536.8896012306213,0.23505,0.014235
536.9374001026154,0.23619,0.014229
536.987998008728,0.23704,0.014279
537.0367593765259,0.23928,0.014201
537.0882294178009,0.23921,0.01425
537.1420073509216,0.2402,0.014232
537.1916561126709,0.24127,0.014244
537.2456631660461,0.24217,0.0142
537.2943081855774,0.24332,0.014246
537.3458688259125,0.24403,0.01423
537.3954200744629,0.24519,0.014132
537.4456577301025,0.24715,0.014234
537.4942564964294,0.24725,0.014176
537.5455424785614,0.24824,0.014113
537.6016280651093,0.24921,0.014006
537.6509056091309,0.25023,0.014182
537.7010867595673,0.25107,0.01416
537.7528955936432,0.25105,0.014099
537.8028340339661,0.25329,0.014248
537.8532338142395,0.25424,0.014332
537.9035165309906,0.25511,0.014164
537.9529092311859,0.25515,0.014252
538.0041332244873,0.25712,0.014333
538.049976348877,0.25728,0.014253
538.1004841327667,0.25896,0.014108
538.1522135734558,0.26023,0.014112
538.2019293308258,0.26005,0.014244
538.251870393753,0.26205,0.014217
538.3059449195862,0.26308,0.014086
538.3566031455994,0.26409,0.014111
538.4053201675415,0.26411,0.014217
538.4548180103302,0.26505,0.014171
538.5041456222534,0.26617,0.014097
538.5591776371002,0.26805,0.014033
538.6107494831085,0.26876,0.014247
538.6609556674957,0.26996,0.01412
538.707766532898,0.27088,0.014117
538.7581038475037,0.27093,0.014259
538.8072011470795,0.27209,0.01427
538.8590178489685,0.27405,0.014213
538.9095678329468,0.27488,0.014259
538.9595100879669,0.27564,0.014198
539.0138740539551,0.2768,0.014236
539.0637924671173,0.27799,0.014215
539.1127903461456,0.27788,0.01413
539.1637794971466,0.27892,0.014197
539.2153251171112,0.28085,0.014312
539.2668380737305,0.28173,0.014346
539.3142342567444,0.28281,0.014184
539.3652672767639,0.28285,0.014175
539.4135463237762,0.28376,0.014213
539.4650382995605,0.28472,0.014144
539.5202758312225,0.28576,0.014236
539.569146156311,0.28769,0.014242
539.6197896003723,0.28775,0.01419
539.6685702800751,0.28972,0.01412
539.7194316387177,0.28989,0.014364
539.7693345546722,0.29079,0.014134
539.8182229995728,0.29165,0.014256
539.8694913387299,0.29272,0.014305
539.9195668697357,0.29372,0.014355
539.9679017066956,0.29471,0.014314
540.0182530879974,0.29577,0.014207
540.0721485614777,0.29644,0.014113
540.1208372116089,0.29763,0.014279
540.1756181716919,0.29941,0.014068
540.2221870422363,0.29937,0.01413
540.273754119873,0.30064,0.014224
540.3273196220398,0.30164,0.014187
540.3749520778656,0.3024,0.014115
540.4252560138702,0.30384,0.014057
540.4803187847137,0.30593,0.014066
540.5305640697479,0.30771,0.014186
540.5801932811737,0.30789,0.014295
540.628182888031,0.035707,0.014072
540.6761574745178,0.040573,0.014175
540.7290670871735,0.04048,0.014118
540.7796459197998,0.043547,0.014232
540.8306679725647,0.046133,0.01422
540.8806691169739,0.04916,0.014265
540.9301950931549,0.052173,0.014298
540.9810855388641,0.054853,0.014212
541.0327780246735,0.05792,0.014233
541.084888458252,0.06068,0.0142
541.1335682868958,0.063293,0.014288
541.1818459033966,0.066507,0.014139
541.2355031967163,0.069173,0.014248
541.2865355014801,0.071893,0.014218
541.3346211910248,0.071973,0.014202
541.3821983337402,0.07768,0.014215
541.4319381713867,0.08024,0.014169
541.4866511821747,0.080587,0.014145
541.5318641662598,0.083427,0.01405
541.5862109661102,0.0858,0.014105
541.6361215114594,0.091227,0.014257
541.686719417572,0.09336,0.014173
541.736184835434,0.094667,0.014165
541.7880492210388,0.095907,0.014128
541.8372707366943,0.097213,0.0141
541.8911473751068,0.097107,0.014106
541.9356698989868,0.098533,0.014143
541.9892861843109,0.10117,0.014174
542.0394775867462,0.10215,0.014156
542.089426279068,0.1034,0.014048
542.1399037837982,0.10363,0.014125
542.189341545105,0.10488,0.01416
542.2388350963593,0.10584,0.014058
542.2913341522217,0.10713,0.014261
542.3443610668182,0.10969,0.014074
542.3885962963104,0.11088,0.014002
542.4431164264679,0.11236,0.014154
542.493408203125,0.11232,0.014086
542.5448651313782,0.11353,0.014143
542.5978953838348,0.11488,0.014023
542.6469831466675,0.11589,0.013943
542.6957314014435,0.11708,0.014133
542.7478423118591,0.11831,0.014051
542.795648097992,0.12083,0.014101
542.8421597480774,0.12097,0.014037
542.8940591812134,0.12195,0.014119
542.9475078582764,0.12325,0.01414
542.9985952377319,0.12445,0.014079
543.0490553379059,0.12559,0.01414
543.0977458953857,0.12667,0.014189
543.1489953994751,0.12901,0.014163
543.1983349323273,0.12909,0.014133
543.2519743442535,0.13028,0.01408
543.301557302475,0.13163,0.014186
543.3525371551514,0.13265,0.014178
543.4045102596283,0.13392,0.014175
543.4497263431549,0.13487,0.014044
543.504585981369,0.13613,0.014114
543.5542933940887,0.13837,0.01402
543.6011428833008,0.13852,0.014128
543.6565520763397,0.13951,0.01393
543.7032721042633,0.14068,0.014166
543.7558164596558,0.14161,0.014172
543.8045799732208,0.14283,0.014187
543.8594455718994,0.1428,0.014103
543.9097113609314,0.14528,0.014134
543.9574065208435,0.14611,0.014167
544.0070147514343,0.14733,0.014242
544.0625190734863,0.14841,0.013968
544.1127688884735,0.14948,0.014137
544.1565036773682,0.15069,0.014298
544.2118611335754,0.15176,0.014273
544.2639129161835,0.15299,0.014072
544.3153505325317,0.15397,0.014215
544.3643946647644,0.15525,0.014334
544.4167342185974,0.15616,0.014132
544.4654881954193,0.15731,0.014237
544.5133850574493,0.15763,0.014238
544.5646817684174,0.15944,0.014281
544.6149454116821,0.16069,0.014271
544.6642694473267,0.16167,0.014315
544.7147569656372,0.16263,0.01423
544.7663960456848,0.16284,0.014176
544.817216873169,0.16489,0.014118
544.8714668750763,0.16595,0.014163
544.9186053276062,0.16728,0.014306
544.9657092094421,0.16804,0.014181
545.0200729370117,0.16928,0.0141
545.0705759525299,0.17045,0.014109
545.1190173625946,0.1704,0.014226
545.1738855838776,0.17157,0.014137
545.2203211784363,0.17248,0.014145
545.2714347839355,0.17339,0.014131
545.3242828845978,0.17557,0.01405
545.3725645542145,0.17675,0.014107
545.4237740039825,0.17707,0.013985
545.4695768356323,0.17773,0.014156
545.5231149196625,0.17871,0.0142
545.5734350681305,0.17969,0.014144
545.6228284835815,0.18183,0.014213
545.6747047901154,0.18301,0.014242
545.7275247573853,0.18299,0.014101
545.7759785652161,0.18389,0.014063
545.8254165649414,0.18508,0.014257
545.8778080940247,0.18711,0.014209
545.9252963066101,0.18803,0.014111
545.9768559932709,0.18823,0.014233
546.0308392047882,0.18945,0.01415
546.0796909332275,0.19031,0.014194
546.1279852390289,0.19131,0.014161
546.1807885169983,0.19251,0.014243
546.2292668819427,0.19335,0.014265
546.2801985740662,0.19453,0.014216
546.3312616348267,0.19557,0.014201
546.3779239654541,0.19753,0.014025
546.4299705028534,0.19759,0.014096
546.4791131019592,0.19868,0.014313
546.5311272144318,0.19951,0.014178
546.5807173252106,0.20055,0.014138
546.634872674942,0.2014,0.014163
546.6825520992279,0.20263,0.014157
546.7343969345093,0.20375,0.014223
546.784791469574,0.20463,0.014165
546.8383297920227,0.20572,0.014235
546.8863101005554,0.20684,0.014028
546.9384043216705,0.20767,0.014312
546.989732503891,0.20885,0.014064
547.0402865409851,0.20984,0.014191
547.0931932926178,0.21073,0.014188
547.1416857242584,0.21169,0.014158
547.1911678314209,0.21297,0.01433
547.2400417327881,0.21404,0.014136
547.2926008701324,0.21412,0.014379
547.342805147171,0.21576,0.014361
547.3897910118103,0.21695,0.014173
547.4474341869354,0.21789,0.014243
547.4956345558167,0.21901,0.014329
547.5462152957916,0.22009,0.014447
547.5971915721893,0.22084,0.014311
547.6486649513245,0.22195,0.014376
547.697812795639,0.22311,0.014389
547.7452774047852,0.22405,0.01437
547.8001055717468,0.22493,0.014347
547.8480458259583,0.22603,0.01436
547.9002311229706,0.22683,0.014239
547.9450929164886,0.22804,0.014253
547.9986419677734,0.22792,0.014299
548.0504326820374,0.23007,0.014282
548.0967965126038,0.22997,0.014341
548.1535127162933,0.23209,0.014321
548.2027316093445,0.23299,0.014383
548.2538955211639,0.23401,0.014399
548.3015024662018,0.23513,0.014358
548.3547265529633,0.236,0.014299
548.4024159908295,0.23609,0.014225
548.4512414932251,0.23785,0.014315
548.5030195713043,0.23803,0.01432
548.554372549057,0.23896,0.014283
548.6034548282623,0.23991,0.014264
548.6517789363861,0.24193,0.014282
548.7016718387604,0.24292,0.01428
548.75363945961,0.24317,0.014265
548.8040087223053,0.24397,0.014253
548.8553562164307,0.24513,0.014209
548.9058976173401,0.24605,0.014212
548.9559738636017,0.24787,0.01416
549.0058553218842,0.24879,0.014231
549.0549743175507,0.24987,0.014128
549.106575012207,0.25076,0.014257
549.15864777565,0.25092,0.014192
549.2088441848755,0.25192,0.014131
549.2554223537445,0.25291,0.014081
549.3105642795563,0.25384,0.014097
549.3593544960022,0.25495,0.014193
549.4117088317871,0.2568,0.014207
549.455983877182,0.25684,0.014242
549.5125684738159,0.25787,0.014225
549.5606608390808,0.25875,0.014195
549.6120901107788,0.25977,0.014312
549.6633417606354,0.26084,0.014252
549.7119433879852,0.26104,0.014129
549.762552022934,0.26384,0.01432
549.8146905899048,0.26367,0.014186
549.8640043735504,0.26503,0.01421
549.9179663658142,0.26573,0.014256
549.9659759998322,0.26676,0.014263
550.017156124115,0.26781,0.014232
550.0643455982208,0.2688,0.014357
550.1164720058441,0.26971,0.014191
550.1666970252991,0.27164,0.014285
550.2154257297516,0.27189,0.014398
550.2661602497101,0.27277,0.014346
550.3199009895325,0.27367,0.014429
550.3686451911926,0.27473,0.014403
550.4160025119781,0.27579,0.014384
550.4727342128754,0.27676,0.014427
550.5195217132568,0.27784,0.014407
550.5686626434326,0.27891,0.014353
550.6218824386597,0.27963,0.014427
550.6728270053864,0.28063,0.014435
550.7186436653137,0.28168,0.014465
550.773654460907,0.28357,0.014403
550.8260455131531,0.28392,0.014336
550.8736872673035,0.28453,0.014501
550.9225318431854,0.28565,0.014492
550.9747498035431,0.28661,0.014464
551.0268843173981,0.28659,0.014568
551.0740387439728,0.28845,0.014706
551.1247713565826,0.28868,0.014289
551.1745295524597,0.29049,0.014298
551.2263150215149,0.29156,0.014557
551.2780957221985,0.29255,0.014377
551.3323497772217,0.29339,0.014247
551.3792877197266,0.29357,0.014467
551.4317395687103,0.29451,0.014315
551.4823768138885,0.29641,0.014233
551.530709028244,0.29648,0.014313
551.5816040039062,0.29812,0.014391
551.6301896572113,0.29916,0.014244
551.6881737709045,0.29952,0.014283
551.7359383106232,0.30023,0.014179
551.7884569168091,0.30241,0.014245
551.834433555603,0.30335,0.014103
551.8875179290771,0.30556,0.014218
551.9362487792969,0.30756,0.014383
551.9862341880798,0.30749,0.014317
552.0380592346191,0.03532,0.01427
552.0888259410858,0.034453,0.014333
552.1350495815277,0.037187,0.014343
552.1868073940277,0.04288,0.014329
552.2373926639557,0.0458,0.014334
552.288408279419,0.045827,0.014359
552.3356230258942,0.048827,0.014357
552.3861970901489,0.052,0.014283
552.4411809444427,0.054547,0.014319
552.4887194633484,0.060053,0.014327
552.537636756897,0.063133,0.014401
552.5898995399475,0.063,0.014286
552.6391427516937,0.066027,0.014417
552.6894319057465,0.06888,0.014428
552.741949558258,0.071627,0.014437
552.7935545444489,0.076867,0.014257
552.8436229228973,0.077147,0.014434
552.8942744731903,0.079773,0.014404
552.9410378932953,0.082493,0.014244
552.9924688339233,0.085107,0.014214
553.0394153594971,0.088147,0.01424
553.0942032337189,0.090933,0.014165
553.1460962295532,0.093027,0.0144
553.1961431503296,0.09536,0.01426
553.2427198886871,0.09548,0.014087
553.2970852851868,0.096667,0.014288
553.3467366695404,0.09812,0.014211
553.3933753967285,0.099387,0.014268
553.4463624954224,0.10087,0.014053
553.4962029457092,0.10204,0.0142
553.5465807914734,0.10229,0.014042
553.5947825908661,0.10465,0.014135
553.6467661857605,0.10587,0.014097
553.6963882446289,0.10712,0.014183
553.7458853721619,0.10812,0.014022
553.7958567142487,0.10955,0.014099
553.8477976322174,0.11088,0.014134
553.9009008407593,0.11093,0.014145
553.9504137039185,0.11215,0.014178
553.999938249588,0.11452,0.014136
554.0523476600647,0.11573,0.014099
554.099390745163,0.11693,0.014126
554.1493217945099,0.11807,0.014122
554.1960325241089,0.11936,0.014104
554.254292011261,0.11919,0.014221
554.3003215789795,0.12171,0.014186
554.3540134429932,0.123,0.014148
554.4013369083405,0.12421,0.014278
554.4510712623596,0.12535,0.014202
554.5061810016632,0.12547,0.014163
554.5565054416656,0.12665,0.014159
554.6042926311493,0.12891,0.014145
554.6523921489716,0.13008,0.014083
554.702552318573,0.13125,0.014239
554.7528405189514,0.13244,0.014168
554.8056101799011,0.13255,0.014181
554.8545591831207,0.13461,0.014123
554.9062359333038,0.13465,0.014137
554.9554812908173,0.13585,0.014205
555.0060167312622,0.13821,0.013992
555.0581381320953,0.13937,0.01417
555.1096918582916,0.14045,0.014163
555.1567625999451,0.14152,0.014262
555.2087578773499,0.14167,0.014172
555.2584581375122,0.14381,0.014231
555.3101630210876,0.14489,0.014232
555.3589696884155,0.14503,0.014166
555.413015127182,0.14631,0.01413
555.4588739871979,0.14716,0.014243
555.5118093490601,0.14848,0.014228
555.56072473526,0.14949,0.014235
555.6116993427277,0.1518,0.01427
555.6636402606964,0.15173,0.014259
555.7117846012115,0.15291,0.014322
555.7668488025665,0.15371,0.014284
555.8153977394104,0.15495,0.014308
555.8639330863953,0.15609,0.014428
555.9165616035461,0.15711,0.014469
555.9664657115936,0.15817,0.014394
556.0170063972473,0.16057,0.014282
556.0656223297119,0.1604,0.014299
556.1152238845825,0.16151,0.014321
556.1653480529785,0.16265,0.014367
556.2170917987823,0.16363,0.014283
556.2665190696716,0.16459,0.014191
556.3136057853699,0.16579,0.014206
556.368843793869,0.16699,0.014321
556.415650844574,0.16811,0.014233
556.4680614471436,0.16916,0.014251
556.5197193622589,0.17017,0.014197
556.567221403122,0.17104,0.014107
556.6174881458282,0.17219,0.014239
556.6683413982391,0.17317,0.014203
556.7194421291351,0.17449,0.014125
556.7676749229431,0.17547,0.014189
556.8183834552765,0.17641,0.014086
556.8672873973846,0.17759,0.014119
556.9192371368408,0.17876,0.014156
556.971745967865,0.17967,0.014137
557.0209431648254,0.1808,0.014144
557.0727982521057,0.18068,0.014091
557.1225008964539,0.18197,0.0142
557.1744031906128,0.18396,0.014205
557.2212419509888,0.18488,0.014259
557.2707874774933,0.18599,0.014165
557.3226838111877,0.18687,0.014218
557.3728220462799,0.18804,0.013976
557.4234302043915,0.188,0.014112
557.475843667984,0.18903,0.01417
557.5229532718658,0.19031,0.014134
557.5723276138306,0.19225,0.014108
557.6220147609711,0.19236,0.014136
557.6736369132996,0.19424,0.014127
557.7259654998779,0.19429,0.014183
557.7765672206879,0.19543,0.014119
557.8245184421539,0.19627,0.014144
557.8769340515137,0.19728,0.014091
557.9258165359497,0.19949,0.014145
557.9767785072327,0.20043,0.014219
558.0356929302216,0.20072,0.014174
558.0810444355011,0.20133,0.014237
558.1343331336975,0.20255,0.014192
558.1869571208954,0.20363,0.014059
558.2343032360077,0.2046,0.014189
558.2858035564423,0.20659,0.014196
558.3359344005585,0.20779,0.014133
558.3833522796631,0.20792,0.014184
558.4361925125122,0.20865,0.014348
558.4878406524658,0.20964,0.014339
558.5368165969849,0.21092,0.014255
558.5844140052795,0.21164,0.014481
558.6372969150543,0.21368,0.014431
558.6923246383667,0.21381,0.014436
558.7388515472412,0.21464,0.014493
558.7878654003143,0.2156,0.014383
558.8433125019073,0.21668,0.014382
558.8944664001465,0.21781,0.014398
558.9430146217346,0.21996,0.014575
558.9933795928955,0.22076,0.014474
559.0437576770782,0.22076,0.014542
559.0971124172211,0.22179,0.014541
559.1429064273834,0.22279,0.014529
559.1976239681244,0.22388,0.014508
559.2476119995117,0.22381,0.014511
559.2989156246185,0.2258,0.014388
559.3483498096466,0.2278,0.014438
559.3951771259308,0.22788,0.014394
559.4471354484558,0.22895,0.014476
559.498868227005,0.22989,0.014379
559.5489733219147,0.23001,0.014406
559.5990071296692,0.23089,0.014304
559.6495878696442,0.23315,0.014315
559.696121931076,0.23391,0.014384
559.7521562576294,0.23503,0.014347
559.7984158992767,0.23591,0.014362
559.8541793823242,0.23668,0.01426
559.9053094387054,0.2378,0.014293
559.9515466690063,0.23789,0.01425
560.0035462379456,0.23996,0.014253
560.0504693984985,0.24077,0.014334
560.1042745113373,0.24177,0.014191
560.1558864116669,0.24281,0.01425
560.2026777267456,0.24367,0.014262
560.2598736286163,0.24383,0.014186
560.3087196350098,0.24493,0.01422
560.3597152233124,0.24675,0.014266
560.4081711769104,0.2476,0.014171
560.4597651958466,0.24869,0.014127
560.5109465122223,0.24981,0.014124
560.5585694313049,0.25057,0.014214
560.6113772392273,0.25087,0.014149
560.6599397659302,0.25276,0.014273
560.7117254734039,0.25288,0.01415
560.7640085220337,0.25475,0.014111
560.8125495910645,0.25492,0.014121
560.8632109165192,0.25584,0.014213
560.9110691547394,0.25661,0.014223
560.9600193500519,0.25779,0.014087
561.0128951072693,0.25975,0.01416
561.0621874332428,0.26051,0.014198
561.1122188568115,0.2616,0.014301
561.1644198894501,0.26244,0.014264
561.2130670547485,0.26261,0.014359
561.2720165252686,0.26361,0.014224
561.3220963478088,0.26456,0.0142
561.3718738555908,0.2654,0.014257
561.4173486232758,0.26764,0.014342
561.4720115661621,0.26867,0.014311
561.5248508453369,0.2696,0.014328
561.5767097473145,0.27061,0.014316
561.6262955665588,0.27067,0.01441
561.6734912395477,0.2716,0.014329
561.7243194580078,0.27248,0.014465
561.7770636081696,0.27349,0.014485
561.8229968547821,0.27567,0.01437
561.8761262893677,0.27565,0.014564
561.9256174564362,0.27657,0.014441
561.9829561710358,0.27853,0.014393
562.0335698127747,0.27853,0.014564
562.0829911231995,0.27956,0.014561
562.1339633464813,0.28145,0.01464
562.1826088428497,0.28229,0.014546
562.232878446579,0.28247,0.014553
562.2822961807251,0.28369,0.014572
562.3342735767365,0.28436,0.014532
562.3839221000671,0.28521,0.014485
562.4342608451843,0.28636,0.014455
562.4825947284698,0.2874,0.014381
562.5324878692627,0.28928,0.014469
562.5883252620697,0.28933,0.014399
562.6364550590515,0.29045,0.014495
562.6861443519592,0.29141,0.01437
562.7388024330139,0.29227,0.014428
562.78435754776,0.29345,0.014435
562.8367204666138,0.29543,0.014267
562.8857042789459,0.29535,0.014377
562.9363265037537,0.29671,0.014368
562.9868519306183,0.29735,0.014293
563.034765958786,0.29811,0.01439
563.0874090194702,0.29923,0.014283
563.1349096298218,0.30031,0.014376
563.1888680458069,0.30123,0.014219
563.238763332367,0.30209,0.014242
563.2938842773438,0.30305,0.014166
563.3412134647369,0.30505,0.014189
563.392256975174,0.30711,0.014208
563.4406583309174,0.0336,0.014324
563.4928750991821,0.034573,0.014127
563.5412726402283,0.0368,0.014247
563.5892331600189,0.039347,0.014354
563.6490285396576,0.042547,0.014277
563.6996176242828,0.045347,0.01422
563.7467575073242,0.048293,0.014295
563.8009288311005,0.048267,0.014353
563.847704410553,0.054013,0.01424
563.8995187282562,0.05696,0.014281
563.9471046924591,0.059933,0.014315
563.9996309280396,0.062573,0.01448
564.0508811473846,0.06544,0.014389
564.0981047153473,0.068347,0.014531
564.1499392986298,0.068173,0.014044
564.1998143196106,0.0738,0.014125
564.2504549026489,0.076707,0.014552
564.2977476119995,0.07672,0.014322
564.3535690307617,0.082053,0.014325
564.4021818637848,0.08488,0.014345
564.4513940811157,0.085027,0.014269
564.5043230056763,0.087613,0.014321
564.5533440113068,0.092773,0.014271
564.6015787124634,0.094133,0.014286
564.6490397453308,0.095427,0.014393
564.6995451450348,0.095347,0.014359
564.7526016235352,0.09676,0.014161
564.8022015094757,0.097933,0.01429
564.8506965637207,0.09924,0.014089
564.9012706279755,0.10171,0.014305
564.9552195072174,0.10164,0.014171
565.0030226707458,0.10453,0.014209
565.0489761829376,0.10433,0.014186
565.1048114299774,0.10565,0.014089
565.1559245586395,0.10681,0.014132
565.2049071788788,0.10827,0.014093
565.2564508914948,0.11055,0.01408
565.3064570426941,0.11185,0.014124
565.3553922176361,0.11297,0.014083
565.4081797599792,0.11275,0.014069
565.4557011127472,0.11424,0.01413
565.5047175884247,0.11552,0.014078
565.558251619339,0.11671,0.014095
565.6087548732758,0.117,0.014132
565.6559672355652,0.12033,0.014354
565.7070729732513,0.12035,0.01413
565.7597179412842,0.12165,0.014148
565.8090467453003,0.12257,0.014102
565.8582189083099,0.12381,0.014212
565.9115223884583,0.12496,0.014075
565.9595153331757,0.12631,0.014132
566.0096120834351,0.12747,0.014189
566.06059217453,0.12872,0.014198
566.1130316257477,0.12991,0.014052
566.1622216701508,0.13093,0.014246
566.2141466140747,0.13216,0.014188
566.2622168064117,0.13351,0.014137
566.3140659332275,0.13452,0.014094
566.3635449409485,0.13441,0.014146
566.4141893386841,0.13695,0.014176
566.4644289016724,0.138,0.014221
566.516042470932,0.13907,0.014138
566.5624368190765,0.14015,0.014191
566.615626335144,0.14151,0.014228
566.6653680801392,0.14147,0.014241
566.7150011062622,0.14267,0.014205
566.7633972167969,0.14372,0.014325
566.8183672428131,0.14481,0.01403
566.8673415184021,0.14596,0.014291
566.9186360836029,0.14795,0.014214
566.9689831733704,0.14903,0.014387
567.0208382606506,0.15033,0.014284
567.0708346366882,0.15031,0.014368
567.1193120479584,0.15265,0.014375
567.1685655117035,0.1524,0.014388
567.220273733139,0.15509,0.014437
567.2704539299011,0.15591,0.014366
567.3212354183197,0.15707,0.014382
567.3676466941833,0.15703,0.014387
567.4209957122803,0.15819,0.014343
567.4706864356995,0.15929,0.014378
567.5200271606445,0.16033,0.014469
567.5700283050537,0.16133,0.014522
567.6220443248749,0.16247,0.014462
567.6692199707031,0.16455,0.014423
567.7202324867249,0.16464,0.014296
567.7719705104828,0.16567,0.014331
567.8212068080902,0.16689,0.01422
567.8745753765106,0.16796,0.014277
567.9246146678925,0.169,0.014215
567.9769339561462,0.17109,0.014138
568.0270187854767,0.17127,0.014282
568.0768692493439,0.17221,0.014066
568.1252882480621,0.17328,0.014075
568.1752302646637,0.17425,0.014222
568.2270083427429,0.17533,0.014106
568.2794089317322,0.17735,0.014089
568.3260896205902,0.17763,0.014071
568.3823735713959,0.17875,0.014198
568.4353473186493,0.17972,0.014137
568.4891085624695,0.18071,0.014116
568.537519454956,0.18081,0.014149
568.5882980823517,0.18387,0.014047
568.6345303058624,0.184,0.014331
568.6935300827026,0.18464,0.013958
568.740930557251,0.18609,0.014107
568.7936987876892,0.18696,0.014163
568.8429927825928,0.188,0.014171
568.8993430137634,0.18901,0.014233
568.948920249939,0.19011,0.014225
568.9981265068054,0.19233,0.014169
569.0527956485748,0.19323,0.014346
569.1029393672943,0.19423,0.014289
569.1524353027344,0.19528,0.014171
569.1992554664612,0.19628,0.014121
569.2480664253235,0.19644,0.014152
569.3083176612854,0.19727,0.01395
569.3556144237518,0.19948,0.014126
569.4034779071808,0.19943,0.014348
569.4539923667908,0.2004,0.014221
569.5059177875519,0.20132,0.014181
569.554224729538,0.20257,0.014298
569.6116490364075,0.20344,0.014228
569.6559777259827,0.20448,0.014246
569.7103731632233,0.20547,0.014169
569.7599284648895,0.20651,0.014256
569.8109061717987,0.20749,0.014234
569.8628854751587,0.2086,0.014282
569.9187612533569,0.20949,0.014311
569.9645795822144,0.21063,0.014299
570.018390417099,0.21147,0.014469
570.0650928020477,0.21263,0.014519
570.1195657253265,0.21357,0.014535
570.1656007766724,0.21453,0.014509
570.2175304889679,0.21576,0.014537
570.2709774971008,0.21669,0.014467
570.3204247951508,0.21747,0.014493
570.3741195201874,0.21859,0.014678
570.421226978302,0.21976,0.014531
570.4728968143463,0.22067,0.014747
570.5237846374512,0.22173,0.014553
570.5703744888306,0.22163,0.014382
570.621376991272,0.22373,0.014538
570.673620223999,0.22471,0.014383
570.7231941223145,0.22561,0.014533
570.7725768089294,0.22672,0.014493
570.8232431411743,0.22789,0.014458
570.8739938735962,0.22877,0.014479
570.9232876300812,0.22855,0.014449
570.9751491546631,0.23087,0.014473
571.0221581459045,0.23184,0.014387
571.0747933387756,0.23277,0.014361
571.125020980835,0.23375,0.014331
571.1785247325897,0.23485,0.014275
571.2288076877594,0.2358,0.014357
571.2783329486847,0.23581,0.014274
571.3324556350708,0.23681,0.014318
571.3800249099731,0.23872,0.014326
571.4313085079193,0.23971,0.014311
571.4810783863068,0.24064,0.014281
571.5381810665131,0.24161,0.014161
571.5884668827057,0.2426,0.01421
571.6346552371979,0.24349,0.014328
571.6886456012726,0.24396,0.014254
571.7366323471069,0.24465,0.014024
571.7907044887543,0.24585,0.014232
571.8393895626068,0.24779,0.014178
571.8905889987946,0.24865,0.014217
571.9404039382935,0.24979,0.014316
571.9914519786835,0.25073,0.014268
572.0409286022186,0.25153,0.014201
572.0894794464111,0.25263,0.014121
572.1448385715485,0.25369,0.014007
572.1929631233215,0.25368,0.014207
572.2453835010529,0.25469,0.014131
572.2942802906036,0.25676,0.01423
572.3473603725433,0.2576,0.014196
572.3990552425385,0.25855,0.014277
572.4468166828156,0.25976,0.014137
572.4943420886993,0.25993,0.014179
572.5517237186432,0.26159,0.014221
572.6034049987793,0.26267,0.014296
572.6513102054596,0.26364,0.014265
572.7042241096497,0.26365,0.014259
572.7514491081238,0.2646,0.014126
572.8022756576538,0.26563,0.01435
572.8529291152954,0.26769,0.014351
572.9057595729828,0.26864,0.014379
572.9539246559143,0.26867,0.014343
573.004058599472,0.26953,0.014673
573.0560305118561,0.27047,0.014538
573.1029245853424,0.27255,0.014539
573.1607553958893,0.27356,0.014559
573.2102768421173,0.27443,0.014645
573.2618041038513,0.27543,0.014673
573.310301065445,0.27565,0.014711
573.36234998703,0.27645,0.014495
573.4115221500397,0.27852,0.014629
573.4613709449768,0.27839,0.01467
573.5111262798309,0.27964,0.014706
573.5642330646515,0.28139,0.014762
573.6122252941132,0.28156,0.014576
573.6630568504333,0.28355,0.014396
573.7141172885895,0.28371,0.014589
573.7643446922302,0.28435,0.014575
573.8152508735657,0.28551,0.01463
573.8689920902252,0.28639,0.014499
573.9165222644806,0.28757,0.0146
573.9712307453156,0.28835,0.014495
574.022693157196,0.28956,0.014632
574.0689034461975,0.29044,0.014511
574.1230821609497,0.29133,0.014548
574.1757299900055,0.29227,0.014442
574.2239253520966,0.29323,0.014283
574.272213935852,0.29405,0.014265
574.3258378505707,0.29541,0.014286
574.3726508617401,0.29721,0.014247
574.4297227859497,0.29732,0.014328
574.479772567749,0.29815,0.014366
574.5318558216095,0.29929,0.014188
574.5799202919006,0.30111,0.014257
574.6305406093597,0.30117,0.014231
574.68257188797,0.30209,0.014213
574.7312753200531,0.30309,0.014237
574.7794406414032,0.30507,0.014247
574.830864906311,0.30684,0.014257
574.8826293945312,0.03616,0.014146
574.9314188957214,0.033813,0.014171
574.9827780723572,0.036267,0.014356
575.0331599712372,0.03928,0.01442
575.0866222381592,0.04204,0.014328
575.1340124607086,0.045293,0.014262
575.1858127117157,0.045173,0.014299
575.2348325252533,0.050893,0.01426
575.2865312099457,0.053827,0.014322
575.3400537967682,0.05664,0.014313
575.3865478038788,0.059707,0.014311
575.4365439414978,0.062387,0.014376
575.4895370006561,0.06528,0.014412
575.5387365818024,0.068067,0.014462
575.5901000499725,0.070853,0.01455
575.6412742137909,0.07356,0.014386
575.6868033409119,0.073547,0.014424
575.7389631271362,0.076507,0.014497
575.7922568321228,0.081827,0.014477
575.8397562503815,0.0846,0.014447
575.8928914070129,0.08728,0.014386
575.9416038990021,0.088827,0.014292
575.9922070503235,0.09272,0.014296
576.0399589538574,0.0938,0.01436
576.0936224460602,0.095293,0.014364
576.1441628932953,0.095347,0.014251
576.1954071521759,0.09676,0.014299
576.2431726455688,0.099253,0.014159
576.2949967384338,0.10052,0.014125
576.3433880805969,0.10176,0.014236
576.3950161933899,0.103,0.014125
576.446738243103,0.10316,0.014154
576.4930217266083,0.10445,0.014009
576.5489544868469,0.10563,0.014088
576.5963253974915,0.10677,0.014091
576.6521978378296,0.10911,0.014111
576.7044730186462,0.11057,0.014094
576.7509524822235,0.11176,0.014159
576.8017432689667,0.11209,0.014135
576.853963136673,0.113,0.014129
576.9037721157074,0.11409,0.014179
576.9519062042236,0.11548,0.014123
577.005535364151,0.11665,0.014072
577.0544021129608,0.11911,0.014007
577.1037542819977,0.12037,0.014098
577.1535522937775,0.12039,0.014115
577.2049202919006,0.1216,0.014174
577.2554202079773,0.12267,0.014128
577.3031601905823,0.1252,0.014124
577.3541126251221,0.12527,0.014236
577.4059617519379,0.12639,0.01424
577.4542601108551,0.12752,0.014213
577.5075287818909,0.1286,0.014168
577.557626247406,0.12997,0.014154
577.6128602027893,0.13108,0.014117
577.6633822917938,0.13329,0.014078
577.709552526474,0.13341,0.01413
577.7642216682434,0.13443,0.014133
577.8129043579102,0.13559,0.014078
577.8619453907013,0.13675,0.014237
577.9121522903442,0.13799,0.014188
577.9660723209381,0.13932,0.014252
578.0158004760742,0.14127,0.014218
578.0672523975372,0.14148,0.014215
578.116881608963,0.14255,0.014302
578.1654331684113,0.14343,0.01425
578.2177383899689,0.14477,0.014392
578.2658522129059,0.14499,0.014379
578.3151340484619,0.14699,0.01435
578.36656498909,0.14781,0.01447
578.4160935878754,0.14929,0.014461
578.4618449211121,0.15057,0.014262
578.5168721675873,0.15151,0.014418
578.5678734779358,0.15236,0.014501
578.6159427165985,0.1528,0.014517
578.671226978302,0.15475,0.014417
578.7191615104675,0.15483,0.014481
578.7698414325714,0.15683,0.014524
578.8189282417297,0.15691,0.014581
578.869975566864,0.15905,0.014496
578.9168808460236,0.16008,0.014454
578.975822687149,0.16131,0.014517
579.023229598999,0.16239,0.014419
579.0750951766968,0.16341,0.014398
579.1252839565277,0.16343,0.01446
579.1808083057404,0.16533,0.014319
579.227507352829,0.16667,0.01427
579.2812194824219,0.16757,0.014102
579.3293182849884,0.16865,0.01428
579.3798551559448,0.16891,0.014225
579.4345262050629,0.17101,0.014217
579.4819090366364,0.17116,0.01411
579.5322079658508,0.17201,0.014062
579.5824406147003,0.17403,0.01418
579.6347703933716,0.17524,0.013931
579.6817445755005,0.17613,0.014207
579.7357978820801,0.17728,0.014097
579.7847573757172,0.1774,0.014073
579.8325333595276,0.17851,0.014081
579.8850340843201,0.17961,0.014028
579.9313728809357,0.18169,0.014081
579.986789226532,0.18259,0.013997
580.0345425605774,0.18364,0.014141
580.0885508060455,0.18463,0.013996
580.1388046741486,0.1856,0.014129
580.1902778148651,0.18681,0.014035
580.2420196533203,0.18679,0.014049
580.2923448085785,0.18785,0.014161
580.3389463424683,0.19001,0.01415
580.3901824951172,0.19097,0.014143
580.4384658336639,0.19193,0.014179
580.4914455413818,0.19193,0.014118
580.5379993915558,0.19388,0.014249
580.5941350460052,0.19417,0.014281
580.6463503837585,0.19524,0.014271
580.6911690235138,0.19623,0.014178
580.74458527565,0.19731,0.014121
580.7964115142822,0.19817,0.014256
580.8431150913239,0.20017,0.01424
580.8950157165527,0.20123,0.014251
580.9455089569092,0.20139,0.014176
580.9985344409943,0.20243,0.014296
581.0479707717896,0.20343,0.014286
581.1012213230133,0.20432,0.014297
581.1485686302185,0.20523,0.01425
581.2000889778137,0.20649,0.014309
581.2524425983429,0.20841,0.014337
581.2992870807648,0.20949,0.014379
581.3487145900726,0.20945,0.014457
581.4011590480804,0.21044,0.014425
581.449803352356,0.21155,0.014438
581.5019860267639,0.2124,0.014498
581.5513727664948,0.21316,0.014533
581.6032915115356,0.21441,0.014573
581.6578221321106,0.21548,0.01467
581.7057099342346,0.2166,0.014621
581.757034778595,0.21753,0.014705
581.8069062232971,0.21847,0.014693
581.857913017273,0.21973,0.014702
581.9108123779297,0.22065,0.014788
581.9597659111023,0.2216,0.014693
582.0082566738129,0.22261,0.014634
582.0604627132416,0.22365,0.014701
582.1077728271484,0.22467,0.014785
582.159345626831,0.22561,0.014597
582.2085819244385,0.22672,0.014497
582.2607614994049,0.22763,0.014375
582.3110988140106,0.2276,0.014508
582.3610060214996,0.22864,0.014615
582.4153919219971,0.23065,0.01427
582.4631114006042,0.23164,0.014288
582.5130488872528,0.23253,0.014286
582.563330411911,0.23363,0.014324
582.614723443985,0.23451,0.014247
582.6664192676544,0.23549,0.014288
582.71542096138,0.23565,0.014337
582.7634346485138,0.23767,0.014377
582.8151655197144,0.23869,0.014178
582.8655896186829,0.2396,0.01417
582.9145817756653,0.24068,0.014206
582.965785741806,0.24164,0.014295
583.0135407447815,0.2426,0.014225
583.064352273941,0.24357,0.014235
583.1155660152435,0.24356,0.014186
583.1696209907532,0.24556,0.014284
583.2184512615204,0.24657,0.014248
583.2672033309937,0.24735,0.014217
583.3185012340546,0.24856,0.014264
583.3702685832977,0.2496,0.014217
583.4196572303772,0.25061,0.014272
583.4693503379822,0.25041,0.014106
583.5176103115082,0.25153,0.014228
583.5664775371552,0.2524,0.014178
583.6195998191833,0.25343,0.014264
583.6683497428894,0.25557,0.014325
583.7203855514526,0.25656,0.014256
583.76886677742,0.25647,0.01425
583.8202891349792,0.25756,0.014245
583.8700342178345,0.25864,0.014173
583.9206275939941,0.25961,0.014308
583.9714078903198,0.26037,0.014336
584.0202920436859,0.26153,0.014379
584.0739142894745,0.26251,0.014261
584.1237661838531,0.26441,0.014232
584.1760439872742,0.26545,0.014314
584.2221813201904,0.26556,0.014335
584.273649930954,0.26659,0.014401
584.3231947422028,0.26743,0.014435
584.3776957988739,0.26841,0.014522
584.4277176856995,0.26967,0.014532
584.4753615856171,0.27044,0.014499
584.5317170619965,0.27156,0.014899
584.5835723876953,0.27355,0.014795
584.6351585388184,0.27329,0.01495
584.6848297119141,0.27435,0.014811
584.7328462600708,0.27544,0.014758
584.7801427841187,0.27635,0.015095
584.8329658508301,0.27756,0.014908
584.8838551044464,0.27843,0.014912
584.9333827495575,0.27927,0.014853
584.9802281856537,0.28028,0.014724
585.0316004753113,0.28128,0.014993
585.085081577301,0.28137,0.014752
585.1340322494507,0.28336,0.014896
585.1825184822083,0.28429,0.014569
585.236261844635,0.28533,0.014563
585.2860441207886,0.28612,0.014702
585.3360850811005,0.28712,0.014612
585.3848507404327,0.28803,0.014507
585.4365770816803,0.28916,0.014478
585.4878141880035,0.29029,0.014425
585.544821023941,0.29116,0.014355
585.5920743942261,0.2922,0.014432
585.6437542438507,0.29309,0.014427
585.695629119873,0.29429,0.014256
585.7486057281494,0.29512,0.014391
585.7964959144592,0.29613,0.014244
585.8467662334442,0.2972,0.014359
585.8976993560791,0.29813,0.014338
585.9510638713837,0.2992,0.014254
585.9972422122955,0.30004,0.013797
586.0510334968567,0.30016,0.014285
586.1008870601654,0.30192,0.014235
586.1477384567261,0.30287,0.014367
586.2008390426636,0.3046,0.01439
586.2506647109985,0.30671,0.014235
586.3022708892822,0.033733,0.014207
586.3514003753662,0.03416,0.014201
586.401528596878,0.035947,0.014529
586.4497215747833,0.035693,0.014444
586.5053670406342,0.038667,0.014381
586.5551011562347,0.044613,0.014389
586.6040413379669,0.047533,0.014335
586.6528460979462,0.050427,0.014363
586.703875541687,0.05312,0.014474
586.7575571537018,0.053493,0.014391
586.8053374290466,0.059053,0.014393
586.8570919036865,0.059293,0.014359
586.9048023223877,0.061827,0.014525
586.9594943523407,0.064853,0.014514
587.0075097084045,0.06752,0.014568
587.0587532520294,0.07312,0.014483
587.1106679439545,0.073267,0.014523
587.1609530448914,0.07604,0.01447
587.2101674079895,0.08128,0.014512
587.2617347240448,0.081133,0.014426
587.3057477474213,0.084267,0.014403
587.3606450557709,0.086773,0.014525
587.4132494926453,0.09224,0.014457
587.4588356018066,0.093733,0.014361
587.5151176452637,0.09488,0.014281
587.5635349750519,0.095187,0.014348
587.6108801364899,0.09624,0.014238
587.6623167991638,0.097627,0.014305
587.7117619514465,0.09892,0.014271
587.7619755268097,0.10152,0.014229
587.8166832923889,0.10177,0.014234
587.8678293228149,0.10284,0.014155
587.9170868396759,0.10419,0.014136
587.9638407230377,0.1056,0.014099
588.014226436615,0.10673,0.014055
588.0670607089996,0.10785,0.014129
588.1155252456665,0.10804,0.014125
588.1661400794983,0.11044,0.014182
588.2171106338501,0.11167,0.013954
588.2668414115906,0.11296,0.013991
588.3171322345734,0.11428,0.014113
588.3665428161621,0.11529,0.014174
588.417581319809,0.11653,0.014071
588.4694128036499,0.11783,0.01407
588.5182857513428,0.11877,0.014075
588.5692043304443,0.11893,0.013912
588.6198017597198,0.12249,0.014237
588.6692378520966,0.12241,0.014166
588.7219791412354,0.12372,0.014139
588.7739906311035,0.12481,0.014183
588.8208725452423,0.12607,0.014064
588.8718070983887,0.12725,0.014183
588.9228956699371,0.12728,0.014135
588.9717674255371,0.12843,0.014145
589.0236577987671,0.13068,0.014234
589.0721905231476,0.13197,0.01412
589.122077703476,0.13315,0.01408
589.1739776134491,0.13336,0.014038
589.2284650802612,0.13419,0.014087
589.2755572795868,0.13537,0.014226
589.324277639389,0.13767,0.014296
589.383688211441,0.13871,0.014277
589.4330942630768,0.13992,0.014251
589.4817028045654,0.14125,0.014244
589.5362105369568,0.14233,0.014331
589.5849788188934,0.14235,0.014283
589.6341373920441,0.14429,0.014336
589.6824171543121,0.14564,0.014297
589.734646320343,0.14677,0.01444
589.7851831912994,0.1478,0.014437
589.8364410400391,0.14783,0.014403
589.887707233429,0.15007,0.014534
589.9359338283539,0.15125,0.014559
589.9888436794281,0.15128,0.0145
590.037793636322,0.15231,0.014539
590.0891680717468,0.15339,0.014572
590.1349682807922,0.15443,0.014574
590.1917214393616,0.15556,0.014679
590.2406334877014,0.15784,0.014625
590.2887976169586,0.15883,0.014447
590.3412759304047,0.15996,0.014673
590.3924679756165,0.15993,0.014585
590.4392397403717,0.16124,0.014469
590.4896640777588,0.16211,0.014504
590.542697429657,0.16341,0.014422
590.5952425003052,0.16451,0.014428
590.646005153656,0.16555,0.014269
590.6945512294769,0.16759,0.014197
590.7425706386566,0.1676,0.014241
590.7911581993103,0.16857,0.013983
590.8441185951233,0.16981,0.014153
590.8940017223358,0.17089,0.014031
590.948737859726,0.17197,0.014167
590.9977164268494,0.17285,0.014074
591.0462741851807,0.17396,0.014054
591.0972244739532,0.17505,0.013954
591.1447856426239,0.17599,0.014111
591.1961133480072,0.17711,0.014012
591.2499113082886,0.17845,0.01403
591.297511100769,0.17957,0.014073
591.3470618724823,0.18048,0.014053
591.4001090526581,0.18145,0.014085
591.4498417377472,0.18239,0.014082
591.5013217926025,0.18356,0.014069
591.5492577552795,0.18464,0.014094
591.5996417999268,0.18559,0.01403
591.6521923542023,0.18688,0.014158
591.699334859848,0.18763,0.014128
591.749856710434,0.18861,0.014118
591.8032402992249,0.18956,0.014098
591.8489897251129,0.19088,0.014178
591.9038746356964,0.19187,0.014224
591.9520740509033,0.19275,0.01414
592.0042896270752,0.19291,0.014221
592.0557181835175,0.19504,0.013996
592.1015014648438,0.19607,0.014149
592.1536118984222,0.19707,0.014185
592.2048082351685,0.19795,0.0142
592.259036064148,0.1992,0.01421
592.3097248077393,0.20012,0.014276
592.359118938446,0.20107,0.014255
592.4076948165894,0.20228,0.014271
592.4610159397125,0.20313,0.014291
592.5096187591553,0.20421,0.014126
592.5631608963013,0.2054,0.014119
592.6130447387695,0.20603,0.014415
592.6629946231842,0.20711,0.014459
592.7147305011749,0.20725,0.014409
592.7660105228424,0.20815,0.014498
592.814058303833,0.21023,0.014545
592.8665816783905,0.21108,0.01463
592.9137642383575,0.21224,0.014752
592.964980840683,0.21225,0.014694
593.0133059024811,0.21333,0.014682
593.0672447681427,0.21425,0.014874
593.1140213012695,0.21623,0.014825
593.1673386096954,0.21613,0.014891
593.2205708026886,0.21832,0.014868
593.2681415081024,0.21951,0.015002
593.3213019371033,0.21937,0.015022
593.367707490921,0.22168,0.015019
593.4208111763,0.22241,0.01472
593.473935842514,0.22267,0.014933
593.5201640129089,0.22383,0.01464
593.5714228153229,0.22435,0.014727
593.6221251487732,0.22529,0.014566
593.6728796958923,0.22743,0.014646
593.7218601703644,0.22835,0.014483
593.7707459926605,0.22845,0.014387
593.8230619430542,0.22952,0.01439
593.8715054988861,0.23037,0.014238
593.923800945282,0.2314,0.01426
593.9749293327332,0.23235,0.014326
594.024927854538,0.23353,0.014039
594.078412771225,0.23548,0.014239
594.1265783309937,0.23661,0.014243
594.1747851371765,0.23736,0.014018
594.2289228439331,0.23741,0.014275
594.2824895381927,0.23832,0.014191
594.3286998271942,0.23923,0.014189
594.3823320865631,0.24151,0.014185
594.4327664375305,0.24247,0.0142
594.4795060157776,0.24233,0.014167
594.5330600738525,0.24333,0.014124
594.5819234848022,0.24443,0.014309
594.6332786083221,0.24551,0.014261
594.6834001541138,0.24655,0.014096
594.7305829524994,0.24659,0.014305
594.7832362651825,0.24933,0.014072
594.8352236747742,0.24932,0.014244
594.8827550411224,0.25044,0.014273
594.9362914562225,0.25135,0.014183
594.9865984916687,0.25235,0.014329
595.0400433540344,0.25332,0.014261
595.0939583778381,0.25437,0.014212
595.1401484012604,0.2554,0.014037
595.1910367012024,0.2564,0.013979
595.2458245754242,0.25719,0.014215
595.29332447052,0.25843,0.014253
595.3422923088074,0.25943,0.014268
595.3968687057495,0.26025,0.014234
595.4446232318878,0.26128,0.014398
595.4929621219635,0.26231,0.014251
595.5447154045105,0.26329,0.014514
595.5964736938477,0.26425,0.014505
595.6514875888824,0.26509,0.01437
595.6986298561096,0.26624,0.014573
595.7482872009277,0.26711,0.014391
595.8002758026123,0.26819,0.014615
595.8510255813599,0.26915,0.014737
595.8989248275757,0.27007,0.014885
595.9508798122406,0.27115,0.015069
596.0025787353516,0.2722,0.015164
596.0472939014435,0.27319,0.015181
596.1032197475433,0.27417,0.015206
596.1525390148163,0.27509,0.015162
596.2030165195465,0.276,0.015049
596.2501266002655,0.27705,0.014997
596.3020398616791,0.27823,0.015272
596.3520634174347,0.27929,0.015099
596.401612997055,0.28024,0.015105
596.4547214508057,0.28005,0.015187
596.506148815155,0.28215,0.01489
596.5537128448486,0.28316,0.014758
596.605211019516,0.28308,0.014921
596.6509389877319,0.28492,0.014736
596.7047119140625,0.28525,0.014712
596.7547347545624,0.28721,0.014509
596.8052365779877,0.28812,0.014553
596.8539645671844,0.28815,0.014433
596.9069259166718,0.29003,0.014388
596.9550383090973,0.29009,0.014335
597.0079212188721,0.29195,0.014526
597.0575873851776,0.29315,0.014299
597.1073606014252,0.29397,0.01417
597.1552581787109,0.294,0.014306
597.2069797515869,0.29501,0.014232
597.2625277042389,0.29695,0.014247
597.3116571903229,0.29796,0.014237
597.3620400428772,0.29871,0.014421
597.4123167991638,0.29889,0.014282
597.466456413269,0.30057,0.014309
597.5164568424225,0.30079,0.014219
597.5606672763824,0.30173,0.014219
597.6116542816162,0.30273,0.01424
597.6654391288757,0.3042,0.014318
597.7159383296967,0.032187,0.01429
597.7765078544617,0.033413,0.014714
597.8228807449341,0.032827,0.014516
597.8783779144287,0.035173,0.014541
597.9254715442657,0.0382,0.014346
597.9748387336731,0.04104,0.014283
598.0240318775177,0.047053,0.014136
598.0772206783295,0.04984,0.014242
598.1267082691193,0.04972,0.014431
598.1778583526611,0.05304,0.014412
598.227858543396,0.05556,0.014523
598.2849063873291,0.058467,0.014562
598.3320336341858,0.061253,0.014519
598.3861787319183,0.064067,0.014519
598.4340989589691,0.0668,0.014473
598.4850525856018,0.069867,0.014598
598.5346081256866,0.072707,0.0146
598.5849969387054,0.077987,0.01453
598.6378362178802,0.078107,0.014581
598.6826088428497,0.0808,0.014523
598.7361721992493,0.08364,0.014552
598.7856504917145,0.08912,0.014548
598.8342370986938,0.089067,0.01445
598.8885834217072,0.09176,0.014423
598.9377043247223,0.093533,0.01439
598.9894795417786,0.094933,0.014263
599.0401911735535,0.096027,0.014234
599.0868763923645,0.097467,0.014224
599.1419987678528,0.098693,0.01415
599.1914708614349,0.10004,0.01427
599.2410426139832,0.10136,0.014165
599.2908887863159,0.10253,0.014287
599.3406422138214,0.10389,0.014021
599.3881511688232,0.1052,0.013913
599.4416062831879,0.10635,0.01403
599.4920077323914,0.1076,0.013997
599.5424797534943,0.109,0.014134
599.5962646007538,0.11019,0.014094
599.6490046977997,0.11152,0.014057
599.6963818073273,0.11147,0.014064
599.7499916553497,0.11389,0.014033
599.7990350723267,0.11529,0.013956
599.847081899643,0.11628,0.014119
599.8997762203217,0.11737,0.014046
599.9496684074402,0.11764,0.013985
599.9990849494934,0.11979,0.014113
600.0506629943848,0.12124,0.014034
600.0998165607452,0.12219,0.014104
600.1511952877045,0.12353,0.014087
600.2035248279572,0.12472,0.014115
600.2509820461273,0.12579,0.014217
600.3036775588989,0.12609,0.014135
600.3560898303986,0.12721,0.014138
600.4051461219788,0.12823,0.014171
600.4545865058899,0.13067,0.014199
600.5075285434723,0.13184,0.014196
600.5568261146545,0.13281,0.014239
600.6030931472778,0.13404,0.014199
600.6566126346588,0.13387,0.014262
600.7053825855255,0.13533,0.014167
600.755738735199,0.13625,0.014231
600.8066589832306,0.13863,0.014265
600.8552169799805,0.13971,0.014282
600.910012960434,0.14084,0.014329
600.9592037200928,0.14223,0.014294
601.0112087726593,0.14208,0.014351
601.0603432655334,0.1432,0.014279
601.1126670837402,0.14437,0.014364
601.1586422920227,0.14556,0.014435
601.2151920795441,0.14636,0.014421
601.2664592266083,0.14875,0.014455
601.3154644966125,0.14983,0.014606
601.365907907486,0.14993,0.014556
601.4138479232788,0.15103,0.014656
601.4678771495819,0.15208,0.014695
601.5166475772858,0.15428,0.014651
601.5626969337463,0.15536,0.014632
601.6114103794098,0.15644,0.014647
601.6669747829437,0.15663,0.014756
601.719938993454,0.15772,0.014725
601.7699339389801,0.15876,0.014745
601.8185908794403,0.15959,0.014627
601.8695261478424,0.16179,0.014593
601.9185228347778,0.16293,0.014492
601.9672558307648,0.16313,0.014375
602.017523765564,0.16415,0.014302
602.0694887638092,0.16517,0.014391
602.1169292926788,0.1654,0.014355
602.1687967777252,0.16748,0.014078
602.2252366542816,0.16837,0.014219
602.2712943553925,0.16955,0.01406
602.3235461711884,0.17053,0.01403
602.3729596138,0.17179,0.013997
602.4231724739075,0.17176,0.014113
602.4758608341217,0.17376,0.013986
602.5250716209412,0.17501,0.014048
602.5763289928436,0.17595,0.014093
602.6270387172699,0.17696,0.014108
602.6784057617188,0.178,0.014027
602.7257707118988,0.17903,0.014105
602.7738771438599,0.18003,0.014091
602.8271605968475,0.18125,0.014111
602.8774716854095,0.18224,0.014104
602.9266777038574,0.18316,0.014087
602.9777088165283,0.1832,0.014078
603.0318644046783,0.18539,0.014198
603.0805175304413,0.18649,0.014161
603.1313600540161,0.18741,0.014181
603.184431552887,0.18845,0.014183
603.2340636253357,0.18933,0.014118
603.2806842327118,0.19043,0.014182
603.3298327922821,0.1906,0.01422
603.3905127048492,0.1918,0.01427
603.4393286705017,0.19349,0.014249
603.488584280014,0.19477,0.014203
603.5380413532257,0.19581,0.014237
603.5890827178955,0.19675,0.014176
603.6402287483215,0.19672,0.014188
603.6929042339325,0.19807,0.014246
603.74090051651,0.19899,0.014197
603.7918925285339,0.2008,0.014283
603.8468897342682,0.20185,0.014281
603.8989973068237,0.20297,0.014416
603.9492356777191,0.20403,0.014379
603.9933235645294,0.20495,0.014471
604.0453159809113,0.20612,0.014467
604.0952792167664,0.20613,0.014448
604.1483881473541,0.20803,0.014427
604.1966712474823,0.20896,0.014642
604.2470934391022,0.21,0.014715
604.3014621734619,0.21013,0.014761
604.3514156341553,0.21215,0.014939
604.4016370773315,0.21311,0.014916
604.4509079456329,0.21436,0.014892
604.4984538555145,0.21521,0.014978
604.5534324645996,0.21616,0.015011
604.6021244525909,0.21719,0.015205
604.6513156890869,0.21809,0.015229
604.7022120952606,0.21825,0.015078
604.7520523071289,0.21904,0.015161
604.8006789684296,0.22107,0.015037
604.8545134067535,0.22112,0.015213
604.8989543914795,0.22208,0.01496
604.956652879715,0.22415,0.01483
605.0020124912262,0.22421,0.014778
605.0519082546234,0.22615,0.01468
605.106876373291,0.22635,0.014422
605.1539096832275,0.22723,0.01435
605.2053456306458,0.22831,0.014501
605.2520723342896,0.22921,0.014364
605.3027741909027,0.23113,0.014214
605.3528642654419,0.23129,0.014143
605.4068732261658,0.23309,0.014253
605.4553399085999,0.23307,0.014325
605.5073533058167,0.23415,0.014123
605.5589776039124,0.23545,0.014088
605.6094424724579,0.23736,0.014163
605.6585245132446,0.23733,0.014139
605.708087682724,0.23839,0.014148
605.7566723823547,0.23948,0.01404
605.8116898536682,0.2402,0.014079
605.8590450286865,0.24117,0.014284
605.9162373542786,0.24223,0.01423
605.9630954265594,0.24321,0.014196
606.017650604248,0.24443,0.014126
606.0659518241882,0.24537,0.014084
606.1144919395447,0.24609,0.014186
606.1668429374695,0.24729,0.014295
606.2157943248749,0.24812,0.014201
606.2661738395691,0.24917,0.014231
606.3177464008331,0.25003,0.014317
606.3651773929596,0.25113,0.014341
606.4182977676392,0.25217,0.014183
606.4652242660522,0.2532,0.014311
606.5198605060577,0.25413,0.014317
606.569445848465,0.25512,0.014309
606.6201071739197,0.25627,0.014256
606.6698396205902,0.25705,0.014371
606.7190601825714,0.25804,0.014257
606.7683298587799,0.25897,0.014245
606.8207271099091,0.25937,0.014418
606.8703963756561,0.26113,0.014368
606.9229917526245,0.26207,0.014329
606.9734873771667,0.26304,0.014397
607.0218923091888,0.26424,0.014653
607.0748746395111,0.26515,0.01453
607.1222672462463,0.26619,0.014639
607.1741268634796,0.26724,0.014757
607.2236888408661,0.26716,0.014807
607.271152973175,0.26917,0.014825
607.3213491439819,0.27013,0.015137
607.3715443611145,0.27019,0.014994
607.4261219501495,0.27195,0.015234
607.4766404628754,0.27301,0.015377
607.5250763893127,0.27403,0.01539
607.576272726059,0.27401,0.015527
607.6258816719055,0.27515,0.015497
607.6814067363739,0.27628,0.015507
607.7286036014557,0.27704,0.015477
607.7803931236267,0.27795,0.015449
607.8299083709717,0.2798,0.0154
607.8837423324585,0.28112,0.0152
607.9300453662872,0.28205,0.015086
607.9802098274231,0.28313,0.014878
608.0330150127411,0.28308,0.014769
608.0844683647156,0.28399,0.014597
608.1332406997681,0.28591,0.01455
608.1797585487366,0.28697,0.014587
608.2297012805939,0.28783,0.014395
608.2846231460571,0.28784,0.014377
608.3326623439789,0.2888,0.014236
608.3821363449097,0.29084,0.014143
608.4337089061737,0.29076,0.014121
608.4808740615845,0.29276,0.014274
608.533399105072,0.29291,0.014055
608.5828499794006,0.29373,0.014116
608.6335170269012,0.29469,0.014185
608.6827065944672,0.29581,0.014267
608.73534989357,0.29688,0.014214
608.7851042747498,0.29865,0.014155
608.8338193893433,0.29888,0.014195
608.8863291740417,0.29965,0.014215
608.9356772899628,0.30072,0.014308
608.9880902767181,0.30156,0.014241
609.0373442173004,0.30243,0.014267
609.0861158370972,0.30391,0.014344
609.1342043876648,0.30577,0.014208
609.188677072525,0.03072,0.014258
609.2367010116577,0.032467,0.014163
609.2915732860565,0.034853,0.014396
609.3412976264954,0.037707,0.01452
609.3920035362244,0.040627,0.014399
609.4387907981873,0.046547,0.014493
609.4884939193726,0.046387,0.014484
609.5397598743439,0.04932,0.014522
609.590832233429,0.052413,0.01452
609.6382095813751,0.05524,0.014594
609.6905872821808,0.055187,0.014611
609.7423114776611,0.060867,0.014562
609.7963697910309,0.061173,0.014588
609.8459067344666,0.066627,0.014625
609.8952205181122,0.069347,0.014659
609.9462738037109,0.072227,0.014585
609.9975004196167,0.074947,0.014527
610.0501253604889,0.078027,0.014611
610.0992510318756,0.080293,0.014403
610.1489205360413,0.0832,0.014668
610.1984441280365,0.08488,0.014678
610.2506833076477,0.088653,0.014513
610.2978534698486,0.088733,0.014573
610.3473362922668,0.093187,0.014535
610.4008431434631,0.09336,0.014401
610.4524381160736,0.09592,0.014225
610.4989008903503,0.097133,0.014273
610.5496368408203,0.097347,0.014102
610.6008303165436,0.10008,0.014162
610.6558513641357,0.10119,0.014087
610.7043468952179,0.10264,0.01402
610.7538042068481,0.10372,0.014071
610.8044526576996,0.10496,0.014102
610.8574411869049,0.10509,0.014087
610.9048192501068,0.10627,0.014105
610.9559621810913,0.10879,0.013968
611.006994009018,0.10963,0.013947
611.0571188926697,0.11141,0.014054
611.1079330444336,0.11241,0.014034
611.1553871631622,0.11251,0.014051
611.2087473869324,0.11361,0.014003
611.2560133934021,0.11479,0.0139
611.310825586319,0.11599,0.01402
611.3566708564758,0.11731,0.014002
611.4111883640289,0.11967,0.013999
611.4607539176941,0.12095,0.014086
611.5142970085144,0.12096,0.013989
611.5616221427917,0.12216,0.014063
611.617253780365,0.12335,0.014114
611.6660919189453,0.12457,0.014171
611.7224645614624,0.12555,0.014079
611.7706089019775,0.12801,0.014152
611.8197712898254,0.12804,0.014149
611.8704135417938,0.12919,0.014211
611.9202723503113,0.13044,0.014172
611.9737730026245,0.13167,0.014216
612.0232517719269,0.13271,0.014232
612.0718340873718,0.13407,0.014255
612.1197390556335,0.13632,0.014091
612.1722731590271,0.13613,0.01414
612.2223069667816,0.13737,0.014244
612.2760488986969,0.1386,0.014284
612.3265268802643,0.13963,0.014365
612.3754711151123,0.1408,0.014342
612.4303030967712,0.14205,0.0144
612.4740951061249,0.14409,0.014389
612.5306987762451,0.1442,0.014411
612.580766916275,0.14551,0.014458
612.6302950382233,0.14624,0.014554
612.6817739009857,0.14873,0.014565
612.7268071174622,0.14891,0.014781
612.7804236412048,0.14979,0.014657
612.8317523002625,0.15096,0.014699
612.883100271225,0.15219,0.01473
612.9295616149902,0.15308,0.014855
612.9830884933472,0.15405,0.014809
613.0358953475952,0.15535,0.014775
613.0860469341278,0.15629,0.014754
613.140734910965,0.15747,0.014709
613.1879618167877,0.15869,0.014749
613.2390313148499,0.15965,0.014681
613.2907381057739,0.16064,0.014688
613.3419930934906,0.16179,0.014396
613.3922395706177,0.16285,0.014303
613.4374253749847,0.16407,0.014314
613.4896993637085,0.16508,0.014314
613.5432071685791,0.16504,0.014239
613.5903911590576,0.16623,0.014149
613.642655134201,0.16837,0.014102
613.6904051303864,0.16935,0.014121
613.7475171089172,0.1704,0.013979
613.7961947917938,0.17153,0.013893
613.8447623252869,0.1726,0.013955
613.8992488384247,0.17361,0.013895
613.9492392539978,0.17476,0.013906
613.9961228370667,0.17568,0.014003
614.0463078022003,0.17681,0.013987
614.1004636287689,0.17795,0.01395
614.1513955593109,0.17812,0.013902
614.2010774612427,0.17991,0.014037
614.2496466636658,0.18104,0.013852
614.3004484176636,0.18095,0.014035
614.3506863117218,0.18315,0.014026
614.402204990387,0.1842,0.014079
614.4508473873138,0.18537,0.014027
614.5047242641449,0.18581,0.014077
614.5531079769135,0.18727,0.014082
614.6082949638367,0.18736,0.01413
614.6558520793915,0.18845,0.01417
614.7067785263062,0.18945,0.014183
614.7628378868103,0.19135,0.014132
614.8084809780121,0.19239,0.014177
614.8614346981049,0.19361,0.014201
614.9108326435089,0.19453,0.01424
614.96289229393,0.19455,0.014252
615.0152084827423,0.19544,0.01431
615.063155412674,0.19655,0.01423
615.1124336719513,0.19863,0.014313
615.1621150970459,0.19979,0.014299
615.2127616405487,0.20072,0.014171
615.2651784420013,0.20175,0.01431
615.3131055831909,0.20255,0.014361
615.3648569583893,0.20376,0.014316
615.4204359054565,0.20391,0.014357
615.4690051078796,0.20476,0.014429
615.5192296504974,0.2068,0.014512
615.570708990097,0.20767,0.014678
615.6206166744232,0.20784,0.014675
615.6716923713684,0.20903,0.014678
615.7214312553406,0.20989,0.014787
615.7717077732086,0.21092,0.014999
615.8226263523102,0.21297,0.014995
615.8708755970001,0.21416,0.015029
615.9236588478088,0.21397,0.015023
615.9754343032837,0.21493,0.015177
616.0239677429199,0.21593,0.015237
616.0745124816895,0.21708,0.01519
616.1248443126678,0.21803,0.01534
616.171139717102,0.21895,0.015246
616.2280645370483,0.22013,0.01513
616.2776386737823,0.22208,0.015141
616.3273828029633,0.22196,0.015122
616.3770799636841,0.223,0.014983
616.4267978668213,0.22403,0.014783
616.4794836044312,0.22503,0.014684
616.533937215805,0.22613,0.014623
616.582088470459,0.22701,0.014329
616.6321702003479,0.22823,0.014316
616.6827914714813,0.22907,0.014349
616.733745098114,0.23005,0.014252
616.7839632034302,0.231,0.01414
616.8409111499786,0.23195,0.014061
616.8885841369629,0.23301,0.014093
616.9396114349365,0.23419,0.014117
616.9888310432434,0.236,0.01416
617.0390894412994,0.23619,0.013982
617.092033624649,0.23724,0.013988
617.1390697956085,0.23813,0.013942
617.1914374828339,0.24003,0.01415
617.2395596504211,0.24001,0.014127
617.2939646244049,0.24139,0.014222
617.3425583839417,0.24215,0.014179
617.3926484584808,0.24312,0.014205
617.4423608779907,0.24415,0.014103
617.4936652183533,0.245,0.014229
617.5452091693878,0.24624,0.014093
617.5939302444458,0.24711,0.014207
617.6426463127136,0.24807,0.01416
617.6967639923096,0.24903,0.014217
617.7444562911987,0.25017,0.014232
617.7932572364807,0.25104,0.01425
617.8457107543945,0.25189,0.014277
617.895866394043,0.25209,0.014342
617.9463558197021,0.25313,0.014224
617.9996421337128,0.25416,0.014262
618.0467216968536,0.25595,0.01435
618.0965178012848,0.25691,0.014393
618.1448354721069,0.25803,0.014419
618.1968755722046,0.25895,0.014322
618.2501876354218,0.26,0.014348
618.3006775379181,0.26101,0.014393
618.3492920398712,0.26196,0.014479
618.4007420539856,0.26296,0.014463
618.4518973827362,0.26391,0.014538
618.4992275238037,0.26503,0.014478
618.5506281852722,0.26499,0.014911
618.6040267944336,0.26599,0.015019
618.6518430709839,0.2668,0.015064
618.702157497406,0.26897,0.01493
618.7534325122833,0.27003,0.015401
618.8027215003967,0.27092,0.015478
618.8550319671631,0.27189,0.015621
618.9019999504089,0.27189,0.015588
618.9495000839233,0.27388,0.015677
619.0030045509338,0.27477,0.015689
619.0519433021545,0.27492,0.015666
619.1043267250061,0.27592,9.9e+37
619.1619124412537,0.27701,0.015611
619.2104916572571,0.27915,0.015644
619.2612886428833,0.27993,0.015518
619.3103716373444,0.28013,0.014974
619.3577380180359,0.28111,0.014831
619.4116904735565,0.28181,0.01475
619.465090751648,0.28288,0.01478
619.5108771324158,0.28375,0.014602
619.562890291214,0.28592,0.014644
619.6135859489441,0.28673,0.014415
619.6646139621735,0.28771,0.014307
619.7153470516205,0.28788,0.014192
619.7613642215729,0.28864,0.014231
619.8147921562195,0.28983,0.014204
619.8639767169952,0.2906,0.014244
619.9142332077026,0.29271,0.014184
619.9645195007324,0.29285,0.014174
620.0132706165314,0.29357,0.014084
620.0670564174652,0.29463,0.014144
620.1175825595856,0.29567,0.014153
620.1691725254059,0.29644,0.014232
620.2190368175507,0.29752,0.014203
620.2686619758606,0.29851,0.014168
620.3170742988586,0.30045,0.014198
620.3667533397675,0.30044,0.014369
620.4194576740265,0.30148,0.014341
620.4685366153717,0.30251,0.014358
620.5186722278595,0.3036,0.014269
620.567661523819,0.30552,0.014257
620.622142791748,0.3056,0.014174
620.6711845397949,0.032533,0.013974
620.7198345661163,0.034267,0.014648
620.776823759079,0.037187,0.01447
620.8277101516724,0.03976,0.014497
620.877813577652,0.043213,0.014497
620.924699306488,0.04592,0.014435
620.9738569259644,0.046147,0.014495
621.0258433818817,0.051733,0.014613
621.0772383213043,0.05468,0.014501
621.1251039505005,0.05728,0.014484
621.1787073612213,0.060613,0.014576
621.225695848465,0.063227,0.014583
621.2775802612305,0.066173,0.0146
621.3324580192566,0.0662,0.014462
621.3784868717194,0.07168,9.9e+37
621.4305293560028,0.07444,0.014655
621.4813315868378,0.076987,0.014751
621.5317311286926,0.079907,0.014689
621.5810248851776,0.079827,0.014499
621.6329443454742,0.083,0.014637
621.6833815574646,0.0882,0.014544
621.7356069087982,0.09092,0.014406
621.7807574272156,0.093147,0.014245
621.8356573581696,0.094347,0.014576
621.8815479278564,0.095867,0.014175
621.9341175556183,0.095867,0.014164
621.9867479801178,0.09712,0.014102
622.034675359726,0.09828,0.014101
622.0852544307709,0.10076,0.014126
622.1380252838135,0.10236,0.014051
622.186952829361,0.10343,0.014075
622.2352848052979,0.10459,0.014052
622.2880990505219,0.10471,0.013982
622.3390629291534,0.10601,0.013952
622.3888342380524,0.10741,0.01397
622.4374203681946,0.10837,0.014038
622.4872198104858,0.10983,0.013909
622.5376880168915,0.11232,0.013989
622.5892100334167,0.11356,0.013871
622.6379206180573,0.11343,0.013906
622.6916077136993,0.11469,0.013985
622.7413773536682,0.11583,0.013947
622.7892491817474,0.11693,0.013901
622.8422713279724,0.11844,0.013888
622.8886303901672,0.11952,0.013902
622.9395563602448,0.12075,0.013743
622.9928479194641,0.12189,0.013999
623.0470969676971,0.123,0.014006
623.0969603061676,0.12413,0.013959
623.1457982063293,0.12547,0.01403
623.192361831665,0.12648,0.013898
623.2475430965424,0.128,0.013978
623.2968490123749,0.12903,0.014069
623.3445959091187,0.13023,0.014123
623.3942370414734,0.13129,0.01413
623.4455218315125,0.13247,0.014207
623.4947590827942,0.13375,0.014244
623.5462870597839,0.13483,0.014123
623.6002662181854,0.13581,0.01428
623.6546502113342,0.13727,0.014186
623.7070920467377,0.13839,0.014276
623.7577080726624,0.13944,0.014448
623.8064124584198,0.14059,0.014387
623.856803894043,0.14161,0.014345
623.9055347442627,0.14381,0.01433
623.9589660167694,0.14391,0.014483
624.0083982944489,0.14535,0.014535
624.0603303909302,0.14628,0.0145
624.1083264350891,0.14729,0.014616
624.1563456058502,0.14735,0.014715
624.20902967453,0.14949,0.014696
624.2613379955292,0.15065,0.014717
624.3077671527863,0.15177,0.014671
624.3597311973572,0.15288,0.014832
624.4081032276154,0.154,0.014903
624.4606189727783,0.155,0.014708
624.5116469860077,0.15516,0.014772
624.5599546432495,0.15621,0.014875
624.6166656017303,0.15832,0.014795
624.6683421134949,0.15935,0.014577
624.7150342464447,0.16051,0.014643
624.7657232284546,0.16167,0.014326
624.8168976306915,0.16264,0.014348
624.8656277656555,0.16363,0.014365
624.9220032691956,0.16383,0.014303
624.9706606864929,0.16565,0.014182
625.0191481113434,0.16695,0.014038
625.0719330310822,0.16804,0.013973
625.1212599277496,0.16903,0.014004
625.1733973026276,0.16908,0.013967
625.2249279022217,0.17008,0.013992
625.2719917297363,0.17131,0.014004
625.3233392238617,0.17353,0.013876
625.3726336956024,0.17451,0.01394
625.422105550766,0.17564,0.013903
625.473121881485,0.17656,0.013988
625.5230317115784,0.17759,0.013953
625.5723860263824,0.17756,0.013932
625.6215662956238,0.17981,0.013881
625.6747431755066,0.17984,0.013845
625.7238621711731,0.18089,0.013963
625.7762258052826,0.1828,0.013925
625.8266673088074,0.18408,0.013866
625.875625371933,0.18489,0.013902
625.9303958415985,0.18587,0.013865
625.9793791770935,0.18713,0.01416
626.0286240577698,0.1872,0.014065
626.0785522460938,0.18819,0.014056
626.1295099258423,0.18927,0.014085
626.1788892745972,0.19009,0.014107
626.2313756942749,0.19119,0.014207
626.2796447277069,0.19348,0.014132
626.3297419548035,0.19344,0.013963
626.3807575702667,0.19447,0.014295
626.4307019710541,0.19552,0.014262
626.4817304611206,0.19663,0.014368
626.5298664569855,0.19748,0.014365
626.580304145813,0.19865,0.014274
626.6284890174866,0.19951,0.01427
626.6829447746277,0.20077,0.01437
626.7332136631012,0.20169,0.014417
626.7829220294952,0.20261,0.014489
626.8345303535461,0.20373,0.0144
626.8814220428467,0.20492,0.014445
626.9333560466766,0.20583,0.014569
626.9832527637482,0.20684,0.014553
627.0343742370605,0.20776,0.014535
627.0854380130768,0.20883,0.014862
627.1349833011627,0.20972,0.014751
627.1893177032471,0.21091,0.014803
627.2384719848633,0.21176,0.014864
627.2874119281769,0.21281,0.015204
627.3375844955444,0.21381,0.01529
627.3897020816803,0.21504,0.015282
627.4378621578217,0.21611,0.01541
627.4954805374146,0.21708,0.015413
627.5443160533905,0.21807,0.015366
627.5936543941498,0.21908,0.015315
627.6463444232941,0.22005,0.015263
627.6926290988922,0.22081,0.014988
627.745459318161,0.22217,0.014985
627.7938613891602,0.22285,0.014967
627.8446063995361,0.22308,0.014637
627.8996744155884,0.22515,0.014796
627.9446852207184,0.22595,0.014626
627.9986550807953,0.22703,0.014592
628.0493052005768,0.22811,0.014267
628.1020441055298,0.22912,0.014285
628.1515924930573,0.229,0.014218
628.201411485672,0.23085,0.014056
628.2489011287689,0.23193,0.014194
628.2999775409698,0.23279,0.014249
628.3521869182587,0.23391,0.014176
628.4003186225891,0.23505,0.014069
628.4555780887604,0.23601,0.014126
628.502224445343,0.23623,0.014129
628.555074930191,0.23701,0.014063
628.6030151844025,0.23784,0.013993
628.6506776809692,0.24013,0.014051
628.7053968906403,0.24111,0.014049
628.7554264068604,0.24207,0.014048
628.8055603504181,0.24207,0.014105
628.852867603302,0.24401,0.014167
628.9048597812653,0.24389,0.014106
628.9575743675232,0.24489,0.014155
629.008049249649,0.24701,0.014331
629.0570154190063,0.24799,0.014241
629.1072261333466,0.24887,0.014253
629.1568427085876,0.25003,0.014222
629.2063889503479,0.2502,0.014218
629.2579712867737,0.25087,0.014265
629.3081729412079,0.25207,0.014233
629.3571183681488,0.25327,0.014299
629.4077727794647,0.25393,0.014259
629.4607648849487,0.25497,0.014308
629.5120787620544,0.25687,0.014249
629.5582630634308,0.25797,0.014354
629.6106534004211,0.2578,0.01417
629.6611099243164,0.25892,0.014375
629.7092270851135,0.26003,0.014411
629.7656028270721,0.26087,0.01442
629.8126754760742,0.26281,0.014478
629.8668332099915,0.26281,0.014401
629.9154281616211,0.26379,0.014667
629.9659287929535,0.26473,0.014796
630.0141451358795,0.26588,0.014906
630.0648579597473,0.26673,0.015008
630.1182880401611,0.26781,0.015024
630.1660950183868,0.26875,0.014974
630.219272851944,0.26979,0.015301
630.2665975093842,0.27065,0.015654
630.3247094154358,0.27168,0.015753
630.3713080883026,0.27276,0.015859
630.4233162403107,0.27464,0.01575
630.4760317802429,0.27464,0.015897
630.5254058837891,0.27559,0.015878
630.574141740799,0.27667,0.015706
630.6229102611542,0.27751,0.015741
630.6761345863342,0.27876,0.015667
630.7251198291779,0.27867,0.015572
630.7751581668854,0.28072,0.014966
630.8256289958954,0.28157,0.015035
630.8742499351501,0.28257,0.014701
630.9249668121338,0.28365,0.01463
630.9757549762726,0.28468,0.014547
631.0262498855591,0.28497,0.01435
631.0778844356537,0.28663,0.0145
631.1331088542938,0.28737,0.014433
631.1820783615112,0.28847,0.014415
631.2299046516418,0.28972,0.014206
631.2866802215576,0.29051,0.014226
631.3342337608337,0.29155,0.014274
631.3847939968109,0.29247,0.014256
631.4340326786041,0.29367,0.014217
631.4812443256378,0.29428,0.014163
631.5348553657532,0.29545,0.014162
631.5851571559906,0.29653,0.014236
631.6377663612366,0.29747,0.014238
631.6886074542999,0.29755,0.014104
631.7363107204437,0.29943,0.01419
631.7884821891785,0.30045,0.014155
631.8377118110657,0.30131,0.014183
631.8883571624756,0.30152,0.01428
631.939159154892,0.30319,0.014308
631.9861669540405,0.30329,0.014288
632.0424652099609,0.30533,0.01436
632.0926792621613,0.031413,0.013822
632.1392912864685,0.033693,0.014533
632.1924424171448,0.03672,0.014597
632.2403740882874,0.036733,0.014569
632.2914736270905,0.042507,0.014477
632.3428735733032,0.045387,0.014509
632.393618106842,0.04864,0.014536
632.4397139549255,0.048493,0.014504
632.4920048713684,0.051253,0.01452
632.5438125133514,0.05704,0.014513
632.5932984352112,0.059827,0.014581
632.6436495780945,0.06016,0.014596
632.6942374706268,0.06288,0.014531
632.7420816421509,0.065773,0.014595
632.7943272590637,0.06852,0.014697
632.8497884273529,0.071253,0.014682
632.8969016075134,0.074067,0.014552
632.9494950771332,0.0796,0.01464
633.0010533332825,0.082467,0.014665
633.0544762611389,0.085053,0.014534
633.1024594306946,0.085,0.014648
633.1570174694061,0.08776,0.014393
633.2042701244354,0.090587,0.014261
633.2591092586517,0.0928,0.0144
633.3084769248962,0.094227,0.014284
633.3565731048584,0.096773,0.014249
633.4076676368713,0.096947,0.014134
633.4578521251678,0.098173,0.014072
633.507574558258,0.10075,0.014147
633.5589559078217,0.10068,0.014075
633.6071183681488,0.10201,0.014017
633.6593248844147,0.10323,0.014103
633.7077915668488,0.10465,0.014025
633.7621502876282,0.10696,0.014014
633.8109738826752,0.10847,0.014016
633.8642072677612,0.10829,0.013917
633.9095766544342,0.10952,0.014003
633.9620432853699,0.11081,0.013795
634.0143091678619,0.11193,0.013946
634.066478729248,0.11432,0.013816
634.1160545349121,0.11447,0.013788
634.1677122116089,0.11567,0.013723
634.2182958126068,0.11692,0.01383
634.2642419338226,0.11801,0.013782
634.3163697719574,0.11939,0.013901
634.3671553134918,0.12039,0.013898
634.4164752960205,0.12043,0.013904
634.469820022583,0.12297,0.013924
634.5159709453583,0.12403,0.013844
634.5697269439697,0.12531,0.013959
634.6176040172577,0.1252,0.013946
634.6678817272186,0.12765,0.014091
634.7195460796356,0.12844,0.014049
634.7716145515442,0.12997,0.014048
634.8192887306213,0.13104,0.014107
634.870667219162,0.13231,0.014093
634.920325756073,0.13345,0.014125
634.9738025665283,0.13471,0.014096
635.0219972133636,0.13577,0.014165
635.0714838504791,0.13703,0.014177
635.1220111846924,0.13699,0.014161
635.1749994754791,0.13828,0.014207
635.2244160175323,0.13929,0.014239
635.2737500667572,0.14175,0.014215
635.3273298740387,0.14263,0.014083
635.3773930072784,0.14373,0.014437
635.4276080131531,0.14488,0.014283
635.4734101295471,0.14583,0.014528
635.5288760662079,0.14721,0.014525
635.5784192085266,0.14735,0.014587
635.632230758667,0.14939,0.014667
635.6786699295044,0.15053,0.014562
635.7297427654266,0.15161,0.014811
635.7810311317444,0.1528,0.014731
635.8311069011688,0.15267,0.014769
635.8810760974884,0.15371,0.014856
635.9323074817657,0.15484,0.014842
635.9833290576935,0.15709,0.014888
636.0311801433563,0.15808,0.014595
636.0813834667206,0.15911,0.014727
636.134247303009,0.16041,0.014534
636.1824462413788,0.16032,0.014454
636.2350451946259,0.1616,0.014418
636.2830135822296,0.16277,0.014457
636.3362975120544,0.16476,0.014123
636.3866240978241,0.16583,0.014088
636.43585896492,0.16599,0.014005
636.4855015277863,0.16692,0.013968
636.5358138084412,0.16792,0.013817
636.5867667198181,0.16889,0.013881
636.6371293067932,0.17019,0.013866
636.6878178119659,0.17115,0.013848
636.7369952201843,0.17304,0.013879
636.7856795787811,0.17324,0.013927
636.839332818985,0.17539,0.013947
636.8902957439423,0.17561,0.013928
636.9379348754883,0.17649,0.013979
636.9918637275696,0.17752,0.013884
637.038667678833,0.17855,0.013833
637.0868365764618,0.17959,0.013827
637.1415202617645,0.18071,0.013846
637.1924722194672,0.18275,0.013732
637.2409946918488,0.18372,0.013718
637.2942066192627,0.18401,0.013731
637.3493521213531,0.18492,0.013868
637.3971009254456,0.18596,0.013923
637.449916601181,0.18696,0.013994
637.5004842281342,0.18808,0.014068
637.5474143028259,0.18804,0.014124
637.6035268306732,0.19032,0.014059
637.6539158821106,0.19141,0.01411
637.7054343223572,0.1922,0.014012
637.7530977725983,0.19307,0.014212
637.8061516284943,0.19407,0.014115
637.8548843860626,0.19533,0.014104
637.9077754020691,0.19616,0.014275
637.9556436538696,0.19745,0.014218
638.008642911911,0.19824,0.014276
638.0583703517914,0.19945,0.014258
638.1114251613617,0.20049,0.01431
638.1576006412506,0.20141,0.014426
638.2065436840057,0.20257,0.014176
638.2585189342499,0.20375,0.014415
638.3062920570374,0.20453,0.014362
638.3590908050537,0.20561,0.014526
638.4119834899902,0.20556,0.014601
638.4599604606628,0.20751,0.014523
638.5112454891205,0.20877,0.014694
638.5652184486389,0.20972,0.014744
638.6118857860565,0.21076,0.015163
638.6634550094604,0.21077,0.015024
638.7140300273895,0.21195,0.015083
638.7624883651733,0.21265,0.015131
638.8119792938232,0.21467,0.015177
638.8634498119354,0.21551,0.015321
638.9165935516357,0.2168,0.015241
638.9685208797455,0.2168,0.015273
639.0144650936127,0.21876,0.01537
639.0679702758789,0.21971,0.015122
639.1280655860901,0.21975,0.015134
639.1748266220093,0.22063,0.015072
639.2261745929718,0.22291,0.014942
639.279510974884,0.22371,0.014801
639.3281347751617,0.22467,0.014525
639.3783602714539,0.22577,0.014295
639.4286749362946,0.22572,0.014193
639.4793391227722,0.22681,0.014215
639.5326097011566,0.22872,0.014095
639.5838825702667,0.22992,0.014152
639.6324801445007,0.23089,0.014117
639.6797285079956,0.23191,0.014122
639.7340207099915,0.23195,0.014169
639.7819881439209,0.23281,0.014155
639.8344190120697,0.23388,0.014182
639.886862039566,0.23467,0.014089
639.9321737289429,0.23581,0.014189
639.9864962100983,0.23792,0.014186
640.0385892391205,0.23873,0.014179
640.0858924388885,0.23895,0.014013
640.1344041824341,0.23973,0.014131
640.1905698776245,0.24093,0.013957
640.2379326820374,0.24184,0.013929
640.2909858226776,0.24277,0.013922
640.3417329788208,0.24483,0.014033
640.3895606994629,0.2456,0.014095
640.4457960128784,0.24584,0.014166
640.4973423480988,0.24763,0.014134
640.5426812171936,0.24776,0.014193
640.5969285964966,0.24884,0.014266
640.6461341381073,0.24983,0.014292
640.6948637962341,0.25175,0.014217
640.7451727390289,0.25172,0.014325
640.7952823638916,0.25379,0.014295
640.8493528366089,0.25379,0.014281
640.8958320617676,0.25465,0.014312
640.9478425979614,0.2556,0.014271
640.9998281002045,0.25665,0.014281
641.0493881702423,0.25844,0.01431
641.1048126220703,0.25864,0.014385
641.1522438526154,0.26064,0.014402
641.2007465362549,0.26084,0.014434
641.2521719932556,0.26161,0.014558
641.3067417144775,0.26268,0.014457
641.3531465530396,0.2636,0.014496
641.4040594100952,0.2646,0.014756
641.4573976993561,0.2666,0.01467
641.5057129859924,0.26668,0.014988
641.5572001934052,0.26764,0.015198
641.6067397594452,0.2686,0.015174
641.6555013656616,0.27033,0.015193
641.7071440219879,0.27067,0.015624
641.756338596344,0.27159,0.015824
641.8081252574921,0.27267,0.015882
641.8605334758759,0.27352,0.015913
641.907830953598,0.27368,0.015864
641.9560236930847,0.27553,0.015935
642.0108680725098,0.27669,0.01594
642.0626244544983,0.27744,0.015518
642.1106328964233,0.27871,0.015461
642.1612741947174,0.27937,0.015271
642.2102665901184,0.28055,0.015304
642.2584836483002,0.28068,0.014903
642.3157122135162,0.28237,0.014822
642.3621184825897,0.28368,0.014777
642.4146656990051,0.28445,0.014654
642.4637999534607,0.28536,0.014435
642.5140063762665,0.28637,0.014429
642.5622806549072,0.28735,0.014359
642.6161353588104,0.28849,0.014184
642.6638696193695,0.2894,0.01435
642.7132451534271,0.29015,0.014272
642.7654631137848,0.29137,0.014374
642.8142094612122,0.29221,0.014354
642.8683915138245,0.2924,0.014372
642.9162471294403,0.29341,0.014446
642.9654207229614,0.29433,0.014228
643.0188157558441,0.29607,0.014398
643.0689029693604,0.29725,0.0142
643.1176664829254,0.29815,0.014194
643.1669588088989,0.29919,0.014176
643.2157161235809,0.2992,0.014191
643.2701981067657,0.30112,0.014239
643.3215656280518,0.30195,0.014234
643.3721253871918,0.30303,0.014278
643.420419216156,0.305,0.014188
643.4691617488861,0.30483,0.013673
643.5232062339783,0.029467,0.013921
643.5735681056976,0.030667,0.014095
643.6237969398499,0.036147,0.014638
643.6696636676788,0.039173,0.014387
643.7229280471802,0.039013,0.014345
643.7746067047119,0.044973,0.014246
643.8202126026154,0.045147,0.014362
643.8744328022003,0.047867,0.01447
643.9252829551697,0.050867,0.014387
643.9770677089691,0.056533,0.014546
644.0253307819366,0.0596,0.014567
644.0793287754059,0.062293,0.014551
644.128297328949,0.06492,0.014608
644.1775004863739,0.065413,0.014493
644.2269260883331,0.06804,0.014526
644.2806208133698,0.0708,0.014669
644.3301155567169,0.07356,0.014513
644.3751637935638,0.0764,0.014565
644.4309313297272,0.081653,0.014587
644.4793722629547,0.084653,0.014484
644.5291562080383,0.084693,0.014449
644.5794878005981,0.087147,0.014371
644.6295249462128,0.090067,0.01443
644.6868968009949,0.092587,0.014278
644.7360465526581,0.095293,0.014294
644.7876491546631,0.095333,0.014148
644.8339455127716,0.09664,0.014086
644.883451461792,0.09784,0.014034
644.9335114955902,0.099333,0.013947
644.9841022491455,0.10059,0.013755
645.0356631278992,0.10172,0.01401
645.0860908031464,0.103,0.014001
645.1361577510834,0.10437,0.013946
645.1871912479401,0.10564,0.013943
645.2364358901978,0.1068,0.013926
645.2873742580414,0.10815,0.013913
645.3389780521393,0.1082,0.013927
645.3918497562408,0.11061,0.013849
645.4388618469238,0.11191,0.013803
645.4921383857727,0.11311,0.013832
645.5424661636353,0.11424,0.013678
645.5897078514099,0.11552,0.013821
645.6443243026733,0.11671,0.013639
645.6911318302155,0.11683,0.013705
645.7423996925354,0.11909,0.013797
645.7923157215118,0.12031,0.013632
645.844498872757,0.12157,0.01366
645.8985402584076,0.12279,0.013878
645.9469132423401,0.1238,0.013874
646.0026721954346,0.12519,0.013779
646.0521700382233,0.12617,0.013979
646.1019756793976,0.12752,0.013853
646.1506690979004,0.12841,0.014014
646.2005741596222,0.12979,0.014002
646.2520821094513,0.13099,0.014085
646.3015310764313,0.13204,0.014139
646.3538916110992,0.13333,0.0141
646.4042274951935,0.13311,0.014139
646.4590709209442,0.13549,0.014196
646.5068452358246,0.13664,0.014318
646.5579988956451,0.13781,0.014202
646.604745388031,0.13899,0.014241
646.6550164222717,0.13895,0.014231
646.7051186561584,0.14136,0.014326
646.760862827301,0.14244,0.014304
646.8133573532104,0.14247,0.014329
646.8602652549744,0.14485,0.014332
646.9122071266174,0.14595,0.014396
646.9659695625305,0.14688,0.014432
647.0132131576538,0.14696,0.01455
647.0661523342133,0.14828,0.014622
647.116929769516,0.14944,0.014621
647.1614797115326,0.15133,0.014676
647.2159638404846,0.15252,0.014697
647.2653534412384,0.15355,0.014669
647.320642709732,0.15456,0.01471
647.369255065918,0.15575,0.014777
647.418224811554,0.15685,0.014651
647.4672038555145,0.15684,0.014625
647.516973733902,0.15785,0.014498
647.5703256130219,0.16016,0.0144
647.6224989891052,0.16031,0.014403
647.6736781597137,0.1612,0.01418
647.7253563404083,0.16232,0.014182
647.7757616043091,0.16343,0.013974
647.8277533054352,0.16447,0.013884
647.8776156902313,0.16557,0.01394
647.9260046482086,0.16652,0.013814
647.9747004508972,0.16884,0.013712
648.0281367301941,0.16963,0.01377
648.0801646709442,0.17096,0.013828
648.1291637420654,0.1708,0.013853
648.1760106086731,0.17189,0.013892
648.2295169830322,0.17309,0.013903
648.2818174362183,0.1742,0.013912
648.3314611911774,0.17523,0.013885
648.3780534267426,0.17724,0.013859
648.4353914260864,0.17728,0.0139
648.4837896823883,0.17825,0.013822
648.5332062244415,0.17959,0.013868
648.5820205211639,0.18055,0.01372
648.6381709575653,0.18145,0.013822
648.6913480758667,0.18236,0.013659
648.7434394359589,0.18464,0.013604
648.790869474411,0.18573,0.013604
648.8410315513611,0.18673,0.013765
648.8956634998322,0.18673,0.013717
648.9448449611664,0.18787,0.013961
648.9964897632599,0.18893,0.014128
649.0454168319702,0.18996,0.013984
649.0959334373474,0.19157,0.014085
649.1475465297699,0.19289,0.014042
649.1982383728027,0.19295,0.014051
649.2514164447784,0.19408,0.014124
649.2994933128357,0.19485,0.014158
649.3492171764374,0.19611,0.014073
649.3993861675262,0.19727,0.014079
649.4495658874512,0.19921,0.01425
649.4996440410614,0.1992,0.014268
649.5590388774872,0.20025,0.014242
649.6070568561554,0.20128,0.014311
649.6572585105896,0.20219,0.014351
649.7095687389374,0.20323,0.014304
649.7591586112976,0.20435,0.01456
649.8109519481659,0.20643,0.014509
649.8599419593811,0.20644,0.014461
649.9108448028564,0.2072,0.014743
649.9619462490082,0.20837,0.014682
650.0137581825256,0.20935,0.014777
650.0593111515045,0.20955,0.014899
650.116970539093,0.2114,0.014872
650.1656625270844,0.21236,0.015065
650.2185707092285,0.2134,0.01523
650.2653932571411,0.21452,0.015299
650.3187570571899,0.21559,0.015294
650.3657598495483,0.21645,0.015328
650.4166717529297,0.21757,0.015201
650.467517375946,0.21861,0.015251
650.5146284103394,0.21867,0.015264
650.5684366226196,0.22064,0.015257
650.6214158535004,0.22169,0.015005
650.6673138141632,0.22244,0.014811
650.7190842628479,0.22372,0.015007
650.7698609828949,0.22473,0.014403
650.8203518390656,0.22537,0.014319
650.8732674121857,0.22755,0.014398
650.922137260437,0.22763,0.014241
650.9756121635437,0.22852,0.01422
651.0243558883667,0.2296,0.014185
651.0706856250763,0.23052,0.014109
651.1247313022614,0.23169,0.01409
651.1737403869629,0.23265,0.014051
651.2213461399078,0.23356,0.014246
651.2755084037781,0.23475,0.014258
651.3261115550995,0.23557,0.01423
651.373640537262,0.23649,0.014211
651.4271683692932,0.23743,0.014262
651.4750158786774,0.23756,0.014172
651.52965259552,0.23971,0.013855
651.5792446136475,0.24065,0.014034
651.6294167041779,0.24183,0.013933
651.6821248531342,0.24152,0.013959
651.7295980453491,0.24361,0.014013
651.7803149223328,0.24376,0.014003
651.8327627182007,0.24469,0.014017
651.8829238414764,0.24669,0.014116
651.9318404197693,0.24763,0.014099
651.9848036766052,0.24848,0.013958
652.0326628684998,0.24844,0.014173
652.0808005332947,0.24964,0.014226
652.1363501548767,0.25071,0.014058
652.1813042163849,0.25256,0.014241
652.2335226535797,0.25339,0.014331
652.2827455997467,0.25449,0.014149
652.3364236354828,0.25552,0.014236
652.3840916156769,0.25581,0.014313
652.4348449707031,0.25661,0.014357
652.4864120483398,0.25765,0.014163
652.5341682434082,0.25848,0.014312
652.5849311351776,0.25955,0.014311
652.6393237113953,0.26057,0.014304
652.6905426979065,0.26263,0.014475
652.7417356967926,0.26337,0.014499
652.7919383049011,0.26452,0.014613
652.8457169532776,0.26552,0.014609
652.8940579891205,0.26553,0.01485
652.9440684318542,0.26644,0.014909
652.9938652515411,0.26737,0.015343
653.0425696372986,0.26857,0.015211
653.0945117473602,0.26947,0.015355
653.1436705589294,0.27043,0.01559
653.1953506469727,0.27149,0.015859
653.2444100379944,0.27241,0.015829
653.2955849170685,0.27337,0.015854
653.3475239276886,0.27451,0.015858
653.3961384296417,0.27639,0.015917
653.4476017951965,0.27651,0.015781
653.4918413162231,0.27732,0.015894
653.5453174114227,0.27817,0.015512
653.598316192627,0.27916,0.015153
653.6475508213043,0.2804,0.015153
653.700528383255,0.28125,0.014977
653.7477035522461,0.28243,0.014853
653.7997848987579,0.28324,0.014615
653.8525762557983,0.28435,0.014613
653.9008002281189,0.28528,0.014442
653.9505639076233,0.28628,0.01461
654.001035451889,0.28741,0.014179
654.0553591251373,0.28828,0.014105
654.1032996177673,0.28939,0.014157
654.1564683914185,0.29027,0.014207
654.2039268016815,0.29119,0.014225
654.25572681427,0.29287,0.014446
654.3065667152405,0.29328,0.014356
654.3520879745483,0.29431,0.014422
654.4066638946533,0.29515,0.014267
654.4582715034485,0.29627,0.014341
654.5066559314728,0.29612,0.013976
654.5567719936371,0.29803,0.014052
654.6083996295929,0.29909,0.014091
654.6600956916809,0.30015,0.014163
654.7088460922241,0.30117,0.014185
654.7589962482452,0.30108,0.014253
654.8094835281372,0.30311,0.014305
654.8580410480499,0.30335,0.014107
654.9106249809265,0.30468,0.01397
654.961333990097,0.030307,0.013865
655.0136535167694,0.03024,0.014467
655.0618209838867,0.03552,0.014433
655.1127541065216,0.038573,0.014255
655.1617081165314,0.041507,0.014582
655.2159292697906,0.044453,0.014371
655.2655959129333,0.047547,0.014451
655.3147315979004,0.05032,0.01442
655.3613250255585,0.053293,0.014458
655.414519071579,0.05608,0.014598
655.4653007984161,0.056067,0.014362
655.516606092453,0.059027,0.014588
655.5661423206329,0.061853,0.014609
655.6183850765228,0.06464,0.014587
655.6669638156891,0.0674,0.014513
655.7187962532043,0.07032,0.014745
655.7680768966675,0.07296,0.014535
655.8193120956421,0.07732,0.014678
655.8678107261658,0.081653,0.014549
655.9211800098419,0.081307,0.014457
655.9691300392151,0.084,0.01437
656.0188992023468,0.0868,0.014333
656.0702986717224,0.089573,0.014242
656.1199128627777,0.092307,0.014176
656.1707625389099,0.093693,0.014161
656.2214744091034,0.095173,0.014083
656.2724025249481,0.096493,0.014023
656.3193855285645,0.097547,0.013988
656.3734049797058,0.098827,0.01398
656.4200432300568,0.10027,0.014003
656.4728577136993,0.10165,0.01408
656.5227522850037,0.10269,0.01402
656.5740134716034,0.10419,0.014009
656.6222543716431,0.1054,0.013957
656.6747722625732,0.10655,0.013961
656.7240874767303,0.10787,0.0139
656.7788083553314,0.10907,0.013895
656.8275806903839,0.1114,0.013901
656.8785774707794,0.11176,0.013917
656.9227063655853,0.11296,0.013806
656.975996017456,0.11403,0.013665
657.0252630710602,0.11557,0.013706
657.0796720981598,0.11544,0.013664
657.1312367916107,0.11767,0.013601
657.1797153949738,0.11903,0.013543
657.2298789024353,0.12016,0.013609
657.2807817459106,0.12115,0.013686
657.3322412967682,0.12157,0.013789
657.3825767040253,0.12351,0.013848
657.4310114383698,0.12361,0.013864
657.480794429779,0.12597,0.013944
657.5340330600739,0.12725,0.014065
657.5855412483215,0.12863,0.013957
657.6324481964111,0.12961,0.013992
657.6854255199432,0.13085,0.013998
657.7360570430756,0.13212,0.014075
657.7866032123566,0.13208,0.014059
657.835648059845,0.133,0.014172
657.8837792873383,0.13525,0.014159
657.9356565475464,0.13656,0.014219
657.9868824481964,0.13779,0.01413
658.0368678569794,0.13901,0.014197
658.0893721580505,0.13984,0.01429
658.1357126235962,0.141,0.014283
658.18816447258,0.14128,0.014324
658.2368016242981,0.14227,0.014355
658.2883327007294,0.14457,0.014359
658.3393466472626,0.14557,0.014379
658.3908934593201,0.14565,0.014441
658.4395768642426,0.14795,0.014487
658.4924788475037,0.14808,0.014704
658.544572353363,0.14907,0.014655
658.5930504798889,0.15025,0.014547
658.6445455551147,0.1524,0.014619
658.6954166889191,0.15331,0.014665
658.7409217357635,0.15344,0.01469
658.7924208641052,0.15452,0.014719
658.844514131546,0.15567,0.014677
658.895143032074,0.15649,0.014683
658.9471690654755,0.15884,0.014466
658.9998421669006,0.15904,0.014464
659.0518043041229,0.16087,0.014351
659.1003959178925,0.16215,0.014228
659.1534214019775,0.16213,0.014163
659.2043538093567,0.16343,0.014072
659.2479636669159,0.16424,0.014012
659.3007383346558,0.16653,0.013976
659.3555345535278,0.16628,0.013893
659.4040913581848,0.16753,0.01386
659.4509346485138,0.16885,0.013732
659.5045738220215,0.16972,0.01383
659.5522401332855,0.17075,0.013798
659.6058621406555,0.17193,0.01379
659.6583936214447,0.17392,0.013848
659.7064690589905,0.17412,0.013768
659.7544736862183,0.17524,0.013834
659.8077869415283,0.17593,0.013837
659.8582758903503,0.17735,0.01391
659.9135365486145,0.17816,0.013826
659.9618420600891,0.17941,0.013956
660.012800693512,0.18036,0.013821
660.0620107650757,0.18143,0.013609
660.1147971153259,0.18249,0.01364
660.1671912670135,0.18357,0.013603
660.2171828746796,0.18449,0.013698
660.2644801139832,0.18568,0.013595
660.314510345459,0.18688,0.01382
660.3648662567139,0.18769,0.013907
660.41965675354,0.18873,0.013861
660.4679529666901,0.18979,0.013872
660.5220108032227,0.19095,0.013984
660.5694153308868,0.1918,0.01403
660.6200654506683,0.19301,0.013801
660.673017501831,0.19401,0.014123
660.7208652496338,0.19504,0.014108
660.773754119873,0.19596,0.014331
660.8227517604828,0.19713,0.014066
660.8773994445801,0.19807,0.014239
660.9279751777649,0.19916,0.014197
660.9736216068268,0.19915,0.014121
661.029214143753,0.20109,0.014341
661.0767395496368,0.20215,0.014314
661.1334581375122,0.20311,0.014309
661.182288646698,0.20425,0.014407
661.235878944397,0.20525,0.014422
661.2887330055237,0.20629,0.014532
661.3384683132172,0.2084,0.014558
661.3892974853516,0.20827,0.014812
661.4355924129486,0.20929,0.014904
661.4887979030609,0.21005,0.014875
661.538666009903,0.2114,0.014947
661.586923122406,0.21225,0.014863
661.6378996372223,0.21259,0.015076
661.6925344467163,0.21444,0.014932
661.7393066883087,0.21536,0.015197
661.7903699874878,0.21661,0.015194
661.8358342647552,0.21633,0.015269
661.8926491737366,0.21727,0.015305
661.9397578239441,0.2184,0.015174
661.9924294948578,0.22055,0.015099
662.0423753261566,0.22156,0.014825
662.0935680866241,0.22261,0.014815
662.1495304107666,0.22355,0.014538
662.1949543952942,0.22456,0.014334
662.247123003006,0.22556,0.014429
662.2991790771484,0.22649,0.014263
662.3497684001923,0.22751,0.014181
662.4035696983337,0.22859,0.014294
662.4578654766083,0.22956,0.014138
662.5063383579254,0.23063,0.014097
662.5558862686157,0.23053,0.014177
662.6059994697571,0.23244,0.01414
662.6611821651459,0.23255,0.014252
662.709086894989,0.23352,0.01431
662.7586522102356,0.23533,0.014189
662.8127224445343,0.23569,0.014228
662.862690448761,0.23753,0.014262
662.9145286083221,0.23736,0.014071
662.9652473926544,0.23945,0.014095
663.0126962661743,0.23968,0.013939
663.0628654956818,0.24051,0.013925
663.113579750061,0.24256,0.013974
663.1686451435089,0.24352,0.01399
663.2168018817902,0.24453,0.013864
663.2670121192932,0.24553,0.014075
663.3170895576477,0.24636,0.014099
663.368980884552,0.24663,0.01408
663.4233639240265,0.24757,0.014031
663.4725773334503,0.24827,0.013999
663.5233738422394,0.2506,0.014088
663.5715432167053,0.25159,0.014231
663.6220614910126,0.25241,0.014214
663.6725664138794,0.2534,0.014254
663.7224054336548,0.25345,0.014302
663.77912068367,0.25445,0.014297
663.8258428573608,0.25535,0.014328
663.8776001930237,0.25635,0.014155
663.9271066188812,0.25851,0.01428
663.9778442382812,0.25941,0.014341
664.0277488231659,0.26053,0.014346
664.076112985611,0.26125,0.014411
664.1298584938049,0.26152,0.014399
664.1806924343109,0.2624,0.014591
664.2310512065887,0.26337,0.014759
664.2807714939117,0.26436,0.01477
664.3301775455475,0.26632,0.014703
664.3869392871857,0.26641,0.014768
664.4352271556854,0.26829,0.015055
664.4860782623291,0.26835,0.015344
664.5318393707275,0.26916,0.015315
664.5864427089691,0.27139,0.015212
664.6361229419708,0.2722,0.015823
664.6868929862976,0.27239,0.015688
664.7350103855133,0.27333,0.015887
664.7867085933685,0.2744,0.015847
664.8365180492401,0.27511,0.015861
664.887904882431,0.27616,0.01575
664.9393091201782,0.27719,0.015551
664.9888198375702,0.27909,0.015402
665.0407445430756,0.27917,0.015288
665.0910398960114,0.28027,0.015039
665.1380825042725,0.28137,0.014932
665.1923997402191,0.28221,0.014958
665.2447488307953,0.28413,0.01476
665.2928495407104,0.28429,0.014485
665.3438649177551,0.28523,0.014512
665.3937866687775,0.2862,0.014384
665.4424362182617,0.28709,0.014281
665.4933702945709,0.28792,0.014194
665.5456554889679,0.28919,0.014173
665.5982789993286,0.29091,0.014146
665.645500421524,0.29104,0.014258
665.6988093852997,0.29217,0.014347
665.7498819828033,0.29293,0.014319
665.7989132404327,0.29405,0.014299
665.847795009613,0.29504,0.014205
665.9003484249115,0.29521,0.014143
665.9498724937439,0.29701,0.014045
665.9973695278168,0.29801,0.014211
666.0477657318115,0.29888,0.01412
666.0987515449524,0.29984,0.014049
666.1500883102417,0.29995,0.014137
666.1994094848633,0.30188,0.014226
666.2488057613373,0.30291,0.014204
666.301828622818,0.30404,0.014205
666.3531646728516,0.030013,0.014446
666.4019846916199,0.030373,0.013818
666.4504299163818,0.032333,0.014385
666.4992907047272,0.03512,0.014414
666.5521860122681,0.038227,0.014285
666.603581905365,0.04128,0.014442
666.6533095836639,0.044,0.014375
666.7077572345734,0.047013,0.014385
666.7537143230438,0.050013,0.014371
666.8061563968658,0.053,0.014416
666.8579862117767,0.055653,0.014435
666.9093770980835,0.05868,0.014499
666.9551687240601,0.061547,0.014553
667.0071566104889,0.061307,0.014328
667.0610287189484,0.064453,0.01442
667.1095809936523,0.067227,0.014347
667.1598978042603,0.072733,0.014478
667.2100958824158,0.072627,0.014604
667.2588560581207,0.075693,0.014522
667.3109867572784,0.08096,0.014397
667.3615336418152,0.081013,0.01421
667.4154345989227,0.08388,0.014299
667.4636793136597,0.08924,0.01433
667.5114483833313,0.09172,0.014279
667.5627110004425,0.093507,0.014089
667.614485502243,0.093507,0.014102
667.6633234024048,0.09508,0.013909
667.7186896800995,0.09604,0.013921
667.7674233913422,0.09768,0.013876
667.81463098526,0.098813,0.013978
667.8666322231293,0.10141,0.013877
667.9162082672119,0.10255,0.013944
667.9726812839508,0.10275,0.013909
668.020416021347,0.10393,0.013915
668.0715067386627,0.10524,0.01392
668.1223492622375,0.10643,0.013936
668.173485994339,0.10768,0.013841
668.2272622585297,0.10896,0.013861
668.2744472026825,0.1112,0.013815
668.3238127231598,0.11121,0.013908
668.3753595352173,0.11271,0.013721
668.4281883239746,0.11395,0.013658
668.4765167236328,0.11508,0.013723
668.5306212902069,0.11632,0.013648
668.578183889389,0.11755,0.01359
668.6275668144226,0.11871,0.013631
668.68168592453,0.12,0.013591
668.7296614646912,0.12135,0.013651
668.7820415496826,0.12233,0.013532
668.8313646316528,0.12341,0.013783
668.8793511390686,0.12468,0.013711
668.9350559711456,0.12588,0.013903
668.9817934036255,0.12709,0.013923
669.0337319374084,0.1282,0.013912
669.0900757312775,0.12948,0.013916
669.1354138851166,0.13061,0.014086
669.1887125968933,0.13192,0.014117
669.2398943901062,0.13292,0.014118
669.2886271476746,0.13513,0.014193
669.3388633728027,0.13547,0.014202
669.3913140296936,0.1364,0.014106
669.4393835067749,0.13743,0.014111
669.4911806583405,0.13855,0.014155
669.5409052371979,0.13981,0.014209
669.5922958850861,0.13987,0.014308
669.6406936645508,0.14235,0.014334
669.6867926120758,0.14333,0.014334
669.7417907714844,0.14451,0.014367
669.7937927246094,0.14549,0.014403
669.843502998352,0.14655,0.014462
669.8908605575562,0.14673,0.014608
669.9432933330536,0.14877,0.01455
669.9947261810303,0.14899,0.014558
670.0444703102112,0.15097,0.014609
670.0984630584717,0.15219,0.014694
670.146445274353,0.15317,0.014671
670.1978538036346,0.15439,0.014668
670.2452158927917,0.15539,0.01467
670.2984952926636,0.15665,0.014689
670.3468961715698,0.15653,0.014524
670.3961048126221,0.15872,0.014549
670.4497864246368,0.15991,0.014297
670.5016462802887,0.16068,0.01446
670.5498616695404,0.16095,0.014284
670.6034688949585,0.16204,0.013989
670.6513855457306,0.16296,0.014161
670.7033889293671,0.16535,0.014325
670.7521669864655,0.16617,0.014016
670.8031597137451,0.16745,0.013833
670.851270198822,0.16855,0.013954
670.9063541889191,0.16953,0.013791
670.9540991783142,0.16959,0.013928
671.0051255226135,0.17064,0.013821
671.0553293228149,0.17176,0.013795
671.1078677177429,0.17281,0.013781
671.1568765640259,0.17481,0.013838
671.2050881385803,0.17581,0.013883
671.2544453144073,0.17703,0.013823
671.3084156513214,0.1772,0.013852
671.3575530052185,0.17804,0.013903
671.4071674346924,0.18008,0.01391
671.4597001075745,0.18019,0.013665
671.5077912807465,0.18136,0.013726
671.5566208362579,0.18251,0.013649
671.6077792644501,0.18339,0.01366
671.6613833904266,0.18437,0.013707
671.7102208137512,0.18533,0.013824
671.76105427742,0.18659,0.013733
671.8117384910583,0.18761,0.013944
671.8639566898346,0.18949,0.013989
671.9137861728668,0.18985,0.013983
671.9642522335052,0.19073,0.013981
672.0113155841827,0.19179,0.013999
672.0676736831665,0.19272,0.01412
672.1163604259491,0.19379,0.014123
672.1668803691864,0.19487,0.014023
672.2171740531921,0.19581,0.014148
672.2670292854309,0.19691,0.014199
672.3135631084442,0.19811,0.014226
672.3673310279846,0.19904,0.014258
672.4207410812378,0.19991,0.014153
672.467910528183,0.20095,0.01424
672.5222709178925,0.20103,0.0142
672.5713403224945,0.20301,0.014254
672.6214411258698,0.20396,0.014406
672.671756029129,0.20505,0.014381
672.7209157943726,0.20596,0.014512
672.775913476944,0.20709,0.014597
672.8246672153473,0.20815,0.014773
672.8731412887573,0.20819,0.014894
672.9273972511292,0.20996,0.014538
672.9759011268616,0.21023,0.014925
673.0250153541565,0.21223,0.014736
673.0768654346466,0.21324,0.014987
673.1298534870148,0.21411,0.01505
673.1769626140594,0.21509,0.015022
673.2293028831482,0.21628,0.015128
673.2770776748657,0.21723,0.015156
673.3292827606201,0.21731,0.015125
673.3792788982391,0.21916,0.014939
673.429407119751,0.22019,0.014903
673.4802768230438,0.22121,0.014868
673.5296106338501,0.22221,0.014737
673.5813298225403,0.22328,0.014518
673.6322710514069,0.22341,0.014253
673.6784508228302,0.22436,0.014066
673.7303693294525,0.22539,0.014071
673.7794880867004,0.22729,0.014161
673.8301365375519,0.22828,0.013885
673.8803267478943,0.22941,0.014193
673.9352159500122,0.23037,0.014081
673.9814295768738,0.23053,0.01403
674.0349016189575,0.23135,0.013923
674.0850632190704,0.23233,0.014109
674.1352059841156,0.23429,0.014012
674.1864256858826,0.23533,0.013963
674.2357804775238,0.23635,0.014012
674.2840230464935,0.23732,0.014117
674.3356945514679,0.23744,0.014056
674.3844702243805,0.23832,0.013993
674.4369978904724,0.23933,0.013978
674.4885532855988,0.24016,0.013933
674.5376996994019,0.24127,0.013784
674.5895302295685,0.24324,0.013752
674.6423461437225,0.24443,0.014006
674.6901950836182,0.24443,0.014017
674.7421405315399,0.24536,0.014044
674.7891621589661,0.24617,0.01418
674.8399486541748,0.24835,0.014047
674.8938641548157,0.24936,0.014034
674.9478509426117,0.24937,0.01421
674.9952671527863,0.25025,0.014183
675.0470995903015,0.25133,0.014362
675.0993950366974,0.25328,0.014159
675.1461441516876,0.25332,0.014171
675.1978011131287,0.25429,0.014275
675.2502298355103,0.25523,0.0143
675.2988283634186,0.25644,0.014273
675.3509051799774,0.25821,0.01433
675.3969657421112,0.25929,0.014334
675.449684381485,0.25925,0.01421
675.5013656616211,0.26021,0.014327
675.5505907535553,0.26133,0.01439
675.6076927185059,0.26233,0.014434
675.6540429592133,0.26321,0.014607
675.7064261436462,0.26505,0.014688
675.7542831897736,0.26524,0.014928
675.8058924674988,0.26612,0.014697
675.857907295227,0.267,0.014991
675.9120299816132,0.26817,0.015203
675.9617702960968,0.26927,0.015224
676.0079786777496,0.27013,0.015484
676.0613577365875,0.27137,0.015324
676.113762140274,0.27208,0.015251
676.1595029830933,0.27319,0.015516
676.2159469127655,0.27423,0.015805
676.2640562057495,0.275,0.015684
676.3146483898163,0.27532,0.015638
676.3663582801819,0.27713,0.01534
676.4175765514374,0.27804,0.01544
676.4635982513428,0.27903,0.015462
676.5165774822235,0.28104,0.014855
676.5654346942902,0.28109,0.015249
676.6163873672485,0.28209,0.014944
676.669919013977,0.28292,0.014869
676.7159395217896,0.28399,0.014546
676.7741174697876,0.28493,0.014529
676.8187923431396,0.28504,0.014392
676.8734591007233,0.28697,0.014221
676.9250915050507,0.28791,0.014193
676.9795000553131,0.28889,0.014129
677.0278153419495,0.28983,0.014314
677.0809192657471,0.29092,0.014264
677.128249168396,0.29189,0.014315
677.1801126003265,0.29279,0.014198
677.2284526824951,0.294,0.014301
677.2764286994934,0.29468,0.01419
677.3294830322266,0.29588,0.014065
677.382551908493,0.29588,0.013945
677.4332880973816,0.29781,0.014099
677.4833552837372,0.2988,0.01412
677.5338423252106,0.29879,0.014078
677.585691690445,0.29979,0.014202
677.6337003707886,0.30156,0.014162
677.6800725460052,0.30267,0.014229
677.7336733341217,0.30397,0.014213
677.7843754291534,0.030053,0.014578
677.8326387405396,0.027867,0.013934
677.8806626796722,0.029293,0.014445
677.9341485500336,0.032133,0.014467
677.9882435798645,0.037667,0.014374
678.0359208583832,0.040613,0.014291
678.0874309539795,0.043773,0.014286
678.1350786685944,0.0466,0.014236
678.184983253479,0.046453,0.014379
678.2358396053314,0.049493,0.014404
678.2876524925232,0.0524,0.014401
678.3372116088867,0.058013,0.014289
678.3847210407257,0.060973,0.014342
678.4369444847107,0.061013,0.014349
678.4914264678955,0.06672,0.014539
678.5407438278198,0.069613,0.014478
678.5904474258423,0.069667,0.014608
678.64217877388,0.072387,0.014435
678.6911618709564,0.075067,0.014399
678.7396595478058,0.080427,0.01438
678.7911903858185,0.080867,0.014305
678.8419227600098,0.08332,0.014506
678.8908388614655,0.08876,0.014171
678.9483234882355,0.088933,0.014291
678.9966065883636,0.091547,0.013996
679.0479764938354,0.094653,0.014152
679.0973417758942,0.09468,0.014152
679.1454539299011,0.096027,0.013932
679.2020082473755,0.097147,0.013852
679.2506577968597,0.098533,0.01392
679.300989151001,0.10103,0.013782
679.3517091274261,0.10236,0.013925
679.4072983264923,0.10241,0.013877
679.4548740386963,0.10376,0.013844
679.5064299106598,0.10497,0.013846
679.5575330257416,0.10639,0.013854
679.6065893173218,0.10753,0.013788
679.6603722572327,0.10893,0.013822
679.7113301753998,0.11128,0.013864
679.7556533813477,0.11116,0.013837
679.8100028038025,0.1126,0.013676
679.8629536628723,0.11377,0.013678
679.919771194458,0.11505,0.013685
679.9677877426147,0.11744,0.013702
680.0156750679016,0.11752,0.013569
680.0686938762665,0.11855,0.013629
680.1186299324036,0.11972,0.01369
680.1679968833923,0.12093,0.013757
680.218168258667,0.12313,0.013771
680.267774105072,0.12347,0.013729
680.3189029693604,0.12459,0.013827
680.3722407817841,0.12579,0.013835
680.4197125434875,0.12695,0.013823
680.4736886024475,0.12831,0.013855
680.5220024585724,0.12931,0.013919
680.5746428966522,0.13047,0.013979
680.622917175293,0.13147,0.013986
680.6751229763031,0.13272,0.014167
680.7222907543182,0.13385,0.014072
680.7733092308044,0.13504,0.014114
680.8228397369385,0.13611,0.014104
680.8757493495941,0.13733,0.014188
680.926680803299,0.13845,0.014142
680.9763352870941,0.1396,0.014156
681.0278344154358,0.14065,0.014024
681.079351902008,0.1422,0.014198
681.1321506500244,0.14303,0.014264
681.181209564209,0.14417,0.01434
681.2314119338989,0.14525,0.014465
681.2820405960083,0.14645,0.014584
681.3331229686737,0.14748,0.01455
681.3844995498657,0.14881,0.014524
681.4305181503296,0.14975,0.014572
681.483421087265,0.15087,0.014484
681.5342440605164,0.15205,0.014633
681.5854032039642,0.15315,0.014678
681.6373820304871,0.15415,0.014536
681.6894702911377,0.15428,0.014611
681.7396676540375,0.15552,0.014525
681.7874746322632,0.15633,0.014557
681.8397154808044,0.15845,0.014492
681.8873839378357,0.15987,0.014383
681.9363825321198,0.16065,0.014317
681.9863488674164,0.16193,0.014328
682.03768658638,0.16191,0.014148
682.0896642208099,0.16405,0.014064
682.141695022583,0.16392,0.013855
682.1935343742371,0.16511,0.013939
682.2425162792206,0.16611,0.013825
682.2929830551147,0.1684,0.013775
682.3442595005035,0.16936,0.013699
682.392829656601,0.17011,0.013675
682.444578409195,0.17144,0.013882
682.4935102462769,0.1726,0.013764
682.5437021255493,0.17265,0.013797
682.5985436439514,0.17363,0.013772
682.647702217102,0.17589,0.013724
682.6969990730286,0.17684,0.013818
682.7497937679291,0.17685,0.013705
682.7989194393158,0.17887,0.013722
682.8444037437439,0.179,0.013708
682.9002873897552,0.17996,0.013713
682.9474322795868,0.18121,0.013697
683.0010142326355,0.18216,0.013722
683.0494954586029,0.18419,0.013728
683.1055085659027,0.18517,0.013599
683.1521155834198,0.18616,0.013675
683.2034692764282,0.18648,0.013652
683.2568647861481,0.18728,0.013999
683.3048324584961,0.18828,0.014045
683.3552403450012,0.18932,0.01405
683.4069406986237,0.19049,0.01384
683.4578938484192,0.19145,0.013919
683.5065596103668,0.19353,0.014043
683.5610415935516,0.19459,0.014143
683.6110196113586,0.19561,0.014091
683.6603219509125,0.19571,0.014089
683.7086143493652,0.19659,0.01414
683.762378692627,0.19764,0.014219
683.809220790863,0.19869,0.014357
683.8599977493286,0.19972,0.014222
683.9128079414368,0.20165,0.014289
683.9625561237335,0.20275,0.014435
684.013041973114,0.20297,0.014314
684.060802936554,0.20363,0.014342
684.1155738830566,0.20481,0.014497
684.1618094444275,0.20571,0.014281
684.2127845287323,0.20699,0.014387
684.2632961273193,0.20708,0.014652
684.3146181106567,0.20887,0.014638
684.3623993396759,0.21001,0.014743
684.4215312004089,0.21113,0.014734
684.4700992107391,0.21208,0.014831
684.5181531906128,0.21315,0.014878
684.5683674812317,0.21404,0.015018
684.6231400966644,0.21515,0.014973
684.6716542243958,0.21515,0.01514
684.7224037647247,0.21703,0.015031
684.7718462944031,0.21813,0.015031
684.8232426643372,0.21908,0.01512
684.8755278587341,0.22019,0.014996
684.9244709014893,0.22033,0.014802
684.9742593765259,0.22216,0.014843
685.0270388126373,0.22215,0.0147
685.0754904747009,0.22405,0.014505
685.1259498596191,0.22512,0.014243
685.177410364151,0.22619,0.014291
685.2311723232269,0.22711,0.014268
685.2806589603424,0.22821,0.014116
685.3314254283905,0.22911,0.014126
685.3774287700653,0.22932,0.013978
685.4344563484192,0.23117,0.013963
685.4821774959564,0.23229,0.013971
685.5351338386536,0.23312,0.014024
685.5824513435364,0.23428,0.014077
685.6335945129395,0.23521,0.014079
685.6844003200531,0.23536,0.013982
685.7334189414978,0.23719,0.013912
685.7847833633423,0.2382,0.013933
685.8347263336182,0.23916,0.013791
685.8855483531952,0.24021,0.013833
685.9344284534454,0.24115,0.013877
685.9845116138458,0.24228,0.013964
686.0362944602966,0.24307,0.014045
686.0853464603424,0.24337,0.013911
686.1395969390869,0.24417,0.014028
686.1925735473633,0.24624,0.014074
686.2391338348389,0.24689,0.014086
686.2884178161621,0.24791,0.014146
686.3415994644165,0.24919,0.014154
686.3918318748474,0.24911,0.014124
686.4419765472412,0.25021,0.014132
686.4933483600616,0.25112,0.01407
686.5423998832703,0.25217,0.014263
686.5949981212616,0.25385,0.014135
686.6483519077301,0.25412,0.014249
686.6952958106995,0.25596,0.014264
686.747097492218,0.2572,0.014299
686.797111749649,0.25719,0.014291
686.8482873439789,0.25907,0.014341
686.8984973430634,0.26008,0.014294
686.9462745189667,0.26096,0.014214
686.998964548111,0.26204,0.014345
687.0500433444977,0.26193,0.014499
687.097710609436,0.2628,0.014615
687.14905834198,0.26501,0.01458
687.2008967399597,0.26591,0.014689
687.2505459785461,0.26599,0.014828
687.3018035888672,0.26708,0.014896
687.350389957428,0.26811,0.014929
687.3996467590332,0.26883,0.014865
687.450432062149,0.27,0.015106
687.4998002052307,0.27095,0.015197
687.549289226532,0.27199,0.015234
687.599406003952,0.27287,0.015448
687.6514332294464,0.27395,0.015472
687.7040395736694,0.27579,0.015474
687.7502720355988,0.27589,0.01553
687.8030557632446,0.27676,0.015457
687.8506064414978,0.27797,0.015436
687.9038903713226,0.27903,0.01499
687.9556622505188,0.27987,0.014766
688.0031843185425,0.28085,0.014966
688.0515592098236,0.28091,0.014658
688.1021528244019,0.28288,0.014704
688.153210401535,0.28381,0.014535
688.2045304775238,0.28463,0.014285
688.2525851726532,0.2858,0.01425
688.3112494945526,0.28687,0.014145
688.3649423122406,0.28773,0.014246
688.415548324585,0.28888,0.014197
688.4645342826843,0.28972,0.014181
688.5160622596741,0.29075,0.013733
688.564284324646,0.29168,0.014134
688.613734960556,0.29264,0.014021
688.665769815445,0.2936,0.014045
688.7137849330902,0.29457,0.014049
688.7644000053406,0.29563,0.014226
688.8159308433533,0.29669,0.013966
688.8659374713898,0.29749,0.013945
688.9171993732452,0.29771,0.014266
688.9713859558105,0.29868,0.014114
689.0186283588409,0.30049,0.014229
689.0731821060181,0.30151,0.014318
689.1245267391205,0.30259,0.014205
689.1713130474091,0.30373,0.014292
689.2223546504974,0.30381,0.013969
689.2740621566772,0.027773,0.01365
689.3310022354126,0.0314,0.014335
689.3797364234924,0.034373,0.014588
689.4307894706726,0.037173,0.014244
689.4818458557129,0.04012,0.014286
689.5296204090118,0.043067,0.014191
689.5799188613892,0.046093,0.014278
689.6298258304596,0.046,0.014359
689.6827042102814,0.049173,0.014386
689.7317311763763,0.0548,0.014302
689.7828512191772,0.057613,0.014171
689.8349044322968,0.060613,0.014443
689.8857305049896,0.0634,0.014214
689.9333026409149,0.06608,0.01448
689.9844017028809,0.06608,0.014374
690.0376636981964,0.06916,0.014483
690.0867712497711,0.0718,0.01442
690.1358757019043,0.077347,0.01442
690.187038898468,0.080147,0.014178
690.2367179393768,0.082747,0.014456
690.2900824546814,0.0828,0.01424
690.3397793769836,0.08564,0.014111
690.3893458843231,0.08832,0.014055
690.4382588863373,0.093267,0.014204
690.4905943870544,0.0934,0.01406
690.539393901825,0.09456,0.014055
690.5891718864441,0.09612,0.014
690.6384749412537,0.097173,0.013859
690.6889088153839,0.098253,0.013826
690.7407627105713,0.0998,0.013796
690.7922823429108,0.10108,0.013838
690.8436317443848,0.10343,0.013911
690.8896021842957,0.1048,0.013764
690.9438672065735,0.10591,0.013774
690.9935719966888,0.10593,0.013821
691.0428431034088,0.10731,0.01368
691.0907752513885,0.10863,0.013788
691.144690990448,0.10983,0.013686
691.1950147151947,0.11109,0.01368
691.2460865974426,0.11215,0.013847
691.2967529296875,0.11343,0.013892
691.3473346233368,0.11455,0.013612
691.3960268497467,0.11721,0.013596
691.4461135864258,0.11716,0.013663
691.4964122772217,0.1184,0.013652
691.5495817661285,0.11972,0.013651
691.5987687110901,0.12085,0.013778
691.648289680481,0.12331,0.013775
691.7007195949554,0.12319,0.013819
691.7484548091888,0.12429,0.013757
691.8007001876831,0.12549,0.013866
691.8513209819794,0.12688,0.013836
691.8996939659119,0.12784,0.013882
691.9547915458679,0.12907,0.013916
692.0014395713806,0.13031,0.013958
692.0521426200867,0.13144,0.014051
692.1036970615387,0.1326,0.013947
692.1531691551208,0.13368,0.014131
692.2029705047607,0.13469,0.014067
692.2543375492096,0.13599,0.014066
692.3075642585754,0.1372,0.014053
692.3529336452484,0.13705,0.014187
692.403214931488,0.13928,0.014146
692.4573607444763,0.14061,0.014154
692.5031170845032,0.14163,0.014208
692.5550692081451,0.14281,0.014318
692.606682062149,0.14403,0.014366
692.6628413200378,0.14381,0.014326
692.7120070457458,0.14624,0.014454
692.7607562541962,0.14731,0.014423
692.8151862621307,0.14856,0.014473
692.8660917282104,0.14869,0.014483
692.917188167572,0.15067,0.014372
692.9652853012085,0.15077,0.014655
693.0164821147919,0.15289,0.014515
693.0708334445953,0.15403,0.014452
693.120726108551,0.15515,0.014507
693.1701219081879,0.15512,0.014476
693.2228760719299,0.15721,0.014467
693.272171497345,0.15831,0.01448
693.3248155117035,0.15949,0.014235
693.3750648498535,0.16076,0.014445
693.4232311248779,0.16187,0.014294
693.4728951454163,0.16275,0.014149
693.5246825218201,0.1626,0.014026
693.5776424407959,0.16383,0.013929
693.6258068084717,0.16605,0.013829
693.6738505363464,0.16721,0.013873
693.7268559932709,0.16832,0.013819
693.7796618938446,0.16924,0.013632
693.827810049057,0.16917,0.013677
693.8807573318481,0.17028,0.013698
693.9308774471283,0.17229,0.013686
693.9823703765869,0.17343,0.013689
694.0310690402985,0.17355,0.013757
694.0817506313324,0.17575,0.013765
694.1315219402313,0.17565,0.013742
694.1834943294525,0.17673,0.013761
694.2342002391815,0.17888,0.013728
694.2858028411865,0.17877,0.013741
694.3348119258881,0.18092,0.01366
694.3838534355164,0.18196,0.013704
694.4361393451691,0.18201,0.01375
694.4870517253876,0.18313,0.013737
694.5369844436646,0.18413,0.013621
694.5874772071838,0.18515,0.013651
694.6394596099854,0.18717,0.013773
694.6866824626923,0.18724,0.013789
694.7397348880768,0.188,0.013852
694.7924416065216,0.18931,0.013871
694.8406462669373,0.19032,0.013952
694.8928496837616,0.19139,0.014015
694.941653251648,0.19353,0.013931
694.9951708316803,0.19449,0.014017
695.044106721878,0.19449,0.014001
695.0936880111694,0.19539,0.014105
695.1435525417328,0.19763,0.014132
695.1951999664307,0.19767,0.014111
695.2492468357086,0.19867,0.014084
695.2966539859772,0.19951,0.014241
695.3544592857361,0.20068,0.014187
695.4011640548706,0.20195,0.014193
695.4539165496826,0.20296,0.014128
695.5058841705322,0.20476,0.014266
695.5527875423431,0.20484,0.014281
695.603185415268,0.20661,0.014323
695.6538503170013,0.20705,0.01461
695.7065341472626,0.20771,0.014617
695.7587251663208,0.2088,0.014499
695.8083341121674,0.21004,0.014612
695.8553104400635,0.21184,0.014633
695.9089155197144,0.21185,0.014567
695.958898305893,0.21289,0.01476
696.013188123703,0.21397,0.014745
696.0620143413544,0.21488,0.014836
696.1108107566833,0.21601,0.014557
696.1638419628143,0.21684,0.014873
696.2133598327637,0.21708,0.014927
696.2643029689789,0.21895,0.014878
696.314843416214,0.22016,0.014871
696.3610544204712,0.22195,0.014915
696.4139339923859,0.22199,0.014483
696.4612288475037,0.22285,0.014539
696.5145812034607,0.22411,0.014295
696.5662608146667,0.22497,0.014388
696.6161723136902,0.22612,0.014059
696.672732591629,0.22711,0.014072
696.7181420326233,0.22799,0.014113
696.7744064331055,0.22913,0.014117
696.8234710693359,0.23011,0.014191
696.8731269836426,0.23125,0.01383
696.9204285144806,0.23209,0.0138
696.9736745357513,0.23223,0.013945
697.0225574970245,0.234,0.01404
697.0746033191681,0.23395,0.013927
697.1247265338898,0.23584,0.013986
697.1743636131287,0.23695,0.013841
697.2276978492737,0.23797,0.013932
697.2748894691467,0.23909,0.013854
697.3268256187439,0.23895,0.013769
697.3778655529022,0.24093,0.013898
697.4267132282257,0.2422,0.013883
697.479602098465,0.24297,0.014008
697.5318396091461,0.24399,0.014035
697.577775478363,0.24491,0.014145
697.6263806819916,0.24513,0.014039
697.6819093227386,0.24705,0.014098
697.7281167507172,0.24797,0.014191
697.7790513038635,0.24899,0.014032
697.8320820331573,0.25004,0.014117
697.8847556114197,0.25101,0.014208
697.9368090629578,0.25189,0.014192
697.9848234653473,0.25285,0.014212
698.0357494354248,0.25296,0.01408
698.0870084762573,0.2538,0.014329
698.1390559673309,0.2558,0.01433
698.1846475601196,0.25696,0.014204
698.2328963279724,0.25799,0.014218
698.2885565757751,0.25805,0.014197
698.3387899398804,0.25981,0.014279
698.3878362178802,0.25981,0.014236
698.4383976459503,0.26096,0.014466
698.4906430244446,0.26299,0.0145
698.539046049118,0.26385,0.014423
698.5894746780396,0.26496,0.014441
698.6382789611816,0.26485,0.014529
698.6906127929688,0.26589,0.014757
698.7425651550293,0.26688,0.014987
698.7898874282837,0.26888,0.014826
698.8462679386139,0.2698,0.014873
698.8952617645264,0.26976,0.014841
698.9428029060364,0.2708,0.014866
698.9943444728851,0.27167,0.015087
699.0446491241455,0.2728,0.015132
699.0946867465973,0.27379,0.015176
699.1471755504608,0.27571,0.01518
699.1961541175842,0.27661,0.015103
699.2512545585632,0.2768,0.015195
699.2984085083008,0.2778,0.015065
699.3522193431854,0.27863,0.015013
699.4025344848633,0.27963,0.014883
699.4509165287018,0.28077,0.014634
699.5014369487762,0.28184,0.014765
699.5515892505646,0.28351,0.014403
699.6017787456512,0.28363,0.014694
699.6503915786743,0.28477,0.014456
699.7039015293121,0.28563,0.014141
699.752833366394,0.28657,0.01413
699.8013958930969,0.28736,0.01415
699.862247467041,0.28753,0.01404
699.9118418693542,0.28949,0.014158
699.9614751338959,0.29065,0.014102
700.0093102455139,0.2914,0.014036
700.0586144924164,0.2924,0.014027
700.1129250526428,0.29339,0.014072
700.1643970012665,0.29444,0.014022
700.2129402160645,0.29523,0.01392
700.2641327381134,0.29644,0.014057
700.3172328472137,0.29749,0.014057
700.3655121326447,0.29836,0.014132
700.4159445762634,0.29915,0.01409
700.4670858383179,0.30037,0.014151
700.5158603191376,0.30121,0.014235
700.5674891471863,0.30251,0.014189
700.6197652816772,0.30319,0.014225
700.6663136482239,0.026973,0.014752
700.7191441059113,0.028373,0.014001
700.771411895752,0.03088,0.014346
700.8205070495605,0.033733,0.014228
700.8721497058868,0.0336,0.014069
700.9184963703156,0.039507,0.014268
700.9687535762787,0.042573,0.014312
701.0201270580292,0.04256,0.014241
701.0702059268951,0.048507,0.014292
701.1196274757385,0.05128,0.014316
701.1714763641357,0.05416,0.014338
701.2197756767273,0.057147,0.014255
701.2716007232666,0.0572,0.014237
701.3230273723602,0.062853,0.014394
701.3765585422516,0.06556,0.014314
701.4246127605438,0.068507,0.014404
701.4765326976776,0.068333,0.014375
701.5260429382324,0.073827,0.014211
701.5754580497742,0.074067,0.014343
701.6255440711975,0.077,0.014441
701.6747004985809,0.082213,0.014237
701.7249069213867,0.08484,0.014261
701.776647567749,0.087653,0.014245
701.8257405757904,0.087813,0.0142
701.8757598400116,0.09056,0.014085
701.9311592578888,0.092933,0.01405
701.9759087562561,0.0942,0.014036
702.0285902023315,0.095587,0.013946
702.0775611400604,0.098027,0.013826
702.1294751167297,0.099347,0.013779
702.1787331104279,0.09964,0.013823
702.2273547649384,0.10101,0.013831
702.2804260253906,0.10191,0.013767
702.3305907249451,0.10332,0.013696
702.3832759857178,0.10445,0.013779
702.4332249164581,0.10688,0.013821
702.4829111099243,0.10805,0.013695
702.5373687744141,0.10841,0.013773
702.583683013916,0.10968,0.013697
702.6398601531982,0.11067,0.013668
702.6873271465302,0.11172,0.013691
702.7380406856537,0.11315,0.013632
702.7893254756927,0.11459,0.013629
702.8420968055725,0.11695,0.013673
702.8878393173218,0.11697,0.013646
702.9410688877106,0.11815,0.013509
702.9912807941437,0.11939,0.013686
703.0431153774261,0.12044,0.01381
703.0935165882111,0.12164,0.013747
703.1463713645935,0.12399,0.01383
703.1974694728851,0.12416,0.013747
703.2470321655273,0.12524,0.013763
703.2951073646545,0.12636,0.013886
703.3486955165863,0.12763,0.01383
703.3968358039856,0.12849,0.013639
703.4508125782013,0.13113,0.014019
703.5013406276703,0.13121,0.014024
703.550895690918,0.13233,0.014091
703.6020224094391,0.13353,0.013885
703.6551640033722,0.13467,0.014137
703.6984753608704,0.13563,0.014137
703.7531144618988,0.13684,0.014153
703.804895401001,0.13799,0.014056
703.8547141551971,0.13912,0.014183
703.9045870304108,0.14032,0.014188
703.9526798725128,0.14156,0.014213
704.0064311027527,0.14263,0.014361
704.0545046329498,0.14376,0.014188
704.1037616729736,0.14489,0.014234
704.1553239822388,0.14605,0.014455
704.2055816650391,0.147,0.01429
704.2628800868988,0.14811,0.014188
704.3097920417786,0.14932,0.014362
704.3642563819885,0.15037,0.014481
704.4137740135193,0.15151,0.014362
704.4644746780396,0.15267,0.014536
704.5132207870483,0.15395,0.014388
704.5623939037323,0.15501,0.014544
704.6150295734406,0.15628,0.014459
704.6654002666473,0.1572,0.014475
704.7175400257111,0.15809,0.014301
704.7638022899628,0.15925,0.014308
704.8184816837311,0.16039,0.014351
704.8664116859436,0.16161,0.014207
704.9189336299896,0.1626,0.014216
704.9686343669891,0.16357,0.014179
705.0200300216675,0.16472,0.013839
705.0695369243622,0.16463,0.013905
705.1179130077362,0.16573,0.013712
705.1711037158966,0.16687,0.013729
705.2221105098724,0.16901,0.013803
705.268607378006,0.17017,0.013677
705.3192586898804,0.1714,0.013658
705.3717889785767,0.17231,0.013648
705.4215264320374,0.17323,0.013652
705.4728133678436,0.17329,0.013631
705.5201706886292,0.17437,0.013663
705.5747504234314,0.17528,0.013675
705.6231136322021,0.17756,0.013678
705.6744780540466,0.17859,0.013766
705.7232704162598,0.17955,0.013584
705.7745904922485,0.17956,0.013693
705.8237574100494,0.1818,0.013705
705.8713393211365,0.18191,0.013798
705.9246864318848,0.18275,0.013787
705.9725878238678,0.18404,0.013844
706.0231170654297,0.18493,0.013798
706.0821812152863,0.18591,0.013748
706.1307830810547,0.18705,0.013686
706.1822741031647,0.18825,0.013766
706.2327191829681,0.19021,0.013991
706.281821012497,0.18996,0.013914
706.333799123764,0.19129,0.014019
706.388503074646,0.19227,0.014028
706.4375274181366,0.19323,0.014022
706.4882588386536,0.19523,0.014082
706.5392813682556,0.1962,0.014143
706.5983929634094,0.19621,0.014112
706.6475553512573,0.19825,0.014012
706.700989484787,0.19937,0.014211
706.7453992366791,0.19941,0.014197
706.7988119125366,0.20068,0.014195
706.849410533905,0.20144,0.014184
706.9007341861725,0.20244,0.014293
706.9512364864349,0.20344,0.01422
707.0013062953949,0.2044,0.014248
707.0507340431213,0.20559,0.014305
707.101808309555,0.20668,0.014294
707.1524498462677,0.20761,0.014478
707.2040801048279,0.20844,0.014507
707.2561175823212,0.20975,0.014509
707.3079342842102,0.21039,0.01465
707.3575663566589,0.21271,0.014533
707.4073791503906,0.21375,0.014639
707.4577584266663,0.21381,0.014737
707.5079665184021,0.2148,0.014703
707.5547423362732,0.216,0.01479
707.6090507507324,0.21669,0.014443
707.6611006259918,0.21764,0.014771
707.7071475982666,0.21876,0.014777
707.7597761154175,0.21961,0.014833
707.8097641468048,0.22168,0.01472
707.862996339798,0.22173,0.014685
707.91472697258,0.22272,0.014512
707.9618740081787,0.22369,0.014472
708.0126824378967,0.22464,0.014444
708.0620884895325,0.22679,0.014406
708.1115975379944,0.22675,0.014259
708.1609976291656,0.22799,0.014105
708.2151896953583,0.22883,0.013945
708.2659425735474,0.22993,0.013973
708.3157212734222,0.2308,0.013922
708.3681974411011,0.23177,0.013885
708.4161405563354,0.23277,0.013888
708.4691958427429,0.23377,0.013922
708.516952753067,0.23491,0.013759
708.566290140152,0.23599,0.013915
708.6158926486969,0.23673,0.013955
708.6697490215302,0.23784,0.013923
708.7208471298218,0.23876,0.013799
708.7679054737091,0.23977,0.013799
708.8231153488159,0.24067,0.013884
708.8712122440338,0.24181,0.013913
708.9230260848999,0.24273,0.013953
708.9718146324158,0.24403,0.01408
709.0287911891937,0.24491,0.014027
709.0769319534302,0.24568,0.014151
709.1271085739136,0.24659,0.014024
709.1805245876312,0.24788,0.014062
709.2361569404602,0.24791,0.01416
709.285117149353,0.24979,0.014167
709.3352582454681,0.25079,0.01422
709.385416507721,0.25187,0.01421
709.4402351379395,0.25305,0.014275
709.4874315261841,0.25385,0.014187
709.5368311405182,0.25473,0.014247
709.5910995006561,0.25583,0.014174
709.6390557289124,0.25691,0.01431
709.6889808177948,0.2578,0.014142
709.7399353981018,0.25884,0.014204
709.7913084030151,0.25971,0.01427
709.8422095775604,0.26083,0.014267
709.8888461589813,0.26185,0.014333
709.9409942626953,0.26169,0.014453
709.9957087039948,0.26275,0.014357
710.0408065319061,0.26445,0.014459
710.0961010456085,0.26559,0.014511
710.1455430984497,0.26661,0.014679
710.1953465938568,0.26779,0.014563
710.246987581253,0.26863,0.014711
710.2959518432617,0.26973,0.014699
710.3470256328583,0.27064,0.014824
710.4011559486389,0.27065,0.014858
710.4551317691803,0.27259,0.014887
710.502453327179,0.2736,0.015156
710.554749250412,0.27456,0.014965
710.6058905124664,0.27551,0.015006
710.6530454158783,0.27652,0.015054
710.7024083137512,0.27652,0.015054
710.7545495033264,0.27652,0.014833
710.8068497180939,0.27957,0.015091
710.8582360744476,0.28052,0.014784
710.9085853099823,0.2814,0.014698
710.957709312439,0.28225,0.014643
711.0086348056793,0.28341,0.014272
711.0569128990173,0.28355,0.014363
711.107070684433,0.28456,0.014072
711.1585605144501,0.28547,0.014277
711.2126965522766,0.28749,0.014547
711.2612805366516,0.28836,0.014094
711.3099370002747,0.28935,0.014108
711.3616344928741,0.28948,0.014137
711.4155266284943,0.29044,0.013906
711.4635543823242,0.29145,0.01392
711.5143349170685,0.29252,0.013958
711.5631625652313,0.29425,0.013983
711.6158175468445,0.29547,0.013954
711.6645119190216,0.29629,0.013992
711.7155859470367,0.29728,0.014067
711.7649562358856,0.29731,0.014061
711.8145780563354,0.29839,0.014055
711.8626708984375,0.29936,0.01416
711.9152190685272,0.30025,0.014197
711.9675164222717,0.30116,0.014161
712.0146653652191,0.30221,0.014141
712.0670335292816,0.30317,0.014135
712.1177175045013,0.026613,0.013749
712.1663823127747,0.028147,0.01395
712.2186145782471,0.030653,0.014334
712.2671482563019,0.033093,0.014206
712.3149914741516,0.03624,0.01416
712.3671245574951,0.0422,0.014167
712.4180002212524,0.04204,0.014045
712.4675636291504,0.045053,0.014185
712.5166897773743,0.048133,0.014247
712.5719504356384,0.051067,0.014275
712.6202564239502,0.05384,0.014337
712.6720597743988,0.056733,0.014336
712.7195184230804,0.05952,0.014384
712.7721834182739,0.062347,0.01447
712.8201117515564,0.065147,0.01435
712.8710994720459,0.067987,0.014249
712.9237725734711,0.070893,0.014285
712.975780248642,0.073507,0.014411
713.0240545272827,0.076413,0.014384
713.0758311748505,0.07912,0.01431
713.1247239112854,0.082027,0.014355
713.1804189682007,0.0848,0.014309
713.2301251888275,0.087427,0.014292
713.2793166637421,0.090227,0.01421
713.329829454422,0.09276,0.013883
713.384491443634,0.092747,0.014145
713.4326553344727,0.09556,0.014032
713.4847464561462,0.096613,0.014015
713.5324776172638,0.097907,0.013841
713.5829112529755,0.099267,0.013865
713.634626865387,0.10061,0.013835
713.6846358776093,0.10171,0.013656
713.7368626594543,0.10191,0.013758
713.78418135643,0.10413,0.013851
713.8378129005432,0.10533,0.013826
713.8897309303284,0.10688,0.013741
713.9363803863525,0.10803,0.013636
713.9891629219055,0.10933,0.013684
714.0398077964783,0.10943,0.013745
714.0933358669281,0.11189,0.013695
714.1411962509155,0.11305,0.0137
714.1953945159912,0.11451,0.013727
714.2448482513428,0.11547,0.01378
714.2941687107086,0.11683,0.0137
714.3447408676147,0.11783,0.013716
714.3921058177948,0.118,0.013744
714.4434888362885,0.12032,0.013755
714.4953060150146,0.12152,0.01372
714.543669462204,0.12275,0.013748
714.5955183506012,0.12279,0.013823
714.6427206993103,0.12412,0.013846
714.7007489204407,0.12513,0.013798
714.7473652362823,0.12749,0.0139
714.7990016937256,0.12867,0.013978
714.8528482913971,0.12991,0.013954
714.8995223045349,0.12973,0.01406
714.9519581794739,0.13121,0.013985
715.009309053421,0.13331,0.014023
715.0589892864227,0.13453,0.014041
715.1052875518799,0.13576,0.014141
715.1602566242218,0.13581,0.014206
715.2067859172821,0.13792,0.014318
715.2580668926239,0.13807,0.014149
715.3108050823212,0.13896,0.01413
715.3610591888428,0.14023,0.014164
715.4135103225708,0.14237,0.014263
715.4616334438324,0.14369,0.014211
715.5115633010864,0.14379,0.014332
715.561098575592,0.14585,0.014216
715.6100244522095,0.14688,0.014395
715.6629908084869,0.14691,0.014454
715.7125432491302,0.14801,0.01446
715.7621109485626,0.14905,0.014353
715.8124911785126,0.15028,0.014495
715.8631615638733,0.15248,0.014381
715.9137935638428,0.15249,0.014489
715.9645075798035,0.15353,0.014463
716.0158529281616,0.15581,0.014413
716.0665831565857,0.156,0.014342
716.1159842014313,0.15708,0.014337
716.1654698848724,0.15792,0.014397
716.2149996757507,0.15909,0.01427
716.2697937488556,0.16017,0.01416
716.3197686672211,0.16125,0.014124
716.3698625564575,0.16341,0.014314
716.4150168895721,0.1636,0.013998
716.4647493362427,0.16463,0.01402
716.5184595584869,0.16567,0.013968
716.5703399181366,0.1668,0.013894
716.6192545890808,0.16793,0.013874
716.6710307598114,0.16881,0.013794
716.7207515239716,0.16997,0.013673
716.7716946601868,0.17108,0.013757
716.8219723701477,0.17209,0.013684
716.8712198734283,0.1734,0.013636
716.9217274188995,0.17419,0.013665
716.9706282615662,0.17512,0.013586
717.0254385471344,0.17645,0.013588
717.0744366645813,0.17725,0.013715
717.1239593029022,0.1784,0.013706
717.1795871257782,0.17859,0.013649
717.2310483455658,0.18028,0.013633
717.2812976837158,0.18133,0.013702
717.3346173763275,0.18264,0.013769
717.3825988769531,0.18368,0.013661
717.4338824748993,0.18459,0.013858
717.4839994907379,0.18587,0.013593
717.531368970871,0.18577,0.013873
717.5854849815369,0.18799,0.014009
717.632844209671,0.18895,0.013926
717.6836123466492,0.18987,0.013927
717.7348697185516,0.19103,0.013879
717.7845985889435,0.19205,0.013978
717.8372490406036,0.19221,0.013967
717.8847758769989,0.19416,0.014082
717.9356722831726,0.19508,0.014063
717.9891831874847,0.19623,0.014046
718.0389099121094,0.19607,0.014138
718.0906765460968,0.19715,0.014107
718.1383743286133,0.19844,0.014051
718.1875991821289,0.2002,0.014187
718.2427189350128,0.20133,0.01418
718.2949478626251,0.20237,0.014135
718.3434112071991,0.20337,0.014184
718.3970286846161,0.20425,0.014258
718.4434945583344,0.20539,0.014213
718.4957625865936,0.20535,0.014245
718.5452466011047,0.20652,0.014226
718.5948514938354,0.20849,0.014256
718.6426198482513,0.20945,0.014292
718.6947152614594,0.20939,0.014423
718.7453479766846,0.21055,0.014382
718.7975142002106,0.2116,0.014532
718.8488442897797,0.21285,0.014508
718.8980031013489,0.21363,0.014608
718.9494383335114,0.21556,0.014513
718.9963054656982,0.21657,0.014472
719.0507383346558,0.21637,0.014475
719.096542596817,0.21773,0.014545
719.1499752998352,0.21873,0.014542
719.2055687904358,0.21949,0.014526
719.2532329559326,0.22059,0.01454
719.3041687011719,0.22255,0.014441
719.3557257652283,0.22267,0.014549
719.4091966152191,0.22459,0.014405
719.4585797786713,0.22472,0.014252
719.5060696601868,0.22551,0.014048
719.5593211650848,0.2266,0.014186
719.6179211139679,0.22757,0.014043
719.6652114391327,0.22963,0.014036
719.7160940170288,0.23041,0.01403
719.7666525840759,0.2316,0.013746
719.8149094581604,0.23168,0.013847
719.8678917884827,0.23268,0.013815
719.9144473075867,0.23375,0.013849
719.9689056873322,0.23459,0.013872
720.0187556743622,0.23571,0.013824
720.0702111721039,0.23679,0.013856
720.1173689365387,0.23769,0.013881
720.1708550453186,0.23855,0.013875
720.2212970256805,0.23963,0.013894
720.2731430530548,0.24071,0.014048
720.3182907104492,0.24169,0.013893
720.3726983070374,0.24255,0.014079
720.422774553299,0.2438,0.014022
720.4749202728271,0.24548,0.013935
720.5219600200653,0.24565,0.014043
720.571925163269,0.24669,0.014052
720.6241075992584,0.24732,0.014045
720.6764054298401,0.24868,0.014106
720.725145816803,0.2506,0.01415
720.7759001255035,0.25047,0.014077
720.8253650665283,0.25171,0.014229
720.8753778934479,0.25248,0.014217
720.9258000850677,0.25357,0.014
720.9788222312927,0.25471,0.014127
721.0248398780823,0.25563,0.014287
721.0780310630798,0.25641,0.014213
721.1287078857422,0.25657,0.014266
721.176159620285,0.25867,0.014165
721.2299385070801,0.2606,0.014261
721.2782995700836,0.2608,0.01415
721.3271729946136,0.2614,0.014186
721.3798155784607,0.26244,0.014333
721.4310467243195,0.26252,0.014258
721.478178024292,0.26452,0.014396
721.5315585136414,0.26435,0.014193
721.579029083252,0.2656,0.014274
721.636726140976,0.26748,0.014461
721.6888146400452,0.26864,0.014593
721.7378921508789,0.26948,0.014661
721.7909359931946,0.27028,0.014536
721.8383619785309,0.27041,0.01452
721.8899219036102,0.27153,0.014769
721.9392781257629,0.27337,0.014618
721.9904253482819,0.27448,0.014683
722.0403439998627,0.27445,0.014833
722.0919764041901,0.27648,0.014865
722.1384770870209,0.27739,0.014839
722.1921606063843,0.27735,0.014758
722.2447533607483,0.27833,0.014623
722.2929968833923,0.28041,0.014615
722.3429927825928,0.28143,0.014537
722.3952715396881,0.28225,0.014464
722.4432411193848,0.28311,0.014319
722.4924659729004,0.28441,0.0144
722.5441641807556,0.28423,0.014255
722.5930526256561,0.28532,0.014249
722.6472871303558,0.28629,0.014306
722.6978754997253,0.2882,0.014202
722.7461166381836,0.28932,0.014174
722.7963180541992,0.28929,0.014104
722.8480243682861,0.29125,0.014067
722.9006617069244,0.29116,0.014059
722.9490337371826,0.29229,0.014121
722.9985203742981,0.29423,0.014122
723.0495269298553,0.29428,0.014172
723.0979325771332,0.29609,0.014135
723.1521978378296,0.29613,0.014104
723.2003095149994,0.29728,0.014097
723.2505722045898,0.29799,0.014166
723.301611661911,0.29984,0.014196
723.351850271225,0.30107,0.014097
723.4054939746857,0.30111,0.014102
723.4527912139893,0.30196,0.014235
723.5037441253662,0.303,0.014335
723.5532517433167,0.026187,0.01419
723.6006848812103,0.027693,0.014267
723.6529293060303,0.030013,0.014378
723.7036826610565,0.02988,0.014229
723.7551972866058,0.03584,0.014215
723.8104569911957,0.038667,0.014201
723.8598201274872,0.04156,0.014239
723.9099435806274,0.044667,0.014291
723.9599511623383,0.0474,0.014174
724.0158488750458,0.050453,0.014211
724.0635004043579,0.053173,0.014233
724.1137144565582,0.05644,0.014331
724.1665587425232,0.059347,0.014321
724.2137868404388,0.062053,0.014363
724.2642390727997,0.06744,0.014134
724.3132057189941,0.067693,0.014261
724.364417552948,0.07036,0.014386
724.4139461517334,0.073173,0.014324
724.4663679599762,0.078493,0.014306
724.5138399600983,0.07888,0.014343
724.5658302307129,0.081667,0.014136
724.6167306900024,0.084067,0.014182
724.6660242080688,0.086587,0.014166
724.7141480445862,0.08948,0.014292
724.7664134502411,0.092253,0.014156
724.824140548706,0.092413,0.01412
724.8763651847839,0.095107,0.013983
724.9235105514526,0.096533,0.014063
724.974292755127,0.09756,0.013961
725.0264408588409,0.099093,0.013976
725.0781745910645,0.10019,0.013851
725.1318306922913,0.10153,0.013772
725.1857588291168,0.10284,0.013907
725.233892917633,0.10401,0.013855
725.2839484214783,0.10529,0.013795
725.3376276493073,0.10647,0.013745
725.3866808414459,0.10783,0.013754
725.4374535083771,0.10927,0.013767
725.4929714202881,0.11049,0.01369
725.5395617485046,0.11161,0.013677
725.5940282344818,0.11289,0.013561
725.641758441925,0.11415,0.013729
725.6934008598328,0.11436,0.013637
725.7488548755646,0.11644,0.013677
725.7978746891022,0.11769,0.013566
725.845974445343,0.11897,0.013686
725.8999605178833,0.12025,0.013767
725.9499096870422,0.12153,0.013737
726.0002346038818,0.12252,0.013863
726.0519442558289,0.12387,0.013838
726.0988867282867,0.12488,0.013883
726.1492145061493,0.12604,0.013973
726.1990876197815,0.12708,0.013837
726.2516510486603,0.12853,0.014105
726.3064279556274,0.12864,0.014014
726.354248046875,0.12961,0.013997
726.4047040939331,0.1308,0.014157
726.4558782577515,0.13312,0.014184
726.5072758197784,0.13419,0.014119
726.5566999912262,0.13539,0.014211
726.6057004928589,0.13535,0.014239
726.6576700210571,0.13668,0.014172
726.7048397064209,0.13795,0.014267
726.7575523853302,0.1388,0.014207
726.8047518730164,0.14109,0.014229
726.85981965065,0.14228,0.014173
726.9093606472015,0.14341,0.014185
726.9618000984192,0.14459,0.014102
727.0132009983063,0.14555,0.014266
727.0629153251648,0.14576,0.014257
727.1120979785919,0.14683,0.014329
727.1626436710358,0.14785,0.014381
727.2109003067017,0.1502,0.014383
727.2624192237854,0.15133,0.014351
727.310909986496,0.15244,0.014405
727.3621480464935,0.15248,0.014472
727.4129831790924,0.15357,0.014462
727.4648349285126,0.15452,0.014322
727.5139474868774,0.15676,0.014329
727.5648663043976,0.15692,0.014403
727.6139271259308,0.15891,0.014269
727.6641895771027,0.15885,0.014235
727.7128677368164,0.16005,0.014234
727.761816740036,0.16123,0.014219
727.8176684379578,0.16208,0.014121
727.8621971607208,0.16328,0.014203
727.9152193069458,0.16541,0.014129
727.9643933773041,0.16548,0.014019
728.0179717540741,0.16652,0.013931
728.0670149326324,0.16737,0.013909
728.1167216300964,0.16979,0.013923
728.1679663658142,0.17079,0.013876
728.215628862381,0.17072,0.013724
728.2667737007141,0.17195,0.013714
728.3182306289673,0.17196,0.013664
728.366911649704,0.17397,0.013708
728.4176559448242,0.17521,0.01368
728.4661321640015,0.17605,0.013694
728.519722700119,0.17711,0.013632
728.5703423023224,0.17827,0.013738
728.6190810203552,0.17944,0.013875
728.6696360111237,0.18047,0.013654
728.7205576896667,0.18152,0.013764
728.7718443870544,0.18148,0.013669
728.8214030265808,0.18359,0.013759
728.8691668510437,0.18455,0.013816
728.9215240478516,0.18555,0.013945
728.9734013080597,0.18668,0.013901
729.0238718986511,0.1868,0.013884
729.0692665576935,0.18859,0.013866
729.1245815753937,0.18977,0.014007
729.1737394332886,0.19081,0.01404
729.2246334552765,0.19187,0.014022
729.272575378418,0.19287,0.014066
729.322199344635,0.19377,0.014037
729.376876115799,0.19515,0.014067
729.425532579422,0.19599,0.014036
729.4737112522125,0.19711,0.014116
729.5252079963684,0.19796,0.014146
729.5731012821198,0.19911,0.014117
729.6269567012787,0.19923,0.014183
729.6752734184265,0.20048,0.014204
729.72629737854,0.2012,0.014118
729.7792444229126,0.2032,0.014138
729.8291244506836,0.20436,0.014173
729.8847234249115,0.20424,0.014218
729.9329304695129,0.20629,0.014301
729.9841377735138,0.20637,0.014165
730.0333685874939,0.20725,0.014341
730.0822887420654,0.20835,0.014323
730.1358408927917,0.21039,0.014377
730.1845445632935,0.21137,0.014354
730.2346370220184,0.21237,0.014459
730.2881741523743,0.21344,0.014216
730.3373184204102,0.21432,0.014433
730.387017250061,0.21448,0.014325
730.4367144107819,0.21623,0.014628
730.4893176555634,0.21648,0.014503
730.5400085449219,0.21729,0.014611
730.5887064933777,0.21847,0.014588
730.6363656520844,0.22055,0.014472
730.6905982494354,0.22053,0.014458
730.7432870864868,0.22145,0.014452
730.7916915416718,0.22236,0.014478
730.8414402008057,0.22361,0.014408
730.8909482955933,0.22445,0.014381
730.947859287262,0.22636,0.014282
730.995810508728,0.22643,0.014317
731.0484566688538,0.22748,0.01428
731.100102186203,0.22913,0.014255
731.1497898101807,0.22945,0.014219
731.1964337825775,0.23067,0.013954
731.253762960434,0.23244,0.014039
731.3026995658875,0.23355,0.01398
731.3513379096985,0.23451,0.01387
731.3993084430695,0.23452,0.013944
731.4547388553619,0.23536,0.014076
731.5023903846741,0.23644,0.013951
731.5504643917084,0.23735,0.01397
731.6017031669617,0.23836,0.014115
731.6545357704163,0.23955,0.014005
731.7023341655731,0.24065,0.014053
731.7539587020874,0.24145,0.014014
731.8043551445007,0.24259,0.014089
731.8533561229706,0.24363,0.014019
731.9075751304626,0.24447,0.013974
731.9604687690735,0.24656,0.013991
732.0068032741547,0.24653,0.014079
732.0594570636749,0.24843,0.01403
732.1162292957306,0.24936,0.014086
732.162522315979,0.24953,0.014222
732.215537071228,0.25039,0.014176
732.2632822990417,0.25127,0.014052
732.320422410965,0.25225,0.014178
732.3676829338074,0.2534,0.014203
732.42462849617,0.25437,0.014202
732.4705729484558,0.25527,0.014143
732.5241215229034,0.25727,0.014233
732.5761110782623,0.25716,0.014098
732.6240267753601,0.25839,0.014097
732.6801128387451,0.25937,0.014202
732.7294075489044,0.26047,0.014253
732.77876496315,0.26243,0.014223
732.8345017433167,0.26245,0.014249
732.8829045295715,0.26335,0.01428
732.9346990585327,0.26448,0.014312
732.9845125675201,0.26529,0.014319
733.0328042507172,0.26607,0.014397
733.0837123394012,0.26828,0.014385
733.1350183486938,0.26837,0.014388
733.1846072673798,0.2694,0.01437
733.2365128993988,0.2704,0.014486
733.2863509654999,0.27116,0.014479
733.3350982666016,0.27213,0.014402
733.3888041973114,0.27341,0.01452
733.4364686012268,0.27405,0.014402
733.4893727302551,0.27547,0.014549
733.5385174751282,0.27616,0.014528
733.5879595279694,0.27725,0.014649
733.6406588554382,0.27828,0.014501
733.6917915344238,0.27901,0.014515
733.7409565448761,0.27996,0.014472
733.7904641628265,0.28031,0.014471
733.8411467075348,0.28205,0.014445
733.8880205154419,0.28295,0.014305
733.9439809322357,0.28403,0.014358
733.9930956363678,0.285,0.014175
734.0422651767731,0.28605,0.014202
734.0934145450592,0.28704,0.014213
734.1437485218048,0.28805,0.014202
734.1935806274414,0.28907,0.0143
734.2444567680359,0.29007,0.014169
734.2950441837311,0.291,0.014064
734.3430278301239,0.29201,0.01411
734.3938829898834,0.29284,0.014063
734.4453184604645,0.29296,0.014177
734.495843410492,0.29484,0.014096
734.5458269119263,0.29495,0.014116
734.594488620758,0.296,0.014237
734.6436212062836,0.296,0.014237
734.6958417892456,0.29881,0.014084
734.749888420105,0.29985,0.014092
734.7937154769897,0.30089,0.014122
734.8530955314636,0.30173,0.014205
734.902361869812,0.30185,0.014167
734.9502260684967,0.30275,0.013966
735.0019626617432,0.028973,0.014056
735.0492463111877,0.02932,0.014052
735.1007299423218,0.02924,0.014331
735.1537811756134,0.032187,0.014176
735.2075400352478,0.03524,0.014171
735.2566297054291,0.03808,0.014085
735.3079032897949,0.041187,0.014196
735.3559846878052,0.044013,0.014211
735.4034128189087,0.047187,0.014163
735.4531371593475,0.052933,0.014185
735.5099165439606,0.052827,0.014231
735.560337305069,0.05596,0.014194
735.6075224876404,0.058467,0.014219
735.6587944030762,0.061507,0.014463
735.7088577747345,0.064107,0.0143
735.7573819160461,0.06692,0.014297
735.8119702339172,0.0698,0.014294
735.8622095584869,0.075387,0.014311
735.9100375175476,0.07828,0.014266
735.96710896492,0.078387,0.014345
736.0134990215302,0.080907,0.014419
736.0635452270508,0.086507,0.014218
736.1171600818634,0.08628,0.014301
736.1662459373474,0.089227,0.014263
736.2158634662628,0.091947,0.01421
736.2676377296448,0.093547,0.014017
736.3185865879059,0.09488,0.014126
736.3665697574615,0.097427,0.014157
736.4169774055481,0.098493,0.014061
736.4715700149536,0.0986,0.014023
736.5194606781006,0.099973,0.014007
736.5697667598724,0.10139,0.013936
736.620630979538,0.10249,0.013899
736.6712787151337,0.10391,0.013962
736.7238183021545,0.10516,0.013861
736.7748603820801,0.10643,0.013867
736.8228509426117,0.10763,0.013824
736.8729860782623,0.10875,0.013706
736.921457529068,0.11019,0.013774
736.9724230766296,0.11141,0.013809
737.0269961357117,0.11284,0.013779
737.0800657272339,0.11391,0.013747
737.1283195018768,0.11528,0.013761
737.1768229007721,0.11635,0.013807
737.2312800884247,0.11761,0.013792
737.2792282104492,0.11876,0.013772
737.3282506465912,0.11868,0.013907
737.3776702880859,0.12132,0.013882
737.4293391704559,0.12237,0.013938
737.4819881916046,0.12359,0.013819
737.5372505187988,0.12471,0.014025
737.5836112499237,0.12588,0.013937
737.6344521045685,0.12719,0.014033
737.690404176712,0.12843,0.013975
737.737987279892,0.12947,0.01404
737.788920879364,0.13067,0.01399
737.8397514820099,0.13076,0.014113
737.8912038803101,0.13183,0.01401
737.9420845508575,0.13281,0.014044
737.9893867969513,0.1352,0.014171
738.0393970012665,0.13632,0.013976
738.0902037620544,0.13749,0.01404
738.1416256427765,0.13771,0.014159
738.1913938522339,0.13985,0.014176
738.239848613739,0.13989,0.014197
738.292726278305,0.14207,0.01412
738.3429787158966,0.14323,0.014231
738.3945503234863,0.14449,0.014219
738.4450588226318,0.14539,0.014193
738.4949991703033,0.14653,0.014208
738.5499024391174,0.14763,0.014229
738.5962464809418,0.14891,0.014252
738.6512234210968,0.14992,0.01423
738.704803943634,0.14988,0.014343
738.7505474090576,0.15107,0.014306
738.8038914203644,0.15317,0.014225
738.85085272789,0.15421,0.014327
738.8997027873993,0.15445,0.014392
738.9538192749023,0.15651,0.014285
739.0035891532898,0.15765,0.01419
739.0549693107605,0.15772,0.014229
739.10520195961,0.15859,0.014292
739.1548023223877,0.16077,0.014262
739.203572511673,0.16207,0.014041
739.2532641887665,0.16205,0.014236
739.3063669204712,0.16413,0.014184
739.3522779941559,0.16523,0.014133
739.4060070514679,0.16536,0.014065
739.4548969268799,0.16632,0.014115
739.5046899318695,0.16743,0.014188
739.5578742027283,0.16859,0.014011
739.6068289279938,0.17071,0.014037
739.6561539173126,0.17167,0.013948
739.7098195552826,0.17281,0.014034
739.7603688240051,0.17273,0.013907
739.8091425895691,0.17379,0.013825
739.859504699707,0.17485,0.013775
739.9098153114319,0.17597,0.013796
739.9595205783844,0.17801,0.013757
740.0120849609375,0.17919,0.013853
740.0643794536591,0.17904,0.013755
740.111759185791,0.18013,0.013757
740.163788318634,0.18109,0.013776
740.2158222198486,0.18225,0.013882
740.264909029007,0.18335,0.013882
740.3185739517212,0.1854,0.013885
740.3727099895477,0.18536,0.013879
740.4214100837708,0.18649,0.013933
740.471289396286,0.18751,0.013955
740.5241711139679,0.18879,0.014003
740.5721793174744,0.18965,0.013956
740.6255888938904,0.1906,0.014079
740.6740891933441,0.19159,0.014058
740.7268354892731,0.19268,0.014038
740.7713596820831,0.19383,0.014115
740.822625875473,0.19487,0.014155
740.8775136470795,0.19483,0.013998
740.9252727031708,0.19696,0.014051
740.9780974388123,0.19793,0.014142
741.0296068191528,0.19877,0.013974
741.077582359314,0.19985,0.01419
741.1285653114319,0.20107,0.014114
741.1795480251312,0.20212,0.014212
741.2327439785004,0.20304,0.014184
741.2836871147156,0.20407,0.0142
741.3321785926819,0.20523,0.014317
741.3830890655518,0.20624,0.014167
741.4338541030884,0.20697,0.01423
741.4821779727936,0.20809,0.014251
741.5362553596497,0.20928,0.014351
741.5874443054199,0.21012,0.0142
741.6370549201965,0.21216,0.01423
741.6860861778259,0.21223,0.014322
741.7382824420929,0.21316,0.014186
741.786703824997,0.21409,0.014291
741.8366799354553,0.21528,0.014199
741.8868036270142,0.21525,0.014379
741.939005613327,0.21724,0.014344
741.9861915111542,0.21827,0.014375
742.0367000102997,0.2194,0.014485
742.0871338844299,0.22025,0.014357
742.1369717121124,0.22031,0.014261
742.1889045238495,0.22237,0.014424
742.2387344837189,0.22243,0.014323
742.2884755134583,0.22337,0.014424
742.3383450508118,0.22439,0.014255
742.3917968273163,0.22625,0.014259
742.4408528804779,0.22743,0.014302
742.4930460453033,0.22827,0.014261
742.543384552002,0.22837,0.01413
742.5923264026642,0.22929,0.014231
742.6413271427155,0.23144,0.01409
742.694709777832,0.23237,0.014064
742.7397131919861,0.23236,0.014045
742.7945206165314,0.23333,0.014071
742.8453297615051,0.23433,0.014
742.8993895053864,0.23545,0.014
742.9457767009735,0.23735,0.013976
742.9986474514008,0.23837,0.013985
743.047792673111,0.2384,0.013903
743.096019744873,0.23925,0.013976
743.1486482620239,0.2404,0.01411
743.1987709999084,0.24133,0.013891
743.2482154369354,0.24243,0.014034
743.2997024059296,0.24427,0.013878
743.3505256175995,0.24537,0.014097
743.3992183208466,0.24624,0.01411
743.4497499465942,0.24648,0.014227
743.5006630420685,0.24744,0.014069
743.5542311668396,0.24825,0.014093
743.5985436439514,0.25027,0.01412
743.649792432785,0.25141,0.014193
743.7039694786072,0.25228,0.01414
743.7549912929535,0.25247,0.014229
743.807005405426,0.25331,0.014204
743.8619909286499,0.25428,0.014229
743.9104018211365,0.25521,0.01414
743.9604120254517,0.25648,0.014086
744.0115828514099,0.25711,0.014157
744.0627150535583,0.25812,0.014106
744.111142873764,0.25901,0.014214
744.168555021286,0.26036,0.014247
744.2170250415802,0.26117,0.014259
744.2673091888428,0.26209,0.014185
744.3197572231293,0.26333,0.0142
744.368311882019,0.26528,0.014309
744.41974401474,0.2652,0.014248
744.4679870605469,0.26615,0.014249
744.5156626701355,0.26723,0.014199
744.5697872638702,0.26825,0.014274
744.6190032958984,0.26927,0.014333
744.6699011325836,0.27011,0.014354
744.7186703681946,0.27124,0.01439
744.776175737381,0.27196,0.014429
744.8236043453217,0.27327,0.014365
744.8788616657257,0.27417,0.014437
744.9262521266937,0.27493,0.014459
744.9773645401001,0.27607,0.014397
745.0301072597504,0.2762,0.014359
745.0786476135254,0.2792,0.014445
745.1295609474182,0.27913,0.01443
745.1797921657562,0.28,0.014365
745.2291350364685,0.28101,0.014519
745.2818746566772,0.28196,0.014453
745.3291246891022,0.28207,0.014232
745.3829660415649,0.28317,0.01436
745.4299471378326,0.28503,0.014256
745.4848816394806,0.28573,0.014321
745.5358877182007,0.28707,0.014083
745.5838046073914,0.28787,0.01415
745.6349399089813,0.28887,0.014061
745.6834578514099,0.289,0.014117
745.7364597320557,0.29097,0.014123
745.7831025123596,0.29165,0.014032
745.8393142223358,0.29272,0.014024
745.8891673088074,0.29391,0.014104
745.9368584156036,0.29393,0.01404
745.9857182502747,0.29576,0.014067
746.0387387275696,0.29595,0.014157
746.0924603939056,0.29767,0.01418
746.1408376693726,0.2988,0.014211
746.1878736019135,0.29976,0.014135
746.2429404258728,0.30071,0.014179
746.290036201477,0.30095,0.014124
746.3425569534302,0.30256,0.014215
746.3910057544708,0.30284,0.014118
746.442446231842,0.024747,0.014058
746.4936761856079,0.02644,0.014198
746.5443260669708,0.032,0.014264
746.5958712100983,0.034747,0.014207
746.6428792476654,0.034907,0.014275
746.6960904598236,0.040973,0.014212
746.7492783069611,0.040893,0.014269
746.7960343360901,0.046693,0.014249
746.8450179100037,0.049333,0.014222
746.9006178379059,0.049933,0.014211
746.947361946106,0.055307,0.014193
746.9984557628632,0.055627,0.014276
747.0520124435425,0.058427,0.014364
747.0993967056274,0.06388,0.014121
747.1506090164185,0.066813,0.014263
747.1989126205444,0.06956,0.014208
747.2504425048828,0.072333,0.014238
747.2984745502472,0.072533,0.01425
747.3504271507263,0.075107,0.014246
747.3999202251434,0.0778,0.014174
747.4552884101868,0.080587,0.014168
747.5110301971436,0.086307,0.014152
747.5617744922638,0.088787,0.01401
747.6082260608673,0.08876,0.014232
747.657952785492,0.09156,0.014158
747.7106025218964,0.0936,0.014189
747.7607102394104,0.094533,0.014087
747.8143584728241,0.097493,0.014121
747.8650033473969,0.097467,0.014049
747.9140727519989,0.098667,0.014054
747.9603884220123,0.099733,0.013961
748.0137672424316,0.10111,0.013976
748.066056728363,0.10237,0.013955
748.1110055446625,0.10395,0.013975
748.1665246486664,0.10517,0.013901
748.2144882678986,0.10645,0.01395
748.269820690155,0.10749,0.013907
748.3180139064789,0.10865,0.013831
748.3699946403503,0.10992,0.01385
748.4181644916534,0.11136,0.013828
748.4708781242371,0.11251,0.013756
748.5195443630219,0.11235,0.013779
748.5726265907288,0.11537,0.013748
748.6204516887665,0.11739,0.013858
748.6706123352051,0.11732,0.013835
748.7236850261688,0.11851,0.013828
748.7728090286255,0.11988,0.013847
748.8203852176666,0.121,0.01389
748.8715364933014,0.12232,0.013802
748.9249269962311,0.12355,0.014043
748.9714353084564,0.12467,0.013998
749.0228478908539,0.1256,0.013925
749.07421708107,0.12679,0.013986
749.1286194324493,0.12716,0.014049
749.1793339252472,0.12927,0.014014
749.2266337871552,0.13028,0.013995
749.2752335071564,0.13156,0.01411
749.3339738845825,0.1328,0.01414
749.3845098018646,0.13387,0.014152
749.4313597679138,0.13503,0.014169
749.4807393550873,0.13615,0.014238
749.5365469455719,0.13752,0.014092
749.5848126411438,0.13859,0.01422
749.6320896148682,0.13975,0.014228
749.6813917160034,0.14077,0.014188
749.7421946525574,0.14177,0.014185
749.788773059845,0.14292,0.014217
749.8386731147766,0.14411,0.014267
749.8911249637604,0.1452,0.014098
749.9399380683899,0.14555,0.014136
749.9904100894928,0.14749,0.014269
750.0395882129669,0.14864,0.01423
750.0940847396851,0.14975,0.01418
750.1421611309052,0.1508,0.014127
750.1939008235931,0.15099,0.014196
750.2429597377777,0.15216,0.014268
750.2941024303436,0.15312,0.014247
750.3467528820038,0.15428,0.014265
750.3931727409363,0.15641,0.014286
750.4456799030304,0.15765,0.014271
750.4968373775482,0.15855,0.014249
750.5468754768372,0.15971,0.014148
750.5960626602173,0.16072,0.014195
750.6497642993927,0.16197,0.014291
750.7004396915436,0.16189,0.014056
750.7451031208038,0.16405,0.013968
750.7983493804932,0.16485,0.014201
750.848573923111,0.16625,0.014154
750.8996286392212,0.16735,0.014017
750.9507665634155,0.16829,0.014084
750.9998064041138,0.16843,0.014015
751.0480399131775,0.16956,0.013924
751.1014709472656,0.17043,0.013979
751.1482048034668,0.17165,0.013874
751.1972734928131,0.17385,0.013937
751.2471296787262,0.17375,0.01394
751.300051689148,0.17569,0.013842
751.3530147075653,0.17596,0.013876
751.4010138511658,0.17696,0.01396
751.4527068138123,0.17779,0.013873
751.5004169940948,0.17887,0.013925
751.5564987659454,0.18033,0.013911
751.603529214859,0.18112,0.013965
751.654167175293,0.18221,0.013918
751.7082436084747,0.18315,0.013967
751.7587206363678,0.18431,0.013791
751.8090250492096,0.18513,0.014202
751.855263710022,0.18625,0.01405
751.9076130390167,0.18732,0.013996
751.957902431488,0.18843,0.013915
752.0103225708008,0.19052,0.014004
752.0609674453735,0.19149,0.014071
752.1129252910614,0.19175,0.014134
752.1644032001495,0.19256,0.014021
752.2167983055115,0.19369,0.014323
752.2662079334259,0.19467,0.01415
752.3195102214813,0.19571,0.0144
752.3657867908478,0.19765,0.014405
752.4219188690186,0.19775,0.014165
752.4706015586853,0.19881,0.01419
752.5239064693451,0.19971,0.014127
752.5755002498627,0.20079,0.014169
752.622401714325,0.20179,0.014102
752.6734492778778,0.203,0.014086
752.7243957519531,0.20397,0.014123
752.7732145786285,0.20503,0.014238
752.8250186443329,0.20595,0.014219
752.8757147789001,0.20688,0.014141
752.9249818325043,0.20781,0.014257
752.9768116474152,0.20916,0.014215
753.0355839729309,0.20987,0.014102
753.0828347206116,0.21196,0.014259
753.1327431201935,0.21221,0.014241
753.1848306655884,0.21313,0.014204
753.2345044612885,0.21407,0.014412
753.2841184139252,0.21519,0.014252
753.335533618927,0.21604,0.014189
753.3836224079132,0.2172,0.014351
753.4374752044678,0.21737,0.01432
753.4895231723785,0.21908,0.014292
753.5370147228241,0.22013,0.014352
753.5896072387695,0.22113,0.014287
753.638231754303,0.22228,0.014266
753.6913452148438,0.22321,0.014256
753.7409715652466,0.22408,0.014326
753.7933344841003,0.22537,0.014175
753.8435950279236,0.22621,0.014407
753.8922824859619,0.22727,0.014259
753.9465794563293,0.22823,0.014115
753.9939115047455,0.22935,0.014216
754.047286272049,0.23021,0.014033
754.0988688468933,0.23028,0.014096
754.1461100578308,0.23211,0.013893
754.197446346283,0.23216,0.01399
754.2471053600311,0.23405,0.01402
754.2989213466644,0.23529,0.01405
754.3448462486267,0.23612,0.013997
754.3981432914734,0.23727,0.014165
754.4473679065704,0.23813,0.014192
754.4980866909027,0.23839,0.014104
754.5513694286346,0.23908,0.014043
754.6005094051361,0.24008,0.014311
754.6476969718933,0.24228,0.014153
754.7009527683258,0.24329,0.014094
754.753363609314,0.24423,0.014102
754.803715467453,0.2452,0.014092
754.8517031669617,0.24504,0.01413
754.9038350582123,0.24725,0.014004
754.9536912441254,0.24812,0.014099
755.0048921108246,0.24912,0.014124
755.0497052669525,0.24937,0.014119
755.1019232273102,0.2502,0.014194
755.1547095775604,0.25213,0.014185
755.2068614959717,0.25212,0.014126
755.2554636001587,0.25307,0.014119
755.3077273368835,0.25417,0.014178
755.3553600311279,0.25515,0.014215
755.40647149086,0.25713,0.01422
755.4574313163757,0.2582,0.014156
755.5096335411072,0.25928,0.014139
755.5562579631805,0.25924,0.014174
755.6057331562042,0.26007,0.014177
755.6563649177551,0.26127,0.014071
755.7081828117371,0.2622,0.014096
755.7561333179474,0.26412,0.014079
755.8072628974915,0.26513,0.014187
755.8621141910553,0.26512,0.014171
755.9089729785919,0.26612,0.014159
755.9620914459229,0.26692,0.014166
756.0102486610413,0.26807,0.014291
756.0621492862701,0.26905,0.01423
756.1133751869202,0.27007,0.014369
756.1580212116241,0.27112,0.014153
756.2167732715607,0.27299,0.014185
756.2664833068848,0.27301,0.014292
756.3144357204437,0.27393,0.014335
756.3663539886475,0.27476,0.014339
756.4179818630219,0.27607,0.014332
756.4653820991516,0.27693,0.014459
756.5220878124237,0.27796,0.014266
756.5715186595917,0.279,0.014426
756.6251173019409,0.27979,0.014299
756.674635887146,0.28089,0.014304
756.7276368141174,0.28177,0.014263
756.776820898056,0.28284,0.014301
756.8305883407593,0.28483,0.014262
756.880452632904,0.28488,0.014235
756.9291758537292,0.28593,0.014277
756.982093334198,0.28668,0.014111
757.0319714546204,0.28777,0.01422
757.0808413028717,0.28859,0.014058
757.1333000659943,0.28983,0.014174
757.1806151866913,0.29173,0.014056
757.2328612804413,0.29169,0.014154
757.2846913337708,0.29381,0.014202
757.3306624889374,0.29373,0.014154
757.382890701294,0.29455,0.014114
757.4314036369324,0.29576,0.014121
757.483745098114,0.29685,0.014194
757.5339560508728,0.29752,0.014113
757.5825052261353,0.29864,0.014107
757.6318531036377,0.29961,0.014201
757.6896388530731,0.30051,0.014215
757.7358825206757,0.30164,0.014186
757.7871708869934,0.30251,0.014123
757.8423073291779,0.024573,0.014253
757.8891763687134,0.025867,0.014067
757.9404184818268,0.028467,0.013952
757.9941461086273,0.03132,0.014133
758.0407378673553,0.031573,0.014087
758.0933213233948,0.03724,0.014122
758.1440849304199,0.037307,0.01402
758.1898019313812,0.043147,0.014237
758.2462792396545,0.0462,0.014345
758.297265291214,0.049,0.01403
758.3466393947601,0.052107,0.014263
758.3970422744751,0.054867,0.014309
758.447756767273,0.05764,0.014368
758.4991302490234,0.06052,0.014189
758.5468993186951,0.060733,0.014249
758.5972893238068,0.063653,0.014372
758.6511511802673,0.068893,0.014171
758.7001781463623,0.071907,0.01432
758.7513990402222,0.074467,0.014304
758.7979834079742,0.07716,0.014183
758.8495745658875,0.077373,0.014235
758.8978350162506,0.080107,0.014276
758.9506437778473,0.083053,0.014159
758.9994921684265,0.0854,0.014177
759.0539648532867,0.091027,0.014068
759.1008462905884,0.09304,0.014145
759.1545834541321,0.093227,0.014126
759.2018184661865,0.094293,0.014144
759.2528116703033,0.09712,0.014106
759.3031778335571,0.0984,0.014129
759.3512740135193,0.0984,0.014087
759.4003148078918,0.10108,0.014125
759.4534313678741,0.10077,0.014103
759.5025179386139,0.10215,0.01386
759.5579288005829,0.10347,0.014025
759.6083509922028,0.10459,0.014004
759.6591575145721,0.10599,0.013592
759.7097880840302,0.1086,0.013865
759.7588431835175,0.1096,0.013883
759.8099682331085,0.10973,0.013908
759.8580410480499,0.11099,0.013826
759.907639503479,0.11219,0.013991
759.9626233577728,0.11376,0.013825
760.0150997638702,0.11468,0.014057
760.0691349506378,0.11608,0.014009
760.1148052215576,0.11825,0.013829
760.1676602363586,0.11844,0.013752
760.217230796814,0.11943,0.013933
760.2686395645142,0.12084,0.013987
760.3204729557037,0.122,0.01401
760.3676307201385,0.12331,0.014036
760.4198184013367,0.12429,0.014091
760.4705793857574,0.12459,0.014053
760.5216083526611,0.12776,0.014017
760.5668737888336,0.12807,0.013995
760.6207859516144,0.12911,0.013895
760.6723175048828,0.13023,0.014019
760.7207937240601,0.13129,0.014037
760.772068977356,0.13252,0.014106
760.8224937915802,0.13267,0.014094
760.8734428882599,0.13388,0.014284
760.9208843708038,0.13588,0.014103
760.9764716625214,0.13747,0.014195
761.0233643054962,0.13847,0.014283
761.0758848190308,0.13969,0.014057
761.125171661377,0.14057,0.014246
761.1788063049316,0.14168,0.014115
761.2270586490631,0.14285,0.014189
761.2859859466553,0.14419,0.014081
761.3348615169525,0.145,0.014216
761.3830335140228,0.14623,0.014252
761.4336657524109,0.14739,0.014157
761.4840288162231,0.14849,0.01412
761.537079334259,0.14967,0.014157
761.5861284732819,0.15073,0.014282
761.6355845928192,0.15071,0.014191
761.6857631206512,0.15308,0.014266
761.7329862117767,0.15412,0.014163
761.781289100647,0.15513,0.014251
761.835675239563,0.15641,0.014101
761.8841619491577,0.15749,0.014147
761.9375703334808,0.15871,0.014236
761.98579621315,0.15873,0.01419
762.0370631217957,0.15964,0.014221
762.0910062789917,0.16163,0.014201
762.1398704051971,0.16276,0.014203
762.1946334838867,0.16401,0.013927
762.2428476810455,0.16487,0.014231
762.2921483516693,0.16625,0.014163
762.3444311618805,0.16611,0.014028
762.3953065872192,0.16717,0.014036
762.4469089508057,0.16824,0.014043
762.4981362819672,0.17052,0.014066
762.5448696613312,0.1714,0.01402
762.5973036289215,0.17249,0.013922
762.6470086574554,0.17357,0.013931
762.6972196102142,0.17485,0.013946
762.7481672763824,0.17475,0.013919
762.7994310855865,0.17656,0.014
762.8484513759613,0.17772,0.013931
762.8997721672058,0.17777,0.013949
762.9513540267944,0.17992,0.013948
763.0051884651184,0.17975,0.013917
763.0547866821289,0.18079,0.013978
763.1036009788513,0.18177,0.014056
763.152834892273,0.18287,0.014033
763.2027132511139,0.18512,0.013819
763.2521586418152,0.18619,0.014169
763.306726694107,0.18617,0.014142
763.3539299964905,0.18727,0.013879
763.4041683673859,0.18928,0.014081
763.4573013782501,0.18925,0.014073
763.5068359375,0.19144,0.014038
763.5580501556396,0.19131,0.014093
763.6076452732086,0.19241,0.014217
763.6576128005981,0.19352,0.014089
763.7082417011261,0.19456,0.014137
763.760561466217,0.1966,0.01423
763.8121309280396,0.19759,0.014096
763.8630933761597,0.19775,0.014125
763.9094388484955,0.19851,0.014125
763.9631743431091,0.19979,0.014066
764.0129451751709,0.20073,0.014255
764.0637519359589,0.20184,0.014273
764.117075920105,0.20279,0.014092
764.1667385101318,0.2038,0.014079
764.2154724597931,0.20547,0.014107
764.265928030014,0.20573,0.014153
764.3152010440826,0.20683,0.014155
764.3655679225922,0.20795,0.014231
764.4173502922058,0.20893,0.014214
764.4645476341248,0.20909,0.014218
764.5164158344269,0.21099,0.014125
764.5666787624359,0.21191,0.014113
764.6215453147888,0.21291,0.014237
764.668731212616,0.21401,0.014273
764.7205398082733,0.21508,0.014088
764.7686228752136,0.21584,0.01416
764.8212325572968,0.21693,0.014279
764.8701002597809,0.21808,0.014092
764.9220430850983,0.21896,0.014392
764.9719204902649,0.21983,0.014286
765.0218548774719,0.22093,0.014232
765.0694863796234,0.22208,0.014289
765.1233627796173,0.22309,0.014242
765.1763637065887,0.22297,0.014339
765.2240517139435,0.22513,0.014292
765.2784864902496,0.22595,0.014198
765.3288369178772,0.22703,0.01432
765.3762805461884,0.22785,0.014237
765.4273405075073,0.22911,0.014194
765.4807784557343,0.23012,0.014157
765.5283980369568,0.23008,0.014025
765.5824766159058,0.23203,0.0142
765.6319453716278,0.23308,0.013921
765.6814506053925,0.23413,0.014144
765.7328701019287,0.23505,0.014165
765.7830858230591,0.23605,0.014134
765.8329536914825,0.23697,0.014167
765.8828685283661,0.23807,0.014135
765.930942773819,0.23887,0.014138
765.9829483032227,0.23895,0.014195
766.0319671630859,0.24011,0.014286
766.0856170654297,0.24109,0.014174
766.1320493221283,0.24212,0.014145
766.1832284927368,0.24397,0.014188
766.2343528270721,0.24493,0.014139
766.285801410675,0.24588,0.014156
766.3410792350769,0.24603,0.014166
766.3900427818298,0.24713,0.014178
766.4382438659668,0.24807,0.014246
766.4931826591492,0.24893,0.014197
766.542099237442,0.25085,0.01418
766.5949280261993,0.252,0.014153
766.6419835090637,0.25303,0.014221
766.6935307979584,0.25393,0.014179
766.7455506324768,0.25413,0.014261
766.793952703476,0.25509,0.01421
766.844428062439,0.25593,0.014259
766.8967998027802,0.257,0.014239
766.9467701911926,0.25896,0.014242
767.0004279613495,0.26,0.01415
767.0497961044312,0.26065,0.014141
767.0998275279999,0.26184,0.014174
767.1506488323212,0.26179,0.014158
767.203382730484,0.26385,0.014207
767.2505309581757,0.26488,0.014254
767.3006944656372,0.26477,0.014304
767.3510830402374,0.26604,0.014125
767.4032611846924,0.26708,0.014161
767.4519157409668,0.26804,0.014141
767.503668308258,0.26977,0.01408
767.553074836731,0.26993,0.014226
767.6033163070679,0.2716,0.014306
767.6552650928497,0.27185,0.014177
767.7049489021301,0.27392,0.014278
767.7538330554962,0.27377,0.014267
767.8039164543152,0.27477,0.014302
767.8595798015594,0.27583,0.014171
767.9075376987457,0.27688,0.014292
767.9615082740784,0.27772,0.014315
768.0100429058075,0.27975,0.014166
768.061496257782,0.27968,0.014344
768.1117281913757,0.28087,0.014277
768.1623041629791,0.28175,0.014096
768.20942735672,0.28265,0.014254
768.2613224983215,0.28357,0.014263
768.3110089302063,0.28479,0.014064
768.361496925354,0.28568,0.014322
768.4122474193573,0.2866,0.014209
768.4647104740143,0.28767,0.014211
768.5121643543243,0.28873,0.014255
768.5654022693634,0.28964,0.014192
768.6130335330963,0.29055,0.014232
768.6614947319031,0.29168,0.014145
768.7138030529022,0.29275,0.014066
768.7635362148285,0.29263,0.014075
768.815456867218,0.29343,0.014052
768.8643753528595,0.29555,0.014272
768.9146108627319,0.29667,0.014183
768.962872505188,0.29753,0.014173
769.0163943767548,0.29848,0.014181
769.0652503967285,0.29955,0.01419
769.1145086288452,0.29933,0.014201
769.1678643226624,0.30057,0.014271
769.2157950401306,0.30141,0.014227
769.2661798000336,0.026173,0.014286
769.3164207935333,0.025493,0.014218
769.3675549030304,0.028053,0.014213
769.4174652099609,0.030773,0.014268
769.4730169773102,0.033667,0.01422
769.5218560695648,0.036773,0.014263
769.5696008205414,0.036867,0.014187
769.6215472221375,0.04256,0.014253
769.6706020832062,0.045627,0.014184
769.7229504585266,0.048613,0.014252
769.769921541214,0.051413,0.014178
769.8210589885712,0.054307,0.014311
769.8760848045349,0.057333,0.014237
769.9252092838287,0.057227,0.014254
769.97474360466,0.06156,0.014276
770.0251150131226,0.065893,0.014258
770.0796868801117,0.06592,0.014271
770.1290624141693,0.070227,0.014341
770.1786184310913,0.071613,0.014311
770.2283103466034,0.07416,0.014269
770.2801311016083,0.079787,0.01433
770.3272626399994,0.082413,0.014239
770.3784511089325,0.085347,0.01424
770.42982172966,0.08796,0.014143
770.481452703476,0.087907,0.014192
770.535521030426,0.090587,0.014207
770.584404706955,0.093147,0.014191
770.6347234249115,0.095667,0.014066
770.68350481987,0.095613,0.014158
770.7300968170166,0.09704,0.014028
770.7841672897339,0.098267,0.014046
770.8363423347473,0.099827,0.013989
770.8865482807159,0.10097,0.014105
770.9393301010132,0.10211,0.014138
770.9875099658966,0.10472,0.014097
771.0363776683807,0.10489,0.014035
771.090763092041,0.10605,0.01405
771.1396033763885,0.10725,0.014022
771.1923666000366,0.10849,0.013951
771.2396996021271,0.10965,0.01403
771.2901439666748,0.11091,0.014042
771.3394429683685,0.11197,0.013999
771.392285823822,0.11443,0.014038
771.4410698413849,0.11479,0.013933
771.4921360015869,0.11572,0.014054
771.5414478778839,0.11705,0.013913
771.5939209461212,0.11717,0.014011
771.6449329853058,0.11959,0.014032
771.6975960731506,0.12065,0.013968
771.7465398311615,0.12193,0.014139
771.8004314899445,0.12319,0.014123
771.84623670578,0.12453,0.014009
771.898542881012,0.12564,0.014104
771.9463686943054,0.12671,0.014116
772.0014340877533,0.12768,0.014101
772.053968667984,0.12889,0.01414
772.1027851104736,0.13012,0.014095
772.1600589752197,0.13139,0.014247
772.2059111595154,0.13247,0.014113
772.258466720581,0.13356,0.01417
772.3092267513275,0.13465,0.014197
772.3618311882019,0.13585,0.014169
772.4115138053894,0.13701,0.014117
772.4627597332001,0.13849,0.014159
772.5126669406891,0.13945,0.014056
772.5664973258972,0.14028,0.014101
772.6123042106628,0.14141,0.014277
772.6672177314758,0.14277,0.014184
772.7137088775635,0.14393,0.014264
772.7646956443787,0.14503,0.014121
772.8160953521729,0.14621,0.014183
772.8646657466888,0.14713,0.014249
772.9157667160034,0.14716,0.014187
772.9672703742981,0.1494,0.014126
773.0133707523346,0.15059,0.014131
773.0675840377808,0.15173,0.014323
773.1156544685364,0.15289,0.014239
773.167902469635,0.15395,0.01413
773.2187383174896,0.155,0.014255
773.2668414115906,0.156,0.014207
773.3209266662598,0.15736,0.014279
773.3660187721252,0.15748,0.014154
773.4242606163025,0.15924,0.014085
773.4720327854156,0.1604,0.0142
773.5199451446533,0.16143,0.014077
773.5727708339691,0.16157,0.01405
773.6248366832733,0.16251,0.014168
773.6755709648132,0.16388,0.014059
773.7261369228363,0.16483,0.014138
773.7738077640533,0.16583,0.014125
773.8256855010986,0.16691,0.014037
773.8761811256409,0.16917,0.013988
773.9288237094879,0.17027,0.014103
773.9764986038208,0.17123,0.014133
774.0262982845306,0.17135,0.014104
774.0786662101746,0.17328,0.013923
774.1331317424774,0.17336,0.014006
774.1815223693848,0.17432,0.014049
774.2315740585327,0.17552,0.013967
774.2836048603058,0.17749,0.014027
774.3319389820099,0.1788,0.014007
774.382230758667,0.17901,0.014093
774.4347202777863,0.18092,0.014033
774.4838442802429,0.18089,0.014038
774.5333118438721,0.18203,0.014053
774.5872559547424,0.183,0.014076
774.6357049942017,0.18399,0.014072
774.6884114742279,0.18621,0.014099
774.7372753620148,0.18697,0.01408
774.7861759662628,0.18824,0.013988
774.8384580612183,0.18815,0.014063
774.8912627696991,0.18921,0.014134
774.9446439743042,0.19008,0.014101
774.9925315380096,0.19117,0.01419
775.0458204746246,0.19229,0.014121
775.0957446098328,0.19333,0.013984
775.145081281662,0.19445,0.014073
775.1923005580902,0.1964,0.014053
775.2466547489166,0.19732,0.014087
775.2908704280853,0.19756,0.01414
775.3413827419281,0.19844,0.014143
775.3971261978149,0.19961,0.014132
775.446103811264,0.20155,0.014209
775.496789932251,0.20255,0.014149
775.5540471076965,0.20249,0.014041
775.602579832077,0.20367,0.014136
775.6529440879822,0.20472,0.014138
775.7011704444885,0.20568,0.014295
775.7580738067627,0.20671,0.014122
775.8069367408752,0.20777,0.014121
775.8582835197449,0.20855,0.014196
775.9087166786194,0.21073,0.0142
775.9546782970428,0.21081,0.014103
776.0058298110962,0.21163,0.01414
776.0554246902466,0.21284,0.014194
776.1081120967865,0.21376,0.014207
776.1538474559784,0.21471,0.014256
776.2047190666199,0.21577,0.014189
776.2580959796906,0.21655,0.014314
776.3060214519501,0.21784,0.014129
776.3565521240234,0.21891,0.014325
776.4082350730896,0.21977,0.014159
776.4579565525055,0.22071,0.014051
776.5098798274994,0.22083,0.014178
776.5631761550903,0.22287,0.014174
776.6143701076508,0.22383,0.014161
776.662474155426,0.22484,0.014231
776.7125878334045,0.22575,0.014293
776.7642350196838,0.22679,0.014268
776.8128116130829,0.22793,0.014159
776.8624882698059,0.22888,0.014257
776.9130766391754,0.22976,0.014155
776.9643874168396,0.23076,0.014156
777.0137221813202,0.23179,0.014192
777.0656020641327,0.23197,0.013973
777.1142377853394,0.23388,0.014139
777.1689505577087,0.23487,0.014068
777.2172322273254,0.23575,0.014073
777.2670936584473,0.23683,0.014017
777.3185675144196,0.23704,0.014152
777.3744173049927,0.23815,0.014015
777.4298193454742,0.23989,0.014144
777.4785950183868,0.24101,0.01412
777.5319156646729,0.24197,0.014105
777.580573797226,0.24292,0.014134
777.6321411132812,0.24385,0.014011
777.6897149085999,0.24484,0.014161
777.7388014793396,0.24584,0.014033
777.7872312068939,0.24687,0.014236
777.8373506069183,0.24788,0.014033
777.8904874324799,0.24889,0.014045
777.9399137496948,0.24903,0.014143
777.9915764331818,0.25088,0.014066
778.0408601760864,0.25161,0.014104
778.0922522544861,0.25284,0.014198
778.1394944190979,0.25375,0.014118
778.1958518028259,0.25472,0.01416
778.2449536323547,0.25577,0.014133
778.2970824241638,0.25587,0.014
778.3480041027069,0.25683,0.014068
778.3976020812988,0.25779,0.013985
778.4440686702728,0.25979,0.014218
778.4978466033936,0.26081,0.014207
778.5471382141113,0.26179,0.014159
778.599095582962,0.26277,0.014105
778.6484708786011,0.26384,0.014193
778.696170091629,0.26373,0.014211
778.7540001869202,0.26572,0.014022
778.8046183586121,0.26685,0.014111
778.8529250621796,0.26772,0.01409
778.9008595943451,0.26861,0.014158
778.9568266868591,0.26965,0.014251
779.0040996074677,0.26968,0.014227
779.0551671981812,0.27069,0.014279
779.1096444129944,0.27269,0.014181
779.1615808010101,0.27364,0.014101
779.2100398540497,0.2748,0.014072
779.2599482536316,0.27553,0.014226
779.313517332077,0.27564,0.014132
779.3613498210907,0.27676,0.01425
779.4142625331879,0.27751,0.014261
779.4630265235901,0.27957,0.014255
779.5128781795502,0.28061,0.014194
779.5662007331848,0.28065,0.014239
779.6144065856934,0.28157,0.014199
779.6689949035645,0.28264,0.014186
779.7181620597839,0.28341,0.014248
779.7664113044739,0.28552,0.014211
779.8178460597992,0.28568,0.014231
779.8670353889465,0.28747,0.014181
779.9170339107513,0.28739,0.014022
779.9671795368195,0.28832,0.014193
780.0193662643433,0.2894,0.014225
780.0695576667786,0.29049,0.01418
780.1167724132538,0.29248,0.014098
780.1700196266174,0.29253,0.014195
780.2212355136871,0.29333,0.014136
780.270815372467,0.29443,0.014105
780.3224859237671,0.29525,0.014084
780.3773219585419,0.29743,0.014113
780.4326002597809,0.29845,0.014023
780.4789183139801,0.29832,0.014085
780.5318083763123,0.29932,0.014164
780.5820875167847,0.3002,0.014108
780.6342926025391,0.30121,0.014157
780.6836755275726,0.3024,0.014148
780.7347288131714,0.025173,0.014166
780.782267332077,0.027453,0.013982
780.8390324115753,0.027413,0.014218
780.887936592102,0.0304,0.014148
780.9356472492218,0.03332,0.014121
780.9919111728668,0.03628,0.014203
781.046071767807,0.039427,0.014252
781.0933475494385,0.044947,0.014231
781.14315533638,0.045147,0.014253
781.1937551498413,0.048107,0.014177
781.2479732036591,0.051227,0.01419
781.2941448688507,0.05408,0.014204
781.3444559574127,0.05664,0.014192
781.3957734107971,0.059747,0.014215
781.4510433673859,0.05968,0.014074
781.5020062923431,0.0666,0.014127
781.5489625930786,0.068387,0.01423
781.6004958152771,0.070933,0.014241
781.6490230560303,0.073933,0.01411
781.701101064682,0.076507,0.013948
781.7519187927246,0.079293,0.014227
781.8017184734344,0.081813,0.014073
781.8494272232056,0.08456,0.014112
781.9017689228058,0.087533,0.014185
781.9528768062592,0.090413,0.014171
782.0021107196808,0.092813,0.014144
782.051102399826,0.09276,0.014197
782.1015620231628,0.095333,0.014147
782.1527192592621,0.096773,0.014194
782.2059874534607,0.09792,0.01416
782.2529137134552,0.099133,0.014153
782.3053772449493,0.10052,0.014059
782.3556613922119,0.10171,0.013993
782.4037480354309,0.10311,0.014228
782.4565372467041,0.10427,0.014086
782.502852678299,0.1056,0.014107
782.5524981021881,0.10703,0.014098
782.6029231548309,0.10816,0.014051
782.657336473465,0.10923,0.013904
782.7039852142334,0.11068,0.014079
782.757345199585,0.11161,0.014054
782.8063433170319,0.11191,0.014172
782.8629457950592,0.1132,0.014118
782.910894870758,0.11459,0.014097
782.9609129428864,0.11697,0.013887
783.0101850032806,0.11809,0.013998
783.0736820697784,0.11923,0.013917
783.1215302944183,0.12039,0.014139
783.1753244400024,0.12176,0.013994
783.2257504463196,0.12273,0.014095
783.2730023860931,0.12424,0.014091
783.3213632106781,0.12523,0.014058
783.3745443820953,0.1254,0.014102
783.4235298633575,0.12645,0.01414
783.4756963253021,0.12763,0.013981
783.5292193889618,0.12995,0.014143
783.576681137085,0.13109,0.014006
783.6280426979065,0.13211,0.014001
783.6798295974731,0.13349,0.014132
783.7263441085815,0.13461,0.013985
783.7799429893494,0.13473,0.014177
783.8319838047028,0.13564,0.014175
783.8837516307831,0.13805,0.014009
783.9311819076538,0.13916,0.01408
783.9796195030212,0.14013,0.014199
784.0296216011047,0.14048,0.014181
784.080228805542,0.14156,0.014064
784.1323790550232,0.14248,0.014152
784.1832387447357,0.14491,0.014088
784.2332241535187,0.14589,0.014296
784.2840399742126,0.14701,0.014159
784.3341898918152,0.14823,0.01413
784.3865361213684,0.14828,0.014212
784.4343023300171,0.15031,0.014038
784.4858641624451,0.15132,0.014106
784.53666472435,0.15264,0.01403
784.590770483017,0.15276,0.014199
784.6386013031006,0.15456,0.014155
784.6884980201721,0.15477,0.014069
784.7383558750153,0.15579,0.014173
784.7925450801849,0.158,0.014139
784.8420362472534,0.15908,0.01416
784.8929972648621,0.16039,0.013897
784.9387052059174,0.16036,0.014159
784.9905607700348,0.16148,0.014079
785.0430750846863,0.16247,0.014097
785.0967547893524,0.16357,0.013993
785.1410467624664,0.16473,0.014182
785.1930708885193,0.16573,0.014148
785.2501153945923,0.16777,0.014151
785.2968957424164,0.168,0.014007
785.344479560852,0.1692,0.014074
785.4000573158264,0.16995,0.014082
785.4467978477478,0.17116,0.014041
785.4995410442352,0.17211,0.014012
785.5508296489716,0.17313,0.014083
785.5990283489227,0.17429,0.013868
785.6487905979156,0.17644,0.014047
785.7009077072144,0.17641,0.013973
785.7519450187683,0.17736,0.014054
785.8063769340515,0.17853,0.014051
785.8549697399139,0.17948,0.013967
785.9069111347198,0.18055,0.013985
785.9563131332397,0.18179,0.014063
786.0111880302429,0.18285,0.014171
786.0598342418671,0.18377,0.01412
786.1093595027924,0.18509,0.014078
786.1590895652771,0.18591,0.014032
786.2111127376556,0.18692,0.014072
786.2573626041412,0.18803,0.014138
786.3129057884216,0.1882,0.014349
786.3609402179718,0.19017,0.014124
786.4146783351898,0.19087,0.01418
786.4630937576294,0.19197,0.014013
786.5123841762543,0.19345,0.014056
786.5636739730835,0.19413,0.014084
786.6189706325531,0.19537,0.014063
786.6637706756592,0.19625,0.014149
786.7218148708344,0.19736,0.014198
786.7715640068054,0.19828,0.014178
786.820234298706,0.19941,0.014169
786.8706648349762,0.20049,0.014189
786.9207050800323,0.20145,0.014099
786.9714722633362,0.20256,0.014197
787.0230963230133,0.20321,0.014175
787.0718085765839,0.20455,0.014005
787.1227796077728,0.20447,0.014153
787.1723272800446,0.20549,0.01412
787.2208940982819,0.2076,0.01413
787.2706172466278,0.20857,0.014133
787.3219289779663,0.2094,0.014219
787.3726637363434,0.21075,0.014156
787.4230127334595,0.21153,0.014214
787.4705080986023,0.21269,0.014151
787.5314543247223,0.21355,0.014192
787.5767760276794,0.21461,0.014073
787.6296901702881,0.21569,0.014124
787.6773753166199,0.21671,0.01405
787.7278273105621,0.21755,0.014127
787.7838423252106,0.21869,0.014144
787.8337557315826,0.219,0.014149
787.8819000720978,0.21971,0.014061
787.9319841861725,0.22085,0.014219
787.9826600551605,0.22284,0.013913
788.0337579250336,0.22289,0.014041
788.0866496562958,0.22385,0.014208
788.134782075882,0.22583,0.014163
788.1880640983582,0.2258,0.014082
788.2393491268158,0.22772,0.014096
788.287446975708,0.22779,0.014157
788.3386871814728,0.22891,0.014216
788.3853607177734,0.23063,0.014023
788.4376409053802,0.23084,0.014064
788.4871244430542,0.23175,0.014266
788.5413227081299,0.23273,0.014095
788.5877976417542,0.23347,0.014211
788.639678478241,0.23573,0.014156
788.6871163845062,0.23652,0.014161
788.7456967830658,0.23675,0.014027
788.7927451133728,0.23889,0.014172
788.8443670272827,0.23889,0.014107
788.8955142498016,0.23987,0.014107
788.9428632259369,0.24167,0.01416
788.9962105751038,0.24257,0.014238
789.0486605167389,0.24353,0.014136
789.0952229499817,0.24375,0.014177
789.14208984375,0.2448,0.014218
789.1976697444916,0.24572,0.014091
789.2470030784607,0.24689,0.01426
789.3018941879272,0.24796,0.014037
789.3499042987823,0.24971,0.014051
789.4019558429718,0.25069,0.014248
789.4522092342377,0.25087,0.014142
789.4990010261536,0.25165,0.014138
789.5550582408905,0.25263,0.014328
789.6036286354065,0.25381,0.014021
789.6537709236145,0.25476,0.014389
789.7047908306122,0.25568,0.014237
789.7549283504486,0.25759,0.014214
789.8031878471375,0.2578,0.014186
789.8584551811218,0.25865,0.014141
789.9044110774994,0.25963,0.014117
789.9570343494415,0.26057,0.014236
790.0078258514404,0.26264,0.014167
790.0574541091919,0.26273,0.014122
790.1144456863403,0.26365,0.014302
790.1624956130981,0.26459,0.014136
790.213597536087,0.26557,0.01419
790.261914730072,0.26655,0.014203
790.3157501220703,0.26859,0.014214
790.3637495040894,0.2686,0.013976
790.4141359329224,0.26965,0.014196
790.4667418003082,0.27056,0.014184
790.5162732601166,0.27152,0.014007
790.5653147697449,0.27239,0.014184
790.6269414424896,0.27336,0.01416
790.6747605800629,0.27441,0.01411
790.7269697189331,0.27645,0.014029
790.7763693332672,0.27639,0.014236
790.8275015354156,0.27743,0.014045
790.8775629997253,0.27839,0.014095
790.9280881881714,0.27943,0.014127
790.9752349853516,0.28052,0.014276
791.027312040329,0.28137,0.014265
791.079550743103,0.28243,0.014272
791.1296081542969,0.28337,0.014269
791.1872391700745,0.28425,0.014171
791.2358207702637,0.28524,0.014128
791.2907922267914,0.28639,0.01411
791.339212179184,0.28727,0.014135
791.3904159069061,0.28845,0.014162
791.4397637844086,0.29027,0.014185
791.4885799884796,0.29025,0.014149
791.541698217392,0.29124,0.014173
791.5969514846802,0.29212,0.014103
791.6462936401367,0.29335,0.014223
791.6984782218933,0.29413,0.014162
791.7445285320282,0.29524,0.014157
791.7996501922607,0.29623,0.014167
791.8467462062836,0.29728,0.014182
791.9014430046082,0.29791,0.014041
791.9481890201569,0.29923,0.014067
792.0001752376556,0.30009,0.014153
792.047530412674,0.30117,0.014142
792.0986576080322,0.30223,0.014054
792.1479113101959,0.023827,0.014263
792.2016365528107,0.024627,0.014231
792.2554430961609,0.02692,0.014187
792.3030512332916,0.029813,0.01417
792.3538959026337,0.032667,0.014303
792.4035258293152,0.035733,0.014319
792.455557346344,0.0388,0.014197
792.5064532756805,0.041467,0.014213
792.5569717884064,0.044667,0.014127
792.6039414405823,0.04764,0.014112
792.652348279953,0.047733,0.014292
792.7035269737244,0.053507,0.014193
792.758133649826,0.053613,0.014096
792.809184551239,0.05936,0.014245
792.8598871231079,0.062067,0.014223
792.9060671329498,0.064947,0.014242
792.959629535675,0.067813,0.014217
793.0111982822418,0.070653,0.014242
793.066686630249,0.073293,0.014161
793.1185400485992,0.073467,0.014277
793.1698663234711,0.076067,0.014199
793.218761920929,0.081653,0.014145
793.2685890197754,0.084253,0.014147
793.3206012248993,0.08704,0.014219
793.3727021217346,0.08992,0.014209
793.4211082458496,0.089813,0.0142
793.4705777168274,0.09256,0.014145
793.5189952850342,0.095173,0.014064
793.5735306739807,0.096467,0.014135
793.6212885379791,0.097893,0.014113
793.6765456199646,0.098987,0.014122
793.7272403240204,0.10033,0.014179
793.774786233902,0.10179,0.014054
793.8241617679596,0.10285,0.014115
793.8733100891113,0.10432,0.014061
793.9262702465057,0.10455,0.014124
793.9789566993713,0.10553,0.014082
794.0288548469543,0.10679,0.014052
794.0794379711151,0.1082,0.01413
794.1295590400696,0.11037,0.014057
794.1788249015808,0.11051,0.014157
794.2307715415955,0.11189,0.01409
794.2864036560059,0.11416,0.014165
794.3378105163574,0.11423,0.014075
794.3882961273193,0.11559,0.014063
794.4360802173615,0.11651,0.01407
794.4859898090363,0.11772,0.014103
794.5352914333344,0.11891,0.014016
794.5861270427704,0.12117,0.014117
794.6361970901489,0.12263,0.014141
794.6935486793518,0.12381,0.014114
794.7418274879456,0.12491,0.014026
794.7950551509857,0.12619,0.013969
794.8430440425873,0.12611,0.014129
794.8974177837372,0.12747,0.014069
794.9465804100037,0.12984,0.014071
794.9958910942078,0.13089,0.014093
795.0448756217957,0.13201,0.014108
795.0961775779724,0.13216,0.014238
795.1440644264221,0.13332,0.014067
795.1941621303558,0.13445,0.014344
795.2460618019104,0.13552,0.014212
795.2926852703094,0.13671,0.014088
795.3462977409363,0.13784,0.014134
795.3949043750763,0.13888,0.014175
795.4477272033691,0.1404,0.014169
795.4987750053406,0.1424,0.014213
795.5491564273834,0.14245,0.014139
795.5967442989349,0.14356,0.014259
795.6496670246124,0.14483,0.014147
795.6975419521332,0.14587,0.014196
795.7474699020386,0.14703,0.014216
795.7967283725739,0.14811,0.014217
795.8473823070526,0.14904,0.014174
795.9002780914307,0.15021,0.014116
795.9573528766632,0.15016,0.014075
796.0044713020325,0.15363,0.014154
796.0551509857178,0.15365,0.01409
796.1031339168549,0.15477,0.01411
796.1531746387482,0.15584,0.014199
796.2050292491913,0.15683,0.01415
796.25634765625,0.15804,0.014163
796.3061532974243,0.15899,0.014174
796.3564522266388,0.15999,0.014242
796.4135506153107,0.16135,0.014243
796.4664187431335,0.16235,0.014081
796.5146594047546,0.16317,0.014271
796.5650086402893,0.16441,0.014098
796.6122891902924,0.16539,0.014147
796.6661458015442,0.16673,0.014087
796.7204818725586,0.16777,0.014096
796.7683448791504,0.16887,0.014125
796.8181993961334,0.16991,0.014045
796.8691132068634,0.17095,0.014104
796.9194073677063,0.17207,0.014115
796.9725184440613,0.17311,0.014081
797.0184726715088,0.17408,0.014047
797.0695281028748,0.17527,0.014059
797.1228783130646,0.17627,0.01408
797.1723635196686,0.17724,0.014127
797.2209630012512,0.17748,0.014051
797.2715513706207,0.17953,0.014086
797.3222877979279,0.18051,0.014077
797.3769118785858,0.18175,0.014083
797.42236495018,0.18285,0.014072
797.4767227172852,0.18271,0.014156
797.5256555080414,0.18469,0.014121
797.5752055644989,0.18577,0.014155
797.6278800964355,0.18684,0.014107
797.6766953468323,0.18765,0.014152
797.7306499481201,0.18875,0.014122
797.7786731719971,0.19,0.014127
797.8271732330322,0.19084,0.013933
797.8804154396057,0.19192,0.014169
797.9305336475372,0.19284,0.014188
797.9798603057861,0.19305,0.014161
798.0319168567657,0.19395,0.013975
798.0850157737732,0.19621,0.01403
798.132702589035,0.19725,0.014083
798.1835134029388,0.19824,0.014078
798.2343492507935,0.19827,0.014082
798.289247751236,0.19932,0.014145
798.3406686782837,0.20157,0.014153
798.3892514705658,0.20232,0.014059
798.4409346580505,0.20337,0.014148
798.4887762069702,0.20429,0.014129
798.5381951332092,0.20451,0.014177
798.5903527736664,0.20619,0.014084
798.6415550708771,0.20651,0.014069
798.6920313835144,0.20825,0.014188
798.7413520812988,0.20955,0.014248
798.7937316894531,0.20952,0.014164
798.8426401615143,0.21148,0.014121
798.894243478775,0.21141,0.014445
798.9442455768585,0.21233,0.01414
798.9949700832367,0.21343,0.014299
799.0461938381195,0.21451,0.014045
799.0955212116241,0.21657,0.014137
799.1445195674896,0.21749,0.014321
799.1936838626862,0.21843,0.014058
799.2490200996399,0.21857,0.01411
799.296019077301,0.21959,0.014033
799.3485524654388,0.22064,0.014116
799.3973441123962,0.22156,0.014145
799.4483184814453,0.22263,0.014028
799.5010614395142,0.22367,0.014187
799.5501461029053,0.22576,0.014202
799.5966911315918,0.22659,0.014131
799.649897813797,0.2266,0.01404
799.6960608959198,0.22764,0.014106
799.7460463047028,0.22868,0.01397
799.8076078891754,0.2298,0.014219
799.8561789989471,0.23051,0.014039
799.9081590175629,0.23248,0.014182
799.9577813148499,0.23264,0.01405
800.0059287548065,0.23363,0.014043
800.0555357933044,0.23452,0.014035
800.1072962284088,0.23593,0.014073
800.1615509986877,0.23639,0.014064
800.2112481594086,0.23751,0.014193
800.2590074539185,0.23787,0.014074
800.3104724884033,0.24069,0.013949
800.3635449409485,0.24063,0.014054
800.4093880653381,0.24159,0.014109
800.4622070789337,0.24271,0.01419
800.5104818344116,0.24375,0.014129
800.5635516643524,0.24447,0.014011
800.612627029419,0.24468,0.014201
800.6652874946594,0.24648,0.014081
800.7149274349213,0.24781,0.014236
800.763997554779,0.24844,0.014026
800.8151278495789,0.24995,0.014136
800.8638563156128,0.25053,0.014282
800.9149565696716,0.25163,0.014044
800.9645400047302,0.25247,0.014251
801.0181369781494,0.25256,0.014074
801.0661277770996,0.25369,0.014147
801.1178929805756,0.25439,0.014109
801.1664476394653,0.25568,0.014134
801.2147393226624,0.25745,0.014205
801.2690584659576,0.25845,0.014167
801.3172607421875,0.25947,0.014155
801.3659789562225,0.26053,0.014047
801.422491312027,0.26051,0.014235
801.4692397117615,0.2616,0.014254
801.5222380161285,0.26259,0.014265
801.569596529007,0.26445,0.014046
801.6243863105774,0.26547,0.014256
801.674777507782,0.26657,0.014139
801.722160577774,0.26739,0.01417
801.7754986286163,0.26855,0.014221
801.8235695362091,0.26849,0.013988
801.8748486042023,0.2704,0.014263
801.9249382019043,0.27143,0.014202
801.9758632183075,0.27144,0.014082
802.0248608589172,0.27336,0.014217
802.0767772197723,0.27443,0.01414
802.1272151470184,0.27531,0.01415
802.17857670784,0.27544,0.014153
802.2284369468689,0.27653,0.014189
802.2805962562561,0.27732,0.014251
802.3276629447937,0.27927,0.014219
802.3776643276215,0.27937,0.014223
802.4308016300201,0.28021,0.014334
802.4774022102356,0.28111,0.014396
802.529381275177,0.2824,0.014201
802.5805118083954,0.28328,0.014273
802.6316583156586,0.28421,0.014121
802.6808042526245,0.28516,0.014198
802.7321231365204,0.28727,0.014208
802.7811028957367,0.28716,0.014219
802.8349430561066,0.28807,0.014036
802.8868024349213,0.28903,0.01414
802.934089422226,0.29016,0.014131
802.9851069450378,0.29107,0.01417
803.0384676456451,0.2922,0.014123
803.0856618881226,0.29317,0.014105
803.1372354030609,0.29429,0.01409
803.1886970996857,0.29509,0.014206
803.2410795688629,0.29603,0.014071
803.2878468036652,0.29713,0.01403
803.338226556778,0.29821,0.014046
803.3895168304443,0.29901,0.014013
803.4411025047302,0.29997,0.014074
803.4888579845428,0.30096,0.014084
803.5400011539459,0.30195,0.014235
803.5913500785828,0.022347,0.014135
803.6372301578522,0.02368,0.014144
803.6908519268036,0.026413,0.01417
803.7422027587891,0.029173,0.014232
803.7922015190125,0.03212,0.014258
803.8378233909607,0.035253,0.014288
803.892644405365,0.035387,0.014214
803.9397642612457,0.0382,0.014225
803.9920661449432,0.044,0.014251
804.0418856143951,0.047253,0.014158
804.0957207679749,0.050053,0.014209
804.1460998058319,0.053067,0.014315
804.1958284378052,0.055827,0.014113
804.2443203926086,0.058693,0.014149
804.295328617096,0.06148,0.014187
804.3450779914856,0.061627,0.014263
804.3934352397919,0.064307,0.014267
804.4449799060822,0.070067,0.014175
804.4992616176605,0.072827,0.014106
804.5451657772064,0.075507,0.014271
804.5968315601349,0.078307,0.014196
804.6506090164185,0.081147,0.014166
804.7005925178528,0.08376,0.014224
804.7502632141113,0.08368,0.014124
804.7983095645905,0.08664,0.014079
804.8499226570129,0.08932,0.014243
804.8984529972076,0.09356,0.014181
804.9557738304138,0.09376,0.014233
805.0045053958893,0.09644,0.014296
805.0532104969025,0.09636,0.014139
805.1038126945496,0.097507,0.014214
805.153169631958,0.098733,0.014216
805.2081136703491,0.10035,0.014232
805.2559428215027,0.10155,0.014098
805.3080353736877,0.10285,0.01408
805.3559827804565,0.10395,0.014112
805.4066781997681,0.10669,0.013987
805.4572656154633,0.10771,0.014168
805.5072448253632,0.10772,0.01412
805.5581667423248,0.10899,0.014217
805.607335805893,0.11147,0.014181
805.6556510925293,0.11149,0.014063
805.7061259746552,0.11399,0.014032
805.7588722705841,0.11523,0.014185
805.8086633682251,0.11525,0.014226
805.861875295639,0.11645,0.014025
805.9101929664612,0.1176,0.014105
805.9596865177155,0.11776,0.014191
806.0094890594482,0.12127,0.014163
806.0611991882324,0.12111,0.014134
806.1111481189728,0.12244,0.01414
806.161051273346,0.12348,0.014055
806.2165694236755,0.12483,0.014101
806.2620556354523,0.12592,0.014071
806.3142971992493,0.12709,0.014193
806.3644421100616,0.12719,0.014019
806.4142343997955,0.12969,0.014088
806.4668591022491,0.13059,0.014043
806.5115242004395,0.13184,0.014063
806.5635695457458,0.13289,0.014173
806.6176643371582,0.13407,0.014168
806.6709456443787,0.13421,0.014198
806.7191276550293,0.13636,0.014095
806.7691030502319,0.13769,0.014172
806.8175094127655,0.13877,0.014155
806.8693246841431,0.13997,0.014207
806.923038482666,0.14101,0.014064
806.9722883701324,0.14215,0.014057
807.0270290374756,0.14324,0.014152
807.0751264095306,0.14445,0.01416
807.1267759799957,0.14451,0.014121
807.1772847175598,0.14692,0.014172
807.223571062088,0.14783,0.01425
807.2741696834564,0.14873,0.014145
807.3258137702942,0.15013,0.014129
807.3776125907898,0.15115,0.014257
807.4308280944824,0.15117,0.014145
807.4788134098053,0.15239,0.01412
807.5291249752045,0.15439,0.01406
807.57896733284,0.15563,0.014164
807.6307351589203,0.15679,0.014121
807.6920993328094,0.15773,0.014165
807.7394812107086,0.15895,0.014018
807.7891933917999,0.15997,0.014132
807.8400223255157,0.16095,0.014093
807.8903524875641,0.16207,0.014191
807.944046497345,0.16325,0.014089
807.9906215667725,0.16413,0.014062
808.0492477416992,0.16533,0.014139
808.1005551815033,0.16644,0.014236
808.1478407382965,0.16757,0.014118
808.1980350017548,0.16851,0.014158
808.2509369850159,0.16952,0.014158
808.2997953891754,0.17084,0.014073
808.3555989265442,0.17063,0.014054
808.4040656089783,0.17192,0.014062
808.4531905651093,0.17401,0.014053
808.5038650035858,0.17497,0.014179
808.5530712604523,0.17623,0.014081
808.6036241054535,0.17699,0.014108
808.6569001674652,0.17821,0.014074
808.7050952911377,0.17821,0.014139
808.7530913352966,0.18033,0.014051
808.804860830307,0.18029,0.014091
808.8566844463348,0.18228,0.01403
808.9077990055084,0.18349,0.014094
808.9532790184021,0.18433,0.014103
809.0082740783691,0.18557,0.014109
809.056798696518,0.18575,0.014266
809.1086521148682,0.18661,0.014154
809.1591100692749,0.18761,0.014295
809.2046391963959,0.18867,0.014088
809.2593553066254,0.18963,0.01404
809.3140680789948,0.19163,0.014033
809.3624045848846,0.19299,0.014188
809.4106063842773,0.19372,0.01409
809.4653615951538,0.19401,0.014115
809.5118947029114,0.19499,0.014201
809.5647184848785,0.19692,0.014154
809.6149005889893,0.19813,0.014049
809.6662685871124,0.19901,0.013963
809.7121238708496,0.19989,0.014218
809.7643270492554,0.19988,0.01422
809.8150563240051,0.20117,0.014209
809.8677949905396,0.20192,0.014202
809.9153847694397,0.20313,0.014034
809.9651997089386,0.20423,0.014086
810.0165450572968,0.20523,0.014188
810.0666680335999,0.2072,0.014013
810.1193330287933,0.20736,0.014156
810.1693148612976,0.20835,0.014156
810.2180941104889,0.20916,0.014126
810.2678461074829,0.21017,0.014083
810.3185031414032,0.21121,0.014171
810.3679192066193,0.21228,0.01429
810.4182350635529,0.21325,0.014076
810.4736576080322,0.21528,0.014281
810.5213370323181,0.21539,0.014139
810.5721228122711,0.21632,0.014079
810.6218774318695,0.21719,0.014213
810.6720707416534,0.21759,0.014303
810.7234117984772,0.22037,0.01418
810.777961730957,0.22124,0.014269
810.8257384300232,0.22143,0.014214
810.8769886493683,0.22257,0.014304
810.9279353618622,0.22351,0.014203
810.980019569397,0.22453,0.014286
811.028552532196,0.22631,0.014151
811.0788879394531,0.22636,0.014066
811.1291589736938,0.22747,0.014205
811.1824209690094,0.22831,0.014079
811.2292957305908,0.22936,0.014148
811.2798919677734,0.2306,0.014129
811.3287217617035,0.23057,0.014121
811.3821387290955,0.23232,0.014176
811.4340562820435,0.23361,0.01417
811.4851629734039,0.23463,0.014105
811.534393787384,0.23543,0.014128
811.5828490257263,0.23659,0.014089
811.6325721740723,0.23733,0.014134
811.6845228672028,0.23845,0.014049
811.7366013526917,0.23823,0.014184
811.7848489284515,0.24052,0.01421
811.8358545303345,0.2416,0.014159
811.8907518386841,0.24249,0.013998
811.93812084198,0.24355,0.014156
811.9879357814789,0.24365,0.014185
812.0377514362335,0.24555,0.014111
812.0886425971985,0.24627,0.01404
812.1399796009064,0.24645,0.014154
812.1908099651337,0.24844,0.014211
812.2438547611237,0.24949,0.014204
812.2927672863007,0.25032,0.01417
812.3422627449036,0.25135,0.014104
812.391273021698,0.25245,0.014095
812.4471526145935,0.25241,0.014158
812.4972641468048,0.25343,0.01411
812.5423645973206,0.25448,0.014161
812.5977857112885,0.25549,0.014016
812.6446282863617,0.25624,0.014092
812.6942954063416,0.25855,0.014141
812.746280670166,0.25837,0.014126
812.7957582473755,0.26033,0.014064
812.8509271144867,0.26147,0.014119
812.9003841876984,0.26145,0.014029
812.9494068622589,0.26236,0.014122
812.9972696304321,0.26332,0.014138
813.0503516197205,0.26531,0.01411
813.1035270690918,0.2662,0.014215
813.1522541046143,0.26721,0.014138
813.2015798091888,0.26819,0.014224
813.2515559196472,0.26848,0.014155
813.3030843734741,0.26921,0.014135
813.3502230644226,0.27017,0.014105
813.4040658473969,0.27223,0.014163
813.4505701065063,0.27304,0.014209
813.504237651825,0.27405,0.014178
813.5519173145294,0.27427,0.014229
813.6040642261505,0.27504,0.014143
813.6514933109283,0.27619,0.014025
813.7018957138062,0.27704,0.014243
813.7525641918182,0.278,0.01416
813.803067445755,0.27904,0.014208
813.8538868427277,0.28099,0.014082
813.904256105423,0.28104,0.014269
813.9544537067413,0.28195,0.014132
814.0074400901794,0.28276,0.014221
814.0616664886475,0.28391,0.014143
814.1060988903046,0.28513,0.014163
814.1615455150604,0.28601,0.014274
814.2117712497711,0.28715,0.014086
814.2619912624359,0.28783,0.014248
814.310977935791,0.28885,0.014296
814.362464427948,0.28991,0.01426
814.4150724411011,0.29099,0.014118
814.4635353088379,0.29217,0.014197
814.5171175003052,0.29283,0.01406
814.5640394687653,0.29395,0.014044
814.617945432663,0.29487,0.014247
814.6658375263214,0.29589,0.014246
814.7137928009033,0.29688,0.014264
814.7656669616699,0.29684,0.014047
814.815735578537,0.29873,0.013991
814.8665256500244,0.29989,0.014162
814.9154186248779,0.30081,0.014237
814.9705328941345,0.3018,0.014204
815.0163700580597,0.024213,0.014117
815.0686693191528,0.022987,0.014232
815.1184735298157,0.026067,0.014122
815.1687006950378,0.02884,0.014324
815.2168009281158,0.031827,0.01414
815.271162033081,0.034693,0.01436
815.3187909126282,0.035,0.014176
815.368558883667,0.037827,0.014122
815.4233770370483,0.040947,0.014302
815.4702022075653,0.043907,0.014238
815.5254638195038,0.049573,0.014228
815.5734231472015,0.052547,0.014214
815.6291768550873,0.055587,0.014298
815.6771221160889,0.058293,0.014231
815.727532863617,0.058093,0.014221
815.7769176959991,0.06388,0.014212
815.8279376029968,0.066893,0.014219
815.8794558048248,0.069733,0.014371
815.9309985637665,0.072307,0.014304
815.9804804325104,0.072667,0.01416
816.0297946929932,0.077853,0.014286
816.0825061798096,0.078173,0.014344
816.1339757442474,0.083467,0.01426
816.1823024749756,0.0862,0.014169
816.231189250946,0.088973,0.014295
816.2818288803101,0.09172,0.014307
816.3381788730621,0.09152,0.014231
816.3868036270142,0.093467,0.014257
816.4376344680786,0.096307,0.014242
816.4875247478485,0.097213,0.014161
816.5401322841644,0.09864,0.01422
816.5858976840973,0.098693,0.014174
816.6401481628418,0.10124,0.014228
816.68621301651,0.10252,0.014137
816.7392308712006,0.10389,0.014266
816.7894911766052,0.10373,0.014259
816.8418831825256,0.10508,0.01419
816.8908567428589,0.10627,0.014081
816.9415469169617,0.10747,0.014079
816.9907259941101,0.10881,0.014172
817.0433752536774,0.11124,0.014108
817.0923700332642,0.11135,0.014117
817.1442382335663,0.11275,0.014097
817.1935565471649,0.11383,0.014115
817.2436554431915,0.11517,0.014132
817.2922921180725,0.11623,0.014245
817.3454682826996,0.11752,0.014109
817.3969578742981,0.11988,0.014061
817.4439742565155,0.12104,0.014096
817.5010900497437,0.12115,0.014174
817.5468485355377,0.12212,0.014068
817.5971593856812,0.12329,0.014102
817.6483135223389,0.12456,0.014225
817.699328660965,0.12564,0.014095
817.751561164856,0.12708,0.014109
817.8028457164764,0.1282,0.014022
817.8522820472717,0.13036,0.014163
817.9013950824738,0.13053,0.01409
817.9516670703888,0.13164,0.014162
818.000081539154,0.13291,0.014188
818.0529544353485,0.13277,0.014138
818.1032745838165,0.13499,0.014091
818.1523551940918,0.13625,0.014061
818.2032747268677,0.13745,0.014201
818.2524585723877,0.13857,0.014217
818.3025360107422,0.13957,0.014135
818.3549153804779,0.14095,0.014112
818.4056997299194,0.14197,0.014152
818.4526462554932,0.14307,0.014154
818.5054786205292,0.14421,0.014196
818.5564777851105,0.14533,0.014128
818.6058168411255,0.14532,0.014226
818.6520082950592,0.14661,0.014207
818.7064478397369,0.14869,0.014219
818.7543256282806,0.14967,0.014181
818.8094453811646,0.15075,0.014231
818.8591556549072,0.15207,0.014263
818.9070167541504,0.153,0.014209
818.959774017334,0.15305,0.014149
819.0091817378998,0.15507,0.014229
819.0596032142639,0.15536,0.014279
819.1119563579559,0.15747,0.014161
819.1631007194519,0.15871,0.014186
819.2109923362732,0.15965,0.014124
819.2635803222656,0.16083,0.014251
819.3154501914978,0.16084,0.014219
819.3630220890045,0.16196,0.014231
819.413916349411,0.16295,0.014226
819.4682946205139,0.16512,0.014174
819.5136063098907,0.16611,0.014096
819.5659222602844,0.16627,0.014101
819.6162023544312,0.16736,0.014115
819.6686253547668,0.16823,0.014171
819.7168946266174,0.17052,0.014076
819.7664268016815,0.17172,0.014095
819.8207230567932,0.17161,0.014043
819.8719325065613,0.17268,0.014051
819.9232757091522,0.17357,0.014062
819.9710378646851,0.17483,0.01411
820.0211937427521,0.17592,0.01413
820.0719294548035,0.17785,0.014133
820.1228041648865,0.17907,0.014148
820.1735954284668,0.18003,0.014278
820.2252995967865,0.18107,0.014152
820.2745976448059,0.18115,0.014138
820.3257236480713,0.18213,0.014117
820.3742802143097,0.18321,0.014167
820.4223408699036,0.18409,0.01413
820.4796352386475,0.18524,0.014249
820.5314311981201,0.18645,0.014149
820.5794751644135,0.18837,0.014098
820.6324670314789,0.18852,0.014175
820.6790409088135,0.18948,0.014195
820.729542016983,0.19079,0.014168
820.7809665203094,0.19144,0.014162
820.8384320735931,0.1924,0.014153
820.8908534049988,0.19363,0.014049
820.9411680698395,0.19561,0.014033
820.9888389110565,0.19585,0.014124
821.0387139320374,0.19675,0.014095
821.0909948348999,0.19777,0.014181
821.140707731247,0.199,0.014141
821.1915667057037,0.20077,0.014125
821.2419312000275,0.20091,0.014249
821.2924149036407,0.20288,0.014083
821.3422667980194,0.20304,0.01417
821.3982636928558,0.204,0.014169
821.4450461864471,0.20491,0.014223
821.494797706604,0.20599,0.014052
821.5470380783081,0.20707,0.014061
821.5998010635376,0.20792,0.014177
821.6475241184235,0.20903,0.014039
821.7007625102997,0.21012,0.014091
821.7525281906128,0.211,0.014305
821.7985408306122,0.21224,0.01417
821.8538737297058,0.21312,0.014112
821.9036493301392,0.21425,0.014398
821.9533097743988,0.21491,0.014347
822.0013456344604,0.21512,0.014321
822.0529339313507,0.21789,0.014241
822.1032757759094,0.21824,0.014243
822.1529343128204,0.21928,0.014229
822.2030982971191,0.22019,0.014471
822.2531967163086,0.22113,0.014369
822.3035933971405,0.22232,0.014198
822.3561127185822,0.22309,0.014079
822.4062178134918,0.22428,0.014174
822.4554357528687,0.22505,0.014194
822.5055313110352,0.22617,0.014283
822.5564432144165,0.22612,0.014197
822.6063005924225,0.22732,0.014169
822.6556000709534,0.22931,0.014096
822.7066180706024,0.23003,0.014169
822.7608058452606,0.23136,0.014243
822.813636302948,0.23233,0.01394
822.8610072135925,0.23328,0.01409
822.9109563827515,0.23435,0.014228
822.9638509750366,0.23519,0.014321
823.0134949684143,0.23635,0.014185
823.0651664733887,0.23724,0.014387
823.1110260486603,0.23815,0.014134
823.165358543396,0.23821,0.014334
823.2130949497223,0.24053,0.013986
823.2632703781128,0.24019,0.014244
823.316534280777,0.24225,0.014388
823.3645026683807,0.24319,0.014183
823.413515329361,0.24349,0.014069
823.4649646282196,0.24536,0.014146
823.515127658844,0.24524,0.014118
823.5671100616455,0.24615,0.014084
823.6154642105103,0.24725,0.01401
823.6675367355347,0.24821,0.014155
823.7176766395569,0.25051,0.014242
823.7713780403137,0.2506,0.014237
823.8195316791534,0.25228,0.014095
823.8693454265594,0.25216,0.014313
823.9169697761536,0.25335,0.014181
823.9675521850586,0.25535,0.014189
824.0222887992859,0.25523,0.014182
824.0732719898224,0.25721,0.014098
824.1202168464661,0.25735,0.014233
824.1711800098419,0.25831,0.014174
824.2224223613739,0.25919,0.014216
824.2722322940826,0.26029,0.014223
824.3231136798859,0.26207,0.014285
824.3769080638885,0.26213,0.014213
824.4234969615936,0.26313,0.014131
824.4772062301636,0.26409,0.014156
824.5251486301422,0.26513,0.014175
824.5762431621552,0.26615,0.014189
824.6282856464386,0.26711,0.014121
824.6774082183838,0.26924,0.014025
824.7277777194977,0.26909,0.014105
824.7799208164215,0.27012,0.014199
824.8274948596954,0.27119,0.014184
824.8825998306274,0.27192,0.014022
824.9285843372345,0.27315,0.014213
824.9815814495087,0.27396,0.01424
825.0367157459259,0.27503,0.014174
825.0845785140991,0.27687,0.014121
825.1342766284943,0.27707,0.014187
825.1896986961365,0.278,0.014295
825.2397906780243,0.27921,0.014191
825.2864618301392,0.27992,0.014241
825.3417932987213,0.28112,0.014218
825.3912777900696,0.28192,0.014185
825.4402894973755,0.28303,0.0142
825.4904465675354,0.28392,0.014207
825.5373954772949,0.28499,0.014157
825.5928041934967,0.28593,0.014242
825.6425573825836,0.28696,0.014261
825.6906630992889,0.28792,0.014294
825.7411825656891,0.28889,0.014279
825.7904229164124,0.28992,0.014138
825.8458564281464,0.2908,0.014194
825.8900339603424,0.29177,0.014086
825.9446244239807,0.29293,0.014334
825.9936239719391,0.29401,0.014283
826.0461630821228,0.29385,0.014192
826.0990889072418,0.29576,0.014158
826.146778345108,0.29671,0.014157
826.1957485675812,0.29771,0.01419
826.248024225235,0.29863,0.014126
826.2937190532684,0.2996,0.014088
826.3463594913483,0.30053,0.01419
826.396806716919,0.30084,0.014131
826.4465537071228,0.021147,0.014131
826.5008959770203,0.0232,0.014177
826.5494251251221,0.02552,0.013974
826.5971481800079,0.02536,0.014194
826.6509327888489,0.028547,0.014197
826.7001011371613,0.031413,0.014245
826.753573179245,0.034293,0.014277
826.800520658493,0.04024,0.014163
826.8521153926849,0.043333,0.014219
826.9040942192078,0.046147,0.014255
826.9535965919495,0.0464,0.014321
827.0041227340698,0.04944,0.014241
827.0521531105042,0.05212,0.014452
827.1032321453094,0.057733,0.014254
827.1528596878052,0.060733,0.014359
827.2060542106628,0.06348,0.014176
827.2537469863892,0.066293,0.014268
827.3018882274628,0.0692,0.014382
827.3545596599579,0.06936,0.014286
827.4064040184021,0.071973,0.014283
827.4556705951691,0.07464,0.014182
827.5051035881042,0.077547,0.014171
827.5555613040924,0.083013,0.014247
827.6077139377594,0.085733,0.014187
827.6573016643524,0.085933,0.014356
827.7064824104309,0.0884,0.014318
827.7556784152985,0.091307,0.014205
827.8112535476685,0.092933,0.014171
827.858570098877,0.0942,0.01423
827.9103035926819,0.095813,0.014194
827.9626202583313,0.09708,0.014238
828.0116155147552,0.098493,0.014258
828.0584661960602,0.10111,0.014066
828.1097254753113,0.10101,0.014278
828.1618497371674,0.10252,0.014242
828.2112381458282,0.10369,0.014242
828.2620067596436,0.105,0.014209
828.3143556118011,0.106,0.01421
828.3655805587769,0.10719,0.014097
828.4157953262329,0.10844,0.014155
828.4703783988953,0.10987,0.0142
828.518306016922,0.11115,0.014079
828.5700838565826,0.11227,0.014027
828.6193902492523,0.11351,0.01411
828.6678953170776,0.11493,0.014061
828.7198958396912,0.11608,0.014141
828.7771768569946,0.11717,0.01418
828.8245527744293,0.11964,0.014166
828.8762710094452,0.11981,0.014124
828.925443649292,0.12095,0.014033
828.9798352718353,0.12204,0.014163
829.026832818985,0.12331,0.014061
829.0781865119934,0.12443,0.01422
829.125036239624,0.12551,0.014225
829.1800644397736,0.12691,0.014168
829.2274696826935,0.12811,0.014094
829.2850434780121,0.12931,0.014164
829.3318121433258,0.13028,0.014168
829.3866944313049,0.1314,0.014149
829.4402854442596,0.13276,0.014195
829.4864494800568,0.1338,0.014162
829.535489320755,0.13508,0.014045
829.5921988487244,0.13619,0.013977
829.639490365982,0.13745,0.014122
829.6944959163666,0.13829,0.014145
829.7443006038666,0.13957,0.014208
829.791752576828,0.14071,0.014172
829.8446400165558,0.14193,0.014171
829.8935675621033,0.143,0.01417
829.9452924728394,0.14413,0.01413
829.9930536746979,0.14531,0.014088
830.0462868213654,0.1464,0.014233
830.0958461761475,0.14652,0.014174
830.1452655792236,0.14851,0.014135
830.1949484348297,0.14964,0.014147
830.2475433349609,0.151,0.01423
830.2966682910919,0.15207,0.014165
830.3473057746887,0.15296,0.014217
830.3971688747406,0.15413,0.013895
830.4464509487152,0.1552,0.014148
830.4995069503784,0.15643,0.014151
830.5478985309601,0.15623,0.014228
830.5971095561981,0.1586,0.014344
830.649578332901,0.15881,0.014288
830.6973912715912,0.15973,0.0142
830.746089220047,0.16076,0.014194
830.8015050888062,0.16277,0.014169
830.8503205776215,0.16409,0.014046
830.9022696018219,0.16516,0.014167
830.9492518901825,0.16619,0.014116
831.0024693012238,0.16724,0.014195
831.0517754554749,0.16717,0.014182
831.1012253761292,0.16825,0.014156
831.1529169082642,0.16925,0.014133
831.2045021057129,0.17153,0.014125
831.2553992271423,0.1726,0.014315
831.3061242103577,0.17359,0.01411
831.3533527851105,0.17363,0.014062
831.4046807289124,0.17465,0.014062
831.4554214477539,0.17579,0.014098
831.5048308372498,0.17693,0.01395
831.5568449497223,0.17779,0.014083
831.6074681282043,0.17905,0.014135
831.659214258194,0.18108,0.014141
831.709805727005,0.18189,0.014134
831.7577693462372,0.18312,0.014025
831.8080849647522,0.18305,0.014061
831.8611197471619,0.18399,0.014079
831.9120116233826,0.18513,0.014034
831.9609780311584,0.18621,0.014111
832.0068464279175,0.18835,0.014089
832.0640459060669,0.18825,0.014031
832.1119697093964,0.18951,0.014068
832.1636829376221,0.19035,0.014012
832.2153029441833,0.19152,0.014098
832.2647128105164,0.19264,0.014038
832.3147783279419,0.1946,0.014105
832.3632175922394,0.1946,0.014076
832.410311460495,0.19551,0.014069
832.4660654067993,0.19656,0.014043
832.5119478702545,0.19784,0.014062
832.5647921562195,0.1986,0.014248
832.6166858673096,0.19959,0.014128
832.6649363040924,0.20077,0.01406
832.7141759395599,0.20267,0.014094
832.765994310379,0.2028,0.014058
832.8135964870453,0.20388,0.014113
832.8660328388214,0.20477,0.014192
832.9165923595428,0.20588,0.014156
832.9653718471527,0.20676,0.014054
833.0161292552948,0.20784,0.014141
833.069194316864,0.20997,0.014203
833.1175947189331,0.21007,0.014107
833.1666269302368,0.21093,0.014149
833.219976902008,0.21195,0.014091
833.2672462463379,0.21289,0.014112
833.3207154273987,0.21403,0.014148
833.3690567016602,0.21511,0.014199
833.4206736087799,0.21603,0.014307
833.4733397960663,0.21592,0.014201
833.5226457118988,0.21807,0.014229
833.5737116336823,0.21889,0.014158
833.620655298233,0.21923,0.014284
833.6722097396851,0.22111,0.014177
833.7256798744202,0.222,0.014196
833.7734048366547,0.22308,0.014242
833.8252334594727,0.22413,0.014274
833.8715274333954,0.22429,0.014198
833.9271681308746,0.22523,0.014142
833.9741485118866,0.22595,0.014139
834.0257833003998,0.22712,0.014129
834.0739679336548,0.22911,0.014205
834.1283495426178,0.23009,0.014147
834.1767935752869,0.23121,0.014143
834.2267651557922,0.23213,0.014123
834.2761232852936,0.23312,0.014166
834.3266909122467,0.23315,0.014103
834.3786056041718,0.23421,0.014054
834.4298801422119,0.23524,0.014075
834.4766621589661,0.23717,0.014207
834.5302627086639,0.23815,0.01407
834.5822653770447,0.23821,0.014027
834.6315994262695,0.23932,0.013992
834.6804113388062,0.24004,0.014136
834.7318069934845,0.24223,0.014056
834.7780022621155,0.24211,0.01417
834.8313150405884,0.24316,0.014137
834.8835215568542,0.24408,0.014116
834.9317059516907,0.24429,0.013949
834.9830052852631,0.247,0.0141
835.0304017066956,0.24715,0.014048
835.0841898918152,0.24813,0.014199
835.1330623626709,0.24905,0.014256
835.1854224205017,0.25011,0.014033
835.2344870567322,0.25113,0.014022
835.2841424942017,0.25223,0.014142
835.3394682407379,0.25321,0.014074
835.388106584549,0.25496,0.014032
835.4418601989746,0.25505,0.014165
835.4862642288208,0.25611,0.014137
835.5408747196198,0.25705,0.014261
835.5896501541138,0.25809,0.014244
835.6448233127594,0.25905,0.014145
835.691499710083,0.25995,0.014162
835.7411966323853,0.2608,0.014071
835.7964172363281,0.26287,0.014111
835.8423376083374,0.26305,0.014217
835.8993124961853,0.26391,0.014191
835.9480669498444,0.26505,0.0142
835.9966304302216,0.26593,0.014012
836.0474030971527,0.2668,0.01421
836.102730512619,0.26789,0.014187
836.1519632339478,0.26897,0.014208
836.200635433197,0.26987,0.014267
836.2519309520721,0.27077,0.014256
836.3018326759338,0.27197,0.014213
836.352352142334,0.27288,0.014149
836.4037692546844,0.27393,0.014306
836.4528033733368,0.27496,0.014334
836.5032818317413,0.27617,0.014246
836.5525858402252,0.27685,0.014264
836.605099439621,0.27791,0.014306
836.6542506217957,0.27891,0.014241
836.703367471695,0.27989,0.014179
836.7568995952606,0.28068,0.014231
836.8036298751831,0.28193,0.014339
836.8537769317627,0.28291,0.014297
836.9018404483795,0.28377,0.014314
836.9521727561951,0.28485,0.014205
837.0090181827545,0.28495,0.014023
837.0561003684998,0.28565,0.014353
837.1060209274292,0.28755,0.014202
837.161783695221,0.28773,0.014147
837.2087681293488,0.28964,0.014335
837.2619540691376,0.29065,0.014283
837.3128976821899,0.29175,0.014151
837.3625648021698,0.29245,0.014218
837.416522026062,0.29272,0.014373
837.466274023056,0.29379,0.014443
837.5118288993835,0.29464,0.014281
837.5694134235382,0.29648,0.014133
837.6173944473267,0.29756,0.014172
837.669056892395,0.29864,0.014262
837.7160356044769,0.29869,0.014103
837.768129825592,0.30063,0.014137
837.8182990550995,0.30153,0.014043
837.8704795837402,0.023067,0.01399
837.9221460819244,0.02176,0.014055
837.97287940979,0.022293,0.014256
838.0210897922516,0.024893,0.014229
838.0719680786133,0.027747,0.014298
838.1219503879547,0.030827,0.014148
838.1737515926361,0.036907,0.014029
838.2210876941681,0.039813,0.014347
838.2708966732025,0.040013,0.014187
838.3217425346375,0.043,0.014157
838.3758199214935,0.04856,0.01421
838.4209492206573,0.048587,0.014249
838.4767377376556,0.05164,0.014307
838.5283963680267,0.057147,0.014209
838.5744955539703,0.06028,0.01414
838.624674320221,0.06292,0.014217
838.6775736808777,0.063,0.014347
838.7274882793427,0.065827,0.014236
838.781171798706,0.0686,0.01427
838.8324716091156,0.074253,0.014317
838.8814220428467,0.076987,0.014187
838.9306020736694,0.079947,0.01427
838.9827644824982,0.079773,0.014227
839.0325002670288,0.082507,0.014397
839.0786077976227,0.08532,0.014212
839.1311571598053,0.08808,0.014168
839.1820919513702,0.088173,0.014258
839.2318196296692,0.093147,0.014493
839.2800042629242,0.094253,0.014147
839.3303070068359,0.095587,0.014321
839.3806390762329,0.096893,0.014164
839.4339752197266,0.096933,0.014222
839.4904170036316,0.099507,0.014177
839.5379996299744,0.10087,0.014257
839.5885760784149,0.10217,0.014215
839.6404001712799,0.10344,0.014355
839.6907169818878,0.10464,0.014405
839.7421126365662,0.10596,0.014417
839.797931432724,0.10711,0.013998
839.8493661880493,0.10739,0.014172
839.8976843357086,0.11084,0.014142
839.9519395828247,0.11088,0.014197
839.9995305538177,0.11197,0.014185
840.0512070655823,0.11327,0.014301
840.0983610153198,0.11439,0.014215
840.148962020874,0.1158,0.014175
840.1978483200073,0.11692,0.014149
840.2499055862427,0.11709,0.014198
840.2995998859406,0.11928,0.014137
840.3486063480377,0.1206,0.014119
840.4057545661926,0.12167,0.014212
840.4537007808685,0.1228,0.014216
840.5044095516205,0.12403,0.01415
840.5524687767029,0.1254,0.014102
840.6044721603394,0.12541,0.014172
840.6543226242065,0.12764,0.014111
840.704521894455,0.12883,0.014143
840.7566125392914,0.13009,0.014072
840.8067991733551,0.13128,0.014081
840.8571629524231,0.13241,0.014105
840.90704870224,0.13357,0.014108
840.959178686142,0.13352,0.014074
841.0055019855499,0.13481,0.014204
841.0570323467255,0.13703,0.014187
841.1106421947479,0.1384,0.014196
841.1592268943787,0.13937,0.014047
841.2119643688202,0.14035,0.014152
841.2608580589294,0.14151,0.014219
841.3112790584564,0.14163,0.014285
841.3582980632782,0.14277,0.014042
841.4122016429901,0.14383,0.014298
841.4621348381042,0.14619,0.014226
841.5118455886841,0.14736,0.014219
841.565181016922,0.14733,0.014255
841.616124868393,0.14941,0.014016
841.6627883911133,0.14915,0.014381
841.716516494751,0.15065,0.0143
841.7648501396179,0.15168,0.014273
841.813896894455,0.15287,0.014261
841.8623967170715,0.15384,0.014339
841.9181060791016,0.15505,0.014319
841.96528673172,0.15721,0.01436
842.0170602798462,0.15724,0.014299
842.0671017169952,0.15836,0.01431
842.1167914867401,0.15927,0.01431
842.1690995693207,0.16043,0.014267
842.2213037014008,0.16175,0.014233
842.2701308727264,0.16267,0.014161
842.3171200752258,0.16381,0.014171
842.370897769928,0.16513,0.01419
842.4151790142059,0.16697,0.01423
842.4692924022675,0.16703,0.014169
842.5228705406189,0.16819,0.014215
842.5707185268402,0.16921,0.014136
842.621102809906,0.17003,0.014088
842.670912027359,0.17124,0.01412
842.724889755249,0.17259,0.013919
842.7749493122101,0.17343,0.013831
842.824045419693,0.17433,0.014203
842.8710238933563,0.17664,0.014099
842.9217793941498,0.17667,0.014116
842.9766991138458,0.17772,0.014129
843.0253093242645,0.17868,0.014151
843.0743412971497,0.1798,0.014051
843.1275172233582,0.17993,0.014183
843.1760580539703,0.18095,0.014076
843.2255227565765,0.18295,0.014036
843.2754878997803,0.18403,0.014105
843.3269968032837,0.18493,0.01408
843.3787844181061,0.18608,0.014247
843.4263858795166,0.18716,0.014108
843.4785542488098,0.18812,0.014053
843.5297739505768,0.18823,0.014247
843.5805802345276,0.19025,0.014099
843.6286063194275,0.19119,0.014151
843.6816053390503,0.1924,0.014111
843.7327995300293,0.19324,0.014089
843.7812812328339,0.19436,0.014125
843.8298532962799,0.19535,0.014205
843.8798277378082,0.19644,0.014065
843.9297802448273,0.19631,0.013989
843.9818603992462,0.19752,0.014127
844.034184217453,0.19853,0.014114
844.0811922550201,0.19961,0.014153
844.1338047981262,0.20144,0.014126
844.1838066577911,0.20265,0.014188
844.2336523532867,0.20293,0.014121
844.2836496829987,0.20365,0.014168
844.3315758705139,0.20568,0.014217
844.3818752765656,0.20665,0.014205
844.4354588985443,0.20765,0.014199
844.485081911087,0.20875,0.014314
844.53520154953,0.20992,0.014168
844.5868430137634,0.21079,0.014045
844.6372773647308,0.21092,0.014284
844.6864228248596,0.21185,0.014259
844.73619389534,0.21285,0.01427
844.7908596992493,0.21391,0.01424
844.8376185894012,0.21495,0.014177
844.8890998363495,0.21691,0.014259
844.9384522438049,0.21773,0.014227
844.9912581443787,0.21797,0.014348
845.0377686023712,0.21997,0.014361
845.0886182785034,0.21981,0.014536
845.1418516635895,0.22085,0.014176
845.1918413639069,0.22283,0.014376
845.2447834014893,0.22381,0.014344
845.29452085495,0.22392,0.014191
845.3431005477905,0.22501,0.014348
845.393429517746,0.22593,0.014161
845.4473361968994,0.22685,0.014206
845.4950103759766,0.22796,0.01416
845.5447342395782,0.22897,0.01423
845.5941035747528,0.22995,0.014102
845.6484558582306,0.23091,0.014244
845.6952681541443,0.23203,0.014158
845.7461953163147,0.23316,0.014196
845.7969834804535,0.23392,0.014213
845.8550086021423,0.23585,0.014151
845.9047079086304,0.23596,0.014117
845.9527819156647,0.23717,0.014285
846.0039794445038,0.23796,0.01418
846.0534746646881,0.239,0.014041
846.1045031547546,0.24013,0.014073
846.154271364212,0.24068,0.01425
846.2068703174591,0.24193,0.014039
846.256507396698,0.243,0.014011
846.3046309947968,0.24409,0.014113
846.3538737297058,0.24497,0.014131
846.4070191383362,0.24591,0.014107
846.4536437988281,0.24696,0.01357
846.5068788528442,0.24805,0.014085
846.5523600578308,0.24891,0.014236
846.6055490970612,0.24993,0.014111
846.6553382873535,0.25096,0.0142
846.7075281143188,0.252,0.013984
846.7591671943665,0.25203,0.014168
846.8082361221313,0.25308,0.014149
846.8611283302307,0.2548,0.014056
846.9089455604553,0.25589,0.014106
846.9625339508057,0.25684,0.014137
847.0160617828369,0.25781,0.014111
847.0682594776154,0.25883,0.014017
847.1151928901672,0.25988,0.014194
847.167811870575,0.25995,0.014057
847.2187016010284,0.26089,0.014163
847.2661325931549,0.26196,0.014137
847.3172800540924,0.26391,0.014178
847.3663399219513,0.26501,0.014206
847.4150302410126,0.26577,0.0142
847.4667093753815,0.26683,0.01422
847.5180242061615,0.26769,0.014361
847.5713546276093,0.26888,0.014326
847.6213202476501,0.2698,0.014354
847.6694002151489,0.27091,0.014306
847.7216506004333,0.27192,0.014307
847.7742998600006,0.27289,0.014434
847.8217713832855,0.27372,0.014423
847.8744652271271,0.27469,0.014469
847.928347826004,0.27581,0.014381
847.9770088195801,0.27564,0.01442
848.0249645709991,0.27685,0.014471
848.0807163715363,0.27757,0.01435
848.1260344982147,0.27865,0.014384
848.175897359848,0.27967,0.01432
848.2290689945221,0.28161,0.01433
848.2791669368744,0.28257,0.014399
848.3291099071503,0.28357,0.014326
848.3783695697784,0.28365,0.014284
848.4304203987122,0.28463,0.014325
848.4808461666107,0.28565,0.014349
848.5291142463684,0.28632,0.014316
848.5788912773132,0.2886,0.014349
848.6314680576324,0.2894,0.014237
848.6829023361206,0.2896,0.01425
848.7368354797363,0.2906,0.014276
848.7857003211975,0.29143,0.014214
848.8344445228577,0.29244,0.014285
848.8895864486694,0.2934,0.014289
848.9387147426605,0.29459,0.014128
848.9871511459351,0.29553,0.014192
849.0406317710876,0.29647,0.014246
849.0893316268921,0.29731,0.014234
849.1397514343262,0.29847,0.014255
849.1907007694244,0.29937,0.014286
849.2403216362,0.30021,0.014121
849.2899358272552,0.025707,0.01405
849.3404850959778,0.020467,0.014305
849.3878433704376,0.02192,0.01421
849.4383120536804,0.024453,0.01437
849.490513086319,0.027253,0.014198
849.543496131897,0.030173,0.014161
849.5909435749054,0.033227,0.014188
849.637090921402,0.033227,0.014279
849.6914343833923,0.039387,0.014223
849.7445759773254,0.042413,0.014168
849.7938635349274,0.045533,0.014268
849.8446614742279,0.047987,0.014293
849.8908066749573,0.048187,0.014305
849.9466543197632,0.053867,0.014252
849.9973783493042,0.059613,0.014312
850.0454754829407,0.0596,0.014329
850.0948050022125,0.062547,0.014236
850.1461353302002,0.062627,0.014302
850.1973965167999,0.068267,0.014332
850.2455382347107,0.070907,0.014265
850.300502538681,0.073827,0.014355
850.3499257564545,0.076533,0.014233
850.3986275196075,0.07916,0.014381
850.4498693943024,0.082053,0.014404
850.4987614154816,0.08472,0.014168
850.5480771064758,0.084653,0.014338
850.6020050048828,0.0876,0.014277
850.6519770622253,0.092773,0.014502
850.7029612064362,0.09412,0.014331
850.7579464912415,0.095347,0.014406
850.8037943840027,0.09672,0.014204
850.8577425479889,0.098013,0.014278
850.9094431400299,0.09924,0.014066
850.9576108455658,0.10056,0.014133
851.0088520050049,0.10076,0.014214
851.0634288787842,0.10187,0.014242
851.1128599643707,0.10304,0.014117
851.1612014770508,0.10572,0.014145
851.212064743042,0.10568,0.014096
851.2657990455627,0.10828,0.01411
851.3140716552734,0.10927,0.01411
851.3642573356628,0.11052,0.013957
851.4147431850433,0.11148,0.01414
851.4651322364807,0.11192,0.014138
851.5153727531433,0.11324,0.0141
851.567857503891,0.11557,0.014129
851.615602016449,0.11659,0.014043
851.6657445430756,0.11676,0.014024
851.7175116539001,0.11797,0.014101
851.7691740989685,0.11916,0.01404
851.8187453746796,0.12061,0.014093
851.8701410293579,0.12184,0.014024
851.925844669342,0.12416,0.014058
851.9767289161682,0.12512,0.014066
852.0233273506165,0.12637,0.01409
852.0726451873779,0.12777,0.01404
852.1264712810516,0.12863,0.014153
852.172857761383,0.12888,0.014044
852.2312047481537,0.12984,0.01403
852.2796883583069,0.13212,0.013839
852.3274037837982,0.13332,0.014154
852.3769936561584,0.13449,0.014114
852.4330654144287,0.13453,0.014235
852.4816520214081,0.1358,0.014208
852.5345344543457,0.1368,0.01412
852.5818219184875,0.13781,0.014266
852.6375856399536,0.13925,0.01431
852.686918258667,0.14136,0.014166
852.734118938446,0.14252,0.014242
852.7884786128998,0.14355,0.014225
852.8399665355682,0.14479,0.01427
852.8899660110474,0.14505,0.014314
852.9372329711914,0.14619,0.014235
852.9912147521973,0.14697,0.014257
853.0421690940857,0.14821,0.014239
853.0920767784119,0.14943,0.014312
853.1428172588348,0.15021,0.014196
853.1938576698303,0.15256,0.014385
853.2428815364838,0.15259,0.014323
853.2968564033508,0.15364,0.014288
853.3451523780823,0.15504,0.014144
853.3942983150482,0.15597,0.014237
853.4445219039917,0.15707,0.014328
853.4945828914642,0.15897,0.014364
853.545866727829,0.16016,0.014385
853.5988812446594,0.16028,0.014363
853.6471171379089,0.16121,0.014353
853.6974911689758,0.16239,0.01428
853.7445976734161,0.16343,0.014284
853.7969081401825,0.16468,0.01428
853.8477046489716,0.16568,0.014169
853.8978936672211,0.16663,0.014176
853.9493851661682,0.16769,0.014201
854.0014622211456,0.16904,0.014173
854.0489706993103,0.1698,0.014185
854.103166103363,0.1712,0.014079
854.1507611274719,0.17199,0.01409
854.2043852806091,0.17332,0.013979
854.255469083786,0.17424,0.014066
854.3027892112732,0.17536,0.01411
854.3543601036072,0.17536,0.014134
854.4066042900085,0.17748,0.01414
854.4538011550903,0.17967,0.014148
854.5051939487457,0.17977,0.014061
854.5550172328949,0.18071,0.01406
854.6046965122223,0.18176,0.014133
854.6548914909363,0.18272,0.014064
854.7064924240112,0.18279,0.014166
854.7557520866394,0.18491,0.014016
854.8064312934875,0.18585,0.014087
854.8575904369354,0.18695,0.01407
854.9065668582916,0.18795,0.014105
854.9518547058105,0.18907,0.014098
855.01012134552,0.18916,0.014068
855.0574448108673,0.19008,0.014066
855.1105570793152,0.19219,0.014103
855.1604468822479,0.19332,0.014071
855.2112946510315,0.19413,0.014061
855.2621078491211,0.19531,0.014162
855.3117671012878,0.19595,0.014097
855.3572945594788,0.19615,0.014167
855.4118525981903,0.19707,0.014107
855.4614863395691,0.19827,0.014185
855.5146150588989,0.19951,0.014211
855.5599083900452,0.2002,0.014057
855.6108689308167,0.20237,0.014119
855.6674199104309,0.20357,0.014173
855.7175750732422,0.20441,0.01412
855.768625497818,0.20539,0.014194
855.8155374526978,0.20556,0.014138
855.8680624961853,0.20685,0.014165
855.9164695739746,0.20763,0.014255
855.9692993164062,0.20857,0.014225
856.0176753997803,0.21053,0.01439
856.0678317546844,0.21145,0.014384
856.1172444820404,0.21165,0.014317
856.1671698093414,0.21279,0.014269
856.2186517715454,0.21359,0.014448
856.2702136039734,0.21479,0.014469
856.3210368156433,0.21567,0.014424
856.3761422634125,0.21777,0.014433
856.4204642772675,0.21871,0.014439
856.4760267734528,0.21869,0.014404
856.527675151825,0.21975,0.014393
856.5841989517212,0.22085,0.014299
856.6302614212036,0.22176,0.014334
856.6833345890045,0.22372,0.014324
856.7298104763031,0.224,0.014296
856.7814190387726,0.22489,0.01415
856.8334443569183,0.22577,0.014185
856.8857898712158,0.2268,0.01417
856.933965921402,0.22777,0.014271
856.9882595539093,0.22867,0.014272
857.0350828170776,0.22969,0.01418
857.0866730213165,0.23068,0.014108
857.1382772922516,0.2318,0.013996
857.1904489994049,0.23281,0.01416
857.2372314929962,0.23372,0.014222
857.2902173995972,0.23451,0.014135
857.3367586135864,0.23583,0.014173
857.3879497051239,0.23677,0.014036
857.4372041225433,0.23799,0.014139
857.4922618865967,0.23985,0.014113
857.5378246307373,0.23959,0.01419
857.5900371074677,0.24071,0.014104
857.6430401802063,0.24159,0.013943
857.6911745071411,0.24279,0.01412
857.7481052875519,0.24381,0.014119
857.7962639331818,0.24493,0.014136
857.8474977016449,0.24561,0.014055
857.8974969387054,0.24668,0.013999
857.9470822811127,0.24764,0.014094
857.9974405765533,0.24888,0.014007
858.048595905304,0.24968,0.014033
858.0956566333771,0.25073,0.014034
858.1493618488312,0.25161,0.014136
858.2026889324188,0.25264,0.014153
858.2482588291168,0.25375,0.014092
858.3004631996155,0.25367,0.014015
858.3512325286865,0.25553,0.014221
858.4012982845306,0.25665,0.013966
858.454993724823,0.25752,0.014167
858.5028100013733,0.25873,0.014079
858.5566515922546,0.25965,0.014214
858.6044533252716,0.26045,0.014217
858.6516699790955,0.26169,0.014243
858.7072787284851,0.26259,0.014332
858.7531542778015,0.26377,0.014335
858.8097569942474,0.26471,0.014234
858.8602297306061,0.26557,0.014314
858.9094796180725,0.26645,0.014493
858.957273721695,0.26749,0.014308
859.0080363750458,0.26771,0.014443
859.0606563091278,0.26955,0.01441
859.1088697910309,0.26955,0.014521
859.1578984260559,0.27163,0.014451
859.212247133255,0.27261,0.014409
859.2623715400696,0.2736,0.014507
859.3108704090118,0.27453,0.014545
859.3638401031494,0.2756,0.014632
859.4130311012268,0.2764,0.01463
859.4592180252075,0.27647,0.01461
859.5131056308746,0.27745,0.014502
859.5621562004089,0.2786,0.014639
859.6133198738098,0.27955,0.014448
859.6631543636322,0.28144,0.014454
859.7100870609283,0.28135,0.014541
859.7609016895294,0.28244,0.014427
859.8136978149414,0.28333,0.014434
859.8661499023438,0.28529,0.014345
859.9134783744812,0.28635,0.014286
859.9696156978607,0.28736,0.014361
860.0187799930573,0.28831,0.014231
860.0668575763702,0.28832,0.014352
860.1178224086761,0.28927,0.014343
860.1697463989258,0.2912,0.014305
860.2211756706238,0.29243,0.014288
860.2705833911896,0.29224,0.01427
860.3191664218903,0.29328,0.014176
860.3722207546234,0.29433,0.014155
860.4180145263672,0.29509,0.014183
860.4709351062775,0.29616,0.014126
860.5259621143341,0.29728,0.014099
860.5746240615845,0.29824,0.014148
860.6240260601044,0.30004,0.014157
860.6743297576904,0.29997,0.01418
860.7248516082764,0.024507,0.014154
860.785861492157,0.0196,0.014137
860.834596157074,0.021307,0.014268
860.8824377059937,0.026693,0.014464
860.9345016479492,0.026587,0.014275
860.983934879303,0.02988,0.01436
861.0411598682404,0.032827,0.014181
861.0881078243256,0.035893,0.014291
861.1385753154755,0.0388,0.014339
861.1900382041931,0.041853,0.014307
861.239401102066,0.0446,0.014277
861.2944536209106,0.050453,0.014276
861.342661857605,0.050667,0.014284
861.3916368484497,0.05356,0.014305
861.442792892456,0.056213,0.014312
861.4932372570038,0.059227,0.014265
861.544992685318,0.061933,0.014396
861.5951776504517,0.066267,0.014457
861.6446857452393,0.06792,0.014403
861.6978704929352,0.070693,0.014389
861.7543184757233,0.073307,0.014523
861.8050136566162,0.076053,0.014488
861.8517732620239,0.07876,0.014642
861.9108679294586,0.081573,0.014499
861.9624826908112,0.086987,0.014436
862.0114963054657,0.0898,0.014363
862.061740398407,0.092107,0.014277
862.1103346347809,0.09256,0.014375
862.1631112098694,0.09376,0.014342
862.2128806114197,0.095187,0.014286
862.2667801380157,0.096533,0.014267
862.3148741722107,0.097733,0.014318
862.3666346073151,0.09892,0.014247
862.414085149765,0.10149,0.014073
862.4658424854279,0.10164,0.014152
862.5171730518341,0.10281,0.014183
862.5641720294952,0.10411,0.014192
862.6158137321472,0.10551,0.013972
862.6639585494995,0.1068,0.014086
862.7130084037781,0.10796,0.014039
862.763100862503,0.10808,0.014071
862.8119087219238,0.1104,0.014152
862.8660502433777,0.11171,0.014053
862.9168395996094,0.11299,0.014038
862.9680228233337,0.11431,0.014051
863.0164701938629,0.11541,0.014108
863.0685806274414,0.11667,0.014069
863.1211786270142,0.11785,0.014063
863.1697158813477,0.11917,0.014209
863.2255055904388,0.12028,0.014102
863.2730560302734,0.12136,0.014082
863.3243517875671,0.12269,0.014113
863.3766777515411,0.1226,0.014129
863.426237821579,0.12504,0.014175
863.4746017456055,0.12513,0.014242
863.5319364070892,0.12724,0.014212
863.5805032253265,0.12851,0.014186
863.6287105083466,0.12972,0.014239
863.6812379360199,0.12987,0.014144
863.7323653697968,0.13209,0.014051
863.7795250415802,0.13325,0.014256
863.8281984329224,0.13337,0.01414
863.8783993721008,0.13449,0.014193
863.9301753044128,0.13667,0.014141
863.9810874462128,0.13792,0.014211
864.0283796787262,0.13903,0.014176
864.0846302509308,0.13921,0.014153
864.1362874507904,0.14136,0.014166
864.1845831871033,0.14235,0.014254
864.2416317462921,0.14353,0.014305
864.2880253791809,0.14377,0.014247
864.3422644138336,0.14479,0.014328
864.3937692642212,0.14684,0.014264
864.4422099590302,0.14796,0.014355
864.4934163093567,0.14809,0.01434
864.545657157898,0.15019,0.014338
864.5930366516113,0.1514,0.01436
864.6398992538452,0.15241,0.014426
864.6947672367096,0.15261,0.014078
864.7418751716614,0.15363,0.014672
864.7962317466736,0.15467,0.014393
864.8434410095215,0.15569,0.014326
864.8969523906708,0.15699,0.014468
864.9454786777496,0.15896,0.01442
865.0004026889801,0.16031,0.014375
865.0490698814392,0.16137,0.014452
865.1013870239258,0.16223,0.014337
865.1499154567719,0.16348,0.014405
865.1993408203125,0.16453,0.014239
865.2479560375214,0.16557,0.014263
865.3018434047699,0.16581,0.014217
865.3529117107391,0.16669,0.014176
865.4020028114319,0.16777,0.014073
865.4506814479828,0.16884,0.014112
865.5018911361694,0.17107,0.014165
865.5520243644714,0.17109,0.014057
865.6021499633789,0.172,0.014069
865.652535200119,0.173,0.013788
865.7009131908417,0.17417,0.014066
865.753009557724,0.17524,0.013851
865.8073194026947,0.1762,0.013987
865.8568053245544,0.17835,0.014022
865.903094291687,0.17941,0.014078
865.9534132480621,0.17953,0.014029
866.0061728954315,0.18027,0.014015
866.0557689666748,0.18155,0.014091
866.1064796447754,0.18277,0.013961
866.1597409248352,0.18364,0.014035
866.208016872406,0.18476,0.013957
866.2571716308594,0.18568,0.014031
866.3091552257538,0.18672,0.014097
866.3594172000885,0.18779,0.014067
866.4135522842407,0.18903,0.013987
866.4632966518402,0.18995,0.01404
866.512038230896,0.191,0.014119
866.5620567798615,0.19168,0.014176
866.6091861724854,0.19304,0.014241
866.6623814105988,0.194,0.01424
866.7173278331757,0.19432,0.014211
866.7654812335968,0.19612,0.01414
866.8162591457367,0.19612,0.014268
866.8626832962036,0.19817,0.014173
866.9158856868744,0.19933,0.014171
866.9646010398865,0.20021,0.014225
867.0148589611053,0.20136,0.01419
867.0676975250244,0.20247,0.014239
867.1178693771362,0.20341,0.014147
867.1668167114258,0.20344,0.014199
867.2200915813446,0.20544,0.01417
867.2675948143005,0.20635,0.014234
867.3211381435394,0.20728,0.014322
867.3678441047668,0.20821,0.014329
867.4235453605652,0.20932,0.014288
867.4718406200409,0.20941,0.014373
867.5252833366394,0.21056,0.014433
867.5735251903534,0.21128,0.014456
867.6256101131439,0.21233,0.01446
867.6754014492035,0.21441,0.014372
867.7260463237762,0.21545,0.014545
867.7761471271515,0.21636,0.014471
867.8289728164673,0.21732,0.014474
867.8781232833862,0.21841,0.014476
867.92857837677,0.21853,0.01443
867.9779653549194,0.21955,0.014471
868.0285744667053,0.22147,0.014364
868.0815978050232,0.2224,0.014452
868.1347696781158,0.22349,0.014326
868.1824901103973,0.22448,0.014222
868.2312433719635,0.22449,0.014239
868.2843537330627,0.22585,0.014073
868.3337726593018,0.22647,0.014016
868.3842837810516,0.22881,0.014073
868.4357845783234,0.22949,0.014117
868.4845492839813,0.23047,0.014137
868.5333421230316,0.23079,0.014062
868.5889005661011,0.23171,0.014103
868.6368944644928,0.23265,0.014051
868.6880729198456,0.23344,0.013937
868.7380352020264,0.23469,0.014114
868.7876210212708,0.23657,0.014018
868.8440928459167,0.23771,0.014087
868.8906524181366,0.23744,0.014113
868.9414670467377,0.23959,0.014029
868.9909884929657,0.23968,0.014096
869.0437893867493,0.24056,0.013863
869.0959005355835,0.24152,0.014075
869.1464412212372,0.24353,0.014139
869.1939513683319,0.24439,0.014085
869.2476766109467,0.24481,0.014072
869.3028938770294,0.24643,0.014095
869.3487167358398,0.24659,0.014068
869.4015574455261,0.24756,0.013951
869.4527807235718,0.24844,0.014115
869.502724647522,0.25055,0.014123
869.554310798645,0.25168,0.014048
869.6021292209625,0.25157,0.014097
869.6540186405182,0.25259,0.014131
869.7052631378174,0.25364,0.014149
869.7542796134949,0.25552,0.014158
869.804042339325,0.25549,0.014168
869.8525042533875,0.2574,0.014137
869.9087150096893,0.25771,0.014169
869.9560017585754,0.25859,0.014232
870.0060181617737,0.25943,0.014315
870.0603392124176,0.26056,0.014317
870.1115236282349,0.26136,0.014313
870.1554081439972,0.26332,0.014306
870.2058753967285,0.26337,0.014331
870.2618889808655,0.2644,0.014323
870.3117427825928,0.26536,0.014417
870.367705821991,0.26631,0.014439
870.4125185012817,0.26751,0.014419
870.4649903774261,0.26939,0.014495
870.5197694301605,0.27041,0.014607
870.5719001293182,0.27051,0.014635
870.6174583435059,0.27145,0.014723
870.6720678806305,0.27248,0.014823
870.7218375205994,0.27335,0.014659
870.7702906131744,0.27428,0.014679
870.8187465667725,0.27429,0.014605
870.8715817928314,0.27647,0.01456
870.9174456596375,0.27747,0.014691
870.9721603393555,0.27819,0.014699
871.0280439853668,0.27936,0.014551
871.0763635635376,0.27936,0.014515
871.1302182674408,0.28235,0.014535
871.1788394451141,0.28216,0.014421
871.2299013137817,0.28347,0.014382
871.2743608951569,0.28405,0.014429
871.3296344280243,0.28524,0.014229
871.3792641162872,0.28612,0.014346
871.4290018081665,0.2862,0.014209
871.4798529148102,0.28813,0.014203
871.5271797180176,0.28921,0.014214
871.5792927742004,0.29021,0.014259
871.633330821991,0.29105,0.014122
871.6815671920776,0.29211,0.014152
871.7370572090149,0.29201,0.014277
871.7853546142578,0.29304,0.01412
871.8461010456085,0.29529,0.014054
871.8950092792511,0.29603,0.014063
871.9449465274811,0.29708,0.014233
871.9926035404205,0.29811,0.014287
872.0462980270386,0.29811,0.014154
872.0912272930145,0.29988,0.014239
872.1458370685577,0.30084,0.014174
872.1957263946533,0.01936,0.014071
872.2469654083252,0.021053,0.014006
872.3032994270325,0.023347,0.014263
872.3493332862854,0.026173,0.014327
872.3997852802277,0.029053,0.014205
872.4523935317993,0.02944,0.014218
872.501442193985,0.0382,0.014132
872.5532779693604,0.038147,0.014222
872.6047220230103,0.041413,0.014251
872.6526942253113,0.043987,0.014301
872.7049572467804,0.047173,0.014289
872.7544069290161,0.050013,0.01434
872.800318479538,0.050187,0.014111
872.8540916442871,0.05304,0.01444
872.905074596405,0.058707,0.014389
872.9579472541809,0.061547,0.014478
873.0049641132355,0.064413,0.014482
873.0568935871124,0.067307,0.014466
873.1066298484802,0.07016,0.014467
873.1550767421722,0.070053,0.014473
873.2074527740479,0.075627,0.014531
873.2604115009308,0.078533,0.014417
873.3088974952698,0.081093,0.014447
873.3594307899475,0.08112,0.014478
873.4123587608337,0.083827,0.014469
873.4653038978577,0.089333,0.014349
873.5127701759338,0.092013,0.014305
873.5677330493927,0.093533,0.014338
873.6162722110748,0.093653,0.014337
873.6660847663879,0.096293,0.014316
873.7187311649323,0.096267,0.014282
873.7659800052643,0.09892,0.014259
873.8188903331757,0.10015,0.014141
873.8728976249695,0.10148,0.014118
873.921847820282,0.10264,0.013978
873.9729924201965,0.10284,0.013904
874.0205326080322,0.1042,0.014028
874.072856426239,0.10537,0.014064
874.1233243942261,0.10649,0.014058
874.1719448566437,0.10776,0.014064
874.2184448242188,0.11036,0.014033
874.2716898918152,0.11032,0.013973
874.3229794502258,0.11157,0.014101
874.3726377487183,0.11272,0.014165
874.4257943630219,0.11421,0.014067
874.4785697460175,0.11531,0.014026
874.5261752605438,0.11669,0.014071
874.5791027545929,0.11876,0.014013
874.6278982162476,0.11897,0.014037
874.6889934539795,0.12032,0.01416
874.7361876964569,0.12256,0.01402
874.7878737449646,0.12248,0.013975
874.8389563560486,0.12372,0.014211
874.8891689777374,0.12611,0.014171
874.9387233257294,0.12605,0.014175
874.9878258705139,0.12853,0.014174
875.0382196903229,0.12917,0.014169
875.0892541408539,0.12951,0.014171
875.1368989944458,0.13076,0.014211
875.1926527023315,0.13315,0.014177
875.2470066547394,0.13412,0.014131
875.2931306362152,0.1354,0.014126
875.3473999500275,0.13528,0.014142
875.395514011383,0.13655,0.014066
875.4442944526672,0.13759,0.014286
875.496376991272,0.13981,0.014188
875.5486123561859,0.14112,0.014266
875.598078250885,0.14097,0.014244
875.651141166687,0.14227,0.014254
875.7007670402527,0.14335,0.014244
875.7511270046234,0.14444,0.014437
875.8006250858307,0.1456,0.014393
875.8595116138458,0.14663,0.014476
875.9071860313416,0.14891,0.014404
875.9622905254364,0.14895,0.01444
876.0087642669678,0.15013,0.014504
876.061201095581,0.15131,0.014374
876.1097838878632,0.15248,0.014468
876.1617345809937,0.15453,0.014366
876.2154967784882,0.15539,0.014474
876.2674753665924,0.15557,0.01454
876.3166346549988,0.15668,0.014493
876.3660352230072,0.15772,0.014436
876.4169492721558,0.15875,0.014473
876.4664084911346,0.15987,0.014503
876.5172426700592,0.16211,0.014429
876.5659766197205,0.1622,0.014398
876.6167516708374,0.16321,0.014353
876.6710755825043,0.16435,0.014341
876.719851732254,0.16421,0.014183
876.7707381248474,0.16651,0.014201
876.8187439441681,0.16748,0.014128
876.8706140518188,0.16859,0.014123
876.920948266983,0.1696,0.014028
876.9720754623413,0.17053,0.014002
877.0221829414368,0.17161,0.014021
877.0754473209381,0.17296,0.014025
877.1195864677429,0.17393,0.014007
877.1744968891144,0.17415,0.013986
877.2277345657349,0.17607,0.013986
877.2709224224091,0.17817,0.013859
877.3275048732758,0.17817,0.01406
877.3743450641632,0.17932,0.013944
877.4289491176605,0.18037,0.01398
877.4787850379944,0.18129,0.013963
877.5271401405334,0.18239,0.014011
877.5770337581635,0.18347,0.014047
877.629451751709,0.18441,0.01409
877.6772484779358,0.18561,0.013957
877.7273724079132,0.18673,0.013986
877.778636932373,0.1876,0.014035
877.8271572589874,0.18857,0.014047
877.8802609443665,0.18859,0.014122
877.930314540863,0.18971,0.014131
877.977970123291,0.19161,0.014113
878.0308315753937,0.19283,0.01417
878.079409122467,0.19389,0.014087
878.1321468353271,0.19401,0.014029
878.1816730499268,0.19585,0.014087
878.2321968078613,0.19687,0.014178
878.2849390506744,0.19787,0.014187
878.3340628147125,0.19892,0.014084
878.3881363868713,0.19991,0.014204
878.434189081192,0.20005,0.014129
878.4860882759094,0.20211,0.014292
878.5335278511047,0.20241,0.014185
878.5874874591827,0.20412,0.014222
878.6418526172638,0.20513,0.014288
878.6922957897186,0.20624,0.014235
878.7402663230896,0.20715,0.014231
878.7883169651031,0.20728,0.014366
878.8421387672424,0.20819,0.014358
878.8893401622772,0.21036,0.014362
878.9411797523499,0.21112,0.014425
878.9930250644684,0.21139,0.014465
879.0385508537292,0.21235,0.014565
879.0945768356323,0.21344,0.014618
879.1417782306671,0.21445,0.014674
879.1928331851959,0.21653,0.014624
879.2453503608704,0.2166,0.014675
879.2943577766418,0.21732,0.014748
879.3500382900238,0.21839,0.014672
879.3979153633118,0.22068,0.014516
879.4468309879303,0.22144,0.01449
879.4999239444733,0.22243,0.014486
879.5507397651672,0.22263,0.014499
879.6010186672211,0.22339,0.014331
879.6493294239044,0.22441,0.014263
879.7034726142883,0.22549,0.014218
879.7541615962982,0.22755,0.014132
879.8041245937347,0.22831,0.013816
879.8520574569702,0.22837,0.014049
879.9013378620148,0.22945,0.013863
879.9536185264587,0.23019,0.014044
880.0038058757782,0.23136,0.013924
880.0549840927124,0.23264,0.013985
880.105005979538,0.23375,0.013968
880.1555893421173,0.23443,0.013961
880.2070767879486,0.23537,0.014046
880.2587652206421,0.2364,0.014
880.3074064254761,0.23647,0.014048
880.357647895813,0.23852,0.014049
880.4082119464874,0.24044,0.014064
880.4612061977386,0.24031,0.014045
880.5111582279205,0.24149,0.013966
880.5613231658936,0.24267,0.014036
880.6142654418945,0.24335,0.014038
880.6643538475037,0.24536,0.014105
880.7121527194977,0.24532,0.013949
880.761287689209,0.24644,0.013996
880.816535949707,0.24743,0.014139
880.8685262203217,0.2482,0.014133
880.9141869544983,0.2494,0.014141
880.9634113311768,0.25044,0.014148
881.0164864063263,0.25117,0.014137
881.0685861110687,0.25235,0.014151
881.1179563999176,0.25352,0.014193
881.1732134819031,0.25429,0.014177
881.2195408344269,0.25507,0.014137
881.2720477581024,0.25617,0.014208
881.3219101428986,0.25724,0.014141
881.3789417743683,0.25836,0.014205
881.4298884868622,0.25937,0.014345
881.482079744339,0.26029,0.014286
881.5291304588318,0.26125,0.014309
881.5833659172058,0.26235,0.014423
881.6326632499695,0.2632,0.014397
881.681097984314,0.26421,0.01452
881.7294406890869,0.26508,0.014613
881.7813966274261,0.26507,0.014413
881.8350486755371,0.26732,0.014452
881.883148431778,0.26812,0.014559
881.9346525669098,0.26923,0.014832
881.9878797531128,0.27029,0.014918
882.0344684123993,0.27103,0.014938
882.0846703052521,0.27205,0.014975
882.1335227489471,0.27213,0.014985
882.1848380565643,0.27405,0.014956
882.2367007732391,0.27411,0.014909
882.2889676094055,0.27604,0.014979
882.3372099399567,0.27688,0.014866
882.3870673179626,0.27805,0.014993
882.4419240951538,0.27908,0.014864
882.492819070816,0.28013,0.014934
882.5433058738708,0.28092,0.014631
882.590279340744,0.28109,0.014437
882.6456279754639,0.28189,0.014322
882.6964542865753,0.28411,0.014341
882.743447303772,0.28508,0.014483
882.7975251674652,0.28605,0.014163
882.841860294342,0.28681,0.014256
882.8946385383606,0.28717,0.014288
882.9475033283234,0.28813,0.014273
882.9996471405029,0.28885,0.014252
883.0460171699524,0.29111,0.014155
883.0975625514984,0.29196,0.013961
883.1484260559082,0.29185,0.014272
883.2030308246613,0.29301,0.01408
883.2475321292877,0.29391,0.014154
883.302567243576,0.29488,0.014153
883.3529455661774,0.29677,0.014129
883.401750087738,0.29695,0.014272
883.4557144641876,0.2988,0.01412
883.5046768188477,0.29961,0.014283
883.5574638843536,0.29965,0.01401
883.6017694473267,0.3008,0.014751
883.6601073741913,0.020053,0.014243
883.7077088356018,0.02024,0.014524
883.7583904266357,0.025587,0.014138
883.8123247623444,0.025747,0.014254
883.8605976104736,0.031667,0.014185
883.9105503559113,0.031787,0.014373
883.96102643013,0.034813,0.014394
884.0173048973083,0.037907,0.014285
884.0646615028381,0.040653,0.01445
884.1157755851746,0.043627,0.014439
884.1661684513092,0.049453,0.014354
884.2176158428192,0.049533,0.014377
884.2688643932343,0.055467,0.014395
884.3189606666565,0.055413,0.014577
884.3730463981628,0.058387,0.014461
884.4246609210968,0.06116,0.014616
884.4751987457275,0.063973,0.014463
884.523387670517,0.066693,0.014541
884.5775773525238,0.069507,0.014564
884.6267955303192,0.072747,0.014638
884.6796145439148,0.077587,0.014564
884.7294771671295,0.077773,0.014489
884.7758343219757,0.080667,0.014529
884.8261449337006,0.08324,0.014483
884.8769681453705,0.08608,0.014409
884.9274871349335,0.08636,0.014529
884.9840648174286,0.093373,0.014437
885.0320422649384,0.094693,0.014322
885.081353187561,0.094947,0.014458
885.1326687335968,0.095987,0.014284
885.1825013160706,0.097227,0.014124
885.2338571548462,0.09844,0.014175
885.2829148769379,0.098787,0.014184
885.3332569599152,0.10133,0.014089
885.3825523853302,0.10283,0.014089
885.4340345859528,0.10383,0.014064
885.483261346817,0.10496,0.013992
885.5338277816772,0.10648,0.014031
885.5867037773132,0.10755,0.014252
885.6351184844971,0.10885,0.014067
885.6863942146301,0.11007,0.014067
885.7363953590393,0.11119,0.014102
885.7869544029236,0.11259,0.014051
885.8335163593292,0.11376,0.014053
885.8847658634186,0.11493,0.014065
885.9384529590607,0.11611,0.014035
885.9861454963684,0.11736,0.014096
886.0375072956085,0.11864,0.014067
886.0864384174347,0.11985,0.014066
886.139093875885,0.11984,0.014005
886.1928796768188,0.12123,0.01419
886.2413358688354,0.12339,0.014319
886.295371055603,0.12461,0.014001
886.3442022800446,0.1258,0.014051
886.393018245697,0.12711,0.014134
886.4403564929962,0.12821,0.014201
886.4925720691681,0.12828,0.014098
886.5453507900238,0.1304,0.014097
886.5942380428314,0.13173,0.014143
886.6453847885132,0.13155,0.014143
886.7019515037537,0.13299,0.014255
886.749899148941,0.13513,0.014228
886.8070278167725,0.13619,0.014176
886.8530905246735,0.13744,0.014216
886.9044137001038,0.13863,0.01422
886.9579093456268,0.13956,0.014262
887.0052976608276,0.14073,0.014151
887.0567936897278,0.1408,0.014362
887.107608795166,0.14311,0.014412
887.1570045948029,0.14409,0.014323
887.2125210762024,0.14537,0.014441
887.2624220848083,0.14645,0.014443
887.310295343399,0.14665,0.01446
887.3636410236359,0.14764,0.014353
887.4113042354584,0.14871,0.014535
887.4640295505524,0.15105,0.014495
887.517927646637,0.15187,0.014569
887.5659201145172,0.15323,0.014383
887.6143896579742,0.15313,0.014648
887.6669352054596,0.15425,0.014541
887.7211589813232,0.15539,0.01461
887.7684843540192,0.15755,0.014525
887.8196332454681,0.15868,0.014634
887.8699815273285,0.1596,0.014357
887.9173064231873,0.1606,0.014446
887.968519449234,0.16176,0.014468
888.0193600654602,0.16279,0.014211
888.0708332061768,0.16307,0.014122
888.1210522651672,0.16396,0.014175
888.1717574596405,0.16516,0.014153
888.2266073226929,0.16621,0.014072
888.2733502388,0.16849,0.014098
888.3246409893036,0.16939,0.014018
888.3755700588226,0.17041,0.013917
888.4277331829071,0.17044,0.014012
888.4773852825165,0.17136,0.013937
888.5304427146912,0.17251,0.014064
888.5834846496582,0.17479,0.013828
888.6293342113495,0.17576,0.014007
888.6790382862091,0.17556,0.013949
888.7299633026123,0.17688,0.013754
888.7809407711029,0.17883,0.014034
888.8321542739868,0.17895,0.014009
888.8819153308868,0.17996,0.014022
888.9347677230835,0.18108,0.014015
888.9866712093353,0.18221,0.01405
889.034574508667,0.18307,0.014006
889.0832834243774,0.18437,0.014178
889.135870218277,0.1854,0.01405
889.1821563243866,0.18632,0.01402
889.2397265434265,0.18732,0.014074
889.2881708145142,0.18835,0.014107
889.336677312851,0.18939,0.013928
889.3882639408112,0.19047,0.014056
889.438360452652,0.19144,0.014089
889.487815618515,0.1934,0.014214
889.5410401821136,0.1936,0.01417
889.5927603244781,0.19455,0.014155
889.643878698349,0.1954,0.014255
889.6987679004669,0.19635,0.014106
889.7442553043365,0.19732,0.014238
889.7983846664429,0.19861,0.014196
889.849279165268,0.20059,0.014255
889.9001665115356,0.20076,0.01418
889.9514276981354,0.2016,0.014268
890.0021615028381,0.20273,0.014196
890.0526309013367,0.20385,0.014201
890.1037335395813,0.20461,0.014379
890.1522767543793,0.20568,0.014438
890.2055599689484,0.20767,0.0144
890.2598824501038,0.20776,0.01448
890.309618473053,0.20885,0.014529
890.357804775238,0.20976,0.014501
890.4091763496399,0.21093,0.014653
890.4588737487793,0.21199,0.014668
890.5101428031921,0.21308,0.014682
890.5622797012329,0.21308,0.014622
890.6155543327332,0.21489,0.014719
890.6630697250366,0.21603,0.014763
890.7163028717041,0.21721,0.014758
890.7647025585175,0.21816,0.014756
890.8201851844788,0.21896,0.014618
890.8686327934265,0.21997,0.014571
890.9185566902161,0.22099,0.014497
890.9737107753754,0.22216,0.01437
891.0220131874084,0.22295,0.014331
891.0734770298004,0.22399,0.014253
891.1224329471588,0.22503,0.014077
891.1763944625854,0.22616,0.013998
891.2237966060638,0.22719,0.014003
891.277149438858,0.22803,0.013995
891.321878194809,0.22912,0.013915
891.3731365203857,0.23013,0.013883
891.4284794330597,0.23117,0.013706
891.476304769516,0.23189,0.013903
891.5269918441772,0.23225,0.014021
891.5770382881165,0.23443,0.013883
891.6225616931915,0.23503,0.013951
891.6777205467224,0.23585,0.013939
891.7315559387207,0.23693,0.013929
891.7796764373779,0.23709,0.013983
891.8284456729889,0.23905,0.013971
891.8784689903259,0.24009,0.013998
891.9325399398804,0.24104,0.014069
891.9819638729095,0.24217,0.014081
892.0339171886444,0.24315,0.013986
892.0829553604126,0.24409,0.014122
892.1333730220795,0.24515,0.014144
892.1828665733337,0.24619,0.014123
892.2320022583008,0.24707,0.014086
892.2904510498047,0.24721,0.014037
892.3377850055695,0.2482,0.014177
892.3902292251587,0.25019,0.014095
892.4440703392029,0.25108,0.014047
892.4911570549011,0.25188,0.014144
892.5435101985931,0.25308,0.014218
892.5944464206696,0.25412,0.0143
892.6438827514648,0.25512,0.014251
892.6940295696259,0.25597,0.013993
892.7438356876373,0.25697,0.014421
892.7958443164825,0.25723,0.014437
892.8487482070923,0.25812,0.014318
892.8929431438446,0.26024,0.014336
892.9479863643646,0.26111,0.014287
892.9976541996002,0.26223,0.014428
893.0475418567657,0.26295,0.014474
893.0980591773987,0.26313,0.014811
893.1498100757599,0.26409,0.014668
893.2002840042114,0.26485,0.014749
893.2524559497833,0.26688,0.0148
893.3008031845093,0.26797,0.014826
893.3546109199524,0.26783,0.015084
893.4002075195312,0.27,0.015067
893.4531717300415,0.26989,0.015142
893.5045866966248,0.27073,0.015017
893.5545790195465,0.27184,0.015213
893.6040232181549,0.27295,0.015268
893.6528868675232,0.27473,0.015242
893.7058246135712,0.27589,0.015124
893.7541773319244,0.27687,0.015097
893.8045511245728,0.27691,0.014813
893.8557076454163,0.27781,0.014928
893.9063403606415,0.27981,0.014756
893.9638485908508,0.27971,0.014772
894.0152397155762,0.28188,0.014476
894.0635225772858,0.28165,0.014296
894.114138841629,0.28272,0.014248
894.1660711765289,0.28344,0.014254
894.2151434421539,0.28579,0.014145
894.2644543647766,0.28669,0.014153
894.3157284259796,0.2866,0.014067
894.3651373386383,0.28788,0.014006
894.4149751663208,0.28881,0.013885
894.4645121097565,0.28971,0.014119
894.5180630683899,0.29051,0.014148
894.5669898986816,0.29051,0.014148
894.6169357299805,0.29051,0.014049
894.6623833179474,0.29387,0.014067
894.7133646011353,0.29461,0.014116
894.7659096717834,0.29559,0.014049
894.8151330947876,0.2968,0.014188
894.8628077507019,0.29741,0.014241
894.9179763793945,0.29863,0.014064
894.9712545871735,0.29972,0.014216
895.0196125507355,0.30065,0.014101
895.0695140361786,0.01792,0.013966
895.1190617084503,0.0198,0.014062
895.1708915233612,0.022573,0.014645
895.2183182239532,0.02528,0.014643
895.2684862613678,0.02832,0.014274
895.3224999904633,0.031173,0.014267
895.368861913681,0.0342,0.014254
895.419392824173,0.034093,0.014301
895.4701337814331,0.03736,0.01435
895.5242366790771,0.043147,0.014358
895.5734484195709,0.046093,0.014416
895.6250653266907,0.04908,0.014376
895.674782037735,0.049187,0.014448
895.7274696826935,0.055,0.014445
895.7736160755157,0.05484,0.014458
895.8298048973083,0.06056,0.014586
895.8769943714142,0.063347,0.014591
895.9312751293182,0.06352,0.014507
895.9795846939087,0.068907,0.014627
896.0290277004242,0.069093,0.014562
896.0802087783813,0.074387,0.014695
896.1308121681213,0.077533,0.014631
896.180074930191,0.08032,0.014576
896.2333295345306,0.083133,0.014587
896.2842903137207,0.0858,0.014528
896.3327631950378,0.08588,0.014573
896.3828585147858,0.08836,0.014442
896.4362480640411,0.093027,0.014443
896.4855778217316,0.094493,0.014292
896.5343406200409,0.09572,0.014153
896.5851199626923,0.095867,0.014309
896.6346521377563,0.09704,0.014152
896.6835608482361,0.09808,0.014117
896.7366194725037,0.10105,0.014115
896.7862133979797,0.10113,0.014079
896.8340017795563,0.10208,0.014129
896.8883028030396,0.10344,0.014057
896.9334125518799,0.10469,0.01404
896.9863748550415,0.10587,0.014073
897.0377576351166,0.10844,0.014028
897.0871641635895,0.10844,0.013984
897.1381099224091,0.11101,0.013994
897.1937065124512,0.11248,0.014009
897.2454354763031,0.11344,0.014085
897.2919383049011,0.11365,0.014067
897.3444237709045,0.11479,0.014039
897.3952398300171,0.11575,0.01391
897.4431309700012,0.11812,0.013972
897.4959609508514,0.11837,0.013983
897.5485982894897,0.11971,0.014024
897.5962126255035,0.12089,0.01401
897.6440894603729,0.12185,0.014287
897.6973271369934,0.1232,0.014011
897.7482957839966,0.12445,0.01413
897.7983222007751,0.12657,0.014133
897.850448846817,0.12664,0.013997
897.8986814022064,0.12775,0.014222
897.9499278068542,0.129,0.014289
897.9993379116058,0.13007,0.014067
898.0507724285126,0.13145,0.014119
898.0982220172882,0.13375,0.01407
898.1498835086823,0.1338,0.014116
898.2039744853973,0.13469,0.014318
898.2531454563141,0.13603,0.014211
898.3051087856293,0.13716,0.014202
898.3538250923157,0.13821,0.014239
898.4008846282959,0.13941,0.014257
898.458820104599,0.14059,0.014245
898.5057375431061,0.14171,0.014351
898.5565640926361,0.14271,0.014435
898.608108997345,0.14376,0.014384
898.6577858924866,0.14405,0.014382
898.7096748352051,0.14493,0.014321
898.7577030658722,0.14727,0.014581
898.8060283660889,0.14847,0.014373
898.8619112968445,0.14952,0.01448
898.9079921245575,0.1506,0.014584
898.9592733383179,0.15172,0.014608
899.011914730072,0.15176,0.01459
899.067672252655,0.15389,0.014677
899.1151044368744,0.15496,0.014648
899.1629154682159,0.15592,0.014744
899.2122595310211,0.15623,0.014629
899.2721943855286,0.15748,0.014594
899.3170731067657,0.15843,0.014452
899.3706080913544,0.16048,0.014547
899.4185240268707,0.16164,0.014439
899.4710309505463,0.16285,0.01424
899.5211825370789,0.16381,0.014184
899.5714499950409,0.16501,0.014015
899.6261601448059,0.16503,0.014128
899.6712200641632,0.16685,0.013921
899.7268416881561,0.16821,0.013961
899.771862745285,0.16817,0.014042
899.8281517028809,0.17024,0.013952
899.8770134449005,0.17143,0.013916
899.9261515140533,0.17228,0.013932
899.9765417575836,0.17249,0.013802
900.0273940563202,0.17457,0.013956
900.0767555236816,0.17567,0.013737
900.1285636425018,0.17661,0.013935
900.1773817539215,0.17767,0.013907
900.2334871292114,0.17789,0.013954
900.2813804149628,0.17891,0.013947
900.3300774097443,0.18099,0.013894
900.3848767280579,0.18187,0.013938
900.4324247837067,0.18313,0.013812
900.4847836494446,0.18401,0.014054
900.5320572853088,0.18409,0.013875
900.5835032463074,0.18513,0.014199
900.6346070766449,0.18617,0.013888
900.6831886768341,0.188,0.014062
900.7371184825897,0.18945,0.013967
900.7849576473236,0.18952,0.014002
900.8368730545044,0.19033,0.014124
900.8846378326416,0.19111,0.014075
900.9344258308411,0.19239,0.014217
900.9879341125488,0.1934,0.014174
901.0383276939392,0.19437,0.01421
901.0908677577972,0.19553,0.014232
901.1386284828186,0.19757,0.01425
901.193305015564,0.19757,0.014246
901.2494008541107,0.1986,0.014291
901.2978186607361,0.19956,0.014275
901.3493902683258,0.20049,0.014232
901.4014446735382,0.20168,0.014338
901.4491333961487,0.20275,0.014244
901.500969171524,0.20361,0.014403
901.5499320030212,0.20487,0.014464
901.6005668640137,0.20679,0.01434
901.6519756317139,0.20765,0.014413
901.7058889865875,0.20884,0.014473
901.758761882782,0.20868,0.014577
901.809056520462,0.20987,0.014698
901.8572173118591,0.21085,0.014764
901.9090402126312,0.21164,0.01471
901.9573690891266,0.21383,0.014839
902.0107982158661,0.21489,0.014815
902.0585255622864,0.21491,0.01503
902.110940694809,0.21584,0.014824
902.1599287986755,0.21685,0.014928
902.20840716362,0.21807,0.014814
902.2607769966125,0.219,0.014655
902.3090059757233,0.22096,0.014533
902.3600673675537,0.22084,0.014593
902.409068107605,0.22184,0.014451
902.4613916873932,0.22296,0.014355
902.5131676197052,0.22399,0.014245
902.5649435520172,0.22495,0.014125
902.6178555488586,0.22596,0.014225
902.6654486656189,0.22723,0.014002
902.7165319919586,0.22791,0.013889
902.7641835212708,0.22903,0.01382
902.8152630329132,0.22988,0.014046
902.8698174953461,0.23095,0.013852
902.9210867881775,0.23192,0.013742
902.9705271720886,0.23285,0.013838
903.0223441123962,0.23396,0.013917
903.0699636936188,0.23496,0.013783
903.1194567680359,0.23592,0.013971
903.1712296009064,0.23703,0.013875
903.2204027175903,0.23789,0.013811
903.2725718021393,0.238,0.013955
903.3217642307281,0.23987,0.01392
903.37348985672,0.24089,0.013912
903.423326253891,0.24205,0.014003
903.4720845222473,0.24299,0.014178
903.5274317264557,0.24297,0.014036
903.5766742229462,0.24404,0.014066
903.6283113956451,0.24497,0.014082
903.6784646511078,0.24685,0.014089
903.7283396720886,0.24799,0.014097
903.7799344062805,0.24911,0.014084
903.8280432224274,0.24987,0.014131
903.8786420822144,0.25103,0.014236
903.9288234710693,0.25195,0.014242
903.9829847812653,0.25195,0.014224
904.0321378707886,0.25292,0.014187
904.0804545879364,0.25495,0.014287
904.1351492404938,0.25593,0.014187
904.1829433441162,0.25688,0.014311
904.2333137989044,0.25787,0.0142
904.286883354187,0.25884,0.014309
904.3369822502136,0.25884,0.014351
904.3859837055206,0.26009,0.014307
904.4380960464478,0.26087,0.014349
904.4880568981171,0.26301,0.014653
904.5372705459595,0.26391,0.014469
904.5908637046814,0.26489,0.014685
904.6402957439423,0.26585,0.014694
904.6882817745209,0.26673,0.015158
904.7405896186829,0.26681,0.015168
904.7894175052643,0.26785,0.015115
904.8408341407776,0.26965,0.015333
904.8894891738892,0.26988,0.015288
904.9425847530365,0.27075,0.015297
904.9937210083008,0.27175,0.015473
905.0429453849792,0.27281,0.015417
905.0929024219513,0.27361,0.015389
905.1504504680634,0.27572,0.015525
905.2000136375427,0.27688,0.015243
905.2519936561584,0.27772,0.0153
905.3022036552429,0.27785,0.014835
905.3451519012451,0.27981,0.014877
905.4002735614777,0.27995,0.014469
905.449919462204,0.28095,0.014529
905.5027525424957,0.28295,0.014354
905.5511739253998,0.28307,0.014236
905.601047039032,0.28379,0.014147
905.6530072689056,0.28477,0.013925
905.7028911113739,0.28565,0.013888
905.7551622390747,0.2876,0.013988
905.8052306175232,0.28865,0.013935
905.8545317649841,0.28867,0.013942
905.9022486209869,0.28957,0.014005
905.9536063671112,0.29076,0.01397
906.0109398365021,0.29145,0.014032
906.0651242733002,0.29384,0.0141
906.113205909729,0.29444,0.014181
906.1663157939911,0.29444,0.014075
906.2139408588409,0.29563,0.014065
906.2632074356079,0.29647,0.014156
906.3130016326904,0.29745,0.014177
906.3655092716217,0.29833,0.014315
906.414377450943,0.30031,0.014225
906.4664876461029,0.020547,0.013958
906.5170669555664,0.017173,0.013854
906.5659048557281,0.01892,0.013883
906.6163654327393,0.021853,0.014443
906.6686515808105,0.024693,0.014386
906.7192599773407,0.027707,0.01432
906.7680284976959,0.03072,0.014259
906.8180804252625,0.036453,0.0142
906.8679523468018,0.03852,0.014277
906.9153316020966,0.03968,0.014215
906.964189529419,0.042693,0.014312
907.0206711292267,0.045707,0.014452
907.0688679218292,0.04864,0.014416
907.1187188625336,0.051547,0.014439
907.1676678657532,0.054387,0.014428
907.2219519615173,0.057133,0.014466
907.2693774700165,0.06016,0.014536
907.321005821228,0.063293,0.014677
907.3715877532959,0.065787,0.014537
907.4200348854065,0.066053,0.014655
907.473470211029,0.070133,0.014614
907.5235214233398,0.074293,0.014656
907.5728390216827,0.076987,0.014596
907.624326467514,0.079747,0.014602
907.6726639270782,0.082387,0.014518
907.7223229408264,0.08512,0.014475
907.7719416618347,0.085093,0.014424
907.8238356113434,0.088093,0.014431
907.8743178844452,0.090707,0.014314
907.9244408607483,0.094307,0.014373
907.9811480045319,0.09456,0.014215
908.0269644260406,0.096787,0.014141
908.0800368785858,0.096747,0.014137
908.1296033859253,0.09804,0.014127
908.1811013221741,0.10087,0.013976
908.2273123264313,0.10204,0.013927
908.2843503952026,0.10333,0.013928
908.335529088974,0.10471,0.013988
908.3856198787689,0.10579,0.014034
908.4337813854218,0.10703,0.014051
908.4831235408783,0.10701,0.013973
908.5358412265778,0.10832,0.013986
908.587468624115,0.11061,0.013644
908.6348149776459,0.11213,0.01392
908.6865289211273,0.11325,0.014082
908.7360491752625,0.11363,0.013875
908.7845551967621,0.11487,0.013978
908.835919380188,0.11563,0.014056
908.887818813324,0.1168,0.01392
908.9393918514252,0.1192,0.013963
908.9902548789978,0.12044,0.014065
909.0394542217255,0.12163,0.013957
909.0920124053955,0.1216,0.013994
909.1403224468231,0.12296,0.014015
909.1921603679657,0.12413,0.014146
909.2399780750275,0.12521,0.014006
909.2879493236542,0.12767,0.014089
909.3397254943848,0.1288,0.013966
909.3889081478119,0.13,0.01404
909.4417111873627,0.13009,0.01404
909.4903247356415,0.13125,0.014068
909.5415256023407,0.13127,0.01415
909.5940837860107,0.13447,0.014291
909.6429653167725,0.13461,0.014169
909.6923170089722,0.13593,0.014221
909.7417232990265,0.13697,0.014205
909.795818567276,0.13813,0.014224
909.8446638584137,0.13921,0.014243
909.8937728404999,0.14044,0.014214
909.9454433917999,0.14159,0.014313
909.9981226921082,0.14248,0.014337
910.0454227924347,0.14404,0.014382
910.094911813736,0.14487,0.014415
910.1514129638672,0.146,0.014347
910.1990065574646,0.14712,0.014525
910.2510504722595,0.14833,0.014532
910.2981555461884,0.14949,0.014524
910.3506984710693,0.15051,0.014624
910.3986487388611,0.1514,0.014596
910.4524545669556,0.15271,0.014597
910.4991528987885,0.15373,0.014549
910.554945230484,0.15485,0.014525
910.6033706665039,0.15593,0.014647
910.6523711681366,0.15704,0.014699
910.7045981884003,0.15817,0.01459
910.7549948692322,0.1594,0.014496
910.8036177158356,0.1604,0.014373
910.8570594787598,0.16169,0.01434
910.903528213501,0.16259,0.014279
910.9527356624603,0.16371,0.014232
911.0070662498474,0.16483,0.014088
911.0582690238953,0.16593,0.01396
911.1079890727997,0.16587,0.014021
911.156004190445,0.16777,0.013992
911.2084457874298,0.16895,0.013974
911.2622134685516,0.16891,0.013942
911.3100111484528,0.17116,0.013859
911.3628149032593,0.17115,0.013919
911.4123952388763,0.17235,0.013887
911.4614326953888,0.17332,0.013901
911.5116674900055,0.17553,0.013807
911.5609107017517,0.17655,0.013823
911.6070623397827,0.17768,0.013929
911.6632394790649,0.17767,0.013889
911.713855266571,0.17877,0.013844
911.7655761241913,0.17964,0.013842
911.8137111663818,0.18087,0.013832
911.8624041080475,0.18276,0.013807
911.9151468276978,0.18384,0.013845
911.9680228233337,0.18489,0.013944
912.0137293338776,0.18595,0.013959
912.0666880607605,0.18588,0.014081
912.1160018444061,0.18701,0.013983
912.1662993431091,0.18815,0.01398
912.2194406986237,0.18891,0.01406
912.2686066627502,0.19124,0.013953
912.3181517124176,0.19143,0.014023
912.3663194179535,0.19339,0.014145
912.420884847641,0.19323,0.014145
912.4713311195374,0.19445,0.014224
912.5215363502502,0.19528,0.014172
912.5748295783997,0.19641,0.014324
912.6233563423157,0.19721,0.014218
912.6769034862518,0.19937,0.014291
912.7232668399811,0.20061,0.01429
912.7749674320221,0.20031,0.014192
912.8329336643219,0.20251,0.014276
912.8818356990814,0.20243,0.01427
912.9345688819885,0.20427,0.014321
912.9805274009705,0.20445,0.014416
913.0359992980957,0.20556,0.01444
913.0835158824921,0.20653,0.014526
913.137113571167,0.20864,0.014585
913.189665555954,0.20865,0.014644
913.2384431362152,0.20971,0.014837
913.2887618541718,0.21061,0.014888
913.3387930393219,0.21187,0.014934
913.3885953426361,0.21271,0.014917
913.4391787052155,0.21476,0.015008
913.4880950450897,0.21583,0.014945
913.5385434627533,0.21584,0.014991
913.5898985862732,0.21665,0.014943
913.6400406360626,0.21772,0.014954
913.6906886100769,0.21872,0.014617
913.747715473175,0.21981,0.014725
913.795969247818,0.22083,0.014645
913.846492767334,0.22168,0.014133
913.8949654102325,0.22273,0.014292
913.9448866844177,0.22369,0.014239
913.9968647956848,0.22384,0.014052
914.0476968288422,0.22573,0.013954
914.0997829437256,0.22775,0.013844
914.1456451416016,0.22787,0.013805
914.1990976333618,0.22885,0.013847
914.2465853691101,0.22997,0.013816
914.3019168376923,0.23075,0.013868
914.3503334522247,0.23168,0.013823
914.3995389938354,0.23276,0.013827
914.4510126113892,0.23381,0.013767
914.5034594535828,0.23481,0.013711
914.5505592823029,0.23581,0.01372
914.6049981117249,0.23685,0.013763
914.6534104347229,0.23695,0.013872
914.702698469162,0.23896,0.013821
914.7528879642487,0.23987,0.013861
914.8048503398895,0.2408,0.01391
914.8556678295135,0.24185,0.013955
914.9038770198822,0.24284,0.013983
914.9521329402924,0.24381,0.013998
915.0093424320221,0.24385,0.014108
915.06401014328,0.24473,0.014071
915.1116857528687,0.24681,0.014123
915.1644649505615,0.24771,0.013928
915.2125120162964,0.24892,0.014101
915.261647939682,0.24867,0.014108
915.3194768428802,0.25068,0.014141
915.3680415153503,0.25053,0.014099
915.415335893631,0.25179,0.014198
915.4664974212646,0.25373,0.014229
915.5177962779999,0.25459,0.014204
915.5671622753143,0.25575,0.014235
915.6190338134766,0.256,0.014187
915.6721465587616,0.25775,0.014327
915.7187893390656,0.25772,0.014255
915.7685780525208,0.25884,0.014368
915.8249065876007,0.26076,0.014365
915.8727626800537,0.26171,0.014477
915.9243566989899,0.26257,0.01448
915.9744465351105,0.2636,0.014712
916.0261940956116,0.26453,0.014852
916.0780420303345,0.26457,0.014886
916.1277477741241,0.26568,0.014946
916.1789021492004,0.26655,0.015135
916.2285594940186,0.26856,0.015063
916.2794799804688,0.26975,0.015404
916.3297483921051,0.27055,0.015502
916.379499912262,0.27183,0.015508
916.4328367710114,0.2726,0.015452
916.4797050952911,0.27344,0.015564
916.5310850143433,0.27463,0.01536
916.5825455188751,0.27549,0.015378
916.6274251937866,0.27657,0.015265
916.6830899715424,0.27663,0.015179
916.733686208725,0.27769,0.014774
916.7836647033691,0.27863,0.01458
916.8341014385223,0.28061,0.014418
916.8837831020355,0.28144,0.014159
916.9352209568024,0.28159,0.01429
916.9830837249756,0.2824,0.014181
917.0341362953186,0.28336,0.013967
917.0890815258026,0.2846,0.014117
917.1375441551208,0.28536,0.014019
917.1882047653198,0.28635,0.014079
917.2408120632172,0.28832,0.014026
917.2883262634277,0.28824,0.01395
917.3370442390442,0.28948,0.01397
917.3893573284149,0.29036,0.014039
917.4417219161987,0.29144,0.014151
917.4922935962677,0.29161,0.013968
917.5473215579987,0.29441,0.014059
917.602085351944,0.29531,0.014098
917.6500470638275,0.29629,0.014077
917.7027931213379,0.29627,0.014197
917.7487041950226,0.29719,0.014182
917.8012421131134,0.29841,0.014053
917.8554780483246,0.30025,0.01417
917.9053845405579,0.30023,0.014164
917.953165769577,0.01728,0.014636
918.0047640800476,0.018653,0.014493
918.0526423454285,0.02124,0.014361
918.1052412986755,0.024227,0.014226
918.1590001583099,0.02712,0.014293
918.2055766582489,0.033387,0.014332
918.256062746048,0.033347,0.014083
918.3067409992218,0.03632,0.01431
918.3565073013306,0.039253,0.014217
918.4089503288269,0.039453,0.01436
918.4579374790192,0.045253,0.014403
918.5090219974518,0.048027,0.014492
918.5620834827423,0.05096,0.014306
918.610125541687,0.053867,0.014643
918.6616559028625,0.05676,0.014356
918.7118935585022,0.05968,0.014345
918.7628858089447,0.0626,0.014387
918.8142545223236,0.06556,0.014581
918.8622629642487,0.068133,0.014647
918.9097487926483,0.07104,0.014855
918.9586424827576,0.07368,0.014651
919.0145561695099,0.076333,0.01467
919.063835144043,0.079227,0.014607
919.1131331920624,0.082,0.014491
919.1637418270111,0.084747,0.014538
919.2131631374359,0.087573,0.014654
919.2647023200989,0.090173,0.014431
919.3129146099091,0.092573,0.014424
919.3673875331879,0.094013,0.014276
919.41650390625,0.094093,0.014177
919.4670140743256,0.096613,0.014242
919.512722492218,0.097827,0.014163
919.5647187232971,0.099107,0.014008
919.613557100296,0.10071,0.014317
919.6692967414856,0.10048,0.01405
919.7175400257111,0.10188,0.014025
919.7670440673828,0.10321,0.014097
919.8187761306763,0.10559,0.013987
919.8681316375732,0.1068,0.013934
919.9166457653046,0.10812,0.014098
919.9665427207947,0.10945,0.014044
920.0200018882751,0.10949,0.014324
920.073338508606,0.1106,0.013981
920.1216909885406,0.11297,0.013923
920.1716856956482,0.11439,0.013853
920.2211320400238,0.11544,0.013942
920.2721722126007,0.11551,0.013808
920.3237299919128,0.11692,0.013939
920.3742609024048,0.11788,0.013883
920.4213008880615,0.11921,0.013852
920.471556186676,0.12027,0.013906
920.5303735733032,0.12145,0.013976
920.5806703567505,0.12391,0.013992
920.631085395813,0.12507,0.01387
920.6796598434448,0.12529,0.014014
920.7295722961426,0.12617,0.013943
920.7805469036102,0.12743,0.014063
920.8325769901276,0.12865,0.013913
920.8815989494324,0.13092,0.014091
920.930017709732,0.13205,0.013994
920.9826097488403,0.13319,0.014094
921.0318605899811,0.13328,0.014141
921.081134557724,0.13456,0.014258
921.1315956115723,0.13557,0.014193
921.1870303153992,0.13681,0.014197
921.2353353500366,0.13788,0.014162
921.2852618694305,0.14012,0.014372
921.3370397090912,0.14032,0.014359
921.3867905139923,0.14131,0.014202
921.4369525909424,0.14244,0.014298
921.4864962100983,0.1436,0.014388
921.5371820926666,0.14581,0.014335
921.5911998748779,0.14593,0.014403
921.6367506980896,0.1468,0.01445
921.6878128051758,0.148,0.014645
921.7402014732361,0.14925,0.014554
921.7925555706024,0.15144,0.014558
921.8448507785797,0.15157,0.014722
921.8920092582703,0.15239,0.014839
921.9457778930664,0.15371,0.014701
921.9939351081848,0.15487,0.014769
922.0420527458191,0.15577,0.01468
922.0946538448334,0.15685,0.0147
922.1453049182892,0.15784,0.014472
922.1949875354767,0.15804,0.014545
922.2465331554413,0.16032,0.014392
922.2995126247406,0.16136,0.014307
922.3461270332336,0.16241,0.014242
922.3980553150177,0.16457,0.014236
922.4497854709625,0.16453,0.014147
922.4986214637756,0.16581,0.014278
922.5515954494476,0.16671,0.013991
922.6003232002258,0.16767,0.013781
922.6504526138306,0.16872,0.013854
922.7001521587372,0.16992,0.013813
922.7506422996521,0.17099,0.013853
922.8014180660248,0.17204,0.013779
922.8520133495331,0.17317,0.013851
922.9041693210602,0.17427,0.013848
922.9521307945251,0.175,0.013753
923.0044627189636,0.17629,0.013896
923.051638841629,0.17657,0.013849
923.1019222736359,0.17732,0.013759
923.1523487567902,0.17847,0.013741
923.2022652626038,0.17944,0.013853
923.2519400119781,0.18173,0.013747
923.3032793998718,0.18255,0.013858
923.3519265651703,0.18363,0.013787
923.4056560993195,0.18383,0.013867
923.4535756111145,0.18487,0.013978
923.5078444480896,0.18577,0.014092
923.5571520328522,0.18697,0.014003
923.6042675971985,0.18797,0.014076
923.655978679657,0.19,0.014062
923.7054090499878,0.18996,0.0141
923.7568123340607,0.19203,0.013808
923.8070843219757,0.19208,0.014072
923.857507944107,0.19307,0.014232
923.908200263977,0.19425,0.014182
923.9601566791534,0.19427,0.014233
924.0104737281799,0.19717,0.014154
924.0594718456268,0.19823,0.014024
924.1083710193634,0.19824,0.014181
924.1625940799713,0.19929,0.014221
924.2112603187561,0.20008,0.014247
924.2648334503174,0.20139,0.014423
924.3154439926147,0.20319,0.01419
924.3645579814911,0.20404,0.014294
924.4115476608276,0.20405,0.014375
924.4684138298035,0.20516,0.014389
924.5159938335419,0.20528,0.014591
924.5692915916443,0.2084,0.014379
924.6146590709686,0.20843,0.014587
924.6679632663727,0.20947,0.014782
924.7174251079559,0.21061,0.014744
924.7683532238007,0.21153,0.014825
924.8210484981537,0.21241,0.014967
924.8699569702148,0.21344,0.015051
924.9218533039093,0.21452,0.014913
924.9724631309509,0.21561,0.014835
925.0211052894592,0.21648,0.014848
925.079607963562,0.21771,0.014918
925.1304421424866,0.21767,0.014654
925.1804327964783,0.21975,0.014522
925.2396035194397,0.22065,0.01461
925.2869026660919,0.22163,0.014283
925.3394248485565,0.2226,0.014452
925.3887984752655,0.22365,0.014067
925.4419951438904,0.22551,0.013913
925.4891357421875,0.22656,0.013961
925.5392541885376,0.2268,0.013771
925.5869393348694,0.22775,0.013883
925.6398205757141,0.22889,0.01376
925.6881601810455,0.22977,0.013844
925.7437717914581,0.23053,0.013854
925.7906198501587,0.23156,0.013928
925.8400766849518,0.23271,0.013834
925.8906190395355,0.23361,0.013849
925.9470841884613,0.23472,0.013826
925.995668888092,0.23576,0.013775
926.0475406646729,0.23671,0.013722
926.0991060733795,0.23763,0.013736
926.1478123664856,0.23873,0.013758
926.1980590820312,0.23965,0.013801
926.2498087882996,0.24052,0.013832
926.2973096370697,0.24187,0.013909
926.3520815372467,0.24267,0.01398
926.3987057209015,0.24356,0.013927
926.4503257274628,0.24452,0.014055
926.5022375583649,0.24559,0.014058
926.5515072345734,0.24664,0.014157
926.6014349460602,0.24769,0.014158
926.6502411365509,0.24847,0.01404
926.7026290893555,0.24971,0.014027
926.7523910999298,0.25073,0.014169
926.800882101059,0.25156,0.014175
926.8549146652222,0.25267,0.014193
926.9022498130798,0.25344,0.014113
926.9542844295502,0.25348,0.014225
927.0088741779327,0.25561,0.014285
927.0598254203796,0.25651,0.014119
927.109207868576,0.25756,0.014271
927.1576707363129,0.25824,0.014193
927.2069802284241,0.25951,0.014328
927.2614631652832,0.26043,0.014403
927.3098423480988,0.26069,0.01445
927.360830783844,0.26148,0.014647
927.4083688259125,0.26248,0.01473
927.461831331253,0.26447,0.014638
927.5112657546997,0.26537,0.014757
927.5582780838013,0.26641,0.014983
927.6100723743439,0.26753,0.01524
927.662654876709,0.26735,0.01517
927.7114379405975,0.26833,0.015326
927.7658376693726,0.26943,0.015598
927.8129079341888,0.27041,0.015521
927.8632161617279,0.27229,0.015679
927.9129695892334,0.27344,0.015607
927.9634964466095,0.27435,0.015461
928.0144855976105,0.27432,0.015431
928.0642986297607,0.27533,0.01501
928.1199331283569,0.27629,0.014977
928.1660933494568,0.27739,0.014895
928.2185409069061,0.27932,0.01454
928.2715046405792,0.28031,0.014363
928.324205160141,0.28043,0.014285
928.369176864624,0.28233,0.014339
928.4199378490448,0.28241,0.014105
928.4740335941315,0.28317,0.01411
928.5219569206238,0.28444,0.014046
928.574275970459,0.28616,0.014016
928.6214396953583,0.2872,0.013936
928.6797263622284,0.28717,0.014031
928.7277126312256,0.28841,0.013991
928.779486656189,0.28915,0.014007
928.8287675380707,0.29008,0.014219
928.8785407543182,0.29115,0.014161
928.9325289726257,0.29289,0.014054
928.977422952652,0.29403,0.014026
929.03733086586,0.29513,0.014013
929.0889277458191,0.29517,0.013974
929.1363434791565,0.29596,0.013903
929.1852152347565,0.29717,0.013942
929.2358982563019,0.29809,0.014059
929.2905306816101,0.30008,0.014251
929.3385047912598,0.30008,0.014145
929.3899793624878,0.01672,0.013862
929.4390196800232,0.018027,0.014523
929.4892385005951,0.02072,0.014291
929.5417714118958,0.02664,0.014358
929.5897395610809,0.026787,0.014293
929.6411187648773,0.029933,0.014267
929.6945431232452,0.032773,0.014277
929.7430505752563,0.03576,0.01431
929.7951979637146,0.038787,0.014333
929.8413696289062,0.041787,0.014317
929.8942084312439,0.044493,0.014439
929.9432997703552,0.047547,0.014325
929.9944953918457,0.050653,0.01436
930.0452201366425,0.053333,0.014469
930.0951826572418,0.056253,0.014503
930.1463913917542,0.059147,0.014457
930.1977899074554,0.06192,0.014517
930.2456600666046,0.064707,0.014601
930.2969138622284,0.067667,0.014445
930.3455424308777,0.0702,0.014531
930.3969087600708,0.073187,0.014367
930.4472074508667,0.076,0.014486
930.4996082782745,0.078653,0.014466
930.5498223304749,0.08156,0.014505
930.5982825756073,0.084267,0.014339
930.6543216705322,0.08692,0.014315
930.7072005271912,0.089667,0.0142
930.7548716068268,0.092587,0.014247
930.8040735721588,0.093627,0.014249
930.856847524643,0.095093,0.014211
930.9053432941437,0.09636,0.014225
930.9597783088684,0.096293,0.014015
931.0085535049438,0.09892,0.014073
931.0580048561096,0.10036,0.014105
931.1073198318481,0.10167,0.014018
931.1592702865601,0.10279,0.013999
931.2097599506378,0.10408,0.014067
931.2608036994934,0.10539,0.013979
931.3109095096588,0.10532,0.013844
931.3641304969788,0.10672,0.01402
931.4098298549652,0.10905,0.013865
931.4653995037079,0.11015,0.013956
931.5125870704651,0.11143,0.013853
931.5653858184814,0.11165,0.013847
931.6166572570801,0.11296,0.013789
931.6697299480438,0.11401,0.013809
931.7157914638519,0.1164,0.013758
931.7720103263855,0.11747,0.013752
931.8235738277435,0.11891,0.013738
931.8698852062225,0.11999,0.013775
931.9274251461029,0.1198,0.01382
931.976776599884,0.12237,0.013797
932.0270097255707,0.12368,0.013917
932.0753729343414,0.12477,0.013938
932.1293952465057,0.12601,0.014028
932.1801733970642,0.12704,0.013914
932.2254779338837,0.12824,0.01395
932.2771182060242,0.12949,0.013986
932.3315300941467,0.13065,0.013959
932.3786008358002,0.13077,0.013982
932.4295969009399,0.13195,0.014127
932.4800541400909,0.13405,0.014231
932.5320003032684,0.13425,0.0141
932.5806486606598,0.13543,0.014208
932.630779504776,0.13665,0.014195
932.6823260784149,0.13777,0.014214
932.7317526340485,0.13875,0.014218
932.7781777381897,0.13997,0.014266
932.8318068981171,0.14136,0.01426
932.8813707828522,0.14336,0.014306
932.9314186573029,0.14336,0.014411
932.9851396083832,0.14453,0.014362
933.0368826389313,0.14555,0.014544
933.0844569206238,0.14691,0.014563
933.1331980228424,0.14788,0.014521
933.1830620765686,0.14907,0.014655
933.2364478111267,0.15101,0.014674
933.2858672142029,0.15105,0.014455
933.3358945846558,0.15243,0.01469
933.3867266178131,0.1534,0.014637
933.4333770275116,0.15449,0.014588
933.4916048049927,0.15471,0.014529
933.5377116203308,0.15768,0.014456
933.5896809101105,0.15801,0.014497
933.6391677856445,0.15877,0.014368
933.6864655017853,0.16001,0.014308
933.7400417327881,0.16104,0.014196
933.7906341552734,0.1622,0.014218
933.8388638496399,0.16317,0.01401
933.8873035907745,0.16439,0.014065
933.939537525177,0.16444,0.013841
933.9936633110046,0.16647,0.01395
934.041969537735,0.1676,0.013964
934.0941326618195,0.16859,0.013899
934.1412887573242,0.16967,0.013853
934.1948862075806,0.17071,0.013799
934.241870880127,0.172,0.013832
934.2948641777039,0.17293,0.013842
934.3462030887604,0.17396,0.013749
934.3977026939392,0.17513,0.013891
934.4437429904938,0.17611,0.013814
934.4940297603607,0.17709,0.013784
934.5460467338562,0.17825,0.013775
934.5937933921814,0.17936,0.013837
934.6496360301971,0.18032,0.013649
934.6982553005219,0.18145,0.013639
934.7501285076141,0.18239,0.013661
934.7992203235626,0.18243,0.013743
934.8521752357483,0.18461,0.0137
934.9018926620483,0.18547,0.013822
934.9459707736969,0.18656,0.013933
934.9996309280396,0.18659,0.013827
935.0490925312042,0.18865,0.013996
935.098818063736,0.18887,0.014113
935.1517972946167,0.18977,0.014
935.2036221027374,0.19172,0.014053
935.253294467926,0.19281,0.014059
935.3022592067719,0.19407,0.014182
935.3515129089355,0.19405,0.014159
935.4026634693146,0.19493,0.014233
935.4533181190491,0.196,0.014188
935.5056869983673,0.19704,0.014249
935.5571255683899,0.19813,0.014204
935.6069812774658,0.19924,0.014369
935.6560342311859,0.20133,0.014337
935.7050700187683,0.20123,0.014319
935.7570371627808,0.20225,0.01433
935.8080983161926,0.20312,0.014112
935.8587498664856,0.20424,0.014138
935.907163143158,0.2052,0.014432
935.958256483078,0.20635,0.014499
936.0089819431305,0.20821,0.01456
936.0623154640198,0.20919,0.014612
936.1101589202881,0.20944,0.014727
936.1657898426056,0.21032,0.014788
936.2145731449127,0.2114,0.014819
936.2658367156982,0.21227,0.014961
936.3134937286377,0.21329,0.014898
936.362370967865,0.21531,0.014807
936.4139649868011,0.21555,0.014816
936.4627909660339,0.21725,0.014878
936.5158169269562,0.21737,0.014506
936.5704231262207,0.21833,0.014604
936.6203367710114,0.21949,0.014489
936.6697487831116,0.22045,0.014468
936.7199032306671,0.22157,0.014226
936.7721171379089,0.22327,0.01396
936.8192884922028,0.22373,0.013872
936.8699986934662,0.2244,0.0138
936.9172599315643,0.2254,0.013871
936.9685888290405,0.22639,0.013732
937.0190672874451,0.22665,0.01377
937.0730996131897,0.22852,0.013862
937.1226963996887,0.22951,0.013776
937.1727797985077,0.23051,0.013858
937.2249386310577,0.23163,0.013805
937.2754600048065,0.23235,0.013841
937.3268468379974,0.23345,0.013869
937.373396396637,0.23433,0.0138
937.4239196777344,0.23547,0.013908
937.4796438217163,0.23639,0.013644
937.5256853103638,0.23765,0.013613
937.5776824951172,0.23867,0.013595
937.626264333725,0.23939,0.013466
937.6771490573883,0.23951,0.013671
937.7290897369385,0.24045,0.013798
937.779857635498,0.24256,0.013959
937.8279230594635,0.24329,0.013998
937.8842859268188,0.24452,0.013864
937.9326360225677,0.24553,0.013904
937.9851276874542,0.24661,0.014087
938.0304088592529,0.24755,0.014001
938.0825629234314,0.24851,0.013893
938.1304874420166,0.24844,0.014114
938.1815128326416,0.25053,0.01412
938.2333400249481,0.25143,0.014052
938.2852342128754,0.2524,0.014154
938.3307514190674,0.25343,0.014187
938.3854501247406,0.25444,0.014179
938.4357206821442,0.25541,0.014288
938.4931998252869,0.25553,0.014253
938.5398058891296,0.25651,0.014299
938.5894641876221,0.25843,0.014235
938.6421394348145,0.25928,0.01437
938.6928400993347,0.2604,0.014343
938.7436616420746,0.26048,0.01452
938.7911744117737,0.26165,0.014602
938.8405296802521,0.2624,0.014726
938.8946359157562,0.26356,0.015017
938.9419386386871,0.26525,0.01487
938.9979476928711,0.26641,0.014873
939.0431573390961,0.26748,0.015217
939.0966482162476,0.26756,0.015192
939.1480889320374,0.26939,0.015278
939.1970975399017,0.27024,0.015474
939.2459638118744,0.27045,0.015478
939.2960531711578,0.27127,0.01553
939.3493297100067,0.27327,0.015546
939.4002532958984,0.27431,0.015322
939.4548499584198,0.27427,0.015405
939.502555847168,0.27521,0.015018
939.5540788173676,0.27627,0.014933
939.6032903194427,0.27745,0.014949
939.6520349979401,0.27832,0.01463
939.7075960636139,0.27928,0.014255
939.7547714710236,0.28017,0.014404
939.8071999549866,0.28216,0.014304
939.8651654720306,0.28317,0.01419
939.9149618148804,0.28432,0.014043
939.9660549163818,0.28431,0.014073
940.015841960907,0.28631,0.014021
940.0647530555725,0.28628,0.01383
940.1117992401123,0.2882,0.013941
940.1663119792938,0.28812,0.013981
940.2174634933472,0.28931,0.013989
940.2669508457184,0.29093,0.014138
940.3126249313354,0.29111,0.014087
940.3700184822083,0.29208,0.014111
940.4185643196106,0.29316,0.014156
940.4690425395966,0.29493,0.01399
940.5185828208923,0.29488,0.014035
940.5712509155273,0.29588,0.013883
940.6188683509827,0.29803,0.014002
940.6708624362946,0.29787,0.014066
940.7234437465668,0.29892,0.014117
940.7733683586121,0.30016,0.013937
940.8201286792755,0.01868,0.013878
940.8716757297516,0.020227,0.014202
940.9203455448151,0.020293,0.0145
940.9740867614746,0.02308,0.014333
941.0268242359161,0.02612,0.014316
941.0755527019501,0.029093,0.014322
941.1242389678955,0.032293,0.014353
941.1760129928589,0.035293,0.014318
941.2304437160492,0.03828,0.014269
941.2774896621704,0.04128,0.014387
941.329140663147,0.04412,0.014388
941.3792870044708,0.04716,0.014287
941.4318804740906,0.04744,0.014432
941.4808247089386,0.053027,0.014433
941.5316004753113,0.055827,0.0145
941.584353685379,0.058733,0.014464
941.6331825256348,0.061453,0.014385
941.6824538707733,0.06448,0.014562
941.7290546894073,0.067107,0.014523
941.7839941978455,0.069947,0.014517
941.8336427211761,0.070227,0.014602
941.8835446834564,0.07564,0.014439
941.9335315227509,0.07824,0.014602
941.9835870265961,0.08112,0.014477
942.0372052192688,0.08376,0.014365
942.0823349952698,0.086547,0.014365
942.1384634971619,0.08948,0.014206
942.1889135837555,0.09172,0.01432
942.2358679771423,0.091907,0.014239
942.2906367778778,0.093627,0.014206
942.3392746448517,0.096347,0.014187
942.388062953949,0.097507,0.014037
942.4429988861084,0.098893,0.013895
942.49107837677,0.099987,0.013912
942.5427660942078,0.1014,0.014005
942.5953090190887,0.10261,0.013941
942.6443128585815,0.104,0.013913
942.6969313621521,0.10403,0.013972
942.7455430030823,0.10652,0.013947
942.7969918251038,0.10768,0.014016
942.8433601856232,0.10895,0.01388
942.8945484161377,0.11,0.013929
942.9439957141876,0.11053,0.013757
942.9943928718567,0.11151,0.013785
943.0473787784576,0.11279,0.013764
943.0956237316132,0.11517,0.013568
943.1449477672577,0.11641,0.013669
943.1967027187347,0.11655,0.013672
943.245126247406,0.11881,0.013733
943.2948558330536,0.11884,0.013734
943.3479187488556,0.11993,0.013666
943.3976864814758,0.12127,0.01371
943.4455959796906,0.12237,0.013752
943.498204946518,0.12351,0.013808
943.5473990440369,0.12579,0.013926
943.5984406471252,0.12709,0.013891
943.6493518352509,0.12712,0.013931
943.6963143348694,0.12821,0.013861
943.7477703094482,0.12949,0.014066
943.7973306179047,0.13055,0.013915
943.8477160930634,0.13067,0.014152
943.8990685939789,0.13299,0.01399
943.9519958496094,0.13516,0.014125
944.0048475265503,0.13545,0.014146
944.0519578456879,0.13623,0.014138
944.104189157486,0.13757,0.014139
944.153160572052,0.13871,0.014217
944.2027513980865,0.13981,0.01428
944.2513790130615,0.14099,0.014344
944.3035764694214,0.14333,0.014224
944.3557868003845,0.14341,0.014309
944.4058721065521,0.14452,0.014273
944.4512813091278,0.14551,0.014481
944.5031640529633,0.14672,0.014469
944.5556833744049,0.14677,0.014475
944.6050705909729,0.14888,0.01461
944.6543478965759,0.14883,0.014591
944.7031488418579,0.15099,0.014585
944.7550432682037,0.15233,0.014643
944.8054008483887,0.15328,0.014548
944.8566455841064,0.15445,0.014614
944.9041659832001,0.15553,0.014513
944.9558191299438,0.15563,0.014569
945.0082824230194,0.15659,0.014601
945.0567135810852,0.15875,0.014313
945.1084794998169,0.15993,0.014335
945.157436132431,0.16101,0.01422
945.206289768219,0.16208,0.013826
945.2541761398315,0.16219,0.014059
945.3055655956268,0.16419,0.013994
945.3588194847107,0.16551,0.013755
945.4065475463867,0.16637,0.013964
945.459958076477,0.16745,0.013863
945.5102841854095,0.16844,0.013899
945.5622112751007,0.16965,0.013932
945.6074750423431,0.16967,0.013809
945.6619000434875,0.17075,0.013882
945.7120933532715,0.17176,0.013807
945.7619867324829,0.174,0.013808
945.8124711513519,0.17521,0.013819
945.8622016906738,0.17512,0.013791
945.9140031337738,0.17704,0.013777
945.9626166820526,0.17731,0.013765
946.0167324542999,0.17809,0.013674
946.0629646778107,0.18015,0.013652
946.1146516799927,0.18016,0.013557
946.1659994125366,0.18133,0.013553
946.2201128005981,0.18355,0.01359
946.2709426879883,0.18448,0.013569
946.3191044330597,0.1856,0.013697
946.3697030544281,0.18563,0.0137
946.4194707870483,0.18657,0.0137
946.4706673622131,0.18756,0.013929
946.5204055309296,0.18863,0.013953
946.5712134838104,0.18955,0.013969
946.6218016147614,0.19175,0.014042
946.6718337535858,0.19195,0.01395
946.7259347438812,0.19275,0.013973
946.7757451534271,0.19389,0.014153
946.8243277072906,0.19467,0.014127
946.8745520114899,0.1958,0.014153
946.925933599472,0.19697,0.014163
946.9763596057892,0.19789,0.014206
947.0230209827423,0.19904,0.014224
947.0769729614258,0.20009,0.014262
947.1269781589508,0.20107,0.01425
947.176965713501,0.20199,0.014263
947.226809501648,0.20309,0.014293
947.2787752151489,0.20404,0.014334
947.3303601741791,0.20517,0.014344
947.3817799091339,0.20603,0.014421
947.430056810379,0.20723,0.014524
947.4797208309174,0.20832,0.014557
947.5304667949677,0.20925,0.014606
947.5784065723419,0.2104,0.014726
947.6306154727936,0.21115,0.014698
947.6760172843933,0.2124,0.01466
947.7295792102814,0.21231,0.014896
947.7800807952881,0.21421,0.014871
947.8298537731171,0.21535,0.014901
947.8780303001404,0.21633,0.014745
947.92937707901,0.2174,0.014843
947.9853038787842,0.21739,0.014605
948.0360550880432,0.21939,0.014252
948.0828216075897,0.2204,0.014227
948.1336874961853,0.22052,0.014247
948.1865675449371,0.22241,0.014078
948.2332861423492,0.22331,0.013796
948.2824954986572,0.22439,0.013787
948.336252450943,0.22533,0.013704
948.3867700099945,0.22647,0.013807
948.4377851486206,0.22748,0.013717
948.4929735660553,0.22839,0.01379
948.5406572818756,0.22935,0.01371
948.5936186313629,0.23061,0.013729
948.6414158344269,0.23043,0.013827
948.6941702365875,0.23152,0.013889
948.7419183254242,0.23235,0.013663
948.792861700058,0.23449,0.01382
948.8428592681885,0.23535,0.013842
948.8945853710175,0.23628,0.013986
948.9445552825928,0.23649,0.013795
948.992791891098,0.2384,0.013621
949.0438258647919,0.23841,0.013682
949.0941588878632,0.23953,0.01356
949.1486663818359,0.24057,0.013665
949.1976487636566,0.24229,0.013626
949.2473485469818,0.24336,0.01361
949.3001918792725,0.24443,0.01386
949.3477981090546,0.24548,0.01373
949.4015338420868,0.24556,0.013943
949.4503190517426,0.24639,0.013915
949.4986841678619,0.24733,0.013886
949.548867225647,0.24825,0.013853
949.5986261367798,0.24952,0.013947
949.6502974033356,0.25136,0.014059
949.7024564743042,0.25227,0.014112
949.7495341300964,0.2524,0.014161
949.8025262355804,0.25341,0.014157
949.848959684372,0.25431,0.014184
949.9038243293762,0.25627,0.014165
949.9516286849976,0.25628,0.014322
950.0048122406006,0.25837,0.014304
950.054429769516,0.25929,0.014237
950.1019079685211,0.2592,0.014301
950.1558871269226,0.26035,0.014361
950.2077445983887,0.26135,0.014447
950.2521891593933,0.2622,0.014522
950.3070728778839,0.26332,0.014649
950.3602612018585,0.26412,0.014677
950.4099097251892,0.26513,0.014727
950.4557321071625,0.26608,0.014853
950.5072824954987,0.26725,0.01511
950.5603647232056,0.26812,0.015254
950.6115498542786,0.26912,0.015327
950.6618323326111,0.27103,0.015405
950.7121844291687,0.27212,0.01548
950.7665784358978,0.27223,0.01544
950.8137047290802,0.27317,0.015431
950.864494562149,0.27416,0.015116
950.9140810966492,0.27513,0.014913
950.9608051776886,0.276,0.015159
951.0135767459869,0.27709,0.015045
951.0642559528351,0.2782,0.014861
951.1168417930603,0.27904,0.014629
951.167818069458,0.28007,0.014241
951.2155249118805,0.281,0.014272
951.2696633338928,0.28215,0.014188
951.3176355361938,0.28307,0.014244
951.3710582256317,0.28411,0.014107
951.4214580059052,0.28507,0.013967
951.4701623916626,0.28611,0.013969
951.5204248428345,0.28688,0.013917
951.5709180831909,0.28803,0.013957
951.6210708618164,0.28815,0.014146
951.6693358421326,0.289,0.013963
951.7216408252716,0.29084,0.014171
951.7720925807953,0.29192,0.014118
951.8245348930359,0.29301,0.014233
951.871942281723,0.29393,0.014057
951.9255430698395,0.29401,0.01398
951.97518491745,0.29581,0.014011
952.0227248668671,0.29692,0.013943
952.0783574581146,0.29797,0.013912
952.1279621124268,0.29879,0.013999
952.1772463321686,0.29963,0.014605
952.2300951480865,0.017627,0.013638
952.2775635719299,0.016547,0.013913
952.3283905982971,0.017187,0.014427
952.3815338611603,0.022693,0.014292
952.4274568557739,0.025587,0.014287
952.4786565303802,0.025973,0.014112
952.53138256073,0.031827,0.014274
952.5876369476318,0.034827,0.014164
952.6349895000458,0.03472,0.014216
952.6862156391144,0.0378,0.014157
952.736047744751,0.043733,0.014224
952.7873158454895,0.046813,0.014176
952.8366045951843,0.04976,0.014285
952.8867335319519,0.05248,0.014567
952.9383883476257,0.0526,0.014375
952.9904632568359,0.055507,0.014417
953.0398209095001,0.058213,0.014561
953.0886316299438,0.061267,0.014611
953.1364765167236,0.063933,0.014441
953.1869993209839,0.06948,0.01445
953.239758014679,0.069667,0.014254
953.2875874042511,0.075293,0.014541
953.3437576293945,0.075387,0.01455
953.390682220459,0.077947,0.01451
953.445650100708,0.080747,0.014426
953.4975621700287,0.083627,0.014269
953.545750617981,0.088867,0.014422
953.5970158576965,0.088933,0.014193
953.6456685066223,0.092,0.014212
953.6945717334747,0.09356,0.014288
953.7481637001038,0.094747,0.014091
953.7969853878021,0.09616,0.01404
953.8524761199951,0.097507,0.014147
953.9006862640381,0.098947,0.014
953.9521770477295,0.10121,0.014011
954.0008478164673,0.10131,0.014041
954.052761554718,0.10248,0.013947
954.1008920669556,0.10373,0.013997
954.1523895263672,0.10484,0.013935
954.1989126205444,0.10616,0.013963
954.2495925426483,0.10745,0.013931
954.2998878955841,0.10993,0.014029
954.3536448478699,0.11016,0.013963
954.4032189846039,0.11128,0.01398
954.452321767807,0.11241,0.013815
954.5026619434357,0.11256,0.013768
954.551999092102,0.11496,0.013564
954.6056263446808,0.11491,0.013617
954.6526544094086,0.1174,0.013635
954.70121717453,0.11859,0.013523
954.757063627243,0.11972,0.013594
954.8052897453308,0.12089,0.013557
954.8550696372986,0.12223,0.013791
954.903356552124,0.12345,0.013749
954.9554648399353,0.12341,0.013683
955.0047154426575,0.12576,0.013818
955.0566956996918,0.12685,0.013846
955.105340719223,0.12809,0.013927
955.1567482948303,0.1292,0.013819
955.205278635025,0.13043,0.014025
955.2561054229736,0.13159,0.014019
955.305534362793,0.13284,0.013866
955.3579277992249,0.13281,0.014047
955.4103105068207,0.1338,0.014133
955.4641416072845,0.13633,0.014067
955.5097978115082,0.13732,0.014145
955.5633132457733,0.13747,0.014174
955.6131184101105,0.13963,0.014047
955.6644093990326,0.14091,0.014259
955.7130625247955,0.14168,0.014244
955.7634189128876,0.14197,0.014351
955.8146402835846,0.14311,0.014186
955.868709564209,0.14533,0.014262
955.9199020862579,0.14655,0.014323
955.9662795066833,0.14751,0.014328
956.0201432704926,0.14756,0.014505
956.070901632309,0.14868,0.014345
956.1235408782959,0.14968,0.014404
956.1726226806641,0.15197,0.014537
956.2195634841919,0.15311,0.01454
956.2727212905884,0.1532,0.014438
956.3237369060516,0.15425,0.014602
956.3734033107758,0.15536,0.014423
956.4197540283203,0.15749,0.014249
956.474143743515,0.15759,0.014473
956.5284910202026,0.15868,0.014187
956.5763535499573,0.15996,0.01432
956.6281614303589,0.16071,0.013938
956.6729233264923,0.16188,0.014015
956.7288548946381,0.16289,0.01391
956.7805776596069,0.16393,0.013852
956.8268713951111,0.16628,0.013777
956.879191160202,0.16729,0.013412
956.9308722019196,0.16735,0.013704
956.9795358181,0.16847,0.013851
957.0313558578491,0.16913,0.013799
957.0798616409302,0.17061,0.013841
957.138473033905,0.17147,0.013789
957.1865282058716,0.17255,0.013718
957.2375419139862,0.17475,0.013772
957.2866995334625,0.17575,0.013779
957.3388383388519,0.17675,0.013755
957.3904793262482,0.17681,0.013714
957.4369566440582,0.178,0.013624
957.4895811080933,0.17899,0.013545
957.5401029586792,0.17995,0.013505
957.5884368419647,0.18205,0.013521
957.6374735832214,0.18311,0.013537
957.6896419525146,0.18316,0.013508
957.7392547130585,0.18407,0.013791
957.7871086597443,0.1852,0.013706
957.8382112979889,0.18625,0.013727
957.8901791572571,0.18748,0.013871
957.9409296512604,0.1884,0.01391
957.9929232597351,0.19035,0.013917
958.044020652771,0.19059,0.013954
958.0922846794128,0.19156,0.013928
958.1442546844482,0.1926,0.014012
958.1887545585632,0.19339,0.014048
958.2447328567505,0.19475,0.013919
958.2983407974243,0.19563,0.014146
958.346118927002,0.19676,0.014168
958.3969125747681,0.19753,0.014196
958.4488296508789,0.19891,0.014161
958.4978957176208,0.19901,0.0141
958.5468440055847,0.19975,0.014254
958.5987758636475,0.20176,0.014151
958.6490213871002,0.20291,0.014192
958.6995303630829,0.20407,0.014219
958.7506761550903,0.20499,0.014361
958.8004357814789,0.20583,0.01446
958.8538842201233,0.20613,0.014544
958.901468038559,0.20693,0.014606
958.9550416469574,0.20796,0.014659
959.0051364898682,0.20991,0.0146
959.0505657196045,0.21096,0.014673
959.104293346405,0.212,0.014592
959.1500120162964,0.21301,0.014746
959.2048349380493,0.21391,0.014815
959.256129026413,0.21513,0.014707
959.306077003479,0.21609,0.014684
959.3566045761108,0.21695,0.014591
959.4034097194672,0.2182,0.014537
959.4553000926971,0.21832,0.014316
959.5061986446381,0.21921,0.01422
959.5548236370087,0.22023,0.01415
959.6078605651855,0.22116,0.014081
959.6543893814087,0.22304,0.013818
959.7061727046967,0.22421,0.013891
959.7565450668335,0.22531,0.013706
959.8097336292267,0.22532,0.013686
959.8617260456085,0.22613,0.013705
959.9096786975861,0.22728,0.013684
959.9612047672272,0.22916,0.01358
960.0122680664062,0.22997,0.013707
960.062548160553,0.23116,0.013754
960.1177051067352,0.23213,0.013792
960.1738319396973,0.23216,0.013787
960.2195420265198,0.23424,0.013703
960.2740409374237,0.2352,0.013909
960.3271698951721,0.23524,0.013713
960.3721919059753,0.23711,0.013681
960.4275572299957,0.23831,0.013664
960.4770972728729,0.23927,0.013621
960.5215213298798,0.24012,0.013615
960.5772933959961,0.24105,0.01368
960.6276068687439,0.24131,0.013648
960.6756341457367,0.24228,0.01374
960.7244169712067,0.24329,0.013855
960.7772028446198,0.24411,0.013876
960.833220243454,0.24619,0.013931
960.8805596828461,0.24708,0.014009
960.9318552017212,0.24716,0.014025
960.9830265045166,0.24909,0.014005
961.033531665802,0.24896,0.01401
961.0876386165619,0.2502,0.014115
961.1351735591888,0.25112,0.014218
961.1867437362671,0.25224,0.014148
961.2366261482239,0.25432,0.014096
961.2853055000305,0.25428,0.014273
961.3349821567535,0.25517,0.014263
961.3868663311005,0.25604,0.014075
961.4413311481476,0.25708,0.014194
961.4878680706024,0.25811,0.014332
961.5413568019867,0.25901,0.014239
961.5875251293182,0.26005,0.014401
961.6369915008545,0.26203,0.014355
961.6884329319,0.26312,0.014304
961.7419066429138,0.26284,0.014705
961.7928853034973,0.26404,0.014625
961.8451006412506,0.26472,0.014814
961.8917529582977,0.26596,0.014646
961.9436285495758,0.26681,0.015027
961.9950568675995,0.26805,0.015019
962.0442922115326,0.26881,0.015357
962.0960450172424,0.27016,0.015042
962.1434962749481,0.27095,0.01525
962.1966547966003,0.27204,0.015309
962.2498087882996,0.27277,0.015343
962.2959570884705,0.27391,0.015274
962.3502116203308,0.27481,0.014959
962.4007050991058,0.27603,0.014633
962.4493005275726,0.27691,0.014543
962.4997029304504,0.27788,0.014466
962.5500023365021,0.27889,0.014372
962.601232290268,0.27995,0.014386
962.6533079147339,0.28095,0.014165
962.7066011428833,0.28175,0.014056
962.7585091590881,0.28285,0.014076
962.8069069385529,0.2836,0.014034
962.8617596626282,0.28492,0.014087
962.9063899517059,0.28588,0.01395
962.9618906974792,0.28684,0.014071
963.0108494758606,0.28783,0.014012
963.0636675357819,0.28887,0.013896
963.1123161315918,0.28967,0.014046
963.1624655723572,0.29065,0.013966
963.2126722335815,0.29165,0.013973
963.2641189098358,0.29292,0.013944
963.3136646747589,0.29347,0.013944
963.3666858673096,0.29383,0.013918
963.4176030158997,0.29556,0.013918
963.4737300872803,0.29664,0.013927
963.5220263004303,0.29764,0.013904
963.5846483707428,0.29873,0.013987
963.6319572925568,0.29971,0.014054
963.6827936172485,0.017867,0.01368
963.7328741550446,0.017293,0.014064
963.7858543395996,0.01632,0.01437
963.8323814868927,0.022053,0.014251
963.8828732967377,0.025213,0.014188
963.9350519180298,0.028187,0.01409
963.9877824783325,0.031227,0.014169
964.0382790565491,0.034267,0.014148
964.0847382545471,0.0374,0.014199
964.1336543560028,0.04028,0.014122
964.1888854503632,0.043413,0.014123
964.2424924373627,0.043373,0.014213
964.2888538837433,0.049067,0.014241
964.3412184715271,0.051907,0.014412
964.3932089805603,0.054813,0.014335
964.4413404464722,0.05772,0.014377
964.4914157390594,0.06064,0.014357
964.5494959354401,0.060707,0.014353
964.5974826812744,0.063587,0.014349
964.6485531330109,0.06916,0.014363
964.698968410492,0.07196,0.014459
964.7504212856293,0.074773,0.01432
964.7988748550415,0.07744,0.01431
964.8500010967255,0.077613,0.01435
964.8991522789001,0.083067,0.014209
964.9507863521576,0.085813,0.014208
965.0005466938019,0.088467,0.014317
965.0528378486633,0.091253,0.014122
965.1036608219147,0.093213,0.014231
965.1569566726685,0.094507,0.013987
965.206554889679,0.095627,0.014025
965.2613041400909,0.095773,0.014145
965.3079333305359,0.098093,0.013959
965.3605010509491,0.098493,0.013817
965.4089298248291,0.10085,0.014013
965.4620370864868,0.10239,0.013961
965.5149276256561,0.10337,0.013903
965.5618822574615,0.10497,0.013928
965.6114959716797,0.10623,0.013997
965.6619439125061,0.10733,0.013953
965.7123970985413,0.10879,0.013869
965.7621057033539,0.10869,0.013854
965.8172416687012,0.10996,0.013805
965.8641912937164,0.11125,0.013811
965.9147567749023,0.11249,0.013683
965.9686789512634,0.11332,0.013691
966.0167665481567,0.11607,0.013692
966.0678603649139,0.11613,0.013673
966.1199314594269,0.11839,0.013528
966.16574883461,0.11861,0.013479
966.2186348438263,0.11951,0.013619
966.267982006073,0.12199,0.013679
966.3203294277191,0.12216,0.013608
966.3705017566681,0.12343,0.013739
966.4193065166473,0.12457,0.013664
966.4712178707123,0.12687,0.013806
966.5228834152222,0.12801,0.013844
966.5749673843384,0.12912,0.013805
966.6232979297638,0.13021,0.013875
966.6734209060669,0.13019,0.013977
966.7229788303375,0.13155,0.013831
966.7728805541992,0.13251,0.013988
966.8246448040009,0.13377,0.014036
966.8738489151001,0.13496,0.014087
966.9273538589478,0.13725,0.014058
966.9748840332031,0.13831,0.014113
967.0270385742188,0.13837,0.014041
967.0736050605774,0.13963,0.014161
967.1232554912567,0.14063,0.01415
967.1766698360443,0.14179,0.014135
967.226158618927,0.14189,0.014286
967.2774069309235,0.14408,0.014312
967.3286702632904,0.14625,0.014214
967.3761422634125,0.14624,0.014232
967.4358921051025,0.14728,0.014438
967.4853761196136,0.14849,0.014402
967.5346620082855,0.14971,0.014425
967.5861144065857,0.15192,0.01443
967.6340742111206,0.15184,0.014469
967.6816866397858,0.15312,0.014475
967.736082315445,0.15421,0.01453
967.7846562862396,0.15536,0.014337
967.837812423706,0.15628,0.014307
967.8877408504486,0.15728,0.014275
967.9368841648102,0.15768,0.01422
967.9874019622803,0.15967,0.014035
968.0349872112274,0.16081,0.0141
968.0874011516571,0.16164,0.01387
968.1371402740479,0.16288,0.014027
968.1876535415649,0.16388,0.013952
968.2393565177917,0.16499,0.013852
968.2880244255066,0.16627,0.013771
968.3377859592438,0.1672,0.013708
968.3898701667786,0.16831,0.013652
968.4401817321777,0.16937,0.013718
968.4873642921448,0.17007,0.013661
968.5384531021118,0.17144,0.013689
968.5851955413818,0.17261,0.01378
968.640172958374,0.17349,0.013657
968.6935551166534,0.17469,0.013731
968.7431492805481,0.17568,0.013665
968.7922217845917,0.1756,0.013671
968.8443510532379,0.17655,0.013599
968.889805316925,0.17737,0.013691
968.9422245025635,0.17884,0.013661
968.9920494556427,0.181,0.013535
969.0444774627686,0.18207,0.013523
969.093763589859,0.18313,0.013523
969.1469581127167,0.18321,0.013596
969.1951830387115,0.18416,0.01381
969.2455055713654,0.18516,0.013837
969.3001956939697,0.18615,0.013788
969.3469519615173,0.18847,0.013893
969.399974822998,0.18829,0.013808
969.4533824920654,0.19032,0.013821
969.5032844543457,0.19045,0.013911
969.5550148487091,0.19155,0.014031
969.6029620170593,0.19348,0.013989
969.6549544334412,0.19464,0.014117
969.7068338394165,0.19559,0.01396
969.75852227211,0.19569,0.014066
969.8065629005432,0.19767,0.014052
969.8574895858765,0.19784,0.014092
969.9071400165558,0.19877,0.014143
969.9567217826843,0.19971,0.014179
970.0084428787231,0.20097,0.014206
970.05615401268,0.20268,0.014307
970.1101315021515,0.20297,0.01422
970.1590807437897,0.204,0.014342
970.2120835781097,0.20457,0.014257
970.2625048160553,0.20605,0.014398
970.3115439414978,0.20689,0.0144
970.360545873642,0.20897,0.014501
970.410816192627,0.20884,0.014509
970.4617834091187,0.20992,0.014636
970.5127923488617,0.21075,0.014586
970.563642501831,0.21187,0.014685
970.6124596595764,0.21309,0.014596
970.6643698215485,0.21385,0.014697
970.7215049266815,0.21409,0.014619
970.7695753574371,0.21696,0.014579
970.8238506317139,0.21684,0.014625
970.8748779296875,0.21792,0.014569
970.9272184371948,0.21897,0.014579
970.972501039505,0.22011,0.014308
971.0260307788849,0.22101,0.014141
971.077760219574,0.22193,0.013937
971.1285021305084,0.22316,0.013947
971.1749579906464,0.22413,0.01378
971.2266364097595,0.22511,0.013737
971.2764096260071,0.22603,0.013652
971.3314094543457,0.22715,0.013674
971.3808355331421,0.22813,0.013747
971.4329569339752,0.22917,0.013628
971.4824075698853,0.23009,0.013572
971.5308678150177,0.23095,0.013668
971.5840103626251,0.23207,0.013615
971.6304032802582,0.233,0.0136
971.6808698177338,0.23399,0.013733
971.7334551811218,0.23423,0.013729
971.7852852344513,0.23624,0.013697
971.834189414978,0.23715,0.013617
971.8828661441803,0.23809,0.013584
971.9335231781006,0.23911,0.013537
971.983761548996,0.24009,0.013446
972.0343351364136,0.24104,0.013755
972.0844061374664,0.24188,0.0137
972.1370115280151,0.24312,0.013808
972.1833860874176,0.24397,0.013945
972.2374749183655,0.24497,0.013793
972.2839832305908,0.24605,0.013866
972.3382370471954,0.24713,0.013974
972.3829386234283,0.24695,0.013969
972.4363687038422,0.24897,0.014013
972.4920449256897,0.25004,0.013961
972.5401883125305,0.251,0.014072
972.5941262245178,0.25199,0.014074
972.645158290863,0.25293,0.014108
972.7027764320374,0.25317,0.014143
972.7513153553009,0.25407,0.013944
972.7992539405823,0.2556,0.014185
972.8486413955688,0.25683,0.014153
972.9026203155518,0.25784,0.014114
972.9531261920929,0.25888,0.014109
973.0037178993225,0.26009,0.014328
973.0514035224915,0.26091,0.014253
973.1033203601837,0.26197,0.01441
973.1550307273865,0.26199,0.014341
973.2059888839722,0.26376,0.01458
973.2566180229187,0.26488,0.014842
973.3091509342194,0.26584,0.014755
973.3583309650421,0.26675,0.014779
973.4081258773804,0.26785,0.014846
973.4557209014893,0.26888,0.014899
973.5056457519531,0.26877,0.014991
973.5600869655609,0.26988,0.014986
973.6083416938782,0.27087,0.015264
973.657473564148,0.27292,0.015003
973.7080981731415,0.27297,0.015141
973.7638654708862,0.27391,0.015186
973.8131926059723,0.27481,0.01486
973.8624053001404,0.27644,0.014724
973.9121282100677,0.27771,0.014653
973.9684009552002,0.27877,0.014272
974.0198037624359,0.27971,0.014324
974.0691800117493,0.2808,0.014384
974.1182391643524,0.28065,0.014215
974.1674499511719,0.28187,0.014093
974.2195997238159,0.28375,0.013963
974.2686607837677,0.28368,0.013916
974.3180460929871,0.28467,0.013889
974.3741369247437,0.28676,0.013982
974.4213285446167,0.2868,0.013936
974.4752297401428,0.28785,0.01397
974.5224673748016,0.28973,0.013811
974.5771658420563,0.29053,0.01401
974.6213109493256,0.29144,0.013933
974.674747467041,0.29148,0.013923
974.7287201881409,0.29251,0.013864
974.7777390480042,0.29345,0.013794
974.8275833129883,0.29437,0.013881
974.8783717155457,0.29555,0.013816
974.9246842861176,0.29725,0.013805
974.981124162674,0.29855,0.014009
975.0301332473755,0.29845,0.014084
975.0776901245117,0.29935,0.013664
975.1310656070709,0.015947,0.013778
975.1780021190643,0.0164,0.014295
975.2306632995605,0.01864,0.014121
975.279956817627,0.02152,0.01413
975.3329594135284,0.0246,0.014093
975.3808686733246,0.027747,0.014148
975.4309689998627,0.03064,0.014139
975.4851744174957,0.033747,0.014042
975.5348184108734,0.036827,0.013973
975.5850775241852,0.039827,0.014169
975.6322994232178,0.042653,0.014203
975.685075044632,0.045813,0.01445
975.7348873615265,0.048667,0.014198
975.7832708358765,0.051693,0.014386
975.8368875980377,0.054587,0.014211
975.8894593715668,0.05736,0.014082
975.9423866271973,0.060173,0.014286
975.9919784069061,0.06296,0.014423
976.0381784439087,0.068733,0.014441
976.0892627239227,0.068667,0.014335
976.1412456035614,0.071507,0.014347
976.1885807514191,0.074267,0.014505
976.2436423301697,0.076973,0.014475
976.2930691242218,0.07696,0.014372
976.3472945690155,0.082627,0.0143
976.3951382637024,0.082507,0.014172
976.4447751045227,0.08784,0.014275
976.4952495098114,0.09064,0.014172
976.5439150333405,0.09288,0.014083
976.5944228172302,0.094093,0.014098
976.6473593711853,0.09548,0.013911
976.69384765625,0.096693,0.0139
976.7485015392303,0.096907,0.013837
976.7973773479462,0.09832,0.013861
976.8484046459198,0.099467,0.013748
976.8979847431183,0.10205,0.013746
976.9456403255463,0.10336,0.01373
977.00062084198,0.10345,0.013749
977.0491285324097,0.10584,0.013888
977.1020503044128,0.10711,0.013924
977.1497688293457,0.107,0.013709
977.1976473331451,0.10848,0.013785
977.2512075901031,0.11088,0.013775
977.3041338920593,0.11205,0.013807
977.3597497940063,0.11332,0.013748
977.4066443443298,0.11332,0.013592
977.4583687782288,0.11565,0.013728
977.509001493454,0.11707,0.013679
977.5577163696289,0.11829,0.013605
977.6100122928619,0.11943,0.013632
977.6617937088013,0.12056,0.013646
977.7099175453186,0.1204,0.013533
977.7618825435638,0.12309,0.013704
977.8125383853912,0.12296,0.013801
977.8624382019043,0.12411,0.013731
977.9154863357544,0.12515,0.013707
977.9622344970703,0.12639,0.013739
978.0143353939056,0.12872,0.013842
978.0643393993378,0.12907,0.013912
978.1167006492615,0.13105,0.013938
978.1659870147705,0.13231,0.013999
978.2169487476349,0.13337,0.013906
978.2667741775513,0.13373,0.014085
978.314523935318,0.13467,0.014162
978.3655781745911,0.13587,0.013934
978.4195415973663,0.13704,0.013935
978.4688277244568,0.13933,0.014055
978.5175340175629,0.14051,0.014167
978.5704717636108,0.14153,0.014206
978.6203682422638,0.14175,0.014283
978.6707799434662,0.14275,0.013957
978.7222337722778,0.14379,0.01426
978.7722330093384,0.14505,0.014269
978.819634437561,0.14516,0.014335
978.8710741996765,0.14729,0.01428
978.9240951538086,0.14836,0.014249
978.9719605445862,0.14937,0.014204
979.0238540172577,0.15049,0.014484
979.0736191272736,0.15169,0.014405
979.1229133605957,0.15277,0.014489
979.1762030124664,0.1528,0.014447
979.2214467525482,0.15396,0.014328
979.273428440094,0.15628,0.014341
979.3264267444611,0.15712,0.014379
979.3799159526825,0.15829,0.014198
979.4283175468445,0.15929,0.014191
979.4791855812073,0.16045,0.014226
979.5294404029846,0.16152,0.014187
979.5775928497314,0.16265,0.01403
979.6296517848969,0.16243,0.013839
979.6797564029694,0.16471,0.013837
979.7296915054321,0.16569,0.01377
979.781432390213,0.16688,0.013635
979.830836057663,0.16787,0.013621
979.8843221664429,0.16908,0.013554
979.9327895641327,0.17004,0.013636
979.9826419353485,0.17124,0.013683
980.0333521366119,0.17225,0.013656
980.0825192928314,0.17339,0.013568
980.1304225921631,0.17333,0.013558
980.1828184127808,0.17549,0.013689
980.2356877326965,0.17551,0.013584
980.2845358848572,0.17657,0.013578
980.3377373218536,0.17752,0.013528
980.3873662948608,0.17953,0.013524
980.4359624385834,0.18077,0.013515
980.4896230697632,0.18191,0.013562
980.5346827507019,0.18272,0.013593
980.5848753452301,0.18381,0.013601
980.6424226760864,0.18491,0.013732
980.6892921924591,0.18495,0.013808
980.7418029308319,0.1858,0.013729
980.7918574810028,0.18692,0.01366
980.8426353931427,0.18819,0.013813
980.89319896698,0.19009,0.013783
980.9439475536346,0.19117,0.01393
980.996232509613,0.19207,0.014024
981.0462710857391,0.19201,0.014067
981.0921473503113,0.19428,0.014022
981.1450090408325,0.19436,0.013945
981.1963267326355,0.19555,0.014016
981.2466320991516,0.1964,0.014203
981.2979786396027,0.19857,0.014118
981.3445248603821,0.19949,0.014118
981.3982608318329,0.19947,0.014151
981.4440410137177,0.20157,0.014249
981.4998049736023,0.20243,0.014177
981.5471079349518,0.20259,0.014269
981.5977299213409,0.20461,0.0143
981.6512930393219,0.20552,0.014275
981.6966018676758,0.20564,0.014403
981.7487463951111,0.20663,0.01444
981.7994413375854,0.20757,0.014419
981.8498456478119,0.20868,0.014607
981.9016399383545,0.21052,0.014539
981.9530408382416,0.21157,0.014446
982.0009100437164,0.21177,0.014438
982.0509464740753,0.21284,0.014642
982.1023395061493,0.21379,0.014539
982.1566777229309,0.21473,0.014511
982.2041518688202,0.21583,0.014452
982.252881526947,0.21779,0.014524
982.308511018753,0.21865,0.014473
982.3565952777863,0.21972,0.014403
982.4048273563385,0.21993,0.01435
982.4580314159393,0.22083,0.014213
982.5063018798828,0.22171,0.014195
982.5561680793762,0.22277,0.013981
982.6073665618896,0.22393,0.013947
982.6583225727081,0.22487,0.013744
982.7069292068481,0.22577,0.013751
982.7570948600769,0.22683,0.013609
982.8132231235504,0.22771,0.013702
982.8619396686554,0.22888,0.013675
982.9125204086304,0.22972,0.013599
982.9613904953003,0.2306,0.013729
983.0127091407776,0.23161,0.013626
983.0615074634552,0.23171,0.01367
983.1134521961212,0.23373,0.013702
983.1664707660675,0.2346,0.013597
983.214831829071,0.23564,0.013591
983.2673161029816,0.23667,0.013599
983.3170688152313,0.23684,0.013568
983.3692495822906,0.23885,0.01364
983.4202063083649,0.23889,0.013567
983.468015909195,0.24088,0.013677
983.5181708335876,0.24183,0.013737
983.5698001384735,0.24295,0.013702
983.6220662593842,0.24396,0.013829
983.6696019172668,0.24399,0.013915
983.7200818061829,0.24487,0.01392
983.7727324962616,0.24585,0.013951
983.8214828968048,0.2478,0.013901
983.8707418441772,0.24888,0.013947
983.9243140220642,0.24977,0.014051
983.972461938858,0.25081,0.013997
984.0208475589752,0.25192,0.014097
984.0749177932739,0.25187,0.013986
984.1229312419891,0.25285,0.014123
984.1746852397919,0.25375,0.014086
984.2285189628601,0.25472,0.014185
984.2759199142456,0.25665,0.014219
984.3285801410675,0.25768,0.014235
984.3784255981445,0.25877,0.014178
984.4273684024811,0.25977,0.014157
984.4786822795868,0.26072,0.014329
984.5276899337769,0.26185,0.014351
984.5812015533447,0.26183,0.014292
984.6267549991608,0.26272,0.014497
984.6819789409637,0.26365,0.014519
984.7332940101624,0.26563,0.01457
984.7911784648895,0.26672,0.014725
984.8367552757263,0.26767,0.014708
984.8898253440857,0.26859,0.014652
984.9403371810913,0.26873,0.014736
984.9892678260803,0.27083,0.01484
985.0417921543121,0.27172,0.014903
985.0972990989685,0.27177,0.01491
985.1448311805725,0.27363,0.014886
985.199117898941,0.27381,0.014804
985.2452144622803,0.27469,0.014755
985.301388502121,0.27555,0.014717
985.352413892746,0.27777,0.014695
985.4006245136261,0.27855,0.014456
985.4521198272705,0.27977,0.014221
985.5019626617432,0.27967,0.014118
985.556459903717,0.28065,0.013921
985.6054515838623,0.28177,0.01405
985.6543860435486,0.28283,0.013996
985.7041370868683,0.28449,0.013745
985.7567212581635,0.28563,0.013818
985.8061785697937,0.28559,0.01389
985.8543763160706,0.28652,0.013701
985.9039206504822,0.28745,0.013995
985.9567284584045,0.28845,0.013881
986.0130124092102,0.28953,0.013866
986.0608997344971,0.29021,0.013908
986.1107552051544,0.29217,0.013775
986.1633386611938,0.29327,0.013851
986.2117028236389,0.29333,0.01381
986.2608389854431,0.29444,0.013913
986.3140103816986,0.2952,0.013826
986.3658132553101,0.29629,0.013941
986.4136729240417,0.2972,0.01406
986.4650979042053,0.29936,0.014007
986.5189578533173,0.018773,0.014037
986.5720255374908,0.013387,0.014311
986.6191608905792,0.015827,0.013758
986.6686232089996,0.017907,0.014058
986.7195363044739,0.021053,0.01408
986.7711040973663,0.024173,0.014148
986.8178713321686,0.027107,0.014102
986.8692927360535,0.03308,0.013993
986.9193842411041,0.033413,0.014071
986.9716784954071,0.036387,0.014011
987.0199446678162,0.039253,0.014208
987.070565700531,0.042253,0.014204
987.1220273971558,0.045267,0.014237
987.175092458725,0.04824,0.014274
987.2224135398865,0.051053,0.014305
987.2738053798676,0.053893,0.014246
987.3245577812195,0.056933,0.014288
987.3751800060272,0.05976,0.01442
987.4272577762604,0.062573,0.014453
987.475790977478,0.065293,0.014377
987.5284976959229,0.068147,0.014506
987.5812468528748,0.07068,0.014228
987.6289916038513,0.074013,0.014427
987.6805520057678,0.076533,0.014387
987.7304964065552,0.0794,0.014344
987.7861294746399,0.081987,0.014201
987.8315901756287,0.084693,0.014333
987.8922908306122,0.08728,0.01427
987.9389750957489,0.09024,0.01431
987.9899818897247,0.092733,0.013971
988.0425238609314,0.093907,0.014036
988.0896968841553,0.09536,0.014051
988.1409156322479,0.096613,0.013877
988.1929347515106,0.097773,0.013882
988.2459533214569,0.099133,0.01385
988.2937166690826,0.10032,0.013884
988.3436257839203,0.10173,0.013932
988.3932433128357,0.10203,0.013873
988.447461605072,0.10435,0.013845
988.496422290802,0.10577,0.013871
988.5494246482849,0.10677,0.013831
988.6004130840302,0.10815,0.013709
988.645482301712,0.10945,0.013808
988.7000257968903,0.10939,0.013813
988.7523913383484,0.11167,0.013778
988.8013441562653,0.11293,0.013669
988.85218501091,0.11436,0.013708
988.9054288864136,0.11535,0.013669
988.9533228874207,0.11673,0.013703
989.0040812492371,0.11803,0.013656
989.0537219047546,0.11927,0.013413
989.1031038761139,0.12048,0.013703
989.1538286209106,0.12151,0.013727
989.2043790817261,0.12267,0.013676
989.2560262680054,0.12397,0.013686
989.3049974441528,0.12495,0.01366
989.3549315929413,0.12509,0.013835
989.4036958217621,0.12752,0.013754
989.4582269191742,0.12863,0.013841
989.5081698894501,0.12988,0.013873
989.5586683750153,0.13093,0.013901
989.6142919063568,0.13205,0.014032
989.6640162467957,0.13329,0.013962
989.7105164527893,0.13331,0.014137
989.7635040283203,0.13567,0.014068
989.8088250160217,0.13679,0.014221
989.8651232719421,0.13795,0.014149
989.9144926071167,0.13913,0.014082
989.9676027297974,0.14015,0.014142
990.0126807689667,0.14129,0.014214
990.0667839050293,0.14132,0.014104
990.1156876087189,0.14259,0.014167
990.1649348735809,0.14468,0.014259
990.2184543609619,0.146,0.014221
990.2687458992004,0.14689,0.014334
990.3212623596191,0.14727,0.01434
990.3716158866882,0.14811,0.014359
990.4207229614258,0.14913,0.014063
990.4756739139557,0.15147,0.014347
990.5207476615906,0.15277,0.014382
990.5794034004211,0.15264,0.014269
990.6275281906128,0.15473,0.014422
990.6763112545013,0.15497,0.014366
990.7296426296234,0.15597,0.014408
990.7766094207764,0.15695,0.014283
990.8327579498291,0.15791,0.014331
990.8771712779999,0.16013,0.014218
990.9321844577789,0.16021,0.014195
990.9820992946625,0.16141,0.014115
991.0316865444183,0.16256,0.013956
991.0859277248383,0.16347,0.013856
991.1341116428375,0.16457,0.013659
991.1826908588409,0.16548,0.013714
991.2375099658966,0.16763,0.013704
991.2866599559784,0.16879,0.013572
991.337630033493,0.16892,0.01359
991.390109539032,0.16983,0.013639
991.4379587173462,0.171,0.013567
991.4886853694916,0.17207,0.013567
991.5366086959839,0.17423,0.01364
991.5900549888611,0.17411,0.01368
991.6418256759644,0.17529,0.013562
991.6953091621399,0.17641,0.013614
991.7441351413727,0.17757,0.013707
991.7942936420441,0.17836,0.013653
991.8442993164062,0.17937,0.013593
991.8958888053894,0.18057,0.013633
991.9470477104187,0.18169,0.013553
991.9954342842102,0.18255,0.013636
992.0459804534912,0.18399,0.013724
992.0993070602417,0.18612,0.013676
992.149537563324,0.18591,0.013737
992.2019581794739,0.18681,0.013819
992.2474703788757,0.18783,0.01391
992.2966270446777,0.18895,0.013814
992.3520467281342,0.18905,0.013884
992.3984396457672,0.19,0.013859
992.4530787467957,0.19188,0.013882
992.4972972869873,0.19316,0.013951
992.5526044368744,0.1942,0.013978
992.6039416790009,0.19527,0.014062
992.6539785861969,0.19501,0.014145
992.7114017009735,0.19723,0.014109
992.7596724033356,0.19805,0.014099
992.8084847927094,0.19931,0.014057
992.860372543335,0.20033,0.0142
992.9109346866608,0.20121,0.014282
992.9582204818726,0.20225,0.014225
993.0125789642334,0.20305,0.014284
993.0623686313629,0.20432,0.014185
993.1130375862122,0.20549,0.014289
993.1671311855316,0.20661,0.014375
993.2157330513,0.20755,0.014259
993.2685272693634,0.20852,0.014408
993.3203966617584,0.20952,0.014437
993.3697543144226,0.21051,0.014368
993.4186329841614,0.21168,0.014392
993.4699199199677,0.21257,0.014554
993.5191819667816,0.21364,0.014352
993.5753884315491,0.21467,0.014332
993.6222498416901,0.21573,0.014447
993.6748738288879,0.21667,0.014382
993.724526643753,0.21756,0.014344
993.7775709629059,0.21868,0.01439
993.8259205818176,0.21972,0.014376
993.8764855861664,0.22064,0.014072
993.9291105270386,0.22168,0.014239
993.9770803451538,0.22255,0.013989
994.0295481681824,0.22373,0.013754
994.0786516666412,0.22384,0.013796
994.125746011734,0.22576,0.013752
994.1769571304321,0.22681,0.013913
994.235791683197,0.22771,0.013696
994.2829773426056,0.22877,0.013544
994.3337965011597,0.22883,0.013677
994.382401227951,0.23065,0.013583
994.4344763755798,0.23167,0.013571
994.4851682186127,0.23271,0.013719
994.5362861156464,0.23385,0.013612
994.5862793922424,0.23381,0.013669
994.6351330280304,0.23472,0.013575
994.6821722984314,0.23663,0.013613
994.7393548488617,0.23764,0.01363
994.7887959480286,0.23881,0.013607
994.8416931629181,0.23871,0.01372
994.8888432979584,0.24079,0.01368
994.9400446414948,0.24071,0.013768
994.9878921508789,0.24275,0.013861
995.0446357727051,0.24371,0.013769
995.0946099758148,0.24477,0.013746
995.1427419185638,0.24483,0.013935
995.1946742534637,0.24643,0.014006
995.2435250282288,0.24685,0.013916
995.2988035678864,0.2488,0.013936
995.3471915721893,0.24981,0.013919
995.3966150283813,0.25061,0.014092
995.4449739456177,0.25059,0.014039
995.4952523708344,0.25159,0.014067
995.5480103492737,0.25275,0.014003
995.5993087291718,0.25377,0.014075
995.6568081378937,0.25577,0.014258
995.706659078598,0.25591,0.014166
995.7555415630341,0.25761,0.014249
995.8060221672058,0.25779,0.014064
995.856130361557,0.25873,0.014197
995.9076950550079,0.25984,0.01418
995.9577803611755,0.26153,0.014178
996.008225440979,0.26263,0.014311
996.0580840110779,0.26267,0.014292
996.1069433689117,0.26344,0.014453
996.1637012958527,0.26469,0.014531
996.214724779129,0.26549,0.014591
996.265745639801,0.26644,0.014662
996.3144345283508,0.26764,0.014687
996.3621032238007,0.26956,0.014601
996.4136197566986,0.26955,0.014664
996.4646570682526,0.27155,0.014717
996.5152397155762,0.27168,0.014864
996.5684344768524,0.27255,0.01463
996.6145153045654,0.27251,0.014911
996.665442943573,0.2746,0.014927
996.7171988487244,0.27541,0.014696
996.7691125869751,0.27631,0.014645
996.8179609775543,0.27752,0.014627
996.8728969097137,0.27839,0.014474
996.9188811779022,0.27921,0.014284
996.9716351032257,0.28024,0.014199
997.0211555957794,0.28125,0.014181
997.0711605548859,0.28243,0.01401
997.1201515197754,0.28343,0.01387
997.1727023124695,0.28455,0.01392
997.2225086688995,0.28537,0.013904
997.2704343795776,0.28625,0.013935
997.3235666751862,0.28732,0.013821
997.3717184066772,0.28828,0.01385
997.4230628013611,0.28923,0.013878
997.4801332950592,0.29021,0.013892
997.5263011455536,0.29125,0.013821
997.5818903446198,0.29216,0.013899
997.6324970722198,0.29311,0.013937
997.6804263591766,0.29425,0.013889
997.7311797142029,0.29525,0.013851
997.7818233966827,0.2962,0.013956
997.8326244354248,0.29716,0.014103
997.8834114074707,0.2982,0.014109
997.9327125549316,0.29811,0.014237
997.9829890727997,0.01348,0.01374
998.0322380065918,0.015333,0.01424
998.0804641246796,0.017707,0.014262
998.1329076290131,0.017507,0.014074
998.1880321502686,0.02376,0.014136
998.2377157211304,0.026653,0.013897
998.2914102077484,0.029733,0.014071
998.3469295501709,0.032707,0.013953
998.3948426246643,0.03592,0.014148
998.4482758045197,0.0388,0.013997
998.5019323825836,0.041787,0.014149
998.5515577793121,0.044813,0.014286
998.60102891922,0.047507,0.014197
998.6509833335876,0.05068,0.014168
998.7008528709412,0.053613,0.014243
998.7507042884827,0.056507,0.014069
998.8010714054108,0.059187,0.01424
998.8505086898804,0.062147,0.014257
998.9070527553558,0.065053,0.014249
998.9535584449768,0.06776,0.014362
999.004075050354,0.068067,0.014377
999.0570049285889,0.073533,0.014311
999.1059765815735,0.0762,0.014259
999.1592035293579,0.076347,0.014373
999.2083797454834,0.081533,0.014248
999.2578601837158,0.084333,0.0143
999.307245016098,0.08724,0.014237
999.3565168380737,0.08732,0.014178
999.4076344966888,0.090013,0.014107
999.4591991901398,0.093667,0.014082
999.5119061470032,0.095187,0.014088
999.5593392848969,0.096507,0.014118
999.6103773117065,0.096493,0.013911
999.6607661247253,0.098933,0.013911
999.7107303142548,0.09916,0.013758
999.7612936496735,0.10039,0.013758
999.8101904392242,0.10276,0.013669
999.8612253665924,0.10421,0.013624
999.912769317627,0.10551,0.013596
999.9617552757263,0.10667,0.013735
1000.0207281112671,0.10791,0.013775
1000.0715281963348,0.10809,0.013694
1000.1197733879089,0.11037,0.013608
1000.170197725296,0.11164,0.013704
1000.2220506668091,0.11153,0.013701
1000.2693803310394,0.11272,0.013638
1000.3208646774292,0.11408,0.013655
1000.3713698387146,0.11537,0.013652
1000.4195702075958,0.11651,0.01367
1000.4702897071838,0.11896,0.013576
1000.5227732658386,0.12011,0.013501
1000.5736057758331,0.12133,0.013652
1000.6238329410553,0.12131,0.013733
1000.6751389503479,0.12264,0.013715
1000.7240855693817,0.12393,0.013576
1000.7777054309845,0.12509,0.013771
1000.8247079849243,0.12612,0.013847
1000.8778269290924,0.12737,0.013841
1000.9263656139374,0.12847,0.013866
1000.9779801368713,0.12969,0.013896
1001.0276663303375,0.1308,0.013929
1001.0778498649597,0.1318,0.014025
1001.1339344978333,0.13312,0.013899
1001.1835222244263,0.13429,0.013892
1001.2316131591797,0.13551,0.014064
1001.2819373607635,0.13672,0.014058
1001.3304948806763,0.13781,0.014089
1001.3848361968994,0.13912,0.014157
1001.4327878952026,0.13993,0.014194
1001.4848213195801,0.14128,0.01419
1001.5332107543945,0.14236,0.014149
1001.5867102146149,0.14243,0.014228
1001.6340620517731,0.14476,0.014133
1001.6866314411163,0.14679,0.014126
1001.7375433444977,0.14675,0.014111
1001.7838549613953,0.14892,0.014252
1001.83793592453,0.14909,0.014232
1001.8895137310028,0.14999,0.014311
1001.936541557312,0.15135,0.014271
1001.9896075725555,0.15235,0.014347
1002.0408880710602,0.15356,0.014291
1002.0884108543396,0.15461,0.014207
1002.136125087738,0.15556,0.014224
1002.1888666152954,0.15668,0.014275
1002.2394053936005,0.15789,0.014174
1002.2884323596954,0.15896,0.014134
1002.3414022922516,0.15993,0.014222
1002.3930344581604,0.16131,0.014113
1002.442702293396,0.16232,0.014055
1002.4971623420715,0.16339,0.014043
1002.550253868103,0.16335,0.013798
1002.5978379249573,0.16444,0.013786
1002.6476409435272,0.16667,0.01364
1002.6973080635071,0.16764,0.013897
1002.7502534389496,0.1686,0.01368
1002.8002789020538,0.16981,0.013576
1002.8495478630066,0.17091,0.013594
1002.8991951942444,0.17201,0.013628
1002.9511153697968,0.17187,0.013644
1002.9980847835541,0.17408,0.013613
1003.0540289878845,0.17525,0.013595
1003.1010499000549,0.17608,0.013576
1003.154700756073,0.17725,0.013632
1003.2048988342285,0.17828,0.013639
1003.2534177303314,0.17829,0.013731
1003.3022680282593,0.18045,0.013657
1003.3578474521637,0.18059,0.013613
1003.4036526679993,0.18247,0.013656
1003.45481133461,0.18348,0.01374
1003.5054850578308,0.18459,0.013726
1003.5566062927246,0.18565,0.013549
1003.6061723232269,0.18559,0.013781
1003.6583271026611,0.18669,0.013826
1003.7069668769836,0.18781,0.013658
1003.7582528591156,0.18857,0.013693
1003.8067088127136,0.19072,0.013924
1003.8569605350494,0.19197,0.014058
1003.9121747016907,0.19195,0.013841
1003.9623539447784,0.19365,0.013933
1004.0085248947144,0.19507,0.014146
1004.0600500106812,0.19509,0.013918
1004.1096127033234,0.19607,0.014006
1004.1611225605011,0.19696,0.014073
1004.2129406929016,0.19915,0.014108
1004.2620437145233,0.20023,0.013971
1004.3142516613007,0.20129,0.014078
1004.3657758235931,0.20112,0.014139
1004.4174528121948,0.20227,0.014112
1004.4637370109558,0.20321,0.014062
1004.5106785297394,0.20424,0.014272
1004.5629706382751,0.20521,0.014149
1004.6140456199646,0.20721,0.014215
1004.6687550544739,0.20733,0.014231
1004.7214865684509,0.20812,0.014359
1004.7704470157623,0.20933,0.014428
1004.8185710906982,0.21027,0.01441
1004.8728358745575,0.21144,0.014392
1004.9233064651489,0.21235,0.014458
1004.9681181907654,0.2136,0.014441
1005.0244631767273,0.21525,0.014502
1005.0711939334869,0.21541,0.014404
1005.1247866153717,0.21643,0.01434
1005.1727232933044,0.21744,0.014317
1005.225519657135,0.21843,0.014314
1005.2757270336151,0.21959,0.014277
1005.3216083049774,0.21964,0.014141
1005.373749256134,0.22259,0.013993
1005.4249594211578,0.22256,0.014197
1005.4770846366882,0.22343,0.013948
1005.5247552394867,0.22435,0.01384
1005.5766501426697,0.22547,0.013764
1005.62495470047,0.22645,0.013821
1005.6769735813141,0.22739,0.013747
1005.7285211086273,0.22847,0.013713
1005.7825706005096,0.22951,0.013617
1005.8298678398132,0.23052,0.013645
1005.8839991092682,0.23159,0.013715
1005.9324610233307,0.23177,0.013556
1005.9824731349945,0.23277,0.013587
1006.0301458835602,0.23341,0.013647
1006.0825695991516,0.23561,0.013553
1006.1327152252197,0.23655,0.013635
1006.1821990013123,0.23749,0.013641
1006.2377865314484,0.23847,0.013623
1006.285083770752,0.23939,0.013825
1006.3379411697388,0.23945,0.013728
1006.3853394985199,0.24157,0.013792
1006.4401228427887,0.24244,0.013736
1006.4886593818665,0.24344,0.013793
1006.5379385948181,0.24459,0.013909
1006.5898172855377,0.24543,0.013922
1006.6374588012695,0.24575,0.014061
1006.6897807121277,0.24751,0.013974
1006.7408745288849,0.24743,0.014054
1006.7909045219421,0.24849,0.014163
1006.8413527011871,0.25057,0.014121
1006.8963165283203,0.25156,0.014082
1006.9446592330933,0.25251,0.013942
1006.9941520690918,0.25341,0.014127
1007.0456941127777,0.25341,0.014073
1007.093799829483,0.25443,0.014072
1007.148873090744,0.25629,0.014141
1007.1948854923248,0.25751,0.014197
1007.2488553524017,0.25839,0.014115
1007.299554347992,0.25943,0.01425
1007.3463079929352,0.25961,0.014261
1007.3980705738068,0.26141,0.014273
1007.4478371143341,0.26241,0.014392
1007.5033106803894,0.26253,0.014254
1007.548760175705,0.26343,0.014329
1007.6005582809448,0.26525,0.014336
1007.6497898101807,0.26524,0.014463
1007.7033157348633,0.26615,0.014539
1007.75341963768,0.26685,0.014465
1007.8027532100677,0.2692,0.014387
1007.8557698726654,0.27027,0.014466
1007.9048936367035,0.27117,0.014461
1007.953361749649,0.27232,0.014508
1008.0081746578217,0.27208,0.014528
1008.0565454959869,0.27332,0.014668
1008.1053590774536,0.27428,0.014507
1008.1626386642456,0.27619,0.014616
1008.2156918048859,0.27716,0.014429
1008.2626264095306,0.27807,0.014463
1008.3165612220764,0.27824,0.014307
1008.3637545108795,0.27925,0.014195
1008.4194705486298,0.28019,0.014157
1008.4699964523315,0.28095,0.014095
1008.5143570899963,0.28311,0.014013
1008.5684056282043,0.28303,0.013965
1008.6194605827332,0.28493,0.013981
1008.6695077419281,0.28509,0.013814
1008.7203538417816,0.28616,0.013922
1008.7683589458466,0.28712,0.013842
1008.8195521831512,0.28819,0.013902
1008.8710680007935,0.28905,0.013808
1008.9234108924866,0.29015,0.013911
1008.970219373703,0.29107,0.013754
1009.0226187705994,0.29211,0.013974
1009.0718858242035,0.29299,0.013939
1009.1235928535461,0.29412,0.013999
1009.1733572483063,0.29497,0.013957
1009.2222352027893,0.29585,0.014046
1009.2760984897614,0.29688,0.013944
1009.3231949806213,0.29785,0.014161
1009.3759577274323,0.29904,0.014075
1009.425411939621,0.013067,0.013703
1009.4764993190765,0.01476,0.01378
1009.5269045829773,0.017187,0.014159
1009.5800833702087,0.020013,0.013961
1009.6296272277832,0.022853,0.013994
1009.6777374744415,0.026093,0.013955
1009.728152513504,0.029227,0.013923
1009.7772057056427,0.03228,0.01401
1009.8311479091644,0.03524,0.0141
1009.8796062469482,0.038253,0.013969
1009.9317309856415,0.041227,0.014149
1009.9792499542236,0.044293,0.014158
1010.0307080745697,0.04708,0.014151
1010.0791070461273,0.050307,0.014232
1010.1351938247681,0.053133,0.01406
1010.183755159378,0.05608,0.014234
1010.233231306076,0.056147,0.014142
1010.2855045795441,0.061707,0.014279
1010.3348624706268,0.064573,0.014243
1010.3816168308258,0.067347,0.014154
1010.4335844516754,0.07016,0.013995
1010.4832019805908,0.070133,0.014271
1010.5346863269806,0.075627,0.014286
1010.5846104621887,0.075813,0.014162
1010.6367335319519,0.078373,0.014328
1010.6859512329102,0.081133,0.014234
1010.7368459701538,0.08392,0.014118
1010.7873690128326,0.089213,0.013899
1010.8384354114532,0.092013,0.014045
1010.8881659507751,0.09356,0.014141
1010.9388604164124,0.095013,0.013987
1010.9883477687836,0.094933,0.013931
1011.037971496582,0.096307,0.013938
1011.0881600379944,0.097467,0.01384
1011.1412551403046,0.09888,0.013698
1011.1910245418549,0.10124,0.013803
1011.2397310733795,0.10256,0.01378
1011.2887854576111,0.10279,0.013689
1011.339923620224,0.10407,0.01371
1011.3905508518219,0.1066,0.01374
1011.442421913147,0.10776,0.013675
1011.4953525066376,0.10809,0.01343
1011.545027256012,0.10915,0.013637
1011.5945973396301,0.11151,0.013571
1011.6464023590088,0.11273,0.013645
1011.6937222480774,0.1128,0.013668
1011.7427065372467,0.11399,0.013742
1011.7955527305603,0.11503,0.013613
1011.8471486568451,0.11651,0.013684
1011.8946821689606,0.11756,0.013693
1011.9468784332275,0.1198,0.013541
1011.9973955154419,0.11995,0.013621
1012.0492527484894,0.12108,0.01356
1012.0972938537598,0.12228,0.013705
1012.146879196167,0.12375,0.013803
1012.1976895332336,0.12357,0.013679
1012.2508494853973,0.12601,0.013867
1012.2981419563293,0.12837,0.013838
1012.3482065200806,0.12825,0.013906
1012.400438785553,0.12953,0.013889
1012.4495484828949,0.13079,0.013921
1012.5021238327026,0.13189,0.013989
1012.5523128509521,0.13305,0.014002
1012.6015837192535,0.13419,0.013984
1012.6509144306183,0.13519,0.014044
1012.7012283802032,0.13633,0.014034
1012.7524664402008,0.13772,0.014041
1012.8018560409546,0.1388,0.014109
1012.8540461063385,0.13992,0.014033
1012.9050374031067,0.14077,0.013949
1012.95312666893,0.14212,0.014065
1013.0037839412689,0.14345,0.01421
1013.0524826049805,0.14439,0.014213
1013.099969625473,0.14457,0.013975
1013.1567549705505,0.14584,0.014229
1013.2035341262817,0.14673,0.014056
1013.2585716247559,0.14891,0.014271
1013.3042886257172,0.15013,0.014205
1013.3587999343872,0.15115,0.014277
1013.4067800045013,0.15207,0.014384
1013.4559724330902,0.15343,0.014237
1013.5059134960175,0.15343,0.014126
1013.5587298870087,0.15549,0.014247
1013.6119699478149,0.15667,0.014235
1013.6582825183868,0.15772,0.014051
1013.7106673717499,0.15768,0.014128
1013.7603514194489,0.15888,0.014121
1013.8153793811798,0.16001,0.014087
1013.8639883995056,0.16203,0.014025
1013.9129686355591,0.16323,0.013931
1013.9676654338837,0.16419,0.014004
1014.0160262584686,0.16535,0.013924
1014.0664522647858,0.16635,0.013874
1014.1151611804962,0.16756,0.013777
1014.1686389446259,0.1676,0.013677
1014.2168717384338,0.16856,0.013607
1014.2666571140289,0.16973,0.013597
1014.3147521018982,0.17185,0.013573
1014.3684890270233,0.17279,0.013673
1014.4168801307678,0.17308,0.0136
1014.4683747291565,0.17397,0.013519
1014.5208570957184,0.17507,0.013543
1014.5684139728546,0.17604,0.013601
1014.6227011680603,0.17721,0.013643
1014.6699316501617,0.17813,0.013583
1014.7244880199432,0.18013,0.013616
1014.7719779014587,0.18016,0.013574
1014.8231463432312,0.18147,0.013693
1014.8715834617615,0.18237,0.013603
1014.9269776344299,0.18337,0.013685
1014.974839925766,0.18541,0.013839
1015.0267217159271,0.18649,0.013657
1015.0799448490143,0.18641,0.013758
1015.1262969970703,0.18733,0.013683
1015.1759479045868,0.18864,0.013713
1015.2305176258087,0.18968,0.014035
1015.2789182662964,0.19068,0.01391
1015.3298785686493,0.19169,0.013939
1015.3800127506256,0.19393,0.014088
1015.4298474788666,0.19381,0.014044
1015.4801077842712,0.19492,0.014014
1015.530754327774,0.19584,0.014034
1015.5817446708679,0.19808,0.014133
1015.6352546215057,0.19792,0.014147
1015.6838655471802,0.19912,0.014043
1015.7325356006622,0.20023,0.014208
1015.7835695743561,0.20087,0.014021
1015.8348572254181,0.20212,0.014128
1015.8848750591278,0.20311,0.014297
1015.9344062805176,0.20419,0.014158
1015.983163356781,0.20535,0.01417
1016.0333390235901,0.20528,0.014238
1016.0827023983002,0.20725,0.01423
1016.1336171627045,0.20819,0.014263
1016.1842629909515,0.20927,0.014312
1016.2344551086426,0.21028,0.014331
1016.2844412326813,0.21113,0.01426
1016.3349759578705,0.21239,0.01431
1016.3863987922668,0.21325,0.01434
1016.4375281333923,0.21333,0.014159
1016.4884796142578,0.21445,0.014259
1016.5362012386322,0.21649,0.014214
1016.5866248607635,0.2172,0.014261
1016.6382262706757,0.21829,0.014172
1016.6849210262299,0.21943,0.014209
1016.7381148338318,0.22037,0.014032
1016.7883563041687,0.22047,0.014204
1016.8427095413208,0.22127,0.014108
1016.8906645774841,0.22244,0.014016
1016.9406063556671,0.22449,0.014025
1016.9949533939362,0.22531,0.013969
1017.0442271232605,0.22631,0.01388
1017.0929431915283,0.22733,0.01389
1017.146324634552,0.22751,0.0137
1017.193329334259,0.22947,0.013659
1017.2428529262543,0.23052,0.013612
1017.2956421375275,0.2306,0.013667
1017.3501043319702,0.23152,0.013673
1017.4017632007599,0.23359,0.013664
1017.4485533237457,0.23441,0.013799
1017.5000550746918,0.23545,0.01343
1017.557541847229,0.23629,0.013661
1017.6112730503082,0.23713,0.013743
1017.6573495864868,0.23733,0.01372
1017.7107944488525,0.23833,0.01382
1017.7593846321106,0.24052,0.013751
1017.8117308616638,0.2414,0.01395
1017.864325761795,0.24139,0.013814
1017.9117472171783,0.24348,0.013966
1017.9657089710236,0.24363,0.013882
1018.0114369392395,0.24467,0.014017
1018.0631337165833,0.24648,0.013913
1018.1169278621674,0.24729,0.014047
1018.1629855632782,0.24843,0.014045
1018.2167949676514,0.2486,0.013928
1018.2650368213654,0.25019,0.013878
1018.3196492195129,0.25044,0.01413
1018.3655261993408,0.25145,0.014075
1018.4190254211426,0.25244,0.014071
1018.4673547744751,0.25371,0.014179
1018.5183641910553,0.25523,0.014149
1018.5702586174011,0.25556,0.014051
1018.6214907169342,0.25629,0.014128
1018.6710631847382,0.25739,0.014097
1018.7205810546875,0.25835,0.014157
1018.7704932689667,0.25933,0.014245
1018.8189342021942,0.26128,0.014175
1018.8693943023682,0.26124,0.014161
1018.9200236797333,0.26236,0.014192
1018.9700858592987,0.26336,0.014274
1019.0235817432404,0.26421,0.014299
1019.0750436782837,0.26532,0.014331
1019.1252493858337,0.26633,0.014529
1019.1745879650116,0.26719,0.01438
1019.2220408916473,0.26809,0.014391
1019.2739045619965,0.27015,0.014568
1019.3255994319916,0.2704,0.014501
1019.3762609958649,0.27117,0.014356
1019.4329948425293,0.27208,0.014459
1019.4835021495819,0.27319,0.014493
1019.5310235023499,0.2742,0.014417
1019.5816626548767,0.27509,0.014387
1019.632611989975,0.27632,0.014297
1019.6821365356445,0.27728,0.014332
1019.7340617179871,0.27816,0.014268
1019.7826573848724,0.27909,0.014337
1019.832270860672,0.28007,0.014169
1019.8855714797974,0.28123,0.014189
1019.9336297512054,0.28205,0.014156
1019.9827778339386,0.283,0.014049
1020.0346403121948,0.28396,0.013933
1020.0839378833771,0.28493,0.013974
1020.1338369846344,0.28593,0.014
1020.1836867332458,0.28615,0.014089
1020.2301259040833,0.28788,0.01396
1020.2828416824341,0.28901,0.013983
1020.332902431488,0.29001,0.013957
1020.3824391365051,0.29088,0.013964
1020.4381732940674,0.292,0.013939
1020.4848301410675,0.29295,0.014094
1020.5340225696564,0.293,0.013914
1020.5889194011688,0.29485,0.014007
1020.6382920742035,0.29595,0.013943
1020.6878457069397,0.29685,0.014083
1020.738208770752,0.29779,0.013982
1020.7891943454742,0.29788,0.01407
1020.8399486541748,0.29879,0.014136
1020.8889315128326,0.014013,0.013811
1020.9391324520111,0.013893,0.013727
1020.9911015033722,0.01972,0.014165
1021.0412087440491,0.019693,0.014016
1021.0938837528229,0.025587,0.013997
1021.1454169750214,0.02552,0.014141
1021.1916263103485,0.029067,0.013993
1021.246645450592,0.034827,0.014061
1021.2959349155426,0.037627,0.014124
1021.3443179130554,0.040787,0.014087
1021.3938202857971,0.041147,0.014167
1021.4523904323578,0.044173,0.014218
1021.5076513290405,0.04696,0.01414
1021.5575530529022,0.052573,0.014262
1021.6080884933472,0.055533,0.014128
1021.6554534435272,0.058067,0.014192
1021.7083992958069,0.061147,0.014104
1021.7537941932678,0.063947,0.014143
1021.8098151683807,0.064133,0.014253
1021.8574438095093,0.066933,0.014081
1021.9074764251709,0.06964,0.014249
1021.9587159156799,0.07524,0.014196
1022.0084826946259,0.077907,0.014297
1022.0605776309967,0.07952,0.014242
1022.1127507686615,0.0836,0.014136
1022.1620736122131,0.086187,0.014287
1022.2093517780304,0.086347,0.014128
1022.2637047767639,0.088947,0.014243
1022.3125231266022,0.091787,0.014268
1022.3627383708954,0.093533,0.013977
1022.4127383232117,0.094747,0.014084
1022.4642090797424,0.09744,0.01405
1022.5144212245941,0.097387,0.013839
1022.5652520656586,0.098747,0.014003
1022.6156275272369,0.1,0.013894
1022.6690716743469,0.10121,0.014021
1022.7162673473358,0.10277,0.013828
1022.7691237926483,0.10392,0.013794
1022.8196926116943,0.10533,0.013846
1022.8669519424438,0.10639,0.013701
1022.9146659374237,0.10881,0.013708
1022.9691295623779,0.10881,0.013725
1023.0213794708252,0.11012,0.013687
1023.0702695846558,0.11139,0.013535
1023.1199069023132,0.11259,0.013729
1023.1729588508606,0.11368,0.013655
1023.2222757339478,0.11505,0.013697
1023.2684466838837,0.1152,0.013714
1023.3222658634186,0.11769,0.013713
1023.3718163967133,0.11885,0.013685
1023.426106929779,0.11977,0.013702
1023.4734387397766,0.12117,0.013773
1023.5201687812805,0.12231,0.013797
1023.5735569000244,0.12339,0.013886
1023.6259770393372,0.12456,0.013872
1023.6750884056091,0.12475,0.013908
1023.7264046669006,0.12707,0.013905
1023.7802205085754,0.1282,0.013881
1023.8279354572296,0.12921,0.013769
1023.8799524307251,0.13035,0.013852
1023.9263207912445,0.13171,0.013915
1023.9804151058197,0.13173,0.01394
1024.0272507667542,0.13388,0.013941
1024.081927537918,0.13412,0.01407
1024.1301414966583,0.13619,0.014038
1024.1793205738068,0.13745,0.014082
1024.2313776016235,0.13841,0.014054
1024.2854068279266,0.13968,0.014074
1024.3368337154388,0.14075,0.014104
1024.3849565982819,0.14199,0.014209
1024.437252998352,0.14271,0.014133
1024.4829320907593,0.14315,0.014105
1024.535514831543,0.14545,0.01401
1024.5817193984985,0.14629,0.014225
1024.6374332904816,0.1476,0.014144
1024.686591386795,0.14764,0.014134
1024.7375082969666,0.14871,0.014197
1024.7903716564178,0.1508,0.014287
1024.8392033576965,0.15212,0.014143
1024.8884477615356,0.15319,0.014207
1024.9409682750702,0.15331,0.014219
1024.9908633232117,0.1552,0.014206
1025.0432615280151,0.15643,0.014206
1025.0887219905853,0.15664,0.014167
1025.1449701786041,0.15744,0.01419
1025.190958738327,0.15868,0.014041
1025.245224237442,0.16079,0.014174
1025.2943873405457,0.16199,0.014066
1025.343219280243,0.16303,0.01402
1025.3939983844757,0.16313,0.013959
1025.4459671974182,0.16413,0.013897
1025.4962174892426,0.16541,0.013937
1025.5477802753448,0.16625,0.013836
1025.5966951847076,0.16747,0.013784
1025.6463429927826,0.16848,0.013757
1025.698003768921,0.17065,0.013856
1025.7496342658997,0.17153,0.013859
1025.796558856964,0.17263,0.013747
1025.8480734825134,0.17257,0.013742
1025.8976402282715,0.17365,0.013786
1025.9506373405457,0.174,0.013781
1025.9977850914001,0.17595,0.013676
1026.0500843524933,0.17805,0.013713
1026.097633600235,0.17797,0.013694
1026.1517856121063,0.179,0.01379
1026.206167936325,0.18001,0.013737
1026.2565212249756,0.18116,0.013521
1026.3054990768433,0.18232,0.013833
1026.357105255127,0.18315,0.01391
1026.4094653129578,0.18509,0.013727
1026.4565455913544,0.18528,0.013834
1026.5111603736877,0.1862,0.013898
1026.5589044094086,0.18732,0.013947
1026.6106991767883,0.18843,0.013952
1026.6598188877106,0.18935,0.014039
1026.7142026424408,0.19047,0.01409
1026.7600696086884,0.19151,0.014031
1026.8145961761475,0.19259,0.014146
1026.8666231632233,0.19464,0.014245
1026.916736125946,0.19452,0.013997
1026.9646546840668,0.19584,0.01407
1027.014508008957,0.19663,0.014077
1027.0661790370941,0.19793,0.014279
1027.113810300827,0.19783,0.014157
1027.168176651001,0.19991,0.014228
1027.2148728370667,0.20065,0.014144
1027.2650003433228,0.20176,0.014113
1027.3186213970184,0.20299,0.014172
1027.3691091537476,0.20401,0.014242
1027.4214329719543,0.20504,0.014049
1027.4723007678986,0.20599,0.01417
1027.520319700241,0.20588,0.014228
1027.572134256363,0.20811,0.014083
1027.6221492290497,0.20893,0.014087
1027.6739673614502,0.21005,0.014345
1027.7249791622162,0.21109,0.014283
1027.769766330719,0.21208,0.014086
1027.821903705597,0.2132,0.014066
1027.872861623764,0.21424,0.014202
1027.9237849712372,0.21428,0.014273
1027.975481748581,0.21611,0.014244
1028.025285243988,0.21713,0.014306
1028.0755355358124,0.21816,0.014236
1028.1268637180328,0.21932,0.014028
1028.1782612800598,0.22027,0.014058
1028.2282447814941,0.22139,0.014274
1028.2804772853851,0.22119,0.013989
1028.3301894664764,0.22329,0.014034
1028.3787667751312,0.22424,0.014022
1028.428819656372,0.22423,0.013988
1028.4800069332123,0.22543,0.013721
1028.529078245163,0.22616,0.014016
1028.5782923698425,0.22821,0.013892
1028.630363702774,0.22924,0.013831
1028.6875927448273,0.23027,0.013712
1028.7333633899689,0.23125,0.013853
1028.7840116024017,0.23129,0.013828
1028.8498182296753,0.23229,0.013839
1028.8989748954773,0.23419,0.013697
1028.9474008083344,0.23539,0.013779
1028.9947109222412,0.2362,0.013812
1029.0494709014893,0.23724,0.013696
1029.100682258606,0.23843,0.013776
1029.1503911018372,0.23815,0.013785
1029.201598405838,0.24037,0.013753
1029.2541062831879,0.24029,0.013885
1029.3026354312897,0.24231,0.013959
1029.349740743637,0.24312,0.013949
1029.405297279358,0.24425,0.014061
1029.4547441005707,0.24435,0.013812
1029.5027537345886,0.24535,0.014066
1029.5535106658936,0.24636,0.014085
1029.6017408370972,0.2482,0.013976
1029.657166481018,0.24912,0.014066
1029.7036135196686,0.25013,0.014065
1029.7555930614471,0.25049,0.01416
1029.8051540851593,0.25136,0.014183
1029.8561851978302,0.25233,0.014027
1029.9127433300018,0.25319,0.014093
1029.959572315216,0.25523,0.014219
1030.0167272090912,0.25607,0.014141
1030.061938047409,0.25729,0.013993
1030.1119379997253,0.25717,0.014042
1030.166752576828,0.25813,0.014036
1030.2183589935303,0.25905,0.013936
1030.2652163505554,0.2602,0.01419
1030.3139491081238,0.26225,0.01394
1030.3668143749237,0.26303,0.01408
1030.4202227592468,0.26416,0.014098
1030.4676432609558,0.26432,0.014115
1030.5160472393036,0.26512,0.014196
1030.5683629512787,0.26619,0.014296
1030.6180415153503,0.26701,0.014164
1030.6723515987396,0.26907,0.014097
1030.7223582267761,0.27003,0.014266
1030.7744011878967,0.26987,0.014267
1030.8228838443756,0.27121,0.014151
1030.874577999115,0.27216,0.014421
1030.9238846302032,0.27293,0.014392
1030.9776821136475,0.27411,0.0143
1031.0246441364288,0.27608,0.01419
1031.0757894515991,0.27597,0.01427
1031.127932548523,0.27712,0.01424
1031.180242061615,0.27804,0.014161
1031.228162765503,0.27884,0.014256
1031.2776300907135,0.27999,0.014114
1031.3292167186737,0.28085,0.014039
1031.376749753952,0.28296,0.013953
1031.4285209178925,0.28295,0.014021
1031.476185798645,0.28404,0.014003
1031.5319290161133,0.28493,0.014061
1031.5804963111877,0.28585,0.013986
1031.6317291259766,0.2868,0.013911
1031.679672718048,0.28797,0.014006
1031.7286293506622,0.28892,0.013909
1031.7823615074158,0.29001,0.013803
1031.8308053016663,0.29085,0.013922
1031.8847148418427,0.29175,0.013857
1031.93696808815,0.29279,0.013888
1031.9878342151642,0.29355,0.013994
1032.0368592739105,0.29471,0.013993
1032.0856471061707,0.29557,0.014032
1032.1392333507538,0.29579,0.013905
1032.1886048316956,0.29772,0.014063
1032.2389543056488,0.29861,0.01408
1032.2881519794464,0.012853,0.014126
1032.3371708393097,0.0132,0.014119
1032.38911652565,0.01604,0.014168
1032.4430429935455,0.015973,0.014113
1032.4938781261444,0.022267,0.014117
1032.542753458023,0.02528,0.013971
1032.593837738037,0.02824,0.014
1032.6422564983368,0.031413,0.014066
1032.6921577453613,0.034427,0.014163
1032.742024421692,0.037413,0.014085
1032.7979927062988,0.037573,0.014109
1032.8470594882965,0.043613,0.014176
1032.897088766098,0.04632,0.014143
1032.9450614452362,0.049227,0.014167
1032.994211435318,0.052133,0.014189
1033.0482563972473,0.052253,0.014118
1033.0985834598541,0.05524,0.014097
1033.1529874801636,0.058027,0.01421
1033.2014141082764,0.06048,0.014209
1033.252522468567,0.06644,0.014183
1033.2989690303802,0.069027,0.014071
1033.3511409759521,0.071867,0.014194
1033.4023885726929,0.074813,0.014241
1033.4522614479065,0.0748,0.014165
1033.5039162635803,0.077507,0.014106
1033.553851366043,0.080347,0.014295
1033.605623960495,0.085827,0.014058
1033.654547214508,0.08864,0.014088
1033.7060408592224,0.091227,0.014092
1033.754653453827,0.091253,0.014113
1033.805687904358,0.09324,0.0142
1033.856692790985,0.09444,0.014193
1033.905750989914,0.09576,0.013981
1033.958058834076,0.097213,0.013892
1034.0052859783173,0.09844,0.013963
1034.0564787387848,0.099707,0.013931
1034.1130106449127,0.10119,0.013918
1034.1599700450897,0.10228,0.013782
1034.2136042118073,0.10353,0.01382
1034.261843919754,0.10479,0.013942
1034.3087179660797,0.10597,0.013755
1034.3661890029907,0.10716,0.013812
1034.4152824878693,0.10848,0.013783
1034.462699174881,0.1098,0.013773
1034.5168390274048,0.11217,0.013727
1034.5689051151276,0.11243,0.013749
1034.6212973594666,0.11344,0.01382
1034.6718382835388,0.11469,0.01376
1034.723655462265,0.11608,0.013775
1034.7737040519714,0.11713,0.013816
1034.8226709365845,0.11841,0.013825
1034.8716342449188,0.12079,0.013776
1034.9199030399323,0.12081,0.013758
1034.9747154712677,0.12204,0.013778
1035.0232837200165,0.12328,0.013809
1035.072190284729,0.12433,0.013812
1035.122432231903,0.12561,0.013884
1035.174471616745,0.12671,0.013737
1035.221441745758,0.12808,0.013861
1035.273107290268,0.12929,0.013914
1035.3221428394318,0.13036,0.013933
1035.3767716884613,0.13136,0.014151
1035.4262075424194,0.13272,0.014089
1035.4790480136871,0.13363,0.014224
1035.527821779251,0.13499,0.013997
1035.579701423645,0.13595,0.014139
1035.6299817562103,0.1372,0.014038
1035.6775534152985,0.13736,0.014258
1035.729486465454,0.14044,0.014135
1035.7827732563019,0.14081,0.014285
1035.828426361084,0.14157,0.014108
1035.8821909427643,0.14288,0.014453
1035.9366402626038,0.14411,0.014289
1035.983208656311,0.14533,0.014261
1036.0337781906128,0.14523,0.01436
1036.0870447158813,0.14744,0.014318
1036.134357213974,0.14867,0.014113
1036.190288066864,0.14953,0.014178
1036.2379393577576,0.15071,0.014202
1036.2863063812256,0.15179,0.014139
1036.3432521820068,0.15183,0.014258
1036.3918755054474,0.154,0.014202
1036.4399590492249,0.15515,0.014167
1036.4918358325958,0.15633,0.014338
1036.5453958511353,0.15744,0.01411
1036.5931468009949,0.15836,0.014345
1036.64444565773,0.15964,0.013972
1036.6941249370575,0.1606,0.01404
1036.7455565929413,0.16187,0.014078
1036.7950356006622,0.16276,0.013968
1036.8454608917236,0.16392,0.013971
1036.8966135978699,0.16492,0.013955
1036.9499456882477,0.16612,0.01392
1036.9995782375336,0.16737,0.0139
1037.0486493110657,0.16813,0.013797
1037.1012234687805,0.16811,0.013927
1037.1518824100494,0.17036,0.013932
1037.2004752159119,0.17128,0.014103
1037.249410867691,0.17248,0.013949
1037.3015706539154,0.17361,0.013803
1037.3537895679474,0.17375,0.013775
1037.4067513942719,0.17571,0.013691
1037.4547684192657,0.17667,0.013722
1037.5050249099731,0.17776,0.013739
1037.554724931717,0.17893,0.013693
1037.6035013198853,0.17885,0.01379
1037.6565673351288,0.17983,0.013629
1037.7066164016724,0.182,0.013753
1037.7551658153534,0.18197,0.013911
1037.8053925037384,0.18419,0.01381
1037.8589389324188,0.18517,0.013993
1037.9099252223969,0.18527,0.013999
1037.957753419876,0.18635,0.013969
1038.0112805366516,0.18723,0.013959
1038.0602116584778,0.18932,0.013993
1038.1116545200348,0.19028,0.013994
1038.1600079536438,0.19143,0.013993
1038.2117581367493,0.19233,0.013941
1038.2599000930786,0.19259,0.014003
1038.3124713897705,0.19309,0.014047
1038.3599393367767,0.19453,0.014056
1038.4105477333069,0.19657,0.014089
1038.4628193378448,0.19764,0.014147
1038.5131621360779,0.19768,0.014149
1038.5642626285553,0.19861,0.014027
1038.6146116256714,0.19959,0.014081
1038.6651351451874,0.2008,0.014007
1038.7111537456512,0.20159,0.013955
1038.76300907135,0.20384,0.014146
1038.8155081272125,0.20372,0.014142
1038.8650658130646,0.2048,0.014161
1038.9136576652527,0.20581,0.014102
1038.9649007320404,0.20701,0.014116
1039.013127565384,0.20791,0.014161
1039.0668699741364,0.20889,0.014197
1039.117841720581,0.20993,0.014281
1039.1674675941467,0.21096,0.014299
1039.217583656311,0.21205,0.014238
1039.2679255008698,0.21292,0.01419
1039.3196511268616,0.21511,0.014181
1039.3732497692108,0.21516,0.014257
1039.4223229885101,0.216,0.014266
1039.4709067344666,0.21697,0.014279
1039.5235311985016,0.21792,0.014155
1039.5739390850067,0.21911,0.014156
1039.6269397735596,0.21999,0.014074
1039.673763036728,0.22127,0.014104
1039.7234966754913,0.22207,0.014195
1039.7758774757385,0.22229,0.014169
1039.8251616954803,0.22427,0.014026
1039.8852763175964,0.22508,0.014092
1039.9394705295563,0.226,0.014045
1039.9855523109436,0.22712,0.01402
1040.041710138321,0.22716,0.013904
1040.0899152755737,0.22913,0.013943
1040.142020225525,0.2302,0.013921
1040.1888422966003,0.23091,0.013712
1040.2407546043396,0.23195,0.013782
1040.2921242713928,0.23312,0.013422
1040.3411769866943,0.23432,0.013919
1040.3939485549927,0.23512,0.013752
1040.4425601959229,0.23612,0.013765
1040.4936213493347,0.23696,0.013933
1040.5433430671692,0.23819,0.013901
1040.595142841339,0.23904,0.013866
1040.645009279251,0.23915,0.013996
1040.7014153003693,0.24105,0.013976
1040.7484591007233,0.2422,0.013957
1040.805137872696,0.24303,0.014098
1040.8567190170288,0.2442,0.013974
1040.9052023887634,0.24508,0.013923
1040.955879688263,0.2462,0.014008
1041.0073392391205,0.24725,0.014009
1041.0580179691315,0.24905,0.014021
1041.1065335273743,0.24899,0.014055
1041.1568686962128,0.24999,0.014086
1041.2062389850616,0.25105,0.013912
1041.2562034130096,0.25208,0.014082
1041.3041336536407,0.25308,0.014074
1041.3582081794739,0.25399,0.014128
1041.4076788425446,0.25505,0.014079
1041.4566280841827,0.25611,0.014075
1041.5100309848785,0.25712,0.014177
1041.56090259552,0.25787,0.013979
1041.6113789081573,0.259,0.013988
1041.658135175705,0.25888,0.014172
1041.7135462760925,0.25989,0.01415
1041.761566400528,0.26208,0.014247
1041.8102810382843,0.26291,0.014165
1041.8655197620392,0.26399,0.014156
1041.9190564155579,0.26495,0.014215
1041.967009305954,0.26575,0.014143
1042.013209104538,0.26597,0.014174
1042.0667650699615,0.26707,0.014127
1042.1177186965942,0.26803,0.014151
1042.1700353622437,0.26991,0.014198
1042.2195479869843,0.27077,0.014175
1042.271776676178,0.27204,0.014461
1042.3218038082123,0.27193,0.014137
1042.3683760166168,0.27297,0.014337
1042.4274611473083,0.27492,0.014336
1042.4750814437866,0.2758,0.014217
1042.5264365673065,0.27677,0.014272
1042.577256679535,0.27701,0.014006
1042.6292066574097,0.27819,0.014221
1042.6784057617188,0.27892,0.014171
1042.7352330684662,0.27984,0.014225
1042.7832193374634,0.28193,0.013993
1042.833544254303,0.28281,0.014048
1042.8837938308716,0.28379,0.014078
1042.9344761371613,0.28367,0.014069
1042.9842920303345,0.28579,0.014026
1043.0323207378387,0.28581,0.013991
1043.0819432735443,0.2866,0.014028
1043.1346461772919,0.28767,0.013979
1043.184761762619,0.28871,0.013988
1043.2357273101807,0.29067,0.014056
1043.2826538085938,0.29079,0.014015
1043.3394179344177,0.29249,0.014331
1043.3848819732666,0.29257,0.014012
1043.4366269111633,0.2936,0.014011
1043.488493680954,0.29471,0.014179
1043.5440945625305,0.29575,0.014108
1043.59046459198,0.2976,0.014093
1043.641297340393,0.29841,0.014132
1043.6952061653137,0.29876,0.014096
1043.7438356876373,0.010893,0.013885
1043.7949068546295,0.01276,0.013987
1043.844884634018,0.015573,0.014126
1043.8946471214294,0.018467,0.014089
1043.943989276886,0.018453,0.014147
1043.996003627777,0.027973,0.014102
1044.0447618961334,0.02772,0.014065
1044.095382452011,0.031067,0.014045
1044.1448242664337,0.03396,0.014043
1044.1956915855408,0.0368,0.014193
1044.2488775253296,0.039973,0.014225
1044.297195672989,0.040053,0.014196
1044.3450269699097,0.045773,0.014045
1044.3961288928986,0.048693,0.014211
1044.4489941596985,0.051933,0.014056
1044.4990224838257,0.054507,0.014187
1044.5464816093445,0.057467,0.014179
1044.5951776504517,0.060373,0.014125
1044.6455454826355,0.06312,0.014184
1044.699429988861,0.065907,0.014259
1044.7470049858093,0.068747,0.014268
1044.802981376648,0.071493,0.014195
1044.8540778160095,0.074413,0.014195
1044.9006397724152,0.077173,0.01418
1044.9544162750244,0.07984,0.014161
1045.00572347641,0.082613,0.014077
1045.0632503032684,0.085507,0.014101
1045.1144018173218,0.088173,0.014092
1045.166344165802,0.090547,0.014068
1045.2129781246185,0.092907,0.01403
1045.264437675476,0.09428,0.014082
1045.3158130645752,0.095933,0.014045
1045.3661000728607,0.097053,0.014027
1045.4161400794983,0.098467,0.014057
1045.4653236865997,0.099493,0.013923
1045.518206834793,0.10076,0.01395
1045.5656135082245,0.10203,0.013855
1045.6145927906036,0.10319,0.013849
1045.6692395210266,0.10453,0.013871
1045.7160594463348,0.10596,0.013783
1045.7719786167145,0.10592,0.013868
1045.8200874328613,0.10837,0.013907
1045.8721981048584,0.10845,0.013775
1045.9226655960083,0.10976,0.013814
1045.97323012352,0.11209,0.013998
1046.0221214294434,0.11339,0.013573
1046.0700500011444,0.11469,0.013861
1046.1210448741913,0.11581,0.013746
1046.1706125736237,0.11687,0.013848
1046.2230432033539,0.11708,0.013747
1046.2714879512787,0.11829,0.013905
1046.3259360790253,0.12069,0.013855
1046.3744132518768,0.12176,0.013943
1046.422907114029,0.12301,0.013981
1046.4802734851837,0.12311,0.013951
1046.5299377441406,0.12409,0.013794
1046.5779328346252,0.12648,0.01393
1046.6322968006134,0.12781,0.014058
1046.682485818863,0.12903,0.014015
1046.7291913032532,0.12888,0.014049
1046.7830908298492,0.13005,0.014019
1046.8313510417938,0.13125,0.014035
1046.878975391388,0.13357,0.014015
1046.9325156211853,0.13505,0.013987
1046.9820930957794,0.13505,0.014084
1047.0312948226929,0.13588,0.014162
1047.0816152095795,0.13716,0.014187
1047.133742570877,0.13827,0.01406
1047.184547662735,0.13936,0.014076
1047.2418451309204,0.14152,0.014013
1047.2888510227203,0.14264,0.014207
1047.3417494297028,0.14283,0.014045
1047.3937208652496,0.14501,0.014043
1047.4392879009247,0.1452,0.014044
1047.493994474411,0.14635,0.014044
1047.5387194156647,0.14732,0.01408
1047.5941309928894,0.14825,0.014092
1047.646889925003,0.14957,0.014147
1047.6948053836823,0.15063,0.014136
1047.7481350898743,0.15183,0.014159
1047.794942855835,0.15371,0.013786
1047.8469800949097,0.15411,0.014157
1047.8982892036438,0.15496,0.014318
1047.947100162506,0.15611,0.014019
1047.9969651699066,0.15723,0.014204
1048.0454804897308,0.15832,0.014063
1048.096678495407,0.16071,0.014185
1048.1468844413757,0.16053,0.014119
1048.1970853805542,0.16185,0.014088
1048.2487709522247,0.1628,0.014118
1048.2958674430847,0.1638,0.014028
1048.3495149612427,0.16596,0.013986
1048.4012732505798,0.16605,0.013955
1048.4477367401123,0.16705,0.01396
1048.500596523285,0.16816,0.01377
1048.5505771636963,0.16901,0.013812
1048.5992069244385,0.17028,0.01373
1048.6531131267548,0.17123,0.013853
1048.6986117362976,0.17221,0.013881
1048.7541978359222,0.17329,0.013742
1048.8024938106537,0.17445,0.013761
1048.851253271103,0.1746,0.013816
1048.9022552967072,0.17663,0.013848
1048.9548966884613,0.17764,0.0138
1049.0046303272247,0.17875,0.013822
1049.0536470413208,0.17968,0.013841
1049.1056804656982,0.18089,0.013818
1049.153724193573,0.18175,0.013856
1049.2051694393158,0.18289,0.013826
1049.258829832077,0.18381,0.013963
1049.3042199611664,0.18509,0.013924
1049.3551692962646,0.18607,0.01381
1049.4061465263367,0.18691,0.013978
1049.4585783481598,0.18821,0.013911
1049.5105669498444,0.18917,0.013932
1049.5563838481903,0.18999,0.014048
1049.6093428134918,0.19019,0.014042
1049.6627659797668,0.19117,0.014187
1049.710859298706,0.19223,0.014051
1049.7606191635132,0.19327,0.014083
1049.810581445694,0.19551,0.014052
1049.861347913742,0.19639,0.014206
1049.913737297058,0.19752,0.014151
1049.964471578598,0.19848,0.014195
1050.0150003433228,0.1996,0.014048
1050.0632362365723,0.19979,0.013981
1050.1124262809753,0.2006,0.014088
1050.164447069168,0.20153,0.014103
1050.2129402160645,0.20261,0.014165
1050.2635061740875,0.2038,0.014056
1050.314509153366,0.20471,0.014048
1050.3620705604553,0.20681,0.014117
1050.411866903305,0.20779,0.014061
1050.4631259441376,0.20876,0.014161
1050.512305021286,0.20953,0.014214
1050.5651364326477,0.20976,0.014205
1050.6154096126556,0.21075,0.014251
1050.6620004177094,0.21187,0.014095
1050.7151832580566,0.21276,0.014076
1050.7657244205475,0.21384,0.014093
1050.8160092830658,0.21584,0.014117
1050.864670753479,0.21585,0.014191
1050.9168934822083,0.21704,0.014162
1050.9661555290222,0.21788,0.014131
1051.0206952095032,0.21897,0.01415
1051.071980714798,0.22001,0.014087
1051.12034201622,0.22088,0.014197
1051.1708970069885,0.22293,0.014153
1051.2234077453613,0.22291,0.014068
1051.2720956802368,0.22388,0.01383
1051.3202776908875,0.22501,0.013979
1051.378990650177,0.22607,0.013919
1051.4290659427643,0.22805,0.014021
1051.4776005744934,0.22811,0.014069
1051.5250577926636,0.22911,0.014004
1051.5806422233582,0.23012,0.013764
1051.6267037391663,0.23076,0.013886
1051.6774277687073,0.23163,0.013883
1051.731056690216,0.23193,0.013823
1051.7792701721191,0.23412,0.013766
1051.8309180736542,0.23503,0.013994
1051.883665561676,0.23608,0.013919
1051.9348833560944,0.23704,0.01394
1051.9824705123901,0.23791,0.013927
1052.0336797237396,0.23916,0.013971
1052.0849385261536,0.23984,0.013868
1052.136719942093,0.24091,0.013918
1052.1846935749054,0.24193,0.013976
1052.2356650829315,0.24305,0.013981
1052.2864940166473,0.24407,0.013896
1052.3367710113525,0.24505,0.014268
1052.3891470432281,0.24609,0.014187
1052.4391586780548,0.24697,0.014237
1052.486658334732,0.24777,0.014071
1052.537299156189,0.24799,0.014185
1052.585497379303,0.24988,0.0141
1052.6356647014618,0.25107,0.014034
1052.6900146007538,0.25199,0.01412
1052.739512681961,0.25285,0.014151
1052.7892847061157,0.25393,0.014125
1052.8390867710114,0.25484,0.014029
1052.8918507099152,0.25597,0.014067
1052.9408159255981,0.25596,0.014132
1052.9966115951538,0.25692,0.014181
1053.0453655719757,0.25788,0.014094
1053.0974249839783,0.25992,0.014071
1053.146001815796,0.26085,0.014185
1053.1989884376526,0.26192,0.01412
1053.2501323223114,0.26196,0.01411
1053.3009912967682,0.26377,0.014116
1053.3520030975342,0.26376,0.014119
1053.4004452228546,0.26575,0.014077
1053.449209690094,0.26673,0.014163
1053.5011684894562,0.26688,0.014189
1053.5513784885406,0.26881,0.014222
1053.6048769950867,0.26893,0.014209
1053.653163433075,0.26971,0.014155
1053.7039210796356,0.27056,0.014216
1053.7522466182709,0.27184,0.014254
1053.803633928299,0.27361,0.014242
1053.8525846004486,0.27379,0.014193
1053.9065563678741,0.27475,0.014285
1053.9546501636505,0.27593,0.014214
1054.0051498413086,0.27685,0.014201
1054.0553731918335,0.27769,0.014144
1054.1081328392029,0.27967,0.014238
1054.1562974452972,0.28059,0.014134
1054.2100098133087,0.28179,0.014177
1054.257673740387,0.28275,0.014205
1054.3092029094696,0.28268,0.014056
1054.3628287315369,0.2838,0.014011
1054.4087245464325,0.28459,0.014168
1054.4612724781036,0.28573,0.014056
1054.5144486427307,0.28773,0.014116
1054.5682046413422,0.28856,0.014118
1054.6179504394531,0.28951,0.014002
1054.6692378520966,0.28964,0.01439
1054.7203147411346,0.29052,0.014154
1054.7702538967133,0.29155,0.014091
1054.819673538208,0.29335,0.014308
1054.87322640419,0.29457,0.014171
1054.9191381931305,0.29443,0.014117
1054.9736061096191,0.29657,0.014228
1055.0223348140717,0.29639,0.014106
1055.071988582611,0.29752,0.014166
1055.1252801418304,0.29831,0.014111
1055.1723556518555,0.011613,0.014055
1055.224318742752,0.013293,0.014105
1055.2745687961578,0.014933,0.014264
1055.3287785053253,0.018093,0.014147
1055.378473520279,0.021053,0.014159
1055.4279265403748,0.02412,0.014222
1055.479723930359,0.027187,0.013999
1055.5267074108124,0.030333,0.014226
1055.5768566131592,0.03032,0.014109
1055.628549337387,0.03648,0.01394
1055.6776700019836,0.042267,0.01415
1055.72820687294,0.042333,0.014102
1055.7755415439606,0.045453,0.014011
1055.8291549682617,0.04824,0.014111
1055.878720998764,0.054067,0.014064
1055.9335441589355,0.053907,0.014151
1055.9825503826141,0.05708,0.01412
1056.032256603241,0.059853,0.014141
1056.0823304653168,0.062707,0.014087
1056.1327409744263,0.06548,0.014225
1056.1826293468475,0.06836,0.014169
1056.229739665985,0.071133,0.014053
1056.288554906845,0.074,0.013951
1056.3435456752777,0.076747,0.014231
1056.3901829719543,0.07952,0.014122
1056.444569826126,0.082147,0.014108
1056.493592262268,0.084973,0.014051
1056.543041229248,0.087693,0.014103
1056.5993473529816,0.090267,0.014066
1056.647310256958,0.092627,0.014072
1056.7003102302551,0.094107,0.014121
1056.7502839565277,0.095333,0.014081
1056.8019502162933,0.0968,0.014022
1056.8506586551666,0.098027,0.013917
1056.902134180069,0.098067,0.014027
1056.950335264206,0.10077,0.013979
1057.0022699832916,0.10188,0.013906
1057.0528666973114,0.10319,0.014018
1057.1066553592682,0.10449,0.013928
1057.1555938720703,0.10449,0.013898
1057.2045657634735,0.10573,0.013972
1057.2551355361938,0.10828,0.013905
1057.3059902191162,0.10953,0.013851
1057.35551071167,0.11071,0.013789
1057.4051892757416,0.11203,0.013865
1057.4555733203888,0.1134,0.013954
1057.5090854167938,0.11437,0.013942
1057.556747674942,0.11559,0.013829
1057.611531496048,0.11679,0.013978
1057.6610698699951,0.11671,0.013909
1057.7129862308502,0.11919,0.013945
1057.7619054317474,0.1192,0.013993
1057.8186078071594,0.12172,0.014061
1057.868583202362,0.12276,0.013896
1057.918683052063,0.12405,0.013956
1057.9677376747131,0.12523,0.014061
1058.0163736343384,0.12639,0.014018
1058.0713591575623,0.12651,0.014071
1058.1190009117126,0.12757,0.014072
1058.1683070659637,0.12979,0.014026
1058.2192070484161,0.1312,0.013935
1058.2698104381561,0.13221,0.014056
1058.3225677013397,0.13249,0.014099
1058.3713173866272,0.13365,0.014031
1058.4219579696655,0.13445,0.014141
1058.4708976745605,0.13693,0.014093
1058.5210990905762,0.13796,0.014159
1058.570217370987,0.13773,0.014179
1058.6225156784058,0.13911,0.014064
1058.6720418930054,0.14135,0.014001
1058.721261024475,0.14267,0.014176
1058.7780759334564,0.14241,0.014104
1058.8239707946777,0.14496,0.014143
1058.8812730312347,0.14484,0.014073
1058.9323632717133,0.14591,0.014098
1058.9774634838104,0.14832,0.014137
1059.0315763950348,0.14835,0.014197
1059.0801157951355,0.15039,0.014084
1059.1322858333588,0.15061,0.014142
1059.1808278560638,0.15167,0.014151
1059.2334005832672,0.15272,0.014203
1059.2842926979065,0.15385,0.014146
1059.3348593711853,0.15605,0.014126
1059.3849606513977,0.15704,0.014084
1059.4339005947113,0.15701,0.014084
1059.4838254451752,0.15833,0.014231
1059.5370693206787,0.15937,0.014092
1059.585128545761,0.16049,0.014221
1059.6370494365692,0.16148,0.01406
1059.6878170967102,0.16175,0.01416
1059.7428963184357,0.16375,0.014029
1059.7931756973267,0.16497,0.013995
1059.843724489212,0.16544,0.014076
1059.8909332752228,0.16693,0.013826
1059.9425938129425,0.16785,0.01398
1059.9938561916351,0.17009,0.013981
1060.0439713001251,0.17005,0.014059
1060.0933182239532,0.1712,0.01386
1060.1437797546387,0.17223,0.013929
1060.1932246685028,0.17413,0.013865
1060.2451963424683,0.17435,0.013821
1060.2960681915283,0.17529,0.013869
1060.347548007965,0.17655,0.013724
1060.3961222171783,0.17767,0.013966
1060.446726322174,0.17865,0.013911
1060.4963538646698,0.17876,0.013911
1060.5465052127838,0.18073,0.013891
1060.601360321045,0.18184,0.013932
1060.6501731872559,0.1828,0.014116
1060.6999716758728,0.18387,0.013919
1060.750455379486,0.18481,0.014048
1060.8019304275513,0.18607,0.014041
1060.8526992797852,0.18601,0.014071
1060.9005734920502,0.18711,0.013945
1060.9548723697662,0.18917,0.014085
1061.0003626346588,0.19017,0.014194
1061.055849313736,0.19109,0.014108
1061.1042129993439,0.19223,0.014025
1061.15695977211,0.19335,0.014012
1061.2074055671692,0.19437,0.014016
1061.2533423900604,0.1954,0.014163
1061.3041813373566,0.19635,0.014188
1061.3585629463196,0.19735,0.014141
1061.404760837555,0.1984,0.01411
1061.457188129425,0.19935,0.014039
1061.5078830718994,0.2004,0.014066
1061.5593938827515,0.20151,0.01405
1061.6124799251556,0.20257,0.013932
1061.6615960597992,0.20332,0.01413
1061.7092776298523,0.2046,0.014109
1061.761752128601,0.20468,0.014154
1061.8126418590546,0.20564,0.014113
1061.8644797801971,0.20664,0.014227
1061.910860300064,0.20771,0.014045
1061.965938091278,0.20965,0.01424
1062.0141015052795,0.2108,0.014215
1062.0625343322754,0.21177,0.014178
1062.119240283966,0.21175,0.014161
1062.1709532737732,0.21371,0.014338
1062.220178604126,0.21392,0.014246
1062.271087884903,0.21493,0.014059
1062.3209116458893,0.21677,0.014142
1062.3723373413086,0.21748,0.0141
1062.4192605018616,0.21855,0.0142
1062.4737477302551,0.21867,0.014316
1062.5248754024506,0.21983,0.014045
1062.575719833374,0.22096,0.014197
1062.6265280246735,0.22193,0.014329
1062.6725416183472,0.22275,0.014041
1062.7224612236023,0.22467,0.014071
1062.78125333786,0.22591,0.013976
1062.8281121253967,0.22585,0.014053
1062.879595041275,0.22784,0.013967
1062.9313342571259,0.22811,0.013963
1062.9794337749481,0.22893,0.013934
1063.0332095623016,0.23091,0.014054
1063.0885119438171,0.23189,0.013877
1063.1374311447144,0.2328,0.013903
1063.1918451786041,0.23293,0.013802
1063.2423675060272,0.23387,0.013893
1063.2877264022827,0.23572,0.013801
1063.340933084488,0.23591,0.013955
1063.3923118114471,0.23696,0.014042
1063.4430713653564,0.23793,0.014097
1063.4945211410522,0.23968,0.014041
1063.5439500808716,0.2408,0.013965
1063.5943145751953,0.24073,0.013983
1063.6455059051514,0.24177,0.014033
1063.6962230205536,0.24283,0.013979
1063.7460641860962,0.24389,0.014021
1063.7999005317688,0.24476,0.014088
1063.8494517803192,0.24588,0.013971
1063.8964614868164,0.24773,0.0141
1063.9486336708069,0.24892,0.014079
1063.9996221065521,0.24975,0.014151
1064.0512397289276,0.24976,0.014241
1064.1017413139343,0.25079,0.014063
1064.1532707214355,0.25185,0.013907
1064.203500509262,0.25367,0.013926
1064.2542731761932,0.2538,0.013981
1064.3083119392395,0.25489,0.014081
1064.3578486442566,0.25589,0.01402
1064.4098818302155,0.25663,0.014082
1064.4600381851196,0.25771,0.014058
1064.5070810317993,0.25877,0.014026
1064.5619339942932,0.2608,0.014115
1064.6095023155212,0.26077,0.014192
1064.6586747169495,0.26184,0.014074
1064.7116758823395,0.26359,0.014107
1064.7615294456482,0.26469,0.014021
1064.81205868721,0.26473,0.014124
1064.8614795207977,0.26571,0.013962
1064.9118027687073,0.26684,0.014138
1064.9639093875885,0.26771,0.014066
1065.0150923728943,0.26856,0.014096
1065.0627355575562,0.27079,0.014045
1065.1153128147125,0.27168,0.014207
1065.1635694503784,0.27169,0.014183
1065.218106508255,0.27267,0.014144
1065.2660644054413,0.27359,0.014096
1065.3162169456482,0.27456,0.014197
1065.3733432292938,0.27552,0.014084
1065.4246096611023,0.27656,0.014259
1065.4759492874146,0.27764,0.014107
1065.5265872478485,0.27956,0.014179
1065.5769035816193,0.2796,0.014249
1065.6279842853546,0.28069,0.014129
1065.6772649288177,0.28156,0.014163
1065.7286849021912,0.2826,0.014152
1065.7786917686462,0.28343,0.014011
1065.824921131134,0.28424,0.013989
1065.8751819133759,0.28544,0.014056
1065.9268083572388,0.28655,0.014173
1065.97847366333,0.28745,0.014062
1066.0279667377472,0.28839,0.014049
1066.0820953845978,0.28949,0.013971
1066.130137681961,0.29035,0.014065
1066.178557395935,0.29143,0.013901
1066.2319390773773,0.29159,0.014217
1066.2832391262054,0.29339,0.014141
1066.331536769867,0.29421,0.013984
1066.3809661865234,0.29545,0.013998
1066.4329462051392,0.29617,0.014164
1066.4828317165375,0.29641,0.014145
1066.5323095321655,0.29715,0.014054
1066.585785150528,0.010347,0.014004
1066.6361150741577,0.01232,0.013993
1066.68621468544,0.01456,0.013998
1066.7350840568542,0.014613,0.014273
1066.7885251045227,0.02052,0.014225
1066.836139202118,0.023547,0.014139
1066.8877301216125,0.023667,0.014165
1066.9398610591888,0.026867,0.014251
1066.9865624904633,0.02976,0.014011
1067.0374488830566,0.035893,0.014182
1067.0900211334229,0.03892,0.014136
1067.140909910202,0.042013,0.014101
1067.193427324295,0.044947,0.014188
1067.2473652362823,0.04784,0.014103
1067.2940294742584,0.050773,0.014091
1067.3443088531494,0.053533,0.014099
1067.396935224533,0.056587,0.014161
1067.4483108520508,0.056547,0.01416
1067.4968092441559,0.059493,0.014091
1067.544894695282,0.062187,0.014207
1067.6007225513458,0.06524,0.014142
1067.6500492095947,0.070613,0.014193
1067.70046043396,0.073613,0.013981
1067.748235464096,0.076147,0.014108
1067.8003768920898,0.076227,0.014065
1067.8468527793884,0.078987,0.014105
1067.9000072479248,0.081667,0.014144
1067.9513576030731,0.087187,0.014026
1067.9991841316223,0.087187,0.014088
1068.052279472351,0.092493,0.014105
1068.1030008792877,0.092613,0.014086
1068.1535551548004,0.094053,0.014096
1068.2083189487457,0.095267,0.014048
1068.2555606365204,0.096627,0.014047
1068.309532880783,0.097907,0.014015
1068.362471818924,0.10041,0.014013
1068.4140131473541,0.10164,0.014028
1068.4628384113312,0.1018,0.014041
1068.5121858119965,0.10292,0.014035
1068.566112279892,0.10437,0.01399
1068.6153285503387,0.10556,0.013905
1068.6674990653992,0.10804,0.014042
1068.7145755290985,0.10919,0.01407
1068.764629125595,0.10925,0.014138
1068.8158102035522,0.11053,0.01395
1068.8683819770813,0.11187,0.013909
1068.9166779518127,0.11297,0.013851
1068.96826171875,0.11427,0.013973
1069.017353773117,0.11569,0.014031
1069.068484544754,0.11688,0.013927
1069.117577791214,0.11793,0.013902
1069.1699550151825,0.11916,0.013798
1069.21706533432,0.12039,0.013931
1069.2713911533356,0.12151,0.013993
1069.3193125724792,0.12263,0.014049
1069.3705885410309,0.12395,0.014051
1069.423691034317,0.12525,0.013966
1069.471215248108,0.12628,0.01397
1069.526053905487,0.12747,0.014021
1069.5745296478271,0.12859,0.014221
1069.6236259937286,0.12981,0.014085
1069.6765127182007,0.13113,0.01416
1069.7269027233124,0.13221,0.01423
1069.773909330368,0.13325,0.014125
1069.8241837024689,0.13423,0.014073
1069.8788192272186,0.13583,0.014108
1069.9286894798279,0.13668,0.014202
1069.9790887832642,0.13791,0.014103
1070.0275974273682,0.13911,0.014123
1070.0800950527191,0.14012,0.014145
1070.1272559165955,0.14145,0.014164
1070.1804921627045,0.14251,0.014298
1070.2304317951202,0.14336,0.014149
1070.2800924777985,0.14459,0.014229
1070.332270860672,0.14481,0.014139
1070.3863813877106,0.14583,0.01403
1070.4358458518982,0.14789,0.014109
1070.4825947284698,0.14933,0.013998
1070.533641576767,0.15036,0.014121
1070.5869929790497,0.15145,0.014145
1070.6387348175049,0.15143,0.014074
1070.6872253417969,0.15251,0.014094
1070.7424311637878,0.15361,0.014149
1070.7890677452087,0.15564,0.014153
1070.842562198639,0.15701,0.014225
1070.889280796051,0.15792,0.014116
1070.9399359226227,0.1592,0.014126
1071.0034713745117,0.16025,0.014094
1071.053371667862,0.16033,0.014027
1071.1026527881622,0.16227,0.014223
1071.1539416313171,0.16341,0.014021
1071.2031424045563,0.16461,0.014018
1071.257232427597,0.16557,0.013939
1071.3072729110718,0.16672,0.013976
1071.358808517456,0.16767,0.01404
1071.406741142273,0.16884,0.013991
1071.4575407505035,0.17,0.014002
1071.508929491043,0.17109,0.013889
1071.558316230774,0.17209,0.013926
1071.6088905334473,0.17296,0.014017
1071.6603190898895,0.17427,0.013968
1071.713464975357,0.1742,0.013953
1071.7621750831604,0.17647,0.013982
1071.809376001358,0.17653,0.013946
1071.866102695465,0.17723,0.013935
1071.912213563919,0.17965,0.013984
1071.9619426727295,0.18051,0.013905
1072.0144047737122,0.18161,0.013995
1072.0649354457855,0.18265,0.014124
1072.1183905601501,0.18288,0.014023
1072.170855998993,0.18388,0.013951
1072.2212002277374,0.18481,0.014083
1072.271677494049,0.18576,0.013985
1072.3239941596985,0.18792,0.013999
1072.3731362819672,0.18909,0.014039
1072.425139427185,0.19011,0.013907
1072.4708306789398,0.19012,0.014077
1072.5246300697327,0.19103,0.014062
1072.5765986442566,0.19204,0.014084
1072.6247067451477,0.19288,0.014067
1072.6774544715881,0.1954,0.014055
1072.7277462482452,0.19633,0.014158
1072.7768559455872,0.19731,0.014106
1072.8263263702393,0.1974,0.014024
1072.87775015831,0.19833,0.014163
1072.9285051822662,0.20041,0.01382
1072.978656053543,0.20037,0.013948
1073.0273442268372,0.20229,0.014113
1073.0791192054749,0.20243,0.014133
1073.1298828125,0.20456,0.014135
1073.1760792732239,0.20541,0.013951
1073.2271814346313,0.20561,0.013995
1073.2805693149567,0.20649,0.014064
1073.3295538425446,0.20745,0.014117
1073.3802886009216,0.2086,0.014012
1073.4318432807922,0.20977,0.01403
1073.4824006557465,0.21069,0.014115
1073.52929353714,0.21172,0.01393
1073.5821650028229,0.2128,0.014078
1073.6324791908264,0.21359,0.014025
1073.6812691688538,0.21463,0.014256
1073.7325258255005,0.21556,0.013929
1073.784469127655,0.21769,0.01413
1073.8331880569458,0.21759,0.014131
1073.885657787323,0.21879,0.014115
1073.9344310760498,0.21961,0.014184
1073.9858613014221,0.22171,0.014146
1074.0342736244202,0.22168,0.014176
1074.0874693393707,0.22277,0.014097
1074.13450217247,0.22376,0.013943
1074.1872851848602,0.22479,0.013955
1074.2359614372253,0.22577,0.014085
1074.287611246109,0.22576,0.014076
1074.3397471904755,0.22779,0.014014
1074.3870527744293,0.22869,0.013882
1074.4377546310425,0.22969,0.014055
1074.4905185699463,0.23085,0.013936
1074.541250705719,0.23169,0.014056
1074.588448524475,0.23276,0.013997
1074.6414325237274,0.23291,0.01414
1074.6907286643982,0.23384,0.014032
1074.74538397789,0.2358,0.014009
1074.792466878891,0.23668,0.013997
1074.8431417942047,0.23781,0.01399
1074.8964440822601,0.23868,0.014021
1074.9425666332245,0.23965,0.014143
1074.9944779872894,0.23969,0.01403
1075.0409688949585,0.24179,0.014202
1075.0930700302124,0.24281,0.01403
1075.1464931964874,0.24396,0.014098
1075.1981837749481,0.24468,0.014071
1075.2458472251892,0.24476,0.014045
1075.302237033844,0.24681,0.013917
1075.350870847702,0.24687,0.014207
1075.4074580669403,0.24857,0.01393
1075.457993030548,0.24967,0.014251
1075.5104296207428,0.25063,0.014164
1075.5604271888733,0.25152,0.014063
1075.6102874279022,0.25173,0.014044
1075.6612601280212,0.25264,0.013964
1075.7091536521912,0.25471,0.014005
1075.76158618927,0.25564,0.014094
1075.8110466003418,0.25676,0.014032
1075.8613994121552,0.25668,0.014003
1075.911450624466,0.25783,0.014024
1075.9633102416992,0.25875,0.014087
1076.0113439559937,0.25969,0.013933
1076.0627837181091,0.26167,0.013959
1076.1142754554749,0.26244,0.014114
1076.1640193462372,0.26356,0.014205
1076.2149362564087,0.26447,0.014214
1076.2645313739777,0.2646,0.013974
1076.318665266037,0.26557,0.014199
1076.3697483539581,0.26653,0.014074
1076.4150183200836,0.26839,0.014117
1076.4690589904785,0.26845,0.014152
1076.5187437534332,0.26952,0.014141
1076.5668413639069,0.27071,0.013967
1076.6193895339966,0.27136,0.014075
1076.6710078716278,0.27245,0.014005
1076.7197661399841,0.27443,0.014083
1076.7719535827637,0.27557,0.014091
1076.8237285614014,0.27549,0.014097
1076.87180352211,0.27651,0.014082
1076.921133518219,0.27848,0.014114
1076.9752640724182,0.27951,0.014153
1077.023063659668,0.28051,0.014163
1077.0711061954498,0.28043,0.014109
1077.1246893405914,0.28161,0.014069
1077.1722922325134,0.28247,0.013902
1077.2251353263855,0.28431,0.014452
1077.2754604816437,0.28547,0.014125
1077.326958656311,0.28573,0.014084
1077.3779320716858,0.28647,0.014033
1077.4330687522888,0.28737,0.014075
1077.4812002182007,0.28844,0.013948
1077.5319728851318,0.28935,0.014106
1077.5813195705414,0.29041,0.013976
1077.634199142456,0.29233,0.014149
1077.6834635734558,0.29243,0.014123
1077.7333872318268,0.29313,0.014179
1077.784455537796,0.29435,0.014072
1077.830093383789,0.29517,0.014141
1077.8840181827545,0.29633,0.014244
1077.9355716705322,0.29716,0.014114
1077.9862575531006,0.29741,0.014176
1078.0360128879547,0.01228,0.013989
1078.0891509056091,0.011667,0.014066
1078.134533405304,0.014013,0.01422
1078.1877653598785,0.017107,0.014159
1078.2404391765594,0.02008,0.014173
1078.2939507961273,0.023187,0.014183
1078.344875574112,0.02632,0.014158
1078.3915748596191,0.02948,0.014112
1078.443335056305,0.032467,0.014149
1078.4938073158264,0.038427,0.01419
1078.5410957336426,0.038533,0.014184
1078.5946304798126,0.04164,0.014156
1078.645733833313,0.044573,0.014218
1078.7010350227356,0.044747,0.014134
1078.749281167984,0.047667,0.014241
1078.800062417984,0.053293,0.014121
1078.8472473621368,0.056293,0.014137
1078.902412891388,0.05888,0.014275
1078.94881772995,0.061813,0.014085
1079.001605272293,0.062027,0.01428
1079.0533776283264,0.067627,0.014079
1079.1026396751404,0.070427,0.014145
1079.1558952331543,0.073173,0.01417
1079.204758644104,0.075853,0.014139
1079.2608661651611,0.07868,0.014196
1079.3097960948944,0.081307,0.014174
1079.3579001426697,0.08428,0.014159
1079.4086928367615,0.086947,0.014048
1079.4591388702393,0.089613,0.014196
1079.5111274719238,0.09232,0.014149
1079.5609109401703,0.092507,0.014095
1079.6139414310455,0.095133,0.014107
1079.6651513576508,0.095307,0.014095
1079.71457695961,0.097627,0.014093
1079.7646741867065,0.099147,0.014079
1079.8143424987793,0.10033,0.014068
1079.8642723560333,0.10172,0.014126
1079.917136669159,0.10288,0.013989
1079.9669213294983,0.10416,0.014158
1080.0149230957031,0.10413,0.013978
1080.0681488513947,0.10545,0.014067
1080.1161432266235,0.10787,0.01409
1080.1735527515411,0.10899,0.014025
1080.2221121788025,0.11028,0.013864
1080.27179312706,0.11163,0.013984
1080.3220970630646,0.11296,0.013996
1080.3721842765808,0.11301,0.014087
1080.4239904880524,0.11529,0.014041
1080.4746305942535,0.11645,0.014106
1080.523404598236,0.11769,0.01398
1080.5757992267609,0.11904,0.01411
1080.6252636909485,0.11901,0.014123
1080.6748275756836,0.12007,0.013921
1080.7280912399292,0.12164,0.014033
1080.7767441272736,0.12372,0.013991
1080.8279254436493,0.12489,0.014201
1080.8788223266602,0.12613,0.013987
1080.929484128952,0.1262,0.013919
1080.9792850017548,0.12736,0.013956
1081.0297000408173,0.1286,0.014167
1081.0850882530212,0.13095,0.014084
1081.133547782898,0.132,0.014117
1081.184097290039,0.13313,0.014099
1081.2362565994263,0.13317,0.014192
1081.2846879959106,0.13536,0.014153
1081.3364923000336,0.13663,0.014033
1081.3899750709534,0.13776,0.014057
1081.4399724006653,0.13781,0.014177
1081.4881236553192,0.13903,0.014076
1081.5352268218994,0.14109,0.014196
1081.5927696228027,0.14237,0.014123
1081.6419842243195,0.14239,0.014156
1081.6954326629639,0.14352,0.014179
1081.7463512420654,0.14459,0.014002
1081.7972264289856,0.14581,0.014071
1081.8438529968262,0.14689,0.014149
1081.8986158370972,0.14899,0.014159
1081.9485280513763,0.15017,0.01413
1081.9989185333252,0.15132,0.014217
1082.0496897697449,0.15131,0.014071
1082.0967185497284,0.15245,0.014141
1082.1460902690887,0.15349,0.014145
1082.1979031562805,0.15479,0.014113
1082.2481191158295,0.15675,0.014167
1082.3037784099579,0.15683,0.01412
1082.3556044101715,0.15788,0.014143
1082.403356552124,0.15899,0.014102
1082.4575033187866,0.16011,0.014175
1082.5050127506256,0.16125,0.014142
1082.5537497997284,0.1622,0.01411
1082.604947566986,0.16308,0.013979
1082.659526348114,0.16452,0.014106
1082.70623254776,0.16539,0.01413
1082.7565240859985,0.16651,0.014
1082.8106734752655,0.16768,0.014108
1082.8558723926544,0.16876,0.014021
1082.908077955246,0.16961,0.014058
1082.961183309555,0.17084,0.014022
1083.0102128982544,0.17197,0.013967
1083.0615663528442,0.17293,0.014014
1083.1099803447723,0.17412,0.013986
1083.1599476337433,0.175,0.013926
1083.2198739051819,0.17599,0.014069
1083.2690992355347,0.17832,0.013991
1083.319635629654,0.17923,0.013963
1083.3683412075043,0.17932,0.013972
1083.4208600521088,0.1804,0.014067
1083.4721553325653,0.18144,0.013994
1083.5209743976593,0.18228,0.014124
1083.5717170238495,0.18345,0.014093
1083.6188669204712,0.18453,0.014071
1083.6711838245392,0.18567,0.014073
1083.7241125106812,0.18672,0.014042
1083.774437904358,0.18759,0.014063
1083.8248779773712,0.18861,0.013981
1083.8742372989655,0.18964,0.014029
1083.9236521720886,0.19079,0.014086
1083.9746012687683,0.19093,0.014093
1084.027280330658,0.19288,0.014011
1084.0757031440735,0.19389,0.0139
1084.1277439594269,0.19495,0.0141
1084.17675614357,0.19601,0.014164
1084.2336595058441,0.19699,0.013932
1084.281989812851,0.19801,0.014211
1084.333550453186,0.19903,0.014068
1084.3808760643005,0.20012,0.014061
1084.4326877593994,0.20116,0.01407
1084.4845519065857,0.20208,0.01403
1084.5331375598907,0.20223,0.014147
1084.5848417282104,0.20316,0.0142
1084.6353068351746,0.20415,0.014133
1084.6846861839294,0.20629,0.014146
1084.7403557300568,0.20723,0.014065
1084.7961630821228,0.20828,0.014015
1084.8439617156982,0.20939,0.014086
1084.8971512317657,0.21048,0.014028
1084.945717573166,0.21032,0.014016
1084.9943161010742,0.21135,0.014113
1085.0479118824005,0.21343,0.014151
1085.0977170467377,0.2144,0.014117
1085.1500186920166,0.21543,0.014101
1085.2018258571625,0.21643,0.014178
1085.2522571086884,0.21748,0.014189
1085.3011727333069,0.21836,0.013995
1085.3531789779663,0.21957,0.014107
1085.401451587677,0.22044,0.014122
1085.4571619033813,0.22151,0.014083
1085.5060620307922,0.22248,0.014101
1085.554327249527,0.22333,0.014051
1085.606433391571,0.22341,0.013925
1085.6571426391602,0.22553,0.014152
1085.7100622653961,0.22556,0.014074
1085.7590322494507,0.22643,0.014109
1085.807362794876,0.22847,0.014163
1085.8641052246094,0.22944,0.013948
1085.9129695892334,0.2304,0.014085
1085.9688744544983,0.23075,0.014054
1086.021481513977,0.23245,0.013967
1086.0700285434723,0.23253,0.014041
1086.1221673488617,0.23455,0.014023
1086.1695296764374,0.2354,0.014104
1086.2222032546997,0.23641,0.014066
1086.2678997516632,0.23751,0.014005
1086.3249077796936,0.23749,0.013991
1086.3722250461578,0.23947,0.014083
1086.4258394241333,0.24048,0.014074
1086.4733934402466,0.24151,0.014191
1086.5232417583466,0.24249,0.013955
1086.5787453651428,0.24336,0.014161
1086.6275582313538,0.24356,0.013748
1086.6752634048462,0.24456,0.014107
1086.7286376953125,0.24544,0.0141
1086.7793500423431,0.24751,0.014188
1086.8330128192902,0.24869,0.014145
1086.883492231369,0.24941,0.013903
1086.9339544773102,0.24957,0.014182
1086.9863471984863,0.25149,0.01413
1087.0384514331818,0.25148,0.014055
1087.086299419403,0.25335,0.014208
1087.1383638381958,0.25435,0.013968
1087.186152458191,0.25535,0.014068
1087.2397284507751,0.25645,0.014097
1087.2896955013275,0.25741,0.013971
1087.3394980430603,0.25745,0.0142
1087.3902995586395,0.25841,0.014142
1087.4415941238403,0.26031,0.014139
1087.4883234500885,0.26131,0.013959
1087.5452065467834,0.26136,0.014251
1087.5938827991486,0.26233,0.014196
1087.645988225937,0.26424,0.014196
1087.692899942398,0.26451,0.014155
1087.7459735870361,0.26621,0.014195
1087.7951295375824,0.26727,0.014153
1087.8467423915863,0.26745,0.01411
1087.898838043213,0.26829,0.014163
1087.946303844452,0.26948,0.014179
1087.9993026256561,0.27025,0.014129
1088.0501177310944,0.27141,0.014199
1088.098205089569,0.27328,0.014196
1088.1504778862,0.27425,0.01406
1088.1984241008759,0.27523,0.01412
1088.249695777893,0.27636,0.014225
1088.3005950450897,0.27623,0.014194
1088.3556880950928,0.27736,0.014103
1088.404569387436,0.27827,0.014171
1088.4561767578125,0.27929,0.014175
1088.502760887146,0.28041,0.014192
1088.5556650161743,0.28131,0.014081
1088.605108499527,0.2822,0.01415
1088.6563653945923,0.28429,0.013995
1088.707623720169,0.28419,0.014111
1088.7574319839478,0.28503,0.014081
1088.8056070804596,0.28604,0.014063
1088.857650756836,0.28713,0.014118
1088.9083726406097,0.28817,0.014053
1088.9593765735626,0.28896,0.014054
1089.0116724967957,0.29024,0.014263
1089.0622806549072,0.29107,0.014161
1089.111721277237,0.29207,0.014165
1089.1646854877472,0.29285,0.014137
1089.216724872589,0.29405,0.014077
1089.264800786972,0.29616,0.014153
1089.3145327568054,0.29597,0.014161
1089.3674745559692,0.29711,0.014113
1089.420418024063,0.29789,0.014101
1089.4666664600372,0.0094667,0.014185
1089.518699645996,0.010947,0.014103
1089.5729866027832,0.013587,0.014152
1089.6201946735382,0.01652,0.014125
1089.6682024002075,0.01952,0.014061
1089.7205920219421,0.022827,0.014177
1089.7748370170593,0.0256,0.01418
1089.8226907253265,0.028867,0.014195
1089.8786673545837,0.031907,0.014225
1089.9289810657501,0.03484,0.014194
1089.9800140857697,0.037987,0.013936
1090.0258729457855,0.04088,0.014357
1090.077980041504,0.041187,0.014133
1090.1299333572388,0.046747,0.014118
1090.180915594101,0.0498,0.014205
1090.2305166721344,0.052667,0.014166
1090.2816677093506,0.055413,0.014194
1090.3344581127167,0.055627,0.013947
1090.390861272812,0.06412,0.014228
1090.4397740364075,0.06416,0.014205
1090.4898087978363,0.067067,0.014084
1090.5438520908356,0.069693,0.014173
1090.5909724235535,0.072573,0.014053
1090.6430134773254,0.075493,0.01418
1090.6908700466156,0.075493,0.014174
1090.7457718849182,0.080867,0.014206
1090.7928042411804,0.08388,0.014023
1090.8435530662537,0.08632,0.014151
1090.8945393562317,0.088973,0.014187
1090.9436647891998,0.091733,0.014163
1090.995300769806,0.093333,0.014202
1091.0426290035248,0.094747,0.014209
1091.097939491272,0.09472,0.014126
1091.1484293937683,0.097573,0.014151
1091.1995520591736,0.09884,0.014256
1091.2479758262634,0.10011,0.014024
1091.2990612983704,0.10125,0.014031
1091.349555015564,0.10256,0.013963
1091.3995428085327,0.10269,0.013996
1091.4542207717896,0.10393,0.014216
1091.4990458488464,0.10632,0.014035
1091.557112455368,0.10751,0.01412
1091.6049761772156,0.10873,0.014101
1091.657086610794,0.11007,0.013965
1091.7066295146942,0.11129,0.014108
1091.7574548721313,0.11129,0.014029
1091.8064465522766,0.11276,0.014
1091.8564341068268,0.11377,0.01409
1091.907696723938,0.11629,0.014083
1091.9616944789886,0.11749,0.014171
1092.015103340149,0.11871,0.014111
1092.063138961792,0.11981,0.013979
1092.1132957935333,0.12107,0.013966
1092.1630079746246,0.12116,0.014106
1092.2157218456268,0.12233,0.014123
1092.2631170749664,0.12353,0.014168
1092.3129668235779,0.12591,0.014035
1092.3709120750427,0.12717,0.014127
1092.4186413288116,0.12815,0.014141
1092.470668554306,0.1294,0.01411
1092.5182528495789,0.12939,0.014169
1092.571435213089,0.13159,0.014128
1092.6194787025452,0.13192,0.014081
1092.670958518982,0.13409,0.014043
1092.7230713367462,0.1342,0.014218
1092.7733488082886,0.1352,0.014091
1092.829068183899,0.13647,0.014172
1092.877816915512,0.13753,0.014068
1092.9297761917114,0.13867,0.014215
1092.9750287532806,0.14091,0.014147
1093.0298743247986,0.14217,0.014205
1093.0808250904083,0.14311,0.014089
1093.1331989765167,0.14345,0.014171
1093.182291507721,0.1444,0.014089
1093.2347424030304,0.14572,0.014276
1093.2861397266388,0.1466,0.014204
1093.332997560501,0.1478,0.014237
1093.3835108280182,0.1498,0.014251
1093.4378538131714,0.15005,0.014182
1093.4849441051483,0.15099,0.014068
1093.5376715660095,0.1522,0.01415
1093.5891780853271,0.15331,0.014153
1093.638221025467,0.1544,0.014144
1093.6886534690857,0.15657,0.014132
1093.74005651474,0.15773,0.014238
1093.792194366455,0.15881,0.014194
1093.8389058113098,0.15888,0.014057
1093.8916630744934,0.15979,0.01405
1093.940987586975,0.16091,0.014165
1093.9933879375458,0.16219,0.014083
1094.040907382965,0.16316,0.014168
1094.0927505493164,0.16445,0.014106
1094.1418886184692,0.16532,0.014402
1094.1933603286743,0.16753,0.014081
1094.2465286254883,0.16849,0.014022
1094.2950568199158,0.16857,0.014016
1094.351933479309,0.17077,0.014076
1094.3969814777374,0.17076,0.014072
1094.449835062027,0.17167,0.014067
1094.4989039897919,0.17269,0.014089
1094.5518403053284,0.17395,0.013997
1094.6026351451874,0.17495,0.014083
1094.6544389724731,0.17712,0.014118
1094.705628156662,0.1772,0.014123
1094.7556767463684,0.178,0.014058
1094.804270029068,0.179,0.014115
1094.8545382022858,0.18023,0.014061
1094.9043319225311,0.18117,0.014053
1094.9566881656647,0.1822,0.014073
1095.0044572353363,0.18241,0.014125
1095.0549757480621,0.18432,0.014074
1095.1077513694763,0.18552,0.014119
1095.1590452194214,0.18664,0.014074
1095.2088384628296,0.1874,0.014121
1095.2599983215332,0.18849,0.01407
